-86.5933698659789,-67.0463492609825,-118.653212620183,-178.028634867096,-85.3254355460252,-350.495525824246,-72.2958170688818,-79.8008906968447,-68.2699172954486,-81.7832108182666,-394.116405178696,-89.3035463501836,-106.903012462193,-49.7648393116276,-235.99322406676,-43.5686648933086,-79.5945266912943,-161.630033640628,-232.403226326094,-96.0402710282939,-321.394917789505,-94.5195302660024,-149.750223483858,-88.0973685678892,-169.36456002794,-107.605357927904,-169.568784471711,-178.12083920535,-85.9503630284931,-246.718842214842,-201.892609849564
-3.06555989119876,11.8162735564477,-18.2796330871023,-92.3506437745388,31.6161303248247,-53.0976041612312,6.17222032260334,-45.1415641101566,-39.0782724549914,-26.776684148064,-210.381107637784,-41.9438175957435,-55.5692521424783,-6.29302002628714,-50.0664679645604,-22.1200142275675,-4.08714284290048,-87.3844146396777,-88.676270524644,10.609750694196,-85.348450552872,5.41746483269101,-99.3470909697751,15.3293147541169,-57.5029887726126,-56.373627797974,-109.291386013047,-128.227069796738,33.9031079666272,-64.2964056999067,-201.892609849564
-3.06555989119876,11.8162735564477,0.664411759407216,-50.1563641386686,31.6161303248247,-42.2926980862854,6.17222032260334,-30.9204594451314,-27.9946234711518,-12.7632437798116,-192.147849439195,-41.9438175957435,-9.65149513229922,-6.29302002628714,-50.0664679645604,-1.32470921089534,-1.78644022224906,-87.3844146396777,-66.6221737410304,12.436094489517,-85.348450552872,9.83394054181206,-86.7650880214106,38.9337721693805,-53.5473203026512,7.13988633908516,-60.939306933676,-66.2656351433968,33.9031079666272,-39.165692288452,-157.098055155663
-3.06555989119876,11.8162735564477,4.90459764653028,-50.1563641386686,31.6161303248247,-34.6438098446777,6.17222032260334,22.7752177910542,-18.0996190199696,17.5773718314571,-134.360696726916,-23.3897564026354,-9.65149513229922,18.0079181760726,-36.6704040803571,5.427879621134,25.7006853425158,-50.1437120148326,-66.6221737410304,12.436094489517,-85.348450552872,29.0354437637609,-86.7650880214106,38.9337721693805,-46.0158608216611,7.13988633908516,-60.939306933676,-42.7623831638499,33.9031079666272,-39.165692288452,-124.047114022611
-3.06555989119876,11.8162735564477,4.90459764653028,-50.1563641386686,31.6161303248247,-34.6438098446777,6.17222032260334,33.0189752932281,-18.0996190199696,28.8030520884261,-134.360696726916,-23.3897564026354,-9.65149513229922,18.0079181760726,-36.6704040803571,5.427879621134,25.7006853425158,-50.1437120148326,-25.2561025699301,12.436094489517,-85.348450552872,29.0354437637609,-17.0060102663348,38.9337721693805,-21.683094572221,7.13988633908516,-60.939306933676,-42.7623831638499,33.9031079666272,-39.165692288452,-124.047114022611
-3.06555989119876,11.8162735564477,4.90459764653028,-28.6804815424927,31.6161303248247,-34.6438098446777,13.1419100224811,33.0189752932281,2.2073718219813,28.8030520884261,-126.553495782864,-17.2115656446902,7.22945223354904,18.0079181760726,-21.7270470524408,6.33536399260954,25.7006853425158,-19.8317485365327,-25.2561025699301,12.436094489517,-84.5646637014439,29.0354437637609,-17.0060102663348,42.7942329712763,-21.683094572221,7.13988633908516,-31.8519480971124,-42.7623831638499,33.9031079666272,-39.0140100800368,-104.158319597015
-0.750725686409798,16.1119365579056,4.90459764653028,-22.313071536666,31.6161303248247,-34.6438098446777,13.1419100224811,33.0189752932281,2.2073718219813,28.8030520884261,-126.553495782864,-6.13415655861831,7.22945223354904,19.1677533849028,-21.7270470524408,6.33536399260954,28.4704793165151,-19.8317485365327,-25.2561025699301,12.436094489517,-84.5646637014439,29.0354437637609,-17.0060102663348,42.7942329712763,-21.683094572221,7.13988633908516,-31.8519480971124,-42.7623831638499,42.5077310660337,-39.0140100800368,-104.158319597015
-0.750725686409798,16.1119365579056,4.90459764653028,-18.0871509177347,31.6161303248247,35.1610457006851,13.1419100224811,33.0189752932281,9.59490055504562,28.8030520884261,-126.553495782864,-6.13415655861831,7.22945223354904,20.4473301372573,-21.7270470524408,6.33536399260954,28.4704793165151,-19.8317485365327,-25.2561025699301,12.436094489517,-84.5646637014439,29.0354437637609,-17.0060102663348,42.7942329712763,-21.683094572221,7.13988633908516,-31.8519480971124,-23.6827752887488,42.5077310660337,-39.0140100800368,-104.158319597015
-0.750725686409798,16.1119365579056,4.90459764653028,-18.0871509177347,31.6161303248247,35.1610457006851,15.6079816597627,33.0189752932281,9.59490055504562,33.9275056979399,-126.553495782864,-6.13415655861831,7.22945223354904,20.4473301372573,-20.1073971241898,6.33536399260954,28.4704793165151,-19.8317485365327,-25.2561025699301,14.9429525358401,-77.8472328200539,29.0354437637609,-17.0060102663348,46.977707776707,-6.14498064564746,7.13988633908516,-31.8519480971124,-23.6827752887488,42.5077310660337,-12.183564944384,-71.5394554156157
-0.750725686409798,23.7231622219891,4.90459764653028,-14.7393963954602,31.6161303248247,35.1610457006851,29.8863880777467,33.0189752932281,9.59490055504562,33.9275056979399,-113.560797725736,-6.13415655861831,7.22945223354904,20.4473301372573,-13.4223218834167,6.33536399260954,37.0468735763907,-19.8317485365327,-21.7600864676929,18.2803127980241,-8.2087604049536,30.055987376822,-17.0060102663348,46.977707776707,4.91458290312375,7.13988633908516,-31.8519480971124,-2.21265741408909,42.5077310660337,6.93347239748766,-71.5394554156157
-0.750725686409798,23.7231622219891,26.992721337652,-14.7393963954602,31.6161303248247,35.1610457006851,29.8863880777467,35.6629547604906,13.1905780483913,44.2048382367292,-113.560797725736,-0.642103602846809,7.22945223354904,20.4473301372573,-13.4223218834167,8.43334368221999,37.0468735763907,-19.8317485365327,-21.7600864676929,18.2803127980241,-8.2087604049536,30.055987376822,-12.1250940685912,46.977707776707,4.91458290312375,7.13988633908516,-31.8519480971124,23.2378810102888,42.5077310660337,6.93347239748766,-71.5394554156157
4.18444482351246,23.7231622219891,26.992721337652,-14.7393963954602,31.6161303248247,35.1610457006851,29.8863880777467,35.6629547604906,16.5248567576818,44.2048382367292,-105.277982254399,0.813252536955382,7.22945223354904,20.4473301372573,4.70428723429276,10.4198093134796,37.0468735763907,4.80641190286794,4.8462753917686,18.2803127980241,-8.2087604049536,32.9139759487922,-12.1250940685912,52.096698345468,4.91458290312375,7.13988633908516,-28.7138621796742,23.2378810102888,42.5077310660337,8.96600880412794,-27.1320249716922
16.6715314871247,32.0655920205858,26.992721337652,-11.1376299772461,31.6161303248247,35.1610457006851,29.8863880777467,35.6629547604906,16.5248567576818,54.3628911502175,-37.8931987105743,0.813252536955382,7.22945223354904,23.1107064183356,23.0784386530461,27.0527896543803,39.7156269542831,4.80641190286794,20.2120571294855,25.7635115880675,8.0274590959683,32.9139759487922,1.506418045806,57.475251697813,7.61106916630374,7.13988633908516,-28.7138621796742,26.6805626775241,42.9891419550663,10.7335614125788,-20.1789440827741
16.6715314871247,32.0655920205858,26.992721337652,-11.1376299772461,31.6161303248247,35.1610457006851,29.8863880777467,35.6629547604906,16.5248567576818,54.3628911502175,-37.8931987105743,12.954120674697,7.22945223354904,23.1107064183356,23.0784386530461,27.0527896543803,39.7156269542831,8.00957024874641,25.9356821293222,25.7635115880675,8.0274590959683,32.9139759487922,1.506418045806,57.475251697813,7.61106916630374,9.06890613642113,-28.7138621796742,33.8288856675991,42.9891419550663,10.7335614125788,-20.1789440827741
16.6715314871247,32.7375910364056,26.992721337652,-11.1376299772461,33.7373027797292,35.1610457006851,29.8863880777467,35.6629547604906,16.5248567576818,54.3628911502175,-37.8931987105743,12.954120674697,7.22945223354904,34.3931664970585,26.0916284188287,27.0527896543803,39.7156269542831,8.00957024874641,25.9356821293222,25.7635115880675,8.0274590959683,32.9139759487922,1.506418045806,57.475251697813,7.61106916630374,9.06890613642113,-16.9354814186135,33.8288856675991,43.0276225754579,10.7335614125788,-20.1789440827741
16.6715314871247,32.7375910364056,26.992721337652,-11.1376299772461,34.0538394844023,35.1610457006851,29.8863880777467,37.5750512737652,16.5248567576818,54.3628911502175,-14.00922412445,29.077736544189,7.22945223354904,34.3931664970585,50.7860674318186,27.0527896543803,39.7156269542831,8.00957024874641,33.8578009055379,26.187341330163,12.2007119702357,34.0413252732633,1.506418045806,57.475251697813,7.61106916630374,9.06890613642113,-16.9354814186135,38.0488503606723,43.0276225754579,11.7361154802048,-20.1789440827741
16.6715314871247,32.7375910364056,26.992721337652,-11.1376299772461,34.0538394844023,35.1610457006851,29.8863880777467,38.0587993088948,21.4768981071447,54.3628911502175,-14.00922412445,31.7775511950516,7.22945223354904,34.3931664970585,50.7860674318186,35.0807487194408,39.7156269542831,8.00957024874641,33.8578009055379,26.187341330163,12.2007119702357,34.0413252732633,17.2539954059448,57.475251697813,7.61106916630374,9.06890613642113,-16.9354814186135,38.0488503606723,44.8294075459018,11.7361154802048,-20.1789440827741
19.335793296882,32.7375910364056,26.992721337652,-8.42187490195532,35.0286022389206,37.6125974459582,29.8863880777467,38.0587993088948,21.4768981071447,54.9197559491705,11.9748656379518,31.7775511950516,7.22945223354904,37.2565827121344,50.7860674318186,35.0807487194408,43.2616378098092,17.7333627855576,33.8578009055379,30.3694338358477,28.3766265930865,34.5451032893759,17.2539954059448,57.475251697813,7.61106916630374,9.06890613642113,3.03867071927164,38.0488503606723,48.0660086776178,14.8774368696019,-20.1789440827741
19.335793296882,32.7896294494283,26.992721337652,-7.31423744445525,35.3819696776413,38.142407831558,30.6772165749967,42.5933737494149,21.4768981071447,54.9197559491705,11.9748656379518,32.706636448339,7.22945223354904,37.2565827121344,50.7860674318186,35.0807487194408,43.2616378098092,17.7333627855576,33.8578009055379,32.5550709476606,30.7176238530279,34.5451032893759,19.2259887420367,57.475251697813,20.2272426910504,9.06890613642113,26.6744144439795,42.0389469240074,48.0660086776178,14.8774368696019,-20.1789440827741
19.335793296882,32.7896294494283,26.992721337652,-7.31423744445525,35.3819696776413,38.142407831558,31.210630036036,43.0017802509991,21.4768981071447,57.6340481966865,11.9748656379518,36.8376627820815,7.63025003759611,37.2565827121344,50.7860674318186,39.3852826399328,43.2616378098092,29.4378172994131,33.8578009055379,32.5550709476606,30.7176238530279,34.5451032893759,23.1916258898757,57.475251697813,20.2272426910504,9.06890613642113,26.6744144439795,42.0389469240074,48.0660086776178,14.8774368696019,-20.1789440827741
19.335793296882,32.7896294494283,26.992721337652,-4.32217383155826,35.9788793254851,38.142407831558,31.210630036036,43.0017802509991,21.4768981071447,57.6340481966865,11.9748656379518,36.8376627820815,7.63025003759611,37.2565827121344,50.7860674318186,39.3852826399328,43.2616378098092,29.4378172994131,33.8578009055379,32.5550709476606,30.7176238530279,34.5451032893759,23.1916258898757,57.475251697813,26.3197073378501,16.2617561334138,29.2050752918178,42.0389469240074,48.0660086776178,14.8774368696019,-20.1789440827741
21.8357828772113,32.8231344099424,26.992721337652,-3.10171578116388,35.9788793254851,38.142407831558,41.9692696172815,43.0017802509991,21.4768981071447,57.6340481966865,11.9748656379518,36.8376627820815,7.63025003759611,39.5112970698515,52.026770497589,39.3852826399328,43.2616378098092,29.4378172994131,33.8578009055379,32.5550709476606,30.7176238530279,36.6105406224339,23.1916258898757,57.475251697813,26.3197073378501,16.2617561334138,42.2379873397304,42.0389469240074,49.7273300225709,16.4564517855772,6.87151571526199
22.0162513399651,32.8231344099424,35.6678915112611,-3.10171578116388,39.6875352193299,38.142407831558,41.9692696172815,43.0017802509991,21.4768981071447,58.28584441373,11.9748656379518,38.0676112121247,17.310093791406,39.5112970698515,52.026770497589,39.3852826399328,43.2616378098092,29.4378172994131,33.8578009055379,32.5550709476606,30.7176238530279,36.6105406224339,23.1916258898757,57.475251697813,26.3197073378501,16.2617561334138,42.2379873397304,45.9673774310016,49.7273300225709,16.4564517855772,6.87151571526199
22.0162513399651,32.8231344099424,35.6678915112611,-1.71575605798565,39.6875352193299,38.142407831558,41.9692696172815,43.0017802509991,21.4768981071447,58.28584441373,19.6324291713833,38.0676112121247,17.310093791406,39.5112970698515,52.026770497589,39.3852826399328,43.2616378098092,29.4378172994131,33.8578009055379,32.5550709476606,57.4086483960591,36.6105406224339,23.1916258898757,57.475251697813,26.3197073378501,17.8443917974446,45.9759515183698,45.9673774310016,49.7273300225709,18.3091001612439,6.87151571526199
22.0162513399651,32.8231344099424,35.6678915112611,-1.71575605798565,43.1410757703719,38.142407831558,41.9692696172815,43.0017802509991,21.4768981071447,58.28584441373,19.6324291713833,38.0676112121247,25.1774825516573,39.5112970698515,52.026770497589,41.0307714930295,43.2616378098092,30.8400860215464,36.6820159587057,32.5550709476606,57.4086483960591,37.4293067577859,25.2379787293104,57.475251697813,26.3197073378501,22.6304495254054,45.9759515183698,47.2576048593451,51.9519664594083,19.1777396883009,7.65161913384878
22.8946832061273,33.1980874301434,48.7547589716161,-1.71575605798565,43.1410757703719,38.142407831558,42.0739577086531,43.0017802509991,23.5208216924757,58.5653623322844,19.6324291713833,38.0676112121247,32.8992453023005,39.5112970698515,52.026770497589,41.0307714930295,43.2616378098092,37.2127450230247,36.6820159587057,35.2147104968501,57.4086483960591,37.4293067577859,25.2379787293104,58.9733644120832,26.3197073378501,22.6304495254054,45.9759515183698,47.2576048593451,51.9519664594083,19.1777396883009,7.65161913384878
24.1924879251312,33.1980874301434,48.7547589716161,-1.71575605798565,43.1410757703719,38.142407831558,42.0739577086531,43.0017802509991,23.5208216924757,58.5653623322844,23.8501137190906,38.0676112121247,32.8992453023005,39.5112970698515,52.5783727930556,41.0307714930295,43.2854884907066,42.2669089786617,36.6820159587057,36.5529025131983,57.4086483960591,37.7120136741946,25.2379787293104,58.9733644120832,26.3197073378501,22.6304495254054,45.9759515183698,47.2576048593451,53.1778349722507,20.2561360253095,8.79820104039988
24.1924879251312,43.4565607232763,48.7547589716161,-1.71575605798565,43.1410757703719,40.9865542753661,42.0739577086531,43.0017802509991,23.5208216924757,59.099613878867,25.0988854409205,40.8266333231973,41.158907922597,39.5112970698515,52.5783727930556,41.7811387041713,44.0281166986066,42.2669089786617,36.6820159587057,36.5529025131983,57.4086483960591,37.7120136741946,25.2379787293104,58.9733644120832,26.3197073378501,22.6304495254054,45.9759515183698,47.2576048593451,53.1778349722507,22.9977593981633,26.2352313289741
25.095744921782,46.9395065776452,48.7547589716161,9.52470058898086,43.1410757703719,40.9865542753661,42.0739577086531,43.0017802509991,23.5208216924757,59.099613878867,25.0988854409205,40.9979185672451,41.158907922597,39.5112970698515,52.5783727930556,41.7811387041713,44.0281166986066,49.4467563119061,36.6820159587057,40.8647911270212,57.4086483960591,37.7120136741946,25.2379787293104,58.9733644120832,26.3197073378501,22.6304495254054,45.9759515183698,47.2576048593451,53.1778349722507,22.9977593981633,26.2352313289741
25.095744921782,46.9395065776452,48.7547589716161,9.52470058898086,43.1410757703719,40.9865542753661,42.0739577086531,43.0017802509991,23.5208216924757,59.099613878867,25.0988854409205,40.9979185672451,41.158907922597,39.5112970698515,52.5783727930556,41.7811387041713,44.0281166986066,49.4467563119061,36.6820159587057,40.8647911270212,57.4086483960591,38.257705746254,25.2379787293104,58.9733644120832,26.3197073378501,22.6304495254054,45.9759515183698,47.2576048593451,53.1778349722507,23.2602367231881,26.2352313289741
25.095744921782,46.9395065776452,48.7547589716161,9.52470058898086,43.1410757703719,40.9865542753661,42.0739577086531,43.8622829439593,23.5208216924757,59.099613878867,27.7377924807485,42.1690356162122,41.158907922597,39.5112970698515,52.5783727930556,41.7811387041713,44.8218428928523,49.4467563119061,36.6820159587057,40.8647911270212,57.4086483960591,38.257705746254,25.2379787293104,58.9733644120832,26.3197073378501,22.6304495254054,45.9759515183698,47.2576048593451,53.1778349722507,23.6368871040866,26.2352313289741
31.850199023539,46.9395065776452,48.7547589716161,9.52470058898086,43.9125459520796,40.9865542753661,44.7127622729654,43.8622829439593,27.3622020148753,59.2028675016569,27.7377924807485,44.0196634088872,41.158907922597,39.5112970698515,52.5783727930556,41.7811387041713,44.8218428928523,49.4467563119061,36.6820159587057,40.8647911270212,57.4086483960591,38.257705746254,25.2379787293104,58.9733644120832,26.3197073378501,24.7574245996568,46.9933420787062,47.2576048593451,54.1277663094283,23.6368871040866,26.2352313289741
36.025232287755,46.9395065776452,48.7547589716161,9.52470058898086,47.478309339126,42.5541178650956,44.7127622729654,43.8622829439593,27.3622020148753,59.2028675016569,27.7377924807485,44.0196634088872,41.158907922597,39.5112970698515,52.5783727930556,41.7811387041713,44.8218428928523,57.2346724212769,36.6820159587057,40.8647911270212,57.4086483960591,38.257705746254,25.2379787293104,58.9733644120832,29.358402449077,27.5684948776529,47.0405661346669,48.9812402916659,54.1277663094283,23.8403835722555,26.2352313289741
36.025232287755,46.9395065776452,51.9494213322985,9.52470058898086,47.478309339126,43.0126071549325,44.7127622729654,43.8622829439593,28.4242557000608,60.6216886232178,27.7377924807485,48.3463623682492,41.158907922597,43.3727054634856,53.4796490071223,42.190569044486,44.8218428928523,57.7103964844711,36.6820159587057,40.8647911270212,57.4086483960591,38.2688530848107,25.2949459555269,58.9733644120832,29.358402449077,27.5684948776529,47.0405661346669,48.9812402916659,54.1277663094283,23.8403835722555,26.2352313289741
36.025232287755,47.2342269150279,51.9494213322985,9.52470058898086,48.9312425102992,43.0126071549325,44.7676691218563,44.0750786578339,28.7424656352057,63.1983446518158,27.7377924807485,48.3463623682492,41.158907922597,43.3727054634856,53.4796490071223,42.190569044486,44.8218428928523,57.7103964844711,36.6820159587057,40.8647911270212,57.4086483960591,38.2688530848107,30.7002540338459,58.9733644120832,29.358402449077,27.5684948776529,47.6440600823977,48.9812402916659,54.1277663094283,23.8403835722555,26.2352313289741
36.6766258465062,47.2342269150279,51.9494213322985,9.52470058898086,48.9312425102992,43.0126071549325,44.7676691218563,44.0750786578339,28.7424656352057,63.1983446518158,33.1126189445111,48.3463623682492,41.158907922597,45.7122160958652,53.4796490071223,42.190569044486,44.9257913597102,57.7103964844711,36.6820159587057,40.8647911270212,57.4086483960591,38.6669644314382,30.7002540338459,58.9733644120832,29.358402449077,27.5684948776529,47.6440600823977,48.9812402916659,54.3428049298399,23.8403835722555,26.2352313289741
36.6766258465062,53.0244512046233,51.9494213322985,9.52470058898086,48.9312425102992,43.0126071549325,44.7676691218563,44.0750786578339,29.4457892469511,63.6870087221009,33.1126189445111,48.3463623682492,41.158907922597,46.4891283786843,53.4796490071223,42.190569044486,47.0480947291885,58.9426472995899,36.7669975432003,40.8647911270212,57.4086483960591,38.6669644314382,30.7002540338459,60.3861914008505,29.358402449077,27.5684948776529,47.6440600823977,50.9855820778334,54.3428049298399,23.8403835722555,26.2352313289741
36.6766258465062,54.0668668884249,51.9494213322985,9.52470058898086,48.9312425102992,43.0126071549325,44.7676691218563,44.0750786578339,29.4457892469511,63.6870087221009,33.1126189445111,48.370089234951,42.2587596570471,46.4891283786843,53.4796490071223,43.7011659852622,47.0480947291885,58.9426472995899,42.473756585468,41.3458450917033,57.4086483960591,38.6669644314382,35.6812157709661,61.9219216856038,29.358402449077,31.289284540734,47.6440600823977,50.9855820778334,54.3428049298399,23.8403835722555,26.2352313289741
36.6766258465062,54.0668668884249,51.9494213322985,12.3546986545036,49.4723055955905,43.0126071549325,44.7676691218563,44.0750786578339,29.4457892469511,63.6870087221009,33.1126189445111,48.370089234951,42.2587596570471,46.4891283786843,53.4796490071223,43.7011659852622,47.0480947291885,58.9426472995899,42.473756585468,41.3458450917033,57.4086483960591,38.9192866783443,35.6812157709661,61.9219216856038,33.1375173037364,31.5176501245444,47.6894006731008,50.9855820778334,54.3428049298399,23.8403835722555,26.2352313289741
36.6766258465062,54.0668668884249,51.9494213322985,12.3546986545036,49.4723055955905,43.0126071549325,51.0690292790734,44.0750786578339,29.4457892469511,65.2940680620139,39.7760278486665,49.9728319701761,42.2587596570471,50.2605285789268,53.8079160531566,45.1950515955381,48.312410745752,58.9426472995899,45.5158504102257,42.2266319152274,57.4086483960591,39.0903875881676,37.6110602938512,62.1723215368475,33.1375173037364,31.5176501245444,47.6894006731008,50.9855820778334,54.3428049298399,23.8403835722555,33.6553091445923
36.6766258465062,54.0668668884249,51.9494213322985,12.3546986545036,49.4723055955905,43.0126071549325,51.0690292790734,44.0750786578339,29.4457892469511,65.2940680620139,39.7760278486665,50.8653865389448,42.6861292881072,50.2605285789268,54.1666313379501,46.247269442548,48.312410745752,58.9426472995899,46.6335432778131,42.2266319152274,57.4086483960591,39.0903875881676,43.5268688125086,62.9996124053582,36.107658444219,31.5176501245444,48.0192211382315,50.9855820778334,54.3428049298399,23.8403835722555,33.6553091445923
37.193091598672,54.0668668884249,51.9494213322985,17.5886977441632,49.4723055955905,43.0126071549325,51.0690292790734,44.0750786578339,29.4457892469511,65.2940680620139,39.7760278486665,50.8653865389448,43.0789684872202,50.2605285789268,54.1666313379501,46.247269442548,48.312410745752,58.9426472995899,46.6335432778131,42.2266319152274,57.4086483960591,39.1792743569953,43.5268688125086,62.9996124053582,36.107658444219,32.5537628326874,48.1687240314032,51.1178953731868,54.3428049298399,23.9933711355174,33.6553091445923
37.193091598672,54.0668668884249,51.9494213322985,20.2791183146565,49.4723055955905,45.2444667719597,51.0690292790734,44.0750786578339,31.3642660881985,65.2940680620139,39.7760278486665,50.8653865389448,43.0789684872202,50.2605285789268,54.3334420086556,47.3918419008072,48.4978263071732,58.9426472995899,47.3750147915515,42.2266319152274,57.4086483960591,39.1792743569953,43.5268688125086,62.9996124053582,36.107658444219,32.5537628326874,48.1687240314032,51.440218648343,54.3428049298399,23.9933711355174,35.3413568317154
41.2204972489219,54.0668668884249,51.9494213322985,23.5010704794281,50.8536296966549,45.2444667719597,51.0690292790734,44.0920690553865,32.2476433368413,65.2940680620139,39.7760278486665,50.8653865389448,44.7402676083796,50.2605285789268,54.3334420086556,47.3918419008072,48.4978263071732,58.9426472995899,47.3976381923527,42.2555070427728,57.4086483960591,39.1792743569953,43.5268688125086,62.9996124053582,36.107658444219,32.5537628326874,48.1687240314032,51.440218648343,54.3428049298399,23.9933711355174,35.3413568317154
41.2204972489219,54.0668668884249,51.9494213322985,23.5010704794281,51.7033880669603,45.2444667719597,51.0690292790734,44.0920690553865,32.2476433368413,65.2940680620139,39.7760278486665,50.8653865389448,44.7402676083796,50.2605285789268,54.3334420086556,47.3918419008072,48.4978263071732,58.9426472995899,47.3976381923527,42.2555070427728,58.063620210251,39.1792743569953,43.5268688125086,62.9996124053582,36.107658444219,32.5537628326874,48.1687240314032,51.65490319735,54.3905125278435,24.0407788080264,35.3413568317154
41.2204972489219,54.0668668884249,52.0408660959568,29.418371504333,51.7033880669603,46.4627492078035,51.0690292790734,44.3007307285579,32.2476433368413,65.8765759858999,39.7760278486665,51.6800049067032,44.7402676083796,50.3222311687595,54.3334420086556,50.195131092678,48.4978263071732,58.9426472995899,47.7003999053746,42.2555070427728,58.063620210251,39.30649470532,43.5268688125086,63.0241303578704,36.107658444219,32.5537628326874,48.2894667064683,51.65490319735,54.3905125278435,24.9051656659643,35.3413568317154
41.2204972489219,54.0668668884249,52.0408660959568,29.418371504333,51.8551975527249,46.4627492078035,51.0690292790734,44.3132035224435,32.2476433368413,66.2098936667293,39.7760278486665,51.6800049067032,44.7402676083796,50.3222311687595,54.7104258456677,50.195131092678,48.4978263071732,58.9426472995899,47.7176500788773,42.2555070427728,58.063620210251,39.30649470532,45.4737629641293,63.065733855949,36.107658444219,32.5537628326874,48.2894667064683,51.65490319735,54.3905125278435,25.0764238068259,35.3413568317154
41.2204972489219,56.0705666253184,52.0408660959568,29.418371504333,51.8551975527249,46.4627492078035,51.0690292790734,44.3132035224435,32.3104525444544,66.2098936667293,39.7760278486665,51.6800049067032,45.3848264960021,50.3222311687595,54.7104258456677,50.195131092678,48.4978263071732,58.9426472995899,47.7176500788773,42.2555070427728,58.063620210251,39.30649470532,45.4737629641293,63.065733855949,36.4646977112741,32.5537628326874,48.2894667064683,51.65490319735,54.3905125278435,25.0764238068259,39.0860095070322
41.2204972489219,58.4646217572514,52.0408660959568,33.3046221102076,51.8551975527249,46.4627492078035,51.1631907283497,44.3132035224435,32.3104525444544,66.4800285959475,39.7760278486665,51.6800049067032,45.3848264960021,50.3222311687595,54.7104258456677,50.195131092678,48.4978263071732,58.9426472995899,47.7176500788773,42.3025429044832,58.063620210251,39.3851033071175,45.4737629641293,63.065733855949,36.4646977112741,32.5537628326874,48.2894667064683,51.65490319735,54.3905125278435,25.0764238068259,39.0860095070322
41.9164857969891,58.4646217572514,52.0408660959568,33.3046221102076,52.544277559979,47.168871979413,51.5988632806884,44.437235003735,34.5723918581338,66.4800285959475,39.7760278486665,51.6800049067032,47.2868555174878,50.3222311687595,54.9437823693544,50.195131092678,48.8870740320384,58.9426472995899,49.8812473189031,42.3025429044832,58.063620210251,39.3851033071175,46.0571858272784,63.065733855949,36.4693063529905,32.5537628326874,48.2894667064683,51.9533590845522,54.3905125278435,25.0764238068259,39.0860095070322
41.9164857969891,58.4646217572514,52.0408660959568,33.3046221102076,52.544277559979,47.168871979413,51.5988632806884,44.437235003735,34.5723918581338,67.0880291541176,39.7760278486665,52.443152955261,47.2868555174878,50.3222311687595,54.9437823693544,50.195131092678,48.8870740320384,58.9426472995899,49.8812473189031,42.3025429044832,58.063620210251,39.4436523317822,46.0571858272784,63.065733855949,36.4693063529905,33.2622818436058,48.2894667064683,52.078767593542,54.3905125278435,25.1559025886178,39.0860095070322
43.844835578439,58.4646217572514,54.2128317347684,33.3046221102076,52.544277559979,47.168871979413,51.5988632806884,44.4429479686099,34.5723918581338,68.0415766076225,39.7760278486665,52.443152955261,47.2868555174878,50.3222311687595,54.9437823693544,50.195131092678,48.8870740320384,58.9426472995899,49.8812473189031,42.3025429044832,58.063620210251,39.4436523317822,46.7434645172618,63.065733855949,36.4693063529905,33.2622818436058,48.2894667064683,52.078767593542,54.3905125278435,25.1559025886178,39.0860095070322
44.1696863358145,58.4646217572514,54.2128317347684,33.3046221102076,52.6134971441092,47.168871979413,51.5988632806884,44.4429479686099,34.5723918581338,68.1076914035089,39.7760278486665,52.443152955261,48.7872711693632,50.3222311687595,54.9437823693544,50.937924821515,48.8870740320384,59.0053629371051,51.1682786151695,42.3025429044832,58.063620210251,39.4436523317822,46.7434645172618,63.1576068512447,36.4693063529905,33.2622818436058,48.2894667064683,52.1929824227825,54.3905125278435,25.9864053830528,39.0860095070322
44.1696863358145,58.4646217572514,54.2128317347684,33.3046221102076,53.2227504712281,47.168871979413,51.5988632806884,44.4429479686099,34.5723918581338,68.3786108603891,39.7760278486665,52.443152955261,48.7872711693632,50.3222311687595,54.9437823693544,50.937924821515,48.8870740320384,59.0053629371051,51.1682786151695,44.9121952081263,58.063620210251,39.5116902941204,46.7434645172618,63.1576068512447,38.2543157561259,33.2622818436058,48.2894667064683,52.1929824227825,55.0015074371611,25.9864053830528,43.0247458677811
44.1696863358145,58.5194680016808,54.2128317347684,33.3046221102076,53.2227504712281,47.3916279110155,51.5988632806884,44.4493718631595,35.7653254923303,68.3786108603891,39.7760278486665,52.443152955261,48.7872711693632,50.3222311687595,54.9437823693544,50.937924821515,48.8870740320384,60.167465979255,51.1682786151695,44.9121952081263,58.063620210251,39.5906257815486,46.7434645172618,63.1576068512447,38.2543157561259,33.2622818436058,48.374965211837,52.1929824227825,55.0015074371611,25.9864053830528,43.0247458677811
44.2028507722698,58.5194680016808,54.2128317347684,33.3046221102076,53.2227504712281,47.3916279110155,51.8418481839633,44.471533569824,35.7653254923303,68.3786108603891,39.7760278486665,52.443152955261,48.7872711693632,50.3222311687595,54.9437823693544,50.9992187361396,48.8870740320384,60.167465979255,51.7719956243574,44.9121952081263,58.063620210251,39.5906257815486,46.7434645172618,63.1576068512447,38.2543157561259,33.2622818436058,48.374965211837,52.3763575106546,55.1981563755438,25.9864053830528,43.0247458677811
44.2028507722698,58.5194680016808,54.2128317347684,33.3046221102076,53.2227504712281,47.3916279110155,51.8418481839633,44.471533569824,35.7653254923303,68.3786108603891,39.7760278486665,53.0608296051359,49.226412753304,50.3222311687595,54.9437823693544,50.9992187361396,48.9521796521467,60.5194268903227,51.7719956243574,44.9121952081263,58.063620210251,39.6217009428258,46.7434645172618,63.1576068512447,38.560592510053,33.9413453967759,48.374965211837,52.4382966626506,55.3360452837831,26.077765342453,43.0247458677811
44.6295028929872,58.8663745381144,54.4652885880791,33.3046221102076,53.2227504712281,47.3916279110155,51.8418481839633,44.471533569824,35.7653254923303,68.4529622764617,39.7760278486665,53.3639212822961,49.226412753304,51.5403258309645,54.9437823693544,50.9992187361396,48.9521796521467,60.5194268903227,51.7719956243574,44.9121952081263,58.063620210251,39.7078256861088,46.7434645172618,63.1576068512447,38.8755400171393,33.9413453967759,48.374965211837,52.4382966626506,55.3360452837831,26.077765342453,43.0247458677811
44.6295028929872,59.4637400926453,54.4652885880791,33.3046221102076,53.2227504712281,47.3916279110155,52.7224428906758,44.482027497838,35.7653254923303,68.4529622764617,39.7760278486665,53.3639212822961,49.226412753304,51.5403258309645,55.1401720762945,51.5747157697675,48.9521796521467,60.5194268903227,53.4128112823547,44.9121952081263,58.063620210251,39.7078256861088,46.7434645172618,63.1600827589704,38.8755400171393,34.2047472288756,48.374965211837,52.4382966626506,55.3360452837831,26.077765342453,43.0247458677811
45.518186967906,59.4637400926453,54.4652885880791,33.3046221102076,53.2227504712281,47.3916279110155,52.7224428906758,44.482027497838,35.7653254923303,68.4529622764617,39.7760278486665,53.3639212822961,49.226412753304,51.5403258309645,55.1401720762945,51.5747157697675,48.9521796521467,60.5194268903227,53.4128112823547,44.9121952081263,58.1922652723239,39.7883293963672,46.7434645172618,63.577088935078,38.8755400171393,34.2047472288756,48.374965211837,52.4382966626506,55.4103731191737,26.077765342453,43.0247458677811
45.518186967906,60.3324758712652,54.4652885880791,33.5713988098939,53.2227504712281,47.7243068253031,52.7224428906758,44.5417605426803,35.7653254923303,68.5492361430683,39.7760278486665,53.5279951403291,49.226412753304,52.1251008147867,56.2385376516592,51.7487771410267,49.0260631898953,60.5194268903227,55.8929255203835,44.9121952081263,58.1922652723239,39.9305138914433,46.7434645172618,63.577088935078,38.8755400171393,34.2047472288756,48.374965211837,52.4382966626506,55.4103731191737,26.077765342453,43.0247458677811
45.518186967906,60.3324758712652,54.4652885880791,33.5713988098939,53.2859024638941,47.7243068253031,52.7224428906758,44.5582091619831,35.7653254923303,68.5492361430683,39.7760278486665,53.7877913829246,49.6572433959034,52.1251008147867,57.0960361218672,51.7487771410267,49.0260631898953,60.5194268903227,55.8929255203835,44.9121952081263,58.1922652723239,39.9305138914433,46.7434645172618,63.7708137490511,38.8755400171393,34.2236768332144,48.4340209869039,52.4608646575486,55.514446483378,26.077765342453,43.0247458677811
45.518186967906,60.3324758712652,54.4652885880791,33.5713988098939,53.2859024638941,47.7824001259052,52.7224428906758,44.5694320196782,35.7653254923303,68.5492361430683,39.7760278486665,53.7877913829246,49.6572433959034,52.1251008147867,57.0960361218672,51.7800083609574,49.0260631898953,60.5194268903227,55.8929255203835,44.9121952081263,58.1922652723239,40.0418781015288,46.7434645172618,63.7708137490511,39.0540269884232,34.2981955916037,48.4340209869039,52.4608646575486,55.5291448906761,26.077765342453,43.0247458677811
45.518186967906,61.0255754464109,54.4652885880791,33.5713988098939,53.2859024638941,48.3054898324396,52.9659420735867,44.5995135020916,35.7653254923303,68.5492361430683,39.7760278486665,53.8352922811727,49.6572433959034,52.1866417814595,57.5785731251051,51.7800083609574,49.0260631898953,60.5194268903227,55.8929255203835,44.9121952081263,58.1922652723239,40.1403600985935,46.9924725694944,63.7708137490511,39.0540269884232,34.2981955916037,48.4340209869039,52.4732446896253,55.5291448906761,26.077765342453,43.0247458677811
45.518186967906,61.0255754464109,54.4652885880791,34.4992868766769,53.7050952457237,48.3054898324396,53.0688643627851,44.5995135020916,35.7653254923303,68.5492361430683,39.7760278486665,53.8352922811727,49.6572433959034,52.1866417814595,57.5785731251051,51.7800083609574,49.0260631898953,60.5194268903227,55.8929255203835,44.9121952081263,58.1922652723239,40.1403600985935,46.9924725694944,63.7708137490511,39.0540269884232,34.3356678718816,48.4340209869039,52.4732446896253,55.5743006802267,26.077765342453,43.0247458677811
45.518186967906,61.0255754464109,54.4652885880791,34.4992868766769,53.7504730878677,48.3770680084738,53.0688643627851,44.6155261273773,35.7653254923303,68.5492361430683,39.7760278486665,53.8422805580896,49.6572433959034,52.1866417814595,57.5785731251051,51.7800083609574,49.0616885230202,60.5194268903227,55.8929255203835,44.9121952081263,58.1922652723239,40.4023767612049,46.9924725694944,63.7708137490511,39.0540269884232,35.597645174026,48.4340209869039,52.4732446896253,55.6006123269274,26.077765342453,43.0247458677811
45.518186967906,61.0255754464109,54.5070253221555,34.650831089469,53.7504730878677,48.3770680084738,53.0688643627851,44.6252428936021,35.7653254923303,68.5492361430683,40.6420454224161,53.8422805580896,49.6572433959034,52.1866417814595,57.5785731251051,51.7800083609574,49.0616885230202,60.5194268903227,55.8929255203835,44.9121952081263,58.1922652723239,41.0569851720368,47.3151563496478,63.7708137490511,39.0540269884232,35.597645174026,48.4340209869039,52.4820741515755,55.6006123269274,26.077765342453,43.0247458677811
46.3917138049289,61.0255754464109,54.5070253221555,40.7856237195871,53.7504730878677,48.3770680084738,53.1065047089563,44.6252428936021,35.7653254923303,68.5492361430683,40.6420454224161,54.1275131794808,49.6572433959034,52.1866417814595,57.5785731251051,51.7800083609574,49.1247187413992,60.6597622523789,55.8929255203835,45.0127214854633,58.1922652723239,41.0569851720368,47.3151563496478,63.7708137490511,39.0540269884232,35.6456844388555,48.449846056503,52.4820741515755,55.6006123269274,26.077765342453,43.0247458677811
46.5005623163221,61.0255754464109,54.5070253221555,40.7856237195871,53.7504730878677,48.3770680084738,53.1065047089563,44.6252428936021,35.7653254923303,68.5542504475109,40.6420454224161,54.1275131794808,49.6572433959034,52.1866417814595,57.5974535957152,52.0625329703868,49.1554912919912,60.6597622523789,55.8929255203835,45.0743653222322,58.1922652723239,41.3136639148526,47.3151563496478,63.7708137490511,39.0540269884232,35.6456844388555,48.449846056503,52.4820741515755,55.7631091626899,26.077765342453,48.1058403833608
47.2193868060817,61.0255754464109,55.5724886082409,40.7856237195871,53.7504730878677,48.4049899288269,53.1065047089563,44.6252428936021,35.7653254923303,68.5542504475109,40.6420454224161,54.5187676162165,49.6762104760459,52.5143936756953,57.5974535957152,52.0625329703868,49.1554912919912,60.6597622523789,56.2559139200115,45.0743653222322,58.1922652723239,41.3136639148526,47.3151563496478,63.7708137490511,39.0540269884232,35.6456844388555,48.449846056503,52.5024313995278,55.7631091626899,26.077765342453,48.1058403833608
47.2193868060817,61.0255754464109,56.1143448862284,41.3941086024903,53.7692715057128,48.4049899288269,53.1065047089563,44.6252428936021,35.8663570399574,68.5542504475109,40.6420454224161,54.5187676162165,49.6762104760459,52.5143936756953,57.7508631393802,52.0625329703868,49.395092362763,60.6597622523789,56.2559139200115,45.0743653222322,58.1922652723239,41.3136639148526,47.3151563496478,63.7708137490511,39.0540269884232,35.6456844388555,48.449846056503,52.5024313995278,55.7631091626899,26.077765342453,48.1058403833608
47.2193868060817,61.0255754464109,56.1143448862284,41.3941086024903,53.7816015741412,48.4049899288269,53.1065047089563,44.6252428936021,35.8663570399574,68.5542504475109,40.9983102201178,54.5187676162165,49.6762104760459,52.7683615681736,57.7621012749973,52.0625329703868,49.4723091702247,60.6597622523789,56.2559139200115,45.0743653222322,58.1922652723239,41.4210881557488,47.5242721102345,63.9176628351362,39.1901351493417,36.0162039708059,48.449846056503,52.5024313995278,55.8087275152751,26.077765342453,52.5185228788819
47.2193868060817,61.0255754464109,56.1143448862284,41.3941086024903,53.7816015741412,48.4232119364555,53.1065047089563,44.6410124450837,35.8663570399574,68.5561341785963,40.9983102201178,54.5187676162165,49.794642263619,53.0325281629265,57.7621012749973,52.0625329703868,49.4723091702247,60.6664089524705,56.2559139200115,45.0743653222322,59.8316618362805,41.4210881557488,47.5242721102345,63.9176628351362,39.1901351493417,36.0162039708059,48.449846056503,52.5024313995278,55.8087275152751,26.077765342453,52.5185228788819
47.2193868060817,61.0255754464109,56.1143448862284,43.5390165637863,53.7816015741412,48.4232119364555,53.1065047089563,44.6439435473328,35.9731226230214,68.5561341785963,40.9983102201178,54.7148940562023,49.794642263619,53.0325281629265,57.7621012749973,52.0625329703868,49.4723091702247,60.6664089524705,56.2559139200115,45.2923139532313,59.8316618362805,41.4210881557488,47.5242721102345,63.9176628351362,39.1901351493417,36.2862546053741,48.449846056503,52.5024313995278,55.8087275152751,26.083516521776,52.5185228788819
47.2193868060817,61.0255754464109,56.2222114678022,44.429902068784,53.7816015741412,48.4430625808811,53.1065047089563,44.6439435473328,35.9731226230214,68.5561341785963,40.9983102201178,54.7148940562023,50.064207574234,53.4335187642757,58.0503773078997,52.0729396660175,49.4746251590193,60.6781093175459,56.2559139200115,45.2923139532313,59.8316618362805,41.4210881557488,47.5242721102345,63.9176628351362,39.4920807396942,36.2862546053741,48.449846056503,52.5124429389722,55.8087275152751,26.0877209594022,52.5185228788819
47.2193868060817,61.0255754464109,56.6016569420083,44.429902068784,53.8228703087077,48.4466430772877,53.6125021068776,44.6656787833203,35.9731226230214,68.5646339095738,42.9690157971042,54.7148940562023,50.064207574234,53.4335187642757,58.0503773078997,52.110495164478,49.4746251590193,60.6821840443365,57.1550275707724,45.2923139532313,59.8316618362805,41.4210881557488,47.5242721102345,63.9176628351362,39.666765385743,36.2862546053741,48.449846056503,52.5223924395061,55.8087275152751,26.0877209594022,52.5185228788819
47.2193868060817,61.0255754464109,56.6016569420083,44.429902068784,53.8545222284174,48.4466430772877,53.8022288880784,44.6656787833203,35.9731226230214,68.5646339095738,42.9690157971042,54.7148940562023,50.0724052666626,53.4335187642757,58.1249708867753,52.110495164478,49.4746251590193,60.6821840443365,57.1550275707724,45.2923139532313,59.8316618362805,41.4210881557488,47.5242721102345,63.9176628351362,39.666765385743,37.2468630561478,48.449846056503,52.5241451938663,55.8087275152751,26.0877209594022,52.5185228788819
47.2193868060817,61.0255754464109,56.6016569420083,44.429902068784,53.8545222284174,48.4466430772877,53.8022288880784,44.6656787833203,35.9731226230214,68.5646339095738,42.9690157971042,54.7148940562023,50.7476518873789,53.4677349957936,58.3714633163846,52.110495164478,49.4746251590193,60.7071531159881,57.1550275707724,45.2923139532313,59.8316618362805,41.4210881557488,47.545217497368,64.3132293523092,39.666765385743,37.2468630561478,48.451248400833,52.5241451938663,55.8186137290829,26.0887975202742,52.602815847716
47.9592797353017,61.0255754464109,56.7672093671781,44.429902068784,53.8632436143451,48.4466430772877,53.8022288880784,44.6656787833203,36.007362955055,68.5646339095738,43.4972196442005,54.7373619217912,51.1496698016227,53.4677349957936,58.3714633163846,52.1329367917557,49.4746251590193,60.712048639042,57.1550275707724,45.2923139532313,60.3603767577843,41.4210881557488,47.8532699674078,64.3132293523092,39.9446266740464,37.2468630561478,48.451248400833,52.5244508959373,55.8186137290829,26.0887975202742,52.602815847716
47.9592797353017,61.0255754464109,56.7672093671781,44.429902068784,53.8632436143451,48.4466430772877,53.8022288880784,44.6662323133111,36.007362955055,68.5646339095738,43.4972196442005,54.7505557450872,51.1496698016227,53.4677349957936,58.5319223080812,52.1329367917557,49.4746251590193,60.712048639042,57.1550275707724,45.2923139532313,60.3603767577843,41.4210881557488,47.8532699674078,64.3132293523092,39.9446266740464,37.2468630561478,48.451248400833,52.5244508959373,55.8186137290829,26.0887975202742,52.602815847716
47.9592797353017,61.0255754464109,56.8435224393346,44.429902068784,53.8632451950725,48.4466430772877,53.8022288880784,44.6662323133111,36.007362955055,68.5646339095738,43.4972196442005,54.7505557450872,51.1869109454871,54.4533535017387,58.636950523058,52.1329367917557,49.4746251590193,60.7203501212313,57.1550275707724,45.4955591034135,60.4369376790872,41.4210881557488,48.0047147893139,64.6837478157117,40.2964388920406,37.8364135966478,48.453833978872,52.5244508959373,55.849543130354,26.0887975202742,52.602815847716
47.9592797353017,61.0868247590587,56.8435224393346,44.429902068784,53.8632451950725,48.4478821280051,54.3783221112206,44.6874441915179,36.007362955055,68.5646339095738,43.4972196442005,54.7530338176064,51.3159795447433,54.7430730677446,58.636950523058,52.1329367917557,49.4746251590193,60.7203501212313,57.1550275707724,45.4955591034135,60.7618082667114,41.4893292886221,48.1054731365377,65.092166856948,40.8538274135966,37.8364135966478,48.453833978872,52.5244508959373,55.849543130354,26.0887975202742,52.602815847716
47.9592797353017,61.0868247590587,56.8435224393346,44.429902068784,53.8632451950725,48.4478821280051,54.3879798998751,44.6874441915179,36.0505274520233,68.5646339095738,43.4972196442005,54.7530338176064,51.3159795447433,54.7430730677446,58.8827164777466,52.1329367917557,49.5458420384445,60.7241473596273,57.2436406283129,45.4955591034135,60.7618082667114,41.4893292886221,48.1054731365377,65.092166856948,40.8538274135966,37.9061117426142,48.453833978872,52.5244508959373,55.9065185474555,26.0904016152895,52.602815847716
47.9592797353017,61.0868247590587,56.8935815894352,45.4054669005833,53.8632451950725,48.4478821280051,54.3879798998751,44.6874441915179,36.0505274520233,68.5664913233462,43.5894970712213,54.7935258080438,51.3159795447433,54.932589034161,59.2087037754341,52.1329367917557,49.6319401044293,60.7241473596273,57.2436406283129,45.8887383424187,62.0845724081663,41.4893292886221,48.1064723269269,65.092166856948,40.8538274135966,37.9061117426142,48.4543364452438,52.5343999754816,55.9859406813227,26.0904016152895,53.2542271469833
47.9592797353017,61.0868247590587,56.8935815894352,45.4054669005833,53.9994519035611,48.4478821280051,54.3879798998751,44.6942285558834,36.0505274520233,68.6112958790303,43.5894970712213,54.7935258080438,51.3159795447433,55.6101888861678,59.2087037754341,52.14135583808,49.6319401044293,60.7266359773809,57.2436406283129,45.8887383424187,62.0845724081663,41.4893292886221,48.3811607101861,65.092166856948,40.8538274135966,37.9061117426142,48.4544579798024,52.5345337604158,55.9859406813227,26.0904016152895,54.0771426674982
47.9592797353017,61.0868247590587,56.8935815894352,45.4054669005833,53.9994519035611,48.4478821280051,54.8913672808881,44.6942285558834,36.0653459570735,68.6112958790303,43.5894970712213,54.7935258080438,51.3159795447433,55.6101888861678,59.5535876390449,52.14135583808,49.6319401044293,60.7266359773809,57.2436406283129,45.8887383424187,62.0845724081663,41.4893292886221,48.3811607101861,65.092166856948,40.8538274135966,37.9752214611425,48.4544579798024,52.5345337604158,56.0027352058059,26.0904016152895,54.0771426674982
47.9592797353017,61.0868247590587,56.8935815894352,45.8048935227814,53.9994519035611,48.4478821280051,54.8913672808881,44.6942285558834,36.0653459570735,68.6704413656767,43.5894970712213,54.7935258080438,51.3658527912152,55.6101888861678,59.7871312966158,52.14135583808,49.6319401044293,60.7266359773809,57.2436406283129,45.8887383424187,62.1510203252062,41.5501441735816,48.3811607101861,65.092166856948,40.8538274135966,37.9752214611425,48.4544579798024,52.5345337604158,56.0065584098332,26.0904016152895,54.8456265550821
48.1503003414329,61.6384049161564,56.8935815894352,45.9032371958022,53.9994519035611,48.4478821280051,54.8913672808881,44.7048713018745,36.0856165426678,68.6704413656767,43.5894970712213,54.7935258080438,51.3658527912152,55.6101888861678,59.7871312966158,52.14135583808,49.6319401044293,60.7266359773809,57.2436406283129,45.8887383424187,62.1510203252062,41.5501441735816,48.5057043324716,65.2839794545984,41.3164606656163,37.9752214611425,48.4568534379489,52.5371257347553,56.0065584098332,26.0904016152895,54.8456265550821
48.1503003414329,61.6384049161564,56.9174939230098,45.9032371958022,53.9994519035611,48.5718848438338,54.8913672808881,44.7131591845539,36.2434449237121,68.6704413656767,43.5894970712213,54.8686230293959,51.3658527912152,55.6101888861678,59.9438026378718,52.14135583808,49.6319401044293,60.7299492154707,57.2436406283129,45.8887383424187,62.1510203252062,41.5501441735816,48.5057043324716,65.2839794545984,41.6398508997387,37.9752214611425,48.4568534379489,52.5371257347553,56.0065584098332,26.0904016152895,54.8456265550821
48.2009213843378,61.6384049161564,57.8134119227061,45.9032371958022,54.0973805822407,48.5718848438338,54.8913672808881,44.7131591845539,36.2537433335158,68.6704413656767,43.5894970712213,54.8906901335969,51.3658527912152,55.6101888861678,60.0654116889656,52.14135583808,49.6319401044293,60.7299492154707,57.2436406283129,45.8887383424187,62.1510203252062,41.6643043724733,48.6392531635081,65.2839794545984,41.6398508997387,37.9752214611425,48.4589891958602,52.539205715489,56.0156936297696,26.0904176827626,55.0030350986528
48.2323213307476,61.6384049161564,57.8134119227061,45.9032371958022,54.0973805822407,48.5718848438338,54.8913672808881,44.7157372463142,36.2537433335158,68.6704413656767,43.627978925498,54.8906901335969,51.3946104713298,55.6101888861678,60.0654116889656,52.14135583808,49.6319401044293,60.7299492154707,57.2436406283129,45.8887383424187,62.1510203252062,41.6643043724733,48.724050687559,65.2839794545984,41.8095604138082,37.9752214611425,48.4630189473347,52.5402012173493,56.0156936297696,26.0904176827626,55.0030350986528
48.4122858847985,61.6384049161564,57.8134119227061,45.9032371958022,54.0973805822407,48.5718848438338,54.8913672808881,44.7157372463142,36.2852444646093,68.6913079070568,43.627978925498,54.8906901335969,51.3946104713298,55.6101888861678,60.1622585326325,52.14135583808,49.6319401044293,60.7302583956593,57.3798642004206,45.9063470257812,62.1510203252062,41.6855129427811,48.724050687559,65.2839794545984,41.8836149117603,38.5455954673301,48.4630189473347,52.5402012173493,56.0162691297691,26.090806613206,55.0030350986528
48.7107108849099,61.6384049161564,57.8134119227061,45.9032371958022,54.236618827458,48.5718848438338,54.8913672808881,44.7157372463142,36.2852444646093,68.6913079070568,44.525838173277,54.8906901335969,51.3946104713298,55.6101888861678,60.2759368584565,52.14135583808,49.6319401044293,60.7313272219192,57.3798642004206,45.9063470257812,62.1510203252062,41.7819481396998,48.7779425821749,65.2839794545984,41.9061485651169,38.5455954673301,48.4630189473347,52.5406492168669,56.0162691297691,26.090806613206,55.0030350986528
48.7107108849099,61.6384049161564,57.8198360931698,45.9032371958022,54.236618827458,48.5718848438338,54.8913672808881,44.7164660836086,36.2852444646093,68.6913079070568,44.8113095164557,54.8906901335969,51.3946104713298,55.6101888861678,60.2759368584565,52.14135583808,49.6319401044293,60.7313272219192,57.5594213660597,45.9063470257812,62.1510203252062,41.8432762712128,48.8125033636421,65.2839794545984,42.1337542711341,38.5455954673301,48.4630189473347,52.5408277540374,56.0162691297691,26.090806613206,55.9136197416137
49.0706974453544,61.6384049161564,57.8198360931698,45.9032371958022,54.236618827458,48.5718848438338,54.8913672808881,44.7164660836086,36.288647020193,68.6955184755765,44.8113095164557,54.9540594499565,51.3946104713298,55.6101888861678,60.3482496078143,52.1414913298811,49.6329398167293,60.7313272219192,57.5594213660597,45.9063470257812,62.1510203252062,41.8432762712128,48.8125033636421,65.2839794545984,42.1518589745003,38.5455954673301,48.4630189473347,52.5408277540374,56.0162691297691,26.0910685456218,55.9136197416137
49.0706974453544,61.6384049161564,57.8198360931698,45.9610507942919,54.236618827458,48.5718848438338,54.8913672808881,44.7164660836086,36.288647020193,68.6955184755765,44.8113095164557,54.9540594499565,51.3946104713298,55.6101888861678,60.3482496078143,52.1414913298811,49.6329398167293,60.7313272219192,57.5594213660597,45.915138999977,62.1510203252062,41.8817838522997,49.2553934583346,65.2839794545984,42.1518589745003,38.6412151418998,48.4630189473347,52.5408789814108,56.023925186534,26.0911849838373,55.9136197416137
49.0706974453544,61.6384049161564,57.8198360931698,46.0215554561879,54.236618827458,48.6086823058493,54.9089724719484,44.7172229272022,36.3017019253426,68.6955184755765,44.8113095164557,54.9540594499565,51.3946104713298,55.6204845094908,60.3482496078143,52.1649393058791,49.6329398167293,60.7313272219192,57.5594213660597,45.915138999977,62.1510203252062,41.9059136128644,49.3807259470156,65.2839794545984,42.2309343084638,38.6412151418998,48.4633609560484,52.5408789814108,56.023925186534,26.0911849838373,56.007191380133
49.0706974453544,61.6697735898918,57.8353896165612,46.0215554561879,54.236618827458,48.6086823058493,54.9089724719484,44.7201943976547,36.3017019253426,68.9576537256534,44.8113095164557,54.9744641015236,51.3946104713298,55.6204845094908,60.5825632744099,52.1649393058791,49.6329398167293,60.7313272219192,57.5594213660597,45.915138999977,62.1510203252062,41.9059136128644,49.3807259470156,65.2839794545984,42.2309343084638,38.6412151418998,48.4633609560484,52.5408789814108,56.023925186534,26.0912024567571,56.007191380133
49.0706974453544,61.6697735898918,57.8353896165612,46.0215554561879,54.236618827458,48.6172648466342,54.9089724719484,44.7201943976547,36.3017019253426,68.9576537256534,44.8225753208227,54.9744641015236,51.48177798986,55.6204845094908,60.651887482696,52.1668168372438,49.6329398167293,60.7313272219192,57.5594213660597,45.915138999977,62.1510203252062,42.1911213249778,49.3807259470156,65.2839794545984,42.2309343084638,39.065522197746,48.4633609560484,52.5411807629003,56.023925186534,26.0912024567571,56.007191380133
49.0706974453544,61.6697735898918,57.8353896165612,46.0215554561879,54.2794794110742,48.6172648466342,54.9089724719484,44.7201943976547,36.3188019639813,69.0145955069236,44.9479592432785,54.9744641015236,51.5455013024311,55.6459618545259,60.651887482696,52.1668168372438,49.6329398167293,60.7313272219192,57.5594213660597,45.915138999977,62.223251693064,42.2060102980026,49.3807259470156,65.2839794545984,42.2309343084638,39.065522197746,48.4633609560484,52.5411807629003,56.023925186534,26.0912024567571,56.007191380133
49.0706974453544,61.6800989088675,57.8353896165612,46.0215554561879,54.2794794110742,48.6172648466342,54.9089724719484,44.7201943976547,36.3192465743499,69.0145955069236,45.0597812207254,54.9846269698459,51.5455013024311,55.6459618545259,60.651887482696,52.1668168372438,49.6329398167293,60.7314889436606,57.5594213660597,45.918174505285,62.223251693064,42.2060102980026,49.3807259470156,65.2839794545984,42.2309343084638,39.065522197746,48.4633609560484,52.5411807629003,56.023925186534,26.0912024567571,56.007191380133
49.0706974453544,61.6800989088675,57.8353896165612,46.0215554561879,54.2915378310998,48.6172648466342,54.9089724719484,44.7201943976547,36.3192465743499,69.0145955069236,45.9758853375757,55.1077208713528,51.620607925862,55.6459618545259,60.7222029948607,52.1714186706334,49.6329398167293,60.7314889436606,57.7040869644567,45.918174505285,62.223251693064,42.2274950663016,49.3807259470156,65.3584612785913,42.2309343084638,39.065522197746,48.4633609560484,52.5437975536596,56.0268252143026,26.0912024567571,56.007191380133
49.0706974453544,61.6800989088675,57.8353896165612,46.0215554561879,54.2915378310998,48.6172648466342,54.9089724719484,44.7212157615729,36.3192465743499,69.0145955069236,46.1243893275118,55.1077208713528,51.6436793117287,55.6459618545259,60.7222029948607,52.1826235478863,49.6329398167293,60.7318366660966,57.7040869644567,45.918174505285,62.223251693064,42.2618874043546,49.3807259470156,65.3584612785913,42.2309343084638,39.065522197746,48.4633609560484,52.5437975536596,56.0268252143026,26.0912024567571,56.2863851139848
49.0706974453544,61.7223908317796,57.8353896165612,46.0215554561879,54.2915378310998,48.6172648466342,55.1653312194031,44.7212157615729,36.3192465743499,69.0145955069236,46.1243893275118,55.1366837919151,51.6436793117287,55.6573346997653,60.7727835674644,52.1826235478863,49.6522462427181,60.7318366660966,57.7040869644567,45.9188969738258,62.223251693064,42.2618874043546,49.3807259470156,65.3584612785913,42.2309343084638,39.065522197746,48.4633609560484,52.5437975536596,56.0282936485338,26.0912024567571,57.3725499140495
49.2034942392519,61.7776999133671,58.0332443430941,46.0215554561879,54.2915378310998,48.6172648466342,55.2303107527872,44.7212157615729,36.3192465743499,69.0145955069236,46.1243893275118,55.1366837919151,51.6436793117287,55.6573346997653,60.8022190501405,52.1826235478863,49.6564154405224,60.7318366660966,57.8048588505788,45.9188969738258,62.223251693064,42.3281855739752,49.5098802116891,65.3584612785913,42.2309343084638,39.065522197746,48.4633609560484,52.5446724773805,56.0702119011467,26.091237109339,57.9454427073114
49.2034942392519,61.7776999133671,58.0332443430941,46.0215554561879,54.2915378310998,48.6309473514085,55.2303107527872,44.7212157615729,36.3273788118835,69.0429359611753,46.1243893275118,55.1366837919151,51.6436793117287,55.6573346997653,60.8022190501405,52.194242667391,49.6564154405224,60.731849861601,57.8048588505788,45.9188969738258,62.223251693064,42.3281855739752,49.5098802116891,65.3584612785913,42.2309343084638,39.065522197746,48.4634513287366,52.545555233199,56.0702119011467,26.091237109339,57.9454427073114
49.28621523764,61.8082695205568,58.0332443430941,46.0626526474019,54.2915378310998,48.6309473514085,55.2303107527872,44.7212157615729,36.3302651467778,69.0429359611753,46.1243893275118,55.1813081769396,51.6436793117287,55.6573346997653,60.8380307663186,52.1971889834683,49.6564154405224,60.731849861601,57.8048588505788,45.9188969738258,62.223251693064,42.3281855739752,49.5098802116891,65.3584612785913,42.2309343084638,39.1268818684014,48.4634513287366,52.545555233199,56.0788828613373,26.0914017404069,57.9454427073114
49.28621523764,61.8251281660752,58.0332443430941,46.0626526474019,54.2915378310998,48.6309473514085,55.2303107527872,44.7221840775298,36.3302651467778,69.0429359611753,46.1577655779117,55.1813081769396,51.6436793117287,55.6573346997653,60.9391032778407,52.2163025459105,49.6744756894989,60.7319453292507,57.8048588505788,45.9188969738258,62.223251693064,42.3281855739752,49.5098802116891,65.4003235656815,42.2309343084638,39.1268818684014,48.4634513287366,52.545555233199,56.1097205138718,26.0914272707663,58.0582727867432
49.28621523764,61.8344559841467,58.0332443430941,46.0626526474019,54.4396138060157,48.6309473514085,55.2303107527872,44.7235080616629,36.3380956153814,69.0429359611753,46.2196439336763,55.1813081769396,51.6436793117287,55.6573346997653,60.9391032778407,52.2163025459105,49.6744756894989,60.7319453292507,57.8048588505788,45.9188969738258,62.6061654775755,42.3281855739752,49.5203120910192,65.4404895940114,42.2309343084638,39.1268818684014,48.4634513287366,52.5461308720847,56.1097205138718,26.0914272707663,58.0582727867432
49.3481635034258,61.8344559841467,58.0332443430941,46.0626526474019,54.4396138060157,48.6309473514085,55.2303107527872,44.7235080616629,36.4502748395033,69.0604177852564,46.2196439336763,55.1813081769396,51.6436793117287,55.6573346997653,60.9391032778407,52.2163025459105,49.6872449922144,60.7319453292507,57.8048588505788,45.9224271703801,62.6061654775755,42.3281855739752,49.5203120910192,65.4404895940114,42.2491850010428,39.1268818684014,48.4634513287366,52.5461308720847,56.1142083487454,26.0914272707663,58.0582727867432
49.3481635034258,61.8396566184167,58.1231192564822,46.0626526474019,54.4396138060157,48.6387686848612,55.2303107527872,44.7237184302563,36.4502748395033,69.0604177852564,46.4443553258307,55.1813081769396,51.6697254118635,55.6573346997653,60.9391032778407,52.2253839150798,49.6892313110334,60.7319453292507,57.8048588505788,45.9224271703801,62.6955969200163,42.3281855739752,49.5203120910192,65.4404895940114,42.2825798665856,39.1268818684014,48.4634513287366,52.5479063695345,56.1142083487454,26.0914285014343,58.0582727867432
49.3481635034258,61.8425895890015,58.1231192564822,46.0626526474019,54.5162420919436,48.6387686848612,55.2303107527872,44.7237184302563,36.4502748395033,69.0604177852564,46.6212364011798,55.1813081769396,51.6697254118635,55.6594050760196,61.1086395673603,52.2253839150798,49.6892313110334,60.7319453292507,57.8048588505788,45.9224271703801,62.6955969200163,42.3281855739752,49.5203120910192,65.4404895940114,42.2825798665856,39.1268818684014,48.4655611623963,52.5479063695345,56.1142083487454,26.0914285014343,58.0582727867432
49.3481635034258,62.0112734448892,58.1231192564822,46.0626526474019,54.5591221178961,48.6387686848612,55.2303107527872,44.7237184302563,36.5896466800356,69.0683256853327,46.6212364011798,55.1813081769396,51.6697254118635,55.6594050760196,61.1086395673603,52.2253839150798,49.69762499122,60.7319453292507,57.8048588505788,45.9224271703801,62.6955969200163,42.3281855739752,49.5262572972021,65.4404895940114,42.3217932248844,39.1268818684014,48.4655611623963,52.5479063695345,56.1142083487454,26.0914395192821,58.0582727867432
49.3481635034258,62.0112734448892,58.1297964420858,46.0626526474019,54.5591221178961,48.6387686848612,55.2303107527872,44.7237202879344,36.5896466800356,69.0683256853327,46.6324075122052,55.1813081769396,51.6697254118635,55.6709680800541,61.1086395673603,52.2276407959325,49.69762499122,60.7319453292507,57.8048588505788,45.9251511792912,62.6955969200163,42.3281855739752,49.539560471843,65.4404895940114,42.3217932248844,39.1268818684014,48.4655611623963,52.5479063695345,56.1151230632973,26.091448669878,58.0582727867432
49.3902125760573,62.0112734448892,58.1297964420858,46.0626526474019,54.6003716671941,48.6387686848612,55.2303107527872,44.7241428831657,36.5896466800356,69.1048671001273,46.6324075122052,55.1813081769396,51.7428122695836,55.6823148354245,61.2960989979582,52.2276407959325,49.69762499122,60.7319453292507,57.8048588505788,45.931911778148,62.6955969200163,42.3281855739752,49.539560471843,65.4404895940114,42.3217932248844,39.1268818684014,48.4659854144352,52.5479063695345,56.1151230632973,26.091448669878,58.0582727867432
49.3902125760573,62.0633105073098,58.1297964420858,46.0626526474019,54.6341043970228,48.6387686848612,55.2303107527872,44.7241428831657,36.5966010711183,69.1048671001273,46.6324075122052,55.1813081769396,51.7428122695836,55.6823148354245,61.3021797272465,52.3198085950089,49.6979034306935,60.7319453292507,57.8434792637624,45.931911778148,62.6955969200163,42.3281855739752,49.539560471843,65.4404895940114,42.3217932248844,39.1268818684014,48.4659854144352,52.5479063695345,56.1151230632973,26.0914648018777,58.0647687004662
49.3936579249369,62.0633105073098,58.1297964420858,46.0626526474019,54.6341043970228,48.6387686848612,55.2303107527872,44.7250873451767,36.5966010711183,69.1048671001273,46.6348678719565,55.2177993250049,51.7428122695836,55.7031542534938,61.3021797272465,52.3858774956461,49.6979034306935,60.7319453292507,58.0133171495728,45.931911778148,62.6955969200163,42.3291618728795,49.5788482435319,65.4676735192198,42.3217932248844,39.1268818684014,48.4665170228437,52.5479063695345,56.1151230632973,26.0914889803264,58.0647687004662
49.3936579249369,62.1505152696647,58.1297964420858,46.0626526474019,54.7357571591704,48.6387686848612,55.2303107527872,44.7250873451767,36.5966010711183,69.1048671001273,46.6595558871769,55.2177993250049,51.7516269192712,55.7364567746783,61.3021797272465,52.3858774956461,49.6979034306935,60.7319453292507,58.0133171495728,45.931911778148,62.6955969200163,42.3291618728795,49.5788482435319,65.4676735192198,42.3217932248844,39.1268818684014,48.4665707023688,52.5482623452069,56.1151230632973,26.0914889803264,58.0647687004662
49.4015352665551,62.2067305744772,58.1297964420858,46.0626526474019,54.7440568987439,48.6387686848612,55.2738583897132,44.7250873451767,36.602068356845,69.1048671001273,46.6595558871769,55.2212729665855,51.7516269192712,55.7364567746783,61.3021797272465,52.4344325826431,49.6979034306935,60.7319453292507,58.1143753084231,45.9454997677397,62.6955969200163,42.3291618728795,49.5788482435319,65.4676735192198,42.3217932248844,39.204478257042,48.4665707023688,52.5482623452069,56.1151230632973,26.0914889803264,58.0647687004662
49.4092214270876,62.2067305744772,58.1297964420858,46.0626526474019,54.7440568987439,48.6387686848612,55.2738583897132,44.7255300791533,36.602068356845,69.1048671001273,46.6595558871769,55.2212729665855,51.7516269192712,55.7516791495904,61.3021797272465,52.4707331814373,49.699216696225,60.7319479757713,58.1418590229811,45.9454997677397,62.7094849618981,42.3291618728795,49.5949124191573,65.4676735192198,42.3217932248844,39.204478257042,48.4670339732171,52.5482623452069,56.1151230632973,26.0914889803264,58.0647687004662
49.4092214270876,62.3539330797493,58.1297964420858,46.0672337929942,54.7736644123455,48.6865369680542,55.2738583897132,44.7257964385641,36.602068356845,69.1048671001273,46.7671526685822,55.2212729665855,51.7516269192712,55.7907179257797,61.3303285503615,52.4707331814373,49.699216696225,60.7319479757713,58.2853082663608,45.9638005417015,62.7094849618981,42.3363342831143,49.7872318973616,65.4904290736999,42.3217932248844,39.204478257042,48.4670339732171,52.5484539037363,56.1151230632973,26.0914889803264,58.0647687004662
49.4337350555327,62.9303688516679,58.1704121121524,46.0672337929942,54.7736644123455,48.6865369680542,55.2738583897132,44.7257964385641,36.602068356845,69.1048671001273,46.9826561240166,55.2212729665855,51.7516269192712,55.7907179257797,61.3543134595821,52.4837064356319,49.699604310779,60.7319479757713,58.2853082663608,45.9638005417015,62.720104365588,42.3363342831143,49.7872318973616,65.4904290736999,42.3217932248844,39.2410192185571,48.4670339732171,52.5484539037363,56.1151230632973,26.0914889803264,58.0647687004662
49.4337350555327,62.9303688516679,58.1704121121524,46.0672337929942,54.7736644123455,48.6888597355321,55.2738583897132,44.7271808750564,36.602068356845,69.1461953459897,46.9826561240166,55.2212729665855,51.7516269192712,55.8114718158641,61.3543134595821,52.7049608981626,49.699604310779,60.7319479757713,58.2853082663608,45.9638005417015,62.720104365588,42.3421159908702,49.8691403777342,65.4904290736999,42.323876081389,39.2410192185571,48.4671538781216,52.5486181529184,56.1151230632973,26.0914889803264,58.0647687004662
49.4337350555327,62.9303688516679,58.1832651547757,46.0672337929942,54.8521679720055,48.7176822388348,55.2738583897132,44.7271808750564,36.6187218575634,69.3210696077877,46.9826561240166,55.2212729665855,51.7516269192712,55.822461731936,61.3752981437715,52.7049608981626,49.699604310779,60.7319479757713,58.2885134524521,45.9681746581842,62.720104365588,42.4017860687219,49.8691403777342,65.4962420485803,42.323876081389,39.2410192185571,48.4672611360333,52.5487083425122,56.1151230632973,26.0914889803264,58.0647687004662
49.4508363728753,62.9303688516679,58.2088617720279,46.0672337929942,54.8521679720055,48.7176822388348,55.2738583897132,44.7271808750564,36.6360373419422,69.3210696077877,47.0431284029484,55.2212729665855,51.7516269192712,55.822461731936,61.3752981437715,52.9386191215328,49.7000655631103,60.7319479757713,58.2885134524521,45.9798627232051,62.7390056113335,42.4017860687219,49.8788446603883,65.4962420485803,42.3273121253715,39.2410192185571,48.4672611360333,52.5487083425122,56.1151230632973,26.0914889803264,58.0687012451108
49.4508363728753,62.9303688516679,58.2088617720279,46.0672337929942,54.8521679720055,48.7274228408526,55.2738583897132,44.7271808750564,36.6360373419422,69.3210696077877,47.0431284029484,55.2212729665855,51.7843814276664,55.822461731936,61.3752981437715,52.9386191215328,49.7041681817832,60.7319479757713,58.2885134524521,45.9798627232051,62.7535190320838,42.4295676315239,49.9311977892456,65.4962420485803,42.3753358420273,39.2410192185571,48.4672950768506,52.5487583525307,56.1151230632973,26.0914889803264,58.08586102803
49.4607783126574,62.9303688516679,58.2088617720279,46.0672337929942,54.8522893576794,48.7274228408526,55.2738583897132,44.7271808750564,36.6360373419422,69.3210696077877,47.0431284029484,55.2212729665855,51.7843814276664,55.8300434921903,61.3752981437715,52.9386191215328,49.7041681817832,60.7319479757713,58.2885134524521,45.9866377535283,62.7535190320838,42.4353088370785,49.9311977892456,65.5008413594641,42.3753358420273,39.2410192185571,48.4674040582414,52.5487583525307,56.1151230632973,26.0914889803264,58.08586102803
49.4711077600836,62.9303688516679,58.2088617720279,46.0672337929942,54.8868538258088,48.7274228408526,55.2738583897132,44.7271808750564,36.6542291569254,69.3210696077877,47.0431284029484,55.2212729665855,51.7843814276664,55.8300434921903,61.3752981437715,53.0051785640512,49.7051107686993,60.7319479757713,58.2885134524521,45.9905901604379,62.7635542220963,42.4353088370785,49.9335826011957,65.5008413594641,42.4209692441878,39.2410192185571,48.4674040582414,52.5487583525307,56.1151230632973,26.0914949530731,58.0958145315535
49.4768683609769,62.9303688516679,58.2298905807496,46.0672337929942,54.8868538258088,48.7403189593075,55.2852529070744,44.7277556459844,36.6542291569254,69.3687185354924,47.1045050412544,55.2212729665855,51.7843814276664,55.8374507674966,61.3752981437715,53.091647325754,49.7051107686993,60.7319479757713,58.3265744678433,45.9905901604379,62.7702989481695,42.4429505919095,50.0119017239855,65.5008413594641,42.4767273429768,39.2410192185571,48.4674324165713,52.5487583525307,56.1213706698367,26.0914949530731,58.1016405389694
49.48438866287,63.1068487808268,58.2298905807496,46.06727723579,54.9065928760649,48.7465594861348,55.3019696559976,44.7277556459844,36.6542291569254,69.3687185354924,47.1045050412544,55.2212729665855,51.7843814276664,55.8913745184244,61.3752981437715,53.091647325754,49.7051107686993,60.7319479757713,58.3265744678433,46.0845501512336,62.7702989481695,42.4448587222694,50.0119017239855,65.5054908968281,42.5189086973092,39.2410192185571,48.4675470514832,52.5487583525307,56.1213706698367,26.0914949530731,58.1016405389694
49.48438866287,63.1068487808268,58.2298905807496,46.06727723579,54.9287012972383,48.7465594861348,55.3124668073181,44.7277556459844,36.6542291569254,69.3687185354924,47.1045050412544,55.2212729665855,51.7843814276664,55.8913745184244,61.451943981299,53.5728507770478,49.7055934633708,60.7319479757713,58.374002069104,46.0845501512336,62.774684490419,42.4448587222694,50.0119017239855,65.5054908968281,42.6060475528749,39.2410192185571,48.4675470514832,52.5487583525307,56.1214385657995,26.0914954425207,58.105103582553
49.487203192579,63.1068487808268,58.2298905807496,46.06727723579,54.9287012972383,48.748782868633,55.3124668073181,44.7283718696829,36.6542291569254,69.3687185354924,47.1045050412544,55.2212729665855,51.8331264143538,55.9171815861867,61.451943981299,53.8625960173756,49.7062558990253,60.7319658753242,58.374002069104,46.0845501512336,62.7774462557948,42.4622211143796,50.0119017239855,65.5054908968281,42.6237105134619,39.2410192185571,48.4675470514832,52.5487583525307,56.1214385657995,26.0914954425207,58.1072033329885
49.4913796986597,63.1068487808268,58.2298905807496,46.0690042264805,54.9287012972383,48.7490669934686,55.3186841879182,44.7283718696829,36.6542291569254,69.3687185354924,47.1045050412544,55.2212729665855,51.8460718114843,55.9464109537315,61.451943981299,53.8625960173756,49.7062558990253,60.7319658753242,58.3841167040117,46.0845501512336,62.7774462557948,42.4776529527675,50.0119017239855,65.5054908968281,42.6237105134619,39.2410192185571,48.4675925094534,52.5487583525307,56.1214385657995,26.0914954425207,58.1072033329885
49.5073146026056,63.1068487808268,58.2298905807496,46.0693089461775,54.9287012972383,48.7490669934686,55.3221636876983,44.7283718696829,36.664352605955,69.3687185354924,47.1045050412544,55.2212729665855,51.8460718114843,55.9464109537315,61.451943981299,54.010220991354,49.7103723968002,60.7319658753242,58.3937693770214,46.0845501512336,62.7791435346557,42.4776529527675,50.0119017239855,65.5054908968281,42.684811231624,39.249531062844,48.4675925094534,52.5487583525307,56.1214385657995,26.0915005179752,58.1085055415503
49.5073146026056,63.1068487808268,58.2298905807496,46.0693089461775,54.9287012972383,48.7490669934686,55.3221636876983,44.7288010633826,36.664352605955,69.3784679618651,47.1045050412544,55.2212729665855,51.8460718114843,55.9568196545141,61.451943981299,54.2775456096744,49.7103723968002,60.7319658753242,58.3937693770214,46.0925507974129,62.7791435346557,42.4776529527675,50.0119017239855,65.5054908968281,42.684811231624,39.249531062844,48.4677578663698,52.5487583525307,56.1214385657995,26.0915005179752,58.2681845191699
49.5774273817445,63.1068487808268,58.248749424276,46.0693089461775,54.9287012972383,48.7490669934686,55.3240156651553,44.7288010633826,36.7153080397861,69.3784679618651,47.1045050412544,55.2212729665855,51.8460718114843,56.0037102827323,61.451943981299,54.2775456096744,49.7103723968002,60.7319658753242,58.3937693770214,46.1518585903759,62.7791435346557,42.4776529527675,50.0119017239855,65.5074643203222,42.7230321404172,39.249531062844,48.4678509035447,52.5487583525307,56.1214385657995,26.0915005179752,58.2681845191699
49.5774273817445,63.1712088694354,58.248749424276,46.0693089461775,54.9287012972383,48.7490669934686,55.3249571307938,44.7288010633826,36.7153080397861,69.3974286808111,47.110817414219,55.2212729665855,51.8460718114843,56.0037102827323,61.451943981299,54.2775456096744,49.7103723968002,60.7319658753242,58.4021932042233,46.1518585903759,62.7791435346557,42.4776529527675,50.0119017239855,65.5074643203222,42.7230321404172,39.2785035619696,48.4678509035447,52.5487583525307,56.1214385657995,26.0915022274087,58.2681845191699
49.5774273817445,63.1712088694354,58.2527486735203,46.0693089461775,54.9477261350964,48.7490669934686,55.3249571307938,44.7288010633826,36.7153080397861,69.4369182865658,47.110817414219,55.2212729665855,51.8460718114843,56.0209254037814,61.451943981299,54.2775456096744,49.7103723968002,60.7319658753242,58.4021932042233,46.1518585903759,62.7791435346557,42.4776529527675,50.0119017239855,65.5074643203222,42.7230321404172,39.2894761450376,48.4678509035447,52.5487583525307,56.1216442099819,26.0915022274087,58.3023753272238
49.5774273817445,63.1712088694354,58.2570685738619,46.0693089461775,54.9477261350964,48.7490669934686,55.3254121924506,44.7288010633826,36.720503337214,69.4369182865658,47.110817414219,55.2212729665855,51.8465917970193,56.0758647002347,61.451943981299,54.2775456096744,49.7103723968002,60.7319658753242,58.4076838499167,46.1518585903759,62.7791435346557,42.4802469678212,50.0427050704483,65.508101410726,42.7622782078726,39.2894761450376,48.4678509035447,52.5487583525307,56.1216442099819,26.0915022274087,58.3023753272238
49.5774273817445,63.3330811796395,58.2605098487027,46.0693089461775,54.9477261350964,48.7569554696851,55.3256169441787,44.7288010633826,36.720503337214,69.4369182865658,47.110817414219,55.2212729665855,51.8496545262792,56.0758647002347,61.451943981299,54.4370426187734,49.7103723968002,60.7319658753242,58.4076838499167,46.1529599084792,62.7791435346557,42.4802469678212,50.0908168989637,65.5095462750053,42.7622782078726,39.2894761450376,48.4679840369552,52.5487583525307,56.1216442099819,26.0915065232531,58.320131742331
49.5774273817445,63.3330811796395,58.2605098487027,46.0693089461775,54.9477261350964,48.7569554696851,55.3256169441787,44.7288010633826,36.720503337214,69.4369182865658,47.2074215103072,55.2212729665855,51.8496545262792,56.135668339437,61.451943981299,54.581495985704,49.7103723968002,60.7319658753242,58.4076838499167,46.1529599084792,62.7791435346557,42.4828955875672,50.0908168989637,65.5095462750053,42.7622782078726,39.2894761450376,48.4679840369552,52.5487864278904,56.1216442099819,26.0915065232531,58.3517068176746
49.5774273817445,63.3330811796395,58.2642657100253,46.0693089461775,54.9477261350964,48.7569554696851,55.3256975901919,44.728801278585,36.720503337214,69.4369182865658,47.2074215103072,55.2212729665855,51.8616915733691,56.135668339437,61.451943981299,54.581495985704,49.7103723968002,60.7319658753242,58.4076838499167,46.1529599084792,62.7791435346557,42.4842124401213,50.096934081582,65.5095462750053,42.7622782078726,39.2894761450376,48.4679840369552,52.5487864278904,56.1216442099819,26.0915065232531,58.3517068176746
49.5946098637793,63.3330811796395,58.2642657100253,46.0693089461775,54.9477261350964,48.7941509387384,55.3257195997782,44.728801278585,36.720503337214,69.4369182865658,47.266658331238,55.2386049105638,51.8858778393066,56.135668339437,61.451943981299,54.6113239940268,49.7103723968002,60.7319658753242,58.4076838499167,46.1736584131281,62.7791435346557,42.4842124401213,50.096934081582,65.5095462750053,42.7622782078726,39.2894761450376,48.4679872881708,52.5487864278904,56.1216442099819,26.0915070406627,58.3517068176746
49.5946098637793,63.3330811796395,58.2642657100253,46.0693089461775,54.9477261350964,48.7941509387384,55.3257195997782,44.728801278585,36.720503337214,69.4369182865658,47.266658331238,55.2458335044935,51.8858778393066,56.135668339437,61.451943981299,54.6113239940268,49.7103723968002,60.7319658753242,58.4076838499167,46.1736584131281,62.7791435346557,42.4893647135734,50.120628849186,65.5095462750053,42.7622782078726,39.2944268405199,48.4679872881708,52.5487864278904,56.1216442099819,26.0915070406627,58.3552916396124
49.5946098637793,63.3330811796395,58.2679310705594,46.0693089461775,54.9477261350964,48.7941509387384,55.3257195997782,44.728801278585,36.720503337214,69.4369182865658,47.266658331238,55.2458335044935,51.8858778393066,56.135668339437,61.451943981299,54.6113239940268,49.7103723968002,60.7319658753242,58.4076838499167,46.1736584131281,62.7791435346557,42.4918099279073,50.120628849186,65.5095462750053,42.7622782078726,39.2944268405199,48.4679872881708,52.5487864278904,56.1216442099819,26.0915070406627,58.3552916396124
49.5946098637793,63.3330811796395,58.2679310705594,46.0693089461775,54.9477261350964,48.7941509387384,55.3260853710176,44.728801278585,36.722597286923,69.4369182865658,47.266658331238,55.2514320558295,51.8858778393066,56.135668339437,61.451943981299,54.6116631393097,49.7103723968002,60.7319658753242,58.4076838499167,46.190513382555,62.7791435346557,42.4927645663238,50.120628849186,65.5095462750053,42.7622782078726,39.2967833174547,48.4679872881708,52.5487864278904,56.1216442099819,26.0915955588082,58.4019529750556
49.5946098637793,63.3330811796395,58.2679310705594,46.0693089461775,54.9477261350964,48.7941509387384,55.3260853710176,44.7288032241104,36.722597286923,69.4627819152933,47.266658331238,55.2514320558295,51.8858778393066,56.1939894895359,61.451943981299,54.6116631393097,49.7103723968002,60.7319661196456,58.4076838499167,46.190513382555,62.7791435346557,42.4927645663238,50.1252799423137,65.5095462750053,42.7622782078726,39.3266626189168,48.4679872881708,52.5487864278904,56.1216442099819,26.0915955588082,58.4223314716046
49.5946098637793,63.3330811796395,58.2770300252987,46.0693089461775,54.9477261350964,48.7941509387384,55.3265381959179,44.7288032241104,36.722597286923,69.4627819152933,47.266658331238,55.2514320558295,51.8858778393066,56.2439931447695,61.451943981299,54.6116631393097,49.7103723968002,60.7319661196456,58.4076838499167,46.190513382555,62.7791435346557,42.4929858354112,50.1252799423137,65.5095706019193,42.7622782078726,39.3266626189168,48.4679872881708,52.5487864278904,56.1228298413454,26.0915955588082,58.4223314716046
49.5946098637793,63.3330811796395,58.2770300252987,46.0693089461775,54.9477261350964,48.7941509387384,55.3265381959179,44.7288032241104,36.722597286923,69.4627819152933,47.266658331238,55.2514320558295,51.8858778393066,56.2439931447695,61.451943981299,54.6116631393097,49.7103723968002,60.7319661196456,58.421057734018,46.1938634456573,62.7791435346557,42.4929858354112,50.1285452167867,65.5101869509142,42.7622782078726,39.3266626189168,48.4679872881708,52.5488024311208,56.1228298413454,26.0915955588082,58.4223314716046
49.5976215908274,63.3330811796395,58.2790637627898,46.0693089461775,54.9477261350964,48.7942329495726,55.3265381959179,44.7288032241104,36.722597286923,69.4684027300801,47.266658331238,55.2514320558295,51.8858778393066,56.3085522954152,61.451943981299,54.6116631393097,49.7103723968002,60.7319661196456,58.4210872997594,46.1938634456573,62.7791435346557,42.4929858354112,50.1334929848129,65.5101869509142,42.7622782078726,39.3266626189168,48.4679872881708,52.5488024311208,56.1228298413454,26.0915955588082,58.4341499953344
49.5976215908274,63.3330811796395,58.2790637627898,46.0693089461775,54.9477261350964,48.7942329495726,55.3265381959179,44.7288032241104,36.7341975042311,69.4684027300801,47.266658331238,55.2514320558295,51.8858778393066,56.415233363069,61.451943981299,54.6116631393097,49.7103723968002,60.7319661196456,58.4311137080261,46.2324134125273,62.7791435346557,42.4929858354112,50.1334929848129,65.5245282522921,42.7622782078726,39.3266626189168,48.4679872881708,52.548811720641,56.1228298413454,26.0915955588082,58.4341499953344
49.5976215908274,63.3336654381751,58.2790637627898,46.0693089461775,54.9477261350964,48.8113680801223,55.3265381959179,44.7288032241104,36.7341975042311,69.4684027300801,47.266658331238,55.2514320558295,51.8858778393066,56.415233363069,61.451943981299,54.6116631393097,49.7103723968002,60.7319661196456,58.4311137080261,46.2465572683697,62.7791435346557,42.4934104142857,50.1334929848129,65.5245282522921,42.7622782078726,39.3266626189168,48.4679872881708,52.548811720641,56.1228298413454,26.0916013603896,58.4341499953344
49.5976215908274,63.3336654381751,58.2827817115184,46.0693089461775,54.9477261350964,48.8113680801223,55.3265381959179,44.7288032241104,36.7341975042311,69.4684027300801,47.266658331238,55.2514320558295,51.8858778393066,56.4954575915093,61.451943981299,54.6116631393097,49.7103723968002,60.7319661196456,58.4318546870999,46.2465572683697,62.7791435346557,42.4934104142857,50.1334929848129,65.5245282522921,42.7622782078726,39.3266626189168,48.4679930854354,52.548811720641,56.1228298413454,26.0916013603896,58.43494343233
49.5976215908274,63.3336654381751,58.2827817115184,46.0693089461775,54.9477261350964,48.816201975376,55.3265381959179,44.7288032241104,36.7448134059544,69.4684027300801,47.266658331238,55.2514320558295,51.8858778393066,56.5849095203696,61.451943981299,54.6116631393097,49.7103723968002,60.7319661196456,58.4318546870999,46.2465572683697,62.7791435346557,42.5026517012389,50.1334929848129,65.5245282522921,42.7674099022113,39.3266626189168,48.4679930854354,52.5491812395903,56.1228298413454,26.0916182219859,58.43494343233
49.5976215908274,63.3703437384712,58.2827817115184,46.0693375392822,54.9477261350964,48.8205571353789,55.3265381959179,44.7288032241104,36.7448134059544,69.4684027300801,47.266658331238,55.2514320558295,51.88791475104,56.5849095203696,61.4589923231146,54.6116631393097,49.7103723968002,60.7319661196456,58.4318546870999,46.274478994037,62.7791435346557,42.5058422555039,50.1375791867729,65.5340867958474,42.7674099022113,39.3266626189168,48.4679930854354,52.5491812395903,56.1228298413454,26.0916314363302,58.43494343233
49.5993255335401,63.3703437384712,58.2827817115184,46.0693375392822,54.9477261350964,48.8205571353789,55.3265381959179,44.7288032241104,36.7448134059544,69.4684027300801,47.266658331238,55.2514320558295,51.88791475104,56.6487318586475,61.4589923231146,54.6116631393097,49.7103723968002,60.7319661196456,58.4318546870999,46.274478994037,62.7791435346557,42.5058422555039,50.1375791867729,65.5340867958474,42.7674099022113,39.3266626189168,48.4679930854354,52.5491812395903,56.1228298413454,26.0916314363302,58.4949349050262
49.5993255335401,63.39956909803,58.2827817115184,46.0693375392822,54.9477261350964,48.8205571353789,55.3265381959179,44.7288075567095,36.7448134059544,69.4684027300801,47.266658331238,55.2514320558295,51.8960509728552,56.7124085221453,61.4589923231146,54.6116631393097,49.7103723968002,60.7319661196456,58.4318546870999,46.274478994037,62.7791435346557,42.509125077274,50.1523806342191,65.5340867958474,42.7674099022113,39.3266626189168,48.4679930854354,52.5491812395903,56.1228298413454,26.0916398319661,58.4949349050262
49.5993255335401,63.4396259182083,58.2827817115184,46.0693432228075,54.9477261350964,48.8205571353789,55.3265381959179,44.7288075567095,36.7448134059544,69.4684027300801,47.268632209914,55.2629948367043,51.8987538828997,56.7124085221453,61.4589923231146,54.6116631393097,49.7103723968002,60.7319661196456,58.4318546870999,46.2789896052489,62.7791435346557,42.5138337681163,50.1523806342191,65.5340867958474,42.7674099022113,39.3266626189168,48.4679930854354,52.5491812395903,56.1228298413454,26.0916437699092,58.5510742917789
49.5993255335401,63.4396259182083,58.2827817115184,46.0693432228075,54.9477261350964,48.8205571353789,55.3265381959179,44.7288075567095,36.7448134059544,69.4684027300801,47.268632209914,55.2629948367043,51.8987538828997,56.76910489768,61.4796796168679,54.6116631393097,49.7103723968002,60.7319661196456,58.4318546870999,46.2789896052489,62.7791435346557,42.5138337681163,50.1611299876799,65.5340867958474,42.7674099022113,39.3266626189168,48.4679952211476,52.5491812395903,56.1228298413454,26.0916437699092,58.5510742917789
49.5993255335401,63.4396259182083,58.2827817115184,46.0693432228075,54.9477261350964,48.8205571353789,55.3265381959179,44.7288075567095,36.7448134059544,69.4684027300801,47.268632209914,55.2629948367043,51.8987538828997,56.8311473871246,61.4796796168679,54.6116631393097,49.7103723968002,60.7319661196456,58.4318546870999,46.2789896052489,62.7791435346557,42.5176209642791,50.1611299876799,65.5340867958474,42.768579648297,39.3408218219225,48.4679952211476,52.5494087638068,56.1228298413454,26.0916437699092,58.5510742917789
49.5993255335401,63.4692146408644,58.28482749414,46.0693432228075,54.9477261350964,48.8226411072907,55.3265381959179,44.7288075567095,36.7448134059544,69.4684027300801,47.268632209914,55.2629948367043,51.899966013398,56.8311473871246,61.4796796168679,54.6116631393097,49.7103723968002,60.7319661196456,58.4318546870999,46.2919748043236,62.7791435346557,42.5181000767989,50.1611299876799,65.5366067500818,42.768579648297,39.3408218219225,48.4679952211476,52.5494087638068,56.1228298413454,26.0916462201976,58.5646649858431
49.5993255335401,63.4692146408644,58.28482749414,46.0693432228075,54.9881323285089,48.8226411072907,55.3265381959179,44.7288075567095,36.7448134059544,69.4684027300801,47.268632209914,55.2629948367043,51.899966013398,56.895953980811,61.4796796168679,54.6116631393097,49.7103723968002,60.7319661196456,58.4318546870999,46.293823984093,62.7791435346557,42.5181000767989,50.1637732010593,65.5366067500818,42.768579648297,39.3408218219225,48.4680545708596,52.5494087638068,56.1228298413454,26.0916462201976,58.5646649858431
49.6098277049614,63.5252534930586,58.2872147761287,46.0693432228075,54.9881323285089,48.8226411072907,55.3265381959179,44.7288078710921,36.7448134059544,69.4684027300801,47.268632209914,55.2629948367043,51.9063751507381,56.9572316595458,61.4796796168679,54.6116631393097,49.7103723968002,60.7319661196456,58.4318546870999,46.293823984093,62.7791435346557,42.5181000767989,50.1637732010593,65.5366067500818,42.768579648297,39.3427752174857,48.4680545708596,52.5494087638068,56.1228298413454,26.0916462201976,58.5646649858431
49.6098277049614,63.5784558461009,58.2872147761287,46.0693679812987,54.9881323285089,48.8226411072907,55.3265381959179,44.7288078710921,36.7448134059544,69.4684027300801,47.268632209914,55.2629948367043,51.9063751507381,56.9572316595458,61.4796796168679,54.6116631393097,49.7103723968002,60.7319661196456,58.4318546870999,46.293823984093,62.7791435346557,42.5209482107495,50.1637732010593,65.5366067500818,42.768579648297,39.3452982149277,48.4680545708596,52.5494087638068,56.1228298413454,26.0916464882828,58.5646649858431
49.6098277049614,63.5784558461009,58.2872147761287,46.0693679812987,55.0325850416991,48.8226411072907,55.3265381959179,44.7288078710921,36.7448134059544,69.4684027300801,47.268632209914,55.2629948367043,51.9063751507381,57.0133505405493,61.4796796168679,54.6116631393097,49.7103723968002,60.7319661196456,58.4318546870999,46.3000442265019,62.7791435346557,42.5209482107495,50.1637732010593,65.5366067500818,42.768579648297,39.3452982149277,48.4680566566978,52.5494087638068,56.1228298413454,26.0916464882828,58.5731811494398
49.6098277049614,63.6257878310023,58.2872147761287,46.0693727240772,55.0325850416991,48.8226411072907,55.3265381959179,44.7288078710921,36.7448134059544,69.4684027300801,47.268632209914,55.2629948367043,51.9063751507381,57.09765658462,61.4796796168679,54.6116631393097,49.7103723968002,60.7319661196456,58.4318546870999,46.3018801073037,62.7791435346557,42.5209482107495,50.1637732010593,65.5366067500818,42.7712373209195,39.3466303444655,48.4680566566978,52.5494208606672,56.1228298413454,26.0916464882828,58.5731811494398
49.6098277049614,63.7385708669004,58.2872147761287,46.0693727240772,55.0325850416991,48.8226411072907,55.3265381959179,44.7288078710921,36.7448134059544,69.4684027300801,47.268632209914,55.2629948367043,51.9063751507381,57.09765658462,61.4796796168679,54.6116631393097,49.7103723968002,60.7319661196456,58.4318546870999,46.3018801073037,62.7801732268836,42.5209482107495,50.1637732010593,65.536732306288,42.7712373209195,39.3473263552305,48.4680622166503,52.5494208606672,56.1228298413454,26.0916464882828,58.5774387626049
49.6134711533385,63.7385708669004,58.2872147761287,46.0693727240772,55.0325850416991,48.8226411072907,55.3265381959179,44.7288078710921,36.7539914691443,69.4684027300801,47.268632209914,55.2629948367043,51.9063751507381,57.1655995199047,61.4796796168679,54.6116631393097,49.7103723968002,60.7319661196456,58.4318546870999,46.3018801073037,62.7801732268836,42.5209482107495,50.1637732010593,65.536732306288,42.7712373209195,39.3473263552305,48.4680622166503,52.5494208606672,56.1228298413454,26.0916464882828,58.5774387626049
49.6134711533385,63.7448276704075,58.2872147761287,46.0693727240772,55.0325850416991,48.8226411072907,55.3265381959179,44.7288078710921,36.7539914691443,69.4684027300801,47.268632209914,55.2629948367043,51.9063751507381,57.2394505856616,61.4796796168679,54.6116631393097,49.7103723968002,60.7319661196456,58.4318546870999,46.3018801073037,62.7801732268836,42.521257476156,50.1637732010593,65.536732306288,42.7712373209195,39.3801493695706,48.4680690402596,52.5494208606672,56.1228298413454,26.0916464882828,58.5774387626049
49.6134711533385,63.7576061107145,58.289371269457,46.0693727240772,55.0325850416991,48.8226411072907,55.3265381959179,44.7288078710921,36.7539914691443,69.4684027300801,47.268632209914,55.2629948367043,51.9063751507381,57.2394505856616,61.4796796168679,54.6116631393097,49.7103723968002,60.7319661196456,58.4318546870999,46.3018801073037,62.7801732268836,42.521257476156,50.1764737569236,65.5375385185108,42.7712373209195,39.4119994045873,48.4680690402596,52.5494208606672,56.1228298413454,26.0916483434804,58.5807385743571
49.6134711533385,63.7576061107145,58.289371269457,46.0693729687441,55.0325850416991,48.8226411072907,55.3265381959179,44.7288078710921,36.7621188023663,69.4684027300801,47.268632209914,55.2629948367043,51.9063751507381,57.4464148118218,61.4796796168679,54.6116631393097,49.7103723968002,60.7319700578582,58.4318546870999,46.3018801073037,62.7801732268836,42.521257476156,50.1764737569236,65.5375385185108,42.7712373209195,39.4119994045873,48.4680715298352,52.5494208606672,56.1228298413454,26.0916483434804,58.5807385743571
49.6287869948018,63.7576061107145,58.289371269457,46.0693729687441,55.0325850416991,48.8226411072907,55.3265381959179,44.7288078710921,36.7621188023663,69.4684027300801,47.268632209914,55.2629948367043,51.9063751507381,57.6071824300295,61.4796796168679,54.6116631393097,49.7103723968002,60.7319700578582,58.4318546870999,46.3018801073037,62.7807972024414,42.5266123866598,50.1764737569236,65.5375385185108,42.7712373209195,39.4307871869515,48.4680715298352,52.5494299434369,56.1228298413454,26.0916483434804,58.5807385743571
49.6287869948018,63.7618258400389,58.289371269457,46.0693729687441,55.0325850416991,48.8226411072907,55.3265381959179,44.7288091926772,36.7621188023663,69.4684027300801,47.284038202021,55.2629948367043,51.9063751507381,57.6071824300295,61.4796796168679,54.6116631393097,49.7103723968002,60.7319700578582,58.4318546870999,46.3058971373475,62.7807972024414,42.5266123866598,50.1764737569236,65.5375963907158,42.7712373209195,39.4307871869515,48.4680715298352,52.5494299434369,56.1228298413454,26.0916483434804,58.5807385743571
49.6297016086037,63.7618258400389,58.289371269457,46.0693729687441,55.0325850416991,48.8226411072907,55.3265381959179,44.7288091926772,36.7621188023663,69.4684027300801,47.284038202021,55.2629948367043,51.9063751507381,57.7631809579451,61.4796796168679,54.6116631393097,49.7103723968002,60.731983417218,58.4318546870999,46.3058971373475,62.7807972024414,42.5266123866598,50.1764737569236,65.5375963907158,42.7712373209195,39.4307871869515,48.4680715298352,52.5494299434369,56.1228298413454,26.0916483434804,58.5807385743571
49.6297016086037,63.7716812508132,58.3020839088921,46.0693729687441,55.0325850416991,48.8226411072907,55.3265381959179,44.7288091926772,36.7621188023663,69.4684027300801,47.284038202021,55.2629948367043,51.9063751507381,57.812578098036,61.4796796168679,54.6116631393097,49.7103723968002,60.731983417218,58.4318546870999,46.3073160206391,62.7813316346106,42.5266123866598,50.1764737569236,65.5375963907158,42.7712373209195,39.4307871869515,48.4680720060578,52.5494299434369,56.1228298413454,26.0916483434804,58.5807385743571
49.6326807677757,63.9107201098402,58.3020839088921,46.0693729687441,55.0325850416991,48.8226411072907,55.3265381959179,44.7288092731948,36.7621188023663,69.4684027300801,47.2854141876262,55.2629948367043,51.9063751507381,57.812578098036,61.4796796168679,54.6116631393097,49.7114818282883,60.731983417218,58.4318546870999,46.3073160206391,62.7813316346106,42.527511302044,50.1764737569236,65.5383559816075,42.7712373209195,39.4532785241167,48.4680720060578,52.5494299434369,56.1228298413454,26.0916483434804,58.5890565419628
49.6326807677757,63.9107201098402,58.3020839088921,46.0693729687441,55.0325850416991,48.8226411072907,55.3265381959179,44.7288092731948,36.7621188023663,69.4684027300801,47.2854141876262,55.2629948367043,51.9063751507381,57.8628931918959,61.4796796168679,54.6116631393097,49.7114818282883,60.731983417218,58.4318546870999,46.3073160206391,62.7813316346106,42.527511302044,50.1764737569236,65.542300123415,42.7712373209195,39.4532785241167,48.4680720060578,52.5494299434369,56.1228298413454,26.0916483434804,58.5890565419628
49.6411984191982,63.9245068674286,58.3020839088921,46.0693729687441,55.0325850416991,48.8226411072907,55.3265381959179,44.7288092731948,36.7621188023663,69.4684027300801,47.2854141876262,55.2629948367043,51.9063751507381,57.9376977566043,61.4796796168679,54.6116631393097,49.7114818282883,60.731983417218,58.4318546870999,46.3099740148147,62.7819714570851,42.5276986429599,50.1764737569236,65.542300123415,42.772406761073,39.4532785241167,48.4680720060578,52.5494299434369,56.1228298413454,26.0916483434804,58.5890565419628
49.6411984191982,63.9245068674286,58.4559125627046,46.0693729687441,55.0325850416991,48.8226411072907,55.3265381959179,44.7288092731948,36.7621188023663,69.4738796024313,47.2854141876262,55.2629948367043,51.9063751507381,57.9376977566043,61.4796796168679,54.6116631393097,49.7114818282883,60.731983417218,58.4318546870999,46.3099740148147,62.7819714570851,42.5276986429599,50.1764737569236,65.5440611073958,42.772406761073,39.4532785241167,48.4680720060578,52.5494299434369,56.1228298413454,26.0916483434804,58.5890565419628
49.6411984191982,63.9245068674286,58.4559125627046,46.0693729687441,55.0325850416991,48.8226411072907,55.3265381959179,44.7288092731948,36.7621188023663,69.4738796024313,47.2854141876262,55.2629948367043,51.9063751507381,58.0292620891158,61.4796796168679,54.6116631393097,49.7114818282883,60.731983417218,58.4318546870999,46.3099740148147,62.7819714570851,42.5276986429599,50.1764737569236,65.5440824115958,42.772406761073,39.4532785241167,48.4680729356755,52.5495246102535,56.1228298413454,26.0916483434804,58.5890565419628
49.6411984191982,63.9245068674286,58.4559125627046,46.0693729687441,55.0325850416991,48.8226411072907,55.3265381959179,44.7288092731948,36.7621188023663,69.4738796024313,47.2854141876262,55.2629948367043,51.9063751507381,58.1571978458629,61.4796796168679,54.6116631393097,49.7114818282883,60.731983417218,58.4318546870999,46.3099740148147,62.7819714570851,42.5276986429599,50.2586934879435,65.5440824115958,42.772406761073,39.4670932499043,48.4680729356755,52.5495246102535,56.122904143135,26.0916483434804,58.5890565419628
49.6411984191982,63.9245068674286,58.4559125627046,46.0693729687441,55.0325850416991,48.8226411072907,55.3265381959179,44.7288092731948,36.7624065333645,69.4738796024313,47.2854141876262,55.2629948367043,51.9063751507381,58.1571978458629,61.4796796168679,54.6116631393097,49.7114818282883,60.731983417218,58.4318546870999,46.3099740148147,62.7819714570851,42.5276986429599,50.2586934879435,65.5440824115958,42.772406761073,39.4670932499043,48.4680797842476,52.5495246102535,56.122904143135,26.0916483645716,58.5890565419628
49.6430103670453,63.9245068674286,58.6444768469468,46.0695223014051,55.0325850416991,48.8226411072907,55.3265381959179,44.7288092731948,36.7624065333645,69.4738796024313,47.2854141876262,55.2629948367043,51.9063751507381,58.2260191938388,61.4796796168679,54.6116631393097,49.7114818282883,60.731983417218,58.4318546870999,46.3099740148147,62.7819714570851,42.5276986429599,50.2586934879435,65.5447361039093,42.772406761073,39.4670932499043,48.4680797842476,52.5495246102535,56.122904143135,26.0916483645716,58.5890565419628
49.6430103670453,63.9245068674286,58.6444768469468,46.0695223014051,55.0325850416991,48.8226411072907,55.3265381959179,44.7288092731948,36.7624065333645,69.4747958771485,47.2967519333376,55.2629948367043,51.9063751507381,58.331940913138,61.4796796168679,54.6116631393097,49.7114818282883,60.7319845330475,58.4318546870999,46.3100629825725,62.7819714570851,42.5276986429599,50.2586934879435,65.5454000470542,42.772406761073,39.4744318873899,48.4680797842476,52.5495246102535,56.122904143135,26.0916483645716,58.5890565419628
49.6430103670453,63.9404511947424,58.6444768469468,46.0695223014051,55.0325850416991,48.8226411072907,55.3265381959179,44.7288092731948,36.7631019732639,69.4747958771485,47.2967519333376,55.2629948367043,51.9063751507381,58.331940913138,61.4796796168679,54.6116631393097,49.7114818282883,60.7319845330475,58.4433143316586,46.3118023808221,62.7819714570851,42.5294865559606,50.2586934879435,65.5454000470542,42.772406761073,39.4744318873899,48.468081162966,52.5495246102535,56.1232410268543,26.0916483645716,58.5890565419628
49.6430103670453,63.9404511947424,58.7013769671519,46.0695223014051,55.0815142846846,48.8226411072907,55.3265381959179,44.7288092731948,36.7631019732639,69.4747958771485,47.2967519333376,55.2629948367043,51.9063751507381,58.4172748481276,61.4796796168679,54.6116631393097,49.7114818282883,60.7319845330475,58.4838477277069,46.3118023808221,62.7819714570851,42.5294865559606,50.2586934879435,65.5454474659398,42.772406761073,39.4744318873899,48.468081162966,52.5495246102535,56.1232410268543,26.0916483645716,58.5944558469431
49.6430103670453,63.9404511947424,58.7013769671519,46.0695223014051,55.0815142846846,48.8226411072907,55.3265381959179,44.7288092731948,36.7631019732639,69.4747958771485,47.3006669909463,55.2629948367043,51.9063751507381,58.6582543500037,61.4796796168679,54.6116631393097,49.7114818282883,60.7319845330475,58.4838477277069,46.3118023808221,62.7819714570851,42.5294865559606,50.2586934879435,65.5454474659398,42.772406761073,39.4747921531572,48.468081162966,52.5496844783381,56.1232410268543,26.0916483645716,58.5944558469431
49.6465247187389,63.9404511947424,58.7013769671519,46.0695223014051,55.0815142846846,48.8226411072907,55.3265381959179,44.7288092731948,36.7631683558848,69.4747958771485,47.3006669909463,55.2654459912296,51.9063751507381,58.6582543500037,61.4796796168679,54.614681996434,49.7114818282883,60.7319845330475,58.4838477277069,46.3118023808221,62.7819714570851,42.5294865559606,50.2586934879435,65.5454474659398,42.772406761073,39.4747921531572,48.4680816855956,52.5499107787044,56.1232410268543,26.0916483645716,58.5944558469431
49.6465247187389,63.9404511947424,58.7013769671519,46.0695223014051,55.0815142846846,48.825616380381,55.3265381959179,44.7288092731948,36.7631683558848,69.4747958771485,47.3006669909463,55.2654459912296,51.9063751507381,58.7414198603905,61.5425712887732,54.614681996434,49.7114818282883,60.7319845330475,58.4838477277069,46.3118023808221,62.7819714570851,42.5294865559606,50.2586934879435,65.5454918125748,42.772406761073,39.4747921531572,48.4680816855956,52.5499107787044,56.1244426112902,26.0916483645716,58.5944558469431
49.6465247187389,63.9436854421038,58.7013769671519,46.0695223014051,55.0815142846846,48.825616380381,55.3265381959179,44.7288092731948,36.7631683558848,69.4747958771485,47.3006669909463,55.2654459912296,51.9063751507381,58.911103729334,61.5425712887732,54.614681996434,49.7114818282883,60.7319845330475,58.4838477277069,46.3120063826016,62.7819714570851,42.5294865559606,50.2586934879435,65.5455128354332,42.772406761073,39.4808123784796,48.4680816855956,52.5499107787044,56.1244426112902,29.5695609689674,58.5944558469431
49.6465247187389,63.946996056248,58.7013769671519,46.0695223014051,55.0815142846846,48.825616380381,55.3265381959179,44.7288092731948,36.7631683558848,69.4747958771485,47.3006669909463,55.2654459912296,51.9089482422519,58.911103729334,61.5425712887732,54.614681996434,49.7114818282883,60.7319845330475,58.4838477277069,46.3121731835144,62.7819714570851,42.5294865559606,51.0763309561279,65.5455128354332,42.772406761073,39.4808123784796,48.4680816855956,52.5499107787044,56.1285277296273,29.5695609689674,58.5944558469431
49.6465247187389,63.946996056248,58.7416022116329,46.0695449660417,55.0815142846846,48.825616380381,55.3265381959179,44.7288092731948,36.7631683558848,69.4747958771485,47.3006669909463,55.2654459912296,51.9089482422519,58.9400300207361,61.5425712887732,54.614681996434,49.7114818282883,60.7319855292093,58.4838477277069,46.3121731835144,62.7877036546485,42.5294865559606,51.0763309561279,65.5455128354332,42.772406761073,39.4817944117732,48.4680816855956,52.5499107787044,56.1285277296273,29.5695609689674,58.5944558469431
49.6465247187389,63.946996056248,58.7416022116329,46.0695449660417,55.0815142846846,48.825616380381,55.3265381959179,44.7288092731948,36.7631683558848,69.4747958771485,47.3202954801713,55.2654459912296,51.9089482422519,58.9871713872665,61.5425712887732,54.614681996434,49.7114818282883,60.7319855292093,58.4838477277069,46.3121731835144,62.7877036546485,42.5294865559606,51.0763309561279,65.5455128354332,42.772406761073,39.4817944117732,48.4680816855956,52.5499107787044,56.1298327249638,29.5695609689674,58.5944558469431
49.6465247187389,63.9471262522619,58.7416022116329,46.0695574304624,55.0815142846846,48.825616380381,55.3265381959179,44.7288256852737,36.7631683558848,69.4747958771485,47.3202954801713,55.2654459912296,51.9089482422519,58.9871713872665,61.5425712887732,54.614681996434,49.7114818282883,60.7319855292093,58.4838477277069,46.3122491981471,62.7877036546485,42.5294865559606,51.0763309561279,65.5455128354332,42.772406761073,39.4817944117732,48.4680851445187,52.5499107787044,56.1298327249638,29.5695609689674,58.5944558469431
49.6493727687975,63.9471262522619,58.799526249911,46.0695574304624,55.0815142846846,48.825616380381,55.3265381959179,44.7288256852737,36.7631683558848,69.4747958771485,47.3202954801713,55.2654459912296,51.9089482422519,58.9871713872665,61.5425712887732,54.614681996434,49.7114818282883,60.7319887775511,58.4838477277069,46.3122491981471,62.7877036546485,42.5294865559606,51.6623519343803,65.5455128354332,42.772406761073,39.4817944117732,48.4680851445187,52.5499107787044,56.1313173657033,32.0761770527331,58.5944558469431
49.6493727687975,63.9471262522619,58.799526249911,46.0695574304624,55.0815142846846,48.825616380381,55.3265381959179,44.7288256852737,36.7631683558848,69.4747958771485,47.3202954801713,55.2654459912296,51.9102733707534,58.9926854021883,61.5475138823075,54.614681996434,49.7114818282883,60.7319887775511,58.5002993712552,46.3122491981471,62.7877036546485,42.5294865559606,51.6623519343803,65.5455128354332,42.772406761073,39.4817944117732,48.4680851445187,52.5499107787044,56.1313173657033,32.0761770527331,58.5944558469431
49.6493727687975,63.9471262522619,58.799526249911,46.0695574304624,55.0815142846846,48.825616380381,55.3265381959179,44.7288256852737,36.7659970680657,69.4747958771485,47.3202954801713,55.2654459912296,51.9102733707534,58.9926854021883,61.5475138823075,54.614681996434,49.7114818282883,60.7319887775511,58.5002993712552,46.3125705228309,62.7877036546485,42.5294865559606,51.6623519343803,65.5455128354332,42.772406761073,39.4817944117732,48.4680851445187,52.5499107787044,56.1313173657033,32.0761770527331,58.5944558469431
49.6493727687975,63.9471262522619,58.8322000651815,46.0695579158111,55.0815142846846,48.825616380381,55.3265381959179,44.7288256852737,36.7659970680657,69.4747958771485,47.3202954801713,55.2654459912296,51.9102733707534,59.0094523437527,61.5475138823075,54.614681996434,49.7114818282883,60.7319887775511,58.5002993712552,46.3125705228309,62.7877036546485,42.5294865559606,51.6623519343803,65.5455128354332,42.772406761073,39.4817944117732,48.4680851445187,52.5499107787044,56.1313173657033,32.0761770527331,58.6025058718064
49.6493727687975,63.9471262522619,58.8322000651815,46.0695579158111,55.0815142846846,48.8337337296238,55.3265381959179,44.7288256852737,36.7659970680657,69.4747958771485,47.3202954801713,55.2654459912296,51.9102733707534,59.0094523437527,61.5475138823075,54.614681996434,49.7114818282883,60.7319897175145,58.5082406616021,46.312717424449,62.7877036546485,42.5294865559606,51.6623519343803,65.5455128354332,42.772406761073,39.4817944117732,48.4680851445187,52.5499107787044,56.1313173657033,32.0761770527331,58.6025058718064
49.6493727687975,63.9471262522619,58.8504038246883,46.0695579158111,55.0815142846846,48.8337337296238,55.3265381959179,44.7288426704223,36.7671175881742,69.4747958771485,47.3202954801713,55.2654459912296,51.9102733707534,59.0094523437527,61.5475138823075,54.6247445705088,49.7114818282883,60.7319897175145,58.5082406616021,46.3146782555087,62.7877036546485,42.5294865559606,51.6623519343803,65.545523275141,42.772406761073,39.4817944117732,48.4680851445187,52.5499107787044,56.1313173657033,32.0818158450688,58.6025058718064
49.6493727687975,63.9471262522619,58.8605087368084,46.0696132792094,55.0815142846846,48.8337337296238,55.3265381959179,44.7288426704223,36.7671175881742,69.4747958771485,47.3202954801713,55.2654459912296,51.9129314878174,59.0986174269089,61.5475138823075,54.6247445705088,49.7114818282883,60.7319897175145,58.5082406616021,46.3146782555087,62.7877036546485,42.5294865559606,51.7686458312523,65.545523275141,42.772406761073,39.4817944117732,48.4680856624364,52.5499107787044,56.1313173657033,32.0818158450688,58.6025058718064
49.6493727687975,63.9471262522619,58.8692910254266,46.0696132792094,55.0815142846846,48.8337337296238,55.3265381959179,44.7288426704223,36.7671175881742,69.4747958771485,47.3202954801713,55.2654459912296,51.9129314878174,59.1979193033592,61.5475138823075,54.6247445705088,49.7114818282883,60.7319897175145,58.5082406616021,46.3146782555087,62.7877036546485,42.5294865559606,51.7686458312523,65.545523275141,42.772406761073,39.4817944117732,48.4680856624364,52.5499107787044,56.1313173657033,32.0818158450688,58.6025058718064
49.6493727687975,63.9471262522619,58.8710844360501,46.0696132792094,55.0815142846846,48.8337337296238,55.3265381959179,44.7288426704223,36.7688730002866,69.4747958771485,47.3202954801713,55.2654459912296,51.9129314878174,59.1979193033592,61.5774197861404,54.6247445705088,49.7114818282883,60.7319904129216,58.5082406616021,46.3146782555087,62.7877036546485,42.5294865559606,51.7686458312523,65.5455273813465,42.772610191273,39.4817944117732,48.4680856745175,52.5499107787044,56.1313173657033,32.0818158450688,58.6025058718064
49.6493727687975,63.9481398981669,58.8721197964885,46.0696132792094,55.0815142846846,48.8337337296238,55.3265381959179,44.7288426704223,36.7688730002866,69.4747958771485,47.3202954801713,55.2676775929242,51.9143057125806,59.1979193033592,61.5774197861404,54.6247445705088,49.7114818282883,60.7319904129216,58.508355433882,46.3146782555087,62.7877036546485,42.5294865559606,51.8774437099281,65.5455273813465,42.772610191273,39.4817944117732,48.4680856745175,52.5500043263446,56.1313173657033,32.0818158450688,58.6041052390148
49.6503898268525,63.9486166713983,58.873096028265,46.0696132792094,55.0815142846846,48.8337337296238,55.3338142277643,44.7288426704223,36.7688730002866,69.4747958771485,47.3268307839166,55.2676775929242,51.9143057125806,59.2074347537218,61.5774197861404,54.6282776653757,49.7114818282883,60.7319904129216,58.508355433882,46.3146782555087,62.7877036546485,42.5294865559606,51.9404662901684,65.5455273813465,42.772610191273,39.4817944117732,48.4680856964091,52.5500043263446,56.1313173657033,32.0818158450688,58.6041052390148
49.6503898268525,63.9486166713983,58.873096028265,46.0696132792094,55.0815142846846,48.8337337296238,55.3338142277643,44.7288574422808,36.7688730002866,69.4747958771485,47.3268307839166,55.2676775929242,51.9143057125806,59.2074347537218,61.5774197861404,54.6282776653757,49.7114818282883,60.7319904129216,58.508355433882,46.317308174012,62.7877036546485,42.5294865559606,51.9435953461181,65.5455273813465,42.772610191273,39.4817944117732,48.4680856964091,52.5500344507511,56.1313173657033,36.6957691444214,58.6041052390148
49.6503898268525,63.9486166713983,59.0354045791136,46.0696132792094,55.0934805913859,48.8337337296238,55.3338142277643,44.7288574422808,36.7688730002866,69.4747958771485,47.3268307839166,55.2676775929242,51.9143057125806,59.2074347537218,61.5774197861404,54.6282776653757,49.7114818282883,60.7319911123245,58.5140636196904,46.317308174012,62.7877036546485,42.5294865559606,52.165681229385,65.5455273813465,42.7727307761279,39.4817944117732,48.468086124177,52.5500344507511,56.1325874005477,36.6957691444214,58.6041052390148
49.6503898268525,63.9486166713983,59.0629762656287,46.0696132792094,55.0934805913859,48.8337337296238,55.3338142277643,44.7288574422808,36.7688730002866,69.4747958771485,47.3268307839166,55.2743111767569,51.9143057125806,59.2074347537218,61.5774197861404,54.631974071034,49.7114818282883,60.7319911123245,58.5140636196904,46.3190715196023,62.7877036546485,42.5294865559606,52.165681229385,65.5455273813465,42.7727307761279,39.4817944117732,48.468086124177,52.5500344507511,56.1325874005477,37.0807789548691,58.6041052390148
49.6503898268525,63.9486166713983,59.1163739112309,46.0696132792094,55.0934805913859,48.8337337296238,55.3338142277643,44.7288640058853,36.7688730002866,69.4747958771485,47.3268307839166,55.2743111767569,51.9143057125806,59.2074347537218,61.5774197861404,54.631974071034,49.7114818282883,60.7319911123245,58.5140636196904,46.3197027919595,62.7877036546485,42.5294865559606,52.2963551789787,65.5455273813465,42.7727307761279,39.4817944117732,48.4680866934122,52.5500344507511,56.1325874005477,37.0807789548691,58.6041052390148
49.6503898268525,63.9486166713983,59.1163739112309,46.0696132792094,55.0934805913859,48.8337337296238,55.3338142277643,44.7288640058853,36.7718585491817,69.4747958771485,47.3268307839166,55.2743111767569,51.9143057125806,59.2074347537218,61.5774197861404,54.631974071034,49.7114818282883,60.7319911123245,58.5140636196904,46.3197027919595,62.7877801619534,42.5294865559606,52.3974267066628,65.5455273813465,42.7730888764623,39.4817944117732,48.4680866934122,52.5500361145182,56.1339978985348,37.0807789548691,58.6041052390148
49.6503898268525,63.9486166713983,59.1424462401197,46.0696132792094,55.0934805913859,48.8337337296238,55.3338142277643,44.7288640058853,36.7718585491817,69.4747958771485,47.3268307839166,55.2743111767569,51.9143057125806,59.2074347537218,61.5774197861404,54.6321481378996,49.7114818282883,60.7320084754821,58.5140636196904,46.3215607048914,62.7877801619534,42.5294865559606,53.2671344066221,65.5455273813465,42.7730888764623,39.4817944117732,48.4680866934122,52.5500361145182,56.1339978985348,37.1719544225248,58.6041052390148
49.6503898268525,63.9486166713983,59.1536253268592,46.0696132792094,55.0934805913859,48.8337337296238,55.3338142277643,44.7288640058853,36.7728010743048,69.4747958771485,47.3268307839166,55.2743111767569,51.9143057125806,59.2074347537218,61.5774197861404,54.6321481378996,49.7114818282883,60.7320084754821,58.5140636196904,46.3227810358129,62.7877801619534,42.5294865559606,54.8050579647635,65.5455277051933,42.7730888764623,39.4817944117732,48.4680870658298,52.5500391304571,56.1339978985348,38.0635726237265,58.6041052390148
49.6503898268525,63.9486166713983,59.1573803236262,46.0696132792094,55.0934805913859,48.8337337296238,55.3338142277643,44.7288640058853,36.7728010743048,69.4747958771485,47.3268307839166,55.2845423037241,51.9148178974421,59.2297306118005,61.5774197861404,54.6321481378996,49.7114818282883,60.7320084754821,58.5140636196904,46.3227810358129,62.7877801619534,42.5294865559606,54.8050579647635,65.5455277051933,42.7733079578418,39.4817944117732,48.4680870658298,52.5500391304571,56.1339978985348,38.9362255210876,58.6041052390148
49.6503898268525,63.9486166713983,59.1573803236262,46.0696132792094,55.0934805913859,48.8337337296238,55.3338142277643,44.7288640058853,36.7728010743048,69.4747958771485,47.3268307839166,55.2845423037241,51.9148178974421,59.2297306118005,61.5774197861404,54.6321481378996,49.7114818282883,60.7320084754821,58.5140636196904,46.3227810358129,62.7877801619534,42.5294865559606,55.5235771981097,65.5455277051933,42.7733079578418,39.4817944117732,48.4680870658298,52.5500391304571,56.1339978985348,38.9362255210876,58.6041052390148
49.6503898268525,63.9486166713983,59.1732211873232,46.0696132792094,55.0934805913859,48.8337337296238,55.3338142277643,44.7288727055079,36.7728010743048,69.4747958771485,47.3268307839166,55.2845423037241,51.9148178974421,59.2297306118005,61.5774197861404,54.6335728710996,49.7114818282883,60.7320084754821,58.5140636196904,46.3227810358129,62.7877801619534,42.5294865559606,56.1848399710161,65.5455431012143,42.7733079578418,39.4817944117732,48.4680870658298,52.5501988754423,56.1339978985348,39.4376133241387,58.6052871977218
49.6503898268525,63.9486166713983,59.1732211873232,46.0696248166994,55.0934805913859,48.8337337296238,55.3338142277643,44.7288727055079,36.7728010743048,69.4747958771485,47.3268307839166,55.2845423037241,51.9148178974421,59.233813505821,61.5774197861404,54.6335728710996,49.7114818282883,60.7320084754821,58.5140636196904,46.3251552082875,62.7877801619534,42.5294865559606,57.627169209143,65.5455431012143,42.7733079578418,39.4817944117732,48.4680870658298,52.5501988754423,56.1350249257193,39.7012245144738,58.6052871977218
49.6503898268525,63.9486166713983,59.1732211873232,46.0696248166994,55.0934805913859,48.8337337296238,55.3338142277643,44.7288727055079,36.7728010743048,69.4747958771485,47.3268307839166,55.2845423037241,51.9148178974421,59.233813505821,61.5774197861404,54.6335728710996,49.7114818282883,60.7320084754821,58.5140636196904,46.3259622663714,62.7877801619534,42.5294865559606,58.4535985764198,65.5457160302146,42.7733079578418,39.4817944117732,48.4680870658298,52.5501988754423,56.1350249257193,39.7012245144738,58.6052871977218
49.651381283271,63.9490178313201,59.1769058086064,46.0696248166994,55.0934805913859,48.8337337296238,55.3338142277643,44.7288727055079,36.7740537142519,69.4747958771485,47.3268307839166,55.2845423037241,51.9148178974421,59.233813505821,61.5774197861404,54.6335728710996,49.7114818282883,60.7320084754821,58.5140636196904,46.3259622663714,62.7877801619534,42.5294865559606,59.5955106647198,65.5457160302146,42.7733079578418,39.4817944117732,48.4680870658298,52.55029461161,56.1350249257193,39.9869415405882,58.6052871977218
49.651381283271,63.9490178313201,59.1769058086064,46.0696248166994,55.0934805913859,48.8337337296238,55.3338142277643,44.7288727055079,36.7740537142519,69.4747958771485,47.3268307839166,55.2845423037241,51.9148178974421,59.233813505821,61.5774197861404,54.6335728710996,49.7114818282883,60.7320084754821,58.5140636196904,46.3259622663714,62.7877801619534,42.5294865559606,61.9692389880077,65.5457160302146,42.7733079578418,39.4817944117732,48.4680870658298,52.55029461161,56.1357072898789,41.7001681547233,58.6057755652737
49.651381283271,63.9494665506448,59.1769058086064,46.0696248166994,55.0934805913859,48.8337337296238,55.3370120874193,44.7288727055079,36.7740537142519,69.4747958771485,47.3268307839166,55.2845423037241,51.9148178974421,59.237209152141,61.5899372737938,54.6335728710996,49.7114818282883,60.7320084754821,58.5140636196904,46.3285171990725,62.7877801619534,42.5294865559606,61.9692389880077,65.5457160302146,42.7733079578418,39.4817944117732,48.4680870658298,52.55029461161,56.1357072898789,41.7001681547233,58.6057755652737
49.6521635709649,63.9494665506448,59.1784659082811,46.0696248166994,55.0934805913859,48.8337337296238,55.3370120874193,44.7288727055079,36.7740537142519,69.4747958771485,47.3268307839166,55.2845423037241,51.9148178974421,59.237209152141,61.5899372737938,54.6335728710996,49.7114818282883,60.7320126607536,58.5140636196904,46.3285171990725,62.7880176658705,42.5294865559606,62.3726439222443,65.5459973294029,42.7733079578418,39.4817944117732,48.4680870658298,52.550353375628,56.1357072898789,41.7001681547233,58.6057755652737
49.6521635709649,63.9494665506448,59.1959969609089,46.0696248166994,55.0934805913859,48.8337337296238,55.3370120874193,44.7288727055079,36.7748493192825,69.4747958771485,47.3268307839166,55.2902421899857,51.9150812496969,59.2513264543602,61.5899372737938,54.6335728710996,49.7114818282883,60.7320126607536,58.5140636196904,46.3343758943611,62.7880176658705,42.5294865559606,62.3726439222443,65.5459973294029,42.7733079578418,39.4817944117732,48.4680870658298,52.5505242817465,56.1357072898789,41.8696087940441,58.6057755652737
49.6521635709649,63.9497506642642,59.1959969609089,46.0696248166994,55.0934805913859,48.8337337296238,55.3370120874193,44.7288847142202,36.7765687769932,69.4747958771485,47.3268307839166,55.2902421899857,51.9150812496969,59.2513264543602,61.5899372737938,54.6335728710996,49.7114818282883,60.7320126607536,58.5561960939361,46.3343758943611,62.7880176658705,42.5294865559606,62.3726439222443,65.5459973294029,42.7733079578418,39.4817944117732,48.4680870658298,52.5505242817465,56.1357072898789,41.8696087940441,58.6057755652737
49.6524926268106,63.9497506642642,59.2020130441003,46.0696248166994,55.0934805913859,48.8337337296238,55.3370120874193,44.7288847142202,36.7765687769932,69.4757992696561,47.3268307839166,55.2902421899857,51.9153736502636,59.2513264543602,61.5992049810804,54.6335728710996,49.7114818282883,60.7320126607536,58.5561960939361,46.3343758943611,62.7880176658705,42.5294865559606,62.3726439222443,65.5459973294029,42.7733079578418,39.4817944117732,48.468087084944,52.5513224111132,56.1358417974277,42.2532673704963,58.6057755652737
49.6524926268106,63.9497506642642,59.2020130441003,46.0696248166994,55.0934805913859,48.8337337296238,55.3370120874193,44.7288847142202,36.7765687769932,69.4757992696561,47.3268307839166,55.2902421899857,51.9153736502636,59.2513264543602,61.5992049810804,54.6335728710996,49.7114818282883,60.7320126607536,58.5930907233549,46.3343758943611,62.7880176658705,42.5294865559606,62.3726439222443,65.5459973294029,42.7749236038978,39.4817944117732,48.468087084944,52.5513224111132,56.1358417974277,42.2532673704963,58.6120038520808
49.6524926268106,63.9507743343227,59.2020130441003,46.0696248166994,55.0934805913859,48.8337337296238,55.3370120874193,44.7288915938627,36.7765687769932,69.4757992696561,47.3268307839166,55.2902421899857,51.9153736502636,59.2513264543602,61.5992049810804,54.6335728710996,49.7114818282883,60.7320126607536,58.5930907233549,46.3343758943611,62.7880176658705,42.5294865559606,62.3726439222443,65.5459973294029,42.7749236038978,39.4817944117732,48.468087084944,52.5513224111132,56.1358417974277,42.2532673704963,58.6120038520808
49.6524926268106,63.9507743343227,59.2020130441003,46.0696248166994,55.0934805913859,48.8337337296238,55.3370120874193,44.7288915938627,36.7765687769932,69.4757992696561,47.3268307839166,55.2902421899857,51.9153736502636,59.2513264543602,61.5992049810804,54.6373122376845,49.7114818282883,60.7320126607536,58.5930907233549,46.3343758943611,62.7880203728137,42.5294865559606,62.3726439222443,65.5460157892604,42.7749236038978,39.4817944117732,48.468087084944,52.5513224111132,56.136753784285,42.2532673704963,58.6120038520808
49.6524926268106,63.9544170210603,59.2020130441003,46.0696248166994,55.1368229403436,48.8337337296238,55.3370120874193,44.7288915938627,36.7765687769932,69.4757992696561,47.3268307839166,55.2902421899857,51.9153736502636,59.2513264543602,61.5992049810804,54.6373122376845,49.7114818282883,60.7320126607536,58.5930907233549,46.3343758943611,62.7880203728137,42.5294865559606,62.3726439222443,65.5460157892604,42.7749236038978,39.4817944117732,48.468087084944,52.5513224111132,56.136753784285,42.2555933417167,58.6120038520808
49.6524926268106,63.9544170210603,59.2158614468306,46.0696248166994,55.1368229403436,48.8337337296238,55.3370120874193,44.7289069137991,36.7765687769932,69.4757992696561,47.3289342081511,55.2917804182246,51.9153736502636,59.2513264543602,61.6090358748174,54.6373122376845,49.7114818282883,60.7320283109881,58.5930907233549,46.3343758943611,62.7880203728137,42.5294865559606,62.3726439222443,65.5460157892604,42.7758021723203,39.4817944117732,48.468087084944,52.5513224111132,56.136753784285,42.2555933417167,58.6120038520808
49.6524926268106,63.9544170210603,59.2309248257973,46.0696248166994,55.1368229403436,48.8337337296238,55.3370120874193,44.7289069137991,36.7765687769932,69.4757992696561,47.3289342081511,55.2917804182246,51.9153736502636,59.2539067772688,61.6090358748174,54.6373122376845,49.7114818282883,60.7320283109881,58.5930907233549,46.3343758943611,62.7880203728137,42.5294865559606,62.389717951582,65.5460157892604,42.7758021723203,39.4817944117732,48.468087084944,52.5513224111132,56.136753784285,42.2555933417167,58.6165119771435
49.6524926268106,63.9563577750645,59.2309248257973,46.0696248166994,55.1368229403436,48.8337337296238,55.3370120874193,44.7289069137991,36.7765687769932,69.4757992696561,47.3289342081511,55.2917804182246,51.9153736502636,59.2539067772688,61.6090358748174,54.6373122376845,49.7114818282883,60.7320283109881,58.5930907233549,46.3343758943611,62.7880203728137,42.5294865559606,62.389717951582,65.5460178750919,42.7763363422859,39.4817944117732,48.468087084944,52.5513224111132,56.136753784285,42.2931919198909,58.6165119771435
49.6534608347629,63.9563577750645,59.5214251986309,46.3325491588482,55.1368229403436,48.8337337296238,55.3370120874193,44.7289069137991,36.7765687769932,69.4757992696561,47.3289342081511,55.2917804182246,51.9153736502636,59.2596022681027,61.6090358748174,54.6373122376845,49.7114818282883,60.7320325267601,58.5930907233549,46.3343758943611,62.7880203728137,42.5294865559606,62.4457349880857,65.5460178750919,42.7763363422859,39.4817944117732,48.468087084944,52.5514117896712,56.136753784285,42.5405610598457,58.6165119771435
49.6534608347629,63.9563577750645,59.5214251986309,46.3325491588482,55.1368229403436,48.8337337296238,55.3370120874193,44.7289138193695,36.7765687769932,69.4828915942868,47.3295315836829,55.2917804182246,51.9153736502636,59.2596022681027,61.6090358748174,54.6559150052308,49.7114818282883,60.7320325267601,58.5930907233549,46.3343758943611,62.7880203728137,42.5294865559606,62.4457349880857,65.5460178750919,42.7816405246167,39.4817944117732,48.4680871154639,52.5514117896712,56.136753784285,42.7067598924829,58.616652547631
49.6540724439368,63.957360335257,59.5365483174359,46.3325491588482,55.1368229403436,48.8337337296238,55.3370120874193,44.7289138193695,36.7765687769932,69.4828915942868,47.3295315836829,55.2917804182246,51.9153736502636,59.2596022681027,61.6090358748174,54.6559150052308,49.7114818282883,60.7320325267601,58.5930907233549,46.3343758943611,62.7880203728137,42.5294865559606,62.4457349880857,65.5464962795285,42.7816405246167,39.4817944117732,48.4680871154639,52.5514117896712,56.136753784285,42.7067598924829,58.616652547631
49.6540724439368,63.957360335257,59.5665886214223,46.3325491588482,55.1368229403436,48.8337337296238,55.3370120874193,44.7289173623508,36.7765687769932,69.4828915942868,47.3295315836829,55.2976015235486,51.9153736502636,59.2744820819081,61.6090358748174,54.6559150052308,49.7114818282883,60.7320325267601,58.5970440416524,46.3343758943611,62.7880203728137,42.5294865559606,62.4457349880857,65.5464962795285,42.7816405246167,39.4817944117732,48.4680871154639,52.5515243898175,56.136753784285,42.7496034175629,58.6441055952617
49.6540724439368,63.9645652459764,59.625962872633,46.3325491588482,55.1368229403436,48.8337337296238,55.3370120874193,44.7289173623508,36.7765687769932,69.4828915942868,47.3295315836829,55.2976015235486,51.9153736502636,59.2744820819081,61.6090358748174,54.6559150052308,49.7114818282883,60.7320368567874,58.5970440416524,46.3343758943611,62.7880203728137,42.5294865559606,62.4479865235104,65.5467282892428,42.7816405246167,39.4817944117732,48.4680871154639,52.5515694445436,56.136753784285,42.8221883519768,58.6441055952617
49.6544216803822,63.9645652459764,59.6591419225067,46.3325491588482,55.1368229403436,48.8337337296238,55.3370120874193,44.7289173623508,36.7765687769932,69.4828915942868,47.3327867432371,55.2976015235486,51.9153736502636,59.2886484306276,61.6090358748174,54.6559150052308,49.7114818282883,60.7320368567874,58.5970440416524,46.3343758943611,62.7880203728137,42.5294865559606,62.4639379252374,65.5467282892428,42.7816405246167,39.4817944117732,48.4680872648291,52.5515694445436,56.136753784285,42.8221883519768,58.6441055952617
49.6544216803822,63.9645652459764,59.6591419225067,46.3325491588482,55.1368229403436,48.8337337296238,55.3370120874193,44.7289173623508,36.7765687769932,69.4828915942868,47.3327867432371,55.2976015235486,51.9159835107033,59.2886484306276,61.6090358748174,54.6559150052308,49.7114818282883,60.7320368567874,58.5970440416524,46.3343758943611,62.7939965216273,42.5294865559606,62.5703942507782,65.5467282892428,42.7816405246167,39.4817944117732,48.4680872648291,52.5515694445436,56.136753784285,42.8365370570435,58.6526884823339
49.6544216803822,63.9675042698488,59.6591419225067,46.3325491588482,55.1368229403436,48.8337337296238,55.3370120874193,44.7289173623508,36.7765687769932,69.4828915942868,47.3368866604875,55.2976015235486,51.9159835107033,59.2886484306276,61.6090358748174,54.6559150052308,49.7114818282883,60.7320368567874,58.5970440416524,46.3343758943611,62.7939965216273,42.5294865559606,62.6356163089813,65.5467282892428,42.8066609900638,39.4817944117732,48.4680872648291,52.5516039387022,56.1370110509121,42.8365370570435,58.6526884823339
49.654617824366,63.9675042698488,59.6591419225067,46.3325491588482,55.1368229403436,48.8337337296238,55.3370120874193,44.7289173623508,36.7765687769932,69.4828915942868,47.3368866604875,55.3003041675878,51.9159835107033,59.2886484306276,61.6090358748174,54.6559150052308,49.7114818282883,60.7320368567874,58.5970440416524,46.3343758943611,62.794454704559,42.5294865559606,62.6356163089813,65.5469348744436,42.8183260733076,39.4817944117732,48.4680872648291,52.5516039387022,56.1370110509121,42.8365370570435,58.6526884823339
49.654617824366,63.9675042698488,59.6618428702719,46.3917772142168,55.1368229403436,48.8337337296238,55.3370120874193,44.7289173623508,36.7765687769932,69.4828915942868,47.3368866604875,55.3003041675878,51.9159835107033,59.2886484306276,61.6090358748174,54.6559150052308,49.7114818282883,60.7320368567874,58.5970440416524,46.3343758943611,62.794454704559,42.5294865559606,62.6356163089813,65.5469348744436,42.8227068941759,39.4817944117732,48.4680872648291,52.5516394468195,56.1370110509121,42.8365370570435,58.6718381777906
49.6555287926887,63.9675042698488,59.6618428702719,46.3917772142168,55.1368229403436,48.8374875416435,55.3370120874193,44.7289173623508,36.7765687769932,69.4828915942868,47.3397977381582,55.3003041675878,51.9159835107033,59.2886484306276,61.6090358748174,54.6559150052308,49.7114818282883,60.7320368567874,58.6034126443355,46.3343758943611,62.794454704559,42.5294865559606,62.8260732050019,65.5469348744436,42.8236938411405,39.4837575136494,48.4680872648291,52.5516394468195,56.1382917166208,42.8745555231315,58.6718381777906
49.6555287926887,63.9677328538654,59.6732113077086,48.5111728414013,55.1368229403436,48.8374875416435,55.3370120874193,44.7289173623508,36.7769464492833,69.4828915942868,47.3397977381582,55.3003041675878,51.9167432340643,59.2954737753272,61.6090358748174,54.6559150052308,49.7114818282883,60.7320564876736,58.6034126443355,46.334815971396,62.794454704559,42.5294865559606,62.8260732050019,65.5469348744436,42.8236938411405,39.4837575136494,48.4680872648291,52.5516394468195,56.1382917166208,42.8745555231315,58.6718381777906
49.6555287926887,63.9677328538654,59.6732113077086,48.5111728414013,55.1368229403436,48.8374875416435,55.3370120874193,44.7289185131436,36.7769464492833,69.4828915942868,47.3397977381582,55.3003041675878,51.9167432340643,59.2954737753272,61.6090358748174,54.6559150052308,49.7114818282883,60.7320564876736,58.6034126443355,46.334815971396,62.794454704559,42.5294865559606,62.8260732050019,65.5469348744436,42.8236938411405,39.4837575136494,48.4680872648291,52.5516394468195,56.1382917166208,42.8827530871752,58.6718381777906
49.6559642063526,63.9677328538654,59.6732113077086,48.5111728414013,55.1368229403436,48.8374875416435,55.3370120874193,44.7289185131436,36.776975346688,69.4828915942868,47.3418754688939,55.3003041675878,51.9167432340643,59.2954737753272,61.6201935991238,54.6559150052308,49.7114818282883,60.7320564876736,58.6116198378062,46.3355569457109,62.794454704559,42.5294865559606,62.9086879109507,65.5469348744436,42.8236938411405,39.4837575136494,48.4680872648291,52.5516394468195,56.1382917166208,42.8827530871752,58.6795111008241
49.6572297427543,63.9696765858361,59.6732113077086,48.5111728414013,55.1368229403436,48.8374875416435,55.3370120874193,44.7289185131436,36.776975346688,69.4828915942868,47.3418754688939,55.3003041675878,51.9172241905925,59.2954737753272,61.6201935991238,54.6559150052308,49.7114818282883,60.7320564876736,58.6116198378062,46.3355569457109,62.7950500989928,42.5294865559606,62.9575078262227,65.5469348744436,42.8236938411405,39.4837575136494,48.4680872648291,52.5516485012151,56.1410534623367,42.8827530871752,58.6795111008241
49.6572297427543,63.9696765858361,59.6732113077086,48.5111728414013,55.1368229403436,48.8374875416435,55.3370120874193,44.7289185131436,36.776975346688,69.4828915942868,47.3418754688939,55.3003041675878,51.9172241905925,59.2954737753272,61.6201935991238,54.6559150052308,49.7114818282883,60.7320753113803,58.6116198378062,46.3355569457109,62.7950500989928,42.5294865559606,62.9575078262227,65.5469348744436,42.9023953122287,39.4837575136494,48.4680872648291,52.5516485012151,56.1410534623367,42.8827530871752,58.6795111008241
49.6576581391108,63.9696765858361,59.6732113077086,49.472311361491,55.1368229403436,48.8374875416435,55.3370120874193,44.7289185131436,36.776975346688,69.4828915942868,47.3418754688939,55.3003041675878,51.9172241905925,59.2954737753272,61.6201935991238,54.6559150052308,49.7114818282883,60.7320753113803,58.6116198378062,46.3361727329823,62.7979286540724,42.5298620359821,62.9575078262227,65.5469348744436,42.9221194811082,39.4837575136494,48.4680872779895,52.5516485012151,56.1410534623367,42.8827530871752,58.6821126068602
49.6576581391108,63.9799263727755,59.6802289704317,49.472311361491,55.1368229403436,48.8374875416435,55.3370120874193,44.7289185131436,36.776975346688,69.4828915942868,47.3454016830173,55.3132483270044,51.9172241905925,59.2954737753272,61.6232309294826,54.6559150052308,49.7114818282883,60.7320753113803,58.6116198378062,46.3361727329823,62.7979286540724,42.5298620359821,62.9678002793466,65.5469348744436,42.9221194811082,39.4837575136494,48.4680872779895,52.5516485012151,56.1410534623367,42.8914431678438,58.6821126068602
49.6576581391108,63.9799263727755,59.6833031549653,49.798849526413,55.1368229403436,48.8374875416435,55.3370120874193,44.7289185131436,36.776975346688,69.4828915942868,47.3454016830173,55.3132483270044,51.9173796346412,59.2954737753272,61.6232309294826,54.6559150052308,49.7114818282883,60.732083750892,58.6116198378062,46.3361727329823,62.7979286540724,42.5298620359821,62.9678002793466,65.5469348744436,42.9221194811082,39.4837575136494,48.4680872779895,52.5516485012151,56.1416574756796,42.8914431678438,58.6821126068602
49.6577371701953,63.9799263727755,59.6833031549653,50.4922895817388,55.1368229403436,48.8374875416435,55.3370120874193,44.7289185131436,36.776975346688,69.4828915942868,47.3454016830173,55.3132483270044,51.9173796346412,59.2954737753272,61.6232309294826,54.6559150052308,49.7114818282883,60.732083750892,58.6116198378062,46.3361727329823,62.7979286540724,42.5298620359821,62.969917067601,65.5469348744436,42.9221194811082,39.4837575136494,48.4680872779895,52.5516500522605,56.1416574756796,42.8951189133194,58.6821126068602
49.6577371701953,63.9817005631423,59.7188005542378,50.4922895817388,55.1368229403436,48.8394091997682,55.3370120874193,44.7289185131436,36.776975346688,69.4828915942868,47.35332225705,55.3132483270044,51.9173796346412,59.2954737753272,61.6232309294826,54.6559150052308,49.7114818282883,60.732083750892,58.6116198378062,46.3367642130394,62.7979286540724,42.5298620359821,62.969917067601,65.5469348744436,42.9246045923969,39.4837575136494,48.4680872779895,52.5516500522605,56.1416574756796,42.8951189133194,58.6821126068602
49.6582969461095,63.9817005631423,59.7188005542378,50.6623627539463,55.1368229403436,48.8394091997682,55.3370120874193,44.7289185131436,36.7775450232605,69.4828915942868,47.35332225705,55.3132483270044,51.9175672651519,59.2954737753272,61.6232309294826,54.6559150052308,49.7114818282883,60.732083750892,58.6116198378062,46.3367642130394,62.7979286540724,42.5298620359821,63.0236523308306,65.5470323254756,42.9246045923969,39.4837575136494,48.4680872779895,52.5516500522605,56.1425213760186,42.8951189133194,58.6915946175141
49.6582969461095,63.9817005631423,59.7483789316636,52.0253589264349,55.1368229403436,48.8394091997682,55.3370120874193,44.7289189552187,36.7775450232605,69.4828915942868,47.3579287361582,55.3132483270044,51.9175672651519,59.2954737753272,61.6256132410787,54.6559150052308,49.7114818282883,60.7320960546312,58.6116198378062,46.3373735718845,62.7983377982637,42.5298620359821,63.0236523308306,65.5470323254756,42.9252636300018,39.4837575136494,48.4680872779895,52.5516500522605,56.1425213760186,42.8951189133194,58.6915946175141
49.6582969461095,63.992976328524,59.7776849743989,52.0253589264349,55.1368229403436,48.8394091997682,55.3370120874193,44.7289189552187,36.7775450232605,69.4828915942868,47.3579287361582,55.3132483270044,51.9175672651519,59.2992711859972,61.6256132410787,54.6559150052308,49.7114818282883,60.7320960546312,58.6116198378062,46.3373735718845,62.7983377982637,42.5298620359821,63.0236523308306,65.5471712416462,43.1055778049786,39.4837575136494,48.4680872779895,52.5516500522605,56.1425213760186,42.8951189133194,58.6915946175141
49.6582969461095,63.992976328524,59.7776849743989,52.528506352185,55.1368229403436,48.8394091997682,55.3370120874193,44.7289189552187,36.7789341883214,69.4828915942868,47.3579287361582,55.3132483270044,51.9177450169159,59.2992711859972,61.6256132410787,54.6559150052308,49.7114818282883,60.7320960546312,58.6116198378062,46.3373735718845,62.7983377982637,42.5298620359821,63.0236523308306,65.5471712416462,43.1113240640507,39.4837575136494,48.4680872779895,52.5516500522605,56.1425213760186,42.9296723335611,58.6915946175141
49.6582969461095,63.992976328524,59.7817742987783,52.528506352185,55.1368229403436,48.8394091997682,55.3370120874193,44.7289189552187,36.7789341883214,69.4828915942868,47.3605614355922,55.3132483270044,51.9177450169159,59.2992711859972,61.6256132410787,54.6559150052308,49.7114818282883,60.7320960546312,58.6141351032616,46.3373735718845,62.7983377982637,42.5298620359821,63.0236523308306,65.5471712416462,43.1812650243784,39.4837575136494,48.4680872779895,52.5516515093894,56.1425213760186,42.9296723335611,58.6915946175141
49.6583506830379,63.992976328524,59.793112764213,52.6014116276547,55.1368229403436,48.8394091997682,55.3370120874193,44.7289189552187,36.7789341883214,69.4828915942868,47.3605614355922,55.3132483270044,51.9177450169159,59.3026927792907,61.6256132410787,54.6559150052308,49.7114818282883,60.7320960546312,58.6141351032616,46.3373735718845,62.7983377982637,42.5298620359821,63.0236523308306,65.5472229317248,43.1812650243784,39.4837575136494,48.4680872779895,52.5516515093894,56.1425213760186,42.9296723335611,58.6915946175141
49.6583506830379,63.992976328524,59.793112764213,52.6014116276547,55.1368229403436,48.8394091997682,55.3370120874193,44.7289189552187,36.7792248438928,69.4828915942868,47.3605614355922,55.3132483270044,51.9180023279514,59.3026927792907,61.6256132410787,54.6559150052308,49.7114818282883,60.7320960546312,58.6141351032616,46.3373735718845,62.7983377982637,42.5298620359821,63.0236523308306,65.5472229317248,43.1812650243784,39.4837575136494,48.4680872779895,52.5516515093894,56.1425213760186,43.091591999754,58.6915946175141
49.6583506830379,63.992976328524,59.793112764213,52.9516969881877,55.1368229403436,48.8394091997682,55.3370120874193,44.7289189552187,36.7792248438928,69.4828915942868,47.3632128504048,55.3132483270044,51.9180023279514,59.3026927792907,61.6256132410787,54.6559150052308,49.7114818282883,60.7321703879427,58.6141351032616,46.3373735718845,62.7983377982637,42.5298620359821,63.0236523308306,65.547233859002,43.1922332281541,39.4837575136494,48.4680872779895,52.5516515093894,56.1425213760186,43.1702934925763,58.6915946175141
49.6583506830379,63.9985414157076,59.793112764213,52.9516969881877,55.1368229403436,48.8394091997682,55.3370120874193,44.7289191695235,36.7792248438928,69.4828915942868,47.3632128504048,55.3132483270044,51.9180023279514,59.3039353385939,61.6256132410787,54.6559150052308,49.7114818282883,60.7321703879427,58.6141351032616,46.3373735718845,62.7983377982637,42.5298620359821,63.0236523308306,65.547233859002,43.1922332281541,39.4837575136494,48.4680872779895,52.5516515093894,56.1425213760186,43.1702934925763,58.6915946175141
49.6583506830379,63.9985414157076,59.8010588479167,52.9516969881877,55.1368229403436,48.8394091997682,55.3370120874193,44.7289191695235,36.7792248438928,69.4828915942868,47.3632128504048,55.3132483270044,51.9180023279514,59.3039353385939,61.6256132410787,54.6559150052308,49.7114818282883,60.7321703879427,58.6141351032616,46.3373735718845,62.7983377982637,42.5298620359821,63.0236523308306,65.547233859002,43.1922332281541,39.4837575136494,48.4680872779895,52.5516515093894,56.14269884036,43.1702934925763,58.6999520238183
49.6583506830379,63.9985414157076,59.8010588479167,52.9516969881877,55.1368229403436,48.840645712314,55.3370120874193,44.7289191695235,36.7792248438928,69.4828915942868,47.3718485683073,55.3132483270044,51.9180023279514,59.3039353385939,61.6256132410787,54.6559150052308,49.7114818282883,60.7321703879427,59.234020975146,46.3373735718845,62.7983377982637,42.5298620359821,63.0236523308306,65.547233859002,43.1983385838073,39.4837575136494,48.4680872779895,52.5516515093894,56.14269884036,43.2965278502617,58.6999520238183
49.6583506830379,63.9985414157076,59.8010588479167,52.9516969881877,55.1368229403436,48.840645712314,55.3370120874193,44.7289191695235,36.7792248438928,69.4828915942868,47.3718485683073,55.3132483270044,51.9180023279514,59.3039353385939,61.6256132410787,54.6559150052308,49.7114818282883,60.7321703879427,59.234020975146,46.3373735718845,62.7983377982637,42.5298620359821,63.0236523308306,65.547233859002,43.1983385838073,39.4837575136494,48.4680872779895,52.5516515093894,56.14269884036,43.2965278502617,58.6999520238183
49.6583506830379,63.9985414157076,59.8010588479167,52.9516969881877,55.1368229403436,48.840645712314,55.3370120874193,44.7289191695235,36.7792248438928,69.4828915942868,47.3718485683073,55.3132483270044,51.9199921445406,59.3039353385939,61.6256132410787,54.6559150052308,49.7114818282883,60.7321703879427,59.234020975146,46.3373735718845,62.7983377982637,42.5298620359821,63.0236523308306,65.547233859002,43.6242346649762,39.4837575136494,48.4680872779895,52.5516515093894,56.14269884036,43.2965278502617,58.6999520238183
49.6583506830379,63.9985414157076,59.8094115654274,52.9516969881877,55.1368229403436,48.840645712314,55.3370120874193,44.7289191695235,36.7792248438928,69.4828915942868,47.3718485683073,55.3132483270044,51.9199921445406,59.3222409416244,61.6256132410787,54.6559150052308,49.7114818282883,60.7321954504408,59.234020975146,46.3375493712639,62.7983377982637,42.5298620359821,63.0236523308306,65.547233859002,44.1479381776676,39.4837575136494,48.4680872779895,52.5516515093894,56.14269884036,43.4025153105489,58.6999520238183
49.6583506830379,63.9985414157076,59.8094115654274,53.0613071525902,55.1368229403436,48.840645712314,55.3370120874193,44.7289192668087,36.7792248438928,69.4828915942868,47.3773393876697,55.3132483270044,51.9199921445406,59.3222409416244,61.6256132410787,54.6559150052308,49.7122610178026,60.7321954504408,59.234020975146,46.3375493712639,62.7983377982637,42.5298620359821,63.0237245693781,65.547233859002,44.5543121456236,39.4837575136494,48.4680872779895,52.5516515093894,56.14269884036,43.4206696364834,58.7055439139587
49.658591148028,63.9985414157076,59.8125250242038,53.0613071525902,55.1368229403436,48.840645712314,55.3370120874193,44.7289192668087,36.7792248438928,69.4828915942868,47.3773393876697,55.3132483270044,51.9199921445406,59.3222409416244,61.6256132410787,54.6559150052308,49.7122610178026,60.7321954504408,59.234020975146,46.3377223783618,62.7997582667097,42.5323879462277,63.0237245693781,65.5473960232306,44.76858513042,39.4837575136494,48.4680872868519,52.5516515093894,56.14269884036,43.4206696364834,58.7055439139587
49.6591622550682,64.0048458604228,59.8125250242038,53.1266701154146,55.1368229403436,48.840645712314,55.3370120874193,44.7289192668087,36.7792248438928,69.4828915942868,47.3773393876697,55.3132483270044,51.9212694993544,59.3310000139363,61.6256132410787,54.6559150052308,49.7122610178026,60.7322042909622,59.234020975146,46.3377223783618,62.7997582667097,42.5323879462277,63.0237245693781,65.5474205029035,44.9438264931307,39.4837575136494,48.4680872868519,52.5516515093894,56.14269884036,43.4206696364834,58.7055439139587
49.6591622550682,64.0048458604228,59.8231976225815,53.1266701154146,55.1368229403436,48.8415176897677,55.3370120874193,44.7289192668087,36.7792248438928,69.4828915942868,47.3808051779383,55.3132483270044,51.9212694993544,59.3310000139363,61.6256132410787,54.6559150052308,49.7122610178026,60.7322042909622,59.4321431725878,46.3377223783618,62.7997582667097,42.5323879462277,63.0413105002085,65.5474205029035,44.9438264931307,39.4837575136494,48.4680872868519,52.5516515093894,56.1427920675969,43.4206696364834,58.7062491926529
49.6591868612274,64.0048458604228,59.8231976225815,53.1266701154146,55.1368229403436,48.8415176897677,55.3370120874193,44.7289192668087,36.7792248438928,69.4828915942868,47.3808051779383,55.3132483270044,51.9212694993544,59.3310000139363,61.6256132410787,54.6559150052308,49.7122610178026,60.7322042909622,59.4321431725878,46.3377292564018,62.7997582667097,42.5323879462277,63.0413105002085,65.5474205029035,44.9438264931307,39.4837575136494,48.4680872868519,52.5516515093894,56.1427920675969,43.4206696364834,58.7062491926529
49.6591868612274,64.0084899498772,59.8263734609622,53.207745299764,55.1368229403436,48.8415176897677,55.3370120874193,44.7289192668087,36.7792248438928,69.4828915942868,47.3808051779383,55.3268806655755,51.9218662684502,59.3372178059456,61.6256132410787,54.6559150052308,49.7122610178026,60.7322042909622,59.4321431725878,46.3377292564018,62.7997582667097,42.5323879462277,63.0413105002085,65.54910531013,45.0520105493365,39.4837575136494,48.4680872892972,52.5516521679642,56.1430626309578,43.4206696364834,58.7062491926529
49.6591868612274,64.0084899498772,59.8263734609622,53.3682565467263,55.1368229403436,48.8415176897677,55.3370120874193,44.7289192668087,36.7792248438928,69.4828915942868,47.3829986251853,55.3268806655755,51.9218662684502,59.3419369616871,61.6256132410787,54.6559150052308,49.7122610178026,60.7322042909622,59.4321431725878,46.3377292564018,62.7997582667097,42.5323879462277,63.0413105002085,65.54910531013,45.4190797204641,39.4837575136494,48.4680872892972,52.5516521679642,56.1430626309578,43.4206696364834,58.7062491926529
49.6591868612274,64.0084899498772,59.8337848700846,53.3682565467263,55.1368229403436,48.8415176897677,55.3370120874193,44.7289192668087,36.7792248438928,69.4828915942868,47.3829986251853,55.3425582884836,51.9218662684502,59.3419369616871,61.6256132410787,54.6559150052308,49.7122610178026,60.7322042909622,59.6579465005209,46.3377292564018,62.7997582667097,42.5323879462277,63.0413105002085,65.54910531013,45.4698454575864,39.4837575136494,48.4680872892972,52.5516528395847,56.1430626309578,43.4206696364834,58.7062491926529
49.6591868612274,64.0084899498772,59.8337848700846,53.3682565467263,55.1368229403436,48.8415176897677,55.3370120874193,44.7289192668087,36.7792248438928,69.4828915942868,47.3829986251853,55.3425582884836,51.9218662684502,59.3500199289029,61.6256132410787,54.6559150052308,49.7122610178026,60.7322066753376,59.6579465005209,46.3387416065004,62.7997582667097,42.5323879462277,63.0413105002085,65.54910531013,45.5317149696008,39.4837575136494,48.4680872892972,52.5516528395847,56.1430626309578,43.4206696364834,58.7062491926529
49.6591969621129,64.0084899498772,59.8337848700846,53.3682565467263,55.1368229403436,48.8415176897677,55.3370120874193,44.7289192913498,36.7792248438928,69.4828915942868,47.384401454615,55.3425582884836,51.9229225093988,59.3500199289029,61.6256132410787,54.6559150052308,49.7122610178026,60.7322066753376,59.8347036234326,46.3387416065004,62.7997582667097,42.5323879462277,63.0413105002085,65.5511405299475,45.5317149696008,39.4837575136494,48.4680872892972,52.5516528395847,56.1430626309578,43.4206696364834,58.7081788267911
49.6599531282507,64.0084899498772,59.8348480606841,53.3682565467263,55.1368229403436,48.8415176897677,55.3370120874193,44.7289192913498,36.7792248438928,69.4828915942868,47.384401454615,55.3425582884836,51.9229225093988,59.3510238771291,61.6256132410787,54.6559150052308,49.7122610178026,60.7322066753376,59.8347036234326,46.3387416065004,62.7997582667097,42.5323879462277,63.0413105002085,65.5511405299475,45.6661109527715,39.4837575136494,48.4680872892972,52.5516531915065,56.1430626309578,43.4206696364834,58.7081788267911
49.6599531282507,64.0084899498772,59.8348480606841,53.3682565467263,55.1368229403436,48.8415176897677,55.3370120874193,44.7289192913498,36.7792563648635,69.4828915942868,52.4085223684302,55.3425582884836,51.9229225093988,59.3510238771291,61.6256132410787,54.6559150052308,49.7122610178026,60.7322066753376,59.8347036234326,46.3396250769727,62.7997582667097,42.5323879462277,63.0413105002085,65.5511405299475,46.0170141750869,39.4837575136494,48.4680872892972,52.5516531915065,56.1430626309578,43.4206696364834,58.7081788267911
49.6601010339521,64.0084899498772,59.8497129889567,53.3682565467263,55.1368229403436,48.8415176897677,55.3370120874193,44.7289193629751,36.7792563648635,69.4828915942868,52.4085223684302,55.3425582884836,51.9261143049558,59.3687996041062,61.6256132410787,54.6559150052308,49.7122610178026,60.7322066753376,59.9419515486342,46.3396250769727,62.7997582667097,42.5323879462277,63.0413105002085,65.5523031648367,46.1105596447643,39.4837575136494,48.4680872892972,52.5516531915065,56.1430626309578,43.4258864164853,58.7081788267911
49.6601010339521,64.0084899498772,59.8497129889567,53.3682565467263,55.1368229403436,48.8419306298076,55.3370120874193,44.7289193629751,36.7797090269444,69.4854002559286,54.1361995491227,55.3425582884836,51.9261143049558,59.3687996041062,61.6256132410787,54.6559150052308,49.7122610178026,60.7322066753376,59.9419515486342,46.3398569646318,62.7997582667097,42.5342849891007,63.0413105002085,65.5523031648367,46.2362577449591,39.4837575136494,48.4680872892972,52.5516531915065,56.1430626309578,43.4258864164853,58.7081788267911
49.6601010339521,64.0084899498772,59.8497129889567,53.4163680382165,55.1368229403436,48.8419306298076,55.3370120874193,44.7289193629751,36.7797090269444,69.4854002559286,54.1361995491227,55.3425582884836,51.9261143049558,59.3687996041062,61.6256132410787,54.6559150052308,49.7122610178026,60.7322066753376,60.1800686449622,46.3398569646318,62.7997582667097,42.5342849891007,63.0413105002085,65.5523031648367,46.2362577449591,39.4837575136494,48.4680872892972,52.5516531915065,56.1430626309578,43.4258864164853,58.7081788267911
49.6602827210877,64.0084899498772,59.8497129889567,53.4163680382165,55.1368229403436,48.8419306298076,55.3370120874193,44.7289193629751,36.7797090269444,69.4854002559286,54.1361995491227,55.3425582884836,51.9261143049558,59.3687996041062,61.6256132410787,54.6559150052308,49.7122610178026,60.7322213049068,60.9801020392381,46.3398569646318,62.7997582667097,42.5342849891007,63.0413105002085,65.5523031648367,46.2817100310109,39.4837575136494,48.4680872892972,52.5516534101927,56.1430626309578,43.4258864164853,58.7081788267911
49.6603949163157,64.0084899498772,59.8497129889567,53.4163680382165,55.1368229403436,48.8423587619416,55.3370120874193,44.7289193629751,36.7797178991058,69.4891495808856,54.1361995491227,55.3425582884836,51.9261143049558,59.3687996041062,61.6256132410787,54.6559150052308,49.7122610178026,60.7322213049068,60.9877634502919,46.3398569646318,62.7997582667097,42.5342849891007,63.0413105002085,65.5531627598802,46.3174023342017,39.4837575136494,48.4680872892972,52.5516534101927,56.1430626309578,43.4258864164853,58.7081788267911
49.6603949163157,64.0084899498772,59.8497129889567,53.4163680382165,55.1368229403436,48.8423587619416,55.3370120874193,44.7289193629751,36.7797178991058,69.4891495808856,55.6088402500684,55.3425582884836,51.9261143049558,59.3687996041062,61.6256132410787,54.6559150052308,49.7122610178026,60.7322213049068,60.9877634502919,46.3398569646318,62.7997582667097,42.5342849891007,63.0413105002085,66.1295093851905,46.3176254375162,39.4837575136494,48.4680872892972,52.5516540924283,56.1431285391269,43.4258864164853,58.7081788267911
49.6604609433319,64.0084899498772,59.8497129889567,53.4274520294119,55.1368229403436,48.8423587619416,55.3443176773519,44.7289193847294,36.7797178991058,69.4891495808856,55.6088402500684,55.3425582884836,51.9261143049558,59.3687996041062,61.6256132410787,54.6559150052308,49.7122610178026,60.7322213049068,60.9877634502919,46.3398569646318,62.7997582667097,42.5342849891007,63.0413105002085,66.1295093851905,46.4775702832285,39.4837575136494,48.4680872892972,52.5516540924283,56.3772360851443,43.4258864164853,58.7081788267911
49.6604609433319,64.0139963299565,59.8497129889567,53.4274520294119,55.1368229403436,48.8423587619416,55.3443176773519,44.7289193847294,36.7797865213252,69.4893625811566,55.9825452939089,55.3425582884836,51.9261143049558,59.3687996041062,61.6256132410787,54.6559150052308,49.7122610178026,60.7322213049068,60.9877634502919,46.3398569646318,62.7997582667097,42.5342849891007,63.0415490642024,66.1295093851905,46.4775702832285,39.4837575136494,48.4680872892972,52.5516540924283,56.3772360851443,43.4474793552535,58.7112804553768
49.6604609433319,64.0139963299565,59.8497129889567,53.4274520294119,55.1368229403436,48.8434706036883,55.3443176773519,44.7289193847294,36.7797865213252,69.4893625811566,55.9825452939089,55.3425582884836,51.9262400764723,59.3687996041062,61.6256132410787,54.6559150052308,49.7122610178026,60.7322213049068,60.9877634502919,46.3398569646318,62.7997582667097,42.5342849891007,63.0415490642024,66.1295093851905,46.4775702832285,39.4837575136494,48.4680872892972,52.5516540924283,56.3772360851443,43.4474793552535,58.7112804553768
49.6604609433319,64.0139963299565,59.8497129889567,53.4274520294119,55.1368229403436,48.8434706036883,55.3443176773519,44.7289193847294,36.7797865213252,69.4893625811566,55.9825452939089,55.3425582884836,51.9262400764723,59.3716314832106,61.6256132410787,54.6559150052308,49.7122610178026,60.7322481199471,60.9877634502919,46.3398569646318,62.7997582667097,42.5342849891007,63.0415490642024,66.1295093851905,46.4775702832285,39.4837575136494,48.4680872892972,52.5516540924283,56.8676149123964,43.4474793552535,58.7112804553768
49.6606187472872,64.0139963299565,59.8497129889567,53.6184652902975,55.1368229403436,48.8434706036883,55.3443176773519,44.7289193847294,36.7798549052249,69.4916347450496,55.9825452939089,55.3425582884836,51.9262400764723,59.3716314832106,61.6256132410787,54.6559150052308,49.7122610178026,60.7322481199471,60.9877634502919,46.3398569646318,62.7997582667097,42.5342849891007,63.0415490642024,66.1295093851905,46.4775702832285,39.4837575136494,48.4680872892972,52.5516540924283,56.8676149123964,43.4474793552535,58.7112804553768
49.6606187472872,64.0139963299565,59.8497129889567,53.6184652902975,55.1713806776845,48.8450087615977,55.3443176773519,44.7289193847294,36.7798549052249,69.4916347450496,55.9825452939089,55.3425582884836,51.9262400764723,59.3716314832106,61.6256132410787,54.6559150052308,49.7122610178026,60.7322481199471,60.9877634502919,46.3398569646318,62.7997582667097,42.5342849891007,63.0415490642024,66.1415925570833,46.4775702832285,39.4858395114776,48.4680872892972,52.5516540924283,57.2469394221023,43.4474793552535,58.7112804553768
49.6607577226701,64.0139963299565,59.8497129889567,53.707417310667,55.1713806776845,48.8450087615977,55.3443176773519,44.7289193847294,36.7798549052249,69.4916347450496,56.2195229021884,55.3425582884836,51.9262400764723,59.3716314832106,61.6256132410787,54.6559150052308,49.7122610178026,60.732281931919,60.9877634502919,46.3398569646318,62.7997582667097,42.5342849891007,63.0418899519234,66.1415925570833,46.4775702832285,39.4858395114776,48.4680872910079,52.5516540924283,57.2469394221023,43.4474793552535,58.7112804553768
49.6607919805441,64.0139963299565,59.8497129889567,53.707417310667,55.1713806776845,48.8450087615977,55.3443176773519,44.7289193847294,36.7803704864179,69.4916347450496,56.2195229021884,55.3425582884836,51.9262400764723,59.3716314832106,61.6391154099284,54.6559150052308,49.7122610178026,60.732281931919,60.9896162627292,46.3398569646318,62.7997835628333,42.5342849891007,63.0418899519234,66.1415925570833,46.4775702832285,39.4858395114776,48.4680872910079,52.5516540924283,57.2469394221023,43.4474793552535,58.7112804553768
49.6607919805441,64.0139963299565,59.8500664153563,53.7090549971145,55.1713806776845,48.8450087615977,55.3443176773519,44.7289193847294,36.7803704864179,69.4916347450496,56.2195229021884,55.3425582884836,51.9264315406487,59.3716314832106,61.6391154099284,54.6559150052308,49.7122610178026,60.732281931919,60.9896162627292,46.3405236591169,62.7997835628333,42.5342849891007,63.0422213808834,66.1415925570833,46.4775702832285,39.4858395114776,48.4680872910079,52.5516540924283,57.2469394221023,43.4474793552535,58.7112804553768
49.6607919805441,64.0139963299565,59.8500664153563,53.7518682733908,55.1713806776845,48.8450087615977,55.3443176773519,44.7289193847294,36.7803704864179,69.4916347450496,56.2195229021884,55.3425582884836,51.9264315406487,59.3716314832106,61.6391154099284,54.6559150052308,49.7122610178026,60.7323054389226,61.0233687880716,46.3405236591169,62.7997835628333,42.5342849891007,63.0422213808834,66.1415925570833,46.480819823435,39.4858395114776,48.4680872910079,52.5516540924283,57.2469394221023,43.4474793552535,58.7112804553768
49.6607919805441,64.0139963299565,59.8500664153563,53.7676526296555,55.1713806776845,48.8450087615977,55.3443176773519,44.7289193847294,36.7803704864179,69.4925071887273,56.2195229021884,55.3425582884836,51.9264315406487,59.4662646206229,61.6391154099284,54.6559150052308,49.7122610178026,60.7323054389226,61.1711254464097,46.3405236591169,62.7997835628333,42.5342849891007,63.0422213808834,66.3546424361476,46.480819823435,39.4858395114776,48.4680872910079,52.5516540924283,57.75697582608,43.4474793552535,58.7112804553768
49.6607919805441,64.0139963299565,59.8500664153563,53.7691690901317,55.1713806776845,48.8450087615977,55.3443176773519,44.7289193847294,36.7803704864179,69.4925071887273,57.2743190738752,55.3425582884836,51.9264315406487,59.4662646206229,61.6391154099284,54.6559150052308,49.7122610178026,60.7323054389226,61.1711254464097,46.3405236591169,62.7997835628333,42.5342849891007,63.0422213808834,66.3546424361476,46.480819823435,39.4858395114776,48.4680872910079,52.5516540924283,58.2059577079103,43.4474793552535,58.7112804553768
49.6607919805441,64.0139963299565,59.855976262192,53.7691690901317,55.1713806776845,48.8450087615977,55.3443176773519,44.7289193847294,36.7803704864179,69.492676280607,57.2743190738752,55.3425582884836,51.9264315406487,59.4662646206229,61.6391154099284,54.6559150052308,49.7122610178026,60.7323225537827,61.2594471424746,46.3405236591169,62.7997835628333,42.5342849891007,63.042932986742,66.4277858471069,46.480819823435,39.4858395114776,48.4680872910079,52.5516540924283,58.2059577079103,43.4474793552535,58.7112804553768
49.6607919805441,64.0139963299565,59.855976262192,53.7691690901317,55.1713806776845,48.8459584430377,55.3443176773519,44.7289193847294,36.7803704864179,69.492676280607,57.4332054937609,55.3425582884836,51.9264315406487,59.4662646206229,61.6391154099284,54.6559150052308,49.7122610178026,60.7323225537827,61.3330018726669,46.3405236591169,62.7997835628333,42.5342849891007,63.042932986742,66.4277858471069,46.480819823435,39.4858395114776,48.4680872910079,52.5516540924283,58.2059577079103,43.4474793552535,58.7112804553768
49.6607919805441,64.0139963299565,59.855976262192,53.8028701432539,55.1713806776845,48.8459584430377,55.3443176773519,44.7289193860762,36.7803704864179,69.492676280607,57.4332054937609,55.3558622114238,51.9264315406487,59.4662646206229,61.6391154099284,54.6559150052308,49.7122610178026,60.7323812129491,61.5131148510625,46.3410200064866,62.7997835628333,42.5342849891007,63.0429830504723,66.4277858471069,46.480819823435,39.4858395114776,48.4680872910079,52.5516540924283,58.2059577079103,43.4474793552535,58.7112804553768
49.6607919805441,64.0139963299565,59.855976262192,53.8028701432539,55.1713806776845,48.8459584430377,55.3443176773519,44.7289193860762,36.7803704864179,69.492676280607,57.607802207377,55.3558622114238,51.9264315406487,60.0915180729989,61.6391154099284,54.6559150052308,49.7122610178026,60.7323812129491,61.5778635043432,46.3410200064866,62.7997957751159,42.5342849891007,63.0429830504723,66.4825786703822,46.4835243369161,39.4858395114776,48.4680872928945,52.5516540924283,58.8729937709011,43.4474793552535,58.7209908365826
49.6607919805441,64.0139963299565,59.855976262192,53.8211222335363,55.1713806776845,48.8459584430377,55.3443176773519,44.7289193860762,36.7803704864179,69.492676280607,57.607802207377,55.3558622114238,51.9264315406487,60.0915180729989,61.6391154099284,54.6559150052308,49.7122610178026,60.7323812129491,61.5880398621127,46.3410200064866,62.7997957751159,42.5342849891007,63.0429830504723,66.5213025685692,46.4835243369161,39.4858395114776,48.4680872928945,52.5516540924283,58.8729937709011,43.4474793552535,58.7209908365826
49.6607919805441,64.0139963299565,59.855976262192,53.8959278265379,55.1713806776845,48.8459584430377,55.3443176773519,44.7289193860762,36.7803704864179,69.492676280607,57.607802207377,55.3558622114238,51.9268565887999,60.4455947951299,61.6391154099284,54.6559150052308,49.7122610178026,60.7323812129491,61.5880398621127,46.3410200064866,62.7997957751159,42.5342849891007,63.0432741926508,67.4192300925399,46.4835243369161,39.4858395114776,48.4680872928945,52.5516540924283,58.8729937709011,43.4474793552535,58.7209908365826
49.6607919805441,64.0139963299565,59.855976262192,53.9248405938158,55.1713806776845,48.8459584430377,55.3443176773519,44.7289193991136,36.7803704864179,69.492676280607,57.607802207377,55.3558622114238,51.9268565887999,60.4455947951299,61.6391154099284,54.6559150052308,49.7122610178026,60.7323812129491,61.5892909253848,46.3410200064866,62.7997957751159,42.5342849891007,63.0432741926508,67.4192300925399,46.4835243369161,39.4858395114776,48.4680872972209,52.5516540924283,58.8729937709011,43.4474793552535,58.7209908365826
49.66086082043,64.0139963299565,59.855976262192,53.9598328409678,55.1713806776845,48.8459584430377,55.3450441485205,44.7289193991136,36.7803704864179,69.492676280607,57.607802207377,55.3558622114238,51.9268565887999,60.7007584421331,61.6478053421234,54.6559150052308,49.7122610178026,60.7323812129491,61.598339776362,46.3411752546481,62.7998789313578,42.5342849891007,63.0432741926508,67.4192300925399,46.4835243369161,39.4858395114776,48.4680872972209,52.5516540924283,58.8729937709011,43.4474793552535,58.7209908365826
49.66086082043,64.0139963299565,59.855976262192,53.9882297641542,55.1713806776845,48.8481950395215,55.3450441485205,44.7289194057947,36.7803704864179,69.492676280607,57.607802207377,55.3558622114238,51.9268565887999,60.7007584421331,61.6478053421234,54.6559150052308,49.7122610178026,60.7324170854353,61.5985351187542,46.3411752546481,62.7998789313578,42.5342849891007,63.0432741926508,67.4192300925399,46.4835243369161,39.4858395114776,48.4680872972209,52.5516540924283,58.8729937709011,43.4474793552535,58.7209908365826
49.66086082043,64.0139963299565,59.855976262192,53.9932766392509,55.1796901046057,48.8481950395215,55.3450441485205,44.7289194057947,36.7803704864179,69.492676280607,57.607802207377,55.3558622114238,51.9268565887999,60.7007584421331,61.6478053421234,54.6580196186133,49.7122610178026,60.7324170854353,61.5985351187542,46.3413613944156,62.7998789313578,42.5342849891007,63.0432741926508,67.4192300925399,46.4835243369161,39.4858395114776,48.4680873011377,52.5516540924283,58.9959332673111,43.4474793552535,58.7223271496434
49.6609155653035,64.0139963299565,59.855976262192,53.9958387524395,55.1796901046057,48.8481950395215,55.3450441485205,44.7289194057947,36.7803704864179,69.492676280607,57.607802207377,55.3558622114238,51.9268565887999,61.0834783758648,61.6478514605301,54.6580196186133,49.7122610178026,60.7324170854353,61.6148190620327,46.3413613944156,62.7998789313578,42.5342849891007,63.0432741926508,67.4192300925399,46.4835243369161,39.4858395114776,48.4680873011377,52.551654123959,58.9959332673111,43.4474793552535,58.7223271496434
49.6609155653035,64.0139963299565,59.855976262192,53.9977136301958,55.1796901046057,48.8481950395215,55.3450441485205,44.7289194091612,36.7803704864179,69.492676280607,57.607802207377,55.3558622114238,51.9268565887999,61.0834783758648,61.6478514605301,54.6580196186133,49.7122610178026,60.7324276067738,61.6744354611389,46.3413613944156,62.7999066579299,42.5342849891007,63.0432741926508,67.4462683923566,46.4835243369161,39.4858395114776,48.4680873011377,52.551654123959,58.9959332673111,43.4474793552535,58.7223271496434
49.6614197507572,64.0139963299565,59.855976262192,53.9979844742598,55.1796901046057,48.8481950395215,55.3507255497285,44.7289194091612,36.7804100357838,69.492676280607,59.3504201798093,55.3558622114238,51.9268565887999,61.0834783758648,61.6478514605301,54.6580196186133,49.7122610178026,60.7324276067738,61.6744354611389,46.3414590426134,62.7999066579299,42.5342849891007,63.0432741926508,67.4462683923566,46.4835243369161,39.4911179431104,48.4680873011377,52.551654176763,58.9959332673111,43.4474793552535,58.7223271496434
49.6614197507572,64.0139963299565,59.855976262192,53.9980909389764,55.1796901046057,48.8481950395215,55.3507255497285,44.7289194091612,36.7804100357838,69.492676280607,59.3504201798093,55.3558622114238,51.9268565887999,61.4799899002268,61.6478514605301,54.6580196186133,49.7122610178026,60.7324276067738,61.6797761598675,46.3414590426134,62.7999159236445,42.5342849891007,63.0432741926508,67.4703824340079,46.4835243369161,39.4911179431104,48.4680873011377,52.551654176763,58.9959332673111,43.4474793552535,58.7228458792688
49.6614197507572,64.0139963299565,59.855976262192,54.0437887938526,55.1796901046057,48.8485052108959,55.3507255497285,44.7289194108141,36.7804100357838,69.492676280607,59.8095331632103,55.3558622114238,51.9268565887999,61.4799899002268,61.6478514605301,54.6581427462016,49.7122610178026,60.7324475176229,61.6797761598675,46.3424102523005,62.7999159236445,42.5342849891007,63.0432741926508,67.4703824340079,46.4835243369161,39.4911179431104,48.4680873011377,52.551656605658,58.9959332673111,43.4474793552535,58.7228458792688
49.6617535604302,64.0139963299565,59.8587352474162,54.1539563135201,55.1796901046057,48.8485052108959,55.3507255497285,44.7289194108141,36.7804940572434,69.492676280607,59.8095331632103,55.36323307203,51.9268565887999,61.4799899002268,61.6478514605301,54.6581427462016,49.7122610178026,60.7324475176229,61.6797761598675,46.3424102523005,62.7999159236445,42.5342849891007,63.0432741926508,67.5325382834214,46.4968905030636,39.4911179431104,48.4680873011377,52.551656605658,58.9959332673111,43.4474793552535,58.7228458792688
49.6617535604302,64.0139963299565,59.8587352474162,54.2622961265656,55.1796901046057,48.8485052108959,55.3507255497285,44.7289194108141,36.7804940572434,69.492676280607,59.8095331632103,55.36323307203,51.92691486223,64.8542270674986,61.6478514605301,54.6581427462016,49.7122610178026,60.7324475176229,61.6827714034841,46.3426819350274,62.7999159236445,42.5342849891007,63.0432741926508,67.5976067523609,46.4968905030636,39.4911179431104,48.468087302774,52.551656772821,58.9959332673111,43.4474793552535,58.7228458792688
49.6619483954596,64.0139963299565,59.8611129508678,54.9062082390984,55.1796901046057,48.8485052108959,55.3507255497285,44.7289194115921,36.7804940572434,69.492676280607,59.8095331632103,55.36323307203,51.92691486223,65.1604035206103,61.6478514605301,54.6581427462016,49.7122610178026,60.7324758481938,61.6863652754644,46.3426819350274,62.7999159236445,42.5342849891007,63.0433116114798,67.5976067523609,46.4968905030636,39.4911179431104,48.468087302774,52.551656772821,59.1673395142641,43.4648229802396,58.7228458792688
49.6619483954596,64.0139963299565,59.8611129508678,54.9062082390984,55.1796901046057,48.8485052108959,55.3507255497285,44.7289194115921,36.7804940572434,69.492676280607,59.8095331632103,55.3831333313161,51.9270327249671,65.1604035206103,61.6478514605301,54.6581427462016,49.7122610178026,60.7324758481938,61.6939025034571,46.3426819350274,62.7999159236445,42.5342849891007,63.0433116114798,67.5976067523609,46.4968905030636,39.4911179431104,48.468087302774,52.5516567910846,59.4284422842648,43.4648229802396,58.7228458792688
49.6619483954596,64.0139963299565,59.8628040963436,54.9062082390984,55.1796901046057,48.8485052108959,55.3507255497285,44.7289194115921,36.7804940572434,69.492676280607,59.8095331632103,55.3831333313161,51.9270327249671,65.1604035206103,61.6478514605301,54.6581427462016,49.7122610178026,60.7324758481938,61.7044672740953,46.343170117442,62.8000322381235,42.5342849891007,63.043510429202,67.5976067523609,46.5008104458607,39.4911179431104,48.468087302774,52.5516567910846,59.4284422842648,43.4648229802396,58.7228458792688
49.6625153234178,64.0150049141234,59.8628040963436,54.9062082390984,55.1796901046057,48.8485052108959,55.3507255497285,44.7289194119317,36.7804940572434,69.492676280607,60.0006183120395,55.3831333313161,51.9271628808489,66.260627231952,61.6478514605301,54.6581427462016,49.7122610178026,60.7325506436621,61.7044672740953,46.343170117442,62.8000322381235,42.5342849891007,63.043510429202,67.9139354483695,46.5008104458607,39.4911179431104,48.4680873035104,52.5516567910846,59.4284422842648,43.4648229802396,58.7228458792688
49.6625153234178,64.0150049141234,59.8640356343882,54.9062082390984,55.1796901046057,48.8485052108959,55.3507255497285,44.7289194119317,36.7805137310518,69.492676280607,60.0006183120395,55.3831333313161,51.9271628808489,68.1207416716061,61.6478514605301,54.6581427462016,49.7122610178026,60.7325506436621,61.7094697119794,46.343170117442,62.8000714547512,42.5342849891007,63.043510429202,67.9139354483695,46.5008104458607,39.4911179431104,48.4680873035104,52.5516567910846,59.4385960360219,43.4648229802396,58.7228458792688
49.6625153234178,64.0158535863274,59.8640356343882,54.9062082390984,55.1796901046057,48.8485052108959,55.3507255497285,44.7289194120581,36.7805137310518,69.492676280607,60.0006183120395,55.3831333313161,51.9271628808489,68.1207416716061,61.6478514605301,54.6581427462016,49.7122610178026,60.7325506436621,61.7194887066151,46.3431979553846,62.8000714547512,42.5342849891007,63.043510429202,67.9139354483695,46.5008104458607,39.4911179431104,48.4680873038492,52.5516570926914,59.4863345124514,43.4648229802396,58.7228458792688
49.6625153234178,64.0158535863274,59.8641585963428,54.9062082390984,55.1796901046057,48.8485052108959,55.3507255497285,44.7289194120581,36.7805137310518,69.492676280607,60.1365882438813,55.3831333313161,51.9271628808489,68.1207416716061,61.6478514605301,54.6581427462016,49.7122610178026,60.7325506436621,61.7282617327953,46.3431979553846,62.80011720071,42.5342849891007,63.043510429202,67.9139354483695,46.5255235120631,39.4911179431104,48.4680873038492,52.5516570926914,59.4972696872941,43.4648229802396,58.7269838950336
49.6625153234178,64.0158535863274,59.8641585963428,54.9062082390984,55.1796901046057,48.8485052108959,55.3507255497285,44.7289194120855,36.7808525203131,69.492676280607,60.2508372319903,55.3831333313161,51.9271628808489,68.3703420639723,61.6478514605301,54.6581427462016,49.7122610178026,60.7325949933211,61.7365216486139,46.3431979553846,62.80011720071,42.5342849891007,63.043510429202,68.0062624636851,46.5255235120631,39.4911179431104,48.4680873039208,52.5516570926914,59.4972696872941,43.4648229802396,58.7269838950336
49.6625153234178,64.0158535863274,59.8641585963428,54.9062082390984,55.1796901046057,48.8485052108959,55.3507255497285,44.7289194120855,36.7808525203131,69.492676280607,60.2508372319903,55.3831333313161,51.9271628808489,68.3703420639723,61.6478514605301,54.6581427462016,49.7122610178026,60.7325949933211,61.7571814334787,46.3431979553846,62.80011720071,42.5342849891007,63.044540658373,68.0062624636851,46.5255235120631,39.4911179431104,48.4680873039208,52.5516570926914,59.4972696872941,43.4648229802396,58.7269838950336
49.6625153234178,64.0158535863274,59.8641585963428,54.9062082390984,55.1796901046057,48.8485052108959,55.3507255497285,44.7289194120855,36.7808525203131,69.492676280607,60.3031776821439,55.3831333313161,51.9274623513913,68.3703420639723,61.6478514605301,54.6581427462016,49.7122610178026,60.7326323813213,61.7571814334787,46.3431979553846,62.80011720071,42.5342849891007,63.044540658373,68.0659221402118,46.5255235120631,39.4956297072353,48.4680873044099,52.5516571610105,59.4972696872941,43.4662045394869,58.7269838950336
49.6625153234178,64.0158535863274,59.8641585963428,54.9062082390984,55.1796901046057,48.8485052108959,55.3507255497285,44.7289194120855,36.7808525203131,69.492676280607,60.3031776821439,55.3831333313161,51.9274623513913,68.3703420639723,61.6478514605301,54.6581427462016,49.7122610178026,60.7326323813213,61.7571814334787,46.3431979553846,62.800238071668,42.5342849891007,63.044540658373,68.0659221402118,46.5436519998627,39.4956297072353,48.4680873044099,52.5516571610105,59.4972696872941,43.4662045394869,58.7269838950336
49.6625377568504,64.0168460552983,59.8641585963428,54.9062082390984,55.1796901046057,48.8485052108959,55.3507255497285,44.7289194120855,36.7808525203131,69.4947147432046,60.3031776821439,55.3831333313161,51.9274623513913,68.3703420639723,61.6478514605301,54.6581427462016,49.7122610178026,60.7326323813213,61.7744384205999,46.343463269433,62.800238071668,42.5342849891007,63.0472589083162,68.0659221402118,46.5436519998627,39.4956297072353,48.4680873044099,52.5516571610105,59.5136037615406,43.4662045394869,58.7269838950336
49.6625377568504,64.0168460552983,59.8641585963428,54.9062082390984,55.1796901046057,48.8485052108959,55.3507255497285,44.7289194120855,36.7810218566864,69.4947147432046,60.3031776821439,55.3831333313161,51.9274623513913,68.3703420639723,61.6478514605301,54.6581427462016,49.7122610178026,60.7326944916486,61.7744384205999,46.343463269433,62.8002646682264,42.5342849891007,63.0472589083162,68.2867732756858,46.5581056726353,39.4956297072353,48.4680873044099,52.5516571610105,59.5136037615406,43.4662045394869,58.7269838950336
49.6625377568504,64.0168460552983,59.8641585963428,54.9062082390984,55.1796901046057,48.8485052108959,55.3507255497285,44.7289194120855,36.7810218566864,69.4947147432046,60.3031776821439,55.3831333313161,51.927473776685,68.3703420639723,61.6478514605301,54.6581427462016,49.7122610178026,60.7326944916486,61.7744384205999,46.346695704313,62.8002646682264,42.5342849891007,63.0479113725376,68.2867732756858,46.5581056726353,39.4956297072353,48.4680873044099,52.5516571610105,59.5292309482112,43.4662045394869,58.7269838950336
49.6625377568504,64.0168460552983,59.8644956992675,54.9062082390984,55.1796901046057,48.8485052108959,55.3507255497285,44.7289194120855,36.7810218566864,69.4947147432046,60.3031776821439,55.3831333313161,51.927473776685,68.3824491571607,61.6478514605301,54.6581427462016,49.7122610178026,60.7328027284429,61.803544865479,46.346695704313,62.8004699290229,42.5342849891007,63.0479113725376,68.2867732756858,46.5720898483642,39.4956297072353,48.4680873044099,52.5516571610105,59.5566329152035,43.4662045394869,58.7269838950336
49.6625377568504,64.0168460552983,59.8644956992675,54.9062082390984,55.1796901046057,48.8487894553693,55.3507255497285,44.7289194120855,36.7810218566864,69.4947147432046,60.3031776821439,55.3831333313161,51.927527889475,68.3824491571607,61.6478514605301,54.6581427462016,49.7122610178026,60.7328027284429,61.803544865479,46.346695704313,62.8004699290229,42.5342849891007,63.0479113725376,68.4343371838353,46.5720898483642,39.4956297072353,48.4680873046393,52.5516571660797,59.6015281334125,43.4662045394869,58.7269838950336
49.6625377568504,64.0168460552983,59.8655116870484,54.9062082390984,55.1796901046057,48.8487894553693,55.3507255497285,44.7289194120855,36.7810218566864,69.4947147432046,60.3031776821439,55.3831333313161,51.927527889475,68.3824491571607,61.6478514605301,54.6581427462016,49.7122610178026,60.7328027284429,61.803544865479,46.346695704313,62.8007763586233,42.5342849891007,63.0479113725376,68.4407478097573,46.5720898483642,39.4956297072353,48.4680873046393,52.5516571660797,59.6015281334125,50.569217960963,58.7269838950336
49.6625377568504,64.0168460552983,59.8655116870484,54.9062082390984,55.1796901046057,48.8487894553693,55.3507255497285,44.7289194120855,36.7811222077287,69.4947147432046,60.3031776821439,55.3831333313161,51.927527889475,68.4724665572683,61.6478514605301,54.6581427462016,49.7122610178026,60.7328676140177,61.8567792272454,46.346695704313,62.8007763586233,42.5342849891007,63.0479113725376,68.4407478097573,46.5774717998987,39.4956297072353,48.4680873046393,52.5516571840242,59.6032041606039,50.569217960963,58.7269838950336
49.6625377568504,64.0168460552983,59.865849650903,54.9062082390984,55.1796901046057,48.8487894553693,55.3507255497285,44.728919426957,36.7811222077287,69.4947147432046,60.3031776821439,55.3831333313161,51.9275297733976,68.4724665572683,61.6478514605301,54.6581427462016,49.7122610178026,60.7328676140177,61.8567792272454,46.346695704313,62.8022026396016,42.5342849891007,63.0479113725376,68.5075749036897,46.5774717998987,39.4956297072353,48.4680873046393,52.5516571840242,59.6032041606039,51.9507158881977,58.7269838950336
49.6625713829418,64.0168460552983,59.865849650903,54.9062082390984,55.1796901046057,48.8487894553693,55.3507255497285,44.728919426957,36.7811222077287,69.4947147432046,60.3031776821439,55.3831333313161,51.9275297733976,68.5826774289052,61.6478514605301,54.6581427462016,49.7122610178026,60.7328676140177,61.8908784955931,46.8085329495667,62.8022026396016,42.5342849891007,63.0479113725376,68.6110139653362,46.5774717998987,39.4956297072353,48.4680873046393,52.5516571840242,59.6032041606039,51.9507158881977,58.7269838950336
49.6625713829418,64.0168460552983,59.8662785606162,54.9062082390984,55.1796901046057,48.8487894553693,55.3507255497285,44.728919426957,36.7811222077287,69.4947147432046,60.3031776821439,55.3831333313161,51.9275297733976,68.5826774289052,61.6478514605301,54.6581427462016,49.712454531305,60.7329447602522,61.8908784955931,46.8085329495667,62.8022026396016,42.5342849891007,63.0479113725376,68.6110139653362,46.5774717998987,39.4956297072353,48.4680873046393,52.5516571840242,59.6032041606039,51.9507158881977,58.7269838950336
49.6625713829418,64.0168460552983,59.8662785606162,54.9062082390984,55.1796901046057,48.8492797386372,55.3507255497285,44.728919426957,36.7811222077287,69.4947147432046,60.3697747765754,55.3831333313161,51.9275297733976,68.5950655319526,61.6478514605301,54.6581427462016,49.712454531305,60.7329447602522,61.9306028045254,46.9311930250437,62.8022026396016,42.5342849891007,63.0479113725376,68.6110139653362,46.5774717998987,39.4956297072353,48.4680873046393,52.5516571840242,59.6032041606039,51.9507158881977,58.7269838950336
49.6625713829418,64.0168460552983,59.8662785606162,54.9062082390984,55.1796901046057,48.8492797386372,55.3507255497285,44.728919426957,36.7811222077287,69.4947147432046,60.3768997113722,55.3831333313161,51.9275297733976,68.6418836061881,61.6478514605301,54.6581427462016,49.712454531305,60.7330257541976,61.9306028045254,46.9311930250437,62.8022026396016,42.5342849891007,63.0479113725376,68.6260449568876,46.5774717998987,39.4956297072353,48.4680873046393,52.5516571840242,59.6292853012037,53.2249748604426,58.7270664045108
49.6625713829418,64.0168460552983,59.8669222863334,54.9062082390984,55.1796901046057,48.8492797386372,55.3507255497285,44.7289194849607,36.7811222077287,69.4947147432046,60.3768997113722,55.3831333313161,51.9275297733976,68.6418836061881,61.6478514605301,54.6581427462016,49.712454531305,60.7330257541976,61.9505750020282,48.5515940606683,62.8022026396016,42.5342849891007,63.0479113725376,68.6260449568876,46.5782698607058,39.4956297072353,48.4680873046393,52.5516571966954,59.6500896414976,53.2249748604426,58.7270664045108
49.6625713829418,64.0168460552983,59.8669222863334,54.9062082390984,55.1796901046057,48.8492797386372,55.3507255497285,44.7289194849607,36.7811222077287,69.4947147432046,60.3768997113722,55.3918694739173,51.9275297733976,68.6871693091731,61.6478514605301,54.6581427462016,49.712454531305,60.73307176053,61.9505750020282,48.5515940606683,62.8022026396016,42.5342849891007,63.0479113725376,68.681661912094,46.5782698607058,39.4956297072353,48.4680873046498,52.5516571966954,59.6500896414976,53.2249748604426,58.7270664045108
49.6625713829418,64.0168460552983,59.8672851982427,54.9062082390984,55.1796901046057,48.8492797386372,55.3507255497285,44.7289195009278,36.7811222077287,69.4947147432046,60.3768997113722,55.3918694739173,51.9275297733976,68.6907113703067,61.6515961131593,54.6581427462016,49.712454531305,60.73307176053,61.975350291963,48.9201943670806,62.8022026396016,42.5342849891007,63.0479113725376,68.681661912094,46.5782698607058,39.4956297072353,48.4680873046498,52.5516571966954,59.6500896414976,53.2249748604426,58.7270664045108
49.6625713829418,64.0168460552983,59.8672851982427,54.9062082390984,55.1796901046057,48.8492797386372,55.3507255497285,44.7289195009278,36.7811222077287,69.4947147432046,60.3768997113722,55.3968264444476,51.9275333260089,68.6907113703067,61.6515961131593,54.6581427462016,49.712454531305,60.7331216289867,61.975350291963,48.9201943670806,62.8022026396016,42.5342849891007,63.049510813168,68.681661912094,46.578400274904,39.4956297072353,48.4680873046498,52.5516571966954,59.6500896414976,53.3672877750608,58.7270664045108
49.6625713829418,64.0168460552983,59.8672851982427,54.9062082390984,55.1796901046057,48.8492797386372,55.3507255497285,44.7289195009278,36.7811222077287,69.4947147432046,60.5381707318865,55.3968264444476,51.9275333260089,68.6986364223322,61.6515961131593,54.6581427462016,49.712454531305,60.7331216289867,62.0230303065214,48.9201943670806,62.8022026396016,42.5342849891007,63.049510813168,68.681661912094,46.578400274904,39.4956297072353,48.4680873046498,52.5516571966954,59.6709272013668,53.3672877750608,58.7270664045108
49.6625713829418,64.0168460552983,59.8672851982427,54.9062082390984,55.1796901046057,48.8492797386372,55.3507255497285,44.7289195009278,36.7811222077287,69.4947147432046,60.5769363735678,55.3968264444476,51.9275333260089,68.6986364223322,61.6515961131593,54.6581427462016,49.712454531305,60.7332315686174,62.0230303065214,48.9455973462994,62.8023789451723,42.5342849891007,63.050344558431,68.681661912094,46.578400274904,39.4956297072353,48.4680873046498,52.5516571966954,59.6721853247464,53.3672877750608,58.7270664045108
49.6625713829418,64.0168460552983,59.8672851982427,54.9062082390984,55.1796901046057,48.8492797386372,55.3507255497285,44.7289195009278,36.7811222077287,69.4947147432046,60.5769363735678,55.3968264444476,51.9275333260089,68.6986364223322,61.6515961131593,54.6581427462016,49.712454531305,60.7332315686174,62.0571595203398,48.9455973462994,62.8023789451723,42.5342849891007,63.050344558431,68.681661912094,46.578400274904,39.4956297072353,48.4680873046498,52.5516572057465,59.6721853247464,56.1223631898271,58.7270664045108
49.6625713829418,64.0168460552983,59.8672851982427,54.9062082390984,55.1796901046057,48.8492797386372,55.3507255497285,44.7289195009278,36.7811222077287,69.4947147432046,60.5769363735678,55.3968264444476,51.9275333260089,69.1033044011403,61.6515961131593,54.6613164456214,49.712454531305,60.7333803415136,62.0571595203398,48.9455973462994,62.8023789451723,42.5342849891007,63.050344558431,68.6855239235687,46.5787434121882,39.4956297072353,48.4680873046498,52.5516572057465,59.6745493520281,56.1223631898271,58.7270664045108
49.6625713829418,64.0172442357471,59.8672851982427,54.9062082390984,55.1796901046057,48.8492797386372,55.3507255497285,44.7289195009278,36.7811222077287,69.4947147432046,60.5769363735678,55.3968264444476,51.9275333260089,69.1033044011403,61.6515961131593,54.6613164456214,49.712454531305,60.7333803415136,62.0571595203398,48.9455973462994,62.8023789451723,42.5342849891007,63.050344558431,68.6855239235687,46.5787434121882,39.4956297072353,48.4680873046498,52.5516572057465,59.6745493520281,56.1223631898271,58.7270664045108
49.6625713829418,64.0172442357471,59.8672851982427,54.9062082390984,55.1796901046057,48.8492797386372,55.3507255497285,44.7289195009278,36.7811222077287,69.4947147432046,60.5769363735678,55.3968264444476,51.9275652533472,69.1618876777675,61.6515961131593,54.6613164456214,49.712454531305,60.7334886617643,62.0918940178285,48.9455973462994,62.8023789451723,42.5342849891007,63.050344558431,68.6855239235687,46.5797356962321,39.4956297072353,48.4680873046498,52.5516572057465,59.6750397547389,56.1223631898271,58.7270664045108
49.6625713829418,64.0172442357471,59.8672851982427,54.9062082390984,55.1796901046057,48.8492797386372,55.3507255497285,44.7289195009278,36.7811222077287,69.4947147432046,60.5769363735678,55.3968264444476,51.9275652533472,69.1618876777675,61.6515961131593,54.6613164456214,49.712454531305,60.7334886617643,62.0918940178285,48.9455973462994,62.8023789451723,42.5351581670361,63.0517419833451,68.6855239235687,46.5797356962321,39.4956297072353,48.4680873046498,52.5516572298238,59.6785519301002,56.1223631898271,58.7270664045108
49.6625713829418,64.0172442357471,59.8672851982427,54.9062082390984,55.1796901046057,48.8492797386372,55.3507255497285,44.7289195009278,36.7811222077287,69.4947147432046,60.5769363735678,55.3968264444476,51.9275652533472,69.1618876777675,61.6515961131593,54.6613164456214,49.712454531305,60.7336347627825,62.0964570572849,48.9455973462994,62.8023789451723,42.5351581670361,63.0517419833451,68.6855239235687,46.5803563834979,39.4956297072353,48.4680873046498,52.5516572298238,59.6846892315391,56.1223631898271,58.7270664045108
49.6625713829418,64.0192198835336,59.8672851982427,54.9062082390984,55.1796901046057,48.8492797386372,55.3507255497285,44.7289195009278,36.7811222077287,69.4947147432046,60.5769363735678,55.3968264444476,51.9276008491063,69.265867800527,61.6515961131593,54.6613164456214,49.712454531305,60.7337237794616,62.0964570572849,49.2621107821103,62.8023789451723,42.5351581670361,63.0517419833451,68.6855239235687,46.5803563834979,39.4956297072353,48.4680873046498,52.5516572298238,59.6917190203487,56.1223631898271,58.7270664045108
49.6625713829418,64.0192198835336,59.8678160545603,54.9062082390984,55.1796901046057,48.8492797386372,55.3507255497285,44.7289195009278,36.7811222077287,69.4947147432046,60.5769363735678,55.3968264444476,51.9276008491063,69.265867800527,61.6515961131593,54.6613164456214,49.712454531305,60.7337237794616,62.0964570572849,49.2621107821103,62.8026407854519,42.5351581670361,63.0517419833451,68.6855338626704,46.5807503708264,39.4956297072353,48.468087304741,52.5516572298238,59.6917190203487,56.5302423393066,58.7270664045108
49.6625713829418,64.0192198835336,59.8678160545603,54.9062082390984,55.1796901046057,48.8492797386372,55.3507255497285,44.7289195009278,37.8585516628473,69.4947147432046,60.5769363735678,55.3968264444476,51.9276008491063,69.4573874922216,61.6515961131593,54.6613164456214,49.712454531305,60.7339046441224,62.0964570572849,49.2621107821103,62.8026407854519,42.5351581670361,63.0517419833451,68.6855338626704,46.5807503708264,39.4956297072353,48.468087304741,52.5516572298238,59.6940934641804,56.5302423393066,58.7270664045108
49.6625833640117,64.0192198835336,59.8678160545603,54.9062082390984,55.1796901046057,48.8493892199826,55.3507255497285,44.7289195009278,37.8585516628473,69.4947147432046,60.5769363735678,55.3987273532018,51.927638963665,69.4573874922216,61.6531101154313,54.6613164456214,49.712454531305,60.7340643533026,62.1562281510471,49.3515198435108,62.8027260580855,42.5351581670361,63.0517419833451,68.6855338626704,46.5807503708264,39.4956297072353,48.468087304741,52.5516572298238,59.697265713682,56.5302423393066,58.7270664045108
49.6625833640117,64.020131539775,59.8679303018543,54.9062082390984,55.1796901046057,48.8493892199826,55.3507255497285,44.7289195009278,37.8585516628473,69.4947147432046,60.5769363735678,55.3987273532018,51.927638963665,69.4573874922216,61.6531101154313,54.6613164456214,49.712454531305,60.7340643533026,62.1562281510471,49.3515198435108,62.8027260580855,42.5351581670361,63.0540789631412,68.6855338626704,46.5810050721715,39.4956297072353,48.468087304741,52.5516572298238,59.697265713682,57.004483219644,58.7270664045108
49.6625833640117,64.020131539775,59.8679303018543,54.9062082390984,55.1796901046057,48.8493892199826,55.3507255497285,44.7289195009278,37.8585516628473,69.4947147432046,60.6395561036308,55.3987273532018,51.9276563445129,69.4573874922216,61.6531101154313,54.6613164456214,49.7124778571075,60.7342262263732,62.1562281510471,49.3515198435108,62.8027260580855,42.5351581670361,63.0540789631412,68.6855338626704,46.5810050721715,39.4956297072353,48.468087304741,52.5516572300563,59.6974706353995,57.004483219644,58.7270664045108
49.6625833640117,64.020131539775,59.8679303018543,54.9062082390984,55.1796901046057,48.8493892199826,55.3507255497285,44.7289195009278,37.8585516628473,69.4947147432046,60.6395561036308,55.3987273532018,51.9276563445129,69.4958042842589,61.6536415046355,54.6613164456214,49.7124778571075,60.7343408407718,62.1562281510471,49.3520849815765,62.8027260580855,42.5351581670361,63.0545955493098,68.7020446337197,46.5810050721715,39.4956297072353,48.468087304741,52.5516572300563,59.699197313435,57.004483219644,58.7270664045108
49.6625833640117,64.020131539775,59.8679303018543,54.9062082390984,55.1796901046057,48.8493892199826,55.3507255497285,44.7289195009278,37.8585516628473,69.4947147432046,60.6395561036308,55.3987273532018,51.9276563445129,69.5142818325947,61.6536415046355,54.6613164456214,49.7124778571075,60.7343408407718,62.1912211611306,49.3520849815765,62.8027260580855,42.5351581670361,63.0545955493098,68.7020446337197,46.581172957889,39.4956297072353,48.468087304741,52.5516572300563,59.699197313435,58.746147133738,58.7270664045108
49.6625833640117,64.020131539775,59.8679303018543,54.9062082390984,55.2012422526345,48.8493892199826,55.3507255497285,44.7289195009278,37.8585516628473,69.4947147432046,60.6424678132215,55.3987273532018,51.9276735672665,69.5142818325947,61.6536415046355,54.6613164456214,49.7124778571075,60.7343408407718,62.1912211611306,49.3520849815765,62.8027260580855,42.5351581670361,63.0545955493098,68.7020446337197,46.581172957889,39.4956297072353,48.468087304741,52.5516572300563,59.7137753716516,58.8584486826787,58.7270664045108
49.6625833640117,64.020131539775,59.8683952001909,54.9062082390984,55.2012422526345,48.8493892199826,55.3507255497285,44.7289195009278,37.8585516628473,69.4947147432046,60.6424678132215,55.3987273532018,51.9276735672665,69.5142818325947,61.6536415046355,54.6613164456214,49.7124778571075,60.7345574480767,62.226396321697,49.3520849815765,62.8027260580855,42.5351581670361,63.0545955493098,68.7020446337197,46.581172957889,39.4956297072353,48.468087304741,52.5516572300563,59.7137753716516,59.9272235197823,58.7270664045108
49.6625833640117,64.020131539775,59.8683952001909,54.9062082390984,55.2012422526345,48.8493892199826,55.3507255497285,44.7289195009278,46.8265355111589,69.4947147432046,60.6424678132215,55.3987273532018,51.9276735672665,69.5142818325947,61.6536415046355,54.6613164456214,49.7124778571075,60.7345574480767,62.226396321697,49.6801070559166,62.8027260580855,42.5351581670361,63.0545955493098,68.7020446337197,46.5812857124291,39.4956297072353,48.468087304741,52.5516572300563,59.7137753716516,59.9272235197823,58.7270664045108
49.6625833640117,64.020131539775,59.8683952001909,54.9062082390984,55.2012422526345,48.8493892199826,55.3507255497285,44.7289195009278,46.8265355111589,69.4947147432046,60.645555457259,55.3987273532018,51.9276802368512,69.5142818325947,61.6536415046355,54.6613164456214,49.7124778571075,60.7347428311254,62.2433602138248,49.6801070559166,62.8027539304026,42.5354730648907,63.0545955493098,68.7465272826504,46.5812857124291,39.4956297072353,48.468087304741,52.5516572300563,59.7137753716516,59.9272235197823,58.727381001199
49.6625833640117,64.0212959453512,59.8684637293749,54.9062082390984,55.2012422526345,48.8493892199826,55.3507255497285,44.7289195116183,46.8265355111589,69.4947147432046,60.645555457259,55.3987273532018,51.9276802368512,69.5142818325947,61.6536415046355,54.6613164456214,49.7124778571075,60.7347428311254,62.2433602138248,50.0628086304632,62.8027539304026,42.5354730648907,63.0545955493098,68.7465272826504,46.5813627311405,39.4956297072353,48.468087304741,52.5516572300563,59.7190990772492,59.9272235197823,58.727381001199
49.6625833640117,64.0212959453512,59.8684637293749,54.9062082390984,55.2012422526345,48.8493892199826,55.3507255497285,44.7289195116183,46.8265355111589,69.4947147432046,60.645555457259,55.3987273532018,51.9276802368512,69.5197847911926,61.6536415046355,54.6613164456214,49.7124778571075,60.7348773169259,62.3154210700594,50.0628086304632,62.8027539304026,42.5354730648907,63.0545955493098,68.7547444391514,46.5813627311405,39.4956297072353,48.468087304741,52.5516572701016,59.7190990772492,59.9272235197823,58.727381001199
49.6625833640117,64.0212959453512,59.8693265978285,54.9062082390984,55.2012422526345,48.8493892199826,55.3507255497285,44.7289195116183,50.8275801666136,69.4947147432046,60.691076416653,55.3987273532018,51.9276877857014,69.6163448205394,61.6536415046355,54.6613164456214,49.7124778571075,60.7348773169259,62.3154210700594,50.1816674348402,62.8027539304026,42.5355123129689,63.0566615744581,68.7547444391514,46.5813627311405,39.4956297072353,48.468087304741,52.5516573065743,59.7190990772492,59.9272235197823,58.727381001199
49.6625833640117,64.0212959453512,59.8693265978285,54.9062082390984,55.2012422526345,48.8496395221623,55.3507255497285,44.7289195116183,50.8275801666136,69.4947147432046,60.691076416653,55.3987273532018,51.9276877857014,69.6163448205394,61.6536415046355,54.6613164456214,49.7124778571075,60.7350406597839,62.3858504137726,50.1816674348402,62.8027539304026,42.5355123129689,63.0566615744581,68.7829726067739,46.5840289328826,39.4956297072353,48.468087304741,52.5516573065743,59.7225450672853,59.9272235197823,58.7283839629546
49.6625833640117,64.0212959453512,59.8693265978285,54.9062082390984,55.2012422526345,48.8496395221623,55.3507255497285,44.7289195116183,50.8275801666136,69.4947147432046,60.691076416653,55.3987273532018,51.9276877857014,69.6392661590388,61.6536415046355,54.6613164456214,49.7124778571075,60.7350406597839,62.3858504137726,50.1881740704707,62.8027539304026,42.5355123129689,63.0566615744581,68.7829726067739,46.5840289328826,39.4956297072353,48.4680873047834,52.5516573461334,59.7225450672853,60.5159110690953,58.7283839629546
49.6625833640117,64.0220413701025,59.8693265978285,54.9062082390984,55.2012422526345,48.8496395221623,55.3507255497285,44.7289195116183,51.2970247417161,69.4947147432046,60.691076416653,55.3987273532018,51.9276877857014,69.6392661590388,61.6536415046355,54.6613164456214,49.7124778571075,60.7352085652217,62.4860040427094,50.1881740704707,62.8027539304026,42.5355123129689,63.0606947784647,68.7829726067739,46.5844662843617,39.4956297072353,48.4680873047834,52.5516573731745,59.7246903438468,60.5159110690953,58.7283839629546
49.6625842363007,64.0220413701025,59.8693265978285,54.9062082390984,55.2012422526345,48.8496395221623,55.3507255497285,44.7289195137656,51.2970247417161,69.4947147432046,60.691076416653,55.3987273532018,51.927690728251,69.6392661590388,61.6536415046355,54.6613164456214,49.7126089432293,60.7352085652217,62.4860040427094,50.2589313568614,62.8027539304026,42.5355123129689,63.0606947784647,68.7852780065499,46.5844662843617,39.4956297072353,48.4680873048044,52.5516573731745,59.7246903438468,60.5159110690953,58.7283839629546
49.6625842363007,64.0220413701025,59.8693265978285,54.9062082390984,55.2012422526345,48.8496395221623,55.3507255497285,44.7289195137656,51.2970247417161,69.4947147432046,60.691076416653,55.3987273532018,51.927690728251,69.6492658830248,61.6536415046355,54.6613164456214,49.7126089432293,60.7353590733463,62.6278673090756,50.2873435738001,62.8027621907889,42.5355123129689,63.0606947784647,68.7852780065499,46.5844662843617,39.4956297072353,48.4680873048044,52.5516574015049,59.7257490228822,60.5159110690953,58.7283839629546
49.6625842363007,64.0220413701025,59.8693265978285,54.9062082390984,55.2012422526345,48.8496395221623,55.3507255497285,44.7289195137656,51.2970247417161,69.4947147432046,60.691076416653,55.3987273532018,51.927690728251,69.6492658830248,61.6536415046355,54.6613164456214,49.7126089432293,60.7353590733463,62.6278673090756,50.2873435738001,62.8027621907889,42.5356077610171,63.0639177093704,68.7852780065499,46.5844662843617,39.4956297072353,48.4680873048044,52.551657420794,59.7257490228822,60.5159110690953,58.7283839629546
49.6625842363007,64.0221489089023,59.8693434719862,54.9062082390984,55.2012422526345,48.8496395221623,55.3507255497285,44.7289195137656,51.2970247417161,69.4947147432046,60.691076416653,55.3987273532018,51.9277919743949,69.6492658830248,61.6536415046355,54.6613164456214,49.7130735388008,60.7353590733463,62.7649263414098,50.2873435738001,62.8027621907889,42.5356077610171,63.0639177093704,68.8099214287062,46.5844662843617,39.4956297072353,48.4680873048044,52.551657420794,59.7257490228822,60.5159110690953,58.7283839629546
49.6625849101961,64.0221489089023,59.8693434719862,54.9062082390984,55.2012422526345,48.8496395221623,55.3507255497285,44.7289195137656,51.2970247417161,69.4948905243007,60.691076416653,55.3987273532018,51.9277919743949,69.6891162662812,61.6536415046355,54.6613164456214,49.7130735388008,60.735603187016,62.7649263414098,50.2873435738001,62.8027621907889,42.5356077610171,63.0667705197455,68.8099214287062,46.585019306187,39.5628331573906,48.4680873048044,52.551657422275,59.7297182938186,60.5159110690953,58.7283839629546
49.6625849101961,64.0221489089023,59.8693434719862,54.9062082390984,55.2012422526345,48.8496395221623,55.3507255497285,44.7289195137656,51.2970247417161,69.4948905243007,60.691076416653,55.3987273532018,51.9277919743949,69.6891162662812,61.6536415046355,54.6613164456214,49.7130736814298,60.735603187016,62.9295801423633,50.2981160526595,62.8027621907889,42.5356077610171,63.0667705197455,68.8099214287062,46.585019306187,39.5628331573906,48.4680873048044,52.5516574302085,59.7297182938186,60.5959970447549,58.7283839629546
49.6625849101961,64.0221489089023,59.8693434719862,54.9062082390984,55.2012422526345,48.8496395221623,55.3507255497285,44.7289195137656,51.2970247417161,69.4948905243007,60.691076416653,55.3987273532018,51.9277919743949,69.6891162662812,61.6536415046355,54.6613164456214,49.7130736814298,60.7358455363846,62.9295801423633,50.2981160526595,62.8027853056959,42.5356077610171,63.0667705197455,68.8154413427737,46.585019306187,39.5628331573906,48.4680873048044,52.5516574302085,59.7297182938186,60.5959970447549,58.7283839629546
49.6625849101961,64.0221489089023,59.8693434719862,54.9062082390984,55.2214760253704,48.8496395221623,55.3507255497285,44.7289195137656,51.2970247417161,69.4959270985722,60.691076416653,55.3987273532018,51.9277919743949,69.6891162662812,61.6571411444507,54.6613164456214,49.7130736814298,60.7358455363846,63.097036311307,50.3120656246567,62.8027853056959,42.5356077610171,63.0690361633971,68.8154413427737,46.5855567059841,39.5628331573906,48.4680873048044,52.5516574302085,59.7322103247614,60.6855032683369,58.7283839629546
49.6625849101961,64.0224281700089,59.8693434719862,54.9062082390984,55.2214760253704,48.8496395221623,55.3507255497285,44.7289195137656,51.2970247417161,69.4959270985722,60.691076416653,55.3987273532018,51.9277919743949,69.7017461788482,61.6571411444507,54.6613164456214,49.7130736814298,60.7360296452617,63.097036311307,50.3120656246567,62.8028014160026,42.5356077610171,63.0690361633971,68.8154413427737,46.5855567059841,39.5628331573906,48.4680873048044,52.5516574336595,59.7322103247614,60.6855032683369,58.7283839629546
49.6625849101961,64.0224281700089,59.869364123235,54.9062082390984,55.2214760253704,48.8496395221623,55.3507255497285,44.7289195137656,51.3361619147912,69.4959270985722,60.691076416653,55.3987273532018,51.9277919743949,69.7017461788482,61.6571411444507,54.6613164456214,49.7130736814298,60.7360296452617,63.1574525031924,50.3120656246567,62.8028172855432,42.5356077610171,63.0695819954175,68.8154413427737,46.5855567059841,39.5628331573906,48.4680873048094,52.5516574336595,59.7322103247614,60.6855032683369,58.7288205440274
49.6625849101961,64.0224281700089,59.869364123235,54.9062082390984,55.2214760253704,48.8496395221623,55.3507255497285,44.7289195180571,51.5678629580352,69.4959270985722,60.691076416653,55.3987273532018,51.9277919743949,69.7065017245732,61.6571411444507,54.6661726209635,49.7130736814298,60.7361693808,63.1574525031924,50.3261811628172,62.8028172855432,42.5356077610171,63.0695819954175,68.8154413427737,46.5863606088972,39.5628331573906,48.4680873048094,52.5516574375087,59.7322103247614,60.6855032683369,58.7288205440274
49.6625865243465,64.0224281700089,59.869364123235,54.9062082390984,55.2214760253704,48.8496395221623,55.3507255497285,44.7289195180571,51.5678629580352,69.4959270985722,60.691076416653,55.3987273532018,51.9278060697569,69.714681046028,61.6571411444507,54.6661726209635,49.7130736814298,60.7361693808,63.2204884684428,50.3261811628172,62.8028172855432,42.5356077610171,63.0695819954175,68.8223164618155,46.5863606088972,39.5628331573906,48.4680873048094,52.5516575100034,59.7322103247614,60.6855032683369,58.7288205440274
49.6625865243465,64.0224281700089,59.869364123235,54.9062082390984,55.2214760253704,48.8496395221623,55.3507255497285,44.7289195203296,51.6896002856461,69.4963952858464,60.691076416653,55.3987273532018,51.9278060697569,69.714681046028,61.6571411444507,54.6661726209635,49.7130736814298,60.7363342942834,63.2204884684428,50.3261811628172,62.8028172855432,42.5356077610171,63.0733023368882,68.8223164618155,46.5863606088972,39.5628331573906,48.4680873048094,52.5516575100034,59.7322103247614,60.6855032683369,58.7288205440274
49.6625865243465,64.0224281700089,59.869364123235,54.9062082390984,55.2214760253704,48.8496395221623,55.3507255497285,44.7289195203296,51.6896002856461,69.4963952858464,60.691076416653,55.3987273532018,51.9278496151604,69.7239591431204,61.6571411444507,54.6661726209635,49.7130736814298,60.7363342942834,63.2773363620023,50.3261811628172,62.8028172855432,42.5356077610171,63.0733023368882,68.8223164618155,46.5863606088972,39.5628331573906,48.4680873048094,52.5516575277642,59.7322103247614,60.6855032683369,58.7288205440274
49.6625865243465,64.0235765136199,59.869364123235,54.9062082390984,55.2214760253704,48.8496395221623,55.3507255497285,44.7289195203296,51.6896002856461,69.4963952858464,60.691076416653,55.3987273532018,51.9278496151604,69.7297670534643,61.6571411444507,54.6661726209635,49.7130736814298,60.7365179328877,63.2773363620023,50.3338653805528,62.8028618568232,42.5356077610171,63.0733023368882,68.8223164618155,46.5863606088972,39.5628331573906,48.4680873048094,52.5516575277642,59.7322103247614,60.6855032683369,58.7288205440274
49.6625865243465,64.0235765136199,59.869364123235,54.9062082390984,55.2214760253704,48.8496395221623,55.3507255497285,44.7289195203296,52.4559623373005,69.4963952858464,60.712114023267,55.3987273532018,51.9278496151604,69.7297670534643,61.6571411444507,54.6661726209635,49.7130736814298,60.7365179328877,63.3231877344353,50.3575042622076,62.8029164353345,42.5356077610171,63.0757318925306,68.8223164618155,46.5865722039474,39.5628331573906,48.4680873048094,52.5516575277642,59.7322103247614,60.6855032683369,58.7288205440274
49.6625865243465,64.0235765136199,59.869364123235,54.9062082390984,55.2214760253704,48.8496395221623,55.3507255497285,44.7289195203296,52.4559623373005,69.4963952858464,60.712114023267,55.3987273532018,51.9278496151604,69.7297670534643,61.6571411444507,54.6661726209635,49.7130736814298,60.7366698630082,63.3231877344353,50.3575042622076,62.8029164353345,42.5356077610171,63.0757318925306,68.8223164618155,46.5865722039474,39.5628331573906,48.4680873048094,52.5516575277642,59.7322103247614,60.6855032683369,58.7288205440274
49.6625866590739,64.0235765136199,59.869364123235,54.9062082390984,55.2214760253704,48.8496858116442,55.3507255497285,44.7289195203296,52.4751445182533,69.4963952858464,60.712114023267,55.3987273532018,51.9278496151604,69.7297670534643,61.6571411444507,54.6661726209635,49.7130736814298,60.7366698630082,63.3875859961114,50.3575042622076,62.8029164353345,42.5356077610171,63.0771114599688,68.8223164618155,46.5865722039474,39.5628331573906,48.4680873048204,52.5516575277642,59.7322103247614,60.9363120479264,58.7288205440274
49.6625866590739,64.0235765136199,59.869364123235,54.9062082390984,55.2214760253704,48.8496858116442,55.3507255497285,44.7289195203296,52.4751445182533,69.4963952858464,60.7166537033256,55.3987273532018,51.9278875094612,69.7306949055122,61.6571411444507,54.6661726209635,49.7130736814298,60.7368002371359,63.3875859961114,50.3895501328458,62.8029164353345,42.5356077610171,63.0771114599688,68.8223164618155,46.5865722039474,39.5628331573906,48.4680873048204,52.5516575277642,59.7322103247614,60.9363120479264,58.7288205440274
49.6625892029051,64.0235765136199,59.869364123235,54.9062082390984,55.2214760253704,48.8496858116442,55.3507255497285,44.7289195214484,52.8870019055956,69.4963952858464,60.7166537033256,55.3987273532018,51.9278875094612,69.7306949055122,61.6571411444507,54.6661726209635,49.7130736814298,60.7368002371359,63.4350591302853,50.3895501328458,62.8029164353345,42.5356077610171,63.0771114599688,68.8223164618155,46.5865722039474,39.5628331573906,48.4680873048204,52.5516575277642,59.7322103247614,60.9749828243748,58.7288205440274
49.6625892029051,64.0235765136199,59.8694351706256,54.9062082390984,55.2214760253704,48.8496858116442,55.3507255497285,44.7289195214484,52.9424125154746,69.4963952858464,60.7166537033256,55.3987273532018,51.9278875094612,69.7318863365281,61.6571411444507,54.6661726209635,49.7130736814298,60.7369177120581,63.4350591302853,50.3895501328458,62.8029164353345,42.5356077610171,63.0794876711022,68.8223164618155,46.5866123648235,39.5628331573906,48.4680873048204,52.5516575277642,59.7322103247614,61.022088105346,58.7288205440274
49.6625892029051,64.0235765136199,59.8694351706256,54.9062082390984,55.2214760253704,48.8496858116442,55.3507255497285,44.7289195214484,52.9424125154746,69.4973208899401,60.7166537033256,55.3987273532018,51.9278875094612,69.7318863365281,61.6571411444507,54.6661726209635,49.7130736814298,60.7369177120581,63.4797349255917,50.3895501328458,62.8029164353345,42.5356077610171,63.0794876711022,68.8223164618155,46.5866123648235,39.5628331573906,48.468087304849,52.5516575277642,59.7322103247614,61.1061344600852,58.7288205440274
49.6625892029051,64.0235765136199,59.8694351706256,54.9062082390984,55.2214760253704,48.8496858116442,55.3507255497285,44.7289195224044,54.3921609872379,69.4973208899401,60.7166537033256,55.3987273532018,51.9278875094612,69.7326996832227,61.6571411444507,54.6663758195644,49.7130736814298,60.7370345247002,63.4797349255917,50.3956717001167,62.8029164353345,42.5356077610171,63.0794876711022,68.8223164618155,46.5866123648235,39.5628331573906,48.468087304849,52.5516575277642,59.7322103247614,61.1061344600852,58.7288205440274
49.6625929849189,64.0235765136199,59.8694351706256,54.9062082390984,55.2214760253704,48.8496976164804,55.3507255497285,44.7289195224044,54.8348668207802,69.4973208899401,60.7166537033256,55.3987273532018,51.9278875094612,69.7327917534078,61.6571411444507,54.6663758195644,49.7130736814298,60.7370345247002,63.5281671386914,50.3956717001167,62.8029430147649,42.5356077610171,63.0803243207533,68.8223164618155,46.5866123648235,39.5628331573906,48.468087304849,52.5516575277642,59.7322103247614,61.1061344600852,58.7288205440274
49.6625929849189,64.0235765136199,59.8694351706256,54.9062082390984,55.2214760253704,48.8496976164804,55.3507255497285,44.7289195224044,54.8348668207802,69.4973208899401,60.7166537033256,55.3987273532018,51.9278875094612,69.7327917534078,61.6571411444507,54.6663758195644,49.7130736814298,60.7371560018436,63.5281671386914,50.3956717001167,62.8029918616608,42.5356077610171,63.0803243207533,68.8223164618155,46.5866123648235,39.5628331573906,48.4680873048618,52.5516575459621,59.7322103247614,61.1061344600852,58.7288205440274
49.6625929849189,64.0235765136199,59.869484807353,54.9062082390984,55.2214760253704,48.8496976164804,55.3507255497285,44.7289195224044,54.8348668207802,69.4973208899401,60.7166537033256,55.3987273532018,51.9279023136574,69.7328115284409,61.6571411444507,54.6663758195644,49.7130736814298,60.7371560018436,63.5454658416349,50.3956717001167,62.8029918616608,42.5356077610171,63.081783820763,68.8223164618155,46.5866123648235,39.5628331573906,48.4680873048618,52.5516575459621,59.7322103247614,61.1061344600852,58.7291679494397
49.6625929849189,64.0235765136199,59.869484807353,54.9062082390984,55.2214760253704,48.8497067389257,55.3507255497285,44.7289195224044,54.8348668207802,69.4976345565988,60.7166537033256,55.3987273532018,51.9279023136574,69.7328115284409,61.6571411444507,54.6663758195644,49.7130736814298,60.7372455067706,63.5454658416349,50.3956717001167,62.8029918616608,42.5356077610171,63.081783820763,68.8223164618155,46.5866666061506,39.5628331573906,48.4680873048618,52.5516575562046,59.7322103247614,61.1061344600852,58.7291679494397
49.6625929849189,64.0239278298994,59.869484807353,54.9062082390984,55.2214760253704,48.8497067389257,55.3507255497285,44.7289195224044,54.8348668207802,69.4976345565988,60.7166537033256,55.3987273532018,51.9279023136574,69.7358660635413,61.6571411444507,54.6663758195644,49.7130736814298,60.7372455067706,63.6103683488311,50.3963168299613,62.8029918616608,42.5356077610171,63.081783820763,68.8223164618155,46.5866666061506,39.5628331573906,48.468087304867,52.5516575562046,59.7322103247614,61.1061344600852,58.7291679494397
49.6625999452013,64.0239278298994,59.8695247148713,54.9062082390984,55.2214760253704,48.8497067389257,55.3507255497285,44.7289195224044,54.8348668207802,69.4976345565988,60.7166537033256,55.3987273532018,51.9279023136574,69.7358660635413,61.6571411444507,54.6663758195644,49.7130736814298,60.7373699460211,63.6103683488311,50.3963168299613,62.8029918616608,42.5358454204065,63.0826444289344,68.8223164618155,46.5866666061506,39.5628331573906,48.468087304867,52.5516575597687,59.7322103247614,61.1078538559833,58.7291679494397
49.6625999452013,64.0239278298994,59.8695247148713,54.9062082390984,55.2214760253704,48.8497067389257,55.3507255497285,44.7289195224044,55.9511268138116,69.4976345565988,60.7166537033256,55.3987273532018,51.9279023136574,69.7358660635413,61.6588642511701,54.6663758195644,49.7130736814298,60.7373699460211,63.702629285037,50.397262427696,62.8029939399658,42.5358454204065,63.0826444289344,68.8223164618155,46.5866666061506,39.5628331573906,48.468087304867,52.5516575597687,59.7322103247614,61.1271196628756,58.7291679494397
49.6625999452013,64.0248732600608,59.8695426994226,54.9062082390984,55.2214760253704,48.8497067389257,55.3507255497285,44.7289195224044,55.9511268138116,69.4976345565988,60.7166537033256,55.3987273532018,51.9279023136574,69.7358660635413,61.6588642511701,54.6663758195644,49.713096368094,60.737475218337,63.702629285037,50.397262427696,62.8030167774018,42.5358454204065,63.0826444289344,68.8223164618155,46.5866666061506,39.5628331573906,48.4680873048685,52.5516575609376,59.7322103247614,61.1369588620212,58.7291679494397
49.6625999452013,64.0248732600608,59.8695426994226,54.9062082390984,55.2214760253704,48.8497067389257,55.3507255497285,44.7289195224044,55.9511268138116,69.4976345565988,60.7166537033256,55.3987273532018,51.9279023136574,69.7358660635413,61.6588642511701,54.6663758195644,49.713096368094,60.8372920969489,63.7676284791765,50.3977904790745,62.8030167774018,42.5358454204065,63.0861705661112,68.8223164618155,46.5866666061506,39.5628331573906,48.4680873048685,52.5516575609376,59.7322103247614,61.1369588620212,58.7291679494397
49.6625999452013,64.0248732600608,59.8695426994226,54.9062082390984,55.2245888681084,48.8497494535829,55.3507255497285,44.7289195224044,55.9511268138116,69.4976345565988,60.7166537033256,55.3987273532018,51.9279023136574,69.7358660635413,61.6588642511701,54.6669809558404,49.713096368094,60.8372920969489,63.7676284791765,50.3995173207495,62.8030359997427,42.5358454204065,63.0861705661112,68.8223164618155,46.5866666061506,39.5628331573906,48.4680873048685,52.5516575609376,59.7322103247614,61.1619556812639,58.7302638911035
49.6625999452013,64.0248732600608,59.8695486937588,54.9062082390984,55.2245888681084,48.8497494535829,55.3507255497285,44.7289195224044,55.9683931343584,69.4976345565988,60.7166537033256,55.4098895383048,51.9279023136574,69.7375419559596,61.6615403429826,54.6669809558404,49.7131293227124,60.8372920969489,63.8434797973603,50.3995173207495,62.8030538481559,42.5358454204065,63.0893376977249,68.8223164618155,46.5866666061506,39.5628331573906,48.4680873048685,52.551657571732,59.7322103247614,61.1882029880903,58.7302638911035
49.6625999452013,64.0248732600608,59.8695486937588,54.9062082390984,55.2245888681084,48.8497494535829,55.3507255497285,44.7289195224044,57.1694422642316,69.4976345565988,60.7166537033256,55.4098895383048,51.9279023136574,69.7456519190298,61.6615403429826,54.6669809558404,49.7131293227124,60.8372920969489,63.8434797973603,50.4035336736987,62.8030538481559,42.535989634161,63.0893376977249,68.8223164618155,46.5866666061506,39.5628331573906,48.4680873048685,52.551657571732,59.7322103247614,61.1969585255222,58.7302638911035
49.6625999452013,64.0248732600608,59.8695489965893,54.9062082390984,55.2245888681084,48.8497494535829,55.3507255497285,44.7289195224044,58.1001534320228,69.4976345565988,60.7166537033256,55.4098895383048,51.9279137301207,69.7558077755112,61.6615403429826,54.6669809558404,49.7131293227124,60.8372920969489,63.9514296308821,50.4035336736987,62.8030638213238,42.535989634161,63.0893376977249,68.8223164618155,46.5866666061506,39.5628331573906,48.4680873048685,52.551657571732,59.7322103247614,61.2154565611564,58.7307143161122
49.6625999452013,64.0248732600608,59.8695489965893,54.9062082390984,55.2245888681084,48.8497494535829,55.3507255497285,44.7289195224044,58.1001534320228,69.4976345565988,60.7166537033256,55.4098895383048,51.9279137301207,69.7652983690167,61.6615403429826,54.6669809558404,49.7131293227124,60.8797700688901,63.9514296308821,50.4035336736987,62.8030768772992,42.535989634161,63.0938812801096,68.8223164618155,46.5866666061506,39.5628331573906,48.4680873048685,52.551657571732,59.7322103247614,61.2154565611564,58.7307143161122
49.6625999452013,64.0248732600608,59.8695489965893,54.9062082390984,55.2245888681084,48.8497494535829,55.3507255497285,44.7289195224044,58.9668334430655,69.4976345565988,60.7166537033256,55.4098895383048,51.9279137301207,69.783351715278,61.6615403429826,54.6669809558404,49.7131293227124,60.8797700688901,64.0952024053962,50.4050770064763,62.8030768772992,42.535989634161,63.0938812801096,68.8223164618155,46.5873817080767,39.5628331573906,48.4680873048685,52.551657571732,59.7322103247614,61.2881443770475,58.7307143161122
49.6625999452013,64.0248732600608,59.869556618321,54.9062082390984,55.2245888681084,48.8497723011386,55.3507255497285,44.7289195224044,59.4692249290727,69.4976345565988,60.7166537033256,55.4098895383048,51.9279376198328,69.783351715278,61.6615403429826,54.6669809558404,49.7131293227124,60.8797700688901,64.0952024053962,50.4067341998687,62.8030976903224,42.535989634161,63.0965461730017,68.8223164618155,46.5873817080767,39.5628331573906,48.4680873048689,52.551657571732,59.7322103247614,61.2881443770475,58.73101028762
49.6625999452013,64.0251202234037,59.869556618321,54.9062082390984,55.2245888681084,48.8497723011386,55.3507255497285,44.7289195224044,59.4692249290727,69.4976345565988,60.7166537033256,55.4098895383048,51.9279376198328,69.783351715278,61.6615403429826,54.6669809558404,49.7132032242558,60.9542624965362,64.2236580899312,50.4067341998687,62.803118667297,42.535989634161,63.0965461730017,68.8223164618155,46.5880604678945,39.5628331573906,48.4680873048689,52.551657571732,59.7322103247614,61.2881443770475,58.73101028762
49.6625999452013,64.0251202234037,59.869556618321,54.9062082390984,55.2245888681084,48.8497723011386,55.3507255497285,44.7289195224044,59.4692249290727,69.4976345565988,60.7166537033256,55.4098895383048,51.9279376198328,69.7902926146228,61.6629896270358,54.6677136899392,49.7132032242558,60.958062780981,64.2236580899312,50.4083177424291,62.803118667297,42.535989634161,63.0965461730017,68.8223164618155,46.5880604678945,39.5628331573906,48.4680873048689,52.551657571732,59.7322103247614,61.2881443770475,58.73101028762
49.6625999452013,64.0251202234037,59.869556618321,54.9062082390984,55.2245888681084,48.8497723011386,55.3507255497285,44.7289195224044,59.7919079895622,69.4976345565988,60.7166537033256,55.4098895383048,51.927945270545,69.7902926146228,61.6629896270358,54.6677136899392,49.7132032242558,60.958062780981,64.3391226409158,50.40866108895,62.8031411206942,42.535989634161,63.0995514708827,68.8223164618155,46.5890999151875,39.5628331573906,48.4680873048689,52.551657571732,59.7322103247614,61.2881443770475,58.731241155449
49.6625999452013,64.0261463982163,59.869556618321,54.9062082390984,55.2245888681084,48.8497723011386,55.3507255497285,44.7289195224044,59.7919079895622,69.4976345565988,60.7166537033256,55.4098895383048,51.927945270545,69.7902926146228,61.6629896270358,54.6677136899392,49.7132032242558,60.958062780981,64.3391226409158,50.40866108895,62.8031515244354,42.535989634161,63.0995514708827,68.8223164618155,46.5897665080006,39.5628331573906,48.4680873048693,54.6697065122773,59.7322103247614,61.2881443770475,58.731241155449
49.6625999452013,64.0261463982163,59.8695795677046,54.9062082390984,55.2245888681084,48.8497723011386,55.3507255497285,44.7289195224044,59.9600214835633,69.4976345565988,60.7166537033256,55.4098895383048,51.927945270545,69.7912881884023,61.6629896270358,54.6677136899392,49.7132032242558,60.958062780981,64.5284663899834,50.4104017324063,62.8031515244354,42.535989634161,63.1010110365484,68.8223164618155,46.5897665080006,39.5628331573906,48.4680873048693,54.6697065122773,59.7322141191177,61.2881443770475,58.731241155449
49.6625999452013,64.0261463982163,59.8695795677046,54.9062082390984,55.2245888681084,48.8497723011386,55.3507255497285,44.7289195224044,59.9600214835633,69.4976345565988,60.7166537033256,55.4098895383048,51.9279577407833,69.7912881884023,61.6629896270358,54.6677136899392,49.7132032242558,61.1013595234518,64.5284663899834,50.4104017324063,62.8031554277949,42.535989634161,63.1010110365484,68.8230026403009,46.5909686933555,39.5628331573906,48.4680873048845,54.6697065122773,59.7322141191177,61.3035409630087,58.7313273939447
49.6625999452013,64.0261463982163,59.8695795677046,54.9062082390984,55.2245888681084,48.8497723011386,55.3507255497285,44.7289195224044,59.9822548516218,69.4976345565988,60.7298949285269,55.4098895383048,51.9279577407833,69.7912881884023,61.6629896270358,54.6677136899392,49.7132032242558,61.2306481049184,64.6869997398176,50.4175480046444,62.8031569589833,42.535989634161,63.1010110365484,68.8230026403009,46.5924057393063,39.5628331573906,48.4680873048845,54.6697065122773,59.7322800128587,61.3035409630087,58.7313273939447
49.6625999452013,64.0261463982163,59.8695795677046,54.9062082390984,55.2263139846068,48.8497723011386,55.3507255497285,44.728919523259,60.1604354666549,69.4976345565988,60.7298949285269,55.4098895383048,51.9279667111478,69.7951704874429,61.6629896270358,54.6693665623664,49.7132032242558,61.2306481049184,64.6869997398176,50.4175480046444,62.8031569589833,42.535989634161,63.1038068028776,68.8230026403009,46.5924057393063,39.5628331573906,48.4680873048845,54.6697065122773,59.7322800128587,61.3035409630087,58.7313273939447
49.6625999452013,64.0261463982163,59.8695928757337,54.9062082390984,55.2263139846068,48.8497723011386,55.3507255497285,44.728919523259,60.1604354666549,69.4976345565988,60.7298949285269,55.4098895383048,51.9279667111478,69.7951704874429,61.6629896270358,54.6693665623664,49.7132032242558,61.2306481049184,64.8059282961737,50.4224414563247,62.8031569589833,42.535989634161,63.1038068028776,68.8230026403009,46.5932606687708,39.5628331573906,48.4680873048845,54.6697065122773,59.7323111591632,61.3064256897498,58.7313273939447
49.6626013401908,64.0261463982163,59.8695928757337,54.9062082390984,55.2263139846068,48.8497723011386,55.3507255497285,44.728919523259,60.2035041914387,69.4976345565988,60.7298949285269,55.4098895383048,51.9279667111478,69.8038962390305,61.6629896270358,54.6693665623664,49.7132032242558,61.3162881101795,64.8059282961737,50.4238304617674,62.8031569589833,42.535989634161,63.10388915022,68.8230026403009,46.594966272754,39.5628331573906,48.4680873048845,54.6697065122773,59.7323111591632,61.3064256897498,58.7313273939447
49.6626013401908,64.0265811546463,59.8695928757337,54.9062082390984,55.2460684241808,48.8497723011386,55.3507255497285,44.728919523259,60.2035041914387,69.4976345565988,60.7298949285269,55.4098895383048,51.9280170256957,69.8038962390305,61.6629896270358,54.6693665623664,49.7132032242558,61.3162881101795,64.9513298721075,50.4254348604274,62.8031569589833,42.535989634161,63.10388915022,68.8230026403009,46.594966272754,39.5638415751783,48.4680873048848,54.6697065122773,59.7323931945795,61.3064256897498,58.7313273939447
49.6626013401908,64.0265811546463,59.8695987218633,54.9062082390984,55.2460684241808,48.8497723011386,55.3507255497285,44.728919523259,60.321739036999,69.4976345565988,60.7298949285269,55.4098895383048,51.9280170256957,69.8038962390305,61.6630180232694,54.6693665623664,49.7132032242558,61.6391388371459,64.9513298721075,50.4266682448607,62.8031649622474,42.535989634161,63.10388915022,68.8230026403009,46.595887051326,39.5638415751783,48.4680873048848,54.6697065122773,59.7323931945795,61.3103153190795,58.7313273939447
49.6626013401908,64.0265811546463,59.8695987218633,54.9062082390984,55.2460684241808,48.8497851938495,55.3507255497285,44.7289195236213,60.9017618563105,69.4976345565988,60.7298949285269,55.4098895383048,51.9280646130026,69.8038962390305,61.6630180232694,54.6693665623664,49.7132032242558,61.6391388371459,65.0568121572659,50.4278286024006,62.8031651153008,42.535989634161,63.1062300474745,68.8230026403009,46.5980114007361,39.5638415751783,48.4680873048848,54.7244206306244,59.7323931945795,61.3103153190795,58.7313273939447
49.6626021248459,64.0265811546463,59.8695987218633,54.9062082390984,55.2486618822556,48.8497851938495,55.3507255497285,44.7289195236213,60.9017618563105,69.4976345565988,60.7383587455182,55.4217121356181,51.9280646130026,69.8038962390305,61.6630180232694,54.6693665623664,49.7132032242558,61.6391388371459,65.0568121572659,50.4307372634375,62.8031651153008,42.535989634161,63.1062300474745,68.8230026403009,46.5980114007361,39.5638415751783,48.4680873048848,55.1595748670681,59.7324087194335,61.3103153190795,58.7313273939447
49.6626021248459,64.0265811546463,59.8696067180246,54.9062082390984,55.2486618822556,48.8497851938495,55.3507255497285,44.7289195237977,60.9017618563105,69.4976345565988,60.7383587455182,55.4217121356181,51.9280646130026,69.8038962390305,61.6630180232694,54.6693665623664,49.7132032242558,61.6391388371459,65.2151936045413,50.4307372634375,62.8031707168131,42.535989634161,63.1068427153509,68.8230026403009,46.5987599325165,39.5638415751783,48.4680873048848,55.9243090011651,59.7324087194335,61.3103153190795,58.7313679820201
49.6626021248459,64.0287804159558,59.8696067180246,54.9062082390984,55.2486618822556,48.8497938439797,55.3507255497285,44.7289195237977,60.9017618563105,69.4976345565988,60.7383587455182,55.4217121356181,51.9281180787676,69.8038962390305,61.6630180232694,54.6693665623664,49.7132032242558,61.6391388371459,65.2151936045413,50.4307372634375,62.8031723228683,42.535989634161,63.1068427153509,68.8230026403009,46.5999218132432,39.5638415751783,48.4680873048848,55.9243090011651,59.7330961842198,61.3122596286163,58.7313679820201
49.6626021248459,64.0287804159558,59.8696067180246,54.9062082390984,55.2486618822556,48.8497938439797,55.3507255497285,44.7289195237977,60.9427853576167,69.4976345565988,60.7383587455182,55.4217121356181,51.9281180787676,69.8098328864647,61.6630180232694,54.6693665623664,49.7132032242558,61.6391388371459,65.3824392123729,50.4324412774468,62.8031723228683,42.535989634161,63.1068427153509,68.8230026403009,46.5999218132432,39.5638415751783,48.4680873048866,56.2013585464226,59.7340456169192,61.3122596286163,58.7313679820201
49.6626021248459,64.0287804159558,59.8696153875542,54.9062082390984,55.2486618822556,48.8497938439797,55.3507255497285,44.7289195237977,60.9427853576167,69.4976345565988,60.7383587455182,55.4217121356181,51.9282165360841,69.8158233281363,61.6630180232694,54.6693665623664,49.7132032242558,61.6391388371459,65.3824392123729,50.4356583308958,62.8031728185107,42.535989634161,63.1068427153509,68.8230026403009,46.6007765257356,39.5638415751783,48.4680873048866,56.2013585464226,59.7340456169192,61.3144469463407,58.7313679820201
49.6626021248459,64.0304273937341,59.8696153875542,54.9062082390984,55.2486618822556,48.8497938439797,55.3507255497285,44.7289195237977,60.9658391201611,69.4976345565988,60.7383587455182,55.4217121356181,51.9282165360841,69.8158233281363,61.6630180232694,54.6693665623664,49.7132032242558,61.929917015598,65.4926225885619,50.4377135004715,62.8031741173613,42.535989634161,63.1068427153509,68.8230026403009,46.6018537073123,39.5638415751783,48.4680873048935,56.6778753688345,59.7340456169192,61.3144469463407,58.7313679820201
49.6626021248459,64.0304273937341,59.8696153875542,54.9062082390984,55.2486618822556,48.8498272279852,55.3524763940131,44.7289195237977,60.9658391201611,69.4976345565988,60.7383587455182,55.4217121356181,51.9282165360841,69.8203908773459,61.6630180232694,54.6693665623664,49.7132032242558,61.9762341210516,65.4926225885619,50.4377135004715,62.8031741173613,42.535989634161,63.1068427153509,68.8230026403009,46.6018537073123,39.5638415751783,48.4680873048935,58.5033853492282,59.7340456169192,61.3144469463407,58.7313679820201
49.6626021248459,64.0304273937341,59.8696412297006,54.9062082390984,55.2486618822556,48.8498272279852,55.3524763940131,44.7289195237977,61.0406555045475,69.4976345565988,60.7383587455182,55.4217121356181,51.928283417693,69.8203908773459,61.6630180232694,54.6693665623664,49.7132032242558,61.9762341210516,65.6958316718869,50.4398546335432,62.8031741173613,42.535989634161,63.1074396250037,68.8230026403009,46.6034258776762,39.5638415751783,48.4680873048935,59.5130838197915,59.7340456169192,61.3188487562973,58.7313679820201
49.6626021248459,64.0304273937341,59.8696412297006,54.9062082390984,55.2486618822556,48.8498272279852,55.3524763940131,44.7289195238635,61.0406555045475,69.4976345565988,60.743511581648,55.4217121356181,51.928283417693,69.8203908773459,61.6630180232694,54.6693665623664,49.7132032242558,61.9857820533943,65.6958316718869,50.4407031671008,62.8031741173613,42.535989634161,63.1074396250037,68.8230026403009,46.6034258776762,39.5638415751783,48.4680873048987,61.9006001523617,59.7342118318758,61.3188487562973,58.7313679820201
49.6626021248459,64.0304273937341,59.8696412297006,54.9062082390984,55.2559742034411,48.8498272279852,55.3524763940131,44.7289195238635,61.0406555045475,69.4976345565988,60.743511581648,55.4217121356181,51.9283417640534,69.8203908773459,61.6630180232694,54.6693665623664,49.7132376079389,61.9857820533943,65.8111615840409,50.4441877324005,62.8031741173613,42.535989634161,63.1074396250037,68.8230026403009,46.6051644134275,39.5638415751783,48.4680873048987,62.7143226990982,59.7342118318758,61.3188487562973,58.7313679820201
49.6626080184584,64.0304273937341,59.8696578037357,54.9062082390984,55.2559742034411,48.8498657039036,55.3524763940131,44.7289195238635,61.0820294207097,69.4976345565988,60.7749444330763,55.4293292384814,51.9283417640534,69.8203908773459,61.6632418910033,54.6693665623664,49.7132376079389,61.9857820533943,65.8111615840409,50.4453874501617,62.8031819606468,42.535989634161,63.1074396250037,68.8230026403009,46.6051644134275,39.5638415751783,48.4680873048987,62.7143226990982,59.7342118318758,61.3188487562973,58.7313679820201
49.6626080184584,64.0304273937341,59.8696578037357,54.9062082390984,55.2559742034411,48.8498657039036,55.3524763940131,44.7289195238635,61.0820294207097,69.4976345565988,60.7749444330763,55.4293292384814,51.9283417640534,69.8203908773459,61.6632418910033,54.6693665623664,49.7132376079389,61.9857820533943,65.9368607080551,50.4478429177826,62.8031913153728,42.535989634161,63.1074396250037,68.8230026403009,46.6052926267742,39.5658006478053,48.4680873048991,62.9029545826692,59.7342118318758,61.3188841293056,58.7313679820201
49.6626080184584,64.0304273937341,59.8696578037357,54.9062082390984,55.2559742034411,48.8498657039036,55.3524763940131,44.7289195238635,61.194701804456,69.4976345565988,60.7922219759757,55.4347828253822,51.9283964535074,69.8203908773459,61.6639655953538,54.6693665623664,49.7132376079389,61.9857820533943,65.9368607080551,50.4511042109347,62.8031913153728,42.535989634161,63.1074396250037,68.8230026403009,46.6052926267742,39.5658006478053,48.4680873048991,62.9029545826692,59.7343952077995,61.3188841293056,58.7313679820201
49.6626080184584,64.0304273937341,59.8696618643037,54.9062082390984,55.2559742034411,48.849884581448,55.3524763940131,44.7289195239408,61.194701804456,69.4976345565988,60.7922219759757,55.4347828253822,51.9283964535074,69.8203908773459,61.6639655953538,54.6693665623664,49.7132376079389,61.9857820533943,66.030698961963,50.4531580240049,62.8032036389836,42.535989634161,63.1075590987967,68.8230026403009,46.6052926267742,39.5658006478053,48.4680873048991,63.3483671025627,59.7343952077995,61.3218919931207,58.7313679820201
49.6626080184584,64.0304273937341,59.8696618643037,54.9062082390984,55.2583537947414,48.849884581448,55.3524763940131,44.7289195239408,61.194701804456,69.4976345565988,60.7951271932048,55.4347828253822,51.9284282007009,69.8203908773459,61.6639655953538,54.6693665623664,49.7132376079389,61.9961857571689,66.030698961963,50.4572022496344,62.8032097874307,42.535989634161,63.1075590987967,68.8230026403009,46.6052926267742,39.568294017638,48.4680873048991,63.3483671025627,59.7343952077995,61.3218919931207,58.7313679820201
49.6626080184584,64.0304273937341,59.8696618643037,54.9062082390984,55.2583537947414,48.849884581448,55.3524763940131,44.7289195239831,61.194701804456,69.4976345565988,60.7951271932048,55.439843089437,51.9284282007009,69.8203908773459,61.6642448098463,54.6693665623664,49.7132376079389,62.0030249215644,66.1385668814814,50.4643565003582,62.8032097874307,42.535989634161,63.1075962863905,68.8230026403009,46.6052926267742,39.568294017638,48.4680873048991,63.6278992189696,59.7343952077995,61.3218919931207,58.7313679820201
49.6626080184584,64.0304273937341,59.8696618643037,54.9062082390984,55.2583537947414,48.849884581448,55.3524763940131,44.7289195239831,61.28237612686,69.4976345565988,60.7951271932048,55.439843089437,51.9284282007009,69.8203908773459,61.6642448098463,54.6693665623664,49.7132376079389,62.0060221717932,66.1385668814814,50.4709257579657,62.8032097874307,42.535989634161,63.1075962863905,68.8230026403009,46.6052926267742,39.568294017638,48.4680873048991,63.6278992189696,59.7353208067749,61.3218919931207,58.7313679820201
49.6626080184584,64.0304273937341,59.8696618643037,54.9062082390984,55.2613232985449,48.8498863858495,55.3524763940131,44.7289195239831,61.28237612686,69.4976345565988,60.7951271932048,55.439843089437,51.9284282007009,69.8203908773459,61.6642448098463,54.6693665623664,49.7132376079389,62.007113869984,66.1917837447823,50.4758078077958,62.8032097874307,42.535989634161,63.1075962863905,68.8230026403009,46.6058454146952,39.5693375403022,48.4680873048991,63.6278992189696,59.7353208067749,61.3511361166092,58.731470674765
49.6626118470215,64.0304273937341,59.8696618643037,54.9062082390984,55.2613232985449,48.8498863858495,55.3524763940131,44.7289195240056,61.28237612686,69.4976345565988,60.7951271932048,55.439843089437,51.928446794165,69.8203908773459,61.6642448098463,54.6693665623664,49.7132376079389,62.007113869984,66.1917837447823,50.4882478335659,62.8032097874307,42.535989634161,63.1075962863905,68.8230026403009,46.6058898133949,39.5693375403022,48.4680873048991,63.6278992189696,59.7362799023971,61.3511361166092,58.731470674765
49.6626118470215,64.0307739368731,59.8696618643037,54.9062082390984,55.2613232985449,48.8498863858495,55.3524763940131,44.7289195240056,61.2849671087672,69.49809187133,60.7951271932048,55.4421467349308,51.928446794165,69.8220682287275,61.6642448098463,54.6693665623664,49.7132376079389,62.0073199259957,66.2427692313019,50.4942602701763,62.8032097874307,42.535989634161,63.1075962863905,68.8230026403009,46.6058898133949,39.5698852680627,48.4680873049,64.5247165167812,59.7362799023971,61.3511361166092,58.731470674765
49.6626131741993,64.0307739368731,59.8696632070999,54.9062082390984,55.2613232985449,48.8498874135972,55.3524763940131,44.7289195240175,61.2849671087672,69.49809187133,60.7951271932048,55.4421467349308,51.9285349446836,69.8220682287275,61.6642448098463,54.6693665623664,49.7132376079389,62.0073199259957,66.2427692313019,50.5008659620755,62.8032097874307,42.535989634161,63.1078434861395,68.8230026403009,46.6060880080138,39.5698852680627,48.4680873049,64.5247165167812,59.7362799023971,61.3511361166092,58.7317862129904
49.6626131741993,64.0307739368731,59.8696632070999,54.9062082390984,55.2613232985449,48.8498874135972,55.3524763940131,44.7289195240175,61.2849671087672,69.49809187133,60.7951271932048,55.4421467349308,51.9285349446836,69.8220682287275,61.6642448098463,54.6693665623664,49.7132376079389,62.043695377766,66.2554806034774,50.505245011466,62.8032097874307,42.53602739968,63.1078434861395,68.8230026403009,46.6060880080138,39.5698852680627,48.4680873049,64.5247165167812,59.7362799023971,61.3623909168716,58.7317862129904
49.6626131741993,64.0307739368731,59.8696632070999,54.9062082390984,55.2613232985449,48.8498916337964,55.3524763940131,44.7289195240237,61.2887477314051,69.49809187133,60.7953386238517,55.4421467349308,51.9285349446836,69.8220682287275,61.6642448098463,54.6695661544482,49.7132376079389,62.043695377766,66.2554806034774,50.5076611707479,62.8032097874307,42.53602739968,63.1080602638632,68.8230026403009,46.6064984225992,39.5700388854234,48.4680873049,64.5247165167812,59.7362799023971,61.3623909168716,58.7317862129904
49.6626131741993,64.0307739368731,59.8696951550242,54.9062082390984,55.2613232985449,48.8498916337964,55.3524763940131,44.7289195240237,61.2887477314051,69.49809187133,60.7953386238517,55.4421467349308,51.9286550212997,69.8220682287275,61.6642448098463,54.6695661544482,49.7132376079389,62.043695377766,66.2914899850077,50.5077609580235,62.8032097874307,42.53602739968,63.1080602638632,68.8230026403009,46.6075173262828,39.5700388854234,48.4680873049,64.5247165167812,59.7362799023971,61.3675194717226,58.7317862129904
49.6626131741993,64.0307739368731,59.8696951550242,54.9062082390984,55.2613232985449,48.8498916337964,55.3524763940131,44.728919524027,61.2887477314051,69.49809187133,60.7999416144672,55.4421467349308,51.9286550212997,69.8220682287275,61.6642448098463,54.6695661544482,49.7132376079389,62.043695377766,66.2914899850077,50.5077609580235,62.8032097874307,42.53602739968,63.1080602638632,68.8230026403009,46.6075173262828,39.5700388854234,48.4680873049,64.5247165167812,59.7362799023971,61.3675194717226,58.7317862129904
49.6626131741993,64.0307739368731,59.8697181021998,54.9062082390984,55.2613232985449,48.8498916337964,55.3524763940131,44.7289195240288,61.2946437912176,69.49809187133,60.7999416144672,55.4421467349308,51.9286550212997,69.8220682287275,61.6642448098463,54.6695661544482,49.7132376079389,62.0598984483998,66.3260576393861,50.5087970513838,62.8032097874307,42.53602739968,63.1080602638632,68.8230026403009,46.6075173262828,39.5700388854234,48.4680873049,65.0358577453577,59.7362799023971,61.3675194717226,58.7317862129904
49.6626131741993,64.0307739368731,59.8697181021998,54.9062082390984,55.2613232985449,48.8498916337964,55.3524763940131,44.7289195240288,61.2946437912176,69.49809187133,60.7999416144672,55.4421467349308,51.9287556926398,69.8220682287275,61.6653373353228,54.6695661544482,49.7132376079389,62.0598984483998,66.3260576393861,50.5087970513838,62.8032097874307,42.53602739968,63.1080602638632,68.8230026403009,46.6079174816825,39.5700388854234,48.4680873049,65.0358577453577,59.7366825077326,61.3675194717226,58.7317862129904
49.6626131741993,64.0307739368731,59.8697181021998,54.9062082390984,55.2613232985449,48.8498916337964,55.3524763940131,44.7289195240288,61.2946437912176,69.49809187133,60.7999416144672,55.4421467349308,51.9287556926398,69.8220682287275,61.6653373353228,54.6695661544482,49.7132698720037,62.1380639283183,66.3480713819992,50.5087970513838,62.8032097874307,42.53602739968,63.1080602638632,68.8230026403009,46.6079174816825,39.5700388854234,48.4680873049,65.2544135914484,59.7366825077326,61.3759951449714,58.7318678603716
49.6626131741993,64.0307739368731,59.8697181021998,54.9062082390984,55.2613232985449,48.8498916337964,55.3524763940131,44.7289195240297,61.5286856145295,69.49809187133,60.8038130577386,55.4421467349308,51.9288386267966,69.8220682287275,61.6653373353228,54.6695661544482,49.7132698720037,62.1380639283183,66.3480713819992,50.5087970513838,62.8032097874307,42.53602739968,63.1080602638632,68.8230026403009,46.6079174816825,39.5700388854234,48.4680873049004,65.2544135914484,59.7369814597674,61.3759951449714,58.7318678603716
49.6626131741993,64.0307739368731,59.8697181021998,54.9062082390984,55.2613232985449,48.8498916337964,55.3524763940131,44.7289195240297,61.5286856145295,69.49809187133,60.8038130577386,55.4421467349308,51.9288386267966,69.8220682287275,61.6653373353228,54.6695661544482,49.7132698720037,62.1579612083824,66.3774450903342,50.5097753300021,62.8032097874307,42.53602739968,63.1080602638632,68.8230026403009,46.6079174816825,39.5700388854234,48.4680873049004,65.2544135914484,59.7369814597674,61.3759951449714,58.7318678603716
49.6626133226252,64.0309274672236,59.8697181021998,54.9062082390984,55.2627067580602,48.8499076884555,55.3524763940131,44.7289195240302,61.5286856145295,69.49809187133,60.8038130577386,55.4421467349308,51.9289111307005,69.8220682287275,61.6653373353228,54.6695661544482,49.7132698720037,62.1579612083824,66.3774450903342,50.5097753300021,62.8032097874307,42.53602739968,63.1080602638632,68.8230026403009,46.6079174816825,39.5700388854234,48.4680873049016,65.3655893145147,59.7369814597674,61.3759951449714,58.7318678603716
49.6626133277835,64.0309274672236,59.8697181021998,54.9062082390984,55.2627067580602,48.8499076884555,55.3524763940131,44.7289195240302,61.5286856145295,69.49809187133,60.8038130577386,55.4421467349308,51.9289111307005,69.8220682287275,61.6653373353228,54.6696240819269,49.7132698720037,62.1861560815494,66.4256443897798,50.5097753300021,62.8032097874307,42.53602739968,63.1080602638632,68.8230026403009,46.6079504185878,39.5700388854234,48.4680873049016,65.3655893145147,59.7369814597674,61.3810797587773,58.7318678603716
49.6626133277835,64.0309274672236,59.8697181021998,54.9062082390984,55.2627067580602,48.8499076884555,55.3524763940131,44.7289195240304,61.5286856145295,69.49809187133,60.8038130577386,55.4421467349308,51.9289111307005,69.8220682287275,61.6653373353228,54.6696240819269,49.7132698720037,62.1861560815494,66.4256443897798,50.5097753300021,62.8032097874307,42.5361398685561,63.108082418417,68.8230026403009,46.6079504185878,39.5700388854234,48.4680873049016,65.3655893145147,59.7369814597674,61.3810797587773,58.7318678603716
49.6626133277835,64.0309274672236,59.8697181021998,54.9062082390984,55.2627067580602,48.8499076884555,55.3524763940131,44.7289195240304,61.5286856145295,69.49809187133,60.8038130577386,55.4446325202877,51.9290832098328,69.8220682287275,61.6653373353228,54.6698143555827,49.7132698720037,62.1861560815494,66.4486065448354,50.5101536118344,62.8032097874307,42.5361398685561,63.108082418417,68.8230026403009,46.6079504185878,39.5700617092068,48.4680873049016,65.3655893145147,59.7369814597674,61.3810797587773,58.7318678603716
49.6626133277835,64.0309274672236,59.8697181021998,54.9062082390984,55.2627067580602,48.8499135685336,55.3524763940131,44.7289195240304,61.5286856145295,69.49809187133,60.8073751206693,55.4446325202877,51.9290832098328,69.8220682287275,61.6653373353228,54.6698143555827,49.7132698720037,62.1861560815494,66.4486065448354,50.5101536118344,62.8032097874307,42.5361398685561,63.108082418417,68.8230026403009,46.6079504185878,39.5700617092068,48.4680873049016,65.3655893145147,59.737076426159,61.3810797587773,58.7319819946681
49.6626134175928,64.0309274672236,59.8697181021998,54.9062082390984,55.2627067580602,48.8499135685336,55.3524763940131,44.7289195240305,61.5286856145295,69.49809187133,60.8073751206693,55.4446325202877,51.9292301594547,69.8220682287275,61.6653373353228,54.6698143555827,49.7132698720037,62.217100382928,66.4486065448354,50.5101536118344,62.8032097874307,42.5362256222221,63.108082418417,68.8230026403009,46.6079504185878,39.5700617092068,48.4680873049016,65.3655893145147,59.737076426159,61.3810797587773,58.7319819946681
49.6626134405683,64.0309274672236,59.8697181021998,54.9062082390984,55.2639607811036,48.8499135685336,55.3524763940131,44.7289195240305,61.5286856145295,69.49809187133,60.8073751206693,55.4446325202877,51.9292301594547,69.8220682287275,61.6653373353228,54.6698143555827,49.7132698720037,62.217100382928,66.4706315712691,50.5102106275788,62.8032097874307,42.5362256222221,63.108082418417,68.8230026403009,46.6079504185878,39.5701122393115,48.4680873049016,65.3655893145147,59.737076426159,61.3810797587773,58.7319819946681
49.6626134405683,64.0309274672236,59.8697198267029,54.9062082390984,55.2639607811036,48.8499135685336,55.3524763940131,44.7289195240306,61.5286856145295,69.49809187133,60.8073751206693,55.4446325202877,51.9295285460505,69.8220682287275,61.6659666902527,54.6711267012355,49.7132698720037,62.217100382928,66.4706315712691,50.5102106275788,62.8032097874307,42.5362958161346,63.108082418417,68.8230026403009,46.6079504185878,39.5701122393115,48.4680873049016,65.5281048433094,59.737076426159,61.3810797587773,58.7319819946681
49.6626265913364,64.0309274672236,59.8697198267029,54.9062082390984,55.2639607811036,48.8499135685336,55.3524763940131,44.7289195240306,61.5286856145295,69.49809187133,60.8073751206693,55.4446325202877,51.9295285460505,69.8224994968237,61.6659666902527,54.6711267012355,49.7132698720037,62.217100382928,66.4706315712691,50.5102106275788,62.8032097874307,42.5362958161346,63.108082418417,68.8230026403009,46.6079504185878,39.5701122393115,48.4680873049016,65.541692540548,59.737076426159,61.3810797587773,58.7319819946681
49.6626265913364,64.0311107548329,59.8697198267029,54.9062082390984,55.2639607811036,48.8499216811891,55.3524763940131,44.7289195240306,61.5353187348761,69.49809187133,60.8073751206693,55.4446325202877,51.9295852448435,69.8224994968237,61.6659666902527,54.6711267012355,49.7132698720037,62.217100382928,66.4706315712691,50.5102106275788,62.8032097874307,42.5362958161346,63.108082418417,68.8230026403009,46.6079568027143,39.5701122393115,48.4680873049016,65.541692540548,59.7370966932248,61.3810797587773,58.7319819946681
49.6626289529201,64.0311107548329,59.8697303236559,54.9062082390984,55.2639607811036,48.8499216811891,55.3524763940131,44.7289195240306,61.5353187348761,69.49809187133,60.812242314383,55.4446325202877,51.9295852448435,69.8224994968237,61.6659666902527,54.6711267012355,49.7132698720037,62.217100382928,66.4706315712691,50.5102313387469,62.8032097874307,42.5362958161346,63.1080836394617,68.8230026403009,46.6079568027143,39.5702210761125,48.4680873049016,65.541692540548,59.7370966932248,61.3810797587773,58.7319819946681
49.6626289529201,64.0311107548329,59.8697303236559,54.9062082390984,55.2639607811036,48.8499224432496,55.3524763940131,44.7289195240306,61.5353187348761,69.49809187133,60.812242314383,55.4446325202877,51.929786295422,69.824750905772,61.6659666902527,54.6711267012355,49.7132698720037,62.217100382928,66.4709864120511,50.5102313387469,62.8032097874307,42.5362958161346,63.1080836394617,68.8230026403009,46.6079795991483,39.5702210761125,48.4680873049016,65.541692540548,59.7371182152929,61.3810797587773,58.7319819946681
49.6626377743072,64.031230109954,59.8697303236559,54.9062082390984,55.2639607811036,48.8499224432496,55.3524763940131,44.7289195240306,61.5353187348761,69.49809187133,60.812242314383,55.4446325202877,51.929786295422,69.824750905772,61.6659666902527,54.6711267012355,49.7132698720037,62.217100382928,66.4709864120511,50.5102313387469,62.8032097874307,42.5362958161346,63.1080836394617,68.8230026403009,46.6079795991483,39.5702210761125,48.4680873049016,65.5423713541142,59.7371387375791,61.3810797587773,58.7319819946681
49.6626440777828,64.031230109954,59.8697318593108,54.9062082390984,55.2639607811036,48.8499316922304,55.3524763940131,44.7289195240306,61.5353187348761,69.49809187133,60.812242314383,55.4446325202877,51.9299248099889,69.824750905772,61.6659943946643,54.6711267012355,49.7132698720037,62.217100382928,66.4709864120511,50.5102313387469,62.8032097874307,42.5362958161346,63.1081984637198,68.8230026403009,46.6079795991483,39.5723713735967,48.4680873049016,65.5489696185832,59.7371387375791,61.3810797587773,58.7319819946681
49.6626440777828,64.031230109954,59.8697318593108,54.9062082390984,55.2639607811036,48.8499352093878,55.3524763940131,44.7289195240306,61.5460093128694,69.49809187133,60.812242314383,55.4446325202877,51.9299248099889,69.824750905772,61.6659943946643,54.6711267012355,49.7132698720037,62.217100382928,66.4773711458702,50.5209336404721,62.8032097874307,42.5362958161346,63.1081984637198,68.8230026403009,46.6079795991483,39.5723713735967,48.4680873049016,65.5489696185832,59.7371458178743,61.3837273437822,58.7319819946681
49.6626543871348,64.031230109954,59.8697318593108,54.9062082390984,55.2639607811036,48.8499352093878,55.3524763940131,44.7289195240306,61.5460093128694,69.49809187133,60.812242314383,55.4446325202877,51.9299997464311,69.824750905772,61.6659943946643,54.6711267012355,49.7132698720037,62.217100382928,66.4773711458702,50.5209336404721,62.8032097874307,42.5362958161346,63.1081984637198,68.8230026403009,46.6079795991483,39.5723713735967,48.4680873049016,65.5489696185832,59.7371458178743,61.3837273437822,58.7319819946681
49.6626714271209,64.031230109954,59.8697427319116,54.9062082390984,55.2639607811036,48.849941541436,55.3524763940131,44.7289195240306,61.5460093128694,69.49809187133,60.812242314383,55.4446325202877,51.9299997464311,69.824750905772,61.6662322888148,54.6711267012355,49.7132698720037,62.217100382928,66.4870202736189,50.5329356443652,62.8032097874307,42.5363010676076,63.1082761146474,68.8230026403009,46.607980514406,39.5723713735967,48.4680873049016,65.5500929646435,59.7371458178743,61.3837273437822,58.7319819946681
49.6626714271209,64.0312969453866,59.8697427319116,54.9062082390984,55.2639607811036,48.8499440538337,55.3524763940131,44.7289195240306,61.574934387522,69.49809187133,60.812242314383,55.4446325202877,51.9300683730569,69.824750905772,61.6662322888148,54.6711267012355,49.7132698720037,62.217100382928,66.4870202736189,50.5329356443652,62.8032097874307,42.5363010676076,63.1082761146474,68.8230026403009,46.607980514406,39.5723713735967,48.4680873049016,65.5500929646435,59.7371458178743,61.3837273437822,58.7319819946681
49.6626714271209,64.0312969453866,59.8697491409204,54.9062082390984,55.2639607811036,48.8499440538337,55.3524763940131,44.7289195240306,61.574934387522,69.49809187133,60.812242314383,55.4446325202877,51.9300683730569,69.824750905772,61.6662322888148,54.6711356536175,49.7133143677953,62.217100382928,66.4870202736189,50.5329356443652,62.8032097874307,42.5363010676076,63.1082761146474,68.8230026403009,46.607980514406,39.5723713735967,48.4680873049016,65.5500929646435,59.7371458178743,61.3837273437822,58.7319819946681
49.6626714271209,64.0312969453866,59.8697491409204,54.9062082390984,55.2639607811036,48.8499472651846,55.3524763940131,44.7289195240306,61.574934387522,69.49809187133,60.812242314383,55.4446325202877,51.9301053486758,69.824750905772,61.6662322888148,54.6711356536175,49.7133143677953,62.217100382928,66.4870202736189,50.5329356443652,62.8032097874307,42.5363010676076,63.1082761146474,68.8230026403009,46.607980514406,39.5723713735967,48.4680873049016,65.5548230330346,59.7371594170097,61.3837273437822,58.7319819946681
49.6626714271209,64.0312969453866,59.869749939381,54.9062082390984,55.2639607811036,48.8499472651846,55.3524763940131,44.7289195240306,61.5953358368588,69.49809187133,60.812242314383,55.4446325202877,51.9301053486758,69.824750905772,61.6662322888148,54.6711356536175,49.7133143677953,62.217100382928,66.4870202736189,50.5329356443652,62.8032097874307,42.5363010676076,63.1082761146474,68.8231150631136,46.6079805353315,39.5723713735967,48.4680873049016,65.5548230330346,59.7371594170097,61.3837273437822,58.7319819946681
49.6626714271209,64.0313340574782,59.869749939381,54.9062082390984,55.2639607811036,48.8499479379258,55.3524763940131,44.7289195240306,61.5953358368588,69.49809187133,60.812242314383,55.4446325202877,51.9301463054883,69.824750905772,61.6662322888148,54.6711356536175,49.7133143677953,62.226519163896,66.4870202736189,50.5354651191416,62.8032097874307,42.5363010676076,63.1082761146474,68.8231150631136,46.6079805353315,39.5723713735967,48.4680873049019,65.5548230330346,59.7371594170097,61.3837273437822,58.7319819946681
49.6626714271209,64.0313340574782,59.8697557478675,54.9062082390984,55.2645027632916,48.8499479379258,55.3524763940131,44.7289195240306,61.5953358368588,69.49809187133,60.8125624714864,55.4446325202877,51.9301463054883,69.824750905772,61.6662322888148,54.6711356536175,49.7133143677953,62.226519163896,66.4893035450831,50.5354651191416,62.8032097874307,42.5363010676076,63.1082761146474,68.8231150631136,46.6079805353315,39.5740605044751,48.4680873049019,65.5548230330346,59.7371594170097,61.3841596793311,58.7319819946681
49.6626714271209,64.0314064844229,59.8697557478675,54.9062082390984,55.2645027632916,48.8499487482158,55.3524763940131,44.7289195240306,61.6166848217073,69.49809187133,60.8125624714864,55.4446325202877,51.9302332248351,69.8250865071517,61.6662322888148,54.6711356536175,49.7133143677953,62.226519163896,66.4893035450831,50.5354651191416,62.8032097874307,42.5363010676076,63.1082761146474,68.8231150631136,46.6079805353315,39.5740605044751,48.4680873049019,65.5548230330346,59.7371594170097,61.3841596793311,58.7319819946681
49.6626820402599,64.0314064844229,59.8697557478675,54.9062082390984,55.2645027632916,48.8499524883018,55.3524763940131,44.7289195240306,61.6392532296455,69.49809187133,60.8125624714864,55.4446550881556,51.9302332248351,69.8250865071517,61.6662322888148,54.6711356536175,49.7133143677953,62.226519163896,66.4893035450831,50.5354651191416,62.8032097874307,42.5363010676076,63.1082761146474,68.8231150631136,46.6079805353315,39.5740605044751,48.4680873049021,65.5874636260094,59.7371594170097,61.3841596793311,58.7319819946681
49.6626820402599,64.0314064844229,59.8697652953634,54.9062082390984,55.2645027632916,48.8499524883018,55.3524763940131,44.7289195240306,61.6392532296455,69.49809187133,60.8125624714864,55.4446550881556,51.9302470401869,69.8250865071517,61.6662322888148,54.6711356536175,49.7133143677953,62.226519163896,66.4946612377034,50.5354651191416,62.8032097874307,42.5363010676076,63.1082761146474,68.8231150631136,46.6079805353315,39.5740605044751,48.4680873049021,65.6098749384705,59.7371594170097,61.3841596793311,58.7319819946681
49.6626820402599,64.0314064844229,59.8697652953634,54.9062082390984,55.2645027632916,48.8499551306964,55.3524763940131,44.7289195240562,61.6392532296455,69.49809187133,60.8125624714864,55.444976886103,51.9302470401869,69.8250865071517,61.6662322888148,54.6711356536175,49.7133143677953,62.226519163896,66.4946612377034,50.5354651191416,62.8032162833327,42.5363010676076,63.1082761146474,68.8231150631136,46.6081129455639,39.5740605044751,48.4680873049021,65.6288637755802,59.7371594170097,61.3841596793311,58.7319819946681
49.6626820402599,64.0316781099593,59.8697720397382,54.9062082390984,55.2645027632916,48.8499551306964,55.3524763940131,44.7289195240562,61.6392532296455,69.49809187133,60.8125624714864,55.444976886103,51.9302470401869,69.8250865071517,61.6662322888148,54.6711435403444,49.7133143677953,62.226519163896,66.4946612377034,50.5354651191416,62.8032162833327,42.5363010676076,63.1082761146474,68.8231150631136,46.6081129455639,39.5740605044751,48.4680873049021,65.6850985115603,59.7371594170097,61.3841596793311,58.7319819946681
49.6626820402599,64.0316781099593,59.8697720397382,54.9062082390984,55.2645027632916,48.849956871229,55.3524763940131,44.7289195240562,61.6392532296455,69.49809187133,60.8125624714864,55.444976886103,51.9302470401869,69.8254480948793,61.6662322888148,54.6711435403444,49.7133143677953,62.226519163896,66.4963462401069,50.5354651191416,62.8032295284835,42.5363010676076,63.1082761146474,68.8231150631136,46.6081129455639,39.5740605044751,48.4680873049021,65.697098935027,59.7371594170097,61.384302557183,58.7319819946681
49.6626820402599,64.0316781099593,59.8697768081376,54.9062082390984,55.2645027632916,48.849956871229,55.3524763940131,44.7289195240605,61.6392532296455,69.49809187133,60.8125624714864,55.444976886103,51.9302470401869,69.8254480948793,61.6662322888148,54.6711435403444,49.7133143677953,62.226519163896,66.4963462401069,50.5354651191416,62.8032295284835,42.5363010676076,63.1082761146474,68.8232453654928,46.6081913642755,39.5740605044751,48.4680873049021,65.7033480622618,59.7371628853714,61.384302557183,58.732003467985
49.6626820402599,64.0318899840418,59.8697768081376,54.9062082390984,55.2647005083379,48.8499595184768,55.3524763940131,44.7289195240605,61.6392532296455,69.49809187133,60.8125624714864,55.444976886103,51.9302470401869,69.8254480948793,61.6662322888148,54.6711435403444,49.7133143677953,62.226519163896,66.5027911568752,50.5354651191416,62.80323982452,42.5363010676076,63.1082761146474,68.8232453654928,46.6081913642755,39.5740605044751,48.4680873049021,65.7033480622618,59.7371910288448,61.384302557183,58.732003467985
49.6626820402599,64.0318899840418,59.8697801886105,54.9062082390984,55.2647005083379,48.8499595184768,55.3524763940131,44.7289195240605,61.6392532296455,69.49809187133,60.8125624714864,55.444976886103,51.9302470401869,69.8254480948793,61.6662322888148,54.6711435403444,49.7133143677953,62.2462522914686,66.5027911568752,50.5354651191416,62.8032493749061,42.5363010676076,63.1082761146474,68.8232453654928,46.6081913642755,39.5740605044751,48.4680873049021,65.7065539773442,59.7371910288448,61.384302557183,58.732003467985
49.6626820402599,64.0318899840418,59.8697801886105,54.9062082390984,55.26538641544,48.8499623257854,55.3524763940131,44.7289195240605,61.6392532296455,69.501383158287,60.8125624714864,55.444994622911,51.9302470401869,69.8254685499927,61.6662322888148,54.6711435403444,49.7133143677953,62.2462522914686,66.5027911568752,50.5358200084567,62.8032493749061,42.5363010676076,63.1082761146474,68.8232453654928,46.6081913642755,39.5740605044751,48.4680873049021,65.7117512567515,59.7372455948885,61.384302557183,58.732003467985
49.6626820402599,64.0318899840418,59.8697825942875,54.9062082390984,55.26538641544,48.8499623257854,55.3524763940131,44.7289195240605,61.6392532296455,69.501383158287,60.8125624714864,55.444994622911,51.9302470401869,69.8254685499927,61.6662322888148,54.6711435403444,49.7133143677953,62.2462522914686,66.5060285005053,50.5358200084567,62.8032666677731,42.5363010676076,63.1083133032205,68.8232453654928,46.608198545357,39.5740605044751,48.4680873049021,65.7117512567515,59.7372455948885,61.384302557183,58.732003467985
49.6626913751932,64.0318899840418,59.8697825942875,54.9062082390984,55.26538641544,48.8499654038044,55.3524763940131,44.7289195240605,61.6392532296455,69.5016540234702,60.8125624714864,55.445346889215,51.9302470401869,69.8254685499927,61.6662322888148,54.6711435403444,49.7133143677953,62.2462522914686,66.5060285005053,50.5358200084567,62.8032666677731,42.5363010676076,63.1083133032205,68.8232453654928,46.608198545357,39.5740605044751,48.4680873049021,65.7328723591488,59.7373722408509,61.384302557183,58.732003467985
49.6626913751932,64.0318899840418,59.8697825942875,54.9062082390984,55.26538641544,48.8499654038044,55.3524763940131,44.7289195240605,61.6392532296455,69.5016540234702,60.8125624714864,55.445346889215,51.9302470401869,69.8254685499927,61.6671581172161,54.6711435403444,49.7133143677953,62.2462522914686,66.5060285005053,50.5358200084567,62.8032666677731,42.5363010676076,63.1083133032205,68.8232453654928,46.608198545357,39.5740605044751,48.4680873049021,65.7375761833869,59.7374184592484,61.3843281680488,58.732003467985
49.6627021896179,64.0318899840418,59.8697843134782,54.9062082390984,55.26538641544,48.8499654038044,55.3524763940131,44.7289195240605,61.6392532296455,69.5016540234702,60.8125624714864,55.445346889215,51.9302470401869,69.8254685499927,61.6671581172161,54.6711435403444,49.7133143677953,62.2628847174415,66.5072555125037,50.5358200084567,62.8032841626406,42.5363010676076,63.1084375835827,68.8232453654928,46.608198545357,39.5745147061851,48.4680873049021,65.7375761833869,59.7374184592484,61.3843281680488,58.732003467985
49.6627021896179,64.0318899840418,59.8697843134782,54.9062082390984,55.2654077274042,48.8499680297888,55.3524763940131,44.7289195240605,61.6392532296455,69.5016540234702,60.8151477312378,55.445346889215,51.9302470401869,69.8254685499927,61.6671581172161,54.6711435403444,49.7133143677953,62.2628847174415,66.5072555125037,50.5358200084567,62.8032935706107,42.5363010676076,63.1084375835827,68.8232453654928,46.608198545357,39.5745147061851,48.4680873049021,65.7390276644996,59.7376657513717,61.3843281680488,58.732003467985
49.6627021896179,64.0318899840418,59.8697855470918,54.9062082390984,55.2654077274042,48.8499680297888,55.3524763940131,44.7289195240605,61.6392532296455,69.5017849187488,60.8151477312378,55.445346889215,51.9302470401869,69.8254685499927,61.6675863657367,54.6711621458227,49.7133143677953,62.2628847174415,66.5072555125037,50.5358200084567,62.8032935706107,42.5363010676076,63.1084375835827,68.8232453654928,46.608198545357,39.5745147061851,48.4680873049021,65.7578689741167,59.7378247244912,61.3843281680488,58.732003467985
49.6627021896179,64.0318899840418,59.8697855470918,54.9062082390984,55.2654077274042,48.8499680297888,55.3524763940131,44.7289195240605,61.6392532296455,69.5017849187488,60.8151477312378,55.445346889215,51.9302620363969,69.8257253064948,61.6675863657367,54.6711621458227,49.7133143677953,62.2628847174415,66.5072555125037,50.5358200084567,62.8032956605751,42.5363010676076,63.1084375835827,68.8232453654928,46.6083359516838,39.5747392908406,48.4680873049021,65.7578689741167,59.7378247244912,61.3843281680488,58.7320095030189
49.6627021896179,64.0318899840418,59.869786435493,54.9062082390984,55.2654077274042,48.8499706457577,55.3524763940131,44.7289195240605,61.6517651324755,69.5017849187488,60.8151477312378,55.4457124698523,51.9302620363969,69.8257253064948,61.6675863657367,54.6711621458227,49.7133143677953,62.2628847174415,66.5072555125037,50.5358605183325,62.8033016100173,42.5363010676076,63.1084375835827,68.8232453654928,46.6083359516838,39.5747392908406,48.4680873049021,65.7578689741167,59.7378247244912,61.3843281680488,58.7320095030189
49.6627021896179,64.0318899840418,59.8697870772409,54.9062082390984,55.2654077274042,48.8499706457577,55.3524763940131,44.7289195240605,61.6517651324755,69.5017849187488,60.8151477312378,55.4457124698523,51.9302620363969,69.8257253064948,61.6675863657367,54.6711744030475,49.7133143677953,62.2770958782483,66.5095433590036,50.5358605183325,62.8033016100173,42.5363010676076,63.1084375835827,68.8232453654928,46.6083845601054,39.5747392908406,48.4680873049021,65.7578689741167,59.7378662113908,61.3843281680488,58.7320095030189
49.6627021896179,64.0318899840418,59.8697870772409,54.9062082390984,55.2654077274042,48.8499706457577,55.3524763940131,44.7289195240605,61.6517651324755,69.5017849187488,60.8151477312378,55.4457124698523,51.9302654933008,69.8257253064948,61.6675863657367,54.6711744030475,49.7133143677953,62.2770958782483,66.5095433590036,50.5358605183325,62.8033045533247,42.5363010676076,63.1084375835827,68.8232453654928,46.6083845601054,39.5748707933802,48.4680873049021,65.7578689741167,59.7378662113908,61.3843281680488,58.7320095030189
49.6627021896179,64.0318899840418,59.8697875419616,54.9062082390984,55.2654077274042,48.84997579462,55.3524763940131,44.7289195240605,61.6517651324755,69.5017849187488,60.8151477312378,55.4457124698523,51.9302654933008,69.8257253064948,61.6675863657367,54.6711744030475,49.7133143677953,62.2770958782483,66.5118699558354,50.5361269430977,62.8033045533247,42.5363010676076,63.1084375835827,68.8241270716631,46.6083845601054,39.5748707933802,49.4239212938725,65.7578689741167,59.7378662113908,61.3843281680488,58.7321654723181
49.6627073609501,64.0319080375482,59.8697878791421,54.9062082390984,55.2654077274042,48.84997579462,55.3524763940131,44.7289195240605,61.6517651324755,69.5017849187488,60.8151477312378,55.4457124698523,51.9302654933008,69.8257253064948,61.6675863657367,54.6711744030475,49.7133415869399,62.3007441622359,66.5118699558354,50.5361269430977,62.8033128719938,42.5363010676076,63.1084574770057,68.8241270716631,46.6083845601054,39.5748707933802,49.8363413158532,65.7925910876534,59.7383938360403,61.3843281680488,58.7321654723181
49.6627073609501,64.0319080375482,59.8697878791421,54.9062082390984,55.2654077274042,48.84997579462,55.3524763940131,44.7289195240605,61.6517651324755,69.5017849187488,60.8151477312378,55.4457124698523,51.9302668074906,69.825730578028,61.6675863657367,54.6711744030475,49.7133415869399,62.3007441622359,66.5126414009212,50.5361269430977,62.8033128719938,42.5363010676076,63.1084574770057,68.8241270716631,46.6084463079686,39.5748707933802,49.8363413158532,65.7925910876534,59.7383938360403,61.3843682582398,58.7321654723181
49.6627217562949,64.0319080375482,59.8697992413416,54.9062082390984,55.2654077274042,48.8499759980798,55.3524763940131,44.7289195240605,61.6517651324755,69.5023745242338,60.8151477312378,55.4457124698523,51.9302668074906,69.825730578028,61.6675863657367,54.6711744030475,49.7133415869399,62.3007441622359,66.6164130545812,50.5366085537297,62.8033128719938,42.5363010676076,63.1084574770057,68.8241270716631,46.6084463079686,39.5748707933802,49.8363413158532,65.7925910876534,59.7383938360403,61.3843682582398,58.7321654723181
49.6627217562949,64.0321707417222,59.8697992413416,54.9062082390984,55.2660848549778,48.8499759980798,55.3524763940131,44.7289195240605,61.6517651324755,69.5023745242338,60.8153542656896,55.4457124698523,51.9302668074906,69.8262165025303,61.6675863657367,54.6711744030475,49.7133415869399,62.3007441622359,66.6164130545812,50.5366085537297,62.8033128719938,42.5363010676076,63.1084574770057,68.8241270716631,46.6084463079686,39.5748707933802,50.3158851803785,65.7925910876534,59.7383938360403,61.3843682582398,58.7322844510546
49.6627264817937,64.0321707417222,59.8697992413416,54.9062082390984,55.2660848549778,48.8499759980798,55.3524763940131,44.7289195240605,61.6517651324755,69.5023745242338,60.8153542656896,55.4457124698523,51.9302668074906,69.8262165025303,61.6675863657367,54.6711744030475,49.7133415869399,62.3007441622359,66.706483368907,50.5366085537297,62.8033162585511,42.5363010676076,63.1084574770057,68.8241270716631,46.6084463079686,39.5748707933802,50.3158851803785,65.7925910876534,59.7384063306588,61.3843682582398,58.7322844510546
49.6627264817937,64.0323291540613,59.8697992413416,54.9062082390984,55.2660848549778,48.8499772799343,55.3524763940131,44.7289195240605,61.6517651324755,69.5023745242338,60.8153542656896,55.4457124698523,51.9302668074906,69.8262165025303,61.6675863657367,54.6711744030475,49.7133415869399,62.3007441622359,66.8362890640944,50.5366085537297,62.8033162585511,42.5363010676076,63.1084574770057,68.8241270716631,46.6084644633093,39.5748707933802,50.3158851803785,65.7925910876534,59.7384063306588,61.3843682582398,58.7322844510546
49.6627309058366,64.0323291540613,59.8697992413416,54.9062082390984,55.2660848549778,48.8499772799343,55.3524763940131,44.7289195240605,61.6517651324755,69.5023745242338,60.8160745304933,55.4457124698523,51.9302668074906,69.8262165025303,61.6675863657367,54.6711744030475,49.7133415869399,62.3007441622359,66.9368910680053,50.5368083952086,62.8033168385549,42.5363010676076,63.1084574770057,68.8241270716631,46.6085479416822,39.5748707933802,50.3562079361802,65.8363815676093,59.7384063306588,61.3843682582398,58.7322844510546
49.6627360763193,64.0326861107745,59.8698002747011,54.9062082390984,55.2660848549778,48.8499785931943,55.3524763940131,44.7289195240605,61.6517651324755,69.5023745242338,60.8160745304933,55.4457124698523,51.9302668074906,69.8262165025303,61.6675863657367,54.6711744030475,49.7133415869399,62.3007441622359,66.9482929225451,50.5368083952086,62.8033168385549,42.5363010676076,63.1084574770057,68.8241270716631,46.6085479416822,39.5748707933802,50.3562079361802,65.8363815676093,59.7384063306588,61.3843682582398,58.7322844510546
49.6627360763193,64.0326861107745,59.8698002747011,54.9062082390984,55.2660848549778,48.8499785931943,55.3524763940131,44.7289195240605,61.6517651324755,69.5023745242338,60.8160745304933,55.4457124698523,51.9302668074906,69.8262165025303,61.6675863657367,54.6711744030475,49.7133415869399,62.3007441622359,66.9499778376412,50.5368083952086,62.8033186782715,42.5363010676076,63.1084574770057,68.8241270716631,46.6085479416822,39.5748809027184,50.9263702869803,65.8544056782099,59.7384063306588,61.3843682582398,58.7322844510546
42.273090392816,63.7458934295668,59.4690467000549,52.6180322056533,56.7061866919435,45.478167279732,64.1394498153612,42.9129966885442,38.9775779945182,60.433946043896,38.8005325486936,48.0364246247461,46.6846648182245,64.7365026882606,54.9656374807061,48.3368312718624,56.0633873579009,43.626918736625,40.7310125555426,48.5315760453534,63.433942980021,40.4558615095957,46.4540286002156,64.2273225993003,37.3847906791646,36.7180707941286,52.1541463389587,43.1449924665176,48.4819351728856,23.2116984205721,44.3408364774413
45.1029595122468,63.7458934295668,65.9457286903154,52.6180322056533,56.7061866919435,45.478167279732,64.1394498153612,44.109018783035,39.4744517135821,60.433946043896,38.8005325486936,48.0364246247461,46.6846648182245,64.7365026882606,54.9656374807061,48.3368312718624,56.0633873579009,49.5498419838479,47.9577849790263,48.5315760453534,63.433942980021,40.4558615095957,60.1355763187411,65.3702208675848,43.5428824003197,41.1281819728744,52.8314159184166,43.1501670619005,48.4819351728856,36.7614170639893,44.3408364774413
45.1029595122468,63.7458934295668,65.9457286903154,52.9757956559591,56.7061866919435,45.478167279732,64.1415989626716,44.109018783035,59.4702030722841,60.433946043896,47.1397504304605,48.0364246247461,46.6846648182245,64.7365026882606,54.9660385376975,48.3368312718624,56.0633873579009,58.1752841938749,47.9577849790263,48.5315760453534,63.433942980021,41.6293513898361,60.1355763187411,65.3702208675848,51.1746804336394,41.1281819728744,52.8314159184166,57.3901425741282,53.9064444774662,51.1306022422627,44.3408364774413
45.1029595122468,63.7458934295668,65.9457286903154,52.9757956559591,56.880201448761,45.7142157144215,64.1431105979115,44.9352458366079,59.4718948039235,60.433946043896,47.1397504304605,48.0364246247461,46.6847266028391,64.7959961994318,54.9663293392944,48.3368312718624,56.0633873579009,58.1752841938749,49.6162010075131,48.5319228463691,63.433942980021,41.6293513898361,60.1355763187411,65.5040391521252,51.1746804336394,41.1281819728744,53.7496076567636,57.3901425741282,53.9065693446398,61.7335394116916,44.3408364774413
45.1029595122468,64.2364274212615,66.4185516954494,53.2333894579525,57.8418419032055,45.8440765839322,64.1431105979115,46.3438738740755,59.4720682692451,60.433946043896,57.701729280835,49.2365134658582,46.6847266028391,64.8392533273917,54.9663293392944,48.3368312718624,56.0633873579009,58.1752841938749,49.6162010075131,48.5320296119829,65.9910332877066,41.6293513898361,60.1355763187411,65.5040391521252,51.1746804336394,41.1281819728744,56.8526519741861,57.3901425741282,55.3523775356862,61.8119858194153,44.3408364774413
45.1029595122468,64.2364274212615,66.4185516954494,53.4456154812544,57.8418419032055,45.8440765839322,64.385201190656,46.3438738740755,59.4720682692451,60.4348318898283,58.1351435107241,49.2365134658582,46.6847716951619,64.870732583921,54.9665405628728,48.4434560871568,56.1009707977098,58.1752841938749,49.6162010075131,48.5320296119829,65.9910332877066,41.6293513898361,60.5841880542389,65.5040391521252,51.1746804336394,42.1484178066978,56.8526519741861,57.5207650641751,55.3523775356862,61.8119858194153,45.4840199253723
45.1029595122468,64.2364274212615,66.4185516954494,53.5789327278807,57.8418419032055,45.8440765839322,64.385201190656,47.4066471528169,59.4720682692451,60.5293161899156,58.3804723357087,49.2365134658582,48.0453624242136,64.9321062476636,54.966694181745,48.6208054816957,56.2433016561256,58.3945385817213,49.6162010075131,48.5320296119829,65.9910332877066,41.6293513898361,60.5841880542389,65.7194521037683,51.1746804336394,42.1484178066978,56.8526519741861,57.5207650641751,55.5570099336473,61.8119858194153,45.4840199253723
45.1029697108143,64.2364274212615,66.5319121349292,53.6353539406456,57.8418419032055,46.578264502155,64.385201190656,48.1093830140383,59.4720682692451,60.5293161899156,58.3804723357087,49.2365134658582,48.5992828981429,64.9321062476636,54.966694181745,48.6712493204869,56.2433016561256,58.3945385817213,49.6402450091201,48.5320296119829,66.4629191051725,41.6293513898361,60.5841880542389,65.7194521037683,51.1746804336394,42.1484178066978,56.8526519741861,57.6225916917791,55.5570099336473,61.8119858194153,45.4840199253723
45.1029697108143,64.4536593273005,66.5319121349292,53.6452978875224,57.8418419032055,46.578264502155,64.4980804184085,49.6673477953381,60.3010952486248,60.5293161899156,58.3804723357087,49.5086847457893,48.5992828981429,64.9321062476636,54.9668060111409,48.6712493204869,56.3535582403473,58.3945385817213,49.6402450091201,48.5321075267542,66.4629191051725,41.6293513898361,62.0205196681064,65.7194521037683,54.9387066261957,42.2728173765127,56.8526519741861,57.6225916917791,55.5570099336473,61.8119858194153,45.4840199253723
45.2759437827567,64.4536593273005,66.5319121349292,53.6452978875224,57.8418419032055,46.5922977739346,64.4980804184085,50.4694879424289,60.3010952486248,60.9430592717438,58.3804723357087,49.5086847457893,48.7557648083263,65.7708182779156,54.9668874755073,48.6712493204869,56.9593711815793,58.3945385817213,49.6402450091201,48.5321075267542,66.4629191051725,41.6293513898361,62.0205196681064,65.9109156080201,54.9387066261957,42.2728173765127,59.0551537598439,57.6225916917791,55.5570099336473,61.8374192240486,45.4840199253723
45.505009626512,64.4536593273005,66.5319121349292,53.6452978875224,57.8418419032055,46.5922977739346,64.4980804184085,50.571975184366,60.5393507255048,60.9430592717438,58.3804723357087,49.5086847457893,49.0196256789187,65.7708182779156,54.9668874755073,49.3756769846846,56.9593711815793,58.9263220006174,49.7071759566089,48.532164388398,66.4629191051725,41.6293513898361,62.1318300340714,66.6835927759143,56.038069920675,42.2728173765127,60.8758979852307,58.9523031321672,56.1180622069662,61.8374192240486,45.4840199253723
45.505009626512,64.4536593273005,66.5319121349292,53.6452978875224,57.8418419032055,46.5922977739346,64.4980804184085,50.6275986196557,60.8912149032078,60.9665161470936,58.3804723357087,49.5086847457893,49.7894559142661,65.7708182779156,56.2243469894265,49.3756769846846,56.9593711815793,60.2193367048899,51.4823460130199,48.532164388398,66.5882358419135,41.6293513898361,62.1318300340714,66.7603837285693,56.038069920675,42.6128376513632,60.8758979852307,58.9523031321672,56.1180622069662,61.8374192240486,45.4840199253723
45.7370412450658,64.4536593273005,66.5319121349292,53.6452978875224,57.8418419032055,46.5922977739346,64.6824251587689,50.6275986196557,61.6793405400804,60.9665161470936,58.3804723357087,49.5086847457893,49.7894559142661,65.7708182779156,56.2352112117819,49.3756769846846,57.0559559127613,60.2193367048899,52.4703485167443,48.5322058864018,66.5882358419135,41.6293513898361,62.1318300340714,66.7603837285693,56.038069920675,42.6128376513632,60.8758979852307,58.9523031321672,56.1180622069662,63.1881231462733,45.4840199253723
45.7370412450658,64.4536593273005,66.6700319233101,53.6452978875224,57.8418419032055,46.7115255066204,64.6824251587689,50.6275986196557,61.6793405400804,60.9665161470936,58.5621868633403,49.5086847457893,49.9524922080616,65.7708182779156,56.2352112117819,49.3756769846846,57.0559559127613,60.2193367048899,52.4703485167443,48.5322361723361,66.6874125271402,46.2557681833397,62.1318300340714,66.7603837285693,56.038069920675,42.6128376513632,60.8758979852307,58.9523031321672,56.1180622069662,64.6544363499013,45.4840199253723
45.8167802628529,64.7309341941901,67.5939063077734,53.6496543751974,57.8418419032055,47.0328988537597,64.6824251587689,50.9263618170329,61.8670310911199,61.0903297946654,58.5621868633403,49.5086847457893,49.9524922080616,65.7708182779156,57.2802569452843,49.3756769846846,57.3301935210028,60.2193367048899,53.1749877938716,48.5322361723361,66.6874125271402,46.2557681833397,62.1318300340714,66.7603837285693,58.212341581491,42.6128376513632,60.8758979852307,61.0205061487438,56.1180622069662,64.6544363499013,45.4840199253723
45.8167802628529,64.7309341941901,67.5939063077734,53.6496543751974,57.8418419032055,47.1854623917294,64.6839522059252,50.9263618170329,61.8670310911199,61.432287371469,58.5621868633403,49.5233213694996,49.9524922080616,66.2329938628815,58.0291147650148,49.3756769846846,57.3301935210028,60.2193367048899,53.1749877938716,48.5322582757373,66.6874125271402,46.2557681833397,62.8094330495365,66.7603837285693,60.522450637946,42.6128376513632,60.8758979852307,61.5102926699846,56.1180622069662,64.6544363499013,45.4840199253723
45.8167802628529,64.7309341941901,67.5939063077734,53.6496543751974,57.8418419032055,47.3883011760767,64.6839522059252,51.2361913469365,61.8670310911199,61.432287371469,58.5621868633403,49.5233213694996,49.9524922080616,66.3083535894262,58.0291147650148,49.3756769846846,57.3301935210028,60.2193367048899,53.1749877938716,48.5322582757373,66.6874125271402,46.2557681833397,62.8094330495365,66.7603837285693,60.522450637946,42.6128376513632,60.8758979852307,61.5102926699846,56.1180622069662,64.7645449122243,45.4840199253723
45.8167802628529,64.7309341941901,67.6695820435624,53.7008817087735,57.8418419032055,47.78787732322,64.7089892468745,51.5532972018316,62.051455953597,61.6643296275987,58.5621868633403,49.6117242090946,49.9524922080616,66.3083535894262,58.0291147650148,49.3756769846846,57.3301935210028,61.0197147795166,53.3492696431163,48.5322582757373,66.6874125271402,46.2557681833397,62.8094330495365,66.7603837285693,60.522450637946,42.6408097262203,60.8758979852307,61.7445626673081,56.2847713425837,64.7645449122243,45.4840199253723
45.8167802628529,64.7309341941901,67.6695820435624,53.7008817087735,57.8418419032055,47.78787732322,64.7089892468745,51.5532972018316,62.8511023872972,61.7848877936985,58.5621868633403,49.6117242090946,49.9524922080616,66.3083535894262,58.0942797836218,49.5862331099572,57.3301935210028,61.0197147795166,53.5667151453196,48.9704741266014,66.6874125271402,46.2557681833397,62.8094330495365,66.7603837285693,60.522450637946,42.8222447899683,60.8758979852307,63.1779525691848,56.2847713425837,64.7645449122243,45.4840199253723
45.8167802628529,64.787525505394,67.6695820435624,53.7440077767952,57.8418419032055,47.78787732322,64.7089892468745,51.6451198241135,62.869144172723,61.7848877936985,58.6724683117907,49.6117242090946,49.9749177138368,66.3083535894262,58.0942797836218,49.5862331099572,57.3301935210028,61.0197147795166,53.5894618824705,48.9704741266014,66.7388277230412,47.800107170388,62.8094330495365,66.7829920414813,60.9430782246509,42.8222447899683,60.8758979852307,63.1779525691848,56.2847713425837,64.7645449122243,45.4840199253723
46.3881064716718,64.787525505394,67.6695820435624,53.7953113900802,57.877564445888,47.78787732322,64.8684773972944,51.8287843424653,62.869144172723,61.7848877936985,58.6724683117907,49.6117242090946,49.9749177138368,66.6987131345386,58.2833272490153,49.5862331099572,57.3301935210028,61.0197147795166,53.5894618824705,48.9704741266014,66.7388277230412,47.800107170388,62.8094330495365,66.7829920414813,60.9430782246509,42.8222447899683,60.8758979852307,64.8271598388918,56.2847713425837,65.5956349479273,45.679439813098
46.3881064716718,64.787525505394,67.6695820435624,53.8460470354554,57.9790962376452,47.78787732322,64.8684773972944,51.8287843424653,62.869144172723,61.7848877936985,58.6724683117907,49.6117242090946,49.9749177138368,66.6987131345386,58.2833272490153,49.5862331099572,57.3639610583304,61.0197147795166,54.3101339712242,48.9704741266014,66.7853165862683,56.8593070191704,62.8094330495365,66.7829920414813,61.0152380903446,42.9043043022048,60.8758979852307,64.8271598388918,56.2847713425837,65.5956349479273,45.679439813098
46.7887567942015,64.787525505394,67.903179300229,53.8866558019534,57.9790962376452,47.78787732322,64.8684773972944,52.1318879071265,63.944625289383,61.7848877936985,58.6724683117907,49.6117242090946,49.9749177138368,66.7312633683359,58.2833272490153,49.637577892635,57.3639610583304,61.6962021461241,54.9474437290957,48.9704741266014,66.8093208117164,56.8593070191704,62.8094330495365,66.7829920414813,61.0152380903446,42.9043043022048,60.8758979852307,64.8271598388918,56.2847713425837,65.5956349479273,45.679439813098
46.7887567942015,64.787525505394,67.903179300229,53.8990058777245,57.9790962376452,47.78787732322,64.9037456551548,52.2118878705341,63.9889037353682,61.7848877936985,58.6724683117907,49.7971263666033,49.9749177138368,66.7312633683359,59.2922045798385,49.637577892635,57.3639610583304,61.6962021461241,54.9474437290957,49.2772921146956,66.8093208117164,56.8593070191704,62.8094330495365,67.0740698473055,61.0152380903446,43.034541162973,60.8758979852307,64.8271598388918,56.2847713425837,65.5956349479273,45.679439813098
46.7887567942015,64.787525505394,67.903179300229,53.8990058777245,57.9790962376452,47.8062307037268,64.9637385377505,52.3164178094011,63.9889037353682,61.8288378870322,58.6724683117907,49.9005015175316,50.0925893002365,66.7312633683359,59.2922045798385,49.637577892635,57.5675862303907,61.6962021461241,54.9474437290957,49.6515817337264,66.8093208117164,56.8593070191704,62.8094330495365,67.0740698473055,61.0152380903446,43.0641402585525,60.9443368950641,64.8271598388918,56.2847713425837,65.5956349479273,45.679439813098
46.7887567942015,65.236846654532,67.9123876924774,53.9600512946947,58.0992711827859,47.8062307037268,64.9637385377505,52.3597555039843,63.9889037353682,61.8288378870322,58.6724683117907,50.0189270976911,50.2925709458199,66.7312633683359,59.2922045798385,49.8730315867995,57.5675862303907,61.6962021461241,55.8545804476689,49.6515817337264,66.9219317958106,56.8593070191704,62.8094330495365,67.0740698473055,61.0152380903446,43.0641402585525,60.9443368950641,64.8271598388918,56.2847713425837,65.5956349479273,46.8616188715196
46.7887567942015,65.236846654532,68.6944421495129,53.9600512946947,58.0992711827859,47.8062307037268,64.9637385377505,52.3597555039843,64.1328369782756,61.8288378870322,58.6724683117907,50.0189270976911,50.464629057799,66.7312633683359,59.2922045798385,49.8730315867995,57.5675862303907,61.6962021461241,55.8545804476689,49.8100115668015,66.9842583929757,56.8593070191704,62.8094330495365,67.0740698473055,61.152510960342,43.409490462306,60.9443368950641,64.8271598388918,56.2847713425837,65.5956349479273,46.9115585010098
46.7887567942015,65.236846654532,68.6944421495129,54.0002139928255,58.0992711827859,47.8062307037268,65.0351689919671,52.3597555039843,64.1328369782756,61.8288378870322,58.8693933188791,50.0189270976911,50.464629057799,66.7312633683359,59.2922045798385,49.8730315867995,57.5675862303907,62.3207855116655,55.8545804476689,49.8100115668015,66.9842583929757,57.915374968195,62.8392821959066,67.0740698473055,61.8479416622276,43.409490462306,60.9443368950641,65.0851018500127,56.2847713425837,65.5956349479273,46.9115585010098
46.7887567942015,65.236846654532,68.6944421495129,54.0173602468997,58.0992711827859,47.8188876017016,65.0351689919671,52.398615977444,64.1328369782756,61.8288378870322,58.8693933188791,50.1603656211048,50.464629057799,66.7312633683359,59.2922045798385,49.929590044067,57.5675862303907,62.3207855116655,55.8545804476689,49.8589770829562,66.9842583929757,57.915374968195,62.8392821959066,67.0740698473055,62.3940646843518,43.409490462306,60.9443368950641,65.0851018500127,56.2847713425837,65.5956349479273,46.9115585010098
46.7887567942015,65.236846654532,68.6944421495129,54.1164504929614,58.1121239714384,47.8188876017016,65.0351689919671,52.398615977444,64.1328369782756,61.8288378870322,58.8693933188791,50.1603656211048,50.464629057799,66.7312633683359,59.2922045798385,49.929590044067,57.5675862303907,62.3207855116655,55.8545804476689,49.9938620593322,66.9842583929757,57.915374968195,62.8392821959066,67.0740698473055,62.3940646843518,43.409490462306,60.9443368950641,65.6928196075807,56.3260006016996,65.5956349479273,47.257798232059
46.7887567942015,65.236846654532,68.6944421495129,54.2174097606286,58.1121239714384,47.8521597910487,65.1301137629525,52.398615977444,64.3367263136641,61.8537559990501,58.8693933188791,50.1603656211048,50.564013309172,66.9061789614454,59.2922045798385,49.929590044067,57.5675862303907,62.3207855116655,55.8545804476689,49.9938620593322,66.9842583929757,58.426883625461,62.8392821959066,67.0740698473055,64.0730596746356,43.409490462306,60.9443368950641,65.6928196075807,56.3260006016996,65.5956349479273,47.257798232059
46.7887567942015,65.236846654532,69.080185409642,54.3500955162727,58.1121239714384,48.6420796535575,65.1301137629525,52.398615977444,64.3367263136641,61.8537559990501,58.8693933188791,50.3075513541381,50.5985569714235,66.9061789614454,59.2922045798385,49.929590044067,57.5675862303907,62.3207855116655,55.8545804476689,50.1677582714356,66.9842583929757,59.6059689707443,62.8392821959066,67.0740698473055,64.1153955539678,43.409490462306,60.9443368950641,65.6928196075807,56.3260006016996,65.5956349479273,47.257798232059
46.8978139904767,65.2536356404716,69.080185409642,54.5299063738102,58.1121239714384,48.6420796535575,65.1985217454722,52.4930818395796,64.3367263136641,61.8537559990501,58.8693933188791,50.3075513541381,50.6082574321128,66.9841470261984,59.2922045798385,49.9609648518513,57.6098165286411,62.3207855116655,55.8545804476689,50.1677582714356,66.9842583929757,60.8079831620439,62.8392821959066,67.0740698473055,64.1153955539678,43.409490462306,60.9443368950641,65.6928196075807,56.3312007985043,65.5956349479273,47.257798232059
46.8978139904767,65.4665856789054,69.080185409642,54.6372592848691,58.1121239714384,48.6889998435302,65.1985217454722,52.4930818395796,64.3367263136641,61.8548536014322,58.9797763101722,50.4455199616597,50.6082574321128,66.9841470261984,59.2922045798385,49.9609648518513,57.6098165286411,62.7583430647505,55.932977996226,50.1677582714356,66.9842583929757,60.8079831620439,62.8392821959066,67.0740698473055,64.1153955539678,43.5135212550962,60.9443368950641,65.6928196075807,56.3312007985043,66.0661234945408,47.257798232059
46.8978139904767,65.4665856789054,69.080185409642,54.7703192261904,58.1840814492142,48.6889998435302,65.1985217454722,52.4930818395796,64.3367263136641,61.8548536014322,58.9797763101722,50.4455199616597,50.6706098543731,66.9841470261984,59.2922045798385,49.9609648518513,57.6098165286411,62.7583430647505,55.932977996226,50.1677582714356,66.9842583929757,60.8079831620439,62.8392821959066,67.0740698473055,64.1153955539678,43.6190566747617,60.9443368950641,65.6928196075807,56.3312007985043,66.2259188889708,47.257798232059
46.8978139904767,65.4665856789054,69.080185409642,54.8606644928446,58.2086380996252,48.6889998435302,65.1985217454722,52.5294253693872,64.607483922772,61.8637411821627,58.9797763101722,50.4455199616597,50.6706098543731,66.9841470261984,59.3529360870366,49.9609648518513,57.6376023221863,62.7583430647505,55.932977996226,50.1677582714356,66.9842583929757,62.597525002254,62.8392821959066,67.0740698473055,65.4892210856251,43.6190566747617,61.7436921622958,65.6928196075807,56.3312007985043,66.2259188889708,47.4947335549594
46.940200393996,65.4665856789054,69.080185409642,54.9307588235052,58.2086380996252,48.6889998435302,65.1985217454722,52.5294253693872,64.7830245597935,61.8637411821627,59.5609929897131,50.4455199616597,50.6706098543731,66.9841470261984,59.3529360870366,50.0301215676555,57.6376023221863,63.170437857524,55.932977996226,50.1677582714356,66.9842583929757,62.597525002254,62.8392821959066,67.0834415475096,66.5349166792036,43.6190566747617,61.7436921622958,65.6928196075807,56.3312007985043,66.345521131726,47.7745834536633
46.940200393996,65.4665856789054,69.080185409642,55.034939692679,58.2086380996252,48.6889998435302,65.1985217454722,52.5294253693872,64.7830245597935,61.8637411821627,59.5609929897131,50.4590624073119,50.6706098543731,66.9841470261984,59.3529360870366,50.2063147349454,57.6376023221863,63.170437857524,56.0681194102225,50.1677582714356,66.9842583929757,62.597525002254,62.8392821959066,67.0834415475096,66.5349166792036,43.6190566747617,61.7436921622958,65.6928196075807,56.3312007985043,66.345521131726,47.7745834536633
46.940200393996,65.4665856789054,69.080185409642,55.034939692679,58.2086380996252,48.6889998435302,65.1985217454722,52.5318704889513,64.7830245597935,61.8815355091768,59.5609929897131,50.4590624073119,50.6823607870916,66.9841470261984,59.3529360870366,50.2241727159962,57.6989348184176,63.170437857524,56.0681194102225,50.1677582714356,66.9842583929757,62.597525002254,62.8392821959066,67.1033797558551,66.5349166792036,43.6190566747617,61.7436921622958,65.6928196075807,56.3312007985043,66.345521131726,47.7745834536633
46.940200393996,65.4731166657922,69.080185409642,55.1189508910834,58.2086380996252,48.6889998435302,65.2319921232178,52.5352796707171,64.7830245597935,61.8936839562204,59.5609929897131,50.6389126856938,50.6967893418437,66.9841470261984,59.3529360870366,50.349577864707,57.6989348184176,63.170437857524,56.0681194102225,50.3199400949695,66.9842583929757,62.597525002254,62.8392821959066,67.212269663463,66.5349166792036,43.6190566747617,61.7436921622958,65.6928196075807,56.3312007985043,66.345521131726,47.7745834536633
46.940200393996,65.4984090544921,69.080185409642,55.1824293953471,58.2086380996252,48.6889998435302,65.2319921232178,52.5352796707171,64.7830245597935,61.8936839562204,60.0770869420215,50.6389126856938,50.6967893418437,66.9841470261984,59.3529360870366,50.349577864707,57.6989348184176,63.170437857524,56.0681194102225,50.3199400949695,67.0139809414012,62.597525002254,62.8392821959066,67.212269663463,66.5349166792036,43.6190566747617,61.7436921622958,66.1994691151476,56.3312007985043,66.345521131726,47.7745834536633
46.940200393996,65.4984090544921,69.080185409642,55.2800868307007,58.2086380996252,48.6889998435302,65.2454523690442,52.5352796707171,64.8103958706748,61.8946727386846,60.6677967808521,50.6389126856938,50.7711941702157,66.9841470261984,59.3529360870366,50.349577864707,57.7007895781279,63.2931376545629,56.0681194102225,50.3423948934482,67.0139809414012,62.597525002254,62.8392821959066,67.212269663463,66.5349166792036,43.6190566747617,61.7436921622958,66.1994691151476,56.3312007985043,66.345521131726,48.0905397053739
46.940200393996,65.4984090544921,69.080185409642,55.3679678031635,58.21096891481,48.6889998435302,65.2913505386399,52.5352796707171,64.9553489846625,61.8946727386846,60.6677967808521,50.6902168467034,50.7711941702157,66.9841470261984,59.3529360870366,50.349577864707,57.7133169045597,63.2931376545629,56.0681194102225,50.3423948934482,67.0139809414012,62.597525002254,62.8392821959066,67.212269663463,66.5349166792036,43.6190566747617,61.7436921622958,66.1994691151476,56.3312007985043,66.345521131726,48.6997978590482
47.0509948491797,65.4984090544921,69.080185409642,55.6085767245405,58.21096891481,48.6889998435302,65.2913505386399,52.5352796707171,64.9553489846625,61.8946727386846,60.6677967808521,50.6902168467034,50.7711941702157,66.9841470261984,59.9792260601427,50.349577864707,57.7133169045597,63.2931376545629,56.0681194102225,50.3702733516078,67.0337073638139,62.597525002254,62.8392821959066,67.212269663463,66.5349166792036,43.6190566747617,61.7436921622958,66.1994691151476,56.3544707198732,66.345521131726,48.6997978590482
47.0509948491797,65.5080115889237,69.080185409642,55.6723089261588,58.21096891481,48.6889998435302,65.3083993945751,52.610298295394,64.9553489846625,61.8946727386846,60.6677967808521,50.7185175991041,50.8399678081037,66.9841470261984,59.9792260601427,50.35687521299,57.721130948722,63.2931376545629,56.0681194102225,50.3702733516078,67.0337073638139,62.597525002254,62.8392821959066,67.212269663463,66.5349166792036,43.6190566747617,61.7436921622958,66.1994691151476,56.3544707198732,66.5081562506548,48.6997978590482
47.0985397882228,65.5415601899602,69.080185409642,55.6959068333704,58.21096891481,48.6889998435302,65.3413834904856,52.610298295394,64.9553489846625,61.8946727386846,61.0590394095298,50.7185175991041,50.8737148022581,66.9841470261984,59.9792260601427,50.35687521299,57.7260980523688,63.2931376545629,56.0681194102225,50.3702733516078,67.0337073638139,62.597525002254,62.8392821959066,67.212269663463,66.5349166792036,43.6190566747617,62.3534012992014,66.1994691151476,56.3544707198732,66.5081562506548,48.6997978590482
47.0985397882228,65.5415601899602,69.1213184404269,55.7427129468712,58.21096891481,48.6889998435302,65.3413834904856,52.6527642613129,64.9964993082205,61.8946727386846,64.2501295834812,50.7185175991041,50.8737148022581,66.9841470261984,59.9792260601427,50.35687521299,57.7260980523688,63.2931376545629,56.0681194102225,50.3702733516078,67.0337073638139,63.4055316270063,62.8392821959066,67.212269663463,66.5349166792036,43.6190566747617,62.4633937102913,66.1994691151476,56.3634569024399,66.5081562506548,48.6997978590482
47.1217900130419,65.5415601899602,69.1213184404269,55.7577568835017,58.21096891481,48.7340166457755,65.3413834904856,52.6527642613129,65.0003933232288,61.8997734477366,64.2501295834812,50.7939797348816,50.8737148022581,66.9841470261984,59.9792260601427,50.35687521299,57.7491691705406,63.2931376545629,56.0681194102225,50.3702733516078,67.0337073638139,63.4055316270063,62.8392821959066,67.212269663463,66.5349166792036,43.6315865887616,62.8904941299628,66.2336716447151,56.3634569024399,66.5081562506548,48.744359215819
47.1217900130419,65.5415601899602,69.1213184404269,55.7916671213216,58.21096891481,48.7965794422258,65.3413834904856,52.6527642613129,65.0003933232288,61.9027516762546,64.2501295834812,50.8838558540178,50.8737148022581,67.0646724120023,59.9792260601427,50.35687521299,57.7491691705406,63.2931376545629,56.0681194102225,50.3702733516078,67.0759002232779,63.4055316270063,62.8392821959066,67.2477205964946,66.5349166792036,43.6315865887616,63.0670211858195,66.3482841186157,56.3910695557452,66.6436963312161,48.744359215819
47.1217900130419,65.5415601899602,69.1521429746911,55.8115260449367,58.3238521003176,48.8131125803312,65.3413834904856,52.6894852141439,65.0003933232288,61.9027516762546,64.5031519800097,50.971039236162,50.9321137310208,67.0646724120023,60.2990858665466,50.3694276589174,57.7491691705406,63.2931376545629,56.0681194102225,50.3702733516078,67.0759002232779,63.6042129777484,62.8392821959066,67.2477205964946,66.6877835519344,43.6315865887616,63.0670211858195,66.3482841186157,56.3910695557452,66.6436963312161,48.744359215819
47.1217900130419,65.5446013591791,69.1521429746911,55.8245993355354,58.3238521003176,48.8216511225802,65.3413834904856,52.6894852141439,65.0003933232288,61.9041718663613,64.5031519800097,50.971039236162,50.9321137310208,67.0646724120023,60.2990858665466,50.3694276589174,57.7491691705406,63.2931376545629,56.0681194102225,50.3840796363257,67.0759002232779,63.6042129777484,62.8392821959066,67.2477205964946,66.6877835519344,43.6315865887616,63.0670211858195,66.3482841186157,56.3910695557452,66.7876745285913,48.744359215819
47.1217900130419,65.5736900456462,69.1858112583904,55.8309480537017,58.3362372696341,48.8216511225802,65.3686157696611,52.6894852141439,65.0003933232288,61.904780677999,65.0761165695788,50.971039236162,50.9321137310208,67.0646724120023,60.2990858665466,50.3819710576635,57.7491691705406,63.2931376545629,56.0681194102225,50.3840796363257,67.0759002232779,63.6042129777484,62.8392821959066,67.2477205964946,66.6877835519344,43.6315865887616,63.0670211858195,66.3482841186157,56.3910695557452,66.7876745285913,48.744359215819
47.1217900130419,65.5736900456462,69.2721282119095,55.8521792793462,58.3362372696341,48.8216511225802,65.3686157696611,52.6894852141439,65.0003933232288,61.904780677999,65.0761165695788,50.971039236162,50.9321137310208,67.2923007467349,60.2990858665466,50.3819710576635,57.7491691705406,63.2931376545629,56.0681194102225,50.3859487696007,67.0759002232779,63.6042129777484,62.8392821959066,67.2477205964946,66.6877835519344,43.6315865887616,63.0670211858195,66.3482841186157,56.3910695557452,66.7876745285913,48.744359215819
47.1217900130419,65.5736900456462,69.2721282119095,55.8521792793462,58.3638127661889,48.8216511225802,65.3686157696611,52.6894852141439,65.0003933232288,61.9049906160835,65.0761165695788,50.971039236162,50.9321137310208,67.4120905757914,60.2990858665466,50.3819710576635,57.9152326518483,63.2931376545629,56.0681194102225,50.3859487696007,67.0759002232779,63.6042129777484,62.8392821959066,67.2477205964946,66.6877835519344,43.6315865887616,63.1157015519338,66.3482841186157,56.3910695557452,66.8015586171756,48.744359215819
47.1217900130419,65.5736900456462,69.2731136923767,55.8521792793462,58.3638127661889,48.8216511225802,65.3686157696611,52.6894852141439,65.0199043085015,61.9049906160835,65.0761165695788,50.971039236162,50.9321137310208,67.4120905757914,60.2990858665466,50.3819710576635,57.9195990386385,63.2931376545629,56.0681194102225,50.3859487696007,67.0759002232779,63.6042129777484,62.8392821959066,67.2477205964946,66.6877835519344,43.7742857905704,63.1260677604645,66.3482841186157,56.4198904907721,66.8015586171756,48.744359215819
47.1264445508088,65.5736900456462,69.2731136923767,55.8521792793462,58.3638127661889,48.847888686573,65.3686157696611,52.6894852141439,65.0199043085015,61.9050176741474,65.0761165695788,50.971039236162,50.9321137310208,67.4120905757914,60.2990858665466,50.3819710576635,57.9195990386385,63.2931376545629,56.0681194102225,50.3888701434054,67.1398529304987,63.8434375303706,62.8392821959066,67.2554441412136,66.6877835519344,43.7742857905704,63.1260677604645,66.3482841186157,56.4198904907721,66.8015586171756,48.744359215819
47.1264445508088,65.5736900456462,69.2731136923767,55.8521792793462,58.366962127799,48.847888686573,65.3686157696611,52.6894852141439,65.0199043085015,61.9050176741474,65.0761165695788,50.971039236162,50.9321137310208,67.4120905757914,60.2990858665466,50.3819710576635,57.9195990386385,63.4015640054649,56.0681194102225,50.3888701434054,67.1689634721502,64.3491271263103,62.8392821959066,67.2726032282621,66.6877835519344,43.7742857905704,63.1260677604645,66.3482841186157,56.4198904907721,66.8015586171756,50.8353363211793
47.1264445508088,65.5736900456462,69.2731136923767,55.8521792793462,58.366962127799,48.847888686573,65.3686157696611,52.6894852141439,65.0199043085015,61.9050176741474,65.0761165695788,50.9801362565693,50.9321137310208,67.4120905757914,60.2990858665466,50.3819710576635,57.9968862634939,63.4015640054649,56.0681194102225,50.6462489386928,67.1689634721502,64.3491271263103,62.8392821959066,67.2902232961514,66.6877835519344,43.8028682165227,63.1260677604645,66.3482841186157,56.4198904907721,66.8015586171756,52.1765375902439
47.1264445508088,65.5736900456462,69.2788836516507,55.8521792793462,58.366962127799,48.856011171894,65.3686157696611,52.6968440248167,65.0199043085015,61.9051016049347,65.0761165695788,50.9801362565693,50.9321137310208,67.4120905757914,60.2990858665466,50.3819710576635,57.9968862634939,63.4015640054649,56.0681194102225,50.6462489386928,67.1689634721502,64.3491271263103,62.8435489341098,67.2902232961514,66.6877835519344,43.8028682165227,63.2676948717132,66.3482841186157,56.4198904907721,66.8015586171756,52.1765375902439
47.1513674093143,65.5852365019324,69.2942943502014,55.8722346855033,58.366962127799,48.856011171894,65.3686157696611,52.6968440248167,65.0199043085015,61.9051016049347,65.0761165695788,50.9801362565693,50.9321137310208,67.4450250163026,60.2990858665466,50.3893782594815,57.9968862634939,63.4015640054649,56.0681194102225,50.6462489386928,67.1815587641641,64.3491271263103,62.8435489341098,67.3297266601537,66.6877835519344,43.8028682165227,63.2676948717132,66.6006043948326,56.4198904907721,66.8169486176816,52.1765375902439
47.1513674093143,65.5921299822636,69.2942943502014,55.8722346855033,58.366962127799,48.856011171894,65.3686157696611,52.6973091781552,65.0210071194522,61.9051519349762,65.488349843131,50.989308119217,50.9321137310208,67.4450250163026,60.2990858665466,50.3990449894429,57.9968862634939,63.524233363649,56.0681194102225,50.6462489386928,67.2048406087369,64.3491271263103,62.8435489341098,67.3297266601537,66.6877835519344,43.8512526337409,63.2676948717132,66.7210621229697,56.4198904907721,66.8169486176816,52.1765375902439
47.1743942193357,65.5921299822636,69.2942943502014,55.8722346855033,58.3702913462255,48.9445649209127,65.3686157696611,52.6994566468314,65.0210071194522,61.9070395332096,65.488349843131,50.989308119217,50.9321137310208,67.4450250163026,60.2990858665466,50.3990449894429,57.9968862634939,63.5543987048671,56.0681194102225,50.6462489386928,67.2048406087369,64.3491271263103,62.8435489341098,67.3592351722857,66.6877835519344,43.8512526337409,63.2676948717132,66.7210621229697,56.4198904907721,66.8169486176816,52.1765375902439
47.1743942193357,65.5927023311124,69.2942943502014,55.8727692677152,58.3811980691666,48.9445649209127,65.3686157696611,52.6994566468314,65.0210071194522,61.9070395332096,65.488349843131,50.989308119217,50.9321137310208,67.4656036108599,60.2990858665466,50.4533646963901,58.0934098139599,63.5543987048671,56.0681194102225,50.6462489386928,67.2048406087369,64.3491271263103,62.8435489341098,67.3592351722857,66.9071602863796,43.8512526337409,63.2676948717132,66.7210621229697,56.4198904907721,66.8285245175914,52.5467670962556
47.1888103757588,65.5927023311124,69.2942943502014,55.8727692677152,58.3902856976162,48.9445649209127,65.3686157696611,52.7049048792308,65.0210071194522,61.9125544092286,65.6174494180117,50.989308119217,50.9321137310208,67.476780850851,60.2990858665466,50.5731724067132,58.0934098139599,63.5543987048671,56.0681194102225,50.6462489386928,67.2185150775007,64.3491271263103,62.8435489341098,67.374436479801,66.9071602863796,43.8512526337409,63.2676948717132,66.7210621229697,56.4198904907721,66.8285245175914,52.5467670962556
47.1888103757588,65.5927023311124,69.2971561867218,55.8727692677152,58.3902856976162,48.9710006524844,65.3686157696611,52.7370360117272,65.0210071194522,61.9149437569434,65.6174494180117,50.989308119217,50.9321137310208,67.4786637131017,60.2990858665466,50.5731724067132,58.0934098139599,63.5543987048671,56.0682761120484,50.8327646137546,67.2341628200866,64.3491271263103,62.8435489341098,67.374436479801,66.9071602863796,43.8512526337409,63.2676948717132,66.7210621229697,56.4198904907721,66.8332792893906,52.5467670962556
47.1953429160147,65.5929955899317,69.2971561867218,55.8837868041214,58.3902856976162,48.9710006524844,65.3686157696611,52.7370360117272,65.0210071194522,61.9149437569434,65.6174494180117,50.989308119217,50.9321137310208,67.4786637131017,60.3094861039532,50.5749940558265,58.0934098139599,63.5543987048671,56.0682761120484,50.8406650982681,67.2609022388595,64.3491271263103,62.8435489341098,67.4571486068532,66.9071602863796,43.8512526337409,63.2676948717132,66.7210621229697,56.4198904907721,66.8504339011588,52.5467670962556
47.1953429160147,65.5935064883048,69.2971561867218,55.8837868041214,58.3902856976162,48.9710006524844,65.3686157696611,52.7370360117272,65.0210071194522,61.9149437569434,65.6174494180117,50.9909410446246,50.9473016966204,67.4786637131017,60.3094861039532,50.5749940558265,58.0934098139599,63.6980503929193,56.0682761120484,51.0270787200949,67.2609022388595,64.3491271263103,62.8435489341098,67.5132475654286,66.9071602863796,43.8512526337409,63.2676948717132,66.7210621229697,56.4198904907721,66.8504339011588,52.5467670962556
47.1953429160147,65.5935064883048,69.2971561867218,55.8837868041214,58.3922188229414,48.9715106838247,65.3686157696611,52.7370360117272,65.0619350845341,61.9188461493772,65.6174494180117,50.9909410446246,50.9473016966204,67.4786637131017,60.3094861039532,50.5749940558265,58.0934098139599,63.7323976160437,56.0682761120484,51.0270787200949,67.2688578417329,64.3491271263103,62.8471521232567,67.5132475654286,66.9071602863796,43.8636268572618,63.3576139598541,66.7210621229697,56.4198904907721,66.9723012969752,52.5467670962556
47.1953429160147,65.5935064883048,69.2971561867218,55.8841295187984,58.3922188229414,48.9717989519969,65.3686157696611,52.7370360117272,65.0619350845341,61.9204702369551,65.6174494180117,51.0276853386014,50.9473016966204,67.4786637131017,60.340654154451,50.5749940558265,58.0934098139599,63.7323976160437,56.0682761120484,51.0378990650199,67.3144254612172,64.3491271263103,62.8471521232567,67.5132475654286,66.9071602863796,43.8636268572618,63.3576139598541,66.7210621229697,56.4198904907721,66.9723012969752,52.5467670962556
47.1953429160147,65.5935064883048,69.3022624389383,55.8841295187984,58.4032705758321,48.9717989519969,65.3686157696611,52.7370360117272,65.0619350845341,61.9204702369551,65.9307506129167,51.0276853386014,50.9473016966204,67.4787630140413,60.340654154451,50.5832840361871,58.0934098139599,63.7323976160437,56.0682761120484,51.0919684856442,67.3144254612172,64.4342101541508,62.8471521232567,67.5132475654286,66.9406454483022,43.8636268572618,63.3576139598541,66.7210621229697,56.4284005220234,66.9723012969752,52.5467670962556
47.2114603507812,65.594406362051,69.3022624389383,55.8841295187984,58.4032705758321,48.9717989519969,65.3686157696611,52.7370360117272,65.0619350845341,61.9204702369551,65.9307506129167,51.0276853386014,50.9473016966204,67.4787630140413,60.340654154451,50.5832840361871,58.0934098139599,63.7323976160437,56.1314584680483,51.1222926052426,67.3144254612172,64.5702584884656,62.8497172082853,67.5132475654286,66.9406454483022,43.8636268572618,63.369600197394,66.7210621229697,56.4284005220234,66.9723012969752,52.5467670962556
47.2114603507812,65.5950609940463,69.3022624389383,55.8841295187984,58.4032705758321,48.9717989519969,65.3686157696611,52.7419598170901,65.0619350845341,61.9204702369551,65.9307506129167,51.0276853386014,50.9473016966204,67.4787630140413,60.340654154451,50.5832840361871,58.0941408365892,63.7323976160437,56.1314584680483,51.1222926052426,67.3602639646254,64.5702584884656,62.8497172082853,67.5313167589501,66.9406454483022,43.8636268572618,63.4420545292547,66.7210621229697,56.4284005220234,66.9723012969752,52.7213980197546
47.2460337401064,65.5954258423792,69.3022624389383,55.8841295187984,58.4241296205633,48.9717989519969,65.3686157696611,52.7419598170901,65.0619350845341,61.9204702369551,66.09023671337,51.0276853386014,50.9473016966204,67.4787630140413,60.340654154451,50.5832840361871,58.0941408365892,63.7323976160437,56.1314584680483,51.4467481589856,67.4620366927263,64.6409527700942,62.8497172082853,67.5313167589501,66.9406454483022,43.8865894027103,63.4420545292547,66.7210621229697,56.4284005220234,66.9723012969752,55.0332558318982
47.2460337401064,65.5954258423792,69.3044492556247,55.8841295187984,58.4569634641558,48.9717989519969,65.3686157696611,52.7419598170901,65.0619350845341,61.9204702369551,66.09023671337,51.0276853386014,50.9473016966204,67.4787630140413,60.3526061424808,50.5857559493111,58.0941408365892,63.7323976160437,56.1314584680483,51.4467481589856,67.4620366927263,64.7497258324253,62.8497172082853,67.5331015686337,67.0454624087727,43.8865894027103,63.4420545292547,66.7210621229697,56.4284005220234,66.9723012969752,55.0332558318982
47.2460337401064,65.595631165904,69.3044492556247,55.8841295187984,58.4633056635399,48.9717989519969,65.3686157696611,52.7462612015069,65.1177347650437,61.9204702369551,66.09023671337,51.0276853386014,50.9491669872812,67.4805180014971,60.3526061424808,50.5857559493111,58.1053175941952,63.7323976160437,56.1314584680483,51.4467481589856,67.4620366927263,64.8870295450858,62.8497172082853,67.5331015686337,67.0454624087727,43.8865894027103,63.4420545292547,66.7210621229697,56.4284005220234,66.9723012969752,55.0332558318982
47.2460337401064,65.607011520333,69.3044492556247,55.8841295187984,58.4633056635399,48.9717989519969,65.3686157696611,52.7505460671139,65.1177347650437,61.9204702369551,66.09023671337,51.0276853386014,50.9491669872812,67.4824605479554,60.4089922378852,50.5857559493111,58.1053175941952,63.7323976160437,56.1314584680483,51.5200745071116,67.4864269423721,64.8870295450858,62.8497172082853,67.5584475413049,67.0454624087727,43.8865894027103,63.5134786775377,66.7210621229697,56.4284005220234,66.9723012969752,55.0332558318982
47.2512291657595,65.6089956818977,69.3051643921619,55.8841295187984,58.4669784800989,48.9717989519969,65.3686157696611,52.7505460671139,65.1177347650437,61.9204702369551,66.09023671337,51.0276853386014,50.9491669872812,67.4824605479554,60.4114106741748,50.5857559493111,58.1053175941952,63.7323976160437,56.1314584680483,51.5200745071116,67.4864269423721,64.9475073042224,62.8497172082853,67.5584475413049,67.1048500586859,43.8865894027103,63.5134786775377,66.7210621229697,56.4284005220234,66.9723012969752,56.2736275797573
47.2512291657595,65.6089956818977,69.3051643921619,55.8841295187984,58.4669784800989,48.9717989519969,65.3686157696611,52.7528624132895,65.1690760814299,61.9204702369551,66.09023671337,51.0276853386014,50.9511020241034,67.4829026248758,60.4114106741748,50.5857559493111,58.1053175941952,63.779118496963,56.1314584680483,51.5200745071116,67.4864269423721,64.9679567272934,62.8497172082853,67.5584475413049,67.1048500586859,43.9010092295264,63.5134786775377,66.7210621229697,56.4284005220234,66.9723012969752,56.5012725885558
47.2512291657595,65.6089956818977,69.3051643921619,55.8841295187984,58.4669784800989,48.9717989519969,65.3686157696611,52.7528624132895,65.1690760814299,61.9209034984886,66.6950903414807,51.0276853386014,50.9511020241034,67.483175999894,60.443512387627,50.5857559493111,58.1824392671266,63.779118496963,56.1314584680483,51.5200745071116,67.4864269423721,64.9697215907921,62.8497172082853,67.5628062462257,67.1048500586859,43.9010092295264,63.5323908518634,66.7210621229697,56.4284005220234,66.9723012969752,57.6384444156413
47.2512291657595,65.6089956818977,69.3051643921619,55.8841295187984,58.4669784800989,48.9717989519969,65.3686157696611,52.7540046989833,65.1690760814299,61.9209034984886,66.6950903414807,51.0276853386014,50.9511020241034,67.483175999894,60.4513240272754,50.5857559493111,58.1824392671266,63.779118496963,56.1314584680483,51.5245720234047,67.4864269423721,64.9697215907921,62.8497172082853,67.5628062462257,67.1048500586859,43.9010092295264,63.5323908518634,66.7210621229697,56.4284005220234,66.9723012969752,57.6384444156413
47.2512291657595,65.6089956818977,69.305205022548,55.8841295187984,58.4669784800989,48.9717989519969,65.3686157696611,52.7540046989833,65.1690760814299,61.9209034984886,66.6950903414807,51.0276853386014,50.9511020241034,67.4833486916373,60.4513240272754,50.6026189472567,58.1824392671266,63.779118496963,56.1314584680483,51.5245720234047,67.4864269423721,64.9697215907921,62.8497172082853,67.5760349138832,67.1048500586859,43.9010092295264,63.5323908518634,66.7210621229697,56.4284005220234,66.9723012969752,57.6384444156413
47.2512291657595,65.6089956818977,69.305205022548,55.8841295187984,58.4669784800989,48.9755001053752,65.3686157696611,52.7540046989833,65.1690760814299,61.9209034984886,66.6950903414807,51.0276853386014,50.9511020241034,67.4924878932704,60.4513240272754,50.6026189472567,58.1824392671266,63.779118496963,56.1314584680483,51.5245720234047,67.5126205848672,64.9697215907921,62.8497172082853,67.5760349138832,67.1048500586859,43.9010092295264,63.5323908518634,66.7210621229697,56.4284005220234,66.9723012969752,57.7005809350919
47.2957329703559,65.6089956818977,69.305205022548,55.8841295187984,58.4669784800989,48.9755001053752,65.3686157696611,52.7540046989833,65.1690760814299,61.9209034984886,66.6950903414807,51.0360635117516,50.9511020241034,67.4924878932704,60.4513240272754,50.6026189472567,58.1824392671266,63.779118496963,56.1314584680483,51.5245720234047,67.5126205848672,64.9697215907921,62.8497172082853,67.5760349138832,67.1048500586859,43.9010092295264,63.5323908518634,66.7210621229697,56.4284005220234,66.9723012969752,57.7005809350919
47.2957329703559,65.6089956818977,69.305205022548,55.8841295187984,58.4669784800989,48.9755001053752,65.3686157696611,52.7545062336983,65.1690760814299,61.9209034984886,66.6950903414807,51.0360635117516,50.9511020241034,67.4924878932704,60.4513240272754,50.6026189472567,58.1886095838062,63.779118496963,56.1314584680483,51.5245720234047,67.5147489538262,64.9697215907921,62.8497172082853,67.5760349138832,67.1889397342957,43.9010092295264,63.6471036164608,66.7210621229697,56.4284005220234,66.9723012969752,57.7005809350919
47.3629682487381,65.6089956818977,69.305205022548,55.8841295187984,58.4669784800989,48.9755001053752,65.3686157696611,52.7545062336983,65.1690760814299,61.9209034984886,67.1116028835643,51.0360635117516,50.9511020241034,67.4924878932704,60.4513240272754,50.6085630603743,58.2190536134121,63.779118496963,56.1314584680483,51.5245720234047,67.5194211946677,64.9697215907921,62.8497172082853,67.5760349138832,67.1889397342957,43.9010092295264,63.6471036164608,66.7210621229697,56.4284005220234,66.9723012969752,57.7005809350919
47.3629682487381,65.6089956818977,69.305205022548,55.8841295187984,58.4751867386903,48.9755001053752,65.3686157696611,52.7545062336983,65.1690760814299,61.9209034984886,67.1116028835643,51.0360635117516,50.9561607435443,67.4924878932704,60.4523113726509,50.6085630603743,58.2190536134121,63.779118496963,56.1314584680483,51.5245720234047,67.5194211946677,64.9697215907921,62.8497172082853,67.5775994326141,67.1889397342957,43.9010092295264,63.6471036164608,66.7210621229697,56.4284005220234,66.9723012969752,57.7005809350919
47.3629682487381,65.6126682736607,69.305205022548,55.8841295187984,58.4751867386903,48.9755001053752,65.3686157696611,52.7580827601897,65.1690760814299,61.9209034984886,67.2372094746727,51.0360635117516,50.9561607435443,67.4924878932704,60.4523113726509,50.6085630603743,58.2190536134121,63.779118496963,56.1314584680483,51.5245720234047,67.5194211946677,64.9706523184519,62.8497172082853,67.5842712584095,67.1889397342957,43.9010092295264,63.6471036164608,66.7210621229697,56.4284005220234,66.9726676660568,57.7005809350919
47.3629682487381,65.6126682736607,69.3053858333929,55.8841295187984,58.4751867386903,48.9755001053752,65.3686157696611,52.7580827601897,65.1690760814299,61.9209034984886,67.2372094746727,51.0360635117516,50.9561607435443,67.4924878932704,60.4523113726509,50.6147771012215,58.2295358176188,63.779118496963,56.1314584680483,51.5245720234047,67.5194855817938,64.9918814782887,62.8562031895142,67.5842712584095,67.1889397342957,43.9010092295264,63.6471036164608,66.7210621229697,56.4284005220234,66.9726676660568,57.9721956089983
47.3629682487381,65.6126682736607,69.3053858333929,55.8841295187984,58.4751867386903,48.9755001053752,65.3686157696611,52.7580827601897,65.1690760814299,61.9209034984886,67.2372094746727,51.043630177064,50.9561607435443,67.4924878932704,60.4523113726509,50.6147771012215,58.2295358176188,63.779118496963,56.1314584680483,51.5245720234047,67.5194855817938,64.9918814782887,62.8562031895142,67.5850606052595,67.285024195896,43.9010092295264,63.6473060530949,66.7210621229697,56.4284005220234,66.9726676660568,57.9721956089983
47.3629682487381,65.6126682736607,69.3053858333929,55.8841295187984,58.4751867386903,48.9865973668969,65.3686157696611,52.7626077737361,65.1690760814299,61.9209549895097,67.2372094746727,51.043630177064,50.9561607435443,67.4924878932704,60.4523113726509,50.6154791925898,58.2295358176188,63.779118496963,56.1314584680483,51.5245720234047,67.5194855817938,64.9918814782887,62.8562031895142,67.6082820919248,67.285024195896,43.9010092295264,63.6473060530949,66.7210621229697,56.4284005220234,66.9726676660568,57.9721956089983
47.3629682487381,65.6126682736607,69.3053858333929,55.8841295187984,58.4751867386903,48.9865973668969,65.3686157696611,52.7626077737361,65.1690760814299,61.9209549895097,67.2372094746727,51.043630177064,50.9561607435443,67.4924878932704,60.4523113726509,50.6154791925898,58.2295358176188,63.779118496963,56.1314584680483,51.5245720234047,67.5194855817938,64.9920681723853,62.8562031895142,67.6082820919248,67.285024195896,43.9013934900053,63.6473060530949,66.7210621229697,56.4284005220234,66.9747310134175,57.9721956089983
47.3629682487381,65.6126682736607,69.3053858333929,55.8841295187984,58.4751867386903,48.9941223202946,65.3686157696611,52.7626077737361,65.1690760814299,61.9209549895097,67.4338956094724,51.043630177064,50.9561607435443,67.5062863255686,60.4566287903762,50.6176656458062,58.2295358176188,63.779118496963,56.1381417865916,51.5245720234047,67.5234526295482,64.9920681723853,62.858752133428,67.6185703021547,67.285024195896,43.9013934900053,63.6473060530949,66.7210621229697,56.4284005220234,66.9747310134175,58.1812319931717
47.3629682487381,65.6126682736607,69.3053858333929,55.8841295187984,58.4751867386903,48.9941223202946,65.3686157696611,52.7626077737361,65.1690760814299,61.9209549895097,67.4338956094724,51.0475270554187,50.9561607435443,67.5062863255686,60.4566287903762,50.6176656458062,58.2295358176188,63.779118496963,56.1381417865916,51.5284903099035,67.5292468843373,65.0247168078777,62.858752133428,67.6185703021547,67.285024195896,43.9013934900053,63.6473060530949,66.7210621229697,56.4284005220234,66.9799693184567,58.1812319931717
47.3629682487381,65.6126682736607,69.3053858333929,55.8841295187984,58.4751867386903,48.9941223202946,65.3686157696611,52.7626077737361,65.1690760814299,61.9209549895097,67.4338956094724,51.0475270554187,50.9561607435443,67.5062863255686,60.4609098486114,50.6176656458062,58.2632473552547,63.779118496963,56.1381417865916,51.5284903099035,67.5292468843373,65.0247168078777,62.858752133428,67.6185703021547,67.285024195896,43.9013934900053,63.6473060530949,66.7210621229697,56.4284005220234,66.9799693184567,58.1812319931717
47.3629682487381,65.6126682736607,69.3053858333929,55.8841295187984,58.4751867386903,48.9941223202946,65.3686157696611,52.7626077737361,65.1724771871773,61.9209549895097,67.4338956094724,51.04795400595,50.9623957792811,67.5062863255686,60.4609098486114,50.6176656458062,58.2632473552547,63.779118496963,56.1381417865916,51.5284903099035,67.5292468843373,65.0363435522688,62.858752133428,67.620036244952,67.285024195896,43.9013934900053,63.6473060530949,66.7210621229697,56.4284005220234,66.9799693184567,58.1812319931717
47.3629682487381,65.6130877265904,69.3053858333929,55.8841295187984,58.4751867386903,48.9941223202946,65.3686157696611,52.7626077737361,65.1724771871773,61.9209549895097,67.4338956094724,51.04795400595,50.9623957792811,67.5062863255686,60.4609098486114,50.6176656458062,58.268627968407,63.779118496963,56.1381417865916,51.5284903099035,67.5307109061154,65.0452860542917,62.8608429050444,67.620036244952,67.285024195896,43.9013934900053,63.6473060530949,66.7210621229697,56.4284005220234,66.9799693184567,58.1812319931717
47.3629682487381,65.6130877265904,69.3053858333929,55.8841295187984,58.4751867386903,48.9941223202946,65.3686157696611,52.7669481477698,65.1724771871773,61.9209549895097,67.4338956094724,51.052589955111,50.9623957792811,67.5062863255686,60.472222131512,50.6176656458062,58.2928444238984,63.779118496963,56.1381417865916,51.5284903099035,67.5307109061154,65.0452860542917,62.8608429050444,67.6406561637456,67.285024195896,43.9013934900053,63.6473060530949,66.7210621229697,56.4284005220234,66.9799693184567,58.1812319931717
47.3629682487381,65.6130877265904,69.3053858333929,55.8841295187984,58.4759510757383,48.9941223202946,65.3686157696611,52.7669481477698,65.1909955448079,61.9209549895097,67.4338956094724,51.052589955111,50.9623957792811,67.5062863255686,60.472222131512,50.6176656458062,58.2928444238984,63.779118496963,56.1381417865916,51.5318668890579,67.5307109061154,65.4352498713393,62.8608429050444,67.6406561637456,67.285024195896,43.9013934900053,63.6473060530949,66.7210621229697,56.4284005220234,66.9799693184567,58.1812319931717
47.3629682487381,65.6130877265904,69.3053858333929,55.8847319029777,58.4759510757383,48.9941223202946,65.3686157696611,52.7669481477698,65.1909955448079,61.9209549895097,67.4338956094724,51.0582822410945,50.9623957792811,67.5139661704531,60.472222131512,50.618312810809,58.2961519455772,63.779118496963,56.1381417865916,51.5318668890579,67.5316790679453,65.5832808554856,62.8608429050444,67.6518869691719,67.285024195896,43.9013934900053,63.6542873776659,66.7210621229697,56.4284005220234,66.9799693184567,58.1812319931717
47.3629682487381,65.6130877265904,69.3053858333929,55.8847319029777,58.4759510757383,49.0034157189711,65.3686157696611,52.7669481477698,65.1909955448079,61.9209549895097,67.4338956094724,51.0582822410945,50.9623957792811,67.5139661704531,60.4809942943535,50.618312810809,58.2961519455772,63.779118496963,56.1381417865916,51.5318668890579,67.5316790679453,65.5832808554856,62.8699834378489,67.6518869691719,67.285024195896,43.9013934900053,63.6542873776659,66.7210621229697,56.4284005220234,66.9799693184567,58.1812319931717
47.3629682487381,65.6130877265904,69.3053858333929,55.8847319029777,58.4764873462829,49.0034157189711,65.3686157696611,52.767184414168,65.1909955448079,61.9209549895097,67.4338956094724,51.0618813853835,50.9736071606963,67.5139661704531,60.4809942943535,50.618312810809,58.2961519455772,63.779118496963,56.1395297465659,51.5323140835164,67.5316790679453,65.8231912286216,62.8699834378489,67.6518869691719,67.285024195896,43.9013934900053,63.6542873776659,66.7210621229697,56.4284005220234,67.0108236945638,58.1812319931717
47.3668322129239,65.6130877265904,69.3073328659269,55.8847365063793,58.4764873462829,49.0034157189711,65.3686157696611,52.767184414168,65.2025051193366,61.9209549895097,67.4338956094724,51.0618813853835,50.9736071606963,67.5139661704531,60.4809942943535,50.6210766341335,58.2961519455772,63.779118496963,56.1395297465659,51.5323140835164,67.5316790679453,65.8614838307463,62.8699834378489,67.6518869691719,67.285024195896,43.9013934900053,63.6619520197911,66.8432371017329,56.4284005220234,67.0108236945638,58.1812319931717
47.3668322129239,65.6130877265904,69.3073328659269,55.8847365063793,58.4764873462829,49.0034157189711,65.3686157696611,52.767184414168,65.2025051193366,61.9209549895097,67.5440723815514,51.0640513774562,50.9736071606963,67.5139661704531,60.4858136931663,50.6210766341335,58.2961519455772,63.779118496963,56.14044488365,51.5323140835164,67.5316790679453,65.9833280588135,62.8699834378489,67.6518869691719,67.285024195896,43.9070698058038,63.6619520197911,66.8432371017329,56.4284005220234,67.0108236945638,58.1812319931717
47.3944926864949,65.6130877265904,69.3073328659269,55.8847365063793,58.4764873462829,49.0034157189711,65.3686157696611,52.767184414168,65.2025051193366,61.9209549895097,67.5440723815514,51.0640513774562,50.9736071606963,67.5139661704531,60.4858136931663,50.6221504796521,58.2961519455772,63.851229047608,56.14044488365,51.5323140835164,67.5323310802415,65.9833280588135,62.8699834378489,67.6524423986619,67.285024195896,43.9070698058038,63.6619520197911,66.8432371017329,56.4284005220234,67.0108236945638,58.1812319931717
47.3944926864949,65.6130877265904,69.3073328659269,55.8849243299391,58.4764873462829,49.0034157189711,65.3686157696611,52.767184414168,65.2025051193366,61.9209549895097,67.5440723815514,51.0653063795266,50.9736071606963,67.5139661704531,60.4858136931663,50.6221504796521,58.2961519455772,63.851229047608,56.14044488365,51.5323140835164,67.5323310802415,65.9833280588135,62.8699834378489,67.6524423986619,67.285024195896,43.9070698058038,63.6619520197911,66.8432371017329,56.4284005220234,67.0594226134046,58.1812319931717
47.3944926864949,65.6130877265904,69.3087615101084,55.8850963558943,58.4796175062577,49.0034157189711,65.3686157696611,52.767184414168,65.2094301448467,61.9209549895097,67.5880283334425,51.0653063795266,50.9764593067879,67.5139661704531,60.4961727800203,50.6222528140307,58.2961519455772,63.851229047608,56.1418836600877,51.5323140835164,67.5323310802415,66.1757463701713,62.8699834378489,67.6524423986619,67.285024195896,43.9070698058038,63.6632956790129,66.8432371017329,56.4284005220234,67.0594226134046,58.1812319931717
47.3944926864949,65.6130877265904,69.3087615101084,55.8850963558943,58.4796175062577,49.0034157189711,65.3686157696611,52.767184414168,65.2094301448467,61.9209549895097,67.5880283334425,51.0660101475888,50.9764593067879,67.5139661704531,60.4961727800203,50.6222528140307,58.2961519455772,63.851229047608,56.2227433700291,51.5323140835164,67.5323310802415,66.1757463701713,62.8699834378489,67.6524423986619,67.285024195896,43.9070698058038,63.6632956790129,66.8432371017329,56.4284005220234,67.0594226134046,58.3119384498242
47.3944926864949,65.6130877265904,69.3087615101084,55.885216381104,58.4961374112763,49.0232893565218,65.3961064301464,52.767184414168,65.2094301448467,61.9209549895097,67.5880283334425,51.0660101475888,50.9764593067879,67.5139661704531,60.4961727800203,50.6222528140307,58.2961519455772,63.851229047608,56.2227433700291,51.5323140835164,67.53931131949,66.2141330082729,62.8725338237873,67.6524423986619,67.3112617811966,43.9093022300264,63.6632956790129,66.8432371017329,56.4284005220234,67.0594226134046,58.3119384498242
47.3944926864949,65.6132086182637,69.3087615101084,55.8853009632777,58.4961374112763,49.0232893565218,65.3961064301464,52.767184414168,65.2135098887335,61.9209549895097,67.5880283334425,51.0667417012752,50.9846192425483,67.5139661704531,60.4961727800203,50.6222528140307,58.2961519455772,63.8899794452665,56.2227433700291,51.5323140835164,67.53931131949,66.2141330082729,62.8725338237873,67.6525608722713,67.3112617811966,43.9093022300264,63.6632956790129,66.8802461699722,56.4284005220234,67.0594226134046,58.3119384498242
47.3944926864949,65.6132086182637,69.3097176550435,55.8853009632777,58.4961374112763,49.0232893565218,65.3961064301464,52.767184414168,65.2135098887335,61.9209549895097,67.5880283334425,51.0667417012752,50.9846192425483,67.5139661704531,60.4961727800203,50.6222528140307,58.2961519455772,63.8899794452665,56.2227433700291,51.5323140835164,67.53931131949,66.2141330082729,62.8725338237873,67.6525608722713,67.3112617811966,43.9093022300264,63.6632956790129,66.8802461699722,56.4284005220234,67.0594226134046,58.3119384498242
47.3944926864949,65.6132086182637,69.3097176550435,55.885361059382,58.4961374112763,49.0232893565218,65.3961064301464,52.767184414168,65.2135098887335,61.9209549895097,67.7149607549685,51.0684390727166,50.9872772414658,67.5139661704531,60.4961727800203,50.6224457162028,58.2961519455772,63.8899794452665,56.2227433700291,51.5323140835164,67.53931131949,66.4061848338148,62.8826338494139,67.6525608722713,67.3112617811966,43.9093022300264,63.6632956790129,66.8802461699722,56.4308999848117,67.0594226134046,58.3119384498242
47.3944926864949,65.6132086182637,69.3097176550435,55.88540403794,58.4961374112763,49.0232893565218,65.3961064301464,52.767184414168,65.2158928254478,61.9209549895097,67.7149607549685,51.0684390727166,50.9872772414658,67.5139661704531,60.4961727800203,50.6224457162028,58.2961519455772,63.8899794452665,56.2227433700291,51.5323140835164,67.5449728034437,66.5012699622575,62.8826338494139,67.6525608722713,67.3112617811966,43.9093022300264,63.6632956790129,66.8837500270621,56.4308999848117,67.0594226134046,58.3119384498242
47.3944926864949,65.614283191412,69.3097176550435,55.88540403794,58.4961374112763,49.0232893565218,65.3961064301464,52.767184414168,65.2158928254478,61.9209549895097,67.7149607549685,51.069124106529,50.9872772414658,67.5139661704531,60.4961727800203,50.6226540377053,58.2961519455772,63.8899794452665,56.3733885674959,51.5323140835164,67.5449728034437,66.5012699622575,62.8826338494139,67.6525608722713,67.3112617811966,43.9103262979647,63.6632956790129,66.8837500270621,56.4308999848117,67.0594226134046,58.3119384498242
47.3944926864949,65.614283191412,69.3103679416275,55.88540403794,58.4961374112763,49.0232893565218,65.3961064301464,52.767184414168,65.2158928254478,61.9209549895097,67.7149607549685,51.069124106529,50.9891217073906,67.5139661704531,60.4961727800203,50.6226540377053,58.2961519455772,63.8899794452665,56.3733885674959,51.5336306582515,67.5449728034437,66.5012699622575,62.8826338494139,67.6525608722713,67.3112617811966,43.9103262979647,63.6632956790129,66.8837500270621,56.4308999848117,67.0594226134046,58.4173244516098
47.3944926864949,65.614283191412,69.3103679416275,55.88540403794,58.4961374112763,49.0232893565218,65.3961064301464,52.767184414168,65.2172878535561,61.9209549895097,67.7149607549685,51.0693153721885,50.9891217073906,67.5139661704531,60.4961727800203,50.6230464177236,58.2961519455772,63.8899794452665,56.3733885674959,51.5336306582515,67.5449728034437,66.5357294607528,62.8899666670943,67.6525608722713,67.3112617811966,43.9103262979647,63.6632956790129,66.8837500270621,56.4308999848117,67.0594226134046,58.4173244516098
47.3944926864949,65.614283191412,69.3103679416275,55.88540403794,58.4961374112763,49.0232893565218,65.3961064301464,52.767184414168,65.2172878535561,61.9209549895097,67.7149607549685,51.0693153721885,50.9966085987295,67.5139661704531,60.4961727800203,50.6230464177236,58.2961519455772,63.8899794452665,56.3733885674959,51.5336306582515,67.5587751048693,66.5357294607528,62.8899666670943,67.6525608722713,67.3112617811966,43.9103262979647,63.6632956790129,66.8837500270621,56.4308999848117,67.0594226134046,58.4173244516098
47.3944926864949,65.614283191412,69.3108166771583,55.88540403794,58.4961374112763,49.0232893565218,65.3961064301464,52.767184414168,65.2172878535561,61.9209549895097,67.7149607549685,51.0693642437265,50.9966085987295,67.5139661704531,60.4961727800203,50.6230464177236,58.2961519455772,63.8899794452665,56.3733885674959,51.5367857443528,67.5587751048693,66.5941935900754,62.8899666670943,67.6525608722713,67.3112617811966,43.9103262979647,63.6632956790129,66.8837500270621,56.4308999848117,67.0594226134046,58.4173244516098
47.3944926864949,65.614283191412,69.3108166771583,55.88540403794,58.5019660564974,49.0232893565218,65.3961064301464,52.767184414168,65.2172878535561,61.9209549895097,67.7149607549685,51.0693642437265,51.0000609536925,67.5139661704531,60.4961727800203,50.6230464177236,58.2961519455772,63.8899794452665,56.3733885674959,51.5367857443528,67.5587751048693,66.5941935900754,62.8899666670943,67.657764429767,67.3112617811966,43.9103262979647,63.663577716591,66.8837500270621,56.432950680086,67.0594226134046,58.4173244516098
47.3944926864949,65.614283191412,69.3108166771583,55.88540403794,58.5019660564974,49.0232893565218,65.3961064301464,52.767184414168,65.2181133254191,61.9209549895097,67.7149607549685,51.0693642437265,51.0000609536925,67.5139661704531,60.4961727800203,50.6230464177236,58.2961519455772,63.9607056377217,56.3733885674959,51.5367857443528,67.5587751048693,66.5941935900754,62.896596092458,67.657764429767,67.3112617811966,43.9103262979647,63.663577716591,66.8837500270621,56.432950680086,67.0594226134046,58.4173244516098
47.3944926864949,65.614283191412,69.3108166771583,55.88540403794,58.5019660564974,49.0232893565218,65.3961064301464,52.767184414168,65.2181133254191,61.9209549895097,67.7149607549685,51.0693642437265,51.0000609536925,67.5139661704531,60.4961727800203,50.6230464177236,58.2961519455772,63.9607056377217,56.3733885674959,51.5405143053022,67.564601085578,66.5941935900754,62.896596092458,67.657764429767,67.3112617811966,43.9103262979647,63.663577716591,66.8837500270621,56.432950680086,67.0594226134046,58.4173244516098
47.3944926864949,65.6181988198868,69.311130198298,55.88540403794,58.5201639349678,49.0232893565218,65.3961064301464,52.767184414168,65.2181133254191,61.9209549895097,67.7149607549685,51.0693642437265,51.0066446153741,67.5139661704531,60.4961727800203,50.6230464177236,58.2961519455772,63.9607056377217,56.3733885674959,51.5405143053022,67.564601085578,66.5941935900754,62.896596092458,67.657764429767,67.3112617811966,43.9103262979647,63.663577716591,66.8837500270621,56.432950680086,67.0594226134046,58.4173244516098
47.3944926864949,65.6181988198868,69.311130198298,55.88540403794,58.5201639349678,49.0232893565218,65.3961064301464,52.7681128088231,65.2181133254191,61.9209549895097,67.7149607549685,51.0693642437265,51.0066446153741,67.5139661704531,60.4961727800203,50.6230464177236,58.2961519455772,63.9607056377217,56.3733885674959,51.5405143053022,67.564601085578,66.5941935900754,62.903420794005,67.657764429767,67.3112617811966,43.9103262979647,63.7068652963368,66.8837500270621,56.432950680086,67.0594226134046,58.4173244516098
47.3944926864949,65.6181988198868,69.311130198298,55.88540403794,58.5201639349678,49.0232893565218,65.3961064301464,52.7681128088231,65.2181133254191,61.9209549895097,67.7149607549685,51.0697405206386,51.0170635618296,67.5139661704531,60.4961727800203,50.6230464177236,58.2961519455772,63.9607056377217,56.3733885674959,51.541938694046,67.564601085578,66.5941935900754,62.903420794005,67.657764429767,67.3112617811966,43.9103262979647,63.7068652963368,66.8922208449717,56.432950680086,67.0719160609846,58.5792050043195
47.3944926864949,65.6183933669881,69.311130198298,55.88540403794,58.5212105856282,49.0232893565218,65.3961064301464,52.7681128088231,65.2355752139284,61.9209549895097,67.7149607549685,51.0697405206386,51.0170635618296,67.5139661704531,60.4961727800203,50.6230464177236,58.2961519455772,63.9607056377217,56.3733885674959,51.541938694046,67.5759296334097,66.5941935900754,62.903420794005,67.657764429767,67.3112617811966,43.9103262979647,63.7068652963368,66.9823166206422,56.432950680086,67.0719160609846,58.5792050043195
47.3944926864949,65.6183933669881,69.3113514927342,55.88540403794,58.5212105856282,49.0232893565218,65.4134379385149,52.7681128088231,65.2355752139284,61.9209549895097,67.7149607549685,51.0697405206386,51.0193234560971,67.5139661704531,60.4961727800203,50.6230464177236,58.2961519455772,63.9607056377217,56.3733885674959,51.541938694046,67.5759296334097,66.5941935900754,62.9139348124778,67.657764429767,67.3335266798201,43.9103262979647,63.7068652963368,66.9823166206422,56.432950680086,67.0719160609846,58.5792050043195
47.3965121622398,65.6202511730223,69.3113514927342,55.88540403794,58.5212105856282,49.0232893565218,65.4134379385149,52.7681128088231,65.2355752139284,61.9209549895097,67.7149607549685,51.0700174747673,51.0193234560971,67.5139661704531,60.4961727800203,50.6258675046678,58.2961519455772,63.9607056377217,56.3733885674959,51.5451671398366,67.5759296334097,66.5941935900754,62.9139348124778,67.657764429767,67.3335266798201,43.9168849060438,63.7068652963368,66.9823166206422,56.4339345749544,67.0719160609846,58.5792050043195
47.39933786164,65.6202511730223,69.3113514927342,55.88540403794,58.5336427218462,49.0232893565218,65.4134379385149,52.7681128088231,65.2355752139284,61.9209549895097,67.7149607549685,51.0700174747673,51.0344037794057,67.5139661704531,60.4961727800203,50.6258675046678,58.2961519455772,63.9607056377217,56.3733885674959,51.5451671398366,67.5759296334097,66.5941935900754,62.9139348124778,67.657764429767,67.3335266798201,43.9168849060438,63.7068652963368,67.0098324326723,56.4339345749544,67.0719160609846,58.5954676807737
47.39933786164,65.6202511730223,69.3115089643262,55.88540403794,58.5336427218462,49.0232893565218,65.4134379385149,52.7681128088231,65.2355752139284,61.9209549895097,67.7149607549685,51.0701498502795,51.0344037794057,67.5139661704531,60.4961727800203,50.6258675046678,58.2961519455772,63.9607056377217,56.3733885674959,51.5451671398366,67.5830519100096,66.5941935900754,62.9139348124778,67.657764429767,67.3335266798201,43.9204883677551,63.7068652963368,67.0098324326723,56.4339345749544,67.0719160609846,58.5954676807737
47.39933786164,65.6215322721471,69.3115089643262,55.88540403794,58.5378784688537,49.0232893565218,65.4134379385149,52.7681128088231,65.2355752139284,61.9209549895097,67.7149607549685,51.0701840896203,51.0385945613376,67.5139661704531,60.4961727800203,50.6279146471478,58.2961519455772,63.9811855419163,56.3733885674959,51.5451671398366,67.5830519100096,66.5941935900754,62.9191799649629,67.6586449111847,67.3467521482831,43.9204883677551,63.7068652963368,67.0098324326723,56.4364444820263,67.0719160609846,58.5954676807737
47.4013446794404,65.6215322721471,69.3115089643262,55.88540403794,58.5378784688537,49.0232893565218,65.4134379385149,52.7710178112167,65.2355752139284,61.9209549895097,67.7149607549685,51.0701840896203,51.0385945613376,67.5139661704531,60.4961727800203,50.6279146471478,58.2961519455772,63.9811855419163,56.4033259829608,51.5451671398366,67.5830519100096,66.6005967812045,62.9191799649629,67.6586449111847,67.3467521482831,43.9204883677551,63.7206092755563,68.2357756661862,56.4364444820263,67.0719160609846,58.5954676807737
47.4013446794404,65.6224248278373,69.3115089643262,55.88540403794,58.5378784688537,49.0232893565218,65.4134379385149,52.7710178112167,65.2355752139284,61.9209549895097,67.7149607549685,51.0701840896203,51.0459637276783,67.5139661704531,60.4961727800203,50.6279146471478,58.2961519455772,63.9811855419163,56.4033259829608,51.5451671398366,67.5830519100096,66.6005967812045,62.9191799649629,67.6586449111847,67.3467521482831,43.9218992734659,63.7206092755563,68.2357756661862,56.4364444820263,67.0719160609846,58.7028238810064
47.4034715343384,65.6224248278373,69.3274534476564,55.88540403794,58.5461021769917,49.0255353158057,65.4134379385149,52.7710178112167,65.2385202800516,61.9209549895097,67.7149607549685,51.0701840896203,51.0459637276783,67.5139661704531,60.4961727800203,50.6279146471478,58.2961519455772,63.9811855419163,56.4033259829608,51.5451671398366,67.5830519100096,66.6005967812045,62.9387305195664,67.6586449111847,67.3467521482831,43.9218992734659,63.7206092755563,68.3339678071515,56.4364444820263,67.0719160609846,58.7379601860926
47.4034715343384,65.6224248278373,69.3274534476564,55.88540403794,58.5461021769917,49.0255353158057,65.4134379385149,52.7710178112167,65.2385202800516,61.9209549895097,67.7149607549685,51.0701840896203,51.0477858818415,67.5139661704531,60.4961727800203,50.6279146471478,58.2961519455772,63.9811855419163,56.4033259829608,51.5501681011906,67.5901689712629,66.6005967812045,62.9387305195664,67.6586449111847,67.3507392169975,43.9218992734659,63.7206092755563,68.7625545563676,56.4364444820263,67.083953165077,58.7379601860926
47.4034715343384,65.6224248278373,69.3292743524958,55.88540403794,58.5461021769917,49.0255353158057,65.4134379385149,52.7715785389098,65.2385202800516,61.9209549895097,67.7149607549685,51.0703293439819,51.0477858818415,67.5139661704531,60.4961727800203,50.6279146471478,58.2961519455772,63.9811855419163,56.526861162035,51.8279195679301,67.5901689712629,66.6005967812045,62.9387305195664,67.6605103604046,67.3507392169975,43.9218992734659,63.7206092755563,68.7850967401382,56.4364444820263,67.083953165077,58.7379601860926
47.4072525590064,65.6230526079242,69.3292743524958,55.88540403794,58.5461021769917,49.0255353158057,65.4134379385149,52.7715785389098,65.2385202800516,61.9209549895097,67.7149607549685,51.0703783314149,51.0477858818415,67.5174093761168,60.4961727800203,50.627933778896,58.2961519455772,63.9811855419163,56.526861162035,51.8279195679301,67.5901689712629,66.6005967812045,62.9542859081516,67.6605103604046,67.3507392169975,43.9218992734659,63.7206092755563,68.7850967401382,56.4366829833529,67.083953165077,58.7379601860926
47.4097183994182,65.6230526079242,69.3292743524958,55.88540403794,58.5496834562076,49.0255353158057,65.4134379385149,52.7715785389098,65.2402062087533,61.9209549895097,67.7335430471721,51.0703783314149,51.0477858818415,67.5174093761168,60.4961727800203,50.627933778896,58.3008784482508,63.9811855419163,56.526861162035,51.8279195679301,67.5977158969599,66.6213381036316,62.9542859081516,67.6605417916559,67.3507392169975,43.9218992734659,63.7206092755563,68.7850967401382,56.4366829833529,67.083953165077,58.7379601860926
47.4097183994182,65.6230526079242,69.3292743524958,55.88540403794,58.5496834562076,49.0255353158057,65.4134379385149,52.7715785389098,65.2402062087533,61.9209549895097,67.7335430471721,51.0705710362668,51.0620414695141,67.5174093761168,60.4961727800203,50.627933778896,58.3008784482508,63.9811855419163,56.526861162035,53.7849996657684,67.5977158969599,66.6269684235487,62.9542859081516,67.6605417916559,67.3507392169975,43.9218992734659,63.7328212539879,68.8528985592186,56.4366829833529,67.083953165077,58.7379601860926
47.4104848230131,65.6234977852853,69.3292743524958,55.88540403794,58.5496834562076,49.0255353158057,65.4134379385149,52.7715785389098,65.2415607311961,61.9209549895097,67.7367843402246,51.0707544599483,51.0620414695141,67.5174093761168,60.4961727800203,50.627933778896,58.3008784482508,63.9811855419163,56.526861162035,53.7849996657684,67.5977158969599,66.636482273843,62.9643913756621,67.6610770382971,67.3507392169975,44.1344777781324,63.7328212539879,68.8528985592186,56.4366829833529,67.083953165077,58.7379601860926
47.4104848230131,65.6234977852853,69.3292743524958,55.88540403794,58.5711276852968,49.0255353158057,65.4134379385149,52.7715785389098,65.2415607311961,61.9209549895097,67.7367843402246,51.0707544599483,51.0620414695141,67.5174093761168,60.4961727800203,50.627933778896,58.3008784482508,63.9811855419163,56.526861162035,53.7849996657684,67.5981828949069,66.636482273843,62.9643913756621,67.6610770382971,67.3507392169975,44.1344777781324,63.7328212539879,68.8528985592186,56.4366829833529,67.083953165077,58.7919146389566
47.4104848230131,65.6238156084021,69.3321833195617,55.88540403794,58.5711276852968,49.0255353158057,65.4134379385149,52.7722765766258,65.252467635001,61.9209549895097,67.7617235124749,51.0709595887642,51.0737717533272,67.5174093761168,60.4961727800203,50.627933778896,58.3008784482508,63.9811855419163,56.526861162035,56.4785094988543,67.5981828949069,66.6409222712982,62.9643913756621,67.6610770382971,67.3710559198283,44.3758123017569,63.7461898743204,68.9689293537209,56.4366829833529,67.083953165077,58.7919146389566
47.41701813451,65.6238156084021,69.3321833195617,55.88540403794,58.5711276852968,49.0255353158057,65.4134379385149,52.7722765766258,65.252467635001,61.9209549895097,67.7617235124749,51.0710721904324,51.0737717533272,67.5174093761168,60.4961727800203,50.627933778896,58.3008784482508,63.9811855419163,56.526861162035,56.4785094988543,67.5981828949069,66.641776456359,62.9710578365356,67.6610922364273,67.3710559198283,44.6323733523996,63.7461898743204,68.9689293537209,56.4366829833529,67.083953165077,58.7919146389566
47.4183416143635,65.6240437322793,69.3321833195617,55.88540403794,58.5750455518176,49.0255353158057,65.4134379385149,52.7722765766258,65.252467635001,61.9209549895097,67.7676793312891,51.0710721904324,51.0779364724982,67.5174093761168,60.4961727800203,50.627933778896,58.3008784482508,63.9811855419163,56.526861162035,56.4785094988543,67.5981828949069,66.641776456359,62.9710578365356,67.6610922364273,67.3710559198283,44.8205014472284,63.7461898743204,69.0213850890661,56.4366829833529,67.083953165077,58.7919146389566
47.4183416143635,65.6240437322793,69.3321833195617,55.88540403794,58.5750455518176,49.0255353158057,65.4134379385149,52.7722765766258,65.252467635001,61.9209549895097,67.7676793312891,51.0711340867867,51.0779364724982,67.5174093761168,60.4961727800203,50.627933778896,58.3008784482508,63.9811855419163,56.526861162035,56.4785094988543,67.5981828949069,66.641776456359,62.9710578365356,67.6610922364273,67.3710559198283,45.0538427182658,63.7461898743204,69.0213850890661,56.4366829833529,67.083953165077,58.7919146389566
47.4183416143635,65.6257951784129,69.3321833195617,55.88540403794,58.5750455518176,49.0255353158057,65.4134379385149,52.7722765766258,65.252467635001,61.9209549895097,67.7676793312891,51.0711683001773,51.122685410296,67.5174093761168,60.4961727800203,50.627933778896,58.3008784482508,63.9811855419163,56.526861162035,56.4785094988543,67.5981828949069,66.641776456359,62.9710578365356,67.6610922364273,67.3710559198283,45.1116096692218,63.7461898743204,69.0213850890661,56.4376671962445,67.083953165077,58.7919146389566
47.4183416143635,65.6257951784129,69.3321833195617,55.88540403794,58.5750455518176,49.0255353158057,65.4134379385149,52.7722765766258,65.2553718473111,61.9209549895097,67.7676793312891,51.0711683001773,51.122685410296,67.5174093761168,60.4961727800203,50.627933778896,58.3008784482508,63.9811855419163,56.526861162035,56.4785094988543,67.5981828949069,66.6420792015889,62.9755288996122,67.6611163958373,67.3710559198283,45.1116096692218,63.7461898743204,69.0365582070818,56.4376671962445,67.083953165077,58.7919146389566
47.4183416143635,65.6257951784129,69.3321833195617,55.88540403794,58.5750455518176,49.0255353158057,65.4134379385149,52.7722765766258,65.2553718473111,61.9209549895097,67.7676793312891,51.0711873852627,51.1439252949376,67.5174093761168,60.4961727800203,50.627933778896,58.3008784482508,63.9811855419163,56.526861162035,56.4785094988543,67.5981828949069,66.6420792015889,62.9755288996122,67.6611163958373,67.3710559198283,45.1416442127549,63.7461898743204,69.0365582070818,56.4376671962445,67.083953165077,58.7919146389566
47.4183416143635,65.6257951784129,69.3321833195617,55.88540403794,58.5750455518176,49.0255353158057,65.4134379385149,52.7722765766258,65.2553718473111,61.9209549895097,67.7676793312891,51.0711981654955,51.1439252949376,67.5174093761168,60.4961727800203,50.627933778896,58.3008784482508,63.9811855419163,56.526861162035,56.4785094988543,67.5981828949069,66.6420792015889,62.9755288996122,67.6611933428725,67.3710559198283,45.2202263375412,63.7461898743204,69.1996056399727,56.4376671962445,67.083953165077,58.7919146389566
47.4183416143635,65.6257951784129,69.3333754986696,55.88540403794,58.5750455518176,49.0269605802478,65.4134379385149,52.7722765766258,65.2553718473111,61.9209549895097,67.7794812681009,51.0711981654955,51.171607853396,67.5174093761168,60.4961727800203,50.627933778896,58.3008784482508,63.9811855419163,56.526861162035,56.4785094988543,67.5981828949069,66.6420792015889,62.9852189855454,67.6611933428725,67.3710559198283,45.2202263375412,63.7461898743204,69.1996056399727,56.438678271134,67.1057020380183,58.7919146389566
47.4183416143635,65.6257951784129,69.3333754986696,55.88540403794,58.5791087292344,49.0269605802478,65.4134379385149,52.7722765766258,65.2553718473111,61.9209549895097,67.7794812681009,51.0712043518458,51.171607853396,67.5174093761168,60.4961727800203,50.627933778896,58.3008784482508,63.9814183223576,56.526861162035,56.4785094988543,67.5981828949069,66.6441838774799,62.9852189855454,67.6611933428725,67.3960330841266,45.2202263375412,63.7461898743204,69.1996056399727,56.438678271134,67.1057020380183,58.830999452498
47.4183416143635,65.6266547779487,69.3360790533133,55.88540403794,58.5791087292344,49.0269605802478,65.4134379385149,52.7722765766258,65.2553718473111,61.9209549895097,67.7794812681009,51.0712043518458,51.2216041317661,67.5174093761168,60.4961727800203,50.6286029789569,58.3008784482508,63.9814183223576,56.526861162035,56.4785094988543,67.6046296982134,66.6441838774799,62.9852189855454,67.6611933428725,67.3960330841266,45.4789737328605,63.7463395829442,69.4078890037776,56.4388956601372,67.1057020380183,58.830999452498
47.4183416143635,65.6266547779487,69.3360790533133,55.88540403794,58.5791087292344,49.0269605802478,65.4134379385149,52.7722765766258,65.2553718473111,61.9209549895097,67.7794812681009,51.0712079699223,51.2417633466729,67.5174093761168,60.4961727800203,50.6286029789569,58.3008784482508,63.9814183223576,56.526861162035,56.4785094988543,67.6046296982134,66.6441838774799,62.9947253720189,67.6611933428725,67.3960330841266,45.5596225307087,63.7463395829442,69.4078890037776,56.4388956601372,67.1057020380183,58.830999452498
47.4183416143635,65.6266547779487,69.3360790533133,55.88540403794,58.5791087292344,49.0269605802478,65.4134379385149,52.7722765766258,65.2553718473111,61.9209549895097,67.7794812681009,51.0712079699223,51.2417633466729,67.5174093761168,60.4961727800203,50.6295408741118,58.3008784482508,63.9814183223576,56.526861162035,56.4785094988543,67.6046296982134,66.6441838774799,62.9947253720189,67.6611933428725,67.3960330841266,45.5596225307087,63.7463395829442,69.4078890037776,56.4388956601372,67.1057020380183,58.830999452498
47.4183416143635,65.6268820961829,69.3360790533133,55.88540403794,58.5791087292344,49.0269605802478,65.4134379385149,52.7723229242756,65.2553718473111,61.9209549895097,67.7794812681009,51.0712079699223,51.2417633466729,67.5174093761168,60.4961727800203,50.6295408741118,58.3008784482508,63.9814183223576,56.526861162035,56.4785094988543,67.6046296982134,66.6441838774799,62.9947253720189,67.6611933428725,67.3960330841266,45.6322713119169,63.7463395829442,69.4078890037776,56.4388956601372,67.1219542576387,58.830999452498
47.4185579033282,65.6268820961829,69.3360790533133,55.88540403794,58.5791087292344,49.0269605802478,65.4134379385149,52.7723229242756,65.2553718473111,61.9209549895097,67.7794812681009,51.0714419707067,51.2588917710491,67.5174093761168,60.4961727800203,50.6300570642661,58.3008784482508,63.9814183223576,56.526861162035,56.4785094988543,67.6083540390912,66.6441838774799,63.0043213662486,67.6611933428725,67.3960330841266,45.6322713119169,63.7463395829442,69.4078890037776,56.4388956601372,67.1219542576387,58.830999452498
47.4185579033282,65.6318471915578,69.3367887892175,55.88540403794,58.5791087292344,49.0269605802478,65.4134379385149,52.7723229242756,65.2553718473111,61.9221549721203,67.7808737548058,51.0714419707067,51.2588917710491,67.5175435995527,60.4961727800203,50.6300570642661,58.3008784482508,63.9814183223576,56.526861162035,56.7477032455781,67.6083540390912,66.6441838774799,63.0043213662486,67.6611933428725,67.4578207595717,45.6322713119169,63.7463395829442,69.4078890037776,56.4388956601372,67.1219542576387,58.830999452498
47.4185579033282,65.6318471915578,69.3367887892175,55.88540403794,58.5791087292344,49.0269605802478,65.4134379385149,52.7723229242756,65.2553718473111,61.9221549721203,67.7808737548058,51.0715103707347,51.2588917710491,67.5175435995527,60.4961727800203,50.630168865899,58.3008784482508,63.9814183223576,56.526861162035,56.7477032455781,67.6083540390912,66.6447390747942,63.0043213662486,67.6611933428725,67.4578207595717,45.6968803982611,63.7463395829442,69.5371476998831,56.4388956601372,67.1219542576387,58.830999452498
47.4185579033282,65.6318471915578,69.3367887892175,55.88540403794,58.5791087292344,49.0269605802478,65.4134379385149,52.7723229242756,65.2553718473111,61.9221549721203,67.7808737548058,51.0715103707347,51.2665049153222,67.5185467592948,60.4961727800203,50.630168865899,58.3008784482508,63.9814183223576,56.526861162035,56.7477032455781,67.6173851399755,66.6447390747942,63.0201917010307,67.6612002612911,67.4578207595717,45.6968803982611,63.7463395829442,69.5371476998831,56.4388956601372,67.1219542576387,58.830999452498
47.4185579033282,65.6318471915578,69.3374275788437,55.88540403794,58.5791087292344,49.0269605802478,65.4134379385149,52.7723229242756,65.2553718473111,61.9221549721203,67.7877828376502,51.0715103707347,51.2665049153222,67.5185467592948,60.4963077809075,50.6312444946461,58.3008784482508,63.9814183223576,56.5468517687285,56.7477032455781,67.6173851399755,66.6671217267691,63.0201917010307,67.6612002612911,67.4578207595717,45.8922305644615,63.7463395829442,69.5371476998831,56.4388956601372,67.1219542576387,58.830999452498
47.4185579033282,65.6318471915578,69.3374275788437,55.88540403794,58.5791087292344,49.0269605802478,65.4134379385149,52.7728505013254,65.2553718473111,61.9221549721203,67.7877828376502,51.0715103707347,51.2739952580948,67.5185467592948,60.4963077809075,50.6312444946461,58.3008784482508,63.9814183223576,56.5468517687285,56.7477032455781,67.6173851399755,66.6671217267691,63.0201917010307,67.6612002612911,67.4578207595717,46.2797195079312,63.7463395829442,69.5371476998831,56.4388958033408,67.1219542576387,58.830999452498
47.4185579033282,65.6336991863686,69.3374275788437,55.88540403794,58.581373958963,49.0269605802478,65.4134379385149,52.7728505013254,65.2553718473111,61.9221549721203,67.7877828376502,51.0715103707347,51.2739952580948,67.5185467592948,60.4963077809075,50.6312780048788,58.3008784482508,63.9814183223576,56.5468517687285,56.7477032455781,67.6173851399755,66.6671217267691,63.0257150049831,67.6612002612911,67.4662943319175,46.591940984956,63.7463395829442,69.5371476998831,56.4388958033408,67.1219542576387,58.830999452498
47.4185579033282,65.6336991863686,69.3376636950437,55.88540403794,58.581373958963,49.0269605802478,65.4134379385149,52.7728505013254,65.2553718473111,61.9221549721203,67.7877828376502,51.0715556999223,51.2739952580948,67.5186608453384,60.4963077809075,50.6312780048788,58.3008784482508,63.9814183223576,56.5711267957569,56.9173750351484,67.6206978663081,66.6671217267691,63.0257150049831,67.6612002612911,67.4662943319175,46.591940984956,63.7492433789569,69.5371476998831,56.4388958033408,67.1219542576387,58.830999452498
47.4185579033282,65.6336991863686,69.3376636950437,55.88540403794,58.581373958963,55.3806509694419,65.4134379385149,52.7728505013254,65.2553718473111,61.9221549721203,67.7877828376502,51.0715556999223,51.2739952580948,67.5186608453384,60.4963077809075,50.6312780048788,58.3008784482508,63.9814183223576,56.5711267957569,56.9173750351484,67.6206978663081,66.6671217267691,63.0257150049831,67.6612002612911,67.4662943319175,46.591940984956,63.7492433789569,69.6621396337433,56.4398269811979,67.1219542576387,58.830999452498
47.4185579033282,65.634266484896,69.3376789460393,55.88540403794,58.581373958963,55.3806509694419,65.4134379385149,52.7728505013254,65.2553718473111,61.9221549721203,67.7877828376502,51.0715556999223,51.2739952580948,67.5189848094387,60.4963077809075,50.6312780048788,58.3008784482508,63.9814183223576,56.5711267957569,56.9173750351484,67.6206978663081,66.6671217267691,63.0272283156422,67.6612002612911,67.4662943319175,46.7083942918063,63.7492433789569,69.6621396337433,56.4398269811979,67.1219542576387,58.830999452498
47.4185579033282,65.634266484896,69.3376789460393,55.88540403794,58.581373958963,55.3806509694419,65.4134379385149,52.7743649214999,65.2553718473111,61.9221549721203,67.7877828376502,51.0715556999223,51.2762897418098,67.5189848094387,60.4963077809075,50.6312780048788,58.3008784482508,63.9814183223576,56.5711267957569,57.1693917859367,67.6206978663081,66.6671217267691,63.0272283156422,67.6612002612911,67.4662943319175,46.7274576051702,63.7492433789569,69.6621396337433,56.4398269811979,67.1219542576387,58.830999452498
47.4185579033282,65.634266484896,69.3376789460393,55.88540403794,58.581373958963,55.3806509694419,65.4134379385149,52.7743649214999,65.2553718473111,61.9221549721203,67.7877828376502,51.0715556999223,51.2762897418098,67.5189848094387,60.4963077809075,50.6312780048788,58.3008784482508,63.9814183223576,56.6363382687286,57.1693917859367,67.6206978663081,66.6671217267691,63.0460928207569,67.6612002612911,67.4662943319175,46.7274576051702,63.7492433789569,69.6621396337433,56.4398269811979,67.1219542576387,58.830999452498
47.4185579033282,65.6442821065029,69.3376789460393,55.88540403794,58.581373958963,55.3806509694419,65.4134379385149,52.7743649214999,65.2553718473111,61.9221549721203,67.7877828376502,51.0715556999223,51.2762897418098,67.5189848094387,60.4963077809075,50.6312780048788,58.3008784482508,63.9820924268895,56.6363382687286,57.1693917859367,67.6206978663081,66.6671217267691,63.0460928207569,67.6612002612911,67.4662943319175,47.319847059683,63.7500329433184,69.6621396337433,56.4398269811979,67.1219542576387,58.830999452498
47.4185579033282,65.6442821065029,69.3376789460393,55.88540403794,58.581373958963,55.3806509694419,65.4134379385149,52.7743649214999,65.2553718473111,61.9221549721203,67.7877828376502,51.0715637121006,51.2762897418098,67.5206845669854,60.4963077809075,50.6312780048788,58.3008784482508,63.9820924268895,56.6363382687286,57.2163137635886,67.6206978663081,66.6671217267691,63.0734580740393,67.661721067623,67.4662943319175,47.613594437307,63.7500329433184,69.6621396337433,56.4398269811979,67.1219542576387,58.830999452498
47.4185579033282,65.6477188830297,69.3376789460393,55.88540403794,58.581373958963,55.3806509694419,65.4134379385149,52.7743649214999,65.2553718473111,61.9221549721203,67.7877828376502,51.0715637121006,51.2780176780505,67.5206845669854,60.4963077809075,50.631420376195,58.3008784482508,63.9820924268895,56.6363382687286,57.4892912829616,67.6206978663081,66.6671217267691,63.0734580740393,67.661721067623,67.4662943319175,47.613594437307,63.7500329433184,69.6621396337433,56.4398269811979,67.122106289862,58.830999452498
47.4185579033282,65.6477188830297,69.3402087639088,55.88540403794,58.581373958963,55.3806509694419,65.4134379385149,52.7743649214999,65.2553718473111,61.9221549721203,67.7877828376502,51.0715637121006,51.2780176780505,67.5206845669854,60.4963077809075,50.631420376195,58.3008784482508,63.9820924268895,56.6363382687286,57.4892912829616,67.6230989082854,66.6671217267691,63.0936168164942,67.661721067623,67.4662943319175,47.679770550128,63.7500329433184,69.68749332729,56.4398269811979,67.122106289862,58.8522214228857
47.4185579033282,65.6534875216994,69.3402087639088,55.88540403794,58.581373958963,55.3806509694419,65.4134379385149,52.7743649214999,65.2553718473111,61.9221549721203,67.7877828376502,51.0719321549356,51.2815433975667,67.5206845669854,60.4963077809075,50.631420376195,58.3008784482508,63.9820924268895,56.6363382687286,57.4892912829616,67.6230989082854,66.6671217267691,63.0936168164942,67.661721067623,67.4662943319175,47.977232709404,63.7500329433184,69.68749332729,56.4398269811979,67.122106289862,58.8522214228857
47.4185579033282,65.6534875216994,69.3402087639088,55.88540403794,58.581373958963,55.3806509694419,65.4134379385149,52.7743649214999,65.259747692623,61.9221549721203,67.7877828376502,51.0719321549356,51.2815433975667,67.5206845669854,60.4963077809075,50.631420376195,58.3008784482508,63.9820924268895,56.6363382687286,57.4892912829616,67.6230989082854,66.6671217267691,63.1212069561169,67.661721067623,67.4662943319175,47.977232709404,63.7500329433184,69.68749332729,56.4398269811979,67.122106289862,58.8522214228857
47.4185579033282,65.6599229692192,69.3402263010423,55.88540403794,58.581373958963,55.3806509694419,65.4134379385149,52.7743649214999,65.259747692623,61.9221549721203,67.7877828376502,51.0720477964766,51.2831340938816,67.5206845669854,60.4963077809075,50.631420376195,58.3008784482508,63.9820924268895,56.6363382687286,57.5363483658309,67.6230989082854,66.6671217267691,63.1212069561169,67.661721067623,67.4662943319175,48.2929749318583,63.7500329433184,69.68749332729,56.4398269811979,67.122106289862,58.8522214228857
47.418598750771,65.6599229692192,69.3402263010423,55.88540403794,58.581373958963,55.3806509694419,65.4134379385149,52.7743649214999,65.2643223662606,61.9221549721203,67.7877828376502,51.0720477964766,51.2837093087833,67.5206845669854,60.4963077809075,50.631420376195,58.3008784482508,63.9820924268895,56.6498196794816,57.5700630321107,67.6230989082854,66.6671217267691,63.1434919396055,67.6621517145181,67.4662943319175,48.3924448282578,63.7500329433184,69.68749332729,56.4398269811979,67.1232026751952,58.8522214228857
47.418598750771,65.6599229692192,69.3402580785354,55.88540403794,58.582180672844,55.3806509694419,65.4134379385149,52.7761910711788,65.2643223662606,61.9221549721203,67.7877828376502,51.0720477964766,51.2837093087833,67.5206845669854,60.4963077809075,50.631420376195,58.3008784482508,63.9820924268895,56.6498196794816,57.5700630321107,67.6376919219412,66.6671217267691,63.1434919396055,67.6621517145181,67.4662943319175,48.6087026629569,63.7505097012072,69.68749332729,56.4398269811979,67.1232026751952,58.8522214228857
47.418598750771,65.6599229692192,69.3402580785354,55.88540403794,58.582180672844,55.3806509694419,65.4134379385149,52.7761910711788,65.2704525634667,61.9221549721203,67.7877828376502,51.0726246259974,51.2838029745088,67.5206845669854,60.4963077809075,50.631420376195,58.3008784482508,63.9820924268895,56.6498196794816,57.5700630321107,67.6376919219412,66.6671217267691,63.1434919396055,67.6621517145181,67.4662943319175,48.9790427025984,63.7505097012072,69.68749332729,56.4398269811979,67.1232026751952,58.8522214228857
47.418598750771,65.6599229692192,69.3402580785354,55.88540403794,58.582180672844,55.3806509694419,65.4134379385149,52.7761910711788,65.2704525634667,61.9221549721203,67.7877828376502,51.0726246259974,51.2838029745088,67.5206845669854,60.4963077809075,50.631420376195,58.3008784482508,63.9820924268895,56.6498196794816,57.5771906437211,67.6376919219412,66.6671217267691,63.1568874846055,67.6623357189915,67.4662943319175,48.9988981509759,63.7505097012072,69.68749332729,56.4398269811979,67.1232026751952,58.8522214228857
47.418598750771,65.6599229692192,69.3402580785354,55.88540403794,58.582180672844,55.3806509694419,65.4134379385149,52.7761910711788,65.2724053937591,61.9221549721203,67.7877828376502,51.0728783866331,51.2867073221737,67.5206845669854,60.4963077809075,50.6314723647881,58.3008784482508,63.9820924268895,56.6498196794816,57.5771906437211,67.6376919219412,66.6671217267691,63.1568874846055,67.6623357189915,67.4662943319175,49.0605929253101,63.7511017787018,69.68749332729,56.4398269811979,67.1232026751952,58.881229196684
47.418598750771,65.6599229692192,69.3402580785354,55.88540403794,58.582180672844,55.3806509694419,65.4134379385149,52.7761910711788,65.2724053937591,61.9221549721203,67.7877828376502,51.0728783866331,51.2867073221737,67.5206845669854,60.4963077809075,50.6314723647881,58.3008784482508,63.9820924268895,56.6498196794816,57.5771906437211,67.6395770507227,66.6671217267691,63.1568874846055,67.6623357189915,67.4662943319175,49.0605929253101,63.7511017787018,69.68749332729,56.4399432732637,67.1232026751952,58.881229196684
47.418598750771,65.6599229692192,69.3402580785354,55.88540403794,58.582180672844,55.3806509694419,65.4134379385149,52.7761910711788,65.2724053937591,61.9221549721203,67.7877828376502,51.0728783866331,51.2893782273042,67.5208608979194,60.4963077809075,50.6314723647881,58.3008784482508,63.9820924268895,56.6498196794816,57.5771906437211,67.6395770507227,66.6671217267691,63.1642175631218,67.6623357189915,67.4674455105655,49.0605929253101,63.7511017787018,69.68749332729,56.4399432732637,67.1232026751952,58.881229196684
47.418598750771,65.6599229692192,69.3402580785354,55.88540403794,58.582180672844,55.6421469167484,65.4134379385149,52.7761910711788,65.2724053937591,61.9221549721203,67.7886004172578,51.0729224750711,51.2893782273042,67.5208608979194,60.4965562963833,50.6314723647881,58.3008784482508,63.9820924268895,56.6498196794816,57.6150378415129,67.6395770507227,66.6671217267691,63.1642175631218,67.6623357189915,67.4674455105655,49.0672448180555,63.7511017787018,69.68749332729,56.4399432732637,67.1232026751952,58.881229196684
47.4187730615093,65.6599229692192,69.3402580785354,55.88540403794,58.582180672844,55.6421469167484,65.4134379385149,52.7767320105205,65.2750494228079,61.9221549721203,67.7886004172578,51.0729224750711,51.2911515186115,67.5208608979194,60.4965562963833,50.631527780216,58.3008784482508,63.9820924268895,56.6498196794816,57.6150378415129,67.6395770507227,66.6671217267691,63.1760396290552,67.6623357189915,67.4674455105655,49.0672448180555,63.7511017787018,69.68749332729,56.4399432732637,67.1232026751952,58.8892915195658
47.4187730615093,65.6599229692192,69.3402580785354,55.88540403794,58.582180672844,55.6421469167484,65.4134379385149,52.7767320105205,65.2750494228079,61.9221549721203,67.7886004172578,51.0730141100691,51.292222410915,67.5208608979194,60.4965562963833,50.631527780216,58.3008784482508,63.9820924268895,56.6498196794816,57.6185742396281,67.6395770507227,66.6688534380299,63.1760396290552,67.6623357189915,67.4674455105655,49.0832215451036,63.7517872393414,69.68749332729,56.4399432732637,67.1232026751952,58.8892915195658
47.4187730615093,65.6599229692192,69.3402580785354,55.88540403794,58.5828423664332,56.4867584811225,65.4134379385149,52.7767320105205,65.2750494228079,61.9221549721203,67.7919013080129,51.0730141100691,51.292222410915,67.5208608979194,60.4965562963833,50.631527780216,58.3008784482508,63.9949805434177,56.6498196794816,57.6707401462998,67.6395770507227,66.6688534380299,63.1951887127735,67.6623819101925,67.4674455105655,49.0921360364812,63.7517872393414,69.68749332729,56.4399432732637,67.1232026751952,58.9088226819777
47.4189009377249,65.6599229692192,69.3402580785354,55.88540403794,58.5828423664332,56.4867584811225,65.4134379385149,52.7767320105205,65.2758568204806,61.9222317629008,67.7919013080129,51.0735696385395,51.2959700377966,67.5208608979194,60.4965562963833,50.6315464587296,58.3008784482508,63.9949805434177,56.6498196794816,57.697372573986,67.6395770507227,66.6688534380299,63.1951887127735,67.6623819101925,67.4785219820257,49.0921360364812,63.7517872393414,69.68749332729,56.4399432732637,67.1232026751952,58.9088226819777
47.4189009377249,65.6599229692192,69.3410938516965,55.88540403794,58.5828423664332,56.4867584811225,65.4134379385149,52.7767320105205,65.2758568204806,61.9222317629008,67.7919013080129,51.0735696385395,51.2969492841305,67.5209337291678,60.4965562963833,50.6315464587296,58.3008784482508,63.9949805434177,56.6612947639522,57.697372573986,67.6395770507227,66.6688534380299,63.2817848472255,67.6623819101925,67.4785219820257,49.0921360364812,63.7517872393414,69.748003425091,56.4399432732637,67.1232026751952,58.9088226819777
47.4196806456697,65.6599229692192,69.3410938516965,55.88540403794,58.5860655620635,56.4867584811225,65.4134379385149,52.7767320105205,65.2758568204806,61.9222317629008,67.7919013080129,51.0738410859986,51.2969492841305,67.5209337291678,60.4965562963833,50.6315464587296,58.3008784482508,63.9949805434177,56.6612947639522,57.697372573986,67.6395770507227,66.6688534380299,63.2817848472255,67.6623819101925,67.4785219820257,49.1364922275163,63.7517872393414,69.748003425091,56.4399432732637,67.1232026751952,58.9173953975055
47.4196806456697,65.6599229692192,69.3427109891195,55.88540403794,58.5860655620635,56.4867584811225,65.4138247238317,52.7767320105205,65.2758568204806,61.9222317629008,67.7919013080129,51.0738410859986,51.2984465316695,67.5209337291678,60.4965562963833,50.6315464587296,58.3008784482508,63.9949805434177,56.6612947639522,57.697372573986,67.6395770507227,66.6688534380299,63.3381123520255,67.6623819101925,67.4785219820257,49.1364922275163,63.7517872393414,69.748003425091,56.4399432732637,67.1232026751952,58.9173953975055
47.4196806456697,65.6599229692192,69.3427109891195,55.88540403794,58.5860655620635,56.4867584811225,65.4138247238317,52.7767320105205,65.2758568204806,61.9222317629008,67.7919013080129,51.074231606352,51.2990199813404,67.5209337291678,60.4965562963833,50.6315478762382,58.3022514268695,63.9949805434177,56.6612947639522,57.7105105525026,67.6395770507227,66.6688534380299,63.3381123520255,67.6623819101925,67.4785219820257,49.1364922275163,63.7517872393414,69.748003425091,56.4399432732637,67.1232026751952,58.9173953975055
47.4196806456697,65.6599229692192,69.3453184734679,55.88540403794,58.5860655620635,56.4867584811225,65.4138247238317,52.7767320105205,65.2758568204806,61.9222317629008,67.7919013080129,51.074231606352,51.2990199813404,67.5209337291678,60.4965562963833,50.6315478762382,58.3022514268695,63.9949805434177,56.6612947639522,57.7105105525026,67.6395770507227,66.6688534380299,63.3381123520255,67.6623819101925,67.4785219820257,49.1364922275163,63.7520714018332,69.748003425091,56.4399432732637,67.1232026751952,58.9184762341855
47.4196806456697,65.6599229692192,69.3453184734679,55.88540403794,58.5860655620635,56.4867584811225,65.4138247238317,52.7767320105205,65.2765691983008,61.9222317629008,67.7919013080129,51.0744380553015,51.2990199813404,67.5211170505462,60.4969288092596,50.6315478762382,58.3022514268695,63.9949805434177,56.6612947639522,57.7227019388992,67.6453000218048,66.6688534380299,63.3381123520255,67.6623819101925,67.4785219820257,49.1364922275163,63.7520714018332,69.7574182694415,56.439996905906,67.1232026751952,58.9184762341855
47.4196806456697,65.6599229692192,69.3467925897022,55.88540403794,58.5860655620635,56.5972820625757,65.4149085908418,52.7767320105205,65.2765691983008,61.9222317629008,67.7919013080129,51.0744380553015,51.2990199813404,67.5211170505462,60.4969288092596,50.6315478762382,58.3034402202796,63.9949805434177,56.6612947639522,57.7227019388992,67.6453000218048,66.6688534380299,63.3381123520255,67.6623819101925,67.4785219820257,49.1364922275163,63.7520714018332,69.7574182694415,56.439996905906,67.1232026751952,58.9184762341855
47.4196806456697,65.6599229692192,69.3467925897022,55.88540403794,58.5860655620635,56.5972820625757,65.4149085908418,52.7776600644733,65.277538630277,61.9222317629008,67.7919013080129,51.0750174938363,51.2996254357051,67.5212311266105,60.4969288092596,50.6315478762382,58.3034402202796,63.9949805434177,56.6612947639522,57.7227019388992,67.6453000218048,66.6688534380299,63.3381123520255,67.6623819101925,67.4785219820257,49.1421568711239,63.7520714018332,69.7574182694415,56.439996905906,67.1232026751952,58.9188269678208
47.4197321400532,65.6599229692192,69.3467925897022,55.88540403794,58.5860655620635,56.7449608658017,65.4149085908418,52.7776600644733,65.277538630277,61.9222317629008,67.7919013080129,51.0750174938363,51.2997938584199,67.5212311266105,60.4969288092596,51.9882039821357,58.3034402202796,63.9949805434177,56.6612947639522,57.7261549206208,67.6453000218048,66.6688534380299,63.3569544972173,67.6623819101925,67.4785219820257,49.1421568711239,63.7520714018332,69.7574182694415,56.4401006247704,67.1232026751952,58.9188269678208
47.4197321400532,65.6599229692192,69.3493580957921,55.88540403794,58.5860655620635,56.7449608658017,65.4149085908418,52.7785185629236,65.280248991371,61.9222317629008,67.7919013080129,51.0756148553924,51.2997938584199,67.5212967930967,60.4969288092596,51.9882039821357,58.3046741542498,63.9949805434177,56.6612947639522,57.7261549206208,67.6453000218048,66.6688534380299,63.36165032215,67.6623819101925,67.4785219820257,49.1421568711239,63.7520714018332,69.7574182694415,56.4401006247704,67.1232026751952,58.9188269678208
47.4197321400532,65.6599229692192,69.3493580957921,55.88540403794,58.5860655620635,57.2378942330414,65.4149085908418,52.7785185629236,65.280248991371,61.9225194444744,67.7931994260492,51.0756148553924,51.3004493350121,67.5212967930967,60.4969288092596,51.9882039821357,58.3046741542498,63.9949805434177,56.6612947639522,57.7261549206208,67.6453000218048,66.6688534380299,63.36165032215,67.6623819101925,67.4785219820257,49.1432176933388,63.7522712867031,69.7574182694415,56.4401006247704,67.1232026751952,58.9188269678208
47.4197321400532,65.6599229692192,69.3532305786001,55.88540403794,58.5863010528911,57.2378942330414,65.4149085908418,52.7785185629236,65.2818450076014,61.9225194444744,67.7931994260492,51.0758642510131,51.3004493350121,67.5213334914222,60.4969288092596,51.9882039821357,58.3046741542498,63.9949805434177,56.6612947639522,57.7264853141935,67.6453000218048,66.6688534380299,63.36165032215,67.6623819101925,67.4785219820257,49.1432176933388,63.7522712867031,69.7574182694415,56.4402211232916,67.1253462736984,58.9188269678208
47.4197321400532,65.6599229692192,69.3532305786001,55.88540403794,58.5863010528911,57.3624273717061,65.416848650492,52.7785185629236,65.2818450076014,61.9225194444744,67.7931994260492,51.0758642510131,51.3007745086739,67.5213334914222,60.4969288092596,51.9882039821357,58.3046741542498,63.9949805434177,56.6612947639522,57.7264853141935,67.6453000218048,66.6688534380299,63.3714589224057,67.6623819101925,67.4785219820257,49.151573877994,63.7522712867031,69.7574182694415,56.4402211232916,67.1253462736984,58.9188269678208
47.4197321400532,65.6599229692192,69.3532305786001,55.88540403794,58.5863010528911,57.3624273717061,65.416848650492,52.7785243794319,65.291144240444,61.9225194444744,67.7947370478496,51.0759376007764,51.3033005828346,67.5213536162971,60.4969288092596,51.9882039821357,58.3046741542498,63.9949805434177,56.6612947639522,57.7288568092137,67.6453000218048,66.670811802866,63.3714589224057,67.6625821485959,67.4785219820257,49.151573877994,63.7522712867031,69.809000662511,56.4402211232916,67.1253462736984,58.9188269678208
47.4197321400532,65.6599229692192,69.3532305786001,55.88540403794,58.5863010528911,57.3624273717061,65.416848650492,52.7785243794319,65.291144240444,61.9225194444744,67.7947370478496,51.0759376007764,51.3033005828346,67.5213536162971,60.4969288092596,51.9882039821357,58.3106926594596,63.9953053258643,56.6612947639522,57.7288568092137,67.646546966473,66.670811802866,63.3856606656777,67.6625821485959,67.4785219820257,49.151573877994,63.7522712867031,69.809000662511,56.440909189455,67.1253462736984,58.9283120812184
47.4198352481216,65.6599229692192,69.3532305786001,55.88540403794,58.5863010528911,57.3624273717061,65.416848650492,52.7785243794319,65.2947929545039,61.9225194444744,67.7947370478496,51.0759376007764,51.3033005828346,67.5213645335268,60.4969288092596,51.9882039821357,58.3106926594596,63.9953053258643,56.6612947639522,57.7305511460748,67.646546966473,66.6719427929891,63.400864541643,67.6626190826959,67.4785219820257,49.151573877994,63.7522712867031,69.809000662511,56.440909189455,67.1253462736984,58.9283120812184
47.4198352481216,65.6599229692192,69.3532305786001,55.88540403794,58.5863010528911,57.3624273717061,65.416848650492,52.7785243794319,65.2947929545039,61.9226402269513,67.7947370478496,51.0759376007764,51.3034638726784,67.5213645335268,60.497168390784,51.9882039821357,58.3106926594596,63.9953053258643,56.6612947639522,57.7305511460748,67.646546966473,66.6719427929891,63.400864541643,67.6626190826959,67.4785219820257,49.151573877994,63.7524804764703,69.809000662511,56.4412989958615,67.1253462736984,58.9283120812184
47.4198352481216,65.6599229692192,69.3532305786001,55.88540403794,58.5863010528911,57.4686917684591,65.4287220207253,52.7787728965205,65.2947929545039,61.9226402269513,67.7947370478496,51.0764712838553,51.3034638726784,67.5213704235945,60.497168390784,54.7999093613213,58.3106926594596,63.9953053258643,56.6612947639522,57.7450333378489,67.646546966473,66.6719427929891,63.400864541643,67.6626190826959,67.4787760753539,49.151573877994,63.7524804764703,69.809000662511,56.4412989958615,67.1253462736984,58.9509068260402
47.4198352481216,65.6599229692192,69.3542778403035,55.88540403794,58.5863010528911,57.5489935853624,65.4287220207253,52.7787728965205,65.2947929545039,61.9226805129036,67.7947370478496,51.0764712838553,51.3064323561971,67.5213704235945,60.497168390784,54.7999093613213,58.3106926594596,64.0001746872781,56.6630387491462,57.7450333378489,67.6476869137112,66.6719427929891,63.400864541643,67.6626190826959,67.4787760753539,49.1799967259916,63.7524804764703,69.809000662511,56.4412989958615,67.1253462736984,58.9509068260402
47.4198352481216,65.6599229692192,69.3542778403035,55.88540403794,58.5863010528911,57.5489935853624,65.4287220207253,52.7792302497341,65.2947929545039,61.9226805129036,67.7947370478496,51.0776956458477,51.3064323561971,67.5213735949765,60.497168390784,54.7999093613213,58.3106926594596,64.0001746872781,56.6630387491462,57.7450333378489,67.6476869137112,66.6719427929891,63.402567770697,67.6626190826959,67.4787760753539,49.1799967259916,63.7524804764703,69.809000662511,56.4413971679304,67.1253462736984,58.9509068260402
47.4198352481216,65.6599229692192,69.3553883069508,55.88540403794,58.5865513613384,57.5489935853624,65.4287220207253,52.7792302497341,65.2947929545039,61.9226805129036,67.7953068237925,51.0776956458477,51.3078092570185,67.5213735949765,60.4972900479562,54.9191406466133,58.3106926594596,64.0001746872781,56.6630387491462,57.7473163689736,67.6476869137112,66.6719427929891,63.402567770697,67.6627104322358,67.4787760753539,49.1799967259916,63.7524804764703,69.8274406129346,56.4413971679304,67.1253462736984,58.9593944422573
47.4198352481216,65.6599229692192,69.3553883069508,55.88540403794,58.5865513613384,58.3200346017528,65.4287220207253,52.7792302497341,65.2947929545039,61.9226805129036,67.7953068237925,51.0778076362332,51.3108933620899,67.5213753029824,60.499772147698,54.9191406466133,58.3106926594596,64.0001746872781,56.6632789365915,57.7473163689736,67.6476869137112,66.6719427929891,63.402567770697,67.6627104322358,67.4787760753539,49.1940617667589,63.7524804764703,69.8274406129346,56.4413971679304,67.1253462736984,58.9593944422573
47.419897622121,65.6599229692192,69.3553883069508,55.88540403794,58.5865513613384,59.8631859482943,65.4287220207253,52.7796115435356,65.2947929545039,61.9316652748351,67.7953068237925,51.0778076362332,51.3108933620899,67.5213762246831,60.499772147698,55.9430833361601,58.3106926594596,64.0002515257644,56.6632789365915,57.7602175350746,67.6530454516498,66.6719427929891,63.402567770697,67.6627104322358,67.4789243153584,49.1940617667589,63.7524804764703,69.8274406129346,56.4413971679304,67.1253462736984,58.9593944422573
47.419897622121,65.6599229692192,69.3579152071101,55.88540403794,58.5867079162558,61.5106847082414,65.4287220207253,52.7796115435356,65.2947929545039,61.9316652748351,67.7959757648261,51.0786941677705,51.311476137017,67.5213762246831,60.499772147698,56.4845543270098,58.3106926594596,64.0002515257644,56.6632789365915,57.7602175350746,67.6530454516498,66.6719427929891,63.402567770697,67.6627104322358,67.4789243153584,49.1955134264791,63.7524804764703,69.8274406129346,56.4413971679304,67.1253462736984,58.9593944422573
47.419897622121,65.6599229692192,69.3647497303265,55.88540403794,58.5867079162558,62.4079725020056,65.4287220207253,52.7797292170003,65.2947929545039,61.9339083785228,67.7959757648261,51.0786941677705,53.7054542079629,67.5213814322901,60.5027740506291,56.4845543270098,58.3106926594596,64.0002515257644,56.6632789365915,57.7602175350746,67.6530454516498,66.6719427929891,63.4030167163878,67.6627141408255,67.4793602104656,49.1955134264791,63.7524804764703,69.8274406129346,56.4413971679304,67.1253462736984,58.9593944422573
47.419897622121,65.6599229692192,69.3647497303265,55.88540403794,58.5867079162558,62.4079725020056,65.4287220207253,52.7797292170003,65.2947929545039,61.9339083785228,67.7959757648261,51.0786941677705,53.7054542079629,67.5213814322901,60.5027740506291,56.4845543270098,58.3152393890053,64.0002515257644,56.6659581424658,57.7602175350746,67.6530454516498,66.6719427929891,63.4030167163878,67.6627141408255,67.4793602104656,49.1981535774661,63.7524804764703,69.8274406129346,56.4413971679304,67.1253462736984,58.9593944422573
47.4199484820268,65.6599229692192,69.3647497303265,55.88540403794,58.5867079162558,62.4079725020056,65.4287220207253,52.7797292170003,65.2950512782188,61.9339083785228,67.7959757648261,51.0789428361146,53.7054542079629,67.5213814322901,60.5027740506291,56.4845543270098,58.3152393890053,64.0002515257644,56.6659581424658,57.7726382527193,67.6530454516498,66.6719427929891,63.404681192901,67.6627141408255,67.4793602104656,49.1981535774661,63.7524804764703,69.827661869778,56.4414937472056,67.1253462736984,58.9593944422573
47.4199484820268,65.6599229692192,69.366913970392,55.88540403794,58.5867079162558,62.8266471795156,65.4287220207253,52.7797292170003,65.2950512782188,61.9339083785228,67.7959757648261,51.0789428361146,54.0955493352633,67.5213814322901,60.5027740506291,56.4845543270098,58.3152393890053,64.0002515257644,56.6659581424658,57.7726382527193,67.6530454516498,66.6719427929891,63.404681192901,67.6627141408255,67.4793602104656,49.2464107367338,63.7524804764703,69.827661869778,56.4414937472056,67.1253462736984,58.9593944422573
47.4199564513644,65.6599229692192,69.366913970392,55.88540403794,58.5867962154219,62.9784524747388,65.4287220207253,52.7797292170003,65.2989654704327,61.9339083785228,67.7959757648261,51.079292986802,54.0955493352633,67.5213814322901,60.5027740506291,56.4845543270098,58.3152393890053,64.0002515257644,56.6659581424658,57.778734157738,67.6530454516498,66.6719427929891,63.404681192901,67.6627141408255,67.4793602104656,49.2464107367338,63.7524804764703,69.827661869778,56.4414937472056,67.1253462736984,58.9593944422573
47.4200249143556,65.6599229692192,69.366913970392,55.88540403794,58.5868391405992,62.9784524747388,65.4287220207253,52.7797706524567,65.2989654704327,61.9339083785228,67.7963853712394,51.079292986802,54.0955493352633,67.5214700367941,60.5027740506291,56.4845543270098,58.3152393890053,64.0002515257644,56.6683606454767,57.778734157738,67.6530454516498,66.6719427929891,63.404681192901,67.6627705750815,67.4793602104656,49.2709354790737,63.7524804764703,69.827661869778,56.4415116034958,67.1253462736984,58.9593944422573
47.4200249143556,65.6599229692192,69.3677090123258,55.88540403794,58.5868391405992,62.9784524747388,65.4287220207253,52.7797706524567,65.2989654704327,61.9339083785228,67.7963853712394,51.0794986904808,55.133215268271,67.5215753777928,60.5027740506291,56.4845543270098,58.3152393890053,64.0002515257644,56.6683606454767,57.778734157738,67.6530454516498,66.6719427929891,63.404681192901,67.6627705750815,67.4793602104656,49.2709354790737,63.7524804764703,69.827661869778,56.4415116034958,67.1253462736984,58.9593944422573
47.4200249143556,65.6599229692192,69.3677090123258,55.88540403794,58.5868391405992,63.0003627415047,65.4287220207253,52.7797706524567,65.2989654704327,61.9383093408321,67.7963853712394,51.0794986904808,58.1153158595796,67.5215753777928,60.5027740506291,56.8575482514304,58.3152393890053,64.0002515257644,56.6683606454767,57.785461805691,67.6530454516498,66.6719427929891,63.404681192901,67.6627705750815,67.4793602104656,49.2737904980706,63.7524804764703,69.827661869778,56.4415116034958,67.1253462736984,58.9593944422573
47.4200249143556,65.6599229692192,69.3708511512526,55.88540403794,58.5868391405992,63.2669165755774,65.4287220207253,52.7797706524567,65.2989654704327,61.9383093408321,67.7968749376835,51.079737976501,58.1153158595796,67.5216366858546,60.5030713309619,58.7580529418559,58.3152393890053,64.0002515257644,56.6696112042,57.785461805691,67.6530454516498,66.6719427929891,63.404681192901,67.6627705750815,67.4824624764722,49.2737904980706,63.7524804764703,69.827661869778,56.4415116034958,67.1253462736984,58.9593944422573
47.4200308937716,65.6599229692192,69.3708511512526,55.88540403794,58.5868391405992,63.2669165755774,65.4287220207253,52.7801819302765,65.2989654704327,61.9383093408321,67.7968749376835,51.079737976501,58.7964683783169,67.5216366858546,60.5030713309619,58.7580529418559,58.3152393890053,64.0002515257644,56.6696112042,57.7858856244956,67.6530454516498,66.6719427929891,63.404681192901,67.6627705750815,67.4824624764722,49.2920048363504,63.7524804764703,69.827661869778,56.4415116034958,67.1253462736984,58.9593944422573
47.4200308937716,65.6599229692192,69.3750699973399,55.88540403794,58.5868391405992,63.2669165755774,65.4287220207253,52.7801819302765,65.2989654704327,61.9383093408321,67.7971372957166,51.0798401121177,58.7964683783169,67.5216708901109,60.5030713309619,58.7580529418559,58.3152393890053,64.0002515257644,56.6696112042,57.7858856244956,67.6530454516498,66.6719427929891,63.404681192901,67.6627705750815,67.4824624764722,49.2920048363504,63.7524804764703,69.827661869778,56.4415116034958,67.1253462736984,58.9593944422573
47.4200308937716,65.6599229692192,69.3750699973399,55.88540403794,58.5868391405992,63.8331315534051,65.4287220207253,52.7801819302765,65.2989654704327,61.9465496975144,67.7971372957166,51.0798401121177,59.5961037349134,67.5216893638099,60.5030713309619,58.7580529418559,58.3152393890053,64.0002515257644,56.6696112042,57.7858856244956,67.6530454516498,66.6719427929891,63.404681192901,67.6627705750815,67.4824624764722,49.3040763268967,63.7524804764703,69.827661869778,56.4415116034958,67.1253462736984,58.9618837224665
47.4200308937716,65.6599229692192,69.3788499758586,55.88540403794,58.5868391405992,64.0876964427354,65.4287220207253,52.7804046293106,65.2989654704327,61.9465496975144,67.7971372957166,51.0798401121177,60.5897989664741,67.5216893638099,60.5030713309619,58.7580529418559,58.3152393890053,64.0002515257644,56.6702422047873,57.7858856244956,67.6530454516498,66.6719427929891,63.404681192901,67.6627705750815,67.4824624764722,49.3040763268967,63.7524804764703,69.827661869778,56.4415223248819,67.1253462736984,58.9618837224665
47.4200308937716,65.6599229692192,69.3788499758586,55.88540403794,58.5868490044485,65.249648533948,65.4287220207253,52.7804046293106,65.2989654704327,61.9465496975144,67.7972773172727,51.0801232493529,60.6503425084431,67.5216990930535,60.5030713309619,58.7580529418559,58.3152393890053,64.0002515257644,56.6702422047873,57.7858856244956,67.6530454516498,66.6719427929891,63.404681192901,67.6627705750815,67.4824624764722,49.3178158020647,63.7524804764703,69.827661869778,56.4415958157698,67.1253462736984,58.9618837224665
47.4200308937716,65.6599229692192,69.3808183410144,55.88540403794,58.5868490044485,65.249648533948,65.4287220207253,52.7804046293106,65.2989654704327,61.9465496975144,67.7972773172727,51.0801232493529,60.6503425084431,67.5217041030195,60.5048124836919,58.7580529418559,58.3152393890053,64.0027762042172,56.6702422047873,57.7858856244956,67.6530454516498,66.6719427929891,63.4166550090486,67.6627705750815,67.4824624764722,49.3178158020647,63.7525620562595,69.827661869778,56.4415958157698,67.1253462736984,58.9671306932732
47.4200308937716,65.6599229692192,69.3808183410144,55.88540403794,58.5868490044485,65.7110847652467,65.4287220207253,52.780481318073,65.2989654704327,61.9465496975144,67.7981395412135,51.0805788987609,60.6613122496984,67.5217041030195,60.5048124836919,58.7580529418559,58.3152393890053,64.0027762042172,56.670548728883,57.7874808409978,67.6530454516498,66.6719427929891,63.4218595286908,67.6627705750815,67.4837650124595,49.3333635384738,63.7525620562595,69.827661869778,56.4415958157698,67.1253462736984,58.9671306932732
47.4200358783059,65.6599229692192,69.3854441422483,55.88540403794,58.5868490044485,66.1998928098967,65.4287220207253,52.780481318073,65.2989654704327,61.9465496975144,67.7981395412135,51.0805788987609,60.6613122496984,67.5217066193554,60.5048124836919,58.7580529418559,58.3152393890053,64.0027762042172,56.670548728883,57.7874808409978,67.6530454516498,66.6719427929891,63.4218595286908,67.6627705750815,67.4837650124595,49.3333635384738,63.7525620562595,69.827661869778,56.4415958157698,67.1253462736984,58.9671306932732
47.4200358783059,65.6599229692192,69.3854441422483,55.88540403794,58.5868490044485,66.1998928098967,65.4287220207253,52.780481318073,65.2990620563416,61.9465496975144,67.7981395412135,51.0808975896289,60.7887176292407,67.521707841278,60.5048124836919,58.7580529418559,58.3152393890053,64.0027762042172,56.670548728883,57.7890808137074,67.6530454516498,66.6719427929891,63.4282749260475,67.6627705750815,67.4837650124595,49.362528967124,63.7525620562595,69.8295526542316,56.4416130606501,67.1253462736984,58.9692082211501
47.4200485462598,65.6599229692192,69.3858579315253,55.88540403794,58.5868490044485,66.1998928098967,65.4287220207253,52.7804832282771,65.2990620563416,61.9465496975144,67.7982444588671,51.0808975896289,60.7887176292407,67.521707841278,60.5048124836919,58.7910000328871,58.3152393890053,64.0033432775694,56.670548728883,57.7890808137074,67.6560120859298,66.6719427929891,63.4282749260475,67.6627705750815,67.4837650124595,49.362528967124,63.7525620562595,69.8295526542316,56.4416130606501,67.1253462736984,58.9692082211501
47.420051035124,65.6599229692192,69.3858579315253,55.88540403794,58.586851582664,66.231615470946,65.4287220207253,52.7804832282771,65.2990620563416,61.9465496975144,67.7982444588671,51.0813179481998,60.7887176292407,67.521708403786,60.5059289706925,58.7910000328871,58.3152393890053,64.0033432775694,56.6706893502504,57.7898909171859,67.6560120859298,66.6719427929891,63.4282749260475,67.6627705750815,67.4837650124595,49.3897578622488,63.7525620562595,69.8295526542316,56.4416130606501,67.1253462736984,58.9692082211501
47.420051035124,65.6599229692192,69.3892690644792,55.88540403794,58.586851582664,66.2954107339992,65.4287220207253,52.7804886967802,65.2990620563416,61.9466477940477,67.7982444588671,51.0813179481998,60.9255657632914,67.521708403786,60.5059289706925,58.9941526004598,58.3152393890053,64.0033432775694,56.6706893502504,57.7898909171859,67.6560120859298,66.6719427929891,63.4323818440525,67.6627705750815,67.4837650124595,49.3897578622488,63.7525620562595,69.8295526542316,56.4416130606501,67.1253462736984,58.9717640416511
47.4200942282138,65.6599229692192,69.3892690644792,55.88540403794,58.5869255724763,66.2954107339992,65.4287220207253,52.7804886967802,65.2990620563416,61.9466477940477,67.7985835261191,51.0813179481998,60.9255657632914,67.5217086384391,60.5078555188814,59.2296403841619,58.3152393890053,64.0033432775694,56.6706893502504,57.7898909171859,67.6560120859298,66.6719427929891,63.4323818440525,67.6627705750815,67.487737671823,49.4945967882375,63.7525620562595,69.8295526542316,56.4416130606501,67.1253462736984,58.9717640416511
47.4201157648585,65.6599229692192,69.392250128756,55.88540403794,58.5869255724763,66.2954107339992,65.4287220207253,52.7805356726227,65.2990620563416,61.9466477940477,67.7985835261191,51.0814092444891,61.0016894085825,67.5217087158989,60.5079146947335,59.2296403841619,58.3152393890053,64.0033432775694,56.6707474554585,57.8049070800421,67.6560120859298,66.6719427929891,63.4323818440525,67.6627705750815,67.487737671823,49.4945967882375,63.7525620562595,69.8407523439887,56.4416130606501,67.1253462736984,58.9717640416511
47.4201157648585,65.6599229692192,69.392250128756,55.88540403794,58.5872010455339,66.2954107339992,65.4287220207253,52.7805356726227,65.2990620563416,61.9466477940477,67.7991715835097,51.0814092444891,61.0016894085825,67.5217087158989,60.5079146947335,59.2296403841619,58.3152393890053,64.0033432775694,56.6707474554585,57.8049070800421,67.6560120859298,66.6719427929891,63.4333982048313,67.6627705750815,67.487737671823,49.5597469424034,63.7525620562595,69.8407523439887,56.4416130606501,67.1253462736984,58.9717640416511
47.4201157648585,65.6599229692192,69.3924893159029,55.88540403794,58.5872010455339,66.3081191618771,65.4287220207253,52.7805356726227,65.2990620563416,61.9466477940477,67.7991715835097,51.0816375208598,61.0461089665635,67.5217087224473,60.5079146947335,59.3325784673744,58.3152393890053,64.0033432775694,56.6707474554585,57.8149194532014,67.6560120859298,66.6719427929891,63.4334125650728,67.6627705750815,67.4927615444723,49.5597469424034,63.7525620562595,69.8407523439887,56.4416130606501,67.125559054878,58.9717640416511
47.420121260859,65.6599229692192,69.3924893159029,55.88540403794,58.5872010455339,66.3081191618771,65.4287220207253,52.7806716978145,65.2990620563416,61.9469007505938,67.7991715835097,51.0816375208598,61.0461089665635,67.5217087224473,60.5079146947335,59.3325784673744,58.3152393890053,64.0033432775694,56.6736449401882,57.8281591126227,67.6560120859298,66.6719427929891,63.4334125650728,67.6627705750815,67.4927615444723,49.5808846379347,63.7525620562595,69.8574249784538,56.4416130606501,67.125559054878,58.9717640416511
47.420121260859,65.6599229692192,69.3924893159029,55.88540403794,58.5872010455339,66.6058519749507,65.4287220207253,52.7806716978145,65.2990620563416,61.9469007505938,67.7991715835097,51.0816655723971,61.0863699831106,67.5217087224473,60.5079146947335,59.3325784673744,58.3152393890053,64.0033432775694,56.6736449401882,57.8281591126227,67.6560120859298,66.6719427929891,63.4334125650728,67.6627705750815,67.4927615444723,49.5808846379347,63.7525620562595,69.8574249784538,56.4416130606501,67.125559054878,58.9717640416511
47.420121260859,65.6599229692192,69.3934035052877,55.88540403794,58.5873191607081,66.6058519749507,65.4287220207253,52.7808242527278,65.2990620563416,61.9469007505938,67.7991715835097,51.0816655723971,61.1505047668482,67.5217087224473,60.5079146947335,59.3325784673744,58.3152393890053,64.0033432775694,56.6736449401882,57.8503387804486,67.6560120859298,66.6719427929891,63.4341990883823,67.6627705750815,67.4927615444723,49.5808846379347,63.7525620562595,69.8574249784538,56.4416130606501,67.125559054878,58.9717640416511
47.4201577517261,65.6599229692192,69.3934035052877,55.88540403794,58.5873191607081,66.6058519749507,65.4287220207253,52.7808242527278,65.299131598282,61.94933962771,67.7991715835097,51.0817316137674,61.2453053688156,67.5217087224473,60.5079146947335,59.3325784673744,58.3152393890053,64.0033432775694,56.6736449401882,57.8503387804486,67.6563243615424,66.6719427929891,63.4341990883823,67.6627705750815,67.4927615444723,49.5808846379347,63.7525620562595,69.8912101225509,56.4417316701576,67.125559054878,58.9717640416511
47.4201577517261,65.6599229692192,69.3934035052877,55.88540403794,58.5875493347905,66.6058519749507,65.4287220207253,52.7808242527278,65.299131598282,61.94933962771,67.7991715835097,51.0817316137674,61.3320159724102,67.5217087224473,60.5079146947335,59.3432121606951,58.3152393890053,64.0034171204753,56.6736449401882,57.8503387804486,67.6563243615424,66.6719427929891,63.4353419043667,67.6627705750815,67.4927615444723,49.6876876725836,63.7525620562595,69.8912101225509,56.4417591113535,67.125559054878,58.9798656380013
47.4201684560812,65.6599229692192,69.3934035052877,55.88540403794,58.5875493347905,66.6058519749507,65.4287220207253,52.7808242527278,65.299131598282,61.94933962771,67.799693366663,51.0817316137674,61.3762288666193,67.5217087457514,60.5079146947335,59.3574931739535,58.3189094602697,64.0034171204753,56.6736449401882,57.8678326309004,67.6563243615424,66.6719427929891,63.4353419043667,67.6627705750815,67.4955634318703,49.6876876725836,63.7525620562595,69.8912101225509,56.4417591113535,67.125559054878,58.9798656380013
47.4201684560812,65.6599229692192,69.3998660711873,55.88540403794,58.5882596966172,66.9638852466416,65.4287220207253,52.7808242527278,65.299131598282,61.9498157949034,67.799693366663,51.0818453515695,61.3762288666193,67.5217087457514,60.5080651744612,59.3586916397094,58.3189094602697,64.0034171204753,56.6736449401882,57.8678326309004,67.6563243615424,66.6719427929891,63.4353419043667,67.6627705750815,67.4955634318703,49.729908360575,63.7525620562595,69.9076906354835,56.4417591113535,67.125559054878,58.9798656380013
47.4202031820588,65.6599229692192,69.3998660711873,55.88540403794,58.5882596966172,66.9638852466416,65.4287220207253,52.7808242527278,65.299131598282,61.9498157949034,67.799693366663,51.0818453515695,61.3762288666193,67.5217090325549,60.5080651744612,59.3586916397094,58.3189094602697,64.0034171204753,56.6736449401882,57.8768039871501,67.6563243615424,66.6719427929891,63.4353419043667,67.6627705750815,67.4955634318703,49.729908360575,63.7525620562595,69.9076906354835,56.4418072274621,67.1258463299422,58.9798656380013
47.4202031820588,65.6599229692192,69.3998660711873,55.88540403794,58.5891081565868,66.9638852466416,65.4287220207253,52.7808242527278,65.299198607856,61.9498157949034,67.799693366663,51.0822881160898,61.3762288666193,67.5217092415974,60.5080651744612,59.3586916397094,58.3189094602697,64.0034171204753,56.6736449401882,57.895132703278,67.6563243615424,66.6719427929891,63.4353419043667,67.6627705750815,67.4955634318703,49.8287796064478,63.7525620562595,69.9076906354835,56.4418072274621,67.1258463299422,58.9856226964003
47.4202212474477,65.6599229692192,69.3998660711873,55.88540403794,58.5891081565868,67.1492322323353,65.4287220207253,52.7808242527278,65.299198607856,61.9498157949034,67.7997106457598,51.0822881160898,61.3900406417763,67.5217092415974,60.5080651744612,59.3586916397094,58.3189094602697,64.0034171204753,56.6736449401882,57.895132703278,67.6563243615424,66.6719427929891,63.4353419043667,67.6627705750815,67.4955634318703,49.8287796064478,63.7525620562595,69.9076906354835,56.4418072274621,67.1258463299422,58.9856226964003
47.4202212474477,65.6599229692192,69.3999709019284,55.88540403794,58.5896342879057,67.1492322323353,65.4287220207253,52.7809147944661,65.299198607856,61.9498157949034,67.7997106457598,51.0823994664908,61.3900406417763,67.5217093940169,60.5080651744612,59.7112348915789,58.3189094602697,64.0188884849442,56.6736449401882,57.9251315681931,67.6563243615424,66.6719427929891,63.4353419043667,67.6627705750815,67.4955634318703,49.8455482921024,63.7525620562595,69.9076906354835,56.4418072274621,67.1258463299422,58.9856226964003
47.4202389160095,65.6599229692192,69.3999709019284,55.88540403794,58.5899540242673,67.259765047051,65.4287220207253,52.7809147944661,65.2992613592426,61.9498157949034,67.8003501806244,51.0823994664908,61.3900406417763,67.52170950518,60.5080651744612,59.7674554404202,58.3189094602697,64.0188884849442,56.6736449401882,57.9251315681931,67.6563243615424,66.6719427929891,63.4353419043667,67.6627705750815,67.4955634318703,49.8455482921024,63.7525620562595,69.9076906354835,56.4418072274621,67.1263267118299,58.9886403379207
47.4202389160095,65.6599229692192,69.403135071049,55.88540403794,58.5899540242673,67.2989044900345,65.4287220207253,52.7809147944661,65.2992613592426,61.9498157949034,67.8003501806244,51.0823994664908,61.4854660336245,67.52170950518,60.5080651744612,59.7674554404202,58.3189094602697,64.0188884849442,56.6781520776241,57.9251315681931,67.6563243615424,66.6719427929891,63.4366835696153,67.6627705750815,67.4955634318703,49.8455482921024,63.7525620562595,69.9076906354835,56.4420089921262,67.1263267118299,58.9886403379207
47.4202657039139,65.6599229692192,69.403135071049,55.88540403794,58.590225336673,68.0099388103483,65.4287220207253,52.7810185720928,65.2992613592426,61.9498157949034,67.8003501806244,51.0823994664908,61.4854660336245,67.5217223116496,60.5080651744612,59.7674554404202,58.3189094602697,64.0218954323812,56.6781520776241,57.9295789182443,67.6563243615424,66.6719427929891,63.4366835696153,67.6627705750815,67.4955634318703,49.8455482921024,63.7525620562595,69.9145543351409,56.4420089921262,67.1263267118299,58.9886403379207
47.4202657039139,65.6599229692192,69.403135071049,55.88540403794,58.590225336673,68.0099388103483,65.4287220207253,52.7810185720928,65.2992613592426,61.9498157949034,67.8003501806244,51.0823994664908,61.4854660336245,67.5217223116496,60.5081080982627,59.7940114884637,58.3189094602697,64.0218954323812,56.6781520776241,57.9295789182443,67.6563243615424,66.6719427929891,63.4366835696153,67.6627705750815,67.4956714366096,49.9474556202354,63.7525620562595,69.9145543351409,56.4420089921262,67.1263267118299,58.9886403379207
47.4202657039139,65.6599229692192,69.403135071049,55.88540403794,58.590357440904,68.0099388103483,65.4287220207253,52.7810185720928,65.2992613592426,61.9498157949034,67.8003501806244,51.0823994664908,61.4854660336245,67.5217333696304,60.5081080982627,59.8309858887888,58.3189094602697,64.0218954323812,56.6819020384887,57.9295789182443,67.6563243615424,66.6719427929891,63.4374544194712,67.6627705750815,67.4956714366096,49.9474556202354,63.7525620562595,69.9145543351409,56.4420089921262,67.1263267118299,58.9886403379207
47.4202881635598,65.6599229692192,69.403135071049,55.88540403794,58.590357440904,68.0099388103483,65.4287220207253,52.7810185720928,65.2992613592426,61.9498157949034,67.8004647039,51.0823994664908,61.4854660336245,67.5217333696304,60.5087058265089,59.8545000507028,58.3189094602697,64.0218954323812,56.6819020384887,57.9295789182443,67.6591576851415,66.6719427929891,63.4374544194712,67.6627705750815,67.4956714366096,50.0587457018037,63.7525620562595,69.9145543351409,56.4420089921262,67.1263267118299,58.9886403379207
47.4202881635598,65.6599229692192,69.403135071049,55.88540403794,58.5903657853242,68.0099388103483,65.4287220207253,52.7810269866504,65.2992613592426,61.9498157949034,67.8004647039,51.0824334496488,61.5760170525166,67.5217741927306,60.5087058265089,59.8793636896207,58.3189094602697,64.0218954323812,56.6819020384887,57.9295789182443,67.6591576851415,66.6719427929891,63.4374544194712,67.6627705750815,67.4956714366096,50.0587457018037,63.7525620562595,69.9145543351409,56.4420089921262,67.1263267118299,58.990545090282
47.4203072318584,65.6599229692192,69.403135071049,55.88540403794,58.5903657853242,68.0099388103483,65.4287220207253,52.7810269866504,65.2992613592426,61.9498157949034,67.8004647039,51.0824334496488,61.5760170525166,67.5217974830092,60.5093879294733,59.8858311685697,58.3201519172617,64.0218954323812,56.689508798394,57.9295789182443,67.6591576851415,66.6719427929891,63.4374544194712,67.6627705750815,67.4956714366096,50.0587457018037,63.7525620562595,69.9145543351409,56.4421082584361,67.1263267118299,58.990545090282
47.4203072318584,65.6599229692192,69.403135071049,55.88540403794,58.5903657853242,68.1044818398183,65.4287220207253,52.7810269866504,65.2992613592426,61.9498157949034,67.8004647039,51.0824334496488,61.6105332949649,67.5217974830092,60.5093879294733,59.8901762524535,58.3201519172617,64.0218954323812,56.689508798394,57.9295789182443,67.6591576851415,66.6719427929891,63.4381483684702,67.6627705750815,67.4956714366096,50.1759706637278,63.7525620562595,69.9145543351409,56.4421082584361,67.1263267118299,58.990545090282
47.4203209562979,65.6599229692192,69.403135071049,55.88540403794,58.5906795086139,68.1044818398183,65.4287220207253,52.7810269866504,65.2992613592426,61.9498157949034,67.8004647039,51.0824334496488,61.6156365819604,67.5217974830092,60.509475211561,59.9227488680279,58.3217128679326,64.0218954323812,56.689508798394,57.9295789182443,67.6591576851415,66.6719427929891,63.4381483684702,67.6627705750815,67.4956714366096,50.1759706637278,63.7525620562595,69.9145543351409,56.4421082584361,67.1263267118299,58.990545090282
47.4203209562979,65.6599229692192,69.403135071049,55.88540403794,58.5906795086139,68.1044818398183,65.4287220207253,52.7810818730239,65.3007360334589,61.9498157949034,67.8004647039,51.0824334496488,61.6156365819604,67.5218234608661,60.509475211561,59.9227488680279,58.3217128679326,64.0218954323812,56.694081676829,57.930895402919,67.6591576851415,66.6719427929891,63.4381483684702,67.6627705750815,67.4956714366096,50.2130584181569,63.7525620562595,69.9145543351409,56.4421082584361,67.1263267118299,58.990545090282
47.4203369203046,65.6599229692192,69.403135071049,55.88540403794,58.5906795086139,68.1044818398183,65.4287220207253,52.7810818730239,65.3007360334589,61.9498157949034,67.8004647039,51.0825887576207,61.6322816295349,67.5218341459072,60.509475211561,59.9293645122046,58.3231225682598,64.0218954323812,56.694081676829,57.930895402919,67.6591576851415,66.6719427929891,63.4383888450546,67.6627705750815,67.4956714366096,50.2130584181569,63.7525620562595,69.9145543351409,56.4421082584361,67.1263267118299,58.990545090282
47.4203369203046,65.6599229692192,69.403135071049,55.88540403794,58.5909316427532,68.5590235109591,65.4287220207253,52.781124903293,65.3007360334589,61.9498157949034,67.8004647039,51.0825887576207,61.6322816295349,67.5218341459072,60.5097075943746,59.9355091584637,58.3231225682598,64.0218954323812,56.694081676829,57.939875639431,67.6592455628441,66.6719427929891,63.4383888450546,67.6627705750815,67.4956714366096,50.2594712267251,63.7525620562595,69.9145543351409,56.4421082584361,67.1263267118299,58.990545090282
47.4203539112249,65.6599229692192,69.403135071049,55.88540403794,58.5909316427532,68.5590235109591,65.4423368726883,52.781124903293,65.3010005162266,61.9498157949034,67.8004647039,51.0825887576207,61.6322816295349,67.5218372491451,60.5097075943746,59.9355091584637,58.324049525388,64.0218954323812,56.6987843802418,57.9490049447608,67.6592455628441,66.6719427929891,63.4383888450546,67.6627705750815,67.4956714366096,50.2594712267251,63.7525620562595,69.9145543351409,56.4421082584361,67.1263267118299,58.990545090282
47.4203539112249,65.6599229692192,69.403135071049,55.88540403794,58.5909316427532,68.5590235109591,65.4423368726883,52.7811277251482,65.3010005162266,61.9498157949034,67.8004647039,51.082659982627,61.6330821379785,67.5218938989554,60.5097075943746,59.9461386653504,58.324049525388,64.0218954323812,56.6987843802418,57.9490049447608,67.6592455628441,66.6719427929891,63.4383888450546,67.6627705750815,67.4956714366096,50.2594712267251,63.7525620562595,69.9145543351409,56.4421082584361,67.1263267118299,58.990545090282
47.4203599271813,65.6599229692192,69.403135071049,55.88540403794,58.5912655451755,68.5590235109591,65.4423368726883,52.7811277251482,65.3010005162266,61.9498157949034,67.8004647039,51.082659982627,61.6330821379785,67.5218938989554,60.5097075943746,59.9555308418809,58.324049525388,64.0218954323812,56.6987843802418,58.0147490868898,67.6612572156196,66.6719427929891,63.4387277498757,67.6627705750815,67.4956714366096,50.2594712267251,63.7525620562595,69.9162944693393,56.4421082584361,67.1263267118299,58.9909578708461
47.4203599271813,65.6599229692192,69.403135071049,55.88540403794,58.5912655451755,68.5590235109591,65.4423368726883,52.7811277251482,65.3010005162266,61.9498157949034,67.8004647039,51.082659982627,61.6330821379785,67.5218938989554,60.5097075943746,59.9555308418809,58.324049525388,64.0218954323812,56.6987843802418,58.0157974909543,67.6612572156196,66.6719427929891,63.4387277498757,67.6627705750815,67.4956714366096,50.2772714486169,63.7525620562595,69.9162944693393,56.4421082584361,67.1263267118299,58.9909578708461
47.4203617656467,65.6599229692192,69.403135071049,55.88540403794,58.5912655451755,68.5590235109591,65.4423368726883,52.7811508863536,65.3010005162266,61.9498157949034,67.8004704501115,51.082659982627,61.639629572455,67.5219759627739,60.5097075943746,59.9557580044257,58.324049525388,64.0231137476901,56.7046802172483,58.2407093901797,67.6612572156196,66.6719427929891,63.4387277498757,67.6627705750815,67.4956714366096,50.2772714486169,63.7525620562595,69.9190027016454,56.4421638551718,67.1263267118299,58.9909578708461
47.4203617656467,65.6599229692192,69.403135071049,55.88540403794,58.5914614206865,68.5590235109591,65.4423368726883,52.7811508863536,65.3010633378606,61.9498157949034,67.8004704501115,51.082659982627,61.6404203933442,67.5219759627739,60.5097075943746,59.9558365080324,58.324049525388,64.0231137476901,56.7046802172483,58.2407093901797,67.6673434197297,66.6719427929891,63.4387277498757,67.6627757248639,67.4956714366096,50.2772714486169,63.7525620562595,69.9190027016454,56.4421638551718,67.1263267118299,58.9910737615447
47.4203617656467,65.6599229692192,69.403135071049,55.88540403794,58.5914614206865,68.5590235109591,65.4423368726883,52.7811542953528,65.3010633378606,61.9498157949034,67.8006056555968,51.0826700477817,61.6404203933442,67.5220203126231,60.5097392204349,59.958209016417,58.324049525388,64.0231137476901,56.7046802172483,58.2407093901797,67.6673434197297,66.6719427929891,63.4389142229843,67.6628026512345,67.4956714366096,50.2772714486169,63.7525620562595,69.9190027016454,56.4421967967269,67.1266834099659,58.9910737615447
47.4203677306155,65.6599229692192,69.403135071049,55.88540403794,58.5915761891338,68.5590235109591,65.4423368726883,52.7811542953528,65.3010633378606,61.9498157949034,67.8006056555968,51.0826700477817,61.6404203933442,67.5221010238483,60.5097392204349,59.958209016417,58.3243199272714,64.0246657461245,56.7046802172483,58.2846205537406,67.6673434197297,66.6719427929891,63.4389142229843,67.6628026512345,67.4956714366096,50.2772714486169,63.7525620562595,69.9209461086794,56.4422412127855,67.1266834099659,58.9910737615447
47.4203677306155,65.6599229692192,69.403135071049,55.88540403794,58.5915761891338,68.6623309797956,65.4423368726883,52.7811881864477,65.3010633378606,61.9498157949034,67.8011265977148,51.0826700477817,61.6420739356928,67.5221010238483,60.5097573681671,59.9584524778088,58.3243199272714,64.0246657461245,56.7195640567452,58.2846205537406,67.6696005565093,66.6719427929891,63.4392093169452,67.6628026512345,67.4956714366096,50.2853965150792,63.7525620562595,69.9209461086794,56.4422412127855,67.1266834099659,58.9910737615447
47.4203811261353,65.6599229692192,69.403135071049,55.88540403794,58.5916422367801,68.6623309797956,65.4423368726883,52.7811881864477,65.3010633378606,61.9498157949034,67.8011265977148,51.0826700477817,61.6420739356928,67.5221010238483,60.5103639674829,59.9626955242532,58.3243199272714,64.0246657461245,56.7195640567452,58.2846205537406,67.6696005565093,66.6719427929891,63.4392093169452,67.6628026512345,67.4956714366096,50.2853965150792,63.7525620562595,69.9223332489562,56.4422709998984,67.1302828975625,58.9910737615447
47.4203811261353,65.6599229692192,69.403135071049,55.88540403794,58.5917407234882,68.7458975286188,65.4423368726883,52.7812229041954,65.3011225043081,61.9498157949034,67.801743058853,51.0826700477817,61.6444276636418,67.5221010238483,60.5103639674829,59.9649686720565,58.3316990621674,64.0284333993984,56.7195640567452,58.2846205537406,67.6696005565093,66.6719427929891,63.4393895262339,67.6628026512345,67.4956714366096,50.2853965150792,63.7525620562595,69.9223332489562,56.4422906410959,67.1302828975625,58.9932376808844
47.4203811261353,65.6599229692192,69.403135071049,55.88540403794,58.5917407234882,68.7458975286188,65.4423368726883,52.7812229041954,65.3011225043081,61.9498157949034,67.801743058853,51.0826700477817,61.6444276636418,67.5221010238483,60.5109276734146,59.965932398761,58.3316990621674,64.0284333993984,56.7243042222306,58.2846205537406,67.6696005565093,66.6719427929891,63.4393895262339,67.6628026512345,67.4956714366096,50.2853965150792,63.7525620562595,69.9223332489562,56.4422906410959,67.1302828975625,58.9932376808844
47.4203907601279,65.6599229692192,69.403135071049,55.88540403794,58.5917407234882,68.7458975286188,65.4423368726883,52.7812229041954,65.3011742110246,61.9498157949034,67.8020342478762,51.0826700477817,61.6454958106026,67.5221010238483,60.5109300438127,59.9678809381685,58.3316990621674,64.0284333993984,56.7243042222306,58.346387559647,67.6696005565093,66.6719427929891,63.4395009783142,67.6628026512345,67.4956714366096,50.2892045943904,63.7525620562595,69.9233185704746,56.442336099428,67.1302828975625,58.9932376808844
47.4204370238119,65.6599229692192,69.403135071049,55.88540403794,58.5917407234882,68.7589130300772,65.4423368726883,52.7812229041954,65.3011742110246,61.9498157949034,67.8020342478762,51.0826700477817,61.6478549018352,67.5221010238483,60.5109300438127,59.9688600219558,58.3369133303859,64.0284333993984,56.7243042222306,58.3550702249356,67.6696005565093,66.6719427929891,63.4395009783142,67.6628026512345,67.4956714366096,50.2892045943904,63.7525620562595,69.9233185704746,56.4423412510227,67.1302828975625,58.9932376808844
47.4204370238119,65.6599229692192,69.4044246758681,55.88540403794,58.5917958309929,68.7589130300772,65.4423368726883,52.7812229041954,65.3011742110246,61.9498157949034,67.8021603573789,51.0826700477817,61.6478549018352,67.5221306141248,60.5109300438127,59.9698509784758,58.3369133303859,64.0284333993984,56.7243042222306,58.3550702249356,67.6696005565093,66.6719427929891,63.4395711518028,67.6628026512345,67.4956714366096,50.2892045943904,63.7525620562595,69.924016131181,56.4423412510227,67.1302828975625,58.9932376808844
47.4204614841418,65.6599229692192,69.4044246758681,55.88540403794,58.5917958309929,68.7589130300772,65.4423368726883,52.7812312647,65.3011742110246,61.9498157949034,67.8021603573789,51.0826700477817,61.6481891711072,67.5221948421595,60.5109300438127,59.9709896490138,58.3369133303859,64.0284333993984,56.7243042222306,58.3581991615464,67.6696005565093,66.6719427929891,63.4395711518028,67.6628026512345,67.4956714366096,50.2892045943904,63.7525620562595,69.924016131181,56.4423412510227,67.1312597808217,58.9932376808844
47.4204614841418,65.6599229692192,69.4044246758681,55.88540403794,58.5934177462988,68.7589130300772,65.4423368726883,52.7812312647,65.3011742110246,61.9498157949034,67.8022059208101,51.0826700477817,61.6481891711072,67.5221948421595,60.5109300438127,59.9709896490138,58.3384549899808,64.0284333993984,56.7243042222306,58.3581991615464,67.6696005565093,66.6719427929891,63.4397367808447,67.6628026512345,67.4956714366096,50.2919495193038,63.7525620562595,69.924509369495,56.4423412510227,67.1312597808217,58.9932376808844
47.4205030331314,65.6599229692192,69.4044246758681,55.88540403794,58.5940097379726,68.7589130300772,65.4423368726883,52.7812365665634,65.3011742110246,61.9498157949034,67.8022059208101,51.0827090594512,61.6481891711072,67.5221948421595,60.5109300438127,59.9709896490138,58.3384549899808,64.0284333993984,56.725526463956,58.3590213240041,67.6696005565093,66.6719427929891,63.4397367808447,67.6628026512345,67.4956714366096,50.2919495193038,63.7525620562595,69.924509369495,56.4423412510227,67.1334001679179,58.9932376808844
47.4205030331314,65.6599229692192,69.4044246758681,55.88540403794,58.5940097379726,68.7589130300772,65.4423368726883,52.7812365665634,65.3013869442141,61.9498157949034,67.8022059208101,51.0827090594512,61.6485194182592,67.5221948421595,60.5109300438127,59.9709896490138,58.3407922921265,64.0284333993984,56.725526463956,58.3590213240041,67.6696005565093,66.6719427929891,63.4423489702011,67.6628026512345,67.4956714366096,50.3127987124814,63.7525620562595,69.9248584728197,56.4423412510227,67.1334001679179,58.9932376808844
47.4205426139867,65.6599229692192,69.4044246758681,55.88540403794,58.5940097379726,68.7589130300772,65.4423368726883,52.7812544176655,65.3013869442141,61.9498157949034,67.803373820146,51.0827090594512,61.6485194182592,67.5221948421595,60.5110597552901,59.9709896490138,58.3407922921265,64.0284333993984,56.725526463956,58.362402862715,67.6696005565093,66.6719427929891,63.4423489702011,67.6628026512345,67.4956714366096,50.3127987124814,63.7525620562595,69.9248584728197,56.442350837435,67.1334001679179,58.9932376808844
47.4205426139867,65.6599229692192,69.4044246758681,55.88540403794,58.5940097379726,68.7589130300772,65.4423368726883,52.7812544176655,65.3022830299592,61.9498157949034,67.803373820146,51.0827090594512,61.6485194182592,67.5221948421595,60.5110597552901,59.9711483701084,58.3407922921265,64.0284333993984,56.725526463956,58.3996355930941,67.6696005565093,66.6719427929891,63.4423489702011,67.6628026512345,67.4956714366096,50.3306441042721,63.7525620562595,69.9251062304711,56.442350837435,67.1346274552868,58.9932376808844
47.420588507464,65.6599229692192,69.4044246758681,55.88540403794,58.5940097379726,68.7618603214882,65.4423368726883,52.7812723667921,65.3022830299592,61.9498157949034,67.803520302699,51.0827090594512,61.6488013805997,67.5221948421595,60.5110597552901,59.9711483701084,58.3407922921265,64.0284333993984,56.725526463956,58.4043166259694,67.6696005565093,66.6763086868496,63.7342899247278,67.6628026512345,67.4957667038769,50.3306441042721,63.7525620562595,69.9251062304711,56.442350837435,67.1346274552868,58.9932376808844
47.4206457116743,65.6599229692192,69.4044246758681,55.88540403794,58.5940097379726,68.7618603214882,65.4423368726883,52.7812723667921,65.3022830299592,61.9498157949034,67.803520302699,51.0827090594512,61.6488013805997,67.5221948421595,60.5110597552901,59.9711483701084,58.3407922921265,64.0284333993984,56.725526463956,58.4043166259694,67.6696005565093,66.6763086868496,63.7342899247278,67.6628026512345,67.4957667038769,50.3306441042721,63.7525784354513,69.925282721584,56.442350837435,67.1346274552868,58.9939119271051
47.4206457116743,65.6599229692192,69.4046985136455,55.88540403794,58.5940097379726,68.7618603214882,65.4423368726883,52.7812723667921,65.3022830299592,61.9502866378105,67.8040552384841,51.0827090594512,61.6491897632599,67.5221948421595,60.5110597552901,59.9711483701084,58.3407922921265,64.0288819936461,56.7309195444829,58.4043166259694,67.670775157091,66.6763086868496,64.0682497444865,67.6628026512345,67.4957667038769,50.3306441042721,63.7525784354513,69.925282721584,56.442350837435,67.1346274552868,58.9939119271051
47.4206739902607,65.6599229692192,69.4046985136455,55.88540403794,58.5940097379726,68.8908497766976,65.4450974627154,52.7812723667921,65.3022830299592,61.9502866378105,67.8040552384841,51.0827090594512,61.6491897632599,67.5222123917308,60.5110597552901,59.9711483701084,58.3407922921265,64.0288819936461,56.7309195444829,58.4043166259694,67.670775157091,66.6763086868496,65.2343566928288,67.6628026512345,67.4963849544666,50.3306441042721,63.7525784354513,69.9254089601135,56.442350837435,67.1346274552868,58.9939119271051
47.4207374089067,65.6599229692192,69.4046985136455,55.88540403794,58.5940253437882,68.8908497766976,65.4450974627154,52.7812723667921,65.3022830299592,61.9502866378105,67.804715868972,51.0827090594512,61.725264085221,67.5222136760859,60.5110597552901,60.0169233184653,58.3407922921265,64.0288819936461,56.7309195444829,58.4043166259694,67.670775157091,66.6763086868496,65.2343566928288,67.6628026512345,67.4963849544666,50.3306441042721,63.7525784354513,69.9254089601135,56.4423524842091,67.1346274552868,58.9939119271051
47.4207374089067,65.6599229692192,69.4046985136455,55.88540403794,58.5940253437882,68.8908497766976,65.4450974627154,52.7812888167364,65.3022830299592,61.9502866378105,67.8058344362724,51.0827090594512,61.7976856132709,67.5222136760859,60.5110597552901,60.0169233184653,58.3407922921265,64.0288819936461,56.7309195444829,58.4043166259694,67.670775157091,66.6763086868496,65.2343566928288,67.6628026512345,67.4963849544666,50.3535330197263,63.7525784354513,69.9254996099891,56.4423524842091,67.1346274552868,58.9939119271051
47.4207877292874,65.6599229692192,69.4046985136455,55.88540403794,58.5940253437882,68.8908497766976,65.4450974627154,52.7812888167364,65.3022830299592,61.9502866378105,67.8058344362724,51.0827090594512,61.7976856132709,67.5222136760859,60.5110597552901,60.1771967822322,58.3407922921265,64.0288819936461,56.7309195444829,58.4043166259694,67.670775157091,66.6763086868496,65.2343566928288,67.6628026512345,67.4967202638717,50.3535330197263,63.7525784354513,69.9254996099891,56.4423525811575,67.1346274552868,58.9939119271051
47.4208514777014,65.6599229692192,69.4046985136455,55.88540403794,58.5940253437882,68.8908497766976,65.4450974627154,52.7812888167364,65.3024161875901,61.9502866378105,67.8066057468986,51.0827210268062,61.8070547561228,67.5222136760859,60.5110597552901,60.1771967822322,58.3407922921265,64.0292042678225,56.7309195444829,58.4043166259694,67.670775157091,66.6763086868496,65.2343566928288,67.6628026512345,67.4967202638717,50.3535330197263,63.7525784354513,69.9255649314716,56.4423603456853,67.1349673647469,58.9939119271051
47.4208514777014,65.6599229692192,69.4046985136455,55.88540403794,58.5940253437882,68.8908497766976,65.4544662012013,52.7812888167364,65.3024161875901,61.9502866378105,67.8071431944607,51.0827210268062,61.8070547561228,67.5222136760859,60.5110597552901,60.1771967822322,58.3407922921265,64.0292042678225,56.7309195444829,58.4075324740156,67.670775157091,66.6763086868496,65.2343566928288,67.6628026512345,67.4967202638717,50.3535330197263,63.7525943055586,69.9255649314716,56.4423603456853,67.1349673647469,58.9939119271051
47.4208514777014,65.6599229692192,69.4046985136455,55.88540403794,58.5940253437882,68.8908497766976,65.4544662012013,52.7812888167364,65.3024161875901,61.9502866378105,67.8071431944607,51.0827210268062,61.8070547561228,67.5222136760859,60.5110692747199,60.1771967822322,58.3407922921265,64.0292580091728,56.7309195444829,58.4075324740156,67.670775157091,66.6763086868496,65.2343566928288,67.6628026512345,67.4967202638717,50.3535330197263,63.7525943055586,69.9255649314716,56.4423644838838,67.1369713684578,58.9939119271051
47.4209114190173,65.6599229692192,69.4046985136455,55.88540403794,58.5940253437882,68.8908497766976,65.4544662012013,52.7812888167364,65.3024161875901,61.9502866378105,67.8248895450097,51.0827210268062,61.8102112671084,67.5222136760859,60.5110692747199,60.1771967822322,58.3407922921265,64.0292580091728,56.7309195444829,58.4075324740156,67.6718596958822,66.6763086868496,65.2343566928288,67.6628026512345,67.4967202638717,50.3535330197263,63.7525943055586,69.9256121394293,56.4423809069426,67.1369713684578,58.9939119271051
47.4209114190173,65.6599229692192,69.4046985136455,55.88540403794,58.5940253437882,68.8908497766976,65.4544662012013,52.7812940872793,65.3024161875901,61.9502866378105,67.8284075035193,51.0827210268062,61.8281745349321,67.5222136760859,60.5110692747199,60.1771967822322,58.3426963711021,64.0292580091728,56.7309195444829,58.4075324740156,67.6718596958822,66.6763086868496,65.2343566928288,67.6628026512345,67.4967202638717,50.3535330197263,63.7525943055586,69.9256121394293,56.4423809069426,67.1369713684578,58.9939663912889
47.4209943432729,65.6599229692192,69.4047965288792,55.88540403794,58.5940253437882,68.8908497766976,65.4544662012013,52.7813013731779,65.3024161875901,61.9502866378105,67.8284075035193,51.082728783834,61.8281745349321,67.5222136760859,60.5110692747199,60.1771967822322,58.3426963711021,64.0292580091728,56.7309195444829,58.4075324740156,67.6718596958822,66.6763086868496,65.3624882710757,67.6628026512345,67.4967202638717,50.3535330197263,63.7525943055586,69.9256463373734,56.4423875766237,67.1370716929746,58.9939663912889
47.4209943432729,65.6599229692192,69.4047965288792,55.88540403794,58.5940253437882,68.932576635294,65.4544662012013,52.7813013731779,65.3024161875901,61.9502866378105,67.8356364838953,51.082728783834,61.8281745349321,67.5222136760859,60.5110692747199,60.1771967822322,58.3428179522091,64.0292580091728,56.7309195444829,58.4075324740156,67.6718596958822,66.6763086868496,65.3690174581528,67.6628026512345,67.4967202638717,50.3590474300409,63.7526410617166,69.9256463373734,56.4423875766237,67.1370716929746,58.9939663912889
47.4210638010429,65.6599229692192,69.4047965288792,55.88540403794,58.5940266090326,68.932576635294,65.4544662012013,52.7813199851966,65.3024161875901,61.9502866378105,67.8356364838953,51.0827449426194,61.8281745349321,67.5222141683255,60.5111149239703,60.2510705232423,58.3428179522091,64.0292722588885,56.7342364799814,58.4075324740156,67.6718596958822,66.6763086868496,65.8522545773149,67.6628026512345,67.4967202638717,50.3590474300409,63.7526410617166,69.925671156707,56.4423875766237,67.1370716929746,58.9939663912889
47.4210638010429,65.6599229692192,69.4047965288792,55.88540403794,58.5940266090326,68.9600422614193,65.4544662012013,52.781338551369,65.3024161875901,61.9502866378105,67.8356364838953,51.0827449426194,61.8281745349321,67.5222141683255,60.5111149239703,60.2510705232423,58.3428179522091,64.0292722588885,56.7342364799814,58.4075324740156,67.6718596958822,66.6763086868496,65.8852099897532,67.6628026512345,67.4967202638717,50.3590474300409,63.7526410617166,69.925671156707,56.4423875766237,67.1370716929746,58.9939663912889
47.4211253222411,65.6599229692192,69.4047965288792,55.88540403794,58.5940266090326,68.9600422614193,65.4544662012013,52.781338551369,65.3024161875901,61.9502866378105,67.8356364838953,51.0828746348004,61.8281745349321,67.5222141683255,60.5111149239703,60.2510705232423,58.3428179522091,64.0292722588885,56.7342364799814,58.4075324740156,67.6718596958822,66.6763086868496,65.8852099897532,67.6628026512345,67.4967202638717,50.3590474300409,63.7526410617166,69.9256891951935,56.4424311643666,67.1370716929746,58.9939663912889
47.4211253222411,65.6599229692192,69.4047965288792,55.88540403794,58.5940266090326,68.9600422614193,65.4544662012013,52.781338551369,65.3024161875901,61.9502866378105,67.8359155046906,51.0828746348004,61.8281745349321,67.5222869918679,60.5111338795446,60.2967598548715,58.3428179522091,64.0293674690054,56.7342364799814,58.4075324740156,67.6718596958822,66.6763086868496,66.0343669765508,67.6628026512345,67.4967202638717,50.3590474300409,63.7526410617166,69.9256891951935,56.4424311643666,67.1374732632793,58.9939663912889
47.4211772785822,65.6599229692192,69.4047965288792,55.88540403794,58.5940266090326,68.9600422614193,65.4544662012013,52.7813791922156,65.3024161875901,61.9502866378105,67.8359155046906,51.083010034951,61.8281745349321,67.5222869918679,60.5111338795446,60.2967598548715,58.3428179522091,64.0293674690054,56.7342364799814,58.4096092215728,67.6718596958822,66.6763086868496,66.1394691093027,67.6628026512345,67.4983461978279,50.3590474300409,63.7526410617166,69.9257023196195,56.4424311643666,67.1374732632793,58.9939663912889
47.4211772785822,65.6599229692192,69.4047965288792,55.88540403794,58.5940266090326,68.9600422614193,65.4544662012013,52.7813791922156,65.3024161875901,61.9502866378105,67.8400318140044,51.083010034951,61.8281745349321,67.5222869918679,60.5111338795446,60.2967598548715,58.3428179522091,64.0410842670222,56.7367521200237,58.4142037285334,67.6718596958822,66.6763086868496,66.2269891036385,67.6628026512345,67.4983461978279,50.3590474300409,63.7526410617166,69.9257023196195,56.4424311643666,67.1376599867942,58.9947120785128
47.421246940236,65.6599229692192,69.4051679537986,55.88540403794,58.5940266090326,68.9600422614193,65.4544662012013,52.7815989531218,65.3024161875901,61.9502866378105,67.8400318140044,51.0832410740812,61.8281745349321,67.5222869918679,60.511157917548,60.2967598548715,58.3428179522091,64.0410842670222,56.7367521200237,58.4142037285334,67.6718596958822,66.6763086868496,66.2269891036385,67.6628026512345,67.4983461978279,50.3590474300409,63.7526410617166,69.9257118764429,56.4424311643666,67.1376599867942,58.9947120785128
47.421246940236,65.6599229692192,69.4051679537986,55.88540403794,58.5940266090326,68.9600422614193,65.4544662012013,52.7815989531218,65.3024161875901,61.9502866378105,67.8400318140044,51.0832410740812,61.8281745349321,67.5222869918679,60.511157917548,60.2975007341634,58.3428179522091,64.0410842670222,56.7367521200237,58.4142037285334,67.6718596958822,66.6763086868496,66.2269891036385,67.6628026512345,67.4983461978279,50.3590474300409,63.7526410617166,69.9257118764429,56.442451220288,67.1376599867942,58.9947663007108
47.4213054227778,65.6599229692192,69.4051679537986,55.88540403794,58.5940266090326,68.9600422614193,65.4544662012013,52.7816482227572,65.3024161875901,61.9502866378105,67.8401152992147,51.0833775773105,61.8371818470304,67.5222869918679,60.511157917548,60.2975007341634,58.3428179522091,64.0618591996209,56.7367521200237,58.4152347057914,67.6718596958822,66.6763086868496,66.2269891036385,67.6628026512345,67.4983461978279,50.3590474300409,63.7526410617166,69.9257188396576,56.442451220288,67.1379496819396,58.9947663007108
47.4213054227778,65.6599229692192,69.4051679537986,55.88540403794,58.5940532904317,68.9600422614193,65.4544662012013,52.7816482227572,65.3024161875901,61.9503948153762,67.8401152992147,51.0833775773105,61.8371818470304,67.5222869918679,60.511157917548,60.2975007341634,58.3428179522091,64.0618591996209,56.7367521200237,58.4152347057914,67.6718596958822,66.6763086868496,66.2269891036385,67.6628026512345,67.4983461978279,50.3699048875752,63.7526410617166,69.9257239154151,56.442451220288,67.1379496819396,58.9947663007108
47.4213054227778,65.6599229692192,69.4051679537986,55.88540403794,58.5940532904317,68.9600422614193,65.4544662012013,52.7816482227572,65.3024161875901,61.9503948153762,67.8401152992147,51.0833775773105,61.8460456164478,67.5222918718823,60.5111720279265,60.2975007341634,58.3428179522091,64.0653096941803,56.7367521200237,58.4327724661418,67.6718596958822,66.6763086868496,66.2346905065114,67.6628026512345,67.4983461978279,50.3699048875752,63.7526410617166,69.9257239154151,56.442451220288,67.1379496819396,58.9947663007108
47.4213542904967,65.6599229692192,69.4052193568652,55.88540403794,58.5940532904317,69.0071088192592,65.4544662012013,52.7818132334529,65.3024161875901,61.9503948153762,67.8404433146666,51.0833775773105,61.8460456164478,67.5223042628222,60.5111720279265,60.330825881354,58.3428179522091,64.0653096941803,56.7367521200237,58.4327724661418,67.6718596958822,66.6763086868496,66.2443052487005,67.6628026512345,67.4983461978279,50.3699048875752,63.7526410617166,69.9257276165567,56.442451220288,67.1380186153323,58.9947663007108
47.4214601270499,65.6599229692192,69.4052193568652,55.88540403794,58.5940532904317,69.0071088192592,65.4544662012013,52.7818132334529,65.3024161875901,61.9503948153762,67.8404433146666,51.0833775773105,61.8516541472541,67.5223042628222,60.5111720279265,60.330825881354,58.3437246316426,64.0653096941803,56.7367521200237,58.4852385248801,67.6718596958822,66.6763086868496,66.2443052487005,67.6628026512345,67.4983461978279,50.3699048875752,63.7526555625485,69.9257276165567,56.442451220288,67.1380186153323,58.9949827781469
47.4214601270499,65.6599229692192,69.4052193568652,55.88540403794,58.5940532904317,69.0071088192592,65.4544662012013,52.7818132334529,65.3024161875901,61.9503948153762,67.8404433146666,51.0833775773105,61.8516541472541,67.5223042628222,60.511217534689,60.3609460561873,58.3437246316426,64.0653096941803,56.7367521200237,58.4852385248801,67.6718596958822,66.6763086868496,66.2443052487005,67.6628026512345,67.4983461978279,50.3699048875752,63.7526555625485,69.925730316013,56.442451220288,67.1384500612886,58.9949827781469
47.421535047907,65.6599229692192,69.4052484145552,55.88540403794,58.5940593367092,69.009539208129,65.4544662012013,52.7818132334529,65.3024161875901,61.9503948153762,67.8404433146666,51.0833775773105,61.8516541472541,67.5223101227657,60.511217534689,60.3609460561873,58.3437246316426,64.0653096941803,56.7367521200237,58.4852385248801,67.6718596958822,66.6763086868496,66.2833543222426,67.6628026512345,67.4983461978279,50.3699048875752,63.7526555625485,69.9257322852344,56.442451220288,67.1384500612886,58.9951757402566
47.421535047907,65.6599229692192,69.4052484145552,55.88540403794,58.5940593367092,69.009539208129,65.4544662012013,52.7818132334529,65.3025755571979,61.9531565493462,67.8404433146666,51.0833775773105,61.8527325818323,67.5223101227657,60.511217534689,60.3926298277561,58.3437246316426,64.0670940052777,56.7367521200237,58.4852385248801,67.6718596958822,66.6763086868496,66.3510102038393,67.6628026512345,67.4983461978279,50.3699048875752,63.7526555625485,69.9257322852344,56.442451220288,67.1384500612886,58.9951757402566
47.4216025567593,65.6599229692192,69.4052484145552,55.88540403794,58.5941375377457,69.009539208129,65.4544662012013,52.7818132334529,65.3025755571979,61.9531565493462,67.8404433146666,51.0833775773105,61.8527325818323,67.5223101227657,60.5121347830861,60.3926298277561,58.3437246316426,64.0670940052777,56.7367521200237,58.4852385248801,67.6718596958822,66.6763086868496,66.3562614174132,67.6628026512345,67.4983461978279,50.3699048875752,63.7526555625485,69.9257337219464,56.442451220288,67.1387245379961,58.9951757402566
47.421698570288,65.6599229692192,69.405248683601,55.88540403794,58.5941375377457,69.009539208129,65.4544662012013,52.7818132334529,65.3025755571979,61.9531565493462,67.8412117739229,51.0836295588044,61.8536925700964,67.5223112813465,60.5121347830861,60.3926298277561,58.3437246316426,64.0670940052777,56.7367521200237,58.4852385248801,67.6718596958822,66.6763086868496,66.4868641796756,67.6628026512345,67.4983461978279,50.3699048875752,63.7526555625485,69.9257337219464,56.4424512235272,67.1387245379961,58.9951757402566
47.421698570288,65.6599229692192,69.405248683601,55.88540403794,58.5941787666703,69.009539208129,65.4544662012013,52.7818132334529,65.3025755571979,61.9531565493462,67.8412117739229,51.0836295588044,61.8536925700964,67.5223112813465,60.5121347830861,60.3926298277561,58.3437246316426,64.0670940052777,56.7409255465641,58.4852385248801,67.6718596958822,66.6763086868496,66.5378347435577,67.6628026512345,67.4983461978279,50.3699048875752,63.7530136729231,69.9257347702486,56.4424512235272,67.1388980228116,58.9960640970491
47.4218161038559,65.6599229692192,69.405248683601,55.88540403794,58.594199612944,69.009539208129,65.4544662012013,52.7818506186717,65.3025755571979,61.9531565493462,67.8412117739229,51.0836295588044,61.8536925700964,67.5223158689276,60.5123829883979,60.3926298277561,58.3437246316426,64.0670940052777,56.7409255465641,58.4852385248801,67.6718596958822,66.6763086868496,66.5378347435577,67.6628026512345,67.4983461978279,50.3699048875752,63.7530136729231,69.9257355351999,56.4424512235272,67.1388980228116,58.9960640970491
47.4219411080889,65.6599229692192,69.405248683601,55.88540403794,58.594199612944,69.0415281518217,65.4544662012013,52.7818506186717,65.3025755571979,61.9531565493462,67.8412117739229,51.0836295588044,61.8536925700964,67.5223178047751,60.5123829883979,60.3926298277561,58.3437246316426,64.0670940052777,56.7409255465641,58.4852385248801,67.6718596958822,66.6763086868496,66.60413398467,67.6628026512345,67.4983461978279,50.3699048875752,63.7530136729231,69.9257355351999,56.4424512235272,67.1388980228116,58.9960640970491
47.4219411080889,65.6599229692192,69.4052797072181,55.88540403794,58.5942096626371,69.0415281518217,65.4544662012013,52.7818506186717,65.3028373187707,61.9531565493462,67.8412117739229,51.0836295588044,61.8576451231263,67.5223178047751,60.5125801331885,60.3926298277561,58.3437246316426,64.0697034507994,56.7409255465641,58.4852385248801,67.6718596958822,66.6763086868496,66.6246524807535,67.6628026512345,67.4983461978279,50.3699048875752,63.7530136729231,69.9258898077673,56.4424512235272,67.1394303091692,58.9960640970491
47.4220527285536,65.6599229692192,69.4052797072181,55.88540403794,58.5942096626371,69.0415281518217,65.4544662012013,52.7819015644238,65.3028373187707,61.9531565493462,67.8412117739229,51.0837256255904,61.8576451231263,67.5223196008978,60.5125801331885,60.3926298277561,58.3444548279076,64.0697034507994,56.7409255465641,58.4852385248801,67.6718596958822,66.6763086868496,66.7708894039794,67.6628026512345,67.4983461978279,50.3699048875752,63.7530136729231,69.926695639593,56.4424512235272,67.1394303091692,58.9960640970491
47.4220527285536,65.6599229692192,69.4052797072181,55.88540403794,58.5942096626371,69.0415281518217,65.4544662012013,52.7819015644238,65.3029037773425,61.9531565493462,67.8412117739229,51.0839410259017,61.8594085417864,67.5223196008978,60.5125801331885,60.3926298277561,58.3444548279076,64.0697034507994,56.7409255465641,58.4852385248801,67.6718596958822,66.6763086868496,66.7708894039794,67.6628026512345,67.4983461978279,50.3834549945391,63.7530136729231,69.926695639593,56.4424512235272,67.1394303091692,58.9960640970491
47.422116873347,65.6599229692192,69.4052797072181,55.88540403794,58.5942141805911,69.0581472367028,65.4544662012013,52.7819015644238,65.3029037773425,61.9531565493462,67.8412117739229,51.0839410259017,61.8596593186346,67.5223196008978,60.5125801331885,60.3926298277561,58.3444548279076,64.0697034507994,56.7409255465641,58.4852385248801,67.6718596958822,66.6763086868496,66.7708894039794,67.6628026512345,67.4983461978279,50.3834549945391,63.7530136729231,69.926695639593,56.4424512235272,67.1394303091692,58.9960640970491
47.422116873347,65.6599229692192,69.4052797072181,55.88540403794,58.5942141805911,69.0581472367028,65.4558676662245,52.7819015644238,65.3029037773425,61.9531565493462,67.8412117739229,51.0841011789813,61.8596593186346,67.5223196008978,60.5125801331885,60.3926298277561,58.3444548279076,64.0697034507994,56.7409255465641,58.4852385248801,67.6718596958822,66.6763086868496,66.7708894039794,67.6628026512345,67.4993686372928,50.3834549945391,63.7530136729231,69.926695639593,56.4424512235272,67.1394303091692,58.9960640970491
47.4221808336148,65.6599229692192,69.4052797072181,55.88540403794,58.5942159612622,69.0581472367028,65.4558676662245,52.7819047393746,65.3034290129499,61.9531565493462,67.8412117739229,51.0841011789813,61.8596593186346,67.5223196008978,60.5125801331885,60.3926298277561,58.3444548279076,64.0700652799495,56.7409255465641,58.4852385248801,67.672091412598,66.6763086868496,66.8012081445242,67.6628026512345,67.4993686372928,50.3834549945391,63.7530136729231,69.926695639593,56.4424512235272,67.1395131807443,58.9960640970491
47.4222776003334,65.6599229692192,69.40529758749,55.88540403794,58.5942164493903,69.0602346891647,65.4558676662245,52.7819047393746,65.3034290129499,61.9532164853572,67.8412117739229,51.0841011789813,61.8596593186346,67.5223196008978,60.5125801331885,60.3926298277561,58.3444548279076,64.0700652799495,56.7409255465641,58.4852385248801,67.672091412598,66.6763086868496,66.8665955069587,67.6628026512345,67.4993686372928,50.3868319452443,63.7530136729231,69.9271109452561,56.4424512235272,67.1395131807443,58.9960640970491
47.4222776003334,65.6599229692192,69.40529758749,55.88540403794,58.5942164493903,69.0602346891647,65.4558676662245,52.7819047393746,65.3034290129499,61.9532164853572,67.841271605079,51.0841011789813,61.8596593186346,67.5223196008978,60.5125801331885,60.3926298277561,58.3476502321948,64.0700652799495,56.7409255465641,58.4852385248801,67.672091412598,66.6763086868496,66.8665955069587,67.6628026512345,67.4993686372928,50.3868319452443,63.7530136729231,69.9271109452561,56.4424512235272,67.1395131807443,58.9960640970491
47.422436335428,65.6599229692192,69.4053009139239,55.88540403794,58.5942164493903,69.0602346891647,65.4558676662245,52.7819047393746,65.3034290129499,61.9532164853572,67.841271605079,51.0841011789813,61.8598669869745,67.5223196008978,60.5125801331885,60.3926298277561,58.3476502321948,64.0700652799495,56.7409255465641,58.4852385248801,67.672091412598,66.6763086868496,66.8665955069587,67.6628026512345,67.4993686372928,50.3868339884703,63.7530136729231,69.9273171695207,56.4424512235272,67.1396450099788,58.9960640970491
47.4225986618381,65.6599229692192,69.4053009139239,55.88540403794,58.5942164493903,69.0602346891647,65.4558676662245,52.7819047393746,65.3034290129499,61.9532164853572,67.841271605079,51.0841011789813,61.8598669869745,67.5223196008978,60.5125801331885,60.3926298277561,58.3476502321948,64.0700652799495,56.7409255465641,58.4852385248801,67.672091412598,66.6763086868496,66.8725001262435,67.6628026512345,67.4993686372928,50.3868339884703,63.7530136729231,69.9273171695207,56.4424512235272,67.1396450099788,58.9960640970491
47.4225986618381,65.6599229692192,69.4053009139239,55.88540403794,58.5942333318066,69.0602346891647,65.4558676662245,52.7819210081854,65.3034290129499,61.9532164853572,67.841271605079,51.0841011789813,61.8598669869745,67.5223196008978,60.5125801331885,60.4104297036606,58.3476502321948,64.0700652799495,56.7409255465641,58.4852385248801,67.672091412598,66.6763086868496,66.8725001262435,67.6628026512345,67.4994538404864,50.3965291130887,63.7530136729231,69.9285834049312,56.4424512235272,67.1396731581751,58.9960640970491
47.422746160778,65.6599229692192,69.4053009139239,55.88540403794,58.5942333318066,69.0602346891647,65.4558676662245,52.7819210081854,65.3034290129499,61.9532164853572,67.841271605079,51.0841011789813,61.8603798463517,67.5223243341474,60.5125801331885,60.4116232511393,58.3476502321948,64.0700652799495,56.7409255465641,58.4852385248801,67.672091412598,66.6763086868496,66.8725001262435,67.6628026512345,67.4994538404864,50.3965291130887,63.7530136729231,69.9285834049312,56.4424512235272,67.1396731581751,58.9960640970491
47.4229540538111,65.6599229692192,69.4053318228614,55.88540403794,58.5942333318066,69.0928471857802,65.4558676662245,52.7819210081854,65.3034290129499,61.9532164853572,67.841271605079,51.0841011789813,61.8603798463517,67.5223243341474,60.5126210838072,60.4116232511393,58.3476502321948,64.0700652799495,56.7409255465641,58.4852385248801,67.672091412598,66.6763086868496,66.9108080817061,67.6628026512345,67.4994538404864,50.3965291130887,63.7530136729231,69.9285834049312,56.4424512235272,67.1396731581751,58.9960640970491
47.4229540538111,65.6599229692192,69.4053318228614,55.88540403794,58.5942333318066,69.0928471857802,65.4558676662245,52.7819210081854,65.3035597171275,61.9532164853572,67.841271605079,51.0841011789813,61.8606502089383,67.5223243341474,60.5126210838072,60.4136813823443,58.3476502321948,64.0700652799495,56.7409255465641,58.4852385248801,67.672091412598,66.6763086868496,66.9108080817061,67.6628026512345,67.4994538404864,50.3965291130887,63.7530136729231,69.928637933206,56.4424525685612,67.1399180020098,58.9960640970491
47.4231798754022,65.6599229692192,69.4053318228614,55.88540403794,58.5942601150523,69.0928471857802,65.4558676662245,52.7819210081854,65.3035597171275,61.9532164853572,67.841271605079,51.0841011789813,61.8607288978396,67.5223243341474,60.5126210838072,60.4136813823443,58.3476502321948,64.0700652799495,56.7409255465641,58.4852385248801,67.672091412598,66.6763086868496,66.9308207374815,67.6628026512345,67.4994538404864,50.398635483254,63.7530136729231,69.9287865581865,56.4424525685612,67.1399180020098,58.9960640970491
47.4234092916807,65.6599229692192,69.4053318228614,55.88540403794,58.5942601150523,69.1232585788555,65.4558676662245,52.7819210081854,65.3036961649095,61.9532164853572,67.841271605079,51.0841011789813,61.8607288978396,67.5223243341474,60.5126210838072,60.4136813823443,58.3476502321948,64.0700652799495,56.7416070887836,58.4852385248801,67.672091412598,66.6763086868496,66.9308207374815,67.6628026512345,67.4994538404864,50.398635483254,63.7530136729231,69.9287865581865,56.4424525685612,67.1401726620666,58.9960640970491
47.4234092916807,65.6599229692192,69.4053318228614,55.88540403794,58.5942601150523,69.1232585788555,65.4558676662245,52.7819343763072,65.3036961649095,61.9532164853572,67.841271605079,51.0842554892501,61.8607288978396,67.5223333867789,60.5126210838072,60.4143669825267,58.3476502321948,64.0700652799495,56.7416070887836,58.4852385248801,67.672091412598,66.6763086868496,66.9308207374815,67.6628026512345,67.4994538404864,50.398635483254,63.7530136729231,69.9287865581865,56.4424525685612,67.1401726620666,58.9960640970491
47.4234092916807,65.6599229692192,69.4053318228614,55.88540403794,58.5942601150523,69.1232585788555,65.4558676662245,52.7819343763072,65.3037754689001,61.9532164853572,67.8413538317015,51.0842554892501,61.861048896066,67.5223333867789,60.5126210838072,60.4143669825267,58.3476502321948,64.0700652799495,56.7416070887836,58.4852385248801,67.672091412598,66.6763086868496,66.9308207374815,67.6628026512345,67.4994538404864,50.398635483254,63.7530136729231,69.9287865581865,56.442456107589,67.1401726620666,58.9960640970491
47.4235792107976,65.6599229692192,69.4053318228614,55.88540403794,58.5942601150523,69.1240272135933,65.4558676662245,52.7819372515117,65.3037754689001,61.9532164853572,67.8413538317015,51.084321811501,61.861048896066,67.5223442216237,60.5126210838072,60.4143669825267,58.3476502321948,64.0700652799495,56.7416070887836,58.4852385248801,67.6728028189833,66.6763086868496,66.9308207374815,67.6628026512345,67.4994538404864,50.398635483254,63.7530136729231,69.9287865581865,56.442456107589,67.1402653920481,58.9960640970491
47.4235792107976,65.6599229692192,69.4053318228614,55.88540403794,58.5942771860273,69.1240272135933,65.4558676662245,52.7819372515117,65.3039174546754,61.9532164853572,67.8413538317015,51.0843736675973,61.861048896066,67.5223442216237,60.5126210838072,60.4143669825267,58.3476502321948,64.0700652799495,56.7416070887836,58.4852385248801,67.6728028189833,66.6763086868496,66.9308207374815,67.6628026512345,67.4994538404864,50.398635483254,63.7530136729231,69.9288403601384,56.442456107589,67.1402653920481,58.9960640970491
47.4235792107976,65.6599229692192,69.4053318228614,55.88540403794,58.5942771860273,69.1240272135933,65.4558676662245,52.7819449453426,65.3039174546754,61.9532164853572,67.8414361625316,51.0843736675973,61.8611158792186,67.5223442216237,60.5126210838072,60.4143669825267,58.3476502321948,64.0700652799495,56.7429113531707,58.4852385248801,67.6728028189833,66.6763086868496,66.9308207374815,67.6628026512345,67.5005027843617,50.398635483254,63.7530136729231,69.9288403601384,56.442456107589,67.1402653920481,58.996164644601
47.4235792107976,65.6599229692192,69.4053318228614,55.88540403794,58.5942771860273,69.1240272135933,65.4558676662245,52.781957927005,65.3039174546754,61.9532164853572,67.8414361625316,51.0844816355977,61.8611158792186,67.5223442216237,60.5126210838072,60.4143669825267,58.3476502321948,64.0700652799495,56.7429113531707,58.4852385248801,67.6728028189833,66.6763086868496,66.9308207374815,67.6628026512345,67.5005027843617,50.3998063569053,63.7530136729231,69.9288403601384,56.4424679965348,67.1406607409151,58.996164644601
47.4238189413312,65.6599229692192,69.4053318228614,55.88540403794,58.5942771860273,69.1240272135933,65.4558676662245,52.781957927005,65.3039174546754,61.9550325490468,67.8414361625316,51.0844816355977,61.8613157721297,67.5223445986477,60.5126489882052,60.4143669825267,58.3476502321948,64.0700652799495,56.7429113531707,58.4852385248801,67.6728028189833,66.6763086868496,66.9308207374815,67.6628026512345,67.5005027843617,50.3998063569053,63.7543178819454,69.9288721221556,56.4424679965348,67.1406607409151,58.9961894065894
47.4238189413312,65.6599229692192,69.4053318228614,55.88540403794,58.5942771860273,69.1240272135933,65.4558676662245,52.781957927005,65.3039174546754,61.9550325490468,67.8414361625316,51.0844816355977,61.8613157721297,67.5223445986477,60.5126489882052,60.4151224391419,58.3485613324095,64.0700652799495,56.7432753939804,58.4852385248801,67.6728028189833,66.6763086868496,66.9308207374815,67.6628026512345,67.5005027843617,50.3998063569053,63.7543178819454,69.9288721221556,56.4424679965348,67.1406607409151,58.9961894065894
47.4238189413312,65.6599229692192,69.4053318228614,55.88540403794,58.5942771860273,69.1240272135933,65.4558676662245,52.781957927005,65.3039174546754,61.9550325490468,67.8414978439025,51.0845330362012,61.8613925054938,67.5223445986477,60.5126489882052,60.4151224391419,58.3485613324095,64.0768437752951,56.7432753939804,58.4852385248801,67.6728028189833,66.6763086868496,66.9322171125944,67.6628026512345,67.5005027843617,50.4045050124489,63.7556467796502,69.9288721221556,56.4424679965348,67.1406607409151,58.9962752082446
47.4238189413312,65.6599229692192,69.4053318228614,55.88540403794,58.5942771860273,69.1240272135933,65.4558676662245,52.781957927005,65.3040599933715,61.9550325490468,67.8414978439025,51.0845330362012,61.8614113116835,67.5223445986477,60.5126489882052,60.415717508174,58.3485613324095,64.0768437752951,56.7432753939804,58.4852385248801,67.6728028189833,66.6763086868496,66.9322171125944,67.6628026512345,67.5005027843617,50.4045050124489,63.7556467796502,69.9288721221556,56.4424679965348,67.1406607409151,58.9962752082446
47.4238189413312,65.6599229692192,69.4053318228614,55.88540403794,58.5942771860273,69.1240272135933,65.4558676662245,52.781957927005,65.3040599933715,61.9550325490468,67.8415966058227,51.0845330362012,61.8614113116835,67.5223445986477,60.512679892142,60.415717508174,58.3485613324095,64.0768437752951,56.7432753939804,58.4852385248801,67.6728028189833,66.6763086868496,66.9346131810028,67.6628026512345,67.5005027843617,50.4045050124489,63.7567313285059,69.9288721221556,56.4424679965348,67.1407783617179,58.9962752082446
47.4240402316824,65.6599229692192,69.4053318228614,55.88540403794,58.5942771860273,69.1449800321037,65.4558676662245,52.7819624444528,65.3040599933715,61.9550325490468,67.8416572836765,51.0845378877144,61.8616283644949,67.5223445986477,60.512679892142,60.4207976071825,58.3485613324095,64.0768437752951,56.7432753939804,58.4852385248801,67.6728028189833,66.6763086868496,66.9346131810028,67.6628026512345,67.5005027843617,50.4045050124489,63.7577695941043,69.9288721221556,56.4424679965348,67.1407783617179,58.9962752082446
47.4240402316824,65.6599229692192,69.4053318228614,55.88540403794,58.5942771860273,69.1449800321037,65.4558676662245,52.7819624444528,65.3041405141489,61.9550325490468,67.8416572836765,51.0845378877144,61.8616819932376,67.5223445986477,60.512679892142,60.4207976071825,58.3485613324095,64.0768437752951,56.743358550873,58.4852385248801,67.6728028189833,66.6763086868496,66.9346131810028,67.6628026512345,67.5005027843617,50.4045050124489,63.7577695941043,69.9288721221556,56.4424679965348,67.1411363311364,58.9962752082446
47.4240402316824,65.6599229692192,69.4053318228614,55.88540403794,58.5942771860273,69.1449800321037,65.4558676662245,52.7819624444528,65.3041405141489,61.9570971537886,67.8416572836765,51.0845378877144,61.8616819932376,67.5223445986477,60.512679892142,60.421248774126,58.3485613324095,64.0768437752951,56.743358550873,58.4852385248801,67.6733392787494,66.6763086868496,66.9468557140496,67.6628026512345,67.5005027843617,50.4045050124489,63.758743403511,69.9288721221556,56.4424679965348,67.1411363311364,58.9962752082446
47.4240402316824,65.6599229692192,69.4053318228614,55.88540403794,58.5942771860273,69.1449800321037,65.4558676662245,52.7819673464497,65.3041792561423,61.9570971537886,67.8417332859316,51.0845378877144,61.8617905544626,67.5223445986477,60.512679892142,60.421248774126,58.3485613324095,64.0768437752951,56.743358550873,58.5136065693808,67.6733392787494,66.6763086868496,66.9645963035023,67.6628026512345,67.5005027843617,50.4045050124489,63.758743403511,69.9288756883179,56.4424679965348,67.1411363311364,58.9964939207421
47.4240402316824,65.6599229692192,69.4053318228614,55.88540403794,58.5942771860273,69.1738253917341,65.4558676662245,52.7819673464497,65.3041792561423,61.9570971537886,67.8417332859316,51.0845378877144,61.8617905544626,67.5223445986477,60.512679892142,60.421248774126,58.3485613324095,64.0768437752951,56.743358550873,58.5136065693808,67.6733392787494,66.6763086868496,66.9645963035023,67.6628026512345,67.5005027843617,50.4045050124489,63.7592741752849,69.9288756883179,56.4424679965348,67.1413760503191,58.9964939207421
47.4240402316824,65.6599229692192,69.4053318228614,55.88540403794,58.5942771860273,69.1738253917341,65.4558676662245,52.7819673464497,65.3044942577473,61.9570971537886,67.8417390186653,51.0845470616967,61.8618193012118,67.5223445986477,60.512679892142,60.421248774126,58.3485613324095,64.0768437752951,56.743358550873,58.5808298163347,67.6733392787494,66.6763086868496,66.9645963035023,67.6628026512345,67.5005027843617,50.404587590954,63.759587807973,69.9288756883179,56.4424679965348,67.1413760503191,58.9964939207421
47.4242030704263,65.6599229692192,69.4053318228614,55.88540403794,58.5942771860273,69.1738253917341,65.4558676662245,52.7819673464497,65.3044942577473,61.9570971537886,67.8417390186653,51.0845501916203,61.8618193012118,67.5223445986477,60.5126937243471,60.4262143417377,58.3485613324095,64.0768437752951,56.7440693523617,58.5808298163347,67.6733392787494,66.6763086868496,66.9645963035023,67.6628026512345,67.5005027843617,50.404587590954,63.759587807973,69.9288756883179,56.4424679965348,67.1413760503191,58.9964939207421
47.4242030704263,65.6599229692192,69.4053318228614,55.88540403794,58.5942771860273,69.2266266382411,65.4558676662245,52.7819673464497,65.3044942577473,61.9570971537886,67.842018003922,51.0845501916203,61.8650454653181,67.5223445986477,60.5126937243471,60.4262143417377,58.3485613324095,64.0777369564446,56.7440693523617,58.5808298163347,67.6736606306118,66.6763086868496,66.9645963035023,67.6628026512345,67.5005027843617,50.404587590954,63.759587807973,69.9288756883179,56.4424679965348,67.1413760503191,58.997027951256
47.424549022823,65.6599229692192,69.4053318228614,55.88540403794,58.5942771860273,69.2266266382411,65.4558676662245,52.7819673464497,65.304726001287,61.9570971537886,67.8422488308064,51.0845501916203,61.8650454653181,67.5223525805637,60.5126937243471,60.4281456094174,58.3485613324095,64.0777369564446,56.7440693523617,58.5808298163347,67.6736606306118,66.6763086868496,66.9645963035023,67.6628026512345,67.5005027843617,50.404587590954,63.759587807973,69.9288756883179,56.4424679965348,67.1413760503191,58.997027951256
47.4248009637339,65.6599229692192,69.4053318228614,55.88540403794,58.5942771860273,69.2266266382411,65.4558676662245,52.7819710056843,65.304726001287,61.9570971537886,67.8422488308064,51.0845501916203,61.8650454653181,67.5223525805637,60.5126937243471,60.4281456094174,58.3485613324095,64.0777369564446,56.7458089573289,58.5808298163347,67.6736606306118,66.6763086868496,66.9645963035023,67.6628026512345,67.5005027843617,50.404587590954,63.759587807973,69.9288756883179,56.4424679965348,67.1413760503191,58.997027951256
47.4248009637339,65.6599229692192,69.4053318228614,55.88540403794,58.5942771860273,69.2266266382411,65.4558676662245,52.7819710056843,65.3049373421173,61.9570971537886,67.8424054254614,51.0845501916203,61.8650454653181,67.5223665189153,60.5126937243471,60.4281456094174,58.3490502388548,64.0777369564446,56.7458089573289,58.6230469015679,67.6736606306118,66.6763086868496,66.9645963035023,67.6628028037361,67.5005027843617,50.404587590954,63.759587807973,69.9297263749191,56.4424679965348,67.1413760503191,58.997027951256
47.4250636398129,65.6599229692192,69.4053318228614,55.88540403794,58.5942771860273,69.2266266382411,65.4558676662245,52.7819710056843,65.3049373421173,61.9570971537886,67.8425762618823,51.0845501916203,61.8650454653181,67.5223665189153,60.5126937243471,60.4281456094174,58.3490502388548,64.0777369564446,56.7458089573289,58.6230469015679,67.6736606306118,66.6763086868496,66.9800541393661,67.6628028037361,67.5005027843617,50.404587590954,63.759587807973,69.9297263749191,56.4424679965348,67.1413760503191,58.9979729880352
47.4254035753786,65.6599229692192,69.4053343466938,55.88540403794,58.5942771860273,69.2266266382411,65.4558676662245,52.7819710056843,65.3049373421173,61.9570971537886,67.8425762618823,51.0845518300531,61.8655140005475,67.5223665189153,60.5127757543223,60.4281456094174,58.3490502388548,64.0780165701003,56.7458089573289,58.6230469015679,67.6736606306118,66.6763086868496,66.9800541393661,67.6628028037361,67.5005027843617,50.404587590954,63.759587807973,69.9297263749191,56.4424679965348,67.1413760503191,58.9979729880352
47.4254035753786,65.6599229692192,69.4053343466938,55.88540403794,58.5942771860273,69.2266266382411,65.4558676662245,52.7819710056843,65.3049373421173,61.9578782577639,67.8427228301233,51.0845518300531,61.8655140005475,67.5223665189153,60.5127757543223,60.4281456094174,58.3495125653791,64.0780165701003,56.7458089573289,58.6230469015679,67.6736606306118,66.6763086868496,66.9800541393661,67.6628030059132,67.5005027843617,50.404587590954,63.759587807973,69.9297263749191,56.4424679965348,67.1413760503191,58.9979729880352
47.4256562294815,65.6599229692192,69.4053343466938,55.88540403794,58.5942771860273,69.2266266382411,65.4558676662245,52.781973102582,65.3049373421173,61.9578782577639,67.8427228301233,51.0845879078682,61.8663498726685,67.5223665189153,60.5127757543223,60.4281456094174,58.3495125653791,64.0780165701003,56.7458089573289,58.6230469015679,67.6736606306118,66.6763086868496,66.9800541393661,67.6628030059132,67.5005027843617,50.4056992770032,63.759587807973,69.9297263749191,56.4424679965348,67.1413760503191,58.9979729880352
47.4259443130627,65.6599229692192,69.4053343466938,55.88540403794,58.5942771860273,69.2266266382411,65.4558676662245,52.781973102582,65.3049373421173,61.9583599234073,67.8428849094908,51.0845879078682,61.8667381215744,67.5223665189153,60.5127757543223,60.4286695130258,58.3495125653791,64.0780165701003,56.7458089573289,58.6230469015679,67.6736606306118,66.6772079038063,66.9800541393661,67.6628032456246,67.5005027843617,50.4056992770032,63.759587807973,69.9297263749191,56.4424679965348,67.1413760503191,58.9979729880352
47.4259443130627,65.6599229692192,69.4053343466938,55.88540403794,58.5942771860273,69.2266266382411,65.4558676662245,52.781973102582,65.3049373421173,61.9583599234073,67.8430400941997,51.0846587032052,61.8667381215744,67.5223665189153,60.5127757543223,60.4287689837785,58.3495125653791,64.0783403896492,56.7458089573289,58.6230469015679,67.6736606306118,66.6772079038063,66.9800541393661,67.6628032456246,67.5005027843617,50.4056992770032,63.759587807973,69.9297263749191,56.4424679965348,67.1413760503191,58.9986536966418
47.4261713843688,65.6599229692192,69.4053443074083,55.88540403794,58.5942771860273,69.2266266382411,65.4558676662245,52.781973102582,65.3049373421173,61.9583599234073,67.8430400941997,51.0846587032052,61.8668355510135,67.5223665189153,60.5127757543223,60.4287689837785,58.3495125653791,64.0783403896492,56.7458089573289,58.6230469015679,67.6736606306118,66.6772079038063,66.9800541393661,67.6628032456246,67.5005027843617,50.4056992770032,63.759587807973,69.9297263749191,56.4424679965348,67.1413760503191,58.9986536966418
47.4261713843688,65.6599229692192,69.4053443074083,55.88540403794,58.5942771860273,69.2266266382411,65.4558676662245,52.781973102582,65.3049373421173,61.958601017815,67.8430880855188,51.084679482539,61.8672699076806,67.5223665189153,60.5127757543223,60.4287689837785,58.3495125653791,64.0783403896492,56.7458089573289,58.6230469015679,67.6736606306118,66.6772079038063,66.9800541393661,67.6628032456246,67.5005027843617,50.4056992770032,63.759587807973,69.9297263749191,56.4424679965348,67.1413760503191,58.9986536966418
47.426348996173,65.6599229692192,69.4053443074083,55.88540403794,58.5943413257479,69.2266266382411,65.4558676662245,52.7819758599563,65.3049373421173,61.958601017815,67.8430880855188,51.084679482539,61.8672699076806,67.5223665189153,60.5127757543223,60.4287689837785,58.3495320457551,64.0783403896492,56.7460651975704,58.6230469015679,67.6736606306118,66.6772079038063,66.9800541393661,67.6628032456246,67.5005027843617,50.4056992770032,63.759587807973,69.9297263749191,56.4424689635815,67.1413760503191,58.9986536966418
47.426348996173,65.6599229692192,69.4053482930878,55.88540403794,58.5943413257479,69.233024993849,65.4558676662245,52.7819758599563,65.3049373421173,61.958601017815,67.8430880855188,51.0847015011812,61.8672699076806,67.5223665189153,60.5127757543223,60.4287689837785,58.3495320457551,64.0783403896492,56.7460651975704,58.6230469015679,67.6736982487419,66.6772079038063,66.9827688571588,67.6628032456246,67.5005027843617,50.4056992770032,63.759587807973,69.9297263749191,56.4424689635815,67.1413760503191,58.9986536966418
47.426348996173,65.6599229692192,69.4053482930878,55.88540403794,58.5943413257479,69.233024993849,65.4558676662245,52.7819758599563,65.3049373421173,61.958601017815,67.8431843059573,51.0847015011812,61.8672699076806,67.5223665189153,60.5127757543223,60.429918938723,58.3495320457551,64.0783403896492,56.7460651975704,58.6230469015679,67.6736982487419,66.6772079038063,66.9827688571588,67.6628032456246,67.5005027843617,50.4056992770032,63.759587807973,69.9297263749191,56.4424689635815,67.1413760503191,58.9986536966418
47.426348996173,65.6599229692192,69.4053482930878,55.88540403794,58.5943413257479,69.233024993849,65.4558676662245,52.7819758599563,65.3049373421173,61.958601017815,67.8431843059573,51.0847041427124,61.8672699076806,67.5223665189153,60.5127757543223,60.429918938723,58.3495320457551,64.0783403896492,56.7460651975704,58.6230469015679,67.6736982487419,66.6772079038063,66.9827688571588,67.6628032456246,67.5005027843617,50.4056992770032,63.759587807973,69.9297263749191,56.4424689635815,67.1414552877457,58.9986536966418
47.4265543685898,65.6599229692192,69.4053492498495,55.88540403794,58.5943735977981,69.2499460523342,65.4558676662245,52.7819758599563,65.304946559343,61.958601017815,67.8431843059573,51.0847041427124,61.867374755039,67.5223665189153,60.5127757543223,60.429918938723,58.3495320457551,64.0783403896492,56.7460651975704,58.6230469015679,67.6736982487419,66.6772079038063,66.9827688571588,67.662803420926,67.5005027843617,50.4056992770032,63.759587807973,69.9297263749191,56.4424694249792,67.1414552877457,58.9986536966418
47.4265543685898,65.6599229692192,69.4053492498495,55.88540403794,58.5943735977981,69.2499460523342,65.4558676662245,52.7819758599563,65.304946559343,61.958601017815,67.8432700788821,51.0847041427124,61.8677571741553,67.5223665189153,60.512798251728,60.429918938723,58.3495320457551,64.0783905842592,56.7460651975704,58.6230469015679,67.6736982487419,66.6772079038063,66.9827688571588,67.662803420926,67.5005027843617,50.4056992770032,63.759587807973,69.9298715735122,56.4424694249792,67.1414552877457,58.9986536966418
47.4267278056709,65.6599229692192,69.4053492498495,55.88540403794,58.5943751106556,69.2499460523342,65.4558676662245,52.7819758599563,65.3050256874233,61.958601017815,67.8432700788821,51.0847041427124,61.8677571741553,67.5223665189153,60.512798251728,60.429918938723,58.3496337096515,64.078858254759,56.7460651975704,58.6230469015679,67.6736982487419,66.6772079038063,66.9827688571588,67.662803420926,67.5005795187626,50.4056992770032,63.759587807973,69.9298715735122,56.4424694249792,67.1415396575305,58.9986536966418
47.4268528664135,65.6599229692192,69.40535397098,55.88540403794,58.5943751106556,69.2499460523342,65.4558676662245,52.7819758599563,65.3050256874233,61.958601017815,67.843363212536,51.084735214186,61.8677571741553,67.5223665189153,60.512798251728,60.429918938723,58.3496337096515,64.078858254759,56.7460651975704,58.6230469015679,67.6736982487419,66.6772079038063,66.9855720996323,67.6628035420735,67.5005795187626,50.4056992770032,63.759587807973,69.9298715735122,56.4424694249792,67.1415396575305,58.9987826219432
47.4268528664135,65.6599229692192,69.4053678081077,55.88540403794,58.5943751106556,69.2499460523342,65.4558676662245,52.7819758599563,65.3051159449355,61.958601017815,67.843688237861,51.084735214186,61.8677571741553,67.5223665189153,60.512798251728,60.429918938723,58.3496337096515,64.0790156202429,56.7461503499013,58.6230469015679,67.6736982487419,66.6772079038063,66.9855720996323,67.6628035420735,67.5005795187626,50.4056992770032,63.759587807973,69.9298715735122,56.4424694249792,67.1415480062577,58.9987826219432
47.4269729775761,65.6599229692192,69.4053678081077,55.88540403794,58.5943751106556,69.2499460523342,65.458380929646,52.7819758599563,65.3051426556374,61.958601017815,67.843688237861,51.0847508479154,61.8677571741553,67.5223665189153,60.512798251728,60.429918938723,58.3496337096515,64.0796306555979,56.7461503499013,58.6230469015679,67.6736982487419,66.6772079038063,66.9907886557272,67.6628035420735,67.5005795187626,50.4056992770032,63.7625144123109,69.9298715735122,56.4424694249792,67.1415480062577,58.9987826219432
47.4269729775761,65.6599229692192,69.4053678081077,55.88540403794,58.5943751106556,69.2499460523342,65.458380929646,52.7819758599563,65.3051426556374,61.958601017815,67.8437302547686,51.0847508479154,61.8679245505262,67.5223665189153,60.512798251728,60.4308755864177,58.3496337096515,64.0796306555979,56.7461503499013,58.6230469015679,67.6736982487419,66.6772079038063,66.9907886557272,67.6628035420735,67.5005795187626,50.4056992770032,63.7625144123109,69.9298715735122,56.4424694249792,67.1415480062577,58.9987826219432
47.4271439420503,65.6599229692192,69.4053678081077,55.88540403794,58.5943844026379,69.2499460523342,65.458380929646,52.7819758599563,65.3051426556374,61.958601017815,67.8438883312566,51.0847727616054,61.8679645323372,67.5223665189153,60.512798251728,60.4308755864177,58.3496337096515,64.0798964263172,56.7461503499013,58.6230469015679,67.6736982487419,66.6772079038063,66.9907886557272,67.6628035420735,67.5005795187626,50.4056992770032,63.7629954386698,69.9298715735122,56.4424694249792,67.1415885871062,58.9988080388917
47.4271439420503,65.6599229692192,69.4053678081077,55.88540403794,58.5944115717681,69.2499460523342,65.458380929646,52.7819769256601,65.3051456639232,61.958601017815,67.8438883312566,51.0847727616054,61.8679645323372,67.5223725912379,60.512798251728,60.4308755864177,58.3496337096515,64.0799638249037,56.7461503499013,58.6230469015679,67.6736982487419,66.6772079038063,66.9907886557272,67.6628035420735,67.5006561196623,50.4056992770032,63.7629954386698,69.9298715735122,56.4424694249792,67.1415885871062,58.9988080388917
47.4271439420503,65.6599229692192,69.4053678081077,55.88540403794,58.5944115717681,69.2499460523342,65.458380929646,52.7819769256601,65.3051456639232,61.958601017815,67.8441382853602,51.084790269447,61.8679659020663,67.5223725912379,60.512798251728,60.4308755864177,58.3496403045678,64.0799638249037,56.7466196778838,58.6230469015679,67.6736982487419,66.6772079038063,66.9907886557272,67.6628035420735,67.5006561196623,50.4056992770032,63.7629954386698,69.9299647980325,56.4424694249792,67.1416441527702,58.9988080388917
47.4271439420503,65.6599229692192,69.4053678081077,55.88540403794,58.594414335327,69.2499460523342,65.458380929646,52.7819769256601,65.3051456639232,61.958601017815,67.8441382853602,51.084790269447,61.8693330895235,67.5223725912379,60.512798251728,60.4313236685758,58.3496403045678,64.0799638249037,56.7466196778838,58.6230469015679,67.6736982487419,66.677226251444,66.9907886557272,67.662813379651,67.5006561196623,50.4056992770032,63.7629954386698,69.9299647980325,56.4424694249792,67.1416441527702,58.9988080388917
47.4273321413529,65.6599229692192,69.4053678081077,55.88540403794,58.594414335327,69.2499460523342,65.458380929646,52.7819786561395,65.3051456639232,61.9617497278323,67.8442875214016,51.0848023730555,61.8693330895235,67.5223725912379,60.512798251728,60.4313236685758,58.3496403045678,64.0801187463349,56.7466196778838,58.6230469015679,67.6736982487419,66.677226251444,66.9914844589544,67.662813379651,67.5007016020336,50.4056992770032,63.7629954386698,69.9299845879507,56.4424694249792,67.1416441527702,58.9988080388917
47.4273321413529,65.6599229692192,69.4053708746509,55.88540403794,58.5944147531197,69.2499460523342,65.458380929646,52.7819786561395,65.3051456639232,61.9617497278323,67.8443973358572,51.0848023730555,61.8694379103411,67.5223725912379,60.512798251728,60.4313236685758,58.3496403045678,64.0801187463349,56.7466196778838,58.6230469015679,67.6736982487419,66.677226251444,66.9914844589544,67.662813379651,67.5007016020336,50.4056992770032,63.7629954386698,69.9299845879507,56.4424694249792,67.1416441527702,58.9988408378465
47.4273321413529,65.6599229692192,69.4053709991005,55.88540403794,58.5944147531197,69.2499460523342,65.458380929646,52.7819786561395,65.3051494230048,61.9617497278323,67.8443973358572,51.084846664329,61.8699377956368,67.5223725912379,60.512798251728,60.4313236685758,58.3496403045678,64.0802099683438,56.7466196778838,58.6230469015679,67.6738035059508,66.677226251444,66.9914844589544,67.662813379651,67.5007016020336,50.4056992770032,63.7629954386698,69.9299845879507,56.4424694249792,67.1416441527702,58.9991084920434
47.4273321413529,65.6599229692192,69.4053709991005,55.88540403794,58.5944891166482,69.2499460523342,65.458380929646,52.7819798601179,65.3051494230048,61.9621106140174,67.8447004273235,51.084846664329,61.8699377956368,67.5223725912379,60.512798251728,60.4313236685758,58.3496403045678,64.0802532958351,56.7467436462726,58.6230469015679,67.6738035059508,66.677226251444,66.9914844589544,67.6628163598893,67.5007016020336,50.4056992770032,63.7629954386698,69.9299845879507,56.4424694249792,67.1416441527702,58.9991084920434
47.4273321413529,65.6599229692192,69.4053716129376,55.88540403794,58.5944891166482,69.2499460523342,65.458380929646,52.7819798601179,65.3051734073381,61.9621106140174,67.8447087711819,51.084846664329,61.8700381340012,67.5223725912379,60.5128024951812,60.4313236685758,58.3496403045678,64.0802532958351,56.7467436462726,58.6230469015679,67.6738035059508,66.677226251444,66.9914844589544,67.6628163598893,67.5007016020336,50.4056992770032,63.7637914975974,69.9300348003615,56.4424694249792,67.1416441527702,58.9991084920434
47.4273321413529,65.6599229692192,69.4053856341342,55.88540403794,58.5945308141209,69.2561024806907,65.458380929646,52.7819819385279,65.3051767854615,61.9658919525013,67.8447087711819,51.084846664329,61.8708104428963,67.5223739250944,60.5128024951812,60.4313236685758,58.3496403045678,64.0802718801652,56.7467436462726,58.6230469015679,67.6738035059508,66.677226251444,66.9914844589544,67.6628163598893,67.5007016020336,50.4056992770032,63.7637914975974,69.9300348003615,56.4424694249792,67.1416441527702,58.9991084920434
47.4273321413529,65.6599229692192,69.4053856341342,55.88540403794,58.5945308141209,69.2561024806907,65.458380929646,52.7819819385279,65.3051767854615,61.9658919525013,67.8448119954607,51.084846664329,61.8708104428963,67.5223739250944,60.5128024951812,60.4314324769078,58.3496403045678,64.0810077451127,56.7467436462726,58.6230469015679,67.6738035059508,66.677226251444,66.9914844589544,67.6628193054992,67.5007016020336,50.4056992770032,63.7637914975974,69.9300348003615,56.4424716986509,67.1416441527702,58.9991084920434
47.4274694347792,65.6599229692192,69.4053915883906,55.88540403794,58.5946313425003,69.2561024806907,65.458380929646,52.7819833350753,65.3051971803788,61.9658919525013,67.8448812515408,51.0848536725965,61.8710157944102,67.5223747778132,60.5128024951812,60.4314324769078,58.3496403045678,64.0810077451127,56.7467436462726,58.6230469015679,67.6738035059508,66.677226251444,66.9914844589544,67.6628211153248,67.5008797001651,50.4056992770032,63.7637914975974,69.9300348003615,56.4424716986509,67.1416520173538,58.9991512240652
47.4277252782388,65.6599229692192,69.4053960289033,55.88540403794,58.5947854282409,69.2561024806907,65.458380929646,52.7819833350753,65.3051977465748,61.9671405028258,67.8448812515408,51.0848536725965,61.8732700309199,67.5223747778132,60.5128024951812,60.4314324769078,58.3496403045678,64.0810077451127,56.7467436462726,58.6230469015679,67.6738035059508,66.677226251444,66.9918506155336,67.6628211153248,67.5008797001651,50.4056992770032,63.7637914975974,69.9300541442162,56.4424716986509,67.1416520173538,58.9991512240652
47.4277252782388,65.6599229692192,69.4053960289033,55.88540403794,58.5947854282409,69.2561024806907,65.458380929646,52.7819842350565,65.3051977465748,61.9671405028258,67.845093535446,51.0848536725965,61.8732700309199,67.5223760570144,60.5128024951812,60.4314324769078,58.3496403045678,64.0810243876133,56.7467436462726,58.6230469015679,67.6738035059508,66.677226251444,66.9918506155336,67.6628211153248,67.5008797001651,50.4056992770032,63.7637914975974,69.9300541442162,56.4424716986509,67.1416520173538,58.9991512240652
47.4279018858759,65.6599229692192,69.4054877469227,55.88540403794,58.5947854282409,69.2561024806907,65.458380929646,52.7819842350565,65.3052222995594,61.9671405028258,67.8453513900347,51.0848853900964,61.8743755520584,67.5223760570144,60.5128024951812,60.4316000553662,58.3496403045678,64.0810243876133,56.7467436462726,58.6489434034508,67.6738035059508,66.677226251444,66.9930230578584,67.6628222513989,67.5008797001651,50.4056992770032,63.7637914975974,69.9300541442162,56.4424716986509,67.1416520173538,58.9991908564205
47.4279018858759,65.6599229692192,69.4055107931596,55.88540403794,58.5948072527684,69.2561215721615,65.458380929646,52.781984788661,65.3052222995594,61.9678989953711,67.8453513900347,51.0848853900964,61.8751555961408,67.5223760570144,60.5128024951812,60.4316000553662,58.3496403045678,64.0813815991925,56.7467436462726,58.6489434034508,67.6738035059508,66.677226251444,66.9932046637129,67.6628274177173,67.5008797001651,50.4056992770032,63.7637914975974,69.9300879566398,56.4424720309629,67.1416520173538,58.9991908564205
47.4281218142132,65.6599229692192,69.4055107931596,55.88540403794,58.5948738174566,69.2561215721615,65.458380929646,52.7819851148212,65.3052222995594,61.9678989953711,67.8454215684106,51.0849536287935,61.8751555961408,67.5223767803082,60.5128024951812,60.4316000553662,58.3496403045678,64.0814241043531,56.7467436462726,58.6537779045579,67.6738035059508,66.677226251444,66.9932046637129,67.6628274177173,67.5008797001651,50.4056992770032,63.7637914975974,69.9300879566398,56.4424720309629,67.1416520173538,58.9991908564205
47.4282646115526,65.6599229692192,69.4055669049902,55.88540403794,58.5948738174566,69.2561215721615,65.458380929646,52.7819851148212,65.3052222995594,61.9678989953711,67.8454215684106,51.0849536287935,61.8772015209365,67.5223767803082,60.5128024951812,60.4316000553662,58.3496403045678,64.0814241043531,56.7467436462726,58.6537779045579,67.6738035059508,66.677226251444,66.9932046637129,67.6628334780517,67.5008797001651,50.4056992770032,63.7641111334889,69.9301006001366,56.4424720309629,67.1416520173538,58.9991908564205
47.4282646115526,65.6599229692192,69.4055669049902,55.88540403794,58.5950112909241,69.2561215721615,65.458380929646,52.781985300681,65.3052222995594,61.9678989953711,67.8454215684106,51.0849719628938,61.8784114661147,67.5223767803082,60.5128024951812,60.4316000553662,58.3496403045678,64.0814241043531,56.7467436462726,58.6537779045579,67.6738035059508,66.677226251444,66.9932046637129,67.6628334780517,67.5008797001651,50.4063441601551,63.7641111334889,69.9301006001366,56.4424720309629,67.1416520173538,58.9991908564205
47.4282646115526,65.6599229692192,69.4055669049902,55.88540403794,58.5950112909241,69.2561215721615,65.458380929646,52.7819854043195,65.3052222995594,61.9678989953711,67.8454949387708,51.0849719628938,61.8784114661147,67.5223767803082,60.5128418523829,60.4316000553662,58.3496403045678,64.0814241043531,56.7467436462726,58.6588049770954,67.6738035059508,66.677226251444,66.993808891032,67.6628388362105,67.5008797001651,50.4063441601551,63.7641111334889,69.9301006611565,56.4424720309629,67.1416526781039,58.9991908564205
47.4282646115526,65.6599229692192,69.4055994140667,55.88540403794,58.5950112909241,69.2561215721615,65.458380929646,52.7819854043195,65.3053215819031,61.9686438594857,67.8454993239777,51.0849719628938,61.8803182168979,67.5223767803082,60.5128418523829,60.4316000553662,58.3496935275059,64.0814241043531,56.7467436462726,58.6588049770954,67.6738035059508,66.677226251444,66.993808891032,67.6628388362105,67.5008797001651,50.4063441601551,63.7641111334889,69.9301006611565,56.4424740916903,67.1416526781039,58.9991908564205
47.4282646115526,65.6599229692192,69.4055994140667,55.88540403794,58.5950426573095,69.2590601885975,65.458380929646,52.7819854043195,65.3053576434743,61.9686438594857,67.8454993239777,51.0849719628938,61.8815463387027,67.5223767803082,60.5128418523829,60.4316000553662,58.3496935275059,64.0814241043531,56.7467436462726,58.662331261934,67.6739200355212,66.677226251444,66.993808891032,67.6628388362105,67.5008797001651,50.4063441601551,63.7644264722271,69.9301006611565,56.4424740916903,67.1418537327889,58.9991908564205
47.4282646115526,65.6599229692192,69.4055994140667,55.88540403794,58.5950426573095,69.2590601885975,65.458380929646,52.7819854614419,65.3053576434743,61.9702631753509,67.8455157022256,51.0849719628938,61.8815463387027,67.5223782784209,60.5128418523829,60.4316000553662,58.3496935275059,64.0814241043531,56.7467436462726,58.662331261934,67.6739200355212,66.677226251444,66.993808891032,67.6628482323383,67.5010168989912,50.4063441601551,63.7644264722271,69.9301006611565,56.4424740916903,67.1418537327889,58.9991908564205
47.428400208674,65.6599229692192,69.4055994140667,55.88540403794,58.595054969087,69.2590601885975,65.458380929646,52.7819854614419,65.3053576434743,61.9702631753509,67.8455157022256,51.0849719628938,61.8846922769882,67.5223782784209,60.5129059866518,60.4316000553662,58.3496935275059,64.0814241043531,56.7467436462726,58.6693559435962,67.6740900585751,66.677226251444,66.993808891032,67.6628550077579,67.5010168989912,50.4063441601551,63.7647215662214,69.9301006611565,56.4424746181159,67.141863032867,58.9991908564205
47.428400208674,65.6599229692192,69.4055994140667,55.88540403794,58.595054969087,69.2590601885975,65.458380929646,52.7819854927962,65.3053576434743,61.9702631753509,67.8456297423469,51.0850014816818,61.8867153339243,67.5223783527591,60.5129059866518,60.4320627183379,58.3496935275059,64.0814986990055,56.7467436462726,58.6693559435962,67.6740900585751,66.677226251444,66.993808891032,67.6628550077579,67.5011122184139,50.4063441601551,63.7647215662214,69.9301006611565,56.4424746181159,67.141863032867,58.9991908564205
47.4285138252933,65.6599229692192,69.4055994140667,55.88540403794,58.595054969087,69.2590601885975,65.458380929646,52.7819854927962,65.3053594485843,61.9702631753509,67.8456889896849,51.0850014816818,61.8867153339243,67.5223788874344,60.5129059866518,60.4320627183379,58.3496935275059,64.0814986990055,56.7467436462726,58.6735003982207,67.6740900585751,66.677226251444,66.993808891032,67.6628599051415,67.5011122184139,50.4063441601551,63.7647406872739,69.9301006611565,56.4424746181159,67.141863032867,58.9991908564205
47.4285138252933,65.6599229692192,69.4055994140667,55.88540403794,58.5951329801196,69.2590601885975,65.458380929646,52.7819855100287,65.3053678425272,61.9702631753509,67.8456889896849,51.0850014816818,61.8872362523074,67.5223788874344,60.5129059866518,60.4320627183379,58.3496935275059,64.0814986990055,56.7467436462726,58.6801522257873,67.6741923018993,66.677226251444,66.993808891032,67.6628599051415,67.5011122184139,50.4063441601551,63.7647406872739,69.9301006611565,56.4424747142332,67.141863032867,58.9991908564205
47.4286772340556,65.6599229692192,69.4056021880443,55.88540403794,58.5951329801196,69.2590601885975,65.458380929646,52.7819855195517,65.3053678425272,61.9702631753509,67.845714188198,51.0850014816818,61.8872362523074,67.5223801395744,60.5129059866518,60.4320627183379,58.3496935275059,64.0814986990055,56.7467436462726,58.6801522257873,67.6741923018993,66.677226251444,66.993808891032,67.6628599051415,67.501119783257,50.4063441601551,63.7647406872739,69.9301006611565,56.4424747142332,67.1418982134011,58.9991908564205
47.4286772340556,65.6599229692192,69.4056021880443,55.88540403794,58.595376800799,69.2590601885975,65.458380929646,52.7819855195517,65.3054130760021,61.9702631753509,67.8457704620696,51.0850014816818,61.8872362523074,67.5223801395744,60.5129059866518,60.4320627183379,58.3496935275059,64.0816491165359,56.7467436462726,58.6821777022761,67.6742442908489,66.677226251444,66.993808891032,67.6628599051415,67.501119783257,50.4063441601551,63.7649218427645,69.9301006611565,56.4424747142332,67.1418982134011,58.9991908564205
47.4286772340556,65.6599229692192,69.4056021880443,55.88540403794,58.595376800799,69.2590601885975,65.458380929646,52.7819858921397,65.3054184376008,61.9702631753509,67.8457704620696,51.0850014816818,61.8872362523074,67.5223804907825,60.5129059866518,60.4320627183379,58.3496935275059,64.0816491165359,56.7467436462726,58.6833583619749,67.6742442908489,66.677226251444,66.993808891032,67.6628599051415,67.501119783257,50.4063441601551,63.7649218427645,69.930101355726,56.4424747142332,67.1420063429448,58.9991908564205
47.4286772340556,65.6599229692192,69.4056021880443,55.88540403794,58.595376800799,69.2605283484147,65.4606927227568,52.7819859021125,65.3054184376008,61.9702631753509,67.8457754362734,51.0850014816818,61.8872362523074,67.5223811320601,60.5129059866518,60.4320627183379,58.3496935275059,64.0816491165359,56.7467436462726,58.6833583619749,67.6742442908489,66.677226251444,66.993808891032,67.6628599051415,67.501119783257,50.4063441601551,63.7649218427645,69.930101355726,56.4424747142332,67.1420063429448,58.9991908564205
47.4286772340556,65.6599229692192,69.4056021880443,55.88540403794,58.595376800799,69.2605283484147,65.4606927227568,52.7819859021125,65.3054184376008,61.9702631753509,67.8458647828709,51.0850014816818,61.8872362523074,67.5223811320601,60.5129059866518,60.4320627183379,58.3497765593682,64.0816491165359,56.7467436462726,58.6833583619749,67.6742788772699,66.677226251444,66.994202915103,67.6628666708698,67.501119783257,50.4063441601551,63.7649218427645,69.930101355726,56.4424760682723,67.1420176632958,58.9991908564205
47.4286772340556,65.6599229692192,69.4056021880443,55.88540403794,58.5954070822705,69.2605283484147,65.4606927227568,52.7819859021125,65.3054184376008,61.9702631753509,67.8458647828709,51.0850014816818,61.8872362523074,67.5223811320601,60.5129059866518,60.4320627183379,58.3497765593682,64.0816823959474,56.7467436462726,58.6833583619749,67.6742788772699,66.677226251444,66.994202915103,67.6628666708698,67.5011645094438,50.4063441601551,63.7649218427645,69.930101355726,56.4424760682723,67.1420176632958,58.9991908564205
47.4286772340556,65.6599229692192,69.4056021880443,55.88540403794,58.5954070822705,69.274139132001,65.4606927227568,52.7819859021125,65.3054184376008,61.9702631753509,67.8458647828709,51.0850014816818,61.8872362523074,67.5223811320601,60.5129059866518,60.4320627183379,58.3497765593682,64.0816823959474,56.7467436462726,58.6833583619749,67.6742788772699,66.677226251444,66.994202915103,67.6628714553135,67.5011645094438,50.4063441601551,63.7649218427645,69.930101355726,56.4424760682723,67.1420176632958,58.9992031244154
47.4286772340556,65.6599229692192,69.4056104800732,55.88540403794,58.5954070822705,69.274139132001,65.4606927227568,52.7819859021125,65.3054184376008,61.9702631753509,67.8459050357193,51.0850014816818,61.8872362523074,67.5223811320601,60.5129059866518,60.4320793059607,58.3497765593682,64.0820866877985,56.7467436462726,58.6833583619749,67.6742788772699,66.677226251444,66.994202915103,67.6628714553135,67.5011645094438,50.4063441601551,63.7649218427645,69.930101355726,56.4424765860539,67.1420382968157,58.9992031244154
47.4286772340556,65.6599229692192,69.4056104800732,55.88540403794,58.5954070822705,69.274139132001,65.4606927227568,52.781986490519,65.3054208301368,61.9702631753509,67.8459050357193,51.0850046225911,61.8872362523074,67.5223811320601,60.5129059866518,60.4320793059607,58.3497765593682,64.0820866877985,56.7467436462726,58.6833583619749,67.6742788772699,66.677226251444,66.9943537393648,67.6628714553135,67.5011645094438,50.4063441601551,63.7649218427645,69.930101355726,56.4424765860539,67.1420382968157,58.9992031244154
47.4286772340556,65.6599229692192,69.4056139231503,55.88540403794,58.5954070822705,69.274139132001,65.4606927227568,52.781986490519,65.3054208301368,61.9702631753509,67.8459050357193,51.0850046225911,61.8872362523074,67.5223811679622,60.5129059866518,60.4320793059607,58.3498568689069,64.0821578192044,56.7467436462726,58.6833583619749,67.6742788772699,66.677226251444,66.9944292629895,67.6628714553135,67.5011645094438,50.4063441601551,63.7649218427645,69.930101355726,56.4424765860539,67.1420382968157,58.9992031244154
47.4286772340556,65.6599229692192,69.4056139231503,55.88540403794,58.5954070822705,69.274139132001,65.4606927227568,52.781986490519,65.3054208301368,61.9702631753509,67.8459050357193,51.0850046225911,61.8872362523074,67.5223811679622,60.5129059866518,60.4320793059607,58.3498568689069,64.0821578192044,56.7468425264524,58.6833583619749,67.6742788772699,66.6777180732467,66.9944292629895,67.6628714553135,67.5011645094438,50.4063441601551,63.7649218427645,69.930101355726,56.4424765860539,67.1421108773757,58.9992728161168
47.4286772340556,65.6599229692192,69.4056297342335,55.88540403794,58.5954070822705,69.274139132001,65.4606927227568,52.781986490519,65.3054577946464,61.9702631753509,67.8459050357193,51.0850046225911,61.8872362523074,67.5223811679622,60.5129059866518,60.4320793059607,58.3498568689069,64.082316811572,56.7468425264524,58.6833583619749,67.6743467554856,66.6777180732467,66.9944292629895,67.6628714553135,67.5011645094438,50.4063441601551,63.7649234504436,69.930101355726,56.4424765860539,67.1421108773757,58.9992728161168
47.4286772340556,65.6599229692192,69.4056297342335,55.88540403794,58.5954070822705,69.2752910036064,65.4606927227568,52.781986490519,65.3054577946464,61.9702631753509,67.8459144710942,51.0850046225911,61.8872362523074,67.5223813178124,60.5129059866518,60.4320793059607,58.3498576661634,64.082316811572,56.7468425264524,58.6833583619749,67.6743467554856,66.6777180732467,66.9944292629895,67.6628714553135,67.5011645094438,50.4063441601551,63.7649234504436,69.9301046754819,56.4424776658458,67.142119300543,58.9993861359379
47.4286772340556,65.6599229692192,69.4056297342335,55.88540403794,58.5954191378501,69.2752910036064,65.4606927227568,52.781986490519,65.3055057718684,61.9702631753509,67.8459144710942,51.0850046225911,61.8872362523074,67.5223813178124,60.5129059866518,60.4323180544918,58.3498576661634,64.082316811572,56.7468425264524,58.6833583619749,67.6743467554856,66.6777957656124,66.9944292629895,67.662874858134,67.5011645094438,50.4063441601551,63.7649234504436,69.9301046754819,56.4424776658458,67.1421205705883,58.9993861359379
47.4286772340556,65.6599229692192,69.4056297342335,55.88540403794,58.5954191378501,69.2752910036064,65.4606927227568,52.7819866260476,65.3055057718684,61.9702631753509,67.8459144710942,51.0850046225911,61.8872362523074,67.5223813178124,60.5129059866518,60.4323180544918,58.3498576661634,64.082316811572,56.7468425264524,58.6846098934716,67.6743467554856,66.6777957656124,66.9944536856085,67.662874858134,67.5011645094438,50.4063441601551,63.7649689578425,69.9301070381438,56.4424776658458,67.1421205705883,58.9993861359379
47.4286772340556,65.6599229692192,69.4056297342335,55.88540403794,58.5954191378501,69.2752910036064,65.4606927227568,52.7819866260476,65.3055057718684,61.9702631753509,67.8459401341967,51.0850092307861,61.8872362523074,67.5223813178124,60.5129059866518,60.4323180544918,58.3498576661634,64.0825565670028,56.7473926159058,58.6846098934716,67.6743467554856,66.6777957656124,66.9945460202965,67.6628772919943,67.5011777726291,50.4063441601551,63.7649689578425,69.9301070381438,56.4424776658458,67.1422001536394,58.9993861359379
47.4286772340556,65.6599229692192,69.4056297342335,55.88540403794,58.5954761556455,69.2752910036064,65.4606927227568,52.7819866260476,65.3055057718684,61.9706253039009,67.8459401341967,51.0850092307861,61.8872362523074,67.5223813178124,60.5129059866518,60.4324307809585,58.3499345397434,64.0825565670028,56.7473926159058,58.6864451913776,67.6743649355969,66.6777957656124,66.9945460202965,67.6628772919943,67.5011777726291,50.4063441601551,63.7649689578425,69.9301086649723,56.4424776658458,67.1422089857276,58.9993861359379
47.4286772340556,65.6599229692192,69.4056301542206,55.88540403794,58.5954761556455,69.2752910036064,65.4606927227568,52.7819866260476,65.3055057718684,61.9706253039009,67.8459401341967,51.0850092307861,61.8872362523074,67.5223813178124,60.5129098762869,60.4324307809585,58.3499345397434,64.0825565670028,56.7473926159058,58.6864451913776,67.6743649355969,66.6777957656124,66.9945541892409,67.6628772919943,67.5011777726291,50.4063441601551,63.7649689578425,69.9301086649723,56.4424776658458,67.1422089857276,58.9993861359379
47.4286772340556,65.6599229692192,69.4056301542206,55.88540403794,58.5954761556455,69.2752910036064,65.4606927227568,52.7819866339048,65.3055057718684,61.9706253039009,67.8459492896497,51.0850092307861,61.8872362523074,67.5223813178124,60.5129098762869,60.4324307809585,58.3499345397434,64.0825565670028,56.7473926159058,58.687499982196,67.6743649355969,66.6777957656124,66.9945541892409,67.6628772919943,67.5012025498646,50.4063441601551,63.7649689578425,69.9301097975658,56.4424776658458,67.1422089857276,58.9993861359379
47.4286772340556,65.6599229692192,69.4056301542206,55.88540403794,58.5954761556455,69.2757871709204,65.4606927227568,52.7819866339048,65.3055057718684,61.9706253039009,67.8459794162256,51.0850092307861,61.8872362523074,67.5223813178124,60.5129098762869,60.4334326185779,58.3499345397434,64.0825565670028,56.7473926159058,58.687499982196,67.6743993724717,66.6777957656124,66.9945541892409,67.6628772919943,67.5012025498646,50.4063441601551,63.7649971200321,69.9301097975658,56.4424776658458,67.1422089857276,58.9993861359379
47.4288606757237,65.6599229692192,69.4056301542206,55.88540403794,58.5954761556455,69.2757871709204,65.4606927227568,52.7819866339048,65.3055057718684,61.9706253039009,67.8459794162256,51.0850131103806,61.8872362523074,67.5223813178124,60.5129098762869,60.4334326185779,58.349944871553,64.0825565670028,56.7473926159058,58.688114510741,67.6743993724717,66.6777957656124,66.9945541892409,67.6628772919943,67.5012184175954,50.4063441601551,63.7650178936962,69.9301105939326,56.4424776658458,67.1422089857276,58.9993901374965
47.4288606757237,65.6599229692192,69.4056301542206,55.88540403794,58.5954761556455,69.2757871709204,65.4606927227568,52.7819866339048,65.305528229874,61.9706253039009,67.8459794162256,51.0850131103806,61.8872362523074,67.5223813178124,60.5129098762869,60.4335463414817,58.349944871553,64.0825565670028,56.7479015953257,58.6884791316226,67.6743993724717,66.6777957656124,66.9945541892409,67.6628772919943,67.5012184175954,50.4064192493536,63.7650178936962,69.9301105939326,56.4424776658458,67.1422089857276,58.9993901374965
47.4290079414907,65.6599229692192,69.4056301542206,55.88540403794,58.5954761556455,69.2766505462362,65.4606927227568,52.7819866339048,65.305528229874,61.9706253039009,67.8459794162256,51.0850131103806,61.8872362523074,67.5223813178124,60.5129098762869,60.4335463414817,58.349944871553,64.0825565670028,56.7479015953257,58.6884791316226,67.6743993724717,66.6777957656124,66.9945541892409,67.6628772919943,67.5012184175954,50.4064192493536,63.7650295497098,69.9301111586165,56.4424776658458,67.1422089857276,58.9993901374965
47.4290079414907,65.6599229692192,69.4056301542206,55.88540403794,58.5955041296323,69.2766505462362,65.4614787846784,52.7819866339048,65.305528229874,61.9706253039009,67.8459794162256,51.0850131103806,61.8872362523074,67.5223813178124,60.5129098762869,60.4335463414817,58.349944871553,64.0825565670028,56.7479015953257,58.6887001904297,67.6743993724717,66.6777957656124,66.9946211473233,67.6628772919943,67.5012184175954,50.4064192493536,63.7650361860265,69.9301111586165,56.4424776658458,67.1422089857276,58.9993901374965
47.4290079414907,65.6599229692192,69.4056301542206,55.88540403794,58.5955041296323,69.2766505462362,65.4614787846784,52.7819866339048,65.305528229874,61.9706253039009,67.8459805719275,51.0850131103806,61.8872362523074,67.5223813178124,60.5129098762869,60.4340578954073,58.349944871553,64.0825565670028,56.7479015953257,58.6887001904297,67.6744055947553,66.6777957656124,66.9950588291784,67.6628772919943,67.5012184175954,50.4064770756148,63.7650361860265,69.9301115617715,56.4424776658458,67.1422089857276,58.9993901374965
47.4290079414907,65.6599229692192,69.405633217018,55.88540403794,58.5955041296323,69.2766505462362,65.4614787846784,52.7819866339048,65.305528229874,61.9706253039009,67.8459805719275,51.085021981408,61.8872362523074,67.5223815763914,60.5129098762869,60.4340578954073,58.349944871553,64.0825565670028,56.7479015953257,58.6888862043186,67.6744055947553,66.6777957656124,66.9950588291784,67.6628772919943,67.501221562441,50.4064770756148,63.7650400319541,69.9301115617715,56.4424776658458,67.1422089857276,58.9993901374965
47.4291176909423,65.6599229692192,69.405633217018,55.88540403794,58.5955041296323,69.2766505462362,65.4614787846784,52.7819866339048,65.3055376841005,61.9706253039009,67.8459858355955,51.085021981408,61.8874293216462,67.5223815763914,60.5129421090245,60.4340578954073,58.3499481950778,64.0825565670028,56.7479015953257,58.6896961276662,67.6744055947553,66.6777957656124,66.9950714437339,67.6628772919943,67.501221562441,50.4064770756148,63.7650400319541,69.9301115617715,56.4424776658458,67.1422089857276,58.9994336573886
47.4291176909423,65.6599229692192,69.405633217018,55.88540403794,58.5955246560799,69.2766505462362,65.4614787846784,52.7819866339048,65.3055376841005,61.9706253039009,67.8459858355955,51.085021981408,61.8876456669386,67.5223816000598,60.5129421090245,60.4340578954073,58.3499481950778,64.0825565670028,56.7479015953257,58.6896961276662,67.6744055947553,66.6777957656124,66.9952835991917,67.6628772919943,67.501221562441,50.4064770756148,63.7650433988778,69.9301239967233,56.4424776658458,67.1422089857276,58.9994336573886
47.4291176909423,65.6599229692192,69.405633217018,55.88540403794,58.5955246560799,69.2766505462362,65.4614787846784,52.7819866339048,65.3055510644368,61.9706253039009,67.8460002433379,51.085021981408,61.8876456669386,67.5223816000598,60.5129421090245,60.4340578954073,58.3499481950778,64.0825565670028,56.7479015953257,58.6897465964094,67.674407119041,66.6777957656124,66.9952835991917,67.6628772919943,67.501221562441,50.4064770811839,63.765043426263,69.9301239967233,56.4424776658458,67.1422089857276,58.9994336573886
47.4291176909423,65.6599229692192,69.4056443249995,55.88540403794,58.5955246560799,69.2766505462362,65.4614787846784,52.7819866339048,65.3055510644368,61.9706253039009,67.8460002433379,51.085021981408,61.8876456669386,67.5223816000598,60.5129421090245,60.434379069283,58.3499543572907,64.0825568652866,56.7479015953257,58.6897465964094,67.674407119041,66.6777957656124,66.9956763470903,67.6628772919943,67.501221562441,50.4064770811839,63.765043426263,69.9301239967233,56.4424776658458,67.1422089857276,58.9994352906495
47.4291176909423,65.6599229692192,69.4056443249995,55.88540403794,58.5955246560799,69.2766505462362,65.4614787846784,52.7819866339048,65.3055510644368,61.9706253039009,67.8460002433379,51.085035794034,61.8876456669386,67.5223816000598,60.5129421090245,60.434379069283,58.3499543572907,64.0825568652866,56.7479015953257,58.6897465964094,67.674407119041,66.6777957656124,66.9956763470903,67.6628772919943,67.501221562441,50.4064770811839,63.765043426263,69.9301239967233,56.4424776658458,67.1422089857276,58.9994352906495
47.4291176909423,65.6713083554487,69.4056443249995,55.88540403794,58.5955246560799,69.2775069690825,65.4629182218092,52.7819866339048,65.3055510644368,61.9706253039009,67.8460002433379,51.085035794034,61.8876456669386,67.5223816000598,60.5129421090245,60.434379069283,58.3499543572907,64.0827133381744,56.7479015953257,58.6897465964094,67.674407119041,66.6777957656124,66.9956763470903,67.6628772919943,67.501221562441,50.4064770811839,63.765043426263,69.9301239967233,56.4424778175262,67.1422089857276,58.9994352906495
47.4291176909423,65.6713083554487,69.4056443249995,55.88540403794,58.5955246560799,69.2775069690825,65.4629182218092,52.7819866339048,65.3055510644368,61.9706253039009,67.8460038035461,51.085035794034,61.8877255670621,67.5223816000598,60.5129421090245,60.4347931479149,58.3504000335163,64.0827133381744,56.7479015953257,58.689993053443,67.6744106952711,66.6777957656124,66.9960538375198,67.6628772919943,67.501221562441,50.4064770811839,63.765043426263,69.9301239967233,56.4424778175262,67.1422089857276,58.9994352906495
47.4291176909423,65.6713083554487,69.4056463822471,55.88540403794,58.5955246560799,69.2775069690825,65.4629182218092,52.7819866339048,65.3055510644368,61.9706253039009,67.8460038035461,51.085035794034,61.8877255670621,67.5223816000598,60.5129421090245,60.4347931479149,58.3504000335163,64.0827133381744,56.7479553746231,58.6902394637745,67.6744106952711,66.6777957656124,66.9960538375198,67.6628801425294,67.501230531109,50.4064798822466,63.7650489938336,69.9301239967233,56.4424778175262,67.1422089857276,58.9994409823135
47.4291176909423,65.6756404703426,69.4056463822471,55.88540403794,58.5955246560799,69.2775069690825,65.4629182218092,52.7819867285398,65.3055588320302,61.9706253039009,67.8460211062613,51.085035794034,61.8877255670621,67.5223816000598,60.5129421090245,60.4352719198053,58.3504000335163,64.0827133381744,56.7479553746231,58.6902394637745,67.6744106952711,66.6777957656124,66.9964552743254,67.6628801425294,67.501230531109,50.4064798822466,63.7650489938336,69.9301239967233,56.4424778175262,67.1422089857276,58.9994409823135
47.4291176909423,65.6756404703426,69.4056464777403,55.88540403794,58.5955246560799,69.2775069690825,65.4629182218092,52.7819867285398,65.3055588320302,61.9706253039009,67.8460211062613,51.0850392870286,61.8877255670621,67.5223816000598,60.5129421090245,60.4352719198053,58.3504000335163,64.0827133381744,56.7479553746231,58.6958860502167,67.6744106952711,66.6777957656124,66.9964552743254,67.6628801425294,67.5012349448137,50.4064798822466,63.7650532833306,69.9301362124712,56.4424778175262,67.1422089857276,58.9994409823135
47.4291176909423,65.6756404703426,69.4056464777403,55.88540403794,58.5955246560799,69.2775069690825,65.4629182218092,52.7819867285398,65.3055588320302,61.9706253039009,67.84606825504,51.0850392870286,61.8877255670621,67.5223816000598,60.5129421090245,60.4356087617502,58.3504000335163,64.0827133381744,56.7480950450446,58.6958860502167,67.6744106952711,66.6777957656124,66.9970452633933,67.6628822265944,67.5012349448137,50.4064798822466,63.7650532833306,69.9301362124712,56.4424778175262,67.1422089857276,58.9994409823135
47.4291176909423,65.6756404703426,69.4056464777403,55.88540403794,58.5955246560799,69.2775069690825,65.4629182218092,52.7819867285398,65.3055588320302,61.9706253039009,67.84606825504,51.0850392870286,61.8878439522112,67.5223816000598,60.5129421090245,60.4356087617502,58.3504000335163,64.0827822892167,56.7480950450446,58.6963852127484,67.6744106952711,66.6777957656124,66.9970452633933,67.6628822265944,67.5012361972004,50.4064816329007,63.7650556007491,69.9301371533051,56.4424778175262,67.1422089857276,58.9994409823135
47.4291176909423,65.6756404703426,69.4056464777403,55.88540403794,58.5955246560799,69.2775069690825,65.4629182218092,52.7819867285398,65.3055588320302,61.9706253039009,67.84606825504,51.0850392870286,61.8878439522112,67.5223816000598,60.5129421090245,60.4358636740893,58.3504000335163,64.0827822892167,56.7480950450446,58.7002191375726,67.6744106952711,66.6781951836882,66.9976784148208,67.6628837094055,67.5012361972004,50.4064816329007,63.7650556007491,69.9301371533051,56.4424778175262,67.1422382293901,58.9994409823135
47.4291176909423,65.6756404703426,69.4056464777403,55.88540403794,58.5955246560799,69.2775069690825,65.4629182218092,52.7819867285398,65.3055588320302,61.9706253039009,67.84606825504,51.0850392870286,61.8878439522112,67.5223816000598,60.5129421090245,60.4358636740893,58.3504000335163,64.0827822892167,56.7481654774497,58.7002191375726,67.6744106952711,66.6781951836882,66.9976784148208,67.6628837094055,67.5012361972004,50.4064828089122,63.7650656782651,69.9301511041858,56.4424778175262,67.1422382293901,58.9994409823135
47.4291176909423,65.6756404703426,69.4056464777403,55.88540403794,58.5955246560799,69.2775069690825,65.4629182218092,52.7819868682081,65.3055603063442,61.9706253039009,67.84606825504,51.0850392870286,61.8878439522112,67.5223816000598,60.5129426658568,60.4365600295547,58.3504000335163,64.0827822892167,56.7481654774497,58.7024913103421,67.6744111210999,66.6781951836882,66.9980237326301,67.6628837094055,67.5012361972004,50.4064828089122,63.7650656782651,69.9301511041858,56.4424778175262,67.1422382293901,58.9994409823135
47.4291176909423,65.6756404703426,69.4056464777403,55.88540403794,58.5955246560799,69.2775069690825,65.4629182218092,52.7819868682081,65.3055603063442,61.9706253039009,67.84606825504,51.0850392870286,61.8878439522112,67.5223816000598,60.5129426658568,60.4365600295547,58.3504009637643,64.0828073257732,56.7484052764023,58.7062543813892,67.6744111210999,66.6781951836882,66.9980237326301,67.6628852869931,67.5012361972004,50.4064828089122,63.7652425738741,69.9301511041858,56.4424778615531,67.1422382293901,58.9994409823135
47.4291176909423,65.6756404703426,69.4056464777403,55.88540403794,58.5955246560799,69.2775069690825,65.4629182218092,52.7819869978727,65.3055661225088,61.9706253039009,67.8460764936635,51.0850392870286,61.8878439522112,67.5223816000598,60.5129426658568,60.4368965558882,58.3504009637643,64.0828073257732,56.7484052764023,58.7062543813892,67.6744127287928,66.6781951836882,66.9985184285229,67.6628852869931,67.5012361972004,50.4064828089122,63.7652425738741,69.9301511041858,56.4424778615531,67.1422382293901,58.9994409823135
47.4291176909423,65.6756404703426,69.4056464777403,55.88540403794,58.5955246560799,69.2775069690825,65.4629182218092,52.7819869978727,65.3055661225088,61.9706253039009,67.8460764936635,51.0850394541401,61.8878439522112,67.5223816000598,60.5129426658568,60.4368965558882,58.3504009637643,64.0828073257732,56.7484052764023,58.7078034937546,67.6744127287928,66.6781951836882,66.9985184285229,67.6628865901739,67.5012361972004,50.4064828089122,63.765300833242,69.9301523922112,56.4424778615531,67.1422382293901,58.9994409823135
47.4291176909423,65.6756404703426,69.4056464777403,55.88540403794,58.5955246560799,69.2775069690825,65.4629182218092,52.7819869978727,65.3055661225088,61.9706253039009,67.8460905633499,51.0850394541401,61.8878439522112,67.5223816263401,60.5129426658568,60.4373430405769,58.3507116074459,64.0828073257732,56.7485586851047,58.7134807444531,67.6744127287928,66.6781951836882,66.9985757420796,67.6628865901739,67.5012361972004,50.4064828089122,63.765300833242,69.9301523922112,56.4424778615531,67.1422494276154,58.9994409823135
47.4291176909423,65.6756404703426,69.4056464777403,55.88540403794,58.5955246560799,69.2775069690825,65.4630722884938,52.7819869978727,65.3055669340263,61.9706253039009,67.8460905633499,51.0850394541401,61.8878439522112,67.5223816263401,60.5129426658568,60.4373430405769,58.3507116074459,64.0828073257732,56.7486806774187,58.7134807444531,67.6744129814845,66.6781951836882,66.9985757420796,67.6628874840984,67.5012361972004,50.4064828089122,63.7654150178704,69.9301523922112,56.4424778615531,67.1422494276154,58.9994409823135
47.4291176909423,65.6758923054559,69.4056464777403,55.88540403794,58.5955246560799,69.2775069690825,65.4630722884938,52.7819869978727,65.3055669340263,61.9706253039009,67.8460905633499,51.0850394541401,61.8878449523875,67.5223816372724,60.5129426658568,60.4376821622865,58.3507116074459,64.0828073257732,56.7486806774187,58.7134807444531,67.6744129814845,66.6781951836882,66.9991554712121,67.6628874840984,67.5012361972004,50.4064828089122,63.7654150178704,69.9301523922112,56.442477950485,67.1422494276154,58.9994409823135
47.4291176909423,65.6758923054559,69.4056464777403,55.88540403794,58.5955246560799,69.2775069690825,65.4630722884938,52.7819869978727,65.3055706805842,61.9708831078248,67.8460905633499,51.0850394541401,61.8878449523875,67.5223817395608,60.5129426658568,60.4376821622865,58.3507116074459,64.0828073257732,56.7486809124432,58.7134807444531,67.6744204322212,66.6781951836882,66.9991554712121,67.6628874840984,67.5012361972004,50.4064828089122,63.7656318209443,69.930153816795,56.442477950485,67.1422494276154,58.9994409823135
47.4291176909423,65.6758923054559,69.4056464777403,55.88540403794,58.5955246560799,69.2775069690825,65.4630722884938,52.781987124418,65.3055706805842,61.9708831078248,67.8461331820914,51.0850394541401,61.8878449523875,67.5223817395608,60.5129426658568,60.4376821622865,58.3507116074459,64.0828073257732,56.7486809124432,58.7206094091538,67.6744204322212,66.6781951836882,66.9993647901162,67.6628881715782,67.5012362871238,50.4064828089122,63.7656318209443,69.930153816795,56.4424781075596,67.1422494276154,58.9994409823135
47.4291176909423,65.6758923054559,69.4056464777403,55.88540403794,58.5955246560799,69.2775069690825,65.4630722884938,52.781987124418,65.3055712381025,61.9708831078248,67.8461331820914,51.0850394541401,61.8878634667275,67.5223817395608,60.5129426658568,60.4390269091349,58.3507116074459,64.0828073257732,56.7486809124432,58.7221717219987,67.6745261226273,66.6781951836882,66.9993647901162,67.6628881715782,67.5012362871238,50.4064828089122,63.7657761873851,69.9301556505378,56.4424781075596,67.142275980113,58.9994409823135
47.4291176909423,65.6758923054559,69.4056464777403,55.88540403794,58.5955246560799,69.2775069690825,65.4630722884938,52.781987124418,65.3055712381025,61.9715014671314,67.8461496329807,51.0850394541401,61.8878634667275,67.5223817395608,60.5129426658568,60.4390269091349,58.3507116074459,64.0828758649906,56.7486809124432,58.7221717219987,67.6745261226273,66.6781951836882,66.9993647901162,67.6628888990407,67.5012364836283,50.4064828089122,63.7657761873851,69.9301556505378,56.4424781075596,67.1422881943466,58.9994409823135
47.4291176909423,65.6758923054559,69.4056464777403,55.88540403794,58.5955246560799,69.2776342041524,65.4630722884938,52.781987124418,65.3055712381025,61.9715014671314,67.8461496329807,51.0850394541401,61.8878634667275,67.5223817395608,60.5129426658568,60.4392374751287,58.3507116074459,64.0828758649906,56.7486809124432,58.7244965513297,67.6745261226273,66.6781951836882,66.9993647901162,67.6628888990407,67.5012364836283,50.4064828089122,63.7661055467765,69.9301667318,56.4424781529769,67.1422881943466,58.9994448956794
47.4291176909423,65.6758923054559,69.4056464777403,55.88540403794,58.5955246560799,69.2776342041524,65.4630722884938,52.7819871437337,65.3055712381025,61.9715014671314,67.8461497543694,51.0850394541401,61.8878634667275,67.5223819166505,60.5129502205417,60.4392374751287,58.3507116074459,64.0828871030239,56.7486809124432,58.7244965513297,67.6745261226273,66.6781951836882,66.9994832506648,67.6628888990407,67.5012364836283,50.4064828089122,63.7664176233415,69.9301667318,56.4424781529769,67.1422881943466,58.9994448956794
47.4291176909423,65.6758923054559,69.4056464777403,55.88540403794,58.5955246560799,69.2776342041524,65.4630722884938,52.7819871437337,65.3055741597851,61.9719575889738,67.8461497543694,51.0850394541401,61.8880726704297,67.5223820220916,60.5129502205417,60.4392782091692,58.3507116074459,64.0828871030239,56.7487781162245,58.7269054105644,67.6745261226273,66.6781951836882,66.9994832506648,67.6628894064803,67.5012364836283,50.4064828089122,63.7664176233415,69.9301667318,56.4424781529769,67.1422894597011,58.9994448956794
47.4291176909423,65.6768114985702,69.4056464777403,55.88540403794,58.5955246560799,69.2776342041524,65.4630722884938,52.7819871532829,65.3055741597851,61.9719575889738,67.8461497543694,51.0850444722609,61.8880802880781,67.5223820220916,60.5129502205417,60.4392782091692,58.3507121582763,64.0828871030239,56.7487781162245,58.732543544928,67.6745261226273,66.6781951836882,66.9994832506648,67.6628894064803,67.5012364906392,50.4064828089122,63.7667279036002,69.9301667318,56.4424781529769,67.1422894597011,58.9994529774694
47.4291176909423,65.6768114985702,69.4056464777403,55.88540403794,58.5955246560799,69.2776342041524,65.4630722884938,52.7819871532829,65.3055741597851,61.9719575889738,67.8461497543694,51.0850444722609,61.8880802880781,67.5223820861047,60.5129502205417,60.4392782091692,58.3507121582763,64.0828871030239,56.7487781162245,58.732543544928,67.6745410185619,66.6781951836882,66.9995721462123,67.6628958775696,67.5012364906392,50.4064828089122,63.7669657602445,69.9301667318,56.4424781529769,67.1422894597011,58.9994529774694
47.4291176909423,65.6768114985702,69.4056464777403,55.88540403794,58.5955246560799,69.2779955897854,65.4630722884938,52.7819871532829,65.3055802500117,61.9719575889738,67.8461608788597,51.0850448891005,61.8880919683829,67.5223821477457,60.5129502205417,60.4392782091692,58.3507121582763,64.0829172207085,56.7487781162245,58.7353723672212,67.6745410185619,66.6781951836882,66.9995721462123,67.6628958775696,67.5012364906392,50.4064828089122,63.7669657602445,69.9301667318,56.4424781529769,67.1422894597011,58.9994529774694
47.4291176909423,65.6792384689123,69.4056491125496,55.88540403794,58.5955246560799,69.2779955897854,65.463922433578,52.7819872662814,65.3055802500117,61.9719575889738,67.8461608788597,51.085053537848,61.888154194768,67.5223821477457,60.5129502205417,60.4394495640152,58.3509611700488,64.0829172207085,56.7487781162245,58.7359937562182,67.6745416874455,66.6781951836882,66.9995721462123,67.6628958775696,67.5012364906392,50.4064830061485,63.7672943032004,69.9301667318,56.4424781529769,67.1422894597011,58.9994529774694
47.4291176909423,65.6792384689123,69.4056491125496,55.88540403794,58.5955246560799,69.2788248308887,65.463922433578,52.7819873000064,65.305583814456,61.972567778562,67.8461608788597,51.085053537848,61.888154194768,67.5223821477457,60.5129502205417,60.4394495640152,58.3509611700488,64.0829172207085,56.7487781162245,58.7359937562182,67.6745416874455,66.6781951836882,66.9998559732783,67.6628958775696,67.5012364906392,50.4064830061485,63.7672943032004,69.9301667318,56.4424781529769,67.1422894597011,58.9994529774694
47.4292088252309,65.6792384689123,69.4056518204185,55.88540403794,58.5955246560799,69.2788248308887,65.463922433578,52.7819873000064,65.305583814456,61.972567778562,67.8461608788597,51.085053537848,61.8881888124087,67.5223821956579,60.5129518699451,60.4394495640152,58.3509611700488,64.0829172207085,56.7489638188558,58.744555551707,67.6745416874455,66.6781951836882,66.9998559732783,67.6628958775696,67.5012809692294,50.4064830061485,63.7674337235057,69.9301667318,56.4424781825762,67.1423093238943,58.9994529774694
47.4292367886851,65.6792384689123,69.4056518204185,55.88540403794,58.5955246560799,69.2788248308887,65.463922433578,52.7819874602238,65.305583814456,61.972567778562,67.8461633514165,51.085053537848,61.8881888124087,67.5223821956579,60.5129518699451,60.4394495640152,58.3509611700488,64.0829172207085,56.7489638188558,58.7485298235279,67.6745416874455,66.6781951836882,67.0002064721878,67.6628958775696,67.5012809692294,50.4064830841789,63.768340163378,69.9301667318,56.4424781825762,67.1423093238943,58.9994529774694
47.4292367886851,65.6792384689123,69.4056547932369,55.88540403794,58.5955246560799,69.2788248308887,65.463922433578,52.7819874602238,65.305583814456,61.972567778562,67.8461633514165,51.085053537848,61.8881934854632,67.5223821956579,60.5129518699451,60.4394495640152,58.3509611700488,64.0829172207085,56.7489638188558,58.7485298235279,67.6745416874455,66.6781951836882,67.0002064721878,67.6628958775696,67.5014078061987,50.4064830841789,63.768340163378,69.9301667318,56.4424781874545,67.1423606040933,58.9994529774694
47.4292792077424,65.6792384689123,69.4056547932369,55.88540403794,58.5955246560799,69.2788248308887,65.463922433578,52.7819875367383,65.305583814456,61.972567778562,67.8461683039775,51.085053537848,61.888212518203,67.5223821956579,60.5129523402398,60.4394495640152,58.3509611700488,64.0829172207085,56.7489638188558,58.7485298235279,67.6745416874455,66.6781951836882,67.0003607720202,67.6628958775696,67.5014078061987,50.4064830841789,63.7687420357378,69.9301667318,56.4424781874545,67.1423606040933,58.9994529774694
47.4293108595761,65.6802058505034,69.4056555809605,55.88540403794,58.5955246560799,69.2788248308887,65.463922433578,52.781987630398,65.305583814456,61.972567778562,67.8461683039775,51.085053537848,61.888212518203,67.5223822032678,60.5129523402398,60.4394495640152,58.3510484569982,64.0829172207085,56.7490001380041,58.751938310271,67.6745416874455,66.6781951836882,67.0003607720202,67.6628958775696,67.5014078061987,50.4064830841789,63.7687420357378,69.9301667318,56.4424781874545,67.1423606040933,58.9994529774694
47.4293108595761,65.6802058505034,69.4056555809605,55.88540403794,58.5955246560799,69.2788248308887,65.463922433578,52.781987630398,65.305583814456,61.972567778562,67.8461683039775,51.085053537848,61.8882346827685,67.5223822032678,60.5129523402398,60.4394495640152,58.3510484569982,64.0829588980747,56.7490001380041,58.751938310271,67.6745416874455,66.6781951836882,67.0006156764433,67.6628958775696,67.5014078061987,50.4064830841789,63.7696967312406,69.9301667318,56.4424781874545,67.1423606040933,58.9994529774694
47.4293692335934,65.6802058505034,69.4056555809605,55.88540403794,58.5955246560799,69.2788248308887,65.463922433578,52.7819876342645,65.305583814456,61.972567778562,67.8461747655318,51.085053537848,61.8882724557881,67.5223822032678,60.5129523402398,60.4394495640152,58.3510484569982,64.0829588980747,56.7490001380041,58.7565059982176,67.6745416874455,66.6781951836882,67.0006156764433,67.6628958775696,67.5014078061987,50.4064830841789,63.7705015640613,69.9301667318,56.4424781874545,67.1423606040933,58.9994543090345
47.4293692335934,65.6802058505034,69.4056561993331,55.88540403794,58.5955246560799,69.2788248308887,65.463922433578,52.7819876342645,65.305583814456,61.972567778562,67.8461747655318,51.085053537848,61.8882724557881,67.5223822032678,60.5129523402398,60.4394495640152,58.3511108415282,64.0829588980747,56.7490001380041,58.7565059982176,67.6745416874455,66.6781951836882,67.000633316725,67.6628983026709,67.5014078061987,50.4064830841789,63.7705015640613,69.9301667318,56.4424781877185,67.1423606040933,58.9994543090345
47.4294410346927,65.6802058505034,69.4056561993331,55.88540403794,58.5955246560799,69.2788248308887,65.463922433578,52.7819876545074,65.3055847036576,61.972567778562,67.8461747655318,51.085053537848,61.8883084089593,67.5223822032678,60.5129523402398,60.4394495640152,58.3511108415282,64.0829588980747,56.7490001380041,58.7605955198956,67.6745416874455,66.6781951836882,67.000633316725,67.6628983026709,67.5014078061987,50.4064831326337,63.7714386999734,69.9301667318,56.4424781877185,67.1423606040933,58.999455417384
47.4295154210307,65.6802058505034,69.4056564142956,55.88540403794,58.5955246560799,69.2788248308887,65.463922433578,52.7819876545074,65.3055847036576,61.972567778562,67.8461747655318,51.085053537848,61.8884835334415,67.5223822032678,60.5129523402398,60.4394495640152,58.3511108415282,64.0829665650701,56.7490419636579,58.7605955198956,67.6745416874455,66.6781951836882,67.0006856932743,67.6628988216203,67.5014078061987,50.4064831326337,63.7714386999734,69.9301667318,56.4424781899529,67.1423606040933,58.999455417384
47.4295154210307,65.6802058505034,69.4056564142956,55.88540403794,58.5955246560799,69.2788248308887,65.463922433578,52.781987738282,65.3055853063193,61.972567778562,67.8461747655318,51.085053537848,61.8884835334415,67.5223822032678,60.5129523402398,60.4394559976673,58.3511688246219,64.0829665650701,56.7490419636579,58.7631794782821,67.6745416874455,66.6781951836882,67.0006856932743,67.6628988216203,67.5014078061987,50.4064831326337,63.7721635483571,69.9301671550731,56.4424781899529,67.1423606040933,58.9994588928144
47.4295688666329,65.6802058505034,69.4056564142956,55.88540403794,58.5955246560799,69.2788248308887,65.463922433578,52.781987738282,65.3055853063193,61.972567778562,67.8461747655318,51.085053537848,61.8884835334415,67.5223822032678,60.5129523402398,60.4394559976673,58.3511688246219,64.0829665650701,56.7491459368151,58.7631794782821,67.6745416874455,66.6781951836882,67.0006856932743,67.6629001389272,67.5014078061987,50.4064831326337,63.7730844064281,69.9301671550731,56.4424781899529,67.1423606040933,58.9994588928144
47.4295688666329,65.6802058505034,69.4056564142956,55.88540403794,58.5955317282215,69.2790465129499,65.463922433578,52.781987738282,65.3055853063193,61.972567778562,67.8461747655318,51.085053537848,61.8884835334415,67.5223822032678,60.5129523402398,60.4394559976673,58.3511688246219,64.0829665650701,56.7491459368151,58.7631794782821,67.6745428781341,66.6781951836882,67.0006856932743,67.6629001389272,67.5014078061987,50.4064831326337,63.7730844064281,69.9301671550731,56.4424781899529,67.1423606040933,58.9994588928144
47.4296516180139,65.6802058505034,69.4056564142956,55.88540403794,58.5955317282215,69.2790465129499,65.463922433578,52.781987738282,65.3055853063193,61.972567778562,67.8461747655318,51.085053537848,61.8884835334415,67.5223822032678,60.5129567453877,60.4394559976673,58.3512565629538,64.0829665650701,56.7491459368151,58.7709686637586,67.6745428781341,66.6781951836882,67.0006856932743,67.6629001389272,67.5014078061987,50.4064831326337,63.7736440662041,69.9301671550731,56.4424781899529,67.1423606040933,58.9994588928144
47.4296516180139,65.6802058505034,69.4056569283907,55.88540403794,58.5955317282215,69.2800576841357,65.463922433578,52.781987738282,65.3055855666764,61.972567778562,67.8461747655318,51.0850537946029,61.8884835334415,67.5223822032678,60.5129567453877,60.4394559976673,58.3512565629538,64.0829665650701,56.7491459368151,58.7850594554712,67.6745428781341,66.6781951836882,67.0006856932743,67.6629001389272,67.5014078061987,50.4064831326337,63.7744785255254,69.9301671550731,56.4424781909209,67.1423606040933,58.9994616808148
47.4297667407267,65.6802058505034,69.4056569283907,55.88540403794,58.5955317282215,69.2800576841357,65.463922433578,52.781987738282,65.3055855666764,61.972567778562,67.8461749411914,51.0850537946029,61.8884835334415,67.5223822432205,60.5129588198366,60.4394559976673,58.3512565629538,64.0829665650701,56.7491459368151,58.7850594554712,67.6745428781341,66.6781951836882,67.0007033429971,67.6629001389272,67.5014385219428,50.4064831326337,63.7744785255254,69.9301671550731,56.4424781909209,67.1423606040933,58.9994616808148
47.4298662866157,65.6802058505034,69.4056572175836,55.88540403794,58.5955317282215,69.2800576841357,65.463922433578,52.7819880892378,65.3055855666764,61.9726919300231,67.8461749411914,51.0850537946029,61.8884835334415,67.5223822432205,60.5129588198366,60.4394559976673,58.3512565629538,64.0829665650701,56.7491459368151,58.7861566131898,67.6745428781341,66.6781951836882,67.0007033429971,67.6629001389272,67.5014385219428,50.4064831326337,63.7753875136309,69.9301671550731,56.442478191259,67.1423700524047,58.9994616808148
47.4298662866157,65.6802058505034,69.4056582143113,55.88540403794,58.5955317282215,69.2800576841357,65.463922433578,52.7819884790747,65.3055855666764,61.9726919300231,67.8461749411914,51.0850541037247,61.8884835334415,67.5223823687164,60.5129588198366,60.4394559976673,58.351271718129,64.0829665650701,56.7491945246771,58.7895565423267,67.6745428781341,66.6781951836882,67.0007033429971,67.6629001389272,67.5014385219428,50.4064831326337,63.7753875136309,69.9301671550731,56.442478191259,67.1423700524047,58.9994616808148
47.4299440308285,65.6802058505034,69.4056582143113,55.88540403794,58.5955317282215,69.2800576841357,65.463922433578,52.7819884790747,65.3055855666764,61.9726919300231,67.8461749411914,51.0850541037247,61.8884835334415,67.5223823687164,60.5129588198366,60.4394559976673,58.351271718129,64.0829665650701,56.7491945246771,58.7895565423267,67.6745428781341,66.6781951836882,67.0007033429971,67.6629001389272,67.5014385219428,50.4064832796264,63.7765400006116,69.9301671550731,56.442478191259,67.1423808844434,58.9994616808148
47.4300484151984,65.6802058505034,69.4056593351564,55.88540403794,58.5955350270743,69.2800576841357,65.463922433578,52.7819885598343,65.3055855666764,61.9726919300231,67.8461749411914,51.0850541037247,61.8884835334415,67.5223824268437,60.5129588198366,60.4394559976673,58.351271718129,64.0829665650701,56.7491945246771,58.7971241168488,67.6745428781341,66.6781951836882,67.0007033429971,67.6629002729111,67.5014385219428,50.4064832796264,63.7777396981767,69.9301671550731,56.442478191259,67.1423808844434,58.9994616808148
47.4300484151984,65.6802058505034,69.4056601493022,55.88540403794,58.5955350270743,69.2800576841357,65.463922433578,52.7819885598343,65.3055855666764,61.9726919300231,67.8461749411914,51.085054537265,61.8884835334415,67.5223824268437,60.5129588198366,60.4394922578626,58.3513323727124,64.0829665650701,56.7491945246771,58.7971241168488,67.6745428781341,66.6781951836882,67.0007033429971,67.6629002729111,67.5014385219428,50.4064834075204,63.7777396981767,69.9301671550731,56.4424782661811,67.1423808844434,58.9994616808148
47.4301963451247,65.6802058505034,69.4056601493022,55.88540403794,58.5955350270743,69.2800576841357,65.463922433578,52.7819885598343,65.3055855666764,61.9726919300231,67.846178022981,51.0850547405056,61.8884835334415,67.5223824347148,60.5129588198366,60.4394922578626,58.3513323727124,64.0829665650701,56.7492238579901,58.7971241168488,67.6745428781341,66.6781951836882,67.0007033429971,67.6629002729111,67.5014385219428,50.4064834075204,63.778892291735,69.9301671550731,56.4424782661811,67.1423808844434,58.9994616808148
47.4303465160239,65.6802058505034,69.4056609973257,55.88540403794,58.5955598599128,69.2800576841357,65.463922433578,52.7819885598343,65.3055857134083,61.9726919300231,67.846178022981,51.0850547405056,61.8884835334415,67.5223825895579,60.5129588198366,60.4394922578626,58.3513323727124,64.0829665650701,56.7492238579901,58.7971241168488,67.6745428781341,66.6781951836882,67.0007033429971,67.6629006699207,67.5014489939109,50.4064834907194,63.778892291735,69.9301671550731,56.4424782661811,67.1423808844434,58.9994616808148
47.4303465160239,65.6802058505034,69.4056621566917,55.88540403794,58.5955598599128,69.2800576841357,65.4647360382699,52.7819885598343,65.3055857134083,61.9727359504824,67.846178022981,51.0850547405056,61.8884835334415,67.5223825895579,60.5129588198366,60.4394922578626,58.3513323727124,64.0829665650701,56.7492238579901,58.7971241168488,67.6745592229737,66.6781951836882,67.0007033429971,67.6629010992151,67.5014489939109,50.4064835460376,63.7802165060001,69.9301683835381,56.4424782869213,67.1423808844434,58.9994616808148
47.4304588409985,65.6802058505034,69.4056621566917,55.88540403794,58.5955600971668,69.2800576841357,65.4647360382699,52.7819885598343,65.3055857134083,61.9727359504824,67.846178022981,51.0850547405056,61.8884835334415,67.5223826699665,60.5129594773386,60.4394922578626,58.3513405835468,64.0829665650701,56.7492238579901,58.7971241168488,67.6745592229737,66.6781951836882,67.0007033429971,67.6629010992151,67.5014489939109,50.4064835460376,63.7808374281178,69.9301709530493,56.4424782869213,67.1423808844434,58.9994616808148
47.4304588409985,65.6802058505034,69.4056631318298,55.88540403794,58.5955600971668,69.280648042637,65.4647360382699,52.7819885598343,65.3055857433744,61.9727359504824,67.846178022981,51.0850549663818,61.8884862313547,67.5223826699665,60.5129594773386,60.4394922578626,58.3513405835468,64.0829665650701,56.7492238579901,58.7971241168488,67.6745719639039,66.6781951836882,67.0007033429971,67.6629025569877,67.5014490309032,50.4064835835323,63.7808374281178,69.9301709530493,56.4424782869213,67.1423808844434,58.9994616808148
47.4306252232659,65.6802058505034,69.4056631318298,55.88540403794,58.5955600971668,69.280648042637,65.4647360382699,52.7819885598343,65.3055857433744,61.9727359504824,67.846178022981,51.0850549663818,61.8884862313547,67.5223827325057,60.5129594773386,60.4394922578626,58.3513405835468,64.0829665650701,56.7492238579901,58.7971241168488,67.6745719639039,66.6781951836882,67.0007033429971,67.6629039274635,67.5014490309032,50.4064836093639,63.7813187386912,69.9301764534999,56.4424782869213,67.1423808844434,58.9994616808148
47.4307907584894,65.6802058505034,69.4056643443161,55.88540403794,58.5955600971668,69.280648042637,65.4647360382699,52.7819885598343,65.3055857433744,61.9727359504824,67.846178022981,51.0850549663818,61.8884862313547,67.5223827325057,60.5129803718347,60.4395303733346,58.3513425802997,64.0829665650701,56.7492238579901,58.7971241168488,67.6745719639039,66.6781951836882,67.0007033429971,67.6629039274635,67.5014490309032,50.4064836093639,63.7813348762951,69.9301794963272,56.4424783360951,67.1423808844434,58.9994616808148
47.4307907584894,65.6802058505034,69.4056643443161,55.88540403794,58.5955600971668,69.2809877485473,65.4647360382699,52.7819886683153,65.3055857433744,61.9727359504824,67.846178022981,51.0850549663818,61.8884862313547,67.5223830512738,60.5129803718347,60.4395303733346,58.3513425802997,64.0829665650701,56.7492238579901,58.804465811295,67.6745719639039,66.6781951836882,67.0007033429971,67.662907007271,67.5014541655115,50.4064836274001,63.7813348762951,69.9301794963272,56.4424783368358,67.1423808844434,58.9994616808148
47.4309596655835,65.6802058505034,69.4056651139316,55.88540403794,58.5955600971668,69.2809877485473,65.4647360382699,52.7819886683153,65.3055857433744,61.9727359504824,67.8461819740923,51.0850551737882,61.8884862313547,67.5223837079784,60.5129803718347,60.4395303733346,58.3513425802997,64.0829665650701,56.749261394769,58.804465811295,67.6745725677878,66.6781951836882,67.0007033429971,67.6629087899402,67.5014541655115,50.4064836401284,63.7813348762951,69.9301834755553,56.4424783368358,67.1423808844434,58.9994616808148
47.43109819775,65.6802058505034,69.4056651139316,55.88540403794,58.5955600971668,69.2809877485473,65.4647360382699,52.7819886683153,65.3055857433744,61.9727359504824,67.8461819740923,51.0850551737882,61.8884862313547,67.5223837079784,60.5129803718347,60.4395303733346,58.3513425802997,64.0829665650701,56.749261394769,58.8056157950945,67.6745725677878,66.6781951836882,67.0007033429971,67.6629087899402,67.5014541655115,50.4064836401284,63.7813348762951,69.9301877364045,56.4424783368358,67.1423808844434,58.9994616808148
47.43109819775,65.6804344953262,69.4056658022063,55.88540403794,58.5955600971668,69.2809877485473,65.4647360382699,52.7819887252023,65.3055857433744,61.9727359504824,67.8461819740923,51.0850551737882,61.8884862313547,67.522384030712,60.5129803718347,60.4395303733346,58.3513425802997,64.0829665650701,56.749261394769,58.8056157950945,67.6745725677878,66.6781951836882,67.0007033429971,67.6629103724826,67.5014541655115,50.4064836491863,63.7814113443593,69.9301877364045,56.4424783368358,67.1423808844434,58.9994616808148
47.4312577832619,65.6804344953262,69.4056658022063,55.88540403794,58.5955600971668,69.2809877485473,65.4647360382699,52.7819887252023,65.3055857433744,61.9727359504824,67.8461819740923,51.0850554824448,61.8884862313547,67.522384030712,60.5129803718347,60.4395303733346,58.3513425802997,64.0829665650701,56.749261394769,58.8056157950945,67.6745725677878,66.6781951836882,67.0007033429971,67.6629149783345,67.5014541655115,50.4064836491863,63.7817501213776,69.93018918108,56.4424783368358,67.1423808844434,58.9994616808148
47.4313952700683,65.6804344953262,69.4056660267738,55.88540403794,58.5955600971668,69.2810626784133,65.4647360382699,52.7819888068201,65.3055857433744,61.9727359504824,67.8461819740923,51.0850554824448,61.8884862313547,67.5223841766252,60.5129803718347,60.4397147477053,58.3513425802997,64.0829665650701,56.749261394769,58.8056157950945,67.6745725677878,66.6781951836882,67.0007033429971,67.6629149783345,67.5014542640293,50.4064836556737,63.7817501213776,69.9301898441886,56.4424783368358,67.142387643618,58.9994630518743
47.4313952700683,65.6804344953262,69.4056660267738,55.88540403794,58.5955600971668,69.2810626784133,65.4647360382699,52.7819888068201,65.3055857433744,61.9727359504824,67.8461819740923,51.0850554824448,61.8884862313547,67.5223842337272,60.5129803718347,60.4397147477053,58.3513858049047,64.0829665650701,56.749261394769,58.8070784701097,67.6745725677878,66.6781951836882,67.0007033429971,67.6629149783345,67.5014542640293,50.4064836603427,63.7822261556042,69.9301898441886,56.4424783368358,67.142387643618,58.9994630518743
47.4315322934849,65.6804344953262,69.4056662382502,55.88540403794,58.5955600971668,69.2810626784133,65.4647360382699,52.7819888068201,65.3055857865428,61.9727359504824,67.8461819740923,51.0850554824448,61.8884862313547,67.5223842337272,60.5129803718347,60.4397313343926,58.3513858049047,64.0829665650701,56.749261394769,58.8070784701097,67.6745725677878,66.6781951836882,67.0007033429971,67.6629182802291,67.5014542640293,50.4064836603427,63.7822261556042,69.9301898441886,56.4424783368358,67.142387643618,58.9994630518743
47.4315322934849,65.6804344953262,69.4056662382502,55.88540403794,58.5955796643663,69.2810626784133,65.4647360382699,52.7819888068201,65.3055857865428,61.9727359504824,67.8461819740923,51.0850554824448,61.8884862313547,67.5223843244797,60.5129803718347,60.4397313343926,58.3513858049047,64.0829665650701,56.749261394769,58.8079277677015,67.6745727814297,66.6781951836882,67.0007033429971,67.6629182802291,67.5014542640293,50.4064836637153,63.7822261556042,69.9301898441886,56.4424783781813,67.142387643618,58.9994630518743
47.4316331168934,65.6804344953262,69.4056667461999,55.88540403794,58.5955796643663,69.2810626784133,65.4647360382699,52.7819888277483,65.3055857865428,61.9727359504824,67.8461844316375,51.0850559868543,61.8884862313547,67.5223843244797,60.5129803718347,60.4397322084091,58.3513858049047,64.0829665650701,56.749261394769,58.8079277677015,67.6745727814297,66.6781951836882,67.0007033429971,67.6629230199845,67.5014566267095,50.4064836661581,63.7822261556042,69.9301898441886,56.4424783781813,67.142387643618,58.9994630518743
47.4317349500124,65.6804344953262,69.4056667461999,55.88540403794,58.5955796643663,69.2810626784133,65.4647360382699,52.7819888277483,65.3055858946198,61.9727359504824,67.8461844316375,51.0850559868543,61.8884862313547,67.5223847725946,60.5129803718347,60.4397322084091,58.3513858049047,64.0829665650701,56.749261394769,58.8079277677015,67.6745795307899,66.6781951836882,67.0007033429971,67.6629230199845,67.5014566267095,50.4064836661581,63.7822261556042,69.9301898441886,56.4424783848479,67.142387643618,58.9994630518743
47.4317349500124,65.6804344953262,69.4056672452309,55.88540403794,58.5955796643663,69.2810626784133,65.4647360382699,52.7819888277483,65.3055864312592,61.9727359504824,67.8461844316375,51.0850559868543,61.8884862313547,67.5223848338043,60.5129803718347,60.4398466054282,58.3513858049047,64.0829665650701,56.749261394769,58.8082807168096,67.6745795307899,66.6781951836882,67.0007033429971,67.6629230199845,67.5014566267095,50.4064847245761,63.7822261556042,69.9301898441886,56.4424783848479,67.142387643618,58.9994630518743
47.4318275096312,65.6804344953262,69.4056672452309,55.88540403794,58.5955796643663,69.2810626784133,65.4647360382699,52.7819888277483,65.3055864312592,61.9727359504824,67.8461844316375,51.0850559969628,61.8884862313547,67.5223848338043,60.5129803718347,60.4398466054282,58.3513858049047,64.0829665650701,56.749261394769,58.8082807168096,67.6745903970737,66.6781951836882,67.000727814955,67.6629250469898,67.5014566267095,50.4064847245761,63.7822261556042,69.9301900392089,56.4424783848479,67.142387643618,58.9994630518743
47.4318275096312,65.6804344953262,69.4056675002715,55.88540403794,58.5955796643663,69.2810626784133,65.4647360382699,52.7819888277483,65.3055866184058,61.9727359504824,67.8461844316375,51.0850559969628,61.8884862313547,67.5223849460022,60.5129803718347,60.4398890993958,58.3513858049047,64.0829665650701,56.749261394769,58.8082807168096,67.6745903970737,66.6781951836882,67.000727814955,67.6629250469898,67.5014753205753,50.4064847245761,63.7822261556042,69.9301915186026,56.4424783848479,67.1423886049539,58.9994630518743
47.431923611264,65.6804344953262,69.4056675002715,55.88540403794,58.5955903848583,69.2810626784133,65.4647360382699,52.7819888280075,65.305587000457,61.9727359504824,67.8461844316375,51.0850559969628,61.8885040726891,67.5223850129547,60.5129803718347,60.4398890993958,58.3513998649016,64.0829665650701,56.749261394769,58.8086445262648,67.6745903970737,66.6781951836882,67.0007662912406,67.6629283067,67.5014753205753,50.4064858242993,63.7822261556042,69.9301915186026,56.4424783848479,67.1423886049539,58.9994630518743
47.431923611264,65.6804344953262,69.4056675002715,55.88540403794,58.5955903848583,69.2810626784133,65.4647360382699,52.7819888280075,65.305587000457,61.9727359504824,67.8461844316375,51.0850559969628,61.8885040726891,67.5223850129547,60.5129803718347,60.4398890993958,58.3513998649016,64.0829665650701,56.7492775980854,58.8086445262648,67.6745903970737,66.6781951836882,67.0007662912406,67.6629283067,67.5014753205753,50.4064858242993,63.7822261556042,69.9301936058314,56.4424784088189,67.1423916195031,58.9994630518743
47.4320189402723,65.6804344953262,69.4056676064396,55.88540403794,58.5955903848583,69.2810626784133,65.4647360382699,52.7819888497878,65.305587000457,61.9727359504824,67.8461844316375,51.0850560922665,61.8885102886726,67.5223851513538,60.5129803718347,60.4398890993958,58.3513998649016,64.0829693481286,56.7492775980854,58.8086445262648,67.6745903970737,66.6781951836882,67.0007840563646,67.6629305301691,67.5014753205753,50.406486554085,63.7827065866771,69.9301944352644,56.4424784088189,67.142392058976,58.9994630518743
46.4399118657004,63.3692027847523,59.4973243938633,54.6406693380402,63.152200062774,56.9475794332807,67.5436348992268,45.827119530176,35.6398581192872,53.088047716874,40.6025744905259,41.5386008852123,41.483072103245,48.5820828954916,43.7397256976577,49.7167063938194,53.9418607447752,53.6610223959852,36.1993250187305,48.0249393209854,59.929689411936,38.8617222389724,42.8901516836236,51.1395367738952,49.197743074645,41.4554367102042,63.9169309772118,47.9009980263268,43.8389524408579,61.8618302197682,39.4004542687757
47.1603302788878,63.3692027847523,64.601207626467,54.6406693380402,63.152200062774,56.9475794332807,67.5436348992268,45.827119530176,47.2068883368409,53.088047716874,40.6025744905259,41.5386008852123,41.483072103245,48.5820828954916,43.8493136195283,49.7167063938194,53.9418607447752,53.6610223959852,39.4740652170472,48.4051862046982,59.929689411936,55.6099706013455,59.9807394189569,61.0015737378403,49.197743074645,48.3143704216038,63.9169309772118,48.0346083778905,48.5157054307686,61.8618302197682,39.4004542687757
49.0572478176434,63.6708801283055,64.601207626467,54.6406693380402,63.152200062774,56.9475794332807,67.5445809994306,48.317321632785,52.1914221373548,53.6938939453551,56.0261246694556,41.5386008852123,41.884979155592,48.5820828954916,56.9021945322376,54.2896962460782,59.5978833200999,54.5615590684763,53.4481108993184,57.0021958984124,59.929689411936,55.6099706013455,59.9807394189569,61.0015737378403,62.9586466629681,48.3143704216038,63.9169309772118,51.2650129760676,48.5157054307686,61.8618302197682,39.4004542687757
49.0572478176434,65.0209655684103,64.601207626467,54.6406721870998,63.1927769982147,56.9475794332807,67.6411887158058,48.317321632785,52.1914221373548,54.2112674749346,56.0261246694556,41.5386008852123,41.884979155592,48.5820828954916,57.4109371635489,57.2509100313526,59.5978833200999,54.5615590684763,59.7929703500921,57.0021958984124,59.929689411936,55.6099706013455,59.9807394189569,61.3417782362542,62.9586466629681,48.3143704216038,63.9169309772118,58.2550025157689,48.5157054307686,61.8618302197682,51.6029235699046
49.0572478176434,65.0209655684103,64.601207626467,54.6406721870998,63.1927769982147,56.9475794332807,67.6411887158058,51.7223908110183,52.3674526875683,54.2112674749346,57.9687642136333,41.5386025080874,52.1221481430604,48.5820828954916,57.4109371635489,58.9293655117527,59.7441564930821,54.5615590684763,59.7929703500921,57.6802636722412,59.929689411936,55.6099706013455,59.9807394189569,61.3464068814563,62.9586466629681,48.8993311985756,65.220745342193,58.2550025157689,49.0389868451166,61.8618302197682,51.6029235699046
49.0572478176434,65.0676798601755,64.601207626467,54.6701366320058,63.228013106795,56.9475794332807,67.6889692555811,51.7223908110183,52.3674526875683,54.6387164770232,57.9687642136333,42.2336339513498,52.1432388551341,48.5820828954916,57.4109371635489,59.4644613927087,60.4854952041796,54.5615590684763,59.7929703500921,57.6802636722412,59.929689411936,55.6099706013455,59.9807394189569,61.7250224286769,62.9586466629681,49.0784241825693,65.220745342193,58.2550025157689,49.0389868451166,61.8618302197682,51.6029235699046
49.2403909281746,65.0676798601755,65.0626101148466,55.0372974397012,63.3667225471259,56.9539696797185,67.6889692555811,54.9276863644911,54.7707127041995,54.9145117518883,57.9687642136333,42.2336339513498,52.1432388551341,48.5820828954916,58.2977001169433,59.4644613927087,60.4854952041796,54.5615590684763,59.7929889096511,57.6802636722412,59.929689411936,55.6099706013455,59.9807394189569,61.7250224286769,64.9154135222193,49.0784241825693,65.220745342193,59.9785954067181,49.0389868451166,61.8618302197682,53.7141299531858
49.7260003268378,65.0676798601755,65.0626101148466,55.2561969241701,63.3667225471259,56.9539696797185,67.6889692555811,54.9836788544515,54.7707127041995,54.9145117518883,57.9687642136333,42.7524490265925,52.1432388551341,48.5820832516004,58.2977001169433,60.1918197659668,60.7914991290809,57.0303519836267,59.7929889096511,57.6802636722412,59.929689411936,55.6099706013455,59.9807394189569,61.9000269725835,64.9154135222193,49.92029823941,65.6857799032527,59.9785954067181,49.0411793359856,61.8618302197682,53.7141299531858
50.0519478545927,65.3117562444757,66.1774536351917,55.2561969241701,63.5346634470876,56.9539696797185,67.6889692555811,56.5198637304825,54.7707127041995,54.9145117518883,57.9687642136333,42.7524490265925,52.1432388551341,49.7720788523942,58.2977001169433,60.1918197659668,60.98476530092,57.0303519836267,59.7929889096511,57.6802636722412,59.929689411936,55.6099706013455,59.9807394189569,62.0127566446947,64.9154135222193,49.92029823941,65.6857799032527,59.9785954067181,49.2851664307502,61.8618302197682,53.7141299531858
51.0024537430121,65.3117562444757,66.1774536351917,55.2561969241701,63.5346634470876,56.9539696797185,67.8477959113654,56.5198637304825,54.7707127041995,54.9145117518883,57.9687642136333,43.1458780345042,52.1585185549318,50.1220206498317,58.5765966102336,60.1918197659668,60.98476530092,57.0303519836267,59.7929889096511,57.9525289483176,59.9296944164053,55.6099706013455,61.5224481802683,62.2047412914734,64.9154135222193,50.5855782033293,65.6857799032527,63.5111128445528,49.2851664307502,61.8618302197682,53.7141299531858
51.0024537430121,65.4133147896798,66.4905341780076,55.2561969241701,63.9453391929939,56.9539696797185,67.8477959113654,56.8193417603828,54.7707127041995,54.9145117518883,58.432499069892,43.1458780345042,52.1696097665436,50.1220206498317,58.5765966102336,60.1918197659668,60.98476530092,57.0303519836267,61.2716787246242,58.438941245485,59.9296980688275,55.6099706013455,61.5224481802683,62.2047412914734,65.8472512529575,50.5855782033293,65.6857799032527,63.5111128445528,49.2851664307502,61.8643344524889,53.7141299531858
52.085304430675,65.4439185018913,66.4905341780076,55.3390922494771,63.9453391929939,56.9563078942163,68.0062006470792,57.3742871249999,55.0262516600783,55.5823702993563,58.432499069892,43.1458780345042,52.1696097665436,50.1220206498317,58.9749541430842,60.1918197659668,61.3398321537598,59.2079858855262,61.2716787246242,58.5108225173366,59.9296980688275,55.744862346349,61.5224481802683,62.3488863212376,65.8472512529575,50.5855782033293,65.9863338787872,64.7797856864177,49.2851664307502,61.8661613482886,53.7141299531858
52.085304430675,65.4439185018913,66.4905341780076,55.3390922494771,63.9453391929939,56.9567732736693,68.2054520387594,57.3742871249999,55.0262516600783,55.5823702993563,58.432499069892,43.1458780345042,52.1696097665436,50.1220206498317,58.9749541430842,60.1918197659668,61.4528051254085,60.0988658865623,62.2226037195162,58.5108225173366,59.9296980688275,55.744862346349,61.5224481802683,62.3488863212376,65.8472512529575,50.5855782033293,65.9863338787872,64.7797856864177,49.3400072804195,61.8661613482886,53.7141299531858
52.085304430675,65.4439185018913,66.4905341780076,55.3414002418945,64.0273318940204,56.9567732736693,68.2054520387594,60.1199700747133,55.0262516600783,55.5823702993563,58.432499069892,43.1458780345042,52.1696097665436,50.1220206498317,59.8375857204829,60.1918197659668,61.4528051254085,60.0988658865623,62.2226037195162,58.5108225173366,59.9296980688275,55.8784946726454,61.5224481802683,62.5214887743686,65.8472512529575,50.5855782033293,65.9863338787872,64.7797856864177,50.4121362778062,61.8661613482886,53.7141299531858
52.085304430675,65.7785568910376,66.4905341780076,55.5423513254657,64.2132590331499,56.9567732736693,68.2054520387594,60.1199700747133,55.0262516600783,55.5823702993563,58.432499069892,43.4663490483003,53.8775733749354,50.1921442416898,59.8375857204829,60.1918197659668,61.4528051254085,60.0988658865623,62.2226037195162,58.866623770726,59.9297007344939,55.8784946726454,62.9604036412643,62.5214887743686,65.8472512529575,50.5855782033293,65.9863338787872,64.7797856864177,50.4121362778062,61.8661613482886,53.7141299531858
52.3753166404571,65.7785568910376,66.4905341780076,55.5423513254657,64.2132590331499,56.9567732736693,68.2054520387594,60.9011704010494,55.0262516600783,55.5823702993563,58.432499069892,43.4663490483003,53.8775733749354,50.1921442416898,60.998971533132,60.1918197659668,61.5926368990417,60.0988658865623,62.2226037195162,59.5346961125843,60.2079202946484,55.8784946726454,62.9604036412643,62.5214887743686,65.8472512529575,50.9167547969532,66.1522922926048,64.7797856864177,50.4121362778062,61.8661613482886,53.7141299531858
52.3753166404571,65.7785568910376,66.4905341780076,55.6422255788473,64.5393199317053,56.9567732736693,68.2054520387594,60.9011704010494,55.0262516600783,55.5823702993563,60.9954856236079,43.4663490483003,53.8775733749354,50.1921442416898,60.998971533132,60.1918197659668,61.5926368990417,60.0988658865623,62.9351459224274,59.6433900017746,60.9551018691871,56.2520145528252,62.9604036412643,62.5214887743686,66.1052298347821,50.9167547969532,66.1522922926048,67.3463251334266,50.4121362778062,61.8674560441625,53.7141299531858
52.3753166404571,65.7785568910376,66.4905341780076,55.6922530800729,64.5393199317053,59.0442915697122,68.2135671240209,60.9011704010494,55.4239346525229,55.5823702993563,60.9954856236079,43.550371313463,53.8775733749354,50.2037185919814,60.998971533132,60.1918197659668,61.8752308009424,60.0988658865623,63.4325562197022,59.6433900017746,60.9551018691871,56.2520145528252,62.9604036412643,62.5214887743686,66.1052298347821,50.9167547969532,66.1522922926048,67.4437947726565,50.4121362778062,62.8381915421991,53.7141299531858
52.3753166404571,65.7785568910376,66.4905341780076,55.6922530800729,65.1589255028979,59.0442915697122,68.2135671240209,60.9011704010494,56.980443998334,55.5823702993563,60.9954856236079,43.7571371963049,53.8775733749354,50.2037185919814,60.998971533132,60.9256758253132,61.8752308009424,60.0988658865623,63.4325562197022,59.6433900017746,60.9551018691871,56.4012307155992,62.9604036412643,62.5214887743686,66.1052298347821,50.9167547969532,66.1522922926048,67.4437947726565,50.4121362778062,62.8381915421991,53.7141299531858
52.3753166404571,65.7785568910376,66.4905341780076,55.6922530800729,65.2335855126686,59.0442915697122,68.2135671240209,60.9011704010494,56.980443998334,55.5823702993563,60.9954856236079,44.4371097394763,54.999395989233,50.2037185919814,61.2966168906046,60.9256758253132,62.0248978046999,62.0375497003719,63.4325562197022,59.7849755127511,61.7378502163378,56.5729969398224,62.9604036412643,62.5214887743686,66.1052298347821,50.9167547969532,66.1522922926048,67.4437947726565,50.5060349988732,62.8381915421991,53.7141299531858
52.3753166404571,65.7785568910376,66.4905341780076,55.7944587450945,65.2335855126686,59.0442915697122,68.2135671240209,60.9011704010494,56.980443998334,55.5823702993563,60.9954856236079,44.4371097394763,56.4557777477071,50.2037185919814,61.4871922424794,60.9256758253132,62.0248978046999,62.0375497003719,63.4325562197022,59.7849755127511,61.7378502163378,56.7483234856283,62.9604036412643,62.5214887743686,66.1052298347821,50.9167547969532,66.1522922926048,67.4437947726565,50.6550916700854,62.8381915421991,53.7141299531858
52.3753166404571,65.9542811428838,66.4905341780076,55.7944587450945,65.3459720860539,59.0442915697122,68.2135671240209,60.9011704010494,57.0023296258217,55.586140037703,62.1741498944901,44.4371097394763,56.4557777477071,50.2037185919814,61.7569548856328,60.9256758253132,62.0248978046999,62.0375497003719,63.4325562197022,59.8158543541879,61.806303613403,56.7483234856283,63.0374261514201,62.5214887743686,66.1052298347821,50.9167547969532,66.1522922926048,67.4437947726565,50.6550916700854,63.0021935514484,53.7141299531858
54.1991138760301,65.9542811428838,66.4905341780076,55.7944587450945,65.3459720860539,59.7130972347343,68.2694662197317,60.9011704010494,57.0023296258217,55.586140037703,62.1741498944901,44.4371097394763,56.4557777477071,50.2161802008795,61.9581803419531,60.9256758253132,62.0248978046999,62.0375497003719,63.4325562197022,59.8158543541879,61.806303613403,56.7483234856283,63.0374261514201,62.639547416556,66.1052298347821,50.9167547969532,66.1522922926048,67.4437947726565,50.6550916700854,63.0021935514484,54.0944762043605
54.1991138760301,65.9542811428838,66.4905341780076,55.8533258687328,65.3459720860539,60.6676002050548,68.2830774965342,60.9011704010494,57.0023296258217,55.586140037703,62.4985326865491,44.4371097394763,56.4557777477071,50.2161802008795,61.9581803419531,60.9256758253132,62.0248978046999,62.0375497003719,63.4325562197022,59.8158543541879,61.806303613403,56.7483234856283,63.0374261514201,62.639547416556,66.1052298347821,50.9167547969532,66.1522922926048,67.4437947726565,50.6550916700854,63.0021935514484,54.5643965144899
54.1991138760301,66.1891275981397,66.4905341780076,55.8533258687328,65.3459720860539,60.6676002050548,68.2830774965342,60.9011704010494,57.0023296258217,55.586140037703,62.4985326865491,44.4371097394763,58.4960152993695,50.2907381173604,62.4599528082931,60.9256758253132,62.0248978046999,63.3146508259159,63.7251196126128,59.8158543541879,61.806303613403,56.7483234856283,63.2478716950799,62.639547416556,66.1052298347821,50.9167547969532,66.1522922926048,67.4437947726565,50.6550916700854,63.0021935514484,54.5643965144899
54.1991138760301,66.1891275981397,66.4905341780076,55.8915643243657,65.5309282909577,60.6676002050548,68.2830774965342,62.4016861667518,57.8183351350563,55.586140037703,62.4985326865491,44.4371097394763,58.4960152993695,50.2907381173604,62.4599528082931,62.8285219969576,62.0248978046999,63.3146508259159,63.7251196126128,59.8158543541879,61.806303613403,57.0349361424639,63.2478716950799,62.639547416556,66.1052298347821,50.9505289078458,66.1522922926048,67.4437947726565,50.6550916700854,63.0021935514484,54.5643965144899
56.6584660760929,66.1891275981397,66.4905341780076,55.8915643243657,65.5309282909577,60.6676002050548,68.4407256968338,62.4016861667518,57.8183351350563,55.586140037703,62.4985326865491,44.4371097394763,58.4960152993695,50.2907381173604,62.4599528082931,62.8285219969576,62.0248978046999,63.3146508259159,63.7251196126128,59.8158543541879,61.806303613403,57.0349361424639,63.4969668136248,62.713516736587,66.1052298347821,50.9505289078458,66.1522922926048,67.4437947726565,50.6550916700854,63.0021935514484,54.5643965144899
56.6584660760929,66.1891275981397,66.4921355330887,55.8915643243657,65.5309282909577,60.6676002050548,68.4407256968338,62.4016861667518,57.8183351350563,55.603098745911,62.6336965303207,45.1735831443718,58.4960152993695,50.2907381173604,62.4599528082931,62.8285219969576,62.0640429884109,63.3146508259159,63.7251196126128,59.8158543541879,61.806303613403,57.0349361424639,63.6433559959474,62.713516736587,66.1052298347821,50.9505289078458,66.1522922926048,67.4437947726565,50.6550916700854,63.3783106238201,54.5643965144899
56.6584660760929,66.1891275981397,66.4921355330887,55.8915643243657,65.5309282909577,60.6676002050548,68.4407256968338,62.4016861667518,57.9421353404061,55.603098745911,62.6336965303207,45.1735831443718,58.4960152993695,50.2907381173604,62.4599528082931,62.8285219969576,62.0640429884109,63.3146508259159,64.2386146909523,59.932220316777,61.806303613403,57.0469603623865,63.6433559959474,62.713516736587,67.0786662324791,50.9505289078458,66.1522922926048,67.4437947726565,50.6550916700854,63.3783106238201,55.4142144613506
56.6584660760929,66.1891275981397,66.4921355330887,55.9259400597254,65.5326701070548,63.9697881987659,68.4407256968338,62.4016861667518,57.9421353404061,55.6199917978443,62.6336965303207,45.1735831443718,59.4061110079271,50.2911045133419,62.4599528082931,62.8285219969576,62.1209749998483,63.5252272188156,64.2386146909523,60.0732196966858,61.806303613403,57.0469603623865,63.6433559959474,62.713516736587,67.0786662324791,50.9505289078458,66.1522922926048,67.4437947726565,50.6550916700854,63.3783106238201,55.4142144613506
56.6584660760929,66.1891275981397,66.4921355330887,55.9905348805759,65.5326701070548,63.9697881987659,68.4407256968338,62.4016861667518,57.9421353404061,55.6199917978443,62.6336965303207,45.7970635531362,59.4061110079271,50.3340435046031,62.4599528082931,62.8285219969576,62.1209749998483,63.5826345851243,64.2553876708308,60.0732196966858,62.0244547485265,57.3636110571526,63.7072867981152,62.713516736587,67.0786662324791,50.9505289078458,66.1522922926048,67.4437947726565,50.9008791133419,63.3783106238201,55.4142144613506
56.6584660760929,66.2026166320441,66.4921355330887,55.9905348805759,65.5326701070548,63.9697881987659,68.4407256968338,62.4016861667518,57.9421353404061,55.6199917978443,62.6336965303207,45.7970635531362,59.4061110079271,50.3340435046031,62.5480376627581,62.944750818962,62.1209749998483,63.5826345851243,64.2553876708308,60.0732196966858,62.0244547485265,57.3636110571526,64.043176103922,62.713516736587,67.0786662324791,50.9505289078458,66.1522922926048,67.5957546179909,50.9008791133419,63.3783106238201,55.4142144613506
57.6329303653603,66.4035380354828,66.4921355330887,55.9905348805759,65.5326701070548,63.9697881987659,68.4669697171993,62.4016861667518,57.9421353404061,55.7395923866821,62.6336965303207,45.7970635531362,59.4061110079271,50.370142064788,62.5480376627581,62.944750818962,62.1209749998483,63.5826345851243,64.2553876708308,60.0732196966858,62.0355104632116,57.3636110571526,64.043176103922,62.7181416617318,67.0786662324791,50.9505289078458,66.1522922926048,67.5957546179909,50.9008791133419,63.4501085720252,55.4142144613506
57.6329303653603,66.4035380354828,66.7441883486817,55.9905348805759,65.5326701070548,63.9697881987659,68.4669697171993,62.4016861667518,57.9421353404061,55.8541625388543,62.9654443568135,45.7970635531362,59.4061110079271,50.370142064788,62.5722624179561,62.944750818962,62.1209749998483,63.5826345851243,64.2553876708308,60.4091845683895,62.0355104632116,57.4342672819995,64.043176103922,62.7181416617318,67.0786662324791,50.9505289078458,66.1522922926048,67.5957546179909,50.9008791133419,63.5887263476264,56.1100646792193
57.6329303653603,66.4035380354828,66.7441883486817,55.9905348805759,65.5326701070548,63.9697881987659,68.569212923149,62.4016861667518,57.9421353404061,55.8541625388543,64.0134903918944,45.7970635531362,59.4061110079271,50.370142064788,62.7529465993616,62.9836146703783,62.1209749998483,63.5826345851243,64.2553876708308,60.4091845683895,62.0355104632116,57.4342672819995,64.043176103922,62.7541922063489,67.0786662324791,50.9505289078458,66.1983669099075,67.5957546179909,50.9461030776808,63.5887263476264,56.3624578208186
57.6329303653603,66.4035380354828,66.7441883486817,55.9905348805759,65.5326701070548,63.9697881987659,68.5967305651921,62.4016861667518,58.0765955123991,55.9022877272063,64.0134903918944,45.8214379856731,59.4061110079271,50.3726536460027,62.7529465993616,63.1050062496649,62.1659687468094,64.1888952301673,64.2553876708308,60.4091845683895,62.1106335701759,57.5080304760959,64.1947329500946,62.7541922063489,67.0786662324791,50.9505289078458,66.3166733880736,67.5957546179909,50.9461030776808,63.5887263476264,56.3624578208186
57.6329303653603,66.4035380354828,66.7441883486817,55.9905348805759,65.5919741487155,63.9697881987659,68.5967305651921,62.4016861667518,58.1284847113585,55.9072979306066,64.0134903918944,45.8214379856731,60.6183693484617,50.3726536460027,62.7529465993616,63.1050062496649,62.1659687468094,64.1888952301673,64.2553876708308,60.4091845683895,62.1106335701759,57.5080304760959,64.7661786663472,62.7541922063489,67.0786662324791,50.9505289078458,66.3502414200778,67.5957546179909,50.9461030776808,63.5887263476264,56.3624578208186
57.6329303653603,66.4076951313473,66.7441883486817,55.9905348805759,65.5919741487155,63.9697881987659,68.6213307626079,62.4016861667518,58.1284847113585,55.9072979306066,64.0134903918944,45.8214379856731,60.6183693484617,50.372875586301,62.7529465993616,63.1050062496649,62.1939294873498,64.8722550726296,64.2553876708308,60.7100152852692,62.1106335701759,57.5080304760959,64.7661786663472,62.7570310544973,67.0786662324791,50.9505289078458,66.3502414200778,67.6574112435519,50.9461030776808,63.5887263476264,56.3624578208186
58.3162670922388,66.4076951313473,66.7441883486817,55.9905348805759,65.5919741487155,63.9697881987659,68.6213307626079,62.4016861667518,58.1284847113585,55.9072979306066,64.5093399506367,45.8214379856731,60.6183693484617,50.4137399084771,62.7529465993616,63.1050062496649,62.1939294873498,64.8722550726296,64.2553876708308,60.7100152852692,62.1106335701759,57.5080304760959,64.7661786663472,62.7570310544973,68.0515461574112,50.9505289078458,66.3502414200778,67.7817916143839,50.9461030776808,63.6770627950791,56.3624578208186
58.7448458133083,66.4154130850473,66.7441883486817,55.9909648882787,65.5919741487155,63.9697881987659,68.6213307626079,62.6161364309359,58.1342987993425,55.9072979306066,64.5528011196427,45.8214379856731,60.6183693484617,50.4137399084771,62.7529465993616,63.1050062496649,62.1939294873498,64.8722550726296,64.2553876708308,60.7100152852692,62.1106335701759,57.5080304760959,64.7661786663472,62.7570310544973,68.0515461574112,51.0652439621691,66.3502414200778,67.7817916143839,50.9461030776808,64.1803059959618,56.4515791398533
58.7448458133083,66.4337669151612,66.7441883486817,56.00997160475,65.5919741487155,63.9697881987659,68.6213307626079,62.6780193385561,58.1544823985621,55.9072979306066,64.5528011196427,45.8877937937623,60.6183693484617,50.4137399084771,62.7529465993616,63.1050062496649,62.2403654225662,64.8722550726296,64.2553876708308,60.8694781568059,62.235402810381,57.5254304603135,64.7661786663472,62.7570310544973,69.0016420018022,51.0652439621691,66.5145907706377,67.8684992031238,50.9461030776808,64.1803059959618,56.4578474601144
59.1742984794469,66.5767820801541,66.7441883486817,56.00997160475,65.6649880418338,63.9697881987659,68.6213307626079,62.6780193385561,58.1544823985621,56.070694229604,64.5528011196427,45.8877937937623,60.6183693484617,50.4137399084771,62.7529465993616,63.1050062496649,62.2885482369961,64.8722550726296,64.6487462276757,60.8694781568059,62.467466261104,57.5254304603135,65.1380688671637,62.7570310544973,69.0016420018022,51.0652439621691,66.5145907706377,67.8948188871049,50.9461030776808,64.1803059959618,56.4578474601144
59.1742984794469,66.5767820801541,66.7441883486817,56.00997160475,65.6649880418338,63.9697881987659,68.6213307626079,63.5407185899874,58.1544823985621,56.0858372277745,64.5528011196427,45.8877937937623,60.6183693484617,50.4137399084771,62.7529465993616,63.1050062496649,62.2885482369961,64.8722550726296,64.6487462276757,60.8694781568059,62.467466261104,57.5254304603135,65.5132021896901,62.7640466916479,69.0016420018022,51.0652439621691,66.5145907706377,67.8948188871049,50.9728776802486,64.1803059959618,56.4578474601144
59.1742984794469,66.5901152409715,66.7441883486817,56.00997160475,65.6649880418338,63.9697881987659,68.6213307626079,63.5407185899874,58.1544823985621,56.0858372277745,64.6140134674627,45.8877937937623,60.6183693484617,50.4137399084771,62.7529465993616,63.1050062496649,62.3044698874208,64.8722550726296,64.6487462276757,60.8694781568059,62.467466261104,57.5254304603135,65.5132021896901,62.7640466916479,69.0016420018022,51.0652439621691,66.5145907706377,67.8948188871049,50.9728776802486,64.1803059959618,56.4578474601144
59.1742984794469,66.6148403959187,66.7441883486817,56.00997160475,65.6649880418338,63.9697881987659,68.6471678198498,63.5407185899874,58.1544823985621,56.0858372277745,64.7110288342753,45.9333478957253,60.6183693484617,50.4137399084771,62.7925434990382,63.1050062496649,62.306506728719,64.8722550726296,64.6487462276757,60.9203694319653,62.467466261104,57.6669664407912,65.5132021896901,62.8090615204518,69.0016420018022,51.0662138146469,66.5242896973908,67.8948188871049,50.9728776802486,64.1803059959618,56.551118946272
59.1742984794469,66.6148403959187,66.7441883486817,56.00997160475,65.6649880418338,63.9697881987659,68.6471678198498,63.5407185899874,58.2049237809121,56.0863436563458,65.1549424652749,46.0393903183857,60.6183693484617,50.4137399084771,62.7925434990382,63.1050062496649,62.306506728719,64.8722550726296,64.6487462276757,60.9203694319653,62.467466261104,57.6669664407912,65.5132021896901,62.8127665879226,69.0016420018022,51.0750760752745,66.5242896973908,67.8948188871049,50.9728776802486,64.4019480711279,57.0341307736362
59.1742984794469,66.6148403959187,66.7441883486817,56.00997160475,65.6702235559382,64.6347822430421,68.6471678198498,63.5407185899874,58.2049237809121,56.0863436563458,65.1549424652749,46.1698186177297,60.8713276076733,50.4137399084771,62.7925434990382,63.1050062496649,62.3382732063304,64.8722550726296,64.6768823981043,60.9203694319653,62.467466261104,57.6669664407912,65.5132021896901,62.8127665879226,69.0016420018022,51.0750760752745,66.5277877227891,67.90847305073,50.9728776802486,64.4019480711279,57.0341307736362
59.1742984794469,66.6388543217537,66.7441883486817,56.00997160475,65.7686808146316,64.6347822430421,68.6550194174171,63.5407185899874,58.2049237809121,56.0863436563458,65.1549424652749,46.2278512677809,61.1876446746368,50.4141387170613,63.0150462035786,63.2104647430042,62.3488136314627,64.8722550726296,64.6946583339873,60.9203694319653,62.467466261104,57.6669664407912,65.5132021896901,62.8127665879226,69.0016420018022,51.0750760752745,66.5277877227891,67.90847305073,50.9921277765927,64.4019480711279,57.0341307736362
59.1742984794469,66.6388543217537,66.7441883486817,56.00997160475,65.7686808146316,64.6347822430421,68.6550194174171,63.5407185899874,58.2049237809121,56.1029361243,65.1549424652749,46.2278512677809,61.1876446746368,50.4141387170613,63.0150462035786,63.2104647430042,62.3500528160635,65.0309672498083,64.6946583339873,60.9203694319653,62.467466261104,57.6669664407912,65.5132021896901,62.8127665879226,69.0016420018022,51.0750760752745,66.5277877227891,67.90847305073,50.9921277765927,64.4019480711279,57.0341307736362
59.1742984794469,66.6590124539986,66.7441883486817,56.00997160475,65.7686808146316,64.6347822430421,68.6550194174171,63.5407185899874,58.2049237809121,56.1029361243,65.1549424652749,46.2278512677809,61.1876446746368,50.4141387170613,63.0150462035786,63.2104647430042,62.3500528160635,65.0309672498083,64.6946583339873,60.9203694319653,62.467466261104,57.6669664407912,65.5132021896901,62.8127665879226,69.0016420018022,51.0750760752745,66.5277877227891,67.90847305073,50.9921277765927,64.4019480711279,57.0341307736362
59.1742984794469,66.6590124539986,66.7441883486817,56.00997160475,65.7686808146316,64.6347822430421,68.6550194174171,63.5407185899874,58.2049237809121,56.1029361243,65.1549424652749,46.2278512677809,61.4536105808032,50.4159053456955,63.0150462035786,63.2104647430042,62.3586179718273,65.0309672498083,64.6946583339873,60.9203694319653,62.467466261104,57.6669664407912,65.5132021896901,62.8127665879226,69.0016420018022,51.0750760752745,66.5277877227891,67.90847305073,50.9921277765927,64.6600112343538,57.0341307736362
59.2155287626626,66.6618363984168,66.7876797526206,56.00997160475,65.7710435098521,64.6347822430421,68.6550194174171,63.5407185899874,58.2188848627747,56.1029361243,65.1549424652749,46.2278512677809,61.730282899241,50.4190998523705,63.0701109627342,63.2104647430042,62.3586179718273,65.0309672498083,64.6946583339873,60.9203694319653,62.467466261104,57.6669664407912,65.5132021896901,62.8127665879226,69.0016420018022,51.0750760752745,66.5277877227891,67.90847305073,50.9921277765927,64.6600112343538,57.0341307736362
59.2155287626626,66.6618363984168,66.7951591821135,56.00997160475,65.7710435098521,64.6347822430421,68.6550194174171,63.5407185899874,58.2234334924819,56.1029361243,65.1549424652749,46.2278512677809,61.730282899241,50.4208574288786,63.0701109627342,63.2104647430042,62.3586179718273,65.0309672498083,64.7013888908788,60.9203694319653,62.467466261104,57.6669664407912,65.5132021896901,62.8127665879226,69.0016420018022,51.0750760752745,66.5280525014659,67.9601605346288,50.9922456048525,64.6600112343538,57.0341307736362
59.2155287626626,66.6723871987534,66.7951591821135,56.00997160475,65.7807701159969,64.6347822430421,68.7026429217789,63.5407185899874,58.2234334924819,56.1029361243,65.1549424652749,46.2446260174026,61.730282899241,50.423704984834,63.0701109627342,63.2104647430042,62.3629141601266,65.0309672498083,64.7013888908788,60.9203694319653,62.467466261104,57.6669664407912,65.5132021896901,62.8127665879226,69.0016420018022,51.0750760752745,66.5280525014659,67.9601605346288,50.9922456048525,64.6600112343538,57.0341307736362
59.2155287626626,66.6723871987534,66.7951591821135,56.00997160475,65.7807701159969,64.6347822430421,68.7026429217789,63.5407185899874,58.2729728459303,56.119449861821,65.1549424652749,46.2518069101268,61.730282899241,50.423704984834,63.0701109627342,63.2104647430042,62.3629141601266,65.0309672498083,65.0498975696764,60.9479709181526,62.467466261104,57.6669664407912,65.5132021896901,62.8127665879226,69.0016420018022,51.0750760752745,66.5280525014659,67.9601605346288,50.9922456048525,64.6600112343538,57.0341307736362
59.2224607901827,66.7018668031475,66.7951591821135,56.00997160475,65.7807701159969,64.6347822430421,68.7026429217789,63.5407185899874,58.3016336846963,56.119449861821,65.2321360471875,46.2518069101268,61.730282899241,50.423704984834,63.0701109627342,63.2104647430042,62.3629141601266,65.1004440833792,65.0689450637342,60.9479709181526,62.5394846428948,57.697864549049,65.8292335726982,62.814885626392,69.0016420018022,51.0750760752745,66.5280525014659,67.9601605346288,50.9922456048525,65.0231530166783,57.1062935762444
59.2224607901827,66.7018668031475,66.8418823791969,56.00997160475,65.7807701159969,64.6347822430421,68.7026429217789,63.5407185899874,58.3244677674198,56.119449861821,65.3452115341929,46.2518069101268,61.8310573034418,50.423704984834,63.0743701737211,63.2104647430042,62.3629141601266,65.1004440833792,65.0689450637342,60.9479709181526,62.5394846428948,57.7210124372649,65.8292335726982,62.814885626392,69.0016420018022,51.0750760752745,66.5280525014659,67.9601605346288,50.9922456048525,65.0231530166783,57.1062935762444
59.2224607901827,66.7018668031475,66.8418823791969,56.00997160475,65.7807701159969,64.6347822430421,68.7026429217789,63.5407185899874,58.3244677674198,56.119449861821,65.3452115341929,46.2518069101268,61.8310573034418,50.4264585494218,63.0743701737211,63.8058708821592,62.4468698987831,65.1004440833792,65.0689450637342,60.9479709181526,62.5394846428948,57.7210124372649,65.8292335726982,62.814885626392,69.0016420018022,51.0750760752745,66.5280525014659,67.9601605346288,50.9922456048525,65.0231530166783,57.1062935762444
59.2224607901827,66.7018668031475,66.8418823791969,56.00997160475,65.8033980125293,64.6347822430421,68.7048166167834,63.5407185899874,58.3282893858793,56.1196797305246,65.3452115341929,46.2518069101268,61.8310573034418,50.4383277105163,63.0743701737211,63.8058708821592,62.4468698987831,65.1004440833792,65.9623379657626,60.9701904448137,62.5394846428948,57.7210124372649,65.8292335726982,62.814885626392,69.0016420018022,51.0750760752745,66.5280525014659,67.9601605346288,50.9963197855874,65.0231530166783,57.1062935762444
59.2224607901827,66.7018668031475,66.8418823791969,56.00997160475,65.8033980125293,64.6347822430421,68.7048166167834,63.5407185899874,58.3423160346771,56.1196797305246,65.3452115341929,46.2518069101268,61.8310573034418,50.4383277105163,63.0743701737211,63.8058708821592,62.4468698987831,65.1004440833792,65.9623379657626,60.9792457800777,62.5394846428948,57.7210124372649,65.8292335726982,62.814885626392,69.0016420018022,51.0750760752745,66.5280525014659,67.9601605346288,50.9963197855874,65.0231530166783,57.1062935762444
59.2224607901827,66.7018668031475,66.8557597392146,56.00997160475,65.8894791968199,64.6347822430421,68.7048166167834,63.5407185899874,58.3423160346771,56.1196797305246,65.3452115341929,46.2518069101268,61.895334153293,50.4576044274949,63.0743701737211,63.8244508464741,62.4468698987831,65.1004440833792,65.9623379657626,60.9792457800777,62.5912911955067,57.7210124372649,65.8292335726982,62.814885626392,69.0016420018022,51.0906795141884,66.5280525014659,67.9601605346288,50.9963197855874,65.0231530166783,57.1062935762444
59.2224607901827,66.7018668031475,66.8557597392146,56.00997160475,65.8894791968199,64.6347822430421,68.7048166167834,63.5407185899874,58.3423160346771,56.1196797305246,65.3452115341929,46.2518069101268,61.895334153293,50.4583214427746,63.0743701737211,63.8244508464741,62.4468698987831,65.537013783039,65.9623379657626,60.9792457800777,62.6841351065466,57.7210124372649,65.8644836988725,62.814885626392,69.0016420018022,51.1292229502688,66.5280525014659,67.9601605346288,50.9963197855874,65.128583483444,57.3019166736911
59.2224607901827,66.7018668031475,66.8557597392146,56.0160679627016,65.8894791968199,64.6347822430421,68.7048166167834,63.5407185899874,58.3526869329292,56.1196797305246,65.3452115341929,46.2518069101268,61.895334153293,50.4583214427746,63.0743701737211,63.834270239828,62.4468698987831,65.537013783039,65.9623379657626,60.9792457800777,62.6841351065466,57.7210124372649,65.8644836988725,62.814885626392,69.0016420018022,51.1292229502688,66.5280525014659,67.9601605346288,51.0214277489146,65.128583483444,57.837079493581
59.2224607901827,66.7018668031475,66.8557597392146,56.0234808823958,65.8894791968199,64.6347822430421,68.7048166167834,63.5407185899874,58.3526869329292,56.1196797305246,65.3452115341929,46.2518069101268,61.895334153293,50.4583214427746,63.0743701737211,63.834270239828,62.4468698987831,65.537013783039,65.9623379657626,61.0160781260338,62.6841351065466,57.7210124372649,65.8644836988725,62.814885626392,69.0016420018022,51.1292229502688,66.5280525014659,67.9804231898208,51.0214277489146,65.2653581988319,57.837079493581
59.2224607901827,66.7018668031475,66.8557597392146,56.0234808823958,65.8894791968199,64.6347822430421,68.7048166167834,63.5407185899874,58.386000844839,56.1196797305246,65.3452115341929,46.2518069101268,61.895334153293,50.4723752219725,63.0743701737211,63.834270239828,62.4468698987831,65.537013783039,66.3963763508627,61.0160781260338,62.6841351065466,57.752212424312,65.8644836988725,62.8238673589668,69.0016420018022,51.1292229502688,66.5668609973569,67.9804231898208,51.0214277489146,65.2653581988319,57.837079493581
59.2224607901827,66.7018668031475,66.8557597392146,56.0234808823958,65.8894791968199,64.6347822430421,68.7368303853878,63.5407185899874,58.386000844839,56.1196797305246,65.3452115341929,46.2518069101268,61.9393368448302,50.4723752219725,63.0743701737211,63.834270239828,62.4468698987831,65.537013783039,66.3963763508627,61.0160781260338,62.6841351065466,57.752212424312,65.8644836988725,62.8238673589668,69.0016420018022,51.1292229502688,66.5668609973569,67.9804231898208,51.0768389407291,65.2653581988319,57.837079493581
59.2224607901827,66.7018668031475,66.8557597392146,56.0234808823958,65.8894791968199,65.0286456345021,68.7368303853878,63.5407185899874,58.386000844839,56.1196797305246,65.3452115341929,46.2567475256113,61.9397812697874,50.4723752219725,63.0743701737211,63.834270239828,62.4468698987831,65.537013783039,66.3963763508627,61.0160781260338,62.7144259581132,57.808779037073,65.8644836988725,62.8238673589668,69.0016420018022,51.1292229502688,66.5668609973569,67.9804231898208,51.0768389407291,65.3445141003721,58.0178179435551
59.9100106570085,66.7018668031475,66.8557597392146,56.0234808823958,65.8894791968199,65.0286456345021,68.7368303853878,63.5971360873925,58.386000844839,56.1212886541333,65.3751791907518,46.2567475256113,61.9397812697874,50.4723752219725,63.0743701737211,63.834270239828,62.4468698987831,65.537013783039,66.3963763508627,61.0160781260338,62.7144259581132,57.808779037073,65.8644836988725,62.8238673589668,69.2298041718277,51.1292229502688,66.5668609973569,67.995213841941,51.0768389407291,65.4040149266598,58.0178179435551
59.9100106570085,66.7018668031475,66.8557597392146,56.0234808823958,65.8894791968199,65.0286456345021,68.7368303853878,63.5971360873925,58.386000844839,56.1212886541333,65.3751791907518,46.2567475256113,61.9397812697874,50.4723752219725,63.0743701737211,63.834270239828,62.4468698987831,65.537013783039,66.3963763508627,61.0160781260338,62.7144259581132,57.808779037073,65.8644836988725,62.8238673589668,69.2298041718277,51.1292229502688,66.5668609973569,67.995213841941,51.0768389407291,65.4040149266598,58.1452903829102
59.9100106570085,66.7018668031475,66.8557597392146,56.0234808823958,65.8995160701764,65.0286456345021,68.7368303853878,63.5971360873925,58.4104537581512,56.1212886541333,65.3751791907518,46.2567475256113,61.9397812697874,50.474044229928,63.1117432258915,63.834270239828,62.4777780198602,65.537013783039,66.3963763508627,61.1448373379066,62.7144259581132,57.808779037073,65.8644836988725,62.8238673589668,69.2298041718277,51.1292229502688,66.5668609973569,67.995213841941,51.0768389407291,65.4040149266598,58.1452903829102
59.9100106570085,66.7018668031475,66.8612582318521,56.0234808823958,65.8995160701764,65.0286456345021,68.7368303853878,63.5971360873925,58.4104537581512,56.1212886541333,65.3751791907518,46.2567475256113,61.9397812697874,50.474044229928,63.1117432258915,63.834270239828,62.4777780198602,65.537013783039,66.3963763508627,61.1448373379066,62.7543817052036,57.8239649531836,65.8644836988725,62.8238673589668,69.2298041718277,51.1292229502688,66.5668609973569,67.995213841941,51.0768389407291,65.4040149266598,58.1452903829102
59.9100106570085,66.7018668031475,66.8612582318521,56.0234808823958,65.8995160701764,65.0286456345021,68.7368303853878,63.5971360873925,58.4104537581512,56.1299838249916,65.3751791907518,46.2567475256113,61.9397812697874,50.474044229928,63.1117432258915,64.003847583264,62.4777780198602,65.537013783039,66.3963763508627,61.1448373379066,62.7767975506701,57.8239649531836,65.8644836988725,62.8238673589668,69.2298041718277,51.1292229502688,66.5668609973569,67.995213841941,51.0768389407291,65.4040149266598,58.1452903829102
59.9100106570085,66.7018668031475,66.8612582318521,56.0234808823958,65.8995160701764,65.0286456345021,68.7368303853878,63.5971360873925,58.4104537581512,56.1299838249916,65.3751791907518,46.284835091339,61.9397812697874,50.474044229928,63.1117432258915,64.003847583264,62.4777780198602,65.9359636650199,66.3963763508627,61.3252943474229,62.7767975506701,57.8239649531836,65.8644836988725,62.8238673589668,69.2298041718277,51.1292229502688,66.5668609973569,67.995213841941,51.0768389407291,65.4040149266598,58.2354985779292
59.9100994995181,66.7018668031475,66.8612582318521,56.0234808823958,65.8995160701764,65.0286456345021,68.7368303853878,63.5971360873925,58.4104537581512,56.1299838249916,65.3751791907518,46.4390789428397,61.9397812697874,50.474044229928,63.1117432258915,64.003847583264,62.4777780198602,65.9359636650199,66.3963763508627,61.3252943474229,62.7767975506701,57.8239649531836,65.8644836988725,62.8238673589668,69.2693364390031,51.1292229502688,66.5668609973569,67.995213841941,51.0768389407291,65.4040149266598,58.2996155570307
59.9100994995181,66.7018668031475,66.8612582318521,56.0234808823958,65.8995160701764,65.0286456345021,68.7368303853878,63.5971360873925,58.4104537581512,56.1299838249916,65.3751791907518,46.5687702818117,62.2803931614203,50.477634588199,63.1459178942795,64.003847583264,62.4777780198602,65.9359636650199,66.3963763508627,61.3252943474229,62.7767975506701,57.8239649531836,65.8644836988725,62.8238673589668,69.3125639621732,51.1292229502688,66.5668609973569,67.995213841941,51.0768389407291,65.4040149266598,58.3782340363694
59.9100994995181,66.7018668031475,66.8612582318521,56.0234808823958,65.8995160701764,65.0286456345021,68.7368303853878,63.5971360873925,58.4104537581512,56.1299838249916,65.3751791907518,46.5687702818117,62.2955475881834,50.477634588199,63.1459178942795,64.003847583264,62.4777780198602,65.9359636650199,66.6694225248244,61.3252943474229,62.7978114648347,57.8239649531836,65.8644836988725,62.8238673589668,69.3125639621732,51.1292229502688,66.5668609973569,67.995213841941,51.0768389407291,65.4040149266598,58.3782340363694
59.9100994995181,66.7246801871485,66.8612582318521,56.0234808823958,65.8995160701764,65.0286456345021,68.7368303853878,63.5971360873925,58.4104537581512,56.1299838249916,65.3848444035247,46.5687702818117,62.2955475881834,50.477634588199,63.1459178942795,64.003847583264,62.4777780198602,65.9359636650199,66.7310601519981,61.3252943474229,62.7978114648347,57.8381873151187,65.8644836988725,62.8238673589668,69.3125639621732,51.1292229502688,66.5685621944389,67.995213841941,51.0768389407291,65.4040149266598,58.3782340363694
59.9206266084578,66.7246801871485,66.8612582318521,56.0234808823958,65.8995160701764,65.0286456345021,68.7368303853878,63.5971360873925,58.4104537581512,56.1336329866215,65.3848444035247,46.5687702818117,62.2955475881834,50.4795055388519,63.1459178942795,64.0650152083686,62.4777780198602,65.9359636650199,66.7310601519981,61.3252943474229,62.7978114648347,57.8381873151187,65.8644836988725,62.8238673589668,69.3125639621732,51.1292229502688,66.5685621944389,68.0419670273532,51.0768389407291,65.4111349737714,58.3782340363694
59.9206266084578,66.7246801871485,66.8612582318521,56.0234808823958,65.8995160701764,65.1236744621889,68.7368303853878,63.6239609796331,58.4104537581512,56.1336329866215,65.3848444035247,46.5687702818117,62.2955475881834,50.4795055388519,63.1459178942795,64.3724300755096,62.4777780198602,65.9359636650199,66.7310601519981,61.3252943474229,62.7978114648347,57.8452137746038,65.8644836988725,62.8238673589668,69.3463606689076,51.1292229502688,66.5685621944389,68.0419670273532,51.0768389407291,65.4646113171823,58.4018727872815
59.9206266084578,66.7246801871485,66.8612582318521,56.0234808823958,65.8995160701764,65.1236744621889,68.7368303853878,63.6905521208026,58.4104537581512,56.1336329866215,65.3848444035247,46.5687702818117,62.3756929609516,50.4795055388519,63.1459178942795,64.3724300755096,62.4777780198602,65.9359636650199,66.7310601519981,61.3252943474229,62.7978114648347,57.8452137746038,65.8644836988725,62.8238673589668,69.3463606689076,51.1292229502688,66.5685621944389,68.0419670273532,51.0768389407291,65.4646113171823,58.5111857375965
59.9206266084578,66.7246801871485,66.8612582318521,56.0234808823958,65.8995160701764,65.1236744621889,68.7368303853878,63.6905521208026,58.4104537581512,56.1353637754946,65.3848444035247,46.5687702818117,62.3756929609516,50.4865862879291,63.1459178942795,64.3724300755096,62.4777780198602,65.9359636650199,66.8655056125014,61.3252943474229,62.835912049032,57.8672809324042,65.8644836988725,62.8238673589668,69.3463606689076,51.1292229502688,66.5685621944389,68.0419670273532,51.0772498729288,65.4646113171823,58.5111857375965
59.9206266084578,66.7270574941465,66.8612582318521,56.0234808823958,65.8995160701764,65.1236744621889,68.7368303853878,63.6905521208026,58.4104537581512,56.1353637754946,65.3848444035247,46.5687702818117,62.3756929609516,50.4865862879291,63.1459178942795,64.3724300755096,62.4777780198602,65.9359636650199,66.8655056125014,61.3252943474229,62.8987658051732,57.8672809324042,65.8644836988725,62.8238673589668,69.3463606689076,51.1292229502688,66.5685621944389,68.0419670273532,51.0774622353481,65.4646113171823,58.5111857375965
60.095826503998,66.7324884300194,66.8614871292354,56.0234808823958,65.8995160701764,65.3550001568403,68.7368303853878,63.7076138913359,58.4363742562787,56.1353637754946,65.3892916402645,46.5687702818117,62.3756929609516,50.4865862879291,63.1459178942795,64.4719844973956,62.4777780198602,65.9359636650199,66.8655056125014,61.3252943474229,62.9956709557312,57.8672809324042,65.8644836988725,62.8238673589668,69.3463606689076,51.1292229502688,66.5685621944389,68.0621834401061,51.0774622353481,65.4646113171823,58.5111857375965
60.1120606788166,66.7324884300194,66.8617501725501,56.0234808823958,65.8995160701764,65.3550001568403,68.7368303853878,63.7076138913359,58.4363742562787,56.1353637754946,65.3892916402645,46.6057145101164,62.3851601132689,50.4865862879291,63.1459178942795,64.4719844973956,62.4777780198602,65.9359636650199,66.8655056125014,61.3252943474229,62.9956709557312,57.8672809324042,65.8644836988725,62.8238673589668,69.3463606689076,51.1292229502688,66.5685621944389,68.0621834401061,51.0774622353481,65.4646113171823,58.675722810544
60.1120606788166,66.7324884300194,66.8617501725501,56.0234808823958,65.8995160701764,65.3550001568403,68.7368303853878,63.7076138913359,58.4363742562787,56.1353637754946,65.3892916402645,46.6057145101164,62.3851601132689,50.4867636307315,63.1459178942795,64.4719844973956,62.4777780198602,65.9573662265233,66.8655056125014,61.3342758120875,62.9956709557312,57.8754338132139,65.8644836988725,62.8238673589668,69.3463606689076,51.1292229502688,66.5685621944389,68.0621834401061,51.0774622353481,65.4646113171823,58.675722810544
60.1120606788166,66.7324884300194,66.8617501725501,56.0234808823958,65.8995160701764,65.3550001568403,68.7368303853878,63.7076138913359,58.4363742562787,56.1353637754946,65.3892916402645,46.6057145101164,62.4315317830051,50.4867636307315,63.1459178942795,64.4719844973956,62.4777780198602,66.165390589059,66.8655056125014,61.3342758120875,62.9956709557312,57.8754338132139,65.8644836988725,62.8238673589668,69.3463606689076,51.1292229502688,66.5685621944389,68.0621834401061,51.0774622353481,65.4646113171823,58.7605552141102
60.1120606788166,66.7324884300194,66.8617501725501,56.0234808823958,65.8995160701764,65.3550001568403,68.7368303853878,63.7076138913359,58.5233175688936,56.1353637754946,65.3892916402645,46.6057145101164,62.4315317830051,50.4867636307315,63.1459178942795,64.4845872144931,62.4777780198602,66.165390589059,66.8655056125014,61.3342758120875,62.9956709557312,57.8754338132139,65.8644836988725,62.825816935001,69.3463606689076,51.1292229502688,66.5704956401858,68.0621834401061,51.0774622353481,65.4646113171823,58.7605552141102
60.1120606788166,66.7324884300194,66.8617501725501,56.0234808823958,65.8995160701764,65.3550001568403,68.7368303853878,63.7076138913359,58.5233175688936,56.1358738622412,65.3895178067887,46.6057145101164,62.4315317830051,50.4867636307315,63.1459178942795,64.4845872144931,62.4777780198602,66.165390589059,66.9754577608989,61.3342758120875,62.9956709557312,57.8754338132139,65.8644836988725,62.825816935001,69.3463606689076,51.1292229502688,66.5704956401858,68.0621834401061,51.0774622353481,65.4646113171823,58.7605552141102
60.1120606788166,66.7324884300194,66.8617501725501,56.0234808823958,65.8995160701764,65.3550001568403,68.7368303853878,63.7076138913359,58.5233175688936,56.1358738622412,65.3895178067887,46.6057145101164,62.4315317830051,50.4867636307315,63.1459178942795,64.4845872144931,62.4777780198602,66.165390589059,66.9754577608989,61.3342758120875,62.9956709557312,57.8958016750491,65.8644836988725,62.8259758776387,69.4177436697046,51.1292229502688,66.5704956401858,68.0621834401061,51.0800975712637,65.4666069913994,58.7605552141102
60.1120606788166,66.7324884300194,66.8617501725501,56.0234808823958,65.8995160701764,65.3550001568403,68.7368303853878,63.7076138913359,58.5633105078924,56.1358738622412,65.3895178067887,46.6057145101164,62.4315317830051,50.4867636307315,63.1459178942795,64.4845872144931,62.4777780198602,66.165390589059,66.9754577608989,61.3342758120875,62.9956709557312,57.8958016750491,65.8644836988725,62.8259758776387,69.4177436697046,51.1292229502688,66.5802463316039,68.0621834401061,51.0800975712637,65.4666069913994,58.8409147521036
60.1160970327247,66.739233265467,66.8617501725501,56.0234808823958,65.8995160701764,65.3550001568403,68.7368303853878,63.7076138913359,58.5633105078924,56.1485751221774,65.3895178067887,46.6057145101164,62.4315317830051,50.4896360992141,63.1552677540792,64.4845872144931,62.4777780198602,66.3850092720756,66.9754577608989,61.3342758120875,63.0137055379692,57.8958016750491,65.8874249895743,62.8259758776387,69.4177436697046,51.1292229502688,66.5802463316039,68.0621834401061,51.0800975712637,65.4666069913994,58.9010211381124
60.1160970327247,66.739233265467,66.8617501725501,56.0234808823958,65.8995160701764,65.3550001568403,68.7368303853878,63.7076138913359,58.6736549937802,56.1485751221774,65.3895178067887,46.6057145101164,62.4315317830051,50.4896360992141,63.1552677540792,64.4845872144931,62.4777780198602,66.3850092720756,66.9754577608989,61.3342758120875,63.0740920928147,57.8958016750491,65.8874249895743,62.8259758776387,69.4177436697046,51.1292229502688,66.5802463316039,68.0621834401061,51.0800975712637,65.4666069913994,58.9434686211886
60.1160970327247,66.739233265467,66.8617501725501,56.0234808823958,65.8995160701764,65.3550001568403,68.7368303853878,63.7076138913359,58.6736549937802,56.1485751221774,65.3895178067887,46.6057145101164,62.4315317830051,50.4896360992141,63.1552677540792,64.4845872144931,62.4777780198602,66.3850092720756,66.9754577608989,61.3342758120875,63.1698903931302,57.8958016750491,65.8874249895743,62.8259758776387,69.4177436697046,51.1292229502688,66.5802463316039,68.0641186770898,51.0800975712637,65.4666069913994,58.9434686211886
60.1160970327247,66.739233265467,66.8617501725501,56.0234808823958,65.8995160701764,65.3550001568403,68.7368303853878,63.7076138913359,58.6736549937802,56.1485751221774,65.3895178067887,46.6061371158117,62.4315317830051,50.4896360992141,63.1552677540792,64.4845872144931,62.4777780198602,66.3850092720756,66.9754577608989,61.3342758120875,63.1698903931302,57.8958016750491,65.8874249895743,62.8379274556497,69.4177436697046,51.1292229502688,66.5802463316039,68.0641186770898,51.0886696062953,65.4666069913994,58.9434686211886
60.1160970327247,66.739233265467,66.8617501725501,56.0234808823958,65.8995160701764,65.3550001568403,68.7368303853878,63.7076138913359,58.6736549937802,56.1485751221774,65.3895178067887,46.6061371158117,62.4351248199118,50.4896360992141,63.1552677540792,64.4845872144931,62.4777780198602,66.3850092720756,66.9754577608989,61.3342758120875,63.1698903931302,57.8958016750491,65.8874249895743,62.8379274556497,69.4246178943576,51.1292229502688,66.5802463316039,68.0641186770898,51.0886696062953,65.4666069913994,58.9434686211886
60.1160970327247,66.739233265467,66.8617501725501,56.0234808823958,65.8995160701764,65.3550001568403,68.7368303853878,63.7076138913359,58.6736549937802,56.1560886317416,65.3895178067887,46.6061371158117,62.4351248199118,50.4896360992141,63.1552677540792,64.4845872144931,62.4777780198602,66.3850092720756,66.9754577608989,61.3342758120875,63.1998816221579,57.8958016750491,65.8874249895743,62.8379274556497,69.4246178943576,51.1295302814887,66.5802463316039,68.0641186770898,51.0886696062953,65.4666069913994,58.9434686211886
60.1160970327247,66.739233265467,66.8617501725501,56.0236946418607,65.8995160701764,65.3550001568403,68.7368303853878,63.7076138913359,58.7359582580132,56.1560886317416,65.3895178067887,46.6061371158117,62.4351248199118,50.4914022247432,63.1552677540792,64.4845872144931,62.4777780198602,66.5630080330343,66.9754577608989,61.3342758120875,63.268000847532,57.8958016750491,65.9424200898682,62.8379274556497,69.4246178943576,51.1295302814887,66.5802463316039,68.0641186770898,51.0886696062953,65.4666069913994,58.9434686211886
60.1327910795841,66.7410967386752,66.8617501725501,56.0236946418607,65.8995160701764,65.3550001568403,68.7368303853878,63.7076138913359,58.7359582580132,56.1560886317416,65.3895178067887,46.6061371158117,62.4351248199118,50.4914022247432,63.1552677540792,64.4845872144931,62.4777780198602,66.5630080330343,66.986844504424,61.3342758120875,63.268000847532,57.8958016750491,65.9424200898682,62.8379274556497,69.4246178943576,51.1295302814887,66.5802463316039,68.075719116756,51.0886696062953,65.4666069913994,58.9434686211886
60.1327910795841,66.7410967386752,66.8620208177789,56.0236946418607,65.8995160701764,65.3550001568403,68.7368303853878,63.7076138913359,58.7359582580132,56.1560886317416,65.4556003225536,46.6061371158117,62.4351248199118,50.4914022247432,63.1552677540792,64.4845872144931,62.4777780198602,66.5630080330343,66.986844504424,61.3342758120875,63.268000847532,57.8958016750491,65.9424200898682,62.8379274556497,69.4389201392995,51.1295302814887,66.5802463316039,68.075719116756,51.0934857489305,65.4758042409037,59.0162124175507
60.1327910795841,66.7483240599833,66.8620208177789,56.0236946418607,65.8995160701764,65.3940454986312,68.7368303853878,63.7076138913359,58.7887864085906,56.1560886317416,65.4556003225536,46.6061371158117,62.4351248199118,50.491658166333,63.1552677540792,64.4845872144931,62.4777780198602,66.5630080330343,66.986844504424,61.3342758120875,63.268000847532,57.8958016750491,65.9427639962376,62.8379274556497,69.4389201392995,51.1295302814887,66.5802463316039,68.075719116756,51.0934857489305,65.4758042409037,59.0162124175507
60.1327910795841,66.7544939939937,66.8620208177789,56.0236946418607,65.9047562630282,65.3940454986312,68.7368303853878,63.7091930313513,58.7887864085906,56.1560886317416,65.4556003225536,46.6061371158117,62.4351248199118,50.491658166333,63.1552677540792,64.4845872144931,62.4801396101983,66.5630080330343,66.986844504424,61.3342758120875,63.268000847532,57.8958016750491,65.9772653585531,62.8379274556497,69.4389201392995,51.1295302814887,66.5802463316039,68.075719116756,51.0934857489305,65.4758042409037,59.0162124175507
60.1327910795841,66.7544939939937,66.8620208177789,56.0236946418607,65.9047562630282,65.3940454986312,68.7368303853878,63.710635782679,58.7887864085906,56.1560886317416,65.4556003225536,46.6061371158117,62.4351248199118,50.491658166333,63.161774058329,64.4845872144931,62.4801396101983,66.5630080330343,66.986844504424,61.3342758120875,63.268000847532,57.8958016750491,65.9772653585531,62.8386704288039,69.4389201392995,51.1295302814887,66.5802463316039,68.075719116756,51.0934857489305,65.4758042409037,59.0162124175507
60.1327910795841,66.7544939939937,66.8620208177789,56.0273638454492,65.9047562630282,65.3940454986312,68.7368303853878,63.710635782679,58.8524922108983,56.1629041209261,65.4556003225536,46.6061371158117,62.4840954123478,50.491658166333,63.161774058329,64.4845872144931,62.4801396101983,66.5630080330343,66.986844504424,61.3342758120875,63.268000847532,57.8958016750491,65.9772653585531,62.8386704288039,69.4389201392995,51.1295302814887,66.5802463316039,68.075719116756,51.0934857489305,65.4758042409037,59.0162124175507
60.1327910795841,66.7544939939937,66.8620208177789,56.0273638454492,65.9047562630282,65.3940454986312,68.7368303853878,63.710635782679,58.8524922108983,56.1629041209261,65.4556003225536,46.6061371158117,62.4911288979397,50.491658166333,63.161774058329,64.4845872144931,62.4854157869284,66.6700835149597,66.986844504424,61.3342758120875,63.268000847532,57.8958016750491,65.9772653585531,62.8386704288039,69.5356808089886,51.1295302814887,66.5814535656884,68.075719116756,51.0952953623251,65.4758042409037,59.0162124175507
60.1327910795841,66.7544939939937,66.8620208177789,56.0273638454492,65.9047562630282,65.4292546435686,68.7368303853878,63.710635782679,58.8596343603807,56.1629041209261,65.4738126419511,46.6061371158117,62.4911288979397,50.491658166333,63.1676161287226,64.4845872144931,62.4854157869284,66.6700835149597,66.9963340600105,61.3342758120875,63.268000847532,57.8958016750491,65.9839030002062,62.8391989651169,69.5356808089886,51.1295302814887,66.5814535656884,68.075719116756,51.1030208278041,65.4758042409037,59.0162124175507
60.1327910795841,66.7544939939937,66.8620208177789,56.0273638454492,65.9047562630282,65.5605829126238,68.7368303853878,63.710635782679,58.8596343603807,56.1629041209261,65.5259675472675,46.6061371158117,62.4911288979397,50.4917632957401,63.1676161287226,64.4845872144931,62.4854157869284,66.6700835149597,66.9963340600105,61.3388655109623,63.2740792260654,57.8958016750491,66.0188162519833,62.8391989651169,69.5356808089886,51.1295302814887,66.5857894040159,68.075719116756,51.1030208278041,65.4758042409037,59.0162124175507
60.1327910795841,66.7544939939937,66.8620208177789,56.0273638454492,65.9047562630282,65.5605829126238,68.7368303853878,63.7110078330984,58.9132989287555,56.167810635748,65.5259675472675,46.6061371158117,62.4911288979397,50.4917632957401,63.1676161287226,64.4845872144931,62.4854157869284,66.6700835149597,66.9963340600105,61.3388655109623,63.2740792260654,57.8958016750491,66.0188162519833,62.8399364729633,69.5356808089886,51.1295302814887,66.5857894040159,68.075719116756,51.1030208278041,65.4758042409037,59.0162124175507
60.1327910795841,66.7596941035468,66.8620208177789,56.0273638454492,65.9054210695271,65.5605829126238,68.7368303853878,63.7110078330984,58.9132989287555,56.167810635748,65.5259675472675,46.6061661160294,62.5141617458603,50.4917632957401,63.1696687652457,64.4845872144931,62.4854157869284,66.6700835149597,66.9963340600105,61.3388655109623,63.2740792260654,57.8958016750491,66.0188162519833,62.8399364729633,69.5356808089886,51.1295302814887,66.5857894040159,68.075719116756,51.1152532758196,65.4758042409037,59.0162124175507
60.1327910795841,66.7596941035468,66.8620208177789,56.0300649702307,65.9054210695271,65.5605829126238,68.7368303853878,63.7110078330984,58.9726570491332,56.167810635748,65.5259675472675,46.6061661160294,62.5452003974488,50.4970780868911,63.1696687652457,64.4845872144931,62.4854157869284,66.6700835149597,66.9963340600105,61.3388655109623,63.2740792260654,57.8958016750491,66.0874778181143,62.8399364729633,69.5356808089886,51.1295302814887,66.5890102824074,68.075719116756,51.1152532758196,65.4758042409037,59.0809159786754
60.1327910795841,66.7596941035468,66.8620208177789,56.0300649702307,65.9054210695271,65.5605829126238,68.7368303853878,63.7110078330984,58.9726570491332,56.1713255112934,65.5792567354485,46.6061661160294,62.5452003974488,50.4970780868911,63.1696687652457,64.4845872144931,62.4854157869284,66.7161317213688,66.9963340600105,61.3600060331242,63.2740792260654,57.8958016750491,66.0874778181143,62.840083267125,69.5356808089886,51.1295302814887,66.5890102824074,68.075719116756,51.1152532758196,65.4758042409037,59.0809159786754
60.1327910795841,66.7596941035468,66.8620208177789,56.0338797678012,65.9061315706282,65.5605829126238,68.7368303853878,63.7110078330984,58.9726570491332,56.1713255112934,65.5792567354485,46.6061661160294,62.5585054090158,50.4970780868911,63.1698060088675,64.4845872144931,62.4854157869284,66.7179216320906,66.9963340600105,61.3600060331242,63.3421577429765,57.8958016750491,66.0874778181143,62.840083267125,69.5356808089886,51.1308991818824,66.5890102824074,68.075719116756,51.1152532758196,65.4758042409037,59.0809159786754
60.1327910795841,66.7596941035468,66.8620208177789,56.0338797678012,65.9061315706282,65.5605829126238,68.7368303853878,63.7110078330984,58.9853833960695,56.1713255112934,65.6134424289645,46.6061661160294,62.5620114915548,50.4970780868911,63.1698060088675,64.4845872144931,62.4854157869284,66.7179216320906,66.9963340600105,61.3600060331242,63.3421577429765,57.8970169997825,66.0874778181143,62.840083267125,69.5356808089886,51.1308991818824,66.5891856357181,68.075719116756,51.1152532758196,65.4758042409037,59.0809159786754
60.1327910795841,66.7596941035468,66.8620208177789,56.0338797678012,65.9061315706282,65.5605829126238,68.7368303853878,63.7110078330984,58.9853833960695,56.1713255112934,65.6134424289645,46.6061661160294,62.5620114915548,50.4970780868911,63.1698060088675,64.4845872144931,62.4854157869284,66.7179216320906,66.9963340600105,61.3600060331242,63.3421577429765,57.8970169997825,66.0874778181143,62.8403411433451,69.5356808089886,51.1308991818824,66.5891856357181,68.0775857389781,51.1255773373027,65.4758042409037,59.0809159786754
60.1327910795841,66.7596941035468,66.8620208177789,56.0338797678012,65.9073104977814,65.5605829126238,68.7368303853878,63.7110078330984,58.9853833960695,56.1713255112934,65.6134424289645,46.6064917504398,62.5620114915548,50.4970780868911,63.1786580736126,64.4845872144931,62.4854157869284,66.7179216320906,67.0298417781395,61.3600060331242,63.3421577429765,57.9028736198303,66.0874778181143,62.8403411433451,69.5356808089886,51.1308991818824,66.5891856357181,68.0775857389781,51.1313820015181,65.4758042409037,59.0869897666992
60.1327910795841,66.7596941035468,66.8620208177789,56.0338797678012,65.9073104977814,65.5672048027362,68.7368303853878,63.7110078330984,58.9853833960695,56.1713255112934,65.6134424289645,46.6066946223727,62.5620114915548,50.4970780868911,63.1786580736126,64.4845872144931,62.4854157869284,66.7179216320906,67.0298417781395,61.3600060331242,63.3421577429765,57.9028736198303,66.0874778181143,62.8403411433451,69.5356808089886,51.1308991818824,66.5891856357181,68.0775857389781,51.1313820015181,65.4758042409037,59.0869897666992
60.1487611691744,66.7685122688352,66.8622326878758,56.0338797678012,65.9073104977814,65.5672048027362,68.7368303853878,63.7110078330984,58.9989824015565,56.1713255112934,65.6134424289645,46.6066946223727,62.5750436773924,50.4970780868911,63.1786580736126,64.4845872144931,62.4854157869284,66.7179216320906,67.0458071517234,61.3600060331242,63.3421577429765,57.9028736198303,66.0874778181143,62.8403411433451,69.5356808089886,51.1308991818824,66.5891856357181,68.0775857389781,51.1313820015181,65.4758042409037,59.0869897666992
60.1487611691744,66.7685122688352,66.8622326878758,56.0338797678012,65.9073104977814,65.5672048027362,68.7368303853878,63.7110078330984,58.9989824015565,56.1738312554431,65.6771290048413,46.6066946223727,62.5783293378677,50.4970780868911,63.1786580736126,64.4845872144931,62.4854157869284,66.7179216320906,67.0458071517234,61.403992104134,63.3421577429765,57.9028736198303,66.0874778181143,62.8403411433451,69.5356808089886,51.1347327724667,66.591906873829,68.0775857389781,51.1313820015181,65.4758042409037,59.0869897666992
60.1487611691744,66.7685122688352,66.8622326878758,56.0338797678012,65.915540975197,65.5672048027362,68.7368303853878,63.7110078330984,58.9989824015565,56.1738312554431,65.6966390771289,46.6066946223727,62.5783293378677,50.4970780868911,63.1786580736126,64.4845872144931,62.4854157869284,66.7179216320906,67.0458071517234,61.403992104134,63.3421577429765,57.9028736198303,66.1029828967098,62.8403411433451,69.5356808089886,51.1347327724667,66.591906873829,68.0814006666385,51.136501556868,65.4758042409037,59.0869897666992
60.1487611691744,66.7685122688352,66.8622326878758,56.0338797678012,65.915540975197,65.5672048027362,68.7368303853878,63.7110078330984,58.9989824015565,56.1738312554431,65.6966390771289,46.6069977844858,62.5783293378677,50.4970780868911,63.1786580736126,64.4845872144931,62.4854157869284,66.7179216320906,67.0458071517234,61.403992104134,63.3421577429765,57.9028736198303,66.1029828967098,62.8403411433451,69.6475921689031,51.1347327724667,66.591906873829,68.0814006666385,51.136501556868,65.4758042409037,59.2902328028285
60.1737980937601,66.7685122688352,66.8640626008659,56.0338797678012,65.915540975197,65.5672048027362,68.7368303853878,63.7115122575757,58.9989824015565,56.1738312554431,65.6966390771289,46.6069977844858,62.5783293378677,50.4970780868911,63.1786580736126,64.4845872144931,62.4854157869284,66.7179216320906,67.0458071517234,61.403992104134,63.3421577429765,57.9134015437302,66.1029828967098,62.8403411433451,69.6475921689031,51.1347327724667,66.6054709597315,68.0814006666385,51.136501556868,65.4758042409037,59.2902328028285
60.1737980937601,66.7685122688352,66.8640626008659,56.0338797678012,65.915540975197,65.5672048027362,68.7368303853878,63.7115122575757,58.9989824015565,56.1738312554431,65.6966390771289,46.6069977844858,62.5783293378677,50.4970780868911,63.1786580736126,64.4845872144931,62.4854157869284,66.7386489588447,67.0458071517234,61.403992104134,63.3421577429765,57.9134015437302,66.1029828967098,62.8403411433451,69.6475921689031,51.1347327724667,66.6054709597315,68.0814006666385,51.136501556868,65.4758042409037,59.2902328028285
60.1737980937601,66.7685122688352,66.8640626008659,56.0338797678012,65.915540975197,65.5672048027362,68.7368303853878,63.7115122575757,58.9989824015565,56.1738312554431,65.6966390771289,46.6069977844858,62.5800875579297,50.4970780868911,63.1795790473667,64.4845872144931,62.4854157869284,66.8061323424484,67.0458071517234,61.403992104134,63.3421577429765,57.9134015437302,66.1029828967098,62.8403411433451,69.6475921689031,51.1347327724667,66.6095043560801,68.0814006666385,51.136501556868,65.4758042409037,59.2902328028285
60.1737980937601,66.7685122688352,66.8640626008659,56.0338797678012,65.915540975197,65.5672048027362,68.7368303853878,63.7141056784698,58.9989824015565,56.1738312554431,65.7045849065961,46.6069977844858,62.5800875579297,50.4970780868911,63.1795790473667,64.4845872144931,62.4854157869284,66.8061323424484,67.0458071517234,61.403992104134,63.3421577429765,57.9134015437302,66.1059788737371,62.8404611574549,69.6475921689031,51.1347327724667,66.6095043560801,68.0839132858708,51.136501556868,65.4758042409037,59.2902328028285
60.2049539326987,66.7685122688352,66.8648704023856,56.0338797678012,65.915540975197,65.5672048027362,68.7368303853878,63.7141056784698,58.9989824015565,56.1738312554431,65.7045849065961,46.6069977844858,62.5800875579297,50.4970780868911,63.1795790473667,64.4845872144931,62.4854157869284,66.8061323424484,67.0458071517234,61.403992104134,63.3421577429765,57.9134015437302,66.1059788737371,62.8404611574549,69.6475921689031,51.1347327724667,66.6095043560801,68.0839132858708,51.136501556868,65.4758042409037,59.2902328028285
60.2049539326987,66.7739659186075,66.8648704023856,56.0338797678012,65.915540975197,65.5672048027362,68.7368303853878,63.7141056784698,58.9989824015565,56.1738312554431,65.7045849065961,46.6069977844858,62.5800875579297,50.4970780868911,63.1814434206845,64.4845872144931,62.4854157869284,66.8061323424484,67.0458071517234,61.403992104134,63.3421577429765,57.9134015437302,66.1059788737371,62.8404611574549,69.6475921689031,51.1347327724667,66.6095043560801,68.0839132858708,51.136501556868,65.4776769499746,59.2902328028285
60.2049539326987,66.7739659186075,66.8648704023856,56.0338797678012,65.915540975197,65.5672048027362,68.740086305483,63.7229589052128,58.9989824015565,56.1738312554431,65.7045849065961,46.6071737783302,62.5800875579297,50.4970780868911,63.1814434206845,64.4845872144931,62.4854157869284,66.8061323424484,67.0458071517234,61.4253337001098,63.3421577429765,57.9134015437302,66.1059788737371,62.8404611574549,69.6475921689031,51.1372369940848,66.6095043560801,68.0839132858708,51.136501556868,65.4776769499746,59.2902328028285
60.2049539326987,66.7739659186075,66.8648704023856,56.0338797678012,65.915540975197,65.5672048027362,68.740086305483,63.7229589052128,59.0109341267251,56.1738312554431,65.7045849065961,46.6071737783302,62.5800875579297,50.4970780868911,63.1814434206845,64.4845872144931,62.4886456792281,66.8061323424484,67.0458071517234,61.4253337001098,63.3421577429765,57.9134015437302,66.1337933264807,62.8404611574549,69.6475921689031,51.1372369940848,66.6158375355474,68.0839132858708,51.136501556868,65.4776769499746,59.2902328028285
60.2049539326987,66.7739659186075,66.8655316025597,56.0338797678012,65.915540975197,65.5672048027362,68.740086305483,63.7229589052128,59.0109341267251,56.1738312554431,65.7045849065961,46.6071737783302,62.5800875579297,50.4970780868911,63.1814434206845,64.4845872144931,62.4886456792281,66.8344591866994,67.0458071517234,61.4253337001098,63.3421577429765,57.9134015437302,66.1734736083205,62.8404721073898,69.6475921689031,51.1372369940848,66.6158375355474,68.1344689645867,51.136501556868,65.4776769499746,59.2902328028285
60.2049539326987,66.7770168318573,66.8655316025597,56.0344177294293,65.915540975197,65.5672048027362,68.740086305483,63.7229589052128,59.0121875898825,56.1738312554431,65.7045849065961,46.6072751826137,62.5837789474084,50.4970780868911,63.1817501618121,64.4845872144931,62.4886456792281,66.8604968196249,67.0458071517234,61.4253337001098,63.3421577429765,57.9134015437302,66.1734736083205,62.8404721073898,69.6475921689031,51.1372369940848,66.6158375355474,68.1344689645867,51.136501556868,65.4776769499746,59.4609413267561
60.2049539326987,66.7800187108096,66.8655316025597,56.0344177294293,65.915540975197,65.5672048027362,68.740086305483,63.7229589052128,59.0121875898825,56.1756106965204,65.7045849065961,46.6072751826137,62.5837789474084,50.4970780868911,63.1817501618121,64.4845872144931,62.4886456792281,66.8604968196249,67.0458071517234,61.4253337001098,63.3421577429765,57.9134015437302,66.1734736083205,62.8404721073898,69.6475921689031,51.1372369940848,66.6192965402501,68.1344689645867,51.136501556868,65.4776769499746,59.4609413267561
60.2049539326987,66.7800187108096,66.8655316025597,56.0344177294293,65.915540975197,65.5672048027362,68.740086305483,63.7229589052128,59.0121875898825,56.1756106965204,65.7045849065961,46.6072751826137,62.5837789474084,50.4971272739943,63.1819210997894,64.4845872144931,62.4886456792281,66.8604968196249,67.0458071517234,61.4253337001098,63.3421577429765,57.9134015437302,66.1734736083205,62.8404721073898,69.6475921689031,51.1372369940848,66.6192965402501,68.1344689645867,51.136501556868,65.4776769499746,59.4609413267561
60.2049539326987,66.7800187108096,66.8655316025597,56.0344177294293,65.915540975197,65.5672048027362,68.740086305483,63.7229589052128,59.0121875898825,56.1756106965204,65.7045849065961,46.6072751826137,62.5837789474084,50.4971272739943,63.1819210997894,64.4845872144931,62.4886456792281,66.8604968196249,67.0458071517234,61.4253337001098,63.3421577429765,57.9134015437302,66.1734736083205,62.8404721073898,69.6881479550487,51.1372369940848,66.6226825624874,68.1344689645867,51.136501556868,65.4776769499746,59.4609413267561
60.2049539326987,66.7935071062676,66.8696085987606,56.0344177294293,65.915540975197,65.5672048027362,68.740086305483,63.7229589052128,59.0121875898825,56.1756106965204,65.7045849065961,46.6073347486394,62.5837789474084,50.4971272739943,63.1819210997894,64.4845872144931,62.4886456792281,66.8649971334663,67.0740953322139,61.4253337001098,63.3421577429765,57.9134015437302,66.1734736083205,62.8404721073898,69.6881479550487,51.1378705997047,66.6226825624874,68.1344689645867,51.136501556868,65.4776769499746,59.4609413267561
60.2049539326987,66.7935071062676,66.8696085987606,56.0344177294293,65.915540975197,65.5672048027362,68.740086305483,63.7229589052128,59.0121875898825,56.1756106965204,65.7313088738847,46.6073347486394,62.6036317102278,50.4972644783644,63.1819210997894,64.4845872144931,62.4886456792281,66.8649971334663,67.0740953322139,61.4253337001098,63.3421577429765,57.9134015437302,66.1734736083205,62.8404721073898,69.6881479550487,51.1378705997047,66.6226825624874,68.1344689645867,51.136501556868,65.4776769499746,59.4609413267561
60.2049539326987,66.7935071062676,66.8696085987606,56.0344177294293,65.915540975197,65.5672048027362,68.740086305483,63.7516394621575,59.0121875898825,56.1756106965204,65.7313088738847,46.6073347486394,62.6036317102278,50.4972644783644,63.1819210997894,64.4845872144931,62.4886456792281,66.8649971334663,67.0740953322139,61.4253337001098,63.3421577429765,57.9134015437302,66.1783248712452,62.8404721073898,69.6882129358034,51.1378705997047,66.6226825624874,68.1344689645867,51.136501556868,65.5236391774069,59.4609413267561
60.2049539326987,66.7935071062676,66.8696085987606,56.0344177294293,65.915540975197,65.5832032021579,68.740086305483,63.7516394621575,59.0270904354344,56.1756106965204,65.7313088738847,46.6073705171813,62.6036317102278,50.4972644783644,63.1819210997894,64.4845872144931,62.4899460832132,66.8649971334663,67.0740953322139,61.4253337001098,63.3421577429765,57.9156601366778,66.1783248712452,62.8407425985002,69.6882129358034,51.1378705997047,66.6240321567981,68.1344689645867,51.136501556868,65.5236391774069,59.4609413267561
60.2049539326987,66.7935071062676,66.8712127386375,56.0344177294293,65.915540975197,65.5832032021579,68.740086305483,63.7516394621575,59.0270904354344,56.1756106965204,65.7313088738847,46.6073705171813,62.6036317102278,50.4972644783644,63.1819210997894,64.4845872144931,62.4899460832132,66.8649971334663,67.0740953322139,61.4253337001098,63.3742348523351,57.9156601366778,66.1783248712452,62.8407425985002,69.7451679388696,51.1385506394229,66.6240321567981,68.1344689645867,51.136501556868,65.5236391774069,59.4609413267561
60.2049539326987,66.7935071062676,66.8712127386375,56.0344177294293,65.915540975197,65.5832032021579,68.740086305483,63.7516394621575,59.0270904354344,56.1756106965204,65.7313088738847,46.6073705171813,62.6036317102278,50.4972644783644,63.1819561462088,64.4845872144931,62.4899460832132,66.8649971334663,67.1513141129645,61.4253337001098,63.3742348523351,57.9156601366778,66.1783248712452,62.8407723881839,69.7451679388696,51.1385506394229,66.6240321567981,68.1344689645867,51.136501556868,65.5236391774069,59.4609413267561
60.2284968540609,66.7935071062676,66.8712127386375,56.0344177294293,65.9266023481038,65.5832032021579,68.740086305483,63.7516394621575,59.0270904354344,56.1756106965204,65.7313088738847,46.6073705171813,62.6036317102278,50.4972644783644,63.1819561462088,64.4845872144931,62.4899460832132,66.8649971334663,67.1513141129645,61.4253337001098,63.3742348523351,57.9170348523759,66.1849707301741,62.8407723881839,69.7451679388696,51.1385506394229,66.6271436115267,68.1344689645867,51.136501556868,65.5236391774069,59.5733979563497
60.2284968540609,66.7935071062676,66.874423512024,56.0344177294293,65.9266023481038,65.5832032021579,68.740086305483,63.7591871157287,59.0270904354344,56.1756106965204,65.7313088738847,46.6073925144269,62.6036317102278,50.4972644783644,63.1819561462088,64.4845872144931,62.4899460832132,66.8745306032159,67.1513141129645,61.4253337001098,63.3742348523351,57.9170348523759,66.1849707301741,62.8407723881839,69.7451679388696,51.1385506394229,66.6271436115267,68.1344689645867,51.1393073250548,65.5236391774069,59.5733979563497
60.2284968540609,66.7935071062676,66.874423512024,56.0344177294293,65.9266023481038,65.5832032021579,68.740086305483,63.7591871157287,59.0335331874167,56.1756106965204,65.7313088738847,46.6073925144269,62.6036317102278,50.4972644783644,63.1819561462088,64.4954263605497,62.4899460832132,66.8957742521372,67.1513141129645,61.4253337001098,63.3742348523351,57.9170348523759,66.1849707301741,62.8494071084166,69.7853857883106,51.1385506394229,66.6271436115267,68.1344689645867,51.1393073250548,65.5236391774069,59.5733979563497
60.2345065532135,66.7935071062676,66.874423512024,56.0344177294293,65.9266023481038,65.5832032021579,68.740086305483,63.7591871157287,59.0335331874167,56.1756106965204,65.7313088738847,46.6073925144269,62.6036317102278,50.4972644783644,63.1911338053101,64.4954263605497,62.4899460832132,66.8957742521372,67.1513141129645,61.4328007173521,63.3742348523351,57.9170348523759,66.1849707301741,62.8494071084166,69.7853857883106,51.1385506394229,66.6271436115267,68.1344689645867,51.1393073250548,65.5236391774069,59.5733979563497
60.2345065532135,66.7935071062676,66.8766057022677,56.0348359313446,65.9266023481038,65.5832032021579,68.740086305483,63.7591871157287,59.0335331874167,56.1756106965204,65.7313088738847,46.6074063794215,62.6058064170543,50.4972644783644,63.1911338053101,64.4954263605497,62.4899460832132,66.8957742521372,67.1513141129645,61.4328007173521,63.3742348523351,57.9170348523759,66.1878545205458,62.8494071084166,69.7853857883106,51.1385506394229,66.6271436115267,68.1344689645867,51.1393073250548,65.5236391774069,59.5733979563497
60.2345065532135,66.7935071062676,66.8766057022677,56.0348359313446,65.9266023481038,65.5832032021579,68.740086305483,63.7591871157287,59.0335331874167,56.1756106965204,65.7313088738847,46.6074063794215,62.6058064170543,50.497347520276,63.1925749850988,64.4954263605497,62.4899460832132,66.8957742521372,67.1513141129645,61.4328007173521,63.3742348523351,57.9170348523759,66.1878545205458,62.8518323436384,69.7853857883106,51.1385506394229,66.6271436115267,68.1344689645867,51.1393073250548,65.5236391774069,59.6061365246256
60.2345065532135,66.7935071062676,66.8766057022677,56.0348359313446,65.9266023481038,65.5832032021579,68.7425630521552,63.7591871157287,59.0335331874167,56.1768717131265,65.7505177354201,46.6074063794215,62.6058064170543,50.497347520276,63.1925749850988,64.4954263605497,62.4899460832132,66.8970811148998,67.1513141129645,61.4328007173521,63.3742348523351,57.9170348523759,66.1878545205458,62.8518323436384,69.7949717248971,51.1385506394229,66.6271436115267,68.1344689645867,51.1393073250548,65.5236391774069,59.6061365246256
60.2345065532135,66.7935071062676,66.8766057022677,56.0348359313446,65.9276433322744,65.5832032021579,68.7425630521552,63.7591871157287,59.0335331874167,56.1768717131265,65.7505177354201,46.6074063794215,62.6058064170543,50.497347520276,63.1971574820728,64.5125310454106,62.4899460832132,66.9036399030992,67.1986650699898,61.4328007173521,63.3742348523351,57.9170348523759,66.1878545205458,62.8518323436384,69.7949717248971,51.1385506394229,66.6271436115267,68.1344689645867,51.1393073250548,65.5236391774069,59.6061365246256
60.2345065532135,66.796593407197,66.8780993654384,56.0348359313446,65.9276433322744,65.5832032021579,68.7425630521552,63.7591871157287,59.0335331874167,56.1768717131265,65.7505177354201,46.6074153319723,62.6058064170543,50.497347520276,63.1971574820728,64.5125310454106,62.4899460832132,66.9036399030992,67.1986650699898,61.436342294254,63.3742348523351,57.9170348523759,66.1962818980954,62.8518323436384,69.7949717248971,51.1395287172945,66.6271436115267,68.1344689645867,51.1393073250548,65.5236391774069,59.6061365246256
60.2345065532135,66.796593407197,66.8780993654384,56.0348359313446,65.9276433322744,65.5832032021579,68.7430120513683,63.7591871157287,59.0335331874167,56.177765340566,65.7505177354201,46.6074153319723,62.6117486298796,50.497347520276,63.1974861736948,64.5125310454106,62.4899460832132,66.9036399030992,67.1986650699898,61.436342294254,63.3742348523351,57.9170348523759,66.1962818980954,62.8518323436384,69.7962941537442,51.1395287172945,66.6281810371338,68.1344689645867,51.1393073250548,65.5236391774069,59.6061365246256
60.2345065532135,66.796593407197,66.8780993654384,56.0348359313446,65.9276433322744,65.5832032021579,68.7430120513683,63.7591871157287,59.0335331874167,56.177765340566,65.7505177354201,46.6074153319723,62.6117486298796,50.497347520276,63.1974861736948,64.584308362858,62.4899460832132,66.9036399030992,67.1986650699898,61.439157681689,63.3742348523351,57.9170348523759,66.1962818980954,62.8518323436384,69.8145815034621,51.1395287172945,66.6281810371338,68.1344689645867,51.1393073250548,65.5236391774069,59.6061365246256
60.2345065532135,66.796593407197,66.8798224299458,56.0348359313446,65.9276433322744,65.5832032021579,68.7430120513683,63.7658431281436,59.0344949873382,56.177765340566,65.7505177354201,46.6074212443103,62.6117486298796,50.497347520276,63.1974861736948,64.584308362858,62.4899460832132,66.9036399030992,67.2714717422207,61.439157681689,63.3742348523351,57.9170348523759,66.1962818980954,62.8518323436384,69.8145815034621,51.1395287172945,66.6281810371338,68.1344689645867,51.1393073250548,65.5236391774069,59.6061365246256
60.2345065532135,66.796593407197,66.8798224299458,56.0348359313446,65.9276433322744,65.5832032021579,68.7430120513683,63.7658431281436,59.0344949873382,56.177765340566,65.8043109796505,46.6074212443103,62.6117486298796,50.497347520276,63.1974861736948,64.584308362858,62.4899460832132,66.9053775826207,67.2714717422207,61.439157681689,63.3742348523351,57.9170348523759,66.1962818980954,62.8518323436384,69.8145815034621,51.1395287172945,66.6281810371338,68.1344689645867,51.1393073250548,65.5355062944678,59.6061365246256
60.2345065532135,66.7985869031047,66.8798224299458,56.0348359313446,65.9276433322744,65.5832032021579,68.7430120513683,63.7658431281436,59.0344949873382,56.177765340566,65.8043109796505,46.6074212443103,62.6532820844219,50.497347520276,63.1983868335953,64.584308362858,62.4899460832132,66.9094416305759,67.2714717422207,61.439157681689,63.3766766782936,57.9170348523759,66.1962818980954,62.8518323436384,69.8145815034621,51.1395287172945,66.6281810371338,68.1344689645867,51.1393073250548,65.5355062944678,59.6061365246256
60.2410545456751,66.7985869031047,66.8798224299458,56.0348359313446,65.9276433322744,65.5945513801302,68.7430120513683,63.7817096659763,59.0344949873382,56.177765340566,65.8043109796505,46.6074212443103,62.6532820844219,50.497347520276,63.1983868335953,64.584308362858,62.4899460832132,66.9194924387946,67.2714717422207,61.439157681689,63.3766766782936,57.9170348523759,66.1962818980954,62.8518323436384,69.8145815034621,51.1395287172945,66.6281810371338,68.1416039338845,51.1393073250548,65.5355062944678,59.6061365246256
60.2410545456751,66.7985869031047,66.8807650677895,56.0348359313446,65.9276433322744,65.5945513801302,68.7430120513683,63.7817096659763,59.0344949873382,56.177765340566,65.8043109796505,46.6074252282212,62.6532820844219,50.497347520276,63.1998032606181,64.6724536463021,62.4906104912831,66.9194924387946,67.2714717422207,61.439157681689,63.3766766782936,57.9170348523759,66.1962818980954,62.8518323436384,69.8145815034621,51.1395287172945,66.6281810371338,68.1416039338845,51.1393073250548,65.5355062944678,59.6061365246256
60.2410545456751,66.7985869031047,66.8807650677895,56.0348359313446,65.9276433322744,65.5945513801302,68.7430120513683,63.8026280278813,59.0344949873382,56.177765340566,65.8043109796505,46.6074252282212,62.6532820844219,50.497347520276,63.1998032606181,64.6724536463021,62.4906104912831,66.9194924387946,67.2714717422207,61.439157681689,63.3766766782936,57.9170348523759,66.1962818980954,62.8518323436384,69.8145815034621,51.1395287172945,66.6281810371338,68.1416039338845,51.1393073250548,65.5355062944678,59.6061365246256
60.2410545456751,66.7985869031047,66.8807650677895,56.0349641589427,65.9276433322744,65.5945513801302,68.7430120513683,63.8026280278813,59.0344949873382,56.177765340566,65.8415438388294,46.6074252282212,62.6788674162317,50.497347520276,63.2017546269715,64.6724536463021,62.4906104912831,66.9194924387946,67.2714717422207,61.439157681689,63.3766766782936,57.9218246965223,66.1962818980954,62.8518323436384,69.8288280432014,51.1395287172945,66.6281810371338,68.1416039338845,51.1393073250548,65.5355062944678,59.6061365246256
60.2410545456751,66.7985869031047,66.8811807093498,56.0349641589427,65.9276433322744,65.5945513801302,68.7430120513683,63.8026280278813,59.0463050751819,56.177765340566,65.8415438388294,46.614633336581,62.6788674162317,50.4973857354926,63.2063665120257,64.7790363137126,62.4906104912831,66.9194924387946,67.2714717422207,61.439157681689,63.3766766782936,57.9218246965223,66.1962818980954,62.8518323436384,69.8288280432014,51.1395287172945,66.6281810371338,68.1416039338845,51.1393073250548,65.5355062944678,59.6061365246256
60.2410545456751,66.7985869031047,66.8811807093498,56.0349968786893,65.9276433322744,65.5945513801302,68.7430120513683,63.8205781232178,59.0463050751819,56.177765340566,65.8415438388294,46.614633336581,62.6788674162317,50.4973857354926,63.2063665120257,64.7790363137126,62.4906104912831,66.9216210564006,67.2896804956781,61.439157681689,63.3766766782936,57.9218246965223,66.1962818980954,62.8518323436384,69.8288280432014,51.1395287172945,66.6281810371338,68.1416039338845,51.1393073250548,65.5355062944678,59.6061365246256
60.2410545456751,66.7985869031047,66.8811807093498,56.0349968786893,65.9276433322744,65.5945513801302,68.7431589886166,63.8205781232178,59.0463050751819,56.1783997959163,65.8415438388294,46.614633336581,62.6788674162317,50.4983948650676,63.2063665120257,64.7798468415675,62.4906104912831,66.9216210564006,67.2896804956781,61.439157681689,63.3766766782936,57.9218246965223,66.1962818980954,62.8518323436384,69.8288280432014,51.1395287172945,66.6281810371338,68.1416039338845,51.1393073250548,65.5355062944678,59.7035769184228
60.2470693667614,66.7985869031047,66.8811807093498,56.0349968786893,65.9276433322744,65.5945513801302,68.7431589886166,63.8239286407925,59.0463050751819,56.1783997959163,65.8415438388294,46.614633336581,62.6788674162317,50.4994215653745,63.208346638194,64.7798468415675,62.4906104912831,66.9216210564006,67.2896804956781,61.439157681689,63.3766766782936,57.9218246965223,66.1962818980954,62.8518323436384,69.8288280432014,51.1395287172945,66.6281810371338,68.1416039338845,51.1400347719864,65.5355062944678,59.7035769184228
60.2470693667614,66.7985869031047,66.8813340821342,56.0349968786893,65.9345253713024,65.5945513801302,68.7431589886166,63.8239286407925,59.0463050751819,56.1783997959163,65.8415438388294,46.6155475749853,62.6788674162317,50.4994215653745,63.208346638194,64.7798468415675,62.4906104912831,66.9216210564006,67.2896804956781,61.439157681689,63.3766766782936,57.9218246965223,66.1962818980954,62.8518323436384,69.8288280432014,51.1395287172945,66.6281810371338,68.1426818834645,51.1400347719864,65.5451507111514,59.7035769184228
60.2470693667614,66.7985869031047,66.8813340821342,56.0350637675432,65.9345253713024,65.5945513801302,68.7431589886166,63.8239286407925,59.0463050751819,56.1783997959163,65.8675908507771,46.6155475749853,62.6788674162317,50.49943829852,63.208346638194,64.8400793910624,62.4906104912831,66.9216210564006,67.2896804956781,61.4448863423486,63.3766766782936,57.9218341321404,66.1962818980954,62.8518323436384,69.8519371376766,51.1400280984619,66.6281810371338,68.1426818834645,51.1400347719864,65.5451507111514,59.7035769184228
60.2470693667614,66.7985869031047,66.8813340821342,56.0350637675432,65.9351926607576,65.5945513801302,68.7431589886166,63.8285654469583,59.0463050751819,56.1783997959163,65.8675908507771,46.6155475749853,62.6788674162317,50.49943829852,63.208346638194,64.8400793910624,62.4915743905305,66.9216210564006,67.2896804956781,61.4448863423486,63.3766766782936,57.9218341321404,66.1962818980954,62.8558150767424,69.8896972428374,51.1400280984619,66.6281810371338,68.1426818834645,51.1400347719864,65.5451507111514,59.7035769184228
60.2470693667614,66.7985869031047,66.8829007719835,56.0350637675432,65.9351926607576,65.5945513801302,68.7431589886166,63.8285654469583,59.0463050751819,56.1783997959163,65.8675908507771,46.6155475749853,62.6788674162317,50.49943829852,63.208346638194,64.8400793910624,62.4915743905305,66.9216210564006,67.2896804956781,61.4448863423486,63.3766766782936,57.9225834591819,66.1962818980954,62.8558150767424,69.8896972428374,51.140230045097,66.6281810371338,68.1426818834645,51.1400347719864,65.5451507111514,59.788742503424
60.2470693667614,66.7985869031047,66.8829007719835,56.0350637675432,65.9351926607576,65.5945513801302,68.7431589886166,63.8315309117998,59.0509350053446,56.1783997959163,65.8675908507771,46.6155475749853,62.6788674162317,50.4997686491369,63.208346638194,64.8400793910624,62.4915743905305,66.9216210564006,67.2896804956781,61.4448863423486,63.3766766782936,57.9225834591819,66.1962818980954,62.8558150767424,69.8896972428374,51.140230045097,66.6281810371338,68.1426818834645,51.1400347719864,65.5451507111514,59.788742503424
60.2470693667614,66.7985869031047,66.8829007719835,56.0350637675432,65.9351926607576,65.5945513801302,68.7431589886166,63.8315309117998,59.0509350053446,56.1783997959163,65.8675908507771,46.6155475749853,62.6788674162317,50.4997686491369,63.208346638194,64.8400793910624,62.4915743905305,66.9216210564006,67.302904654649,61.4448863423486,63.3766766782936,57.9225834591819,66.1962818980954,62.8558150767424,69.8917143517866,51.1406475071109,66.6281810371338,68.1426818834645,51.1400347719864,65.5451507111514,59.788742503424
60.2484886409339,66.7985869031047,66.8829007719835,56.0350637675432,65.9351926607576,65.5945513801302,68.7431851352329,63.8315309117998,59.0509350053446,56.1783997959163,65.931126025742,46.6155475749853,62.6788674162317,50.4997686491369,63.208346638194,64.845438481829,62.4915743905305,66.9216210564006,67.302904654649,61.4448863423486,63.3766766782936,57.9225834591819,66.1962818980954,62.8558150767424,69.8917143517866,51.1406475071109,66.6281810371338,68.1426818834645,51.1400347719864,65.5451507111514,59.788742503424
60.2484886409339,66.7985869031047,66.8829007719835,56.0350637675432,65.9351926607576,65.5945513801302,68.7431851352329,63.8315309117998,59.0531356674923,56.1783997959163,65.931126025742,46.6155475749853,62.6788674162317,50.4999684811014,63.208346638194,64.845438481829,62.4917850642717,66.9216210564006,67.302904654649,61.4463578259185,63.3766766782936,57.9225834591819,66.1962818980954,62.8558150767424,69.8917143517866,51.1406475071109,66.6281810371338,68.1527536664327,51.140073987511,65.5451507111514,59.788742503424
60.2484886409339,66.7985869031047,66.8830228260279,56.0350637675432,65.9351926607576,65.5945513801302,68.7431851352329,63.8315309117998,59.0531356674923,56.1788516624505,65.931126025742,46.6155475749853,62.6788674162317,50.4999684811014,63.208346638194,64.9281941037637,62.4917850642717,66.9216210564006,67.302904654649,61.4463578259185,63.3766766782936,57.9225834591819,66.1962818980954,62.8558150767424,69.8977471082024,51.1418879627852,66.6281810371338,68.1527536664327,51.140073987511,65.5451507111514,59.8067003503362
60.2484886409339,66.7985869031047,66.8830228260279,56.0350743928263,65.9351926607576,65.5945513801302,68.7431851352329,63.8316077104663,59.0531356674923,56.1788516624505,65.931126025742,46.6155475749853,62.6788674162317,50.4999684811014,63.2089110653761,64.9281941037637,62.4917850642717,66.9216210564006,67.302904654649,61.4463578259185,63.3766766782936,57.9225834591819,66.1962818980954,62.8558150767424,69.8982446204448,51.1418879627852,66.628898422632,68.1527536664327,51.140073987511,65.5451507111514,59.8067003503362
60.2484886409339,66.7985869031047,66.8831518605916,56.0350743928263,65.9351926607576,65.5945513801302,68.7431851352329,63.8316077104663,59.0531356674923,56.1788516624505,65.931126025742,46.6207844787678,62.6922629845943,50.4999684811014,63.2089110653761,64.9281941037637,62.4917850642717,66.9216210564006,67.302904654649,61.4463578259185,63.3766766782936,57.9225834591819,66.1962818980954,62.8558150767424,69.8982446204448,51.1418879627852,66.628898422632,68.1527536664327,51.140073987511,65.5451507111514,59.8067003503362
60.2484886409339,66.7985869031047,66.8831518605916,56.0350743928263,65.9351926607576,65.5945513801302,68.7431851352329,63.8316077104663,59.0531356674923,56.1791746954928,65.931126025742,46.6207844787678,62.6922629845943,50.5000558904016,63.2089110653761,64.9444760096174,62.4917850642717,66.9216210564006,67.302904654649,61.4463578259185,63.3766766782936,57.9239450367898,66.1962818980954,62.8558150767424,69.8982446204448,51.1430323264539,66.628898422632,68.1527536664327,51.1439339722469,65.5451507111514,59.8067003503362
60.2484886409339,66.7985869031047,66.8831518605916,56.0350743928263,65.9351926607576,65.603574284597,68.7431851352329,63.8386734451558,59.0555578062623,56.1791746954928,66.0548990340258,46.6207844787678,62.6922629845943,50.5000558904016,63.2089110653761,64.9444760096174,62.4919362598279,66.9216210564006,67.302904654649,61.4463578259185,63.3766766782936,57.9239450367898,66.1989119122468,62.8558150767424,69.8982446204448,51.1430323264539,66.628898422632,68.1527536664327,51.1439339722469,65.5451507111514,59.8067003503362
60.2484886409339,66.7985869031047,66.8831518605916,56.0351006708374,65.9361787382891,65.603574284597,68.7431851352329,63.8386734451558,59.0555578062623,56.1791746954928,66.0548990340258,46.6207844787678,62.6922629845943,50.5000558904016,63.2089110653761,64.9444760096174,62.4919362598279,66.9216210564006,67.302904654649,61.4463578259185,63.3766766782936,57.9253725244402,66.1989119122468,62.8558150767424,69.900677622299,51.1462451294063,66.6305532579136,68.1527536664327,51.1439339722469,65.5451507111514,59.8067003503362
60.2484886409339,66.7985869031047,66.8831518605916,56.0351006708374,65.9361787382891,65.603574284597,68.7431851352329,63.8386734451558,59.0555578062623,56.1794065056472,66.0548990340258,46.6207844787678,62.6922629845943,50.5000558904016,63.2089110653761,64.9456323128216,62.4931560884509,66.9216210564006,67.302904654649,61.4463578259185,63.3766766782936,57.9253725244402,66.1992102877113,62.8558150767424,69.900677622299,51.1462451294063,66.6305532579136,68.1527536664327,51.1439339722469,65.5451507111514,59.8332669651527
60.2484886409339,66.7985869031047,66.8832706955842,56.0351006708374,65.9361787382891,65.603574284597,68.7431851352329,63.8386734451558,59.0555578062623,56.1794065056472,66.0548990340258,46.6246920361851,62.6922629845943,50.5000558904016,63.2089110653761,64.9456323128216,62.4931560884509,66.9216210564006,67.302904654649,61.4463578259185,63.3766766782936,57.926208664806,66.1992102877113,62.8558150767424,69.900677622299,51.1462451294063,66.6305532579136,68.1527536664327,51.1439339722469,65.5451507111514,59.8332669651527
60.2484886409339,66.7985869031047,66.8832706955842,56.0351006708374,65.9372185485591,65.603574284597,68.7431851352329,63.8386734451558,59.0555578062623,56.1794065056472,66.0548990340258,46.6246920361851,62.6922629845943,50.5006700693783,63.2089110653761,64.9456323128216,62.4935220963621,66.9216210564006,67.302904654649,61.4463578259185,63.3766766782936,57.926208664806,66.1992102877113,62.8558150767424,69.9143664949923,51.1462451294063,66.6305532579136,68.1527536664327,51.1439339722469,65.5451507111514,59.8332669651527
60.2484886409339,66.7985869031047,66.8832706955842,56.0351006708374,65.9372185485591,65.607533295354,68.7431851352329,63.8406509302102,59.0596541287668,56.1794065056472,66.1395143763532,46.6246920361851,62.6922629845943,50.5008957515376,63.2092647631035,64.9456323128216,62.4935220963621,66.9216210564006,67.302904654649,61.4463578259185,63.3766766782936,57.926208664806,66.2024931146891,62.8558150767424,69.9143664949923,51.1462451294063,66.6316536111641,68.1527536664327,51.1439339722469,65.5451507111514,59.8332669651527
60.2484886409339,66.7985869031047,66.8844286841761,56.0351006708374,65.9372185485591,65.607533295354,68.7431851352329,63.8406509302102,59.0596541287668,56.1794065056472,66.1395143763532,46.6246920361851,62.6922629845943,50.5008957515376,63.2092647631035,64.9456323128216,62.4935220963621,66.9216210564006,67.302904654649,61.4463578259185,63.3766766782936,57.9283224800342,66.2024931146891,62.8558150767424,69.9143664949923,51.1467941014603,66.6316536111641,68.1527536664327,51.1439339722469,65.5451507111514,59.8332669651527
60.2484886409339,66.7985869031047,66.8844286841761,56.0351006708374,65.9372185485591,65.607533295354,68.7452439103107,63.8434150039781,59.0626629267662,56.1794065056472,66.1395143763532,46.630530500426,62.6922629845943,50.5008957515376,63.2092647631035,64.9456323128216,62.4940059990092,66.9216210564006,67.302904654649,61.4463578259185,63.3766766782936,57.9283224800342,66.2024931146891,62.8564879913588,69.9220224259588,51.1467941014603,66.6316536111641,68.1527536664327,51.1450292810475,65.5451507111514,59.8860073210287
60.2484886409339,66.7985869031047,66.8850687539563,56.0351006708374,65.9372185485591,65.607533295354,68.7452439103107,63.8434150039781,59.0626629267662,56.1794065056472,66.1395143763532,46.630530500426,62.6922629845943,50.5008957515376,63.2092647631035,64.9456323128216,62.4940059990092,66.9216210564006,67.302904654649,61.4463578259185,63.3766766782936,57.9283224800342,66.2024931146891,62.8564879913588,69.9220224259588,51.1467941014603,66.6326715642957,68.1527536664327,51.1450292810475,65.5451507111514,59.8860073210287
60.2484886409339,66.7985869031047,66.8850687539563,56.0351006708374,65.9372185485591,65.607533295354,68.7452439103107,63.8434150039781,59.0626629267662,56.1794065056472,66.1395143763532,46.630530500426,62.6922629845943,50.5009271109541,63.2092647631035,64.9478590487015,62.4940059990092,66.9216210564006,67.302904654649,61.4463578259185,63.3766766782936,57.9298929535883,66.2024931146891,62.8564879913588,69.9220224259588,51.1467941014603,66.6326715642957,68.1527536664327,51.1450292810475,65.5451507111514,59.8860073210287
60.2484886409339,66.7985869031047,66.8850687539563,56.0351006708374,65.9374308187348,65.607533295354,68.7452439103107,63.8475061271689,59.0626629267662,56.1794065056472,66.1395143763532,46.630530500426,62.6922629845943,50.5011715767772,63.2092647631035,64.9478590487015,62.4940059990092,66.9216210564006,67.302904654649,61.4463578259185,63.3766766782936,57.9298929535883,66.2024931146891,62.8564879913588,69.9256857272302,51.1467941014603,66.6326715642957,68.1590903765756,51.1450292810475,65.5451507111514,59.8860073210287
60.2484886409339,66.7985869031047,66.8853339599694,56.0351006708374,65.9374308187348,65.607533295354,68.7452439103107,63.8475061271689,59.0662698671977,56.1794065056472,66.2007428222686,46.6371262709314,62.6922629845943,50.5011715767772,63.2092647631035,64.9478590487015,62.4940059990092,66.9216210564006,67.302904654649,61.4463578259185,63.3766766782936,57.9307756435274,66.2024931146891,62.8564879913588,69.9256857272302,51.1467941014603,66.6334186853232,68.1590903765756,51.1450292810475,65.5451507111514,59.8860073210287
60.2484886409339,66.7985869031047,66.8853339599694,56.0351006708374,65.9378633346663,65.607533295354,68.7452439103107,63.8499729818069,59.0662698671977,56.1794065056472,66.2007428222686,46.6371262709314,62.6922629845943,50.5012716396432,63.2092647631035,64.9478590487015,62.4940059990092,66.9404001641752,67.302904654649,61.4463578259185,63.3766766782936,57.9307756435274,66.2024931146891,62.8564879913588,69.9256857272302,51.1467941014603,66.6334186853232,68.1590903765756,51.1450292810475,65.5451507111514,60.0612975191165
60.2484886409339,66.7985869031047,66.8867679955281,56.0351006708374,65.9378633346663,65.607533295354,68.7452439103107,63.8499729818069,59.0662698671977,56.1794065056472,66.2007428222686,46.6371262709314,62.6922629845943,50.5012716396432,63.2092647631035,64.9478590487015,62.4940059990092,66.9404001641752,67.302904654649,61.4463578259185,63.3817137322319,57.931781371358,66.2024931146891,62.8564879913588,69.9270509055221,51.1467941014603,66.6334186853232,68.1590903765756,51.1450292810475,65.5451507111514,60.0612975191165
60.2484886409339,66.7985869031047,66.8867679955281,56.0351006708374,65.9378633346663,65.607533295354,68.7452439103107,63.8499729818069,59.0662698671977,56.1794065056472,66.2007428222686,46.6424831655347,62.6922629845943,50.5012716396432,63.2092647631035,64.9627522623771,62.4940059990092,66.9404001641752,67.302904654649,61.4463578259185,63.3817137322319,57.9321008059021,66.2024931146891,62.8564879913588,69.9270509055221,51.1468056699651,66.6339146743216,68.1590903765756,51.1475855057224,65.5451507111514,60.0612975191165
60.2484886409339,66.7985869031047,66.8867679955281,56.0351006708374,65.9378633346663,65.607533295354,68.7452439103107,63.8499729818069,59.0662698671977,56.1794065056472,66.2007428222686,46.6424831655347,62.6922629845943,50.5012716396432,63.2092647631035,64.9627522623771,62.4940059990092,66.9404001641752,67.302904654649,61.4463578259185,63.3817137322319,57.9321008059021,66.2032047567271,62.8564879913588,69.9270509055221,51.1468056699651,66.6339146743216,68.1590903765756,51.1475855057224,65.5451507111514,60.0612975191165
60.2484886409339,66.7985869031047,66.8867679955281,56.0351006708374,65.9378633346663,65.607533295354,68.7452439103107,63.8499729818069,59.0662698671977,56.1794065056472,66.2967438756301,46.6424831655347,62.6922629845943,50.5012716396432,63.2092647631035,64.9627522623771,62.4940147437068,66.9404001641752,67.302904654649,61.4463578259185,63.3857126741736,57.9321008059021,66.2032047567271,62.8564879913588,69.9272743451225,51.1468056699651,66.6339146743216,68.1590903765756,51.1475855057224,65.5451507111514,60.0612975191165
60.2484886409339,66.7985869031047,66.8879195707372,56.0351006708374,65.9378633346663,65.607533295354,68.7452439103107,63.8499729818069,59.0662698671977,56.1794065056472,66.2967438756301,46.6424831655347,62.6922629845943,50.5012716396432,63.2093630918998,64.9627522623771,62.4940147437068,66.9404001641752,67.302904654649,61.4463578259185,63.3857126741736,57.9325458743102,66.2063727470983,62.8564879913588,69.9272743451225,51.1468056699651,66.6344486616005,68.1590903765756,51.1478064519985,65.5451507111514,60.0612975191165
60.2484886409339,66.7985869031047,66.8879195707372,56.0351006708374,65.9378633346663,65.607533295354,68.7452439103107,63.8499729818069,59.0662698671977,56.1794065056472,66.2967438756301,46.6506816105314,62.6922629845943,50.5012716396432,63.2093630918998,64.9627522623771,62.4940298543368,66.9404001641752,67.302904654649,61.4463578259185,63.3857126741736,57.9325458743102,66.2063727470983,62.8564879913588,69.9272743451225,51.1472177598938,66.6344486616005,68.1590903765756,51.1478064519985,65.5456628708978,60.0612975191165
60.2484886409339,66.7985869031047,66.8879195707372,56.0351006708374,65.9378633346663,65.607533295354,68.7452439103107,63.8499729818069,59.0662698671977,56.1794065056472,66.2967438756301,46.6506816105314,62.6922629845943,50.5012716396432,63.2093630918998,64.9627522623771,62.4940298543368,66.9404001641752,67.302904654649,61.4463578259185,63.3857126741736,57.9325458743102,66.2063727470983,62.8564879913588,69.9313722181867,51.1472177598938,66.6344486616005,68.1590903765756,51.1478064519985,65.5456628708978,60.0612975191165
60.2484886409339,66.7985869031047,66.8889592521922,56.0351006708374,65.9378633346663,65.6277871844468,68.7452439103107,63.8499729818069,59.0662698671977,56.1794065056472,66.3646812003321,46.6506816105314,62.6922629845943,50.5012716396432,63.2093630918998,64.9627522623771,62.4940298543368,66.9404001641752,67.302904654649,61.4463578259185,63.3857126741736,57.9326830505673,66.2156435218528,62.8564879913588,69.9313722181867,51.1472177598938,66.6360150977897,68.1590903765756,51.1478064519985,65.5456628708978,60.0612975191165
60.2484886409339,66.7985869031047,66.8889592521922,56.0351006708374,65.9378633346663,65.6277871844468,68.7452439103107,63.8499729818069,59.0662698671977,56.1794065056472,66.3646812003321,46.6585852686962,62.6922629845943,50.5012716396432,63.2093630918998,64.9627522623771,62.4940298543368,66.9404001641752,67.302904654649,61.4463578259185,63.3857126741736,57.9326830505673,66.2156435218528,62.8564879913588,69.9313722181867,51.1472177598938,66.6360150977897,68.1590903765756,51.1510679846467,65.5456628708978,60.0612975191165
60.252736825649,66.8085210875312,66.8889592521922,56.0351006708374,65.9378633346663,65.6277871844468,68.7452439103107,63.8499729818069,59.0662698671977,56.1794065056472,66.3646812003321,46.6585852686962,62.6922629845943,50.5012716396432,63.2093630918998,64.9645685345522,62.4940298543368,66.9404001641752,67.302904654649,61.4477054126753,63.3865550815001,57.9326830505673,66.2178073201982,62.8564879913588,69.9349689374792,51.1472413391287,66.6360150977897,68.1590903765756,51.1510679846467,65.5456628708978,60.0631044795728
60.252736825649,66.8085210875312,66.8894302135854,56.0351006708374,65.9379441817715,65.6277871844468,68.7452439103107,63.8499729818069,59.0662698671977,56.1794065056472,66.3646812003321,46.6585852686962,62.6922629845943,50.5012716396432,63.2093630918998,64.9645685345522,62.4940298543368,66.9614057822685,67.302904654649,61.4477054126753,63.3865550815001,57.9326830505673,66.2178073201982,62.8564879913588,69.9349689374792,51.1472413391287,66.6368536148182,68.1681584216338,51.1510679846467,65.5456628708978,60.0631044795728
60.252736825649,66.8085210875312,66.8894302135854,56.0351231712949,65.9379441817715,65.6277871844468,68.7452439103107,63.8499729818069,59.0667344944732,56.1794065056472,66.3646812003321,46.6585852686962,62.6922629845943,50.5012716396432,63.2094328438818,64.9645685345522,62.4940872328864,66.9614057822685,67.302904654649,61.4481047465161,63.3865550815001,57.9326830505673,66.2337493724046,62.8564879913588,69.9358463994989,51.1472413391287,66.6368536148182,68.1681584216338,51.153243327822,65.5456628708978,60.0631044795728
60.252736825649,66.8085268953746,66.8894302135854,56.0351231712949,65.9379441817715,65.6277871844468,68.7452439103107,63.8499729818069,59.0667344944732,56.1794065056472,66.5320462432815,46.6673922373185,62.6922629845943,50.5012716396432,63.2094328438818,64.9645685345522,62.4940872328864,66.9614057822685,67.302904654649,61.4481047465161,63.3896967296967,57.9326830505673,66.2337493724046,62.8564879913588,69.9358463994989,51.1472413391287,66.6368536148182,68.1681584216338,51.153243327822,65.5456628708978,60.0631044795728
60.2549930925102,66.8085268953746,66.8914885373559,56.0351519006244,65.938003662419,65.6277871844468,68.7452439103107,63.8499729818069,59.0667344944732,56.1794065056472,66.5320462432815,46.6673922373185,62.700341442273,50.5012716396432,63.2094328438818,64.9645685345522,62.4940872328864,66.9614057822685,67.302904654649,61.4481047465161,63.3896967296967,57.9326830505673,66.2355735370577,62.8564879913588,69.9358463994989,51.1472413391287,66.6404647417745,68.1681584216338,51.1536478356444,65.5501007401867,60.0631044795728
60.2549930925102,66.8085268953746,66.8914885373559,56.0351519006244,65.938003662419,65.6277871844468,68.7460207548673,63.8499729818069,59.0667743174222,56.1794065056472,66.5320462432815,46.6673922373185,62.700341442273,50.5012716396432,63.2094568088889,64.9645685345522,62.4942442296394,66.9614057822685,67.302904654649,61.4481047465161,63.3896967296967,57.9328449698671,66.2396170612405,62.8564879913588,69.940083575505,51.1472413391287,66.6404647417745,68.1681584216338,51.1536478356444,65.5501007401867,60.0631044795728
60.2549930925102,66.8085268953746,66.8914885373559,56.0351815903422,65.9380330968838,65.6277871844468,68.7460207548673,63.8499729818069,59.0667743174222,56.1795734342916,66.5320462432815,46.6736785916662,62.7136872888115,50.5012716396432,63.2095062839873,64.9655779709386,62.4942442296394,66.9629167283721,67.302904654649,61.4481047465161,63.3917772935475,57.9328449698671,66.2396170612405,62.8564879913588,69.940083575505,51.1472413391287,66.6404647417745,68.1681584216338,51.1536478356444,65.5501007401867,60.0631044795728
60.2549930925102,66.8085268953746,66.8922399257854,56.0351815903422,65.9380330968838,65.6277871844468,68.7460207548673,63.8499729818069,59.0667743174222,56.1795734342916,66.5320462432815,46.6736785916662,62.7136872888115,50.501382975406,63.2095062839873,64.9723470186451,62.4942915745275,66.9629167283721,67.302904654649,61.4481047465161,63.3917772935475,57.9328449698671,66.2465052739629,62.8564879913588,69.942211525883,51.1472413391287,66.6404647417745,68.1681584216338,51.1536478356444,65.5501007401867,60.0631044795728
60.2549930925102,66.8085268953746,66.8922399257854,56.0351815903422,65.9388248066525,65.6277871844468,68.7460207548673,63.8499729818069,59.0667743174222,56.1795734342916,66.6861560373793,46.6736785916662,62.7136872888115,50.5016669838245,63.2096780532931,64.9723470186451,62.4942915745275,66.9629167283721,67.302904654649,61.4484019008456,63.3928992022069,57.9328449698671,66.2465052739629,62.8564879913588,69.942211525883,51.1472413391287,66.6404647417745,68.1681584216338,51.1536478356444,65.5501007401867,60.0631044795728
60.2549930925102,66.8085268953746,66.8939077959199,56.0351955793944,65.9388248066525,65.6277871844468,68.7460207548673,63.8499729818069,59.0667743174222,56.1795734342916,66.6861560373793,46.6790439235635,62.7136872888115,50.5016669838245,63.2096780532931,64.9723470186451,62.4942915745275,66.9629167283721,67.302904654649,61.4486077707618,63.3928992022069,57.9328449698671,66.2465052739629,62.8565847530055,69.942211525883,51.1472413391287,66.6411597765369,68.1681584216338,51.156782091916,65.5501007401867,60.0631044795728
60.2549930925102,66.8085268953746,66.8939077959199,56.0351955793944,65.9388248066525,65.6277871844468,68.7460207548673,63.8499729818069,59.0667743174222,56.1795734342916,66.6861560373793,46.6790439235635,62.7136872888115,50.5016669838245,63.2096780532931,64.9723470186451,62.494328784474,66.9629167283721,67.302904654649,61.4486077707618,63.3928992022069,57.9330090081759,66.2465052739629,62.8565847530055,69.9431223303136,51.1472413391287,66.6411597765369,68.1718981442816,51.156782091916,65.5501007401867,60.0631044795728
60.2549930925102,66.8085268953746,66.8939077959199,56.0351955793944,65.9388248066525,65.6328636495081,68.7460207548673,63.8499729818069,59.0667743174222,56.1795734342916,66.6861560373793,46.6790439235635,62.7136872888115,50.5016865785708,63.2096780532931,64.9723470186451,62.494328784474,66.9629167283721,67.3139784035178,61.4486077707618,63.3931735272603,57.9330090081759,66.2465052739629,62.8565847530055,69.9431223303136,51.1472413391287,66.6421544361011,68.1718981442816,51.156782091916,65.5501007401867,60.0631044795728
60.2549930925102,66.8085268953746,66.8952768122606,56.0352337980233,65.9388248066525,65.6328636495081,68.7460207548673,63.8499729818069,59.0667743174222,56.1795734342916,67.0535419335796,46.6875271572512,62.7136872888115,50.5016865785708,63.2096780532931,64.9723470186451,62.494328784474,66.9654139194218,67.3139784035178,61.4486077707618,63.3931735272603,57.9330090081759,66.2465052739629,62.8565847530055,69.9434068359501,51.1472413391287,66.6421544361011,68.1718981442816,51.1580093516844,65.5501007401867,60.0631044795728
60.2593893102898,66.8085268953746,66.8952768122606,56.0352337980233,65.9388248066525,65.6328636495081,68.7460207548673,63.8510322112135,59.0667743174222,56.1809760041135,67.0535419335796,46.6875271572512,62.7136872888115,50.502107073303,63.2096780532931,64.9723470186451,62.494328784474,66.9654139194218,67.3139784035178,61.4486077707618,63.3931735272603,57.9330090081759,66.2465052739629,62.8565847530055,69.9434068359501,51.1472413391287,66.6421544361011,68.1718981442816,51.1580093516844,65.550815822801,60.0748010326841
60.2593893102898,66.8085268953746,66.8952768122606,56.0352337980233,65.9388248066525,65.6328636495081,68.7460207548673,63.8510322112135,59.0667743174222,56.1809760041135,67.0535419335796,46.6875271572512,62.7136872888115,50.5022235764756,63.2096780532931,64.9723470186451,62.49470153415,66.9654139194218,67.3139784035178,61.4486077707618,63.3931735272603,57.9333420181769,66.2465052739629,62.8565847530055,69.9434068359501,51.1472413391287,66.6421544361011,68.1718981442816,51.1612017075119,65.550815822801,60.0748010326841
60.2616494880351,66.8085268953746,66.8952768122606,56.0352521096533,65.9388248066525,65.6328636495081,68.7460207548673,63.8510322112135,59.0667743174222,56.1809760041135,67.0535419335796,46.6916550293554,62.7136872888115,50.5022235764756,63.2096780532931,64.9723470186451,62.4948008102071,66.9654139194218,67.3139784035178,61.4498672220064,63.3931735272603,57.9333420181769,66.2465052739629,62.8565894579177,69.9436602652397,51.1472413391287,66.6421544361011,68.1718981442816,51.1612017075119,65.550815822801,60.0748010326841
60.2616494880351,66.8085268953746,66.8952768122606,56.0352521096533,65.9388248066525,65.6328636495081,68.7460207548673,63.85121521319,59.0667743174222,56.1829104646784,67.3975693176533,46.6916550293554,62.7136872888115,50.5022235764756,63.2096780532931,64.9723470186451,62.4948008102071,66.970569985313,67.3139784035178,61.4498672220064,63.3931735272603,57.9333420181769,66.2465052739629,62.8565894579177,69.9436602652397,51.1472413391287,66.6421544361011,68.1718981442816,51.1612017075119,65.550815822801,60.0748010326841
60.2616494880351,66.8085268953746,66.8952768122606,56.0352521096533,65.9388248066525,65.6328636495081,68.7460207548673,63.85121521319,59.0667743174222,56.1829104646784,67.3975693176533,46.6916550293554,62.7136872888115,50.5022235764756,63.2096780532931,64.9723470186451,62.4949605233586,66.970569985313,67.3148285503501,61.4498672220064,63.3931735272603,57.9334486237486,66.2465052739629,62.8565894579177,69.9459077405923,51.1472413391287,66.6421544361011,68.1718981442816,51.1614863380318,65.550815822801,60.0748010326841
60.2616494880351,66.8085268953746,66.8952768122606,56.0352938863161,65.9388248066525,65.6387308011715,68.7460207548673,63.85121521319,59.0673688907692,56.1829104646784,67.3975693176533,46.6960163692167,62.7136872888115,50.5022235764756,63.2096780532931,64.9871402847257,62.4949605233586,66.970569985313,67.3148285503501,61.449986395157,63.3931735272603,57.9334486237486,66.2465052739629,62.8565894579177,69.9459077405923,51.1472626439435,66.6421544361011,68.1764192416955,51.1614863380318,65.550815822801,60.1096228336042
60.2616494880351,66.8085268953746,66.8952768122606,56.0352938863161,65.9388248066525,65.6387308011715,68.7460207548673,63.85121521319,59.0673688907692,56.1829104646784,67.7589999734205,46.6960163692167,62.7136872888115,50.5022235764756,63.2096780532931,64.9871402847257,62.4949605233586,66.970569985313,67.3148285503501,61.449986395157,63.3931735272603,57.9334486237486,66.2465052739629,62.8565894579177,69.9459077405923,51.1472626439435,66.6421544361011,68.1764192416955,51.1614863380318,65.550815822801,60.1096228336042
60.2616494880351,66.8085268953746,66.8961466763879,56.0352938863161,65.9388248066525,65.6387308011715,68.7460207548673,63.85121521319,59.0673688907692,56.1829104646784,67.7589999734205,46.6960163692167,62.7392997212349,50.5022235764756,63.2125366253286,64.9871402847257,62.4949833450111,66.970569985313,67.3148285503501,61.449986395157,63.3931735272603,57.9334773445568,66.2465052739629,62.8565894579177,69.9494575231228,51.1472626439435,66.6421544361011,68.1764192416955,51.1620043944616,65.5525975487232,60.1096228336042
60.2617779995135,66.8085268953746,66.8961466763879,56.0353559446625,65.9388248066525,65.6387308011715,68.7460207548673,63.85121521319,59.0673688907692,56.1829104646784,67.7589999734205,46.6981618160498,62.7392997212349,50.5022235764756,63.2125366253286,64.9871402847257,62.4949833450111,66.970569985313,67.3148285503501,61.449986395157,63.3931735272603,57.9334773445568,66.2530030614985,62.8565894579177,69.9494575231228,51.1472626439435,66.6421544361011,68.1794945468046,51.1620043944616,65.5525975487232,60.1520360962214
60.2617779995135,66.8085268953746,66.8961466763879,56.0353559446625,65.9388248066525,65.6468905906893,68.7460207548673,63.85121521319,59.0673688907692,56.1829104646784,67.7589999734205,46.6981618160498,62.7392997212349,50.5022235764756,63.2133030387092,64.9871402847257,62.4949833450111,66.970569985313,67.3148285503501,61.449986395157,63.3931735272603,57.9334773445568,66.2530030614985,62.8565894579177,69.9494575231228,51.1472626439435,66.6435445370754,68.1794945468046,51.1620043944616,65.5525975487232,60.1520360962214
60.2660155367615,66.8085268953746,66.8961466763879,56.0353559446625,65.9388248066525,65.6468905906893,68.7460207548673,63.8525159724573,59.0679251095542,56.1829104646784,67.9963117484733,46.6981618160498,62.7392997212349,50.5022235764756,63.2133030387092,64.9871402847257,62.4949833450111,66.970569985313,67.3148462814818,61.449986395157,63.3931735272603,57.9334773445568,66.2530030614985,62.8565894579177,69.9494575231228,51.147272883093,66.6435445370754,68.1794945468046,51.1620043944616,65.5525975487232,60.1520360962214
60.2660155367615,66.8085268953746,66.8961466763879,56.0353975206327,65.9388248066525,65.6468905906893,68.7460207548673,63.8525159724573,59.0679251095542,56.1829104646784,67.9963117484733,46.7027874719151,62.7392997212349,50.5022235764756,63.2133030387092,64.9871402847257,62.4949833450111,66.970569985313,67.3148462814818,61.449986395157,63.3931735272603,57.9334773445568,66.2530030614985,62.8565894579177,69.9494575231228,51.147272883093,66.6435445370754,68.1794945468046,51.1620043944616,65.5525975487232,60.1520360962214
60.2660155367615,66.8085268953746,66.898009511545,56.0353975206327,65.9388248066525,65.6571298345812,68.7460207548673,63.8525159724573,59.0679251095542,56.1829104646784,67.9963117484733,46.7027874719151,62.7392997212349,50.5022235764756,63.2133030387092,64.9871402847257,62.4954959973349,66.970569985313,67.3148462814818,61.449986395157,63.3931735272603,57.9334773445568,66.2530030614985,62.8565894579177,69.9502611070971,51.147272883093,66.6435445370754,68.1794945468046,51.1620043944616,65.5525975487232,60.1520360962214
60.2707162272707,66.8085268953746,66.898009511545,56.0354380278697,65.9388248066525,65.6571298345812,68.7460207548673,63.8525159724573,59.0679251095542,56.1829104646784,67.9963117484733,46.7027874719151,62.7392997212349,50.5023275393466,63.2148121163781,64.9944483206674,62.4954959973349,66.970569985313,67.3163313647724,61.4501128368966,63.3931735272603,57.9334773445568,66.2530030614985,62.8566749974899,69.9502611070971,51.1472759495942,66.6435445370754,68.1794945468046,51.1620043944616,65.5525975487232,60.1520360962214
60.2707162272707,66.8085268953746,66.898009511545,56.0354380278697,65.9388594895804,65.6571298345812,68.7460207548673,63.8568282281894,59.0679251095542,56.1829104646784,67.9963117484733,46.7060030770681,62.7392997212349,50.5023275393466,63.2148121163781,64.9944483206674,62.4957093213465,66.970569985313,67.3163313647724,61.4501128368966,63.3931735272603,57.9334773445568,66.2530030614985,62.8566749974899,69.9554404626523,51.1472759495942,66.6435445370754,68.1794945468046,51.1620043944616,65.5525975487232,60.1520360962214
60.2707162272707,66.8085268953746,66.8994229593371,56.0354380278697,65.9388594895804,65.6571298345812,68.7460207548673,63.8568282281894,59.0679251095542,56.1829104646784,67.9963117484733,46.7060030770681,62.7392997212349,50.5023275393466,63.2148121163781,64.9944483206674,62.4957093213465,66.970569985313,67.3163313647724,61.4501128368966,63.3931735272603,57.9335176286834,66.2530030614985,62.8566749974899,69.9554404626523,51.1472759495942,66.6435445370754,68.1794945468046,51.1620043944616,65.5525975487232,60.1520360962214
60.2707162272707,66.8085268953746,66.8994229593371,56.0354629942775,65.9388594895804,65.6571298345812,68.7460207548673,63.8568282281894,59.0679251095542,56.1829104646784,67.9963117484733,46.7060030770681,62.7392997212349,50.5024387255282,63.2148121163781,64.9989025444564,62.4957093213465,66.970569985313,67.316640670535,61.4501128368966,63.3933167553667,57.9335176286834,66.2530030614985,62.8566749974899,69.9554404626523,51.1472759495942,66.6435445370754,68.1794945468046,51.1641196670112,65.5525975487232,60.1520360962214
60.2707162272707,66.8085268953746,66.900205182956,56.0354629942775,65.9388594895804,65.6571298345812,68.7460207548673,63.8568282281894,59.0679251095542,56.1829104646784,67.9963117484733,46.7081480671082,62.7392997212349,50.5024387255282,63.2148121163781,64.9989025444564,62.4957093213465,66.9713831660212,67.316640670535,61.4502386186853,63.3933167553667,57.9335715684682,66.2530030614985,62.8566749974899,69.9554404626523,51.1472764896853,66.6435445370754,68.1794945468046,51.1641196670112,65.5525975487232,60.1846491782287
60.2715115273899,66.8085268953746,66.900205182956,56.0354778898767,65.9390697633224,65.6571298345812,68.7460207548673,63.8568282281894,59.0683097375,56.1829104646784,67.9963117484733,46.7081480671082,62.7392997212349,50.5024387255282,63.2148121163781,64.9989025444564,62.4957093213465,66.9713831660212,67.316640670535,61.4502386186853,63.3933167553667,57.9335715684682,66.2559465956845,62.8566749974899,69.9554404626523,51.1472764896853,66.6435445370754,68.1794945468046,51.1641196670112,65.5525975487232,60.1846491782287
60.2715115273899,66.8091272187996,66.900205182956,56.0354778898767,65.9390697633224,65.6571298345812,68.7477720894402,63.8568282281894,59.0686961732559,56.1829104646784,67.9963117484733,46.7081480671082,62.7392997212349,50.5024387255282,63.2148121163781,65.0018148061194,62.4957093213465,66.9713831660212,67.316640670535,61.4502386186853,63.3933167553667,57.9336544782236,66.2559465956845,62.8566749974899,69.9554404626523,51.1472764896853,66.6435724581546,68.1794945468046,51.1641196670112,65.5525975487232,60.1846491782287
60.2726031286329,66.8091272187996,66.9006280484449,56.0354778898767,65.9390697633224,65.6571298345812,68.7477720894402,63.8568282281894,59.0686961732559,56.1829104646784,67.9963117484733,46.7143439037387,62.7392997212349,50.5024387255282,63.2148121163781,65.0018148061194,62.4957093213465,66.9713831660212,67.316640670535,61.4502386186853,63.3933167553667,57.9336544782236,66.2571092747027,62.85670906163,69.9554404626523,51.1472764896853,66.6435724581546,68.1794945468046,51.1641196670112,65.5525975487232,60.1846491782287
60.2726031286329,66.8091272187996,66.9006280484449,56.0354867518728,65.9393219439404,65.6571298345812,68.7477720894402,63.8568282281894,59.0686961732559,56.1829104646784,67.9963117484733,46.7143439037387,62.7392997212349,50.5024387255282,63.2148121163781,65.0018148061194,62.4957093213465,66.9733622235706,67.316640670535,61.4502386186853,63.3933185618343,57.9336544782236,66.2571092747027,62.85670906163,69.9554404626523,51.1472764896853,66.6435724581546,68.1826202618506,51.1641196670112,65.5525975487232,60.1846491782287
60.2726031286329,66.8091272187996,66.9008528723788,56.0354867518728,65.9393219439404,65.6571298345812,68.7477720894402,63.8568282281894,59.0690358518723,56.1829104646784,67.9963117484733,46.7143439037387,62.7392997212349,50.5024387255282,63.2148121163781,65.0031957153315,62.4957093213465,66.9733622235706,67.316640670535,61.4502386186853,63.3933185618343,57.9336544782236,66.2571092747027,62.85670906163,69.9557094787637,51.1472764896853,66.6435724581546,68.1826202618506,51.1642903889806,65.5525975487232,60.1846491782287
60.2731402919684,66.8091272187996,66.9008528723788,56.0354867518728,65.9393219439404,65.6571298345812,68.7477720894402,63.8568282281894,59.0690358518723,56.1829104646784,67.9963117484733,46.7143439037387,62.7392997212349,50.5024387255282,63.2148121163781,65.0031957153315,62.4957093213465,66.9733622235706,67.3166880331709,61.4502386186853,63.3933185618343,57.9338935100138,66.2571092747027,62.85670906163,69.9557094787637,51.1472764896853,66.6435724581546,68.1826202618506,51.1642903889806,65.5525975487232,60.1973073439379
60.2731402919684,66.8091272187996,66.9008528723788,56.0354991530867,65.9394167296714,65.6571298345812,68.7477720894402,63.8568282281894,59.0690358518723,56.1829104646784,67.9963117484733,46.7191496654051,62.7392997212349,50.5024387255282,63.2151473409394,65.004315820903,62.4957093213465,66.9733622235706,67.3166880331709,61.4502386186853,63.3933185618343,57.9338935100138,66.2571092747027,62.85670906163,69.9557094787637,51.1472764896853,66.6435960810234,68.1826202618506,51.1642903889806,65.5525975487232,60.1973073439379
60.2731402919684,66.8091272187996,66.9015744466596,56.0354991530867,65.9394167296714,65.6604896158178,68.7477720894402,63.8568282281894,59.0690358518723,56.1829104646784,68.1099776194412,46.7191496654051,62.7392997212349,50.5024387255282,63.2151473409394,65.0043750899887,62.4957093213465,66.9733622235706,67.3166880331709,61.4502386186853,63.3933185618343,57.9338935100138,66.2571092747027,62.85670906163,69.9557094787637,51.1472764896853,66.6435960810234,68.1826202618506,51.1642903889806,65.5533222800879,60.1973073439379
60.2731402919684,66.8091272187996,66.9015744466596,56.0355563267837,65.9394388991807,65.6604896158178,68.7477720894402,63.8568282281894,59.0690358518723,56.1829104646784,68.1099776194412,46.7191496654051,62.7392997212349,50.5024387255282,63.2151473409394,65.0043750899887,62.4957093213465,66.9733622235706,67.3168638536034,61.4502386186853,63.3933185618343,57.9348457840373,66.2571092747027,62.85670906163,69.9557094787637,51.1472764896853,66.6435960810234,68.1865365622933,51.1652827957192,65.5533222800879,60.1973073439379
60.2731402919684,66.8091272187996,66.9015744466596,56.0355563267837,65.9394388991807,65.6604896158178,68.7477720894402,63.8568282281894,59.0690358518723,56.1829104646784,68.1099776194412,46.7191496654051,62.7392997212349,50.5024512146791,63.2151473409394,65.0043750899887,62.4957093213465,66.9733622235706,67.3168638536034,61.4502386186853,63.3933185618343,57.9348457840373,66.2571092747027,62.8567564739282,69.9557094787637,51.1472767005388,66.6436646919678,68.1865365622933,51.1652827957192,65.5533222800879,60.1973073439379
60.2731402919684,66.8091272187996,66.9015744466596,56.0355563267837,65.9394399642311,65.6610207187737,68.7477720894402,63.8568282281894,59.0690358518723,56.1829104646784,68.1099776194412,46.7191496654051,62.7392997212349,50.5024790964182,63.2151473409394,65.0054854103429,62.4957093213465,66.9733622235706,67.3169883816636,61.4502386186853,63.3933185618343,57.9348457840373,66.2572184605393,62.8567564739282,69.9562265571461,51.1472767005388,66.6436646919678,68.1865365622933,51.1652827957192,65.5533222800879,60.1973073439379
60.2731402919684,66.8091272187996,66.9032560075276,56.0355941992967,65.9394399642311,65.6610207187737,68.7477720894402,63.8568282281894,59.0690358518723,56.1829104646784,68.1099776194412,46.7191496654051,62.741472128628,50.5024790964182,63.2151473409394,65.0054854103429,62.4957920017529,66.9733622235706,67.3169883816636,61.450290682403,63.3933185618343,57.9348457840373,66.2572184605393,62.8568707329081,69.9562265571461,51.1472767005388,66.6436646919678,68.1865365622933,51.1652827957192,65.5533222800879,60.1973073439379
60.2731402919684,66.8091272187996,66.9032560075276,56.0355941992967,65.9394399642311,65.6610207187737,68.7477720894402,63.8568282281894,59.0690358518723,56.1829104646784,68.1099776194412,46.7213032288636,62.741472128628,50.5024790964182,63.2151473409394,65.0054854103429,62.4957920017529,66.9733622235706,67.3286381092013,61.450290682403,63.3933185618343,57.9348457840373,66.2572184605393,62.8568707329081,69.9563887131156,51.1472767005388,66.6436867703792,68.1865365622933,51.1652827957192,65.5533222800879,60.1973073439379
60.2770406463793,66.8091272187996,66.9032560075276,56.0355941992967,65.9394573107978,65.6610207187737,68.7477720894402,63.8568960282711,59.0690358518723,56.1829104646784,68.1099776194412,46.7213032288636,62.741472128628,50.5024790964182,63.2151473409394,65.0058306017478,62.4957920017529,66.9796171369881,67.3286381092013,61.4502948377422,63.393347055654,57.9349755793601,66.2576752841585,62.8569485790967,69.9563887131156,51.1472767005388,66.6436867703792,68.1865365622933,51.1653172584278,65.5534471481937,60.1973073439379
60.2770406463793,66.8097874429175,66.9032560075276,56.0356295617243,65.9394573107978,65.6652380980586,68.7477720894402,63.8568960282711,59.0691955229667,56.1829104646784,68.171536692659,46.7213032288636,62.741472128628,50.5024790964182,63.2151473409394,65.0058306017478,62.4957920017529,66.9796171369881,67.3298634225685,61.4502948377422,63.393347055654,57.9349755793601,66.2576752841585,62.8569485790967,69.9598933463139,51.1472767005388,66.6437247797171,68.1865365622933,51.1653172584278,65.5534471481937,60.1973073439379
60.2770406463793,66.8097874429175,66.9099190422033,56.0356295617243,65.9394573107978,65.6652380980586,68.7477720894402,63.8568960282711,59.0691955229667,56.1829104646784,68.171536692659,46.7253314707806,62.741472128628,50.5024790964182,63.2151831350391,65.0064441500227,62.4958591918386,66.9796171369881,67.3298634225685,61.4502948377422,63.393347055654,57.9351370309123,66.2581266547236,62.8570019753739,69.9598933463139,51.1472767005388,66.6437247797171,68.1865365622933,51.1653172584278,65.5534471481937,60.1973073439379
60.2770406463793,66.8097874429175,66.9099190422033,56.0356295617243,65.9394573107978,65.6652380980586,68.7477720894402,63.8568960282711,59.0691955229667,56.1829104646784,68.171536692659,46.7253314707806,62.741472128628,50.5024790964182,63.2151831350391,65.0068378475495,62.7271287284846,66.9796171369881,67.3335559547254,61.4502948377422,63.3933859668589,57.9351370309123,66.2601756216754,62.8570019753739,69.9639633891426,51.1472767005388,66.6437247797171,68.1865365622933,51.1654023997372,65.5534471481937,60.1973073439379
60.2770406463793,66.8097874429175,66.9099190422033,56.035668544654,65.9394573107978,65.6784411568963,68.7477720894402,63.8568960282711,59.0691955229667,56.1829104646784,68.171536692659,46.7253314707806,62.741472128628,50.5024790964182,63.2151831350391,65.0068378475495,62.7271287284846,66.9796171369881,67.3335559547254,61.4502948377422,63.3933859668589,57.9351370309123,66.2601756216754,62.8570389234147,69.9639633891426,51.1472767005388,66.6437247797171,68.1865365622933,51.1654023997372,65.5534471481937,60.1973073439379
60.2775632806213,66.8097874429175,66.9117686454578,56.035668544654,65.9394573107978,65.6784411568963,68.7478054085834,63.8568960282711,59.0694762501958,56.1829104646784,68.1879340625308,46.7253314707806,62.741472128628,50.5024790964182,63.2151831350391,65.0070948059968,62.9448791364482,66.9796171369881,67.3335559547254,61.4502948377422,63.3933859668589,57.9351370309123,66.2601756216754,62.8570389234147,69.9651930533298,51.1472767005388,66.6437247797171,68.1865365622933,51.1654023997372,65.5534471481937,60.1973073439379
60.2775632806213,66.8097874429175,66.9117686454578,56.035668544654,65.9394573107978,65.6784411568963,68.7478054085834,63.8568960282711,59.0694762501958,56.1829104646784,68.1879340625308,46.7253314707806,62.741472128628,50.5024790964182,63.2151991749422,65.0072655875154,63.2174260092686,66.9796171369881,67.3335559547254,61.4502948377422,63.3934095907774,57.9351370309123,66.2601756216754,62.8570389234147,69.9651930533298,51.1472767005388,66.6437247797171,68.1865365622933,51.1654023997372,65.5535836410649,60.1973073439379
60.2775632806213,66.8097874429175,66.9193958248085,56.0356836798305,65.9394573107978,65.6784411568963,68.7478054085834,63.8568960282711,59.0694762501958,56.1829104646784,68.1879340625308,46.7253314707806,62.741472128628,50.5024790964182,63.2151991749422,65.0072655875154,63.2174260092686,66.9796171369881,67.3335559547254,61.4502948377422,63.3934095907774,57.9351370309123,66.2601756216754,62.8570647283348,69.9651930533298,51.1472769463534,66.6438483487566,68.1865365622933,51.1654023997372,65.5535836410649,60.1973073439379
60.2783560123513,66.8097874429175,66.9193958248085,56.0356836798305,65.9394573107978,65.6784411568963,68.7478054085834,63.8568960282711,59.0694762501958,56.1835342726477,68.2273351213182,46.7253314707806,62.741472128628,50.5024790964182,63.2151991749422,65.0173087204059,63.3432756620154,66.9796171369881,67.3427382561225,61.4503505591432,63.393424202967,57.9356730901677,66.2601756216754,62.8570647283348,69.9651930533298,51.1472769463534,66.6438559989241,68.1870213735769,51.1663316228476,65.5535836410649,60.1973073439379
60.2783560123513,66.8097874429175,66.9193958248085,56.0356836798305,65.9394740375968,65.6845827969259,68.7478054085834,63.8572907105486,59.0696815566517,56.1835342726477,68.2273351213182,46.7253314707806,62.741472128628,50.5024790964182,63.2151991749422,65.0173087204059,63.3432756620154,66.9796171369881,67.3427382561225,61.4503505591432,63.393424202967,57.9356730901677,66.2601756216754,62.8570829092744,69.9651930533298,51.1472769463534,66.6438559989241,68.1870213735769,51.1663316228476,65.5535836410649,60.1973073439379
60.2783560123513,66.8097874429175,66.9193958248085,56.0356836798305,65.9394740375968,65.6845827969259,68.7478054085834,63.8572907105486,59.0696815566517,56.1835342726477,68.2273351213182,46.7253314707806,62.7420857883991,50.5024790964182,63.2153660022973,65.0173087204059,63.3432756620154,66.9796171369881,67.3427382561225,61.4503635018038,63.3934334375592,57.9356730901677,66.2601756216754,62.8570829092744,69.9651930533298,51.1472770992927,66.643895413625,68.1870213735769,51.1663316228476,65.5535836410649,60.2109601227401
60.2785295731781,66.8097874429175,66.9193958248085,56.0356836798305,65.9394740375968,65.6845827969259,68.7478054085834,63.8572907105486,59.0696815566517,56.1835342726477,68.2273351213182,46.7253314707806,62.7420857883991,50.5024790964182,63.2153660022973,65.0187660492384,63.3432756620154,66.9796171369881,67.3427382561225,61.4503635018038,63.3934334375592,57.9356730901677,66.2601756216754,62.8570958173282,69.9662733403869,51.1472770992927,66.6439082115758,68.1870213735769,51.1663316228476,65.5535836410649,60.2109601227401
60.2785295731781,66.8097874429175,66.9193958248085,56.0357100782418,65.9394740375968,65.6845827969259,68.7478054085834,63.8572907105486,59.0696815566517,56.1835342726477,68.2309296284007,46.7253314707806,62.7420857883991,50.5024790964182,63.2155764627687,65.0187660492384,63.3432756620154,66.9796171369881,67.3427382561225,61.4503635018038,63.393439405565,57.9356730901677,66.2601756216754,62.8570958173282,69.9662733403869,51.1472770992927,66.6439082115758,68.1873379151101,51.1663316228476,65.5536439895944,60.2109601227401
60.2785295731781,66.8097874429175,66.9193958248085,56.0357100782418,65.9394740375968,65.6845827969259,68.7478054085834,63.8572907105486,59.0696815566517,56.1835342726477,68.2309296284007,46.7253314707806,62.7422879002992,50.5024790964182,63.2156856753704,65.0187660492384,63.3432756620154,66.9796171369881,67.3427382561225,61.4503635018038,63.393439405565,57.9356730901677,66.2601756216754,62.857105040438,69.9668106682084,51.147277230777,66.6439082115758,68.1873379151101,51.1663316228476,65.5536439895944,60.2122242382015
60.2793337526016,66.8102531617938,66.9193958248085,56.0357100782418,65.9394780217126,65.6845827969259,68.7478054085834,63.8572907105486,59.0697750065278,56.1835342726477,68.2309296284007,46.7253314707806,62.7422879002992,50.5024790964182,63.2156856753704,65.0187660492384,63.4147718994856,66.9796171369881,67.3427382561225,61.4503635018038,63.3934433466516,57.9356730901677,66.2601756216754,62.857105040438,69.9668106682084,51.147277230777,66.6439082115758,68.1873379151101,51.1663316228476,65.5536439895944,60.2122242382015
60.2793337526016,66.8102531617938,66.9193958248085,56.0357178213422,65.9394780217126,65.6845827969259,68.7478054085834,63.8572907105486,59.0697750065278,56.1835342726477,68.2309296284007,46.7253314707806,62.7422879002992,50.5024790964182,63.2157135278143,65.0187660492384,63.4147718994856,66.9796171369881,67.3427382561225,61.4503635018038,63.3934433466516,57.9356730901677,66.2605237451837,62.8571116644267,69.9668106682084,51.147277230777,66.6439082115758,68.1873379151101,51.1663316228476,65.5536439895944,60.2122242382015
60.2793337526016,66.8102531617938,66.9193958248085,56.0357178213422,65.9394780217126,65.6845827969259,68.7478054085834,63.8572907105486,59.0697750065278,56.1835342726477,68.2309296284007,46.7253314707806,62.7422879002992,50.5024790964182,63.2157135278143,65.0189392084535,63.4663116569611,66.9796171369881,67.3427382561225,61.4503635018038,63.3934460009283,57.9356730901677,66.2605237451837,62.8571116644267,69.9673263938755,51.147277230777,66.6439082115758,68.1873379151101,51.1663316228476,65.5536439895944,60.2122242382015
60.2793337526016,66.8102531617938,66.9193958248085,56.0357178213422,65.9394851580793,65.6867276477232,68.7478054085834,63.8572907105486,59.0697750065278,56.1835342726477,68.2309296284007,46.7253314707806,62.7422879002992,50.5024790964182,63.2157265216249,65.0189392084535,63.4663116569611,66.9796171369881,67.3427382561225,61.4503635018038,63.3934460009283,57.9356744530208,66.2605237451837,62.8571164408503,69.9673263938755,51.147277230777,66.6439082115758,68.1873379151101,51.1663316228476,65.5536439895944,60.2122242382015
60.2793337526016,66.8104527645186,66.9193958248085,56.0357178213422,65.9394851580793,65.6867276477232,68.7478054085834,63.8572907105486,59.0697750065278,56.1835342726477,68.2309296284007,46.7253314707806,62.7422879002992,50.5024790964182,63.2157265216249,65.0189392084535,63.4663116569611,66.9796171369881,67.3427382561225,61.4503691068587,63.3934478193818,57.9356744530208,66.2605237451837,62.8571164408503,69.9673263938755,51.147277230777,66.6439082115758,68.1873379151101,51.1663316228476,65.5536439895944,60.2122242382015
60.2793337526016,66.8104527645186,66.919440685708,56.0357359882122,65.9394851580793,65.6867276477232,68.7478054085834,63.8572907105486,59.0697750065278,56.1835342726477,68.2309296284007,46.7253314707806,62.7422879002992,50.5024790964182,63.2157286092414,65.020622007776,63.5240218316196,66.9796171369881,67.3427382561225,61.4503691068587,63.3934478193818,57.9357724840292,66.2605237451837,62.8571198956488,69.9673263938755,51.147277230777,66.6439082115758,68.1878116199257,51.1663316228476,65.5536439895944,60.2122242382015
60.2793337526016,66.8104527645186,66.919440685708,56.0357359882122,65.9394851580793,65.6867276477232,68.7478054085834,63.8572907105486,59.0697750065278,56.1835342726477,68.2309296284007,46.7253314707806,62.7422879002992,50.5024813138801,63.2157286092414,65.020622007776,63.5240218316196,66.9796171369881,67.3427382561225,61.4503691068587,63.3934490831484,57.9357724840292,66.2605237451837,62.8571198956488,69.9679105580553,51.147277230777,66.6439082115758,68.1878116199257,51.1665747138701,65.5536439895944,60.2122242382015
60.2793337526016,66.8104527645186,66.919440685708,56.0357359882122,65.9394851580793,65.6867276477232,68.7478054085834,63.8572907105486,59.0698201234505,56.1835342726477,68.2309296284007,46.7253314707806,62.7422879002992,50.5024813138801,63.2157810973441,65.020622007776,63.5240218316196,66.9796171369881,67.3427382561225,61.4503691068587,63.3934490831484,57.9357724840292,66.2605237451837,62.8571588143752,69.9679105580553,51.147277230777,66.6439082115758,68.1878116199257,51.1665747138701,65.5536439895944,60.2122242382015
60.2793337526016,66.8104527645186,66.919440685708,56.0357359882122,65.9394851580793,65.6867276477232,68.7478054085834,63.8572907105486,59.0699187612009,56.1835342726477,68.2525056784587,46.7253314707806,62.7422879002992,50.5024813138801,63.2157824754789,65.020622007776,63.5240218316196,66.9796171369881,67.344310655137,61.4504343902836,63.3934499716578,57.9357724840292,66.2605237451837,62.8571588143752,69.9679105580553,51.147277230777,66.6439082115758,68.1894942357536,51.1665747138701,65.5536439895944,60.2122242382015
60.2793337526016,66.8104527645186,66.919440685708,56.0357359882122,65.9394851580793,65.6867276477232,68.7478054085834,63.8572907105486,59.0699187612009,56.183547411654,68.2525056784587,46.7253314707806,62.7422879002992,50.5024813138801,63.2157824754789,65.0209396719712,63.5321548126199,66.9821844120069,67.344310655137,62.7237444228567,63.3934506020811,57.9357978632116,66.2605237451837,62.8571588143752,69.9681335138777,51.147277230777,66.6439082115758,68.1894942357536,51.1665747138701,65.5536439895944,60.2122242382015
60.2794006597282,66.8104527645186,66.919440685708,56.0357359882122,65.9394851580793,65.6867276477232,68.7478054085834,63.8572907105486,59.0699187612009,56.183547411654,68.2525056784587,46.7253314707806,62.7422879002992,50.5024813138801,63.2157824754789,65.021150529392,63.6501696078741,66.9821844120069,67.344310655137,62.7237444228567,63.3934506020811,57.9357978632116,66.2605237451837,62.8572263033194,69.9691219866608,51.1472772698812,66.643912948332,68.1894942357536,51.1665747138701,65.5537132558852,60.2122242382015
60.2794006597282,66.8104527645186,66.919440685708,56.0357511292581,65.9394851580793,65.6867276477232,68.7478054085834,63.8572907105486,59.0699187612009,56.183547411654,68.2525056784587,46.7258368539588,62.742882586906,50.5024813138801,63.2157824754789,65.021150529392,63.6501696078741,66.9821844120069,67.344310655137,62.7237444228567,63.3934510525684,57.9357978632116,66.2605237451837,62.8572263033194,69.9691219866608,51.1472772698812,66.643912948332,68.1894942357536,51.1665747138701,65.5537132558852,60.2122242382015
60.2794006597282,66.8104527645186,66.919440685708,56.0357511292581,65.9394913984463,65.6867276477232,68.7478054085834,63.8572907105486,59.0699280516851,56.183547411654,68.2525056784587,46.7258368539588,62.742882586906,50.5024813138801,63.2159094888024,65.021150529392,63.6501696078741,66.9821844120069,67.344310655137,62.7237444228567,63.3934510525684,57.9357978632116,66.2605237451837,62.8572263033194,69.9691219866608,51.1472772698812,66.643912948332,68.1894942357536,51.1665747138701,65.5545862141368,60.2122242382015
60.2794006597282,66.8104527645186,66.9195495655074,56.0357511292581,65.9394913984463,65.6867276477232,68.7478054085834,63.8575896192548,59.0699280516851,56.183760818214,68.2525056784587,46.7258368539588,62.742882586906,50.5024813138801,63.2159094888024,65.021150529392,63.672566845177,66.9821844120069,67.344310655137,62.7237444228567,63.3934513762244,57.9358201922762,66.2605237451837,62.8572263033194,69.9691219866608,51.1472772698812,66.643912948332,68.1894942357536,51.1665747138701,65.5545862141368,60.2122242382015
60.2794006597282,66.8104527645186,66.9195495655074,56.0357833910883,65.9394913984463,65.6867276477232,68.7478054085834,63.8575896192548,59.0699671663635,56.183760818214,68.2576082669445,46.7258368539588,62.742882586906,50.5024813138801,63.2159094888024,65.021150529392,63.7453206906172,67.0059566895709,67.344310655137,62.7771970762532,63.3934516097094,57.9358201922762,66.2605646441131,62.8572303058408,69.9691219866608,51.1472772698812,66.643912948332,68.1895399487057,51.1665747138701,65.5545862141368,60.2122242382015
60.2794006597282,66.8104527645186,66.9195495655074,56.0357833910883,65.9394913984463,65.6867276477232,68.7478054085834,63.8575896192548,59.0699671663635,56.183760818214,68.2576082669445,46.7258368539588,62.742882586906,50.5024813138801,63.2159094888024,65.0212584364242,63.7748278023794,67.0059566895709,67.344310655137,62.7771970762532,63.3934516097094,57.9358591934886,66.2605646441131,62.8572303058408,69.9692216378246,51.1472772698812,66.643912948332,68.1895399487057,51.1665747138701,65.5545862141368,60.2122242382015
60.2796100415102,66.8104527645186,66.9195495655074,56.0358167150639,65.9394913984463,65.6867276477232,68.7478054085834,63.8575896192548,59.0699671663635,56.183760818214,68.2576082669445,46.7258368539588,62.7429077611208,50.5024863590666,63.2159301163431,65.0219905517933,63.7835518381087,67.0059566895709,67.344310655137,62.7771970762532,63.3937168153691,57.9358591934886,66.2605646441131,62.8572670486276,69.9692216378246,51.1472772698812,66.643912948332,68.1905842109564,51.1665747138701,65.5545862141368,60.2122242382015
60.2796100415102,66.8104527645186,66.9199276737581,56.0358167150639,65.9394913984463,65.6867276477232,68.7478054085834,63.8575896192548,59.0699671663635,56.183760818214,68.2576082669445,46.7258368539588,62.7429077611208,50.5025173727407,63.2159301163431,65.0219905517933,63.7835518381087,67.0116789300244,67.344310655137,62.7771970762532,63.3937168153691,57.9359935516301,66.2605646441131,62.8572670486276,69.9699001605167,51.1472772698812,66.6439189683049,68.1905842109564,51.1665747138701,65.5545862141368,60.2122242382015
60.2796100415102,66.8104527645186,66.9199276737581,56.0358167150639,65.9394913984463,65.6867276477232,68.7478054085834,63.8575896192548,59.0699671663635,56.183760818214,68.2576082669445,46.7258368539588,62.7443009912096,50.5025173727407,63.2159301163431,65.0219905517933,63.7835518381087,67.0116789300244,67.344310655137,62.7771970762532,63.3937168153691,57.9359935516301,66.2605705539684,62.8574823151118,69.9699001605167,51.1472778126332,66.6439189683049,68.1905842109564,51.1665747138701,65.5545862141368,60.2122242382015
60.2796100415102,66.8104527645186,66.9199276737581,56.0358398890767,65.9394977561583,65.6867276477232,68.7478054085834,63.8575896192548,59.0699671663635,56.183760818214,68.2576082669445,46.7258368539588,62.7443009912096,50.5025173727407,63.2159328378122,65.0219905517933,63.9339126015115,67.0116789300244,67.344310655137,62.7771970762532,63.3943232591648,57.9366413959155,66.2605705539684,62.8574823151118,69.9699001605167,51.1472778126332,66.6439189683049,68.1905842109564,51.1665747138701,65.5545862141368,60.2122242382015
60.2796100415102,66.8104527645186,66.9199276737581,56.0358398890767,65.9394977561583,65.6867276477232,68.7478054085834,63.8575896192548,59.0699671663635,56.183760818214,68.2576082669445,46.7258368539588,62.7443009912096,50.5025173727407,63.2159328378122,65.0237214784965,63.9946168088654,67.0116789300244,67.344310655137,62.8366126085673,63.394692658613,57.9366413959155,66.2605705539684,62.8574823151118,69.9699001605167,51.1472781746459,66.6439189683049,68.1907870670861,51.1665747138701,65.5545862141368,60.2122242382015
60.2796100415102,66.8104527645186,66.9199276737581,56.0358638652266,65.9395098950935,65.687024532499,68.7478054085834,63.8575896192548,59.0699671663635,56.183760818214,68.2576082669445,46.7258368539588,62.7443009912096,50.5025240724525,63.2159328378122,65.0237214784965,63.9946168088654,67.0116789300244,67.3446571172937,62.9536411046069,63.394692658613,57.9366413959155,66.2605705539684,62.8574823151118,69.9699001605167,51.1472786681538,66.6440614691566,68.1907870670861,51.1665747138701,65.5545862141368,60.2122242382015
60.2796100415102,66.8104527645186,66.9199390744695,56.0358638652266,65.9395098950935,65.687024532499,68.7478054085834,63.8575896192548,59.0699671663635,56.183760818214,68.2576082669445,46.7258368539588,62.7443009912096,50.5025240724525,63.2159328378122,65.0237214784965,64.117784789616,67.0116789300244,67.3446571172937,62.9536411046069,63.394692658613,57.9366413959155,66.2605705539684,62.8575131478592,69.9699490867888,51.1472786681538,66.6440614691566,68.1909530977983,51.1665747138701,65.5548210013356,60.2122242382015
60.2796100415102,66.8104527645186,66.9199390744695,56.0358638652266,65.939512633611,65.687024532499,68.7485809459891,63.8575896192548,59.0699671663635,56.183760818214,68.2576082669445,46.7258368539588,62.7443009912096,50.5027852688328,63.2159362844295,65.0237517103102,64.117784789616,67.015777348181,67.3446571172937,62.9536411046069,63.394692658613,57.9366413959155,66.2606726550463,62.8575131478592,69.9702222197204,51.1472786681538,66.6440614691566,68.191163928834,51.1665747138701,65.5548210013356,60.2122242382015
60.2796100415102,66.8104527645186,66.92005465695,56.035876575764,65.9395289353911,65.687024532499,68.7485809459891,63.8575896192548,59.0699671663635,56.183760818214,68.2576082669445,46.7258368539588,62.7446890671545,50.5028770305536,63.2159362844295,65.0237517103102,64.410902803783,67.015777348181,67.3446571172937,62.9536411046069,63.394692658613,57.9366413959155,66.2606726550463,62.8575713384623,69.9702222197204,51.147278952467,66.6440614691566,68.191163928834,51.1665747138701,65.5548210013356,60.2122242382015
60.2796100415102,66.8104527645186,66.92005465695,56.035876575764,65.9395289353911,65.687024532499,68.7485809459891,63.8575896192548,59.0699671663635,56.1840926444044,68.2576082669445,46.7258368539588,62.7446890671545,50.5028770305536,63.2159362844295,65.0237517103102,64.509411030209,67.015777348181,67.3446571172937,63.1433978869087,63.394692658613,57.9366413959155,66.2606726550463,62.8575713384623,69.9702222197204,51.147278952467,66.6440614691566,68.191163928834,51.1665747138701,65.5551423773096,60.2122242382015
60.2796100415102,66.8104527645186,66.9205464584154,56.0358947860997,65.9395413651891,65.6887714252858,68.7486068282441,63.8575896192548,59.0699671663635,56.1840926444044,68.2581429187046,46.7258368539588,62.7446890671545,50.5028770305536,63.2159362844295,65.0237517103102,64.6891172550559,67.015777348181,67.3446571172937,63.1433978869087,63.394692658613,57.9366413959155,66.2606726550463,62.8575845717377,69.9702222197204,51.1472791195567,66.6440614691566,68.191163928834,51.1665747138701,65.5551423773096,60.2122242382015
60.2796100415102,66.8104527645186,66.9205464584154,56.0358947860997,65.9395543584699,65.6887714252858,68.7486068282441,63.8575896192548,59.0699671663635,56.1840926444044,68.2581429187046,46.7258368539588,62.7446890671545,50.502982837704,63.2159464434184,65.0237517103102,65.1740013277556,67.015777348181,67.3446571172937,63.1433978869087,63.394692658613,57.9366413959155,66.2611634477552,62.8575845717377,69.9702222197204,51.1472791195567,66.6440614691566,68.191163928834,51.1665747138701,65.5551423773096,60.21719270307
60.2796100415102,66.8104527645186,66.9208819426963,56.0358947860997,65.9395543584699,65.6887714252858,68.7486068282441,63.8575896192548,59.0699671663635,56.1840926444044,68.2581429187046,46.7258368539588,62.7446890671545,50.502982837704,63.2159464434184,65.0262574840257,65.1740013277556,67.015777348181,67.3446571172937,63.1592106231019,63.394692658613,57.9366413959155,66.2611634477552,62.8575845717377,69.9702222197204,51.1472792199783,66.6440614691566,68.191163928834,51.1665747138701,65.5551423773096,60.21719270307
60.2796100415102,66.8104527645186,66.9208819426963,56.0358987028744,65.9395704654022,65.6887714252858,68.7486068282441,63.8575896192548,59.0699671663635,56.1840926444044,68.2581429187046,46.7258368539588,62.7446890671545,50.502982837704,63.2160150814579,65.0262574840257,65.1740013277556,67.015777348181,67.3446571172937,63.1592106231019,63.3949272536205,57.9366413959155,66.2611634477552,62.8575845717377,69.9702222197204,51.1472792199783,66.6440614691566,68.191163928834,51.1665747138701,65.5553946364765,60.2197861017199
60.2796100415102,66.8104527645186,66.9208819426963,56.0358987028744,65.9395829317512,65.6887714252858,68.7486068282441,63.8575896192548,59.0699671663635,56.1840926444044,68.2581429187046,46.7258368539588,62.7450326506588,50.502982837704,63.2160150814579,65.0262574840257,65.1740013277556,67.0460608913758,67.3446571172937,63.1592106231019,63.3949272536205,57.9366413959155,66.2617612375008,62.8576061646225,69.9702222197204,51.1472792818031,66.6440614691566,68.191163928834,51.1667334669916,65.5553946364765,60.2197861017199
60.2796100415102,66.8104527645186,66.9208819426963,56.0359237704836,65.9395829317512,65.6887714252858,68.7486068282441,63.8575896192548,59.0699671663635,56.1840926444044,68.2581429187046,46.7258368539588,62.7450326506588,50.5030455249569,63.216065872992,65.0262574840257,65.1740013277556,67.0460608913758,67.3446571172937,63.1592106231019,63.3949272536205,57.9367544331903,66.2619193560666,62.8576061646225,69.9702222197204,51.1472792818031,66.6440614691566,68.191295177321,51.1667334669916,65.5557400999492,60.2197861017199
60.2796100415102,66.8104527645186,66.9208819426963,56.0359237704836,65.9395992223636,65.6887714252858,68.7486068282441,63.8575896192548,59.0699671663635,56.1850711250447,68.2603040404374,46.7258368539588,62.7450326506588,50.5030455249569,63.216065872992,65.0268838858819,65.1740013277556,67.0460608913758,67.3446571172937,63.1592106231019,63.3949272536205,57.9367544331903,66.2619193560666,62.8576235132886,69.9702222197204,51.1472793208172,66.6440614691566,68.191295177321,51.1667334669916,65.5557400999492,60.2415500079049
60.2796100415102,66.8104527645186,66.9208819426963,56.0359367844015,65.939614883302,65.6887714252858,68.7486068282441,63.8575896192548,59.0699671663635,56.1850711250447,68.2603040404374,46.7258368539588,62.7450376246839,50.5030455249569,63.216065872992,65.0268838858819,65.1740013277556,67.0655545060812,67.3446571172937,63.1733590311127,63.3949272536205,57.9368588738411,66.2619193560666,62.8576235132886,69.9702222197204,51.1472793208172,66.6440614691566,68.1913256909402,51.1668804575419,65.5563430214352,60.2415500079049
60.2796100415102,66.8104527645186,66.9216640032787,56.0359367844015,65.939614883302,65.6887714252858,68.7486068282441,63.8578874404204,59.0699671663635,56.1850711250447,68.2603040404374,46.7258368539588,62.7450376246839,50.5030455249569,63.2161449096161,65.0273018877523,65.1740013277556,67.0655545060812,67.3446571172937,63.1733590311127,63.3949272536205,57.9368588738411,66.2619193560666,62.8580591645793,69.9702222197204,51.1472793460376,66.6441051175585,68.1914775603698,51.1668804575419,65.5563430214352,60.2415500079049
60.2796100415102,66.8104527645186,66.9216640032787,56.0359367844015,65.939625916173,65.6887714252858,68.7486068282441,63.8578874404204,59.0699671663635,56.1850711250447,68.2603040404374,46.726695298565,62.7450376246839,50.5030455249569,63.2161449096161,65.0273018877523,65.1740013277556,67.0655545060812,67.3446571172937,63.1733590311127,63.3949272536205,57.9369541322829,66.2619529698771,62.8580591645793,69.9702222197204,51.1472793460376,66.6441051175585,68.1914775603698,51.1668804575419,65.5563793472849,60.2415500079049
60.2796100415102,66.8104527645186,66.9216640032787,56.0359415215416,65.9397504880031,65.6887714252858,68.7486068282441,63.8578874404204,59.0699671663635,56.1850711250447,68.2603040404374,46.726695298565,62.7450376246839,50.5030455249569,63.2162157764978,65.0273018877523,65.1740013277556,67.0655545060812,67.3446571172937,63.1733590311127,63.3949272536205,57.9369541322829,66.2619529698771,62.8581953834248,69.9702222197204,51.1472793627115,66.6441051175585,68.1915116064612,51.1669280122967,65.5563793472849,60.2415500079049
60.2796100415102,66.8104527645186,66.9216640032787,56.0359415215416,65.9397504880031,65.6887714252858,68.7486068282441,63.858006178536,59.0699671663635,56.1850711250447,68.2603040404374,46.726695298565,62.7450376246839,50.5030838692962,63.2162157764978,65.0282705388742,65.4742017375909,67.0655545060812,67.3446571172937,63.1858292162603,63.3949272536205,57.9370420418125,66.2619529698771,62.8581953834248,69.9702222197204,51.1472793739576,66.6441051175585,68.1915116064612,51.1669280122967,65.5563793472849,60.2415500079049
60.2796100415102,66.8104527645186,66.9216640032787,56.0359514134566,65.9398924100047,65.6925456041314,68.7486068282441,63.858006178536,59.0699671663635,56.1850711250447,68.261852626118,46.726695298565,62.7450376246839,50.5030838692962,63.2162408015731,65.0282705388742,65.4742017375909,67.0655545060812,67.3446571172937,63.1858292162603,63.3949272536205,57.9370420418125,66.2619529698771,62.8582806006382,69.9702222197204,51.1472793739576,66.6441190217765,68.1915116064612,51.1670542946081,65.5563793472849,60.2415500079049
60.2796100415102,66.8104527645186,66.9216640032787,56.0359514134566,65.9398924100047,65.6925456041314,68.7486068282441,63.858006178536,59.069979310148,56.1850711250447,68.2626106919357,46.726695298565,62.7450376246839,50.5030838692962,63.2162408015731,65.0282705388742,65.7857055508829,67.0655545060812,67.3446571172937,63.3200769997214,63.394934493579,57.9371391536045,66.2620324053154,62.8582806006382,69.9702222197204,51.1472793816737,66.6441190217765,68.1915116064612,51.1670542946081,65.5563793472849,60.2415500079049
60.2796100415102,66.8104527645186,66.9216640032787,56.0359514134566,65.9398924100047,65.6955202539945,68.7487278997766,63.8583654844847,59.069979310148,56.1850711250447,68.2626106919357,46.726695298565,62.7450376246839,50.5030838692962,63.2162988230955,65.0282705388742,66.2133991964431,67.0655545060812,67.3446571172937,63.3200769997214,63.394934493579,57.9371391536045,66.2620324053154,62.8583089486616,69.9702222197204,51.1472793816737,66.6441190217765,68.1915116064612,51.1670542946081,65.5563793472849,60.2415500079049
60.2796100415102,66.8104527645186,66.9216640032787,56.0359708974025,65.9400632430558,65.6955202539945,68.7487278997766,63.8583654844847,59.069979310148,56.1850711250447,68.2626106919357,46.726695298565,62.7452821766563,50.5030838692962,63.2162988230955,65.0282705388742,66.2133991964431,67.0655545060812,67.3446571172937,63.3200769997214,63.394934493579,57.9372303005065,66.2620324053154,62.8583089486616,69.9702222197204,51.1472793870433,66.6441190217765,68.1915174042327,51.1670940921879,65.5563793472849,60.2415500079049
60.2797985157983,66.8104527645186,66.9216640032787,56.0359708974025,65.9400632430558,65.6955202539945,68.7487278997766,63.8583654844847,59.070015836167,56.1850711250447,68.2642302616679,46.7278888095369,62.7452821766563,50.5030838692962,63.2162988230955,65.0282705388742,66.502508669135,67.0655545060812,67.3446571172937,63.3461029045711,63.394934493579,57.9372303005065,66.2620324053154,62.8583089486616,69.9702222197204,51.1472793870433,66.6441190217765,68.1915174042327,51.1670940921879,65.5564756280281,60.2467362456917
60.2797985157983,66.8104527645186,66.9216640032787,56.0359969001703,65.9402166086099,65.6955202539945,68.7487278997766,63.8583654844847,59.070015836167,56.1850711250447,68.2642302616679,46.7278888095369,62.7452821766563,50.5030838692962,63.2162988230955,65.0287678524107,66.502508669135,67.0655545060812,67.3446571172937,63.3461029045711,63.394934493579,57.9373019091459,66.2620324053154,62.8583089486616,69.9702222197204,51.1472793908227,66.6441190217765,68.1915174042327,51.1672205378645,65.5564756280281,60.2467362456917
60.2797985157983,66.8104527645186,66.9216640032787,56.0359969001703,65.9402166086099,65.6955202539945,68.7487278997766,63.8583654844847,59.070015836167,56.1850711250447,68.2642302616679,46.7278888095369,62.7452821766563,50.5030838692962,63.2162988230955,65.0287678524107,66.502508669135,67.0655545060812,67.3446571172937,63.3461029045711,63.394934493579,57.9373019091459,66.2622786973956,62.8583089486616,69.9702222197204,51.1472793935068,66.6441190217765,68.1915174042327,51.1672205378645,65.557537273782,60.2467362456917
60.2797985157983,66.8104527645186,66.9216640032787,56.0359969001703,65.9404220837008,65.6955202539945,68.7487278997766,63.8583654844847,59.070015836167,56.1850711250447,68.2642302616679,46.7281724520881,62.7452821766563,50.5030838692962,63.2162988230955,65.0287678524107,66.502508669135,67.0655545060812,67.3446571172937,63.348000210503,63.394934493579,57.9373724889688,66.2622786973956,62.8583463681102,69.9702222197204,51.1472793935068,66.6441505466492,68.1915174042327,51.1672205378645,65.557537273782,60.2467362456917
60.2797985157983,66.8104527645186,66.9216640032787,56.0360211049466,65.9404220837008,65.6955202539945,68.7487278997766,63.8583654844847,59.070015836167,56.1850711250447,68.2642302616679,46.7281724520881,62.7452821766563,50.5030838692962,63.2162988230955,65.0287678524107,66.502508669135,67.0655545060812,67.3446571172937,63.3666952263851,63.394934493579,57.9373724889688,66.2623691626064,62.8583463681102,69.9702222197204,51.1472793954261,66.6441505466492,68.1915174042327,51.1672438755763,65.557537273782,60.2467362456917
60.2797985157983,66.8104527645186,66.9216640032787,56.0360211049466,65.9404220837008,65.6959794149463,68.748817766303,63.8583654844847,59.070015836167,56.1857980310938,68.2642302616679,46.7281724520881,62.7452821766563,50.5030872171922,63.2162988230955,65.0287678524107,66.502508669135,67.0667025653299,67.3446571172937,63.3666952263851,63.3950923251985,57.937398687977,66.2624892017907,62.8583463681102,69.9702222197204,51.1472793954261,66.6441505466492,68.1915279938596,51.1672438755763,65.557537273782,60.2467362456917
60.2797985157983,66.8104527645186,66.9216640032787,56.0360505918291,65.9404220837008,65.6959794149463,68.748817766303,63.8583654844847,59.070015836167,56.1857980310938,68.2648111062604,46.7281724520881,62.7452821766563,50.5030872171922,63.2162988230955,65.0287678524107,66.502508669135,67.0667025653299,67.3446571172937,63.4434799667969,63.3950923251985,57.9374189151967,66.2624892017907,62.8583463681102,69.9702222197204,51.1472793968059,66.6441505466492,68.1915279938596,51.1672438755763,65.557537273782,60.2467362456917
60.2797985157983,66.8104527645186,66.9216640032787,56.0360505918291,65.9404220837008,65.6959794149463,68.748817766303,63.8583654844847,59.0700270673592,56.1857980310938,68.2648111062604,46.7281724520881,62.7452821766563,50.5030872171922,63.2162988230955,65.0287678524107,66.502508669135,67.0667025653299,67.3446571172937,63.5206361729536,63.3952395216128,57.9374189151967,66.2624892017907,62.8583463681102,69.9702222197204,51.1472793978016,66.644234484659,68.1919746940508,51.1672438755763,65.557537273782,60.2467362456917
60.2797985157983,66.8104527645186,66.9216640032787,56.0360505918291,65.9404220837008,65.6964425253109,68.748817766303,63.858574712937,59.0700270673592,56.1857980310938,68.2648111062604,46.7281724520881,62.7452821766563,50.5031066922752,63.2162988230955,65.0287678524107,66.502508669135,67.0667025653299,67.3446571172937,63.5206361729536,63.3952395216128,57.9374258644049,66.2624892017907,62.8583463681102,69.9702222197204,51.1472793978016,66.6442879338709,68.1920068227185,51.1672438755763,65.5576829154978,60.2467362456917
60.2797985157983,66.8104527645186,66.9216640032787,56.0360699385662,65.9404220837008,65.6964601406353,68.748817766303,63.858574712937,59.0700270673592,56.1857980310938,68.2648111062604,46.7281724520881,62.7452821766563,50.5031066922752,63.2163141889156,65.0288352057656,66.502508669135,67.0667025653299,67.3446571172937,63.5206361729536,63.3953154992097,57.9374274738776,66.2624892017907,62.8583463681102,69.9702222197204,51.1472793985224,66.6442879338709,68.1920068227185,51.1673244522303,65.5576829154978,60.2467362456917
60.2797985157983,66.8104527645186,66.9216640032787,56.0360699385662,65.9404268315737,65.6964601406353,68.748817766303,63.858574712937,59.0700424927715,56.1857980310938,68.2696613289813,46.7281724520881,62.7452821766563,50.5031066922752,63.2163141889156,65.0288352057656,66.502508669135,67.0706743848997,67.3446571172937,63.5206361729536,63.3953154992097,57.9374274738776,66.2625035588011,62.8583463681102,69.9702222197204,51.1472793985224,66.6443488319848,68.1920068227185,51.1673244522303,65.5576829154978,60.2467362456917
60.2797985157983,66.8104527645186,66.9216640032787,56.0360699385662,65.9404268315737,65.6964601406353,68.748817766303,63.858902473314,59.0700424927715,56.186265967344,68.273217110424,46.7281724520881,62.7452821766563,50.5031066922752,63.2163141889156,65.0291957680585,66.502508669135,67.0706743848997,67.3446571172937,63.5206361729536,63.3953404344974,57.9374325536774,66.2625035588011,62.8583463681102,69.9702222197204,51.1472793990453,66.6444218066479,68.1920068227185,51.1673473838265,65.5576829154978,60.2467362456917
60.2797985157983,66.8104527645186,66.9216640032787,56.0360936412701,65.9404268315737,65.6964601406353,68.748817766303,63.858902473314,59.0700424927715,56.186265967344,68.273217110424,46.7283678141823,62.7452821766563,50.5031066922752,63.2163167272764,65.0292876571489,66.502508669135,67.0711933992299,67.3447755323342,63.5206361729536,63.3953404344974,57.9374325536774,66.2626118700294,62.8583463681102,69.9702222197204,51.1472793990453,66.6444218066479,68.1920068227185,51.1673473838265,65.5576829154978,60.2467362456917
60.2797985157983,66.8104527645186,66.9216640032787,56.0360936412701,65.9404286638933,65.6967517183575,68.748817766303,63.858902473314,59.0700438456548,56.186265967344,68.2738921494272,46.7283678141823,62.7452821766563,50.5031175102219,63.2163167272764,65.0292876571489,66.502508669135,67.0711933992299,67.3447755323342,63.5206361729536,63.3953404344974,57.9374325536774,66.2626118700294,62.8583463681102,69.9702222197204,51.1472794118117,66.6444418029288,68.1920068227185,51.1673473838265,65.5576829154978,60.2467362456917
60.2797985157983,66.8105199787664,66.9216640032787,56.0360936412701,65.9404286638933,65.6967517183575,68.748817766303,63.8592085470194,59.070046639672,56.186265967344,68.2738921494272,46.7283678141823,62.7452821766563,50.5031175102219,63.2163230477182,65.0292876571489,66.502508669135,67.0711933992299,67.3447755323342,63.5206361729536,63.3953404344974,57.9374325536774,66.2626118700294,62.8583463681102,69.9702222197204,51.1472794437275,66.6444418029288,68.1920068227185,51.1674990845652,65.5580609350655,60.2467362456917
60.2797985157983,66.8105199787664,66.9216640032787,56.0360936412701,65.9404363330922,65.6967517183575,68.748817766303,63.8592085470194,59.070046639672,56.186265967344,68.2738921494272,46.7283678141823,62.7452821766563,50.5031175102219,63.2163230477182,65.0292876571489,66.502508669135,67.0711933992299,67.3447755323342,63.5206361729536,63.3953489835647,57.9374325536774,66.2626407154233,62.8583463681102,69.9702222197204,51.1472794437275,66.6444418029288,68.1920068227185,51.1674990845652,65.5580609350655,60.2467362456917
60.2797985157983,66.8105199787664,66.9216640032787,56.0361267190519,65.9404363330922,65.6976728021969,68.748817766303,63.8594904373126,59.0700493359306,56.186265967344,68.2756591549245,46.7283678141823,62.7452821766563,50.5031175102219,63.2163338667936,65.0292876571489,66.502508669135,67.0711933992299,67.3447755323342,63.5206361729536,63.3953489835647,57.9374325536774,66.2626407154233,62.8583463681102,69.9702222197204,51.1472794437275,66.6444418029288,68.1920068227185,51.1674990845652,65.5580609350655,60.2467362456917
60.2797985157983,66.8105199787664,66.9216640032787,56.0361267190519,65.9404509586935,65.6981886901733,68.748817766303,63.8594904373126,59.070054852075,56.186265967344,68.2756591549245,46.7283678141823,62.7453461067754,50.5031175102219,63.2163840582809,65.0293306741701,66.502508669135,67.0711933992299,67.3447755323342,63.5206361729536,63.3953998237129,57.9374325536774,66.2626407154233,62.8583463681102,69.9702222197204,51.1472794437275,66.6444418029288,68.1920068227185,51.1675310003397,65.5580609350655,60.2469111427185
60.2797985157983,66.8105199787664,66.9216640032787,56.0361267190519,65.9404509586935,65.6981886901733,68.748817766303,63.8594904373126,59.070054852075,56.1863456742606,68.2763417857104,46.728436476136,62.7453461067754,50.5031286203697,63.2163840582809,65.0293306741701,66.502508669135,67.0746139799381,67.3447755323342,63.5206361729536,63.3953998237129,57.9374325536774,66.262669426589,62.8583463681102,69.9702222197204,51.1472794660296,66.6444418029288,68.1920068227185,51.1675310003397,65.5587796765228,60.2469111427185
60.2797985157983,66.8105199787664,66.9216640032787,56.0361675477878,65.9404517579809,65.6983751926458,68.748817766303,63.8605184531804,59.0700779790376,56.1863456742606,68.2763417857104,46.728436476136,62.7453461067754,50.5031286203697,63.2163840582809,65.0293306741701,66.502508669135,67.0746139799381,67.3447755323342,63.5206361729536,63.3954197924009,57.9374325536774,66.262669426589,62.8583463681102,69.9702222197204,51.1472794660296,66.6444754351754,68.1920068227185,51.1675758522153,65.5587796765228,60.2469111427185
60.2797985157983,66.8105264955988,66.9218610689024,56.0361675477878,65.9404517579809,65.6995792692523,68.748817766303,63.8605184531804,59.0700779790376,56.1863873625687,68.2763417857104,46.728436476136,62.7453461067754,50.5031286203697,63.2164011302937,65.0293453724329,66.502508669135,67.0749572912028,67.3447755323342,63.5206361729536,63.3954197924009,57.9374325536774,66.262669426589,62.8583463681102,69.9702222197204,51.1472794660296,66.6444754351754,68.1920068227185,51.1675758522153,65.5587796765228,60.2475467755225
60.2797985157983,66.8105264955988,66.9218610689024,56.0362000669172,65.9404517579809,65.6995792692523,68.748817766303,63.8605184531804,59.0700779790376,56.1863873625687,68.2763417857104,46.728530243316,62.7453461067754,50.5031286203697,63.2164011302937,65.0293453724329,66.502508669135,67.0749572912028,67.3447755323342,63.5206361729536,63.3954197924009,57.9374476350763,66.262669426589,62.8583463681102,69.9702222197204,51.1472794660296,66.644518089267,68.1920068227185,51.1675758522153,65.5587796765228,60.2475467755225
60.2797985157983,66.8105264955988,66.9218610689024,56.0362000669172,65.9404517579809,65.6995792692523,68.748817766303,63.8605184531804,59.0700779790376,56.1863873625687,68.2763417857104,46.728530243316,62.7453461067754,50.5031286203697,63.2164196933308,65.0295888053233,66.7470054842016,67.0749572912028,67.3447755323342,63.5206361729536,63.3954197924009,57.9374476350763,66.262669426589,62.8583463681102,69.9702222197204,51.1472794660296,66.6446538206616,68.1920068227185,51.1677564151634,65.5593720392162,60.2475467755225
60.2797985157983,66.8105264955988,66.9218610689024,56.0362000669172,65.9404517579809,65.6995792692523,68.748817766303,63.8605184531804,59.0700779790376,56.1863873625687,68.2763417857104,46.728530243316,62.7453461067754,50.5031332288416,63.2164196933308,65.0295888053233,66.7470054842016,67.0749572912028,67.3447755323342,63.5206361729536,63.3954197924009,57.9374486856606,66.262669426589,62.8583463681102,69.9702222197204,51.1472794660296,66.6446538206616,68.1920068227185,51.1677564151634,65.5593720392162,60.2475467755225
60.2797985157983,66.8105264955988,66.9218610689024,56.0362292152863,65.9404540297987,65.7006790490842,68.748817766303,63.8605184531804,59.0700779790376,56.186749954461,68.2763417857104,46.728530243316,62.7453461067754,50.5031332288416,63.2164264686575,65.0295888053233,66.9684565901377,67.0749572912028,67.3447817523118,63.5500505131337,63.3954197924009,57.9374486856606,66.262669426589,62.8583906996724,69.9702222197204,51.1472794660296,66.6446538206616,68.1920068227185,51.167877302441,65.5604084319803,60.2475467755225
60.2797985157983,66.8125649957515,66.9219734970216,56.0362292152863,65.9404540297987,65.701418373312,68.748817766303,63.8606773496805,59.0700934189712,56.186749954461,68.2763417857104,46.7287935392014,62.7453461067754,50.5031332288416,63.2164264686575,65.0295888053233,66.9684565901377,67.0749572912028,67.3447817523118,63.5500505131337,63.3954197924009,57.937465106748,66.262669426589,62.8583906996724,69.9702222197204,51.1472794660296,66.6446538206616,68.1920068227185,51.167877302441,65.5604084319803,60.2475467755225
60.2797985157983,66.8125649957515,66.9219734970216,56.0362292152863,65.9404540297987,65.701418373312,68.748817766303,63.8606773496805,59.0700934189712,56.186749954461,68.2763417857104,46.7287935392014,62.7453461067754,50.5031471033611,63.2164275762565,65.0297267006428,66.9684565901377,67.0749572912028,67.3447817523118,63.5500505131337,63.3954197924009,57.937465106748,66.262669426589,62.8583906996724,69.9702222197204,51.1472794660296,66.644655096638,68.1920068227185,51.167877302441,65.5604084319803,60.2475467755225
60.2797985157983,66.8139701682178,66.9219734970216,56.0362646627794,65.9404540297987,65.7018597628128,68.748817766303,63.8606773496805,59.0701068530323,56.1871324657124,68.2763417857104,46.7287935392014,62.7453461067754,50.5031471033611,63.2164275762565,65.0297267006428,66.9684565901377,67.0749572912028,67.3447817523118,63.606130680008,63.3954197924009,57.937465106748,66.262669426589,62.8583906996724,69.9702222197204,51.1472794773088,66.644655096638,68.1920068227185,51.1679483359337,65.5604084319803,60.2475467755225
60.2797985157983,66.8139701682178,66.9219734970216,56.0362646627794,65.9404540297987,65.7025908234909,68.748817766303,63.8606773496805,59.0701068530323,56.1871324657124,68.2763417857104,46.7287935392014,62.7453461067754,50.5031471033611,63.2164275762565,65.0297267006428,66.9684565901377,67.0749572912028,67.3447817523118,63.606130680008,63.3954240276191,57.937465106748,66.262669426589,62.8583906996724,69.9702222197204,51.1472794773088,66.644655096638,68.1920068227185,51.1679483359337,65.5604084319803,60.2482382347447
60.2797985157983,66.8139701682178,66.9219734970216,56.0362646627794,65.9404540297987,65.7025908234909,68.748817766303,63.8606773496805,59.0701068530323,56.1871324657124,68.2763417857104,46.7287935392014,62.7453461067754,50.5031471033611,63.2164297368362,65.0297267006428,66.9684565901377,67.0749572912028,67.3447817523118,63.606130680008,63.3954240276191,57.9374782962661,66.262669426589,62.8583906996724,69.9702222197204,51.1472794773088,66.6446970854045,68.1920068227185,51.1679483359337,65.5604084319803,60.2482382347447
60.2797985157983,66.8139701682178,66.922158440404,56.0362923669949,65.9404540297987,65.7033074326361,68.748817766303,63.8607469018573,59.0701162974099,56.1871324657124,68.2763417857104,46.7287935392014,62.7453461067754,50.5031471033611,63.2164297368362,65.0297267006428,66.9684565901377,67.0749572912028,67.3447817523118,63.606130680008,63.395439853272,57.9374782962661,66.262669426589,62.8583975486446,69.9702222197204,51.1472794809545,66.6446970854045,68.1920068227185,51.1679891154599,65.5604084319803,60.2482382347447
60.2797985157983,66.8139701682178,66.922158440404,56.0362923669949,65.9404540297987,65.7041784664345,68.748817766303,63.8607469018573,59.0701162974099,56.1874791120317,68.2763417857104,46.7289171591077,62.7453461067754,50.5031488035827,63.2164334427223,65.0297267006428,66.9684565901377,67.0749572912028,67.3447817523118,63.606130680008,63.395439853272,57.9374782962661,66.262669426589,62.8583975486446,69.9702222197204,51.1472794809545,66.6446970854045,68.1920068227185,51.1679891154599,65.5604084319803,60.2482382347447
60.2797985157983,66.8139701682178,66.922158440404,56.0362923669949,65.9404540297987,65.7041784664345,68.748817766303,63.8607469018573,59.0701162974099,56.1874791120317,68.2763417857104,46.7289171591077,62.7453461067754,50.5031488035827,63.2164337275642,65.0297267006428,66.9684565901377,67.0749572912028,67.3447817523118,63.606130680008,63.3954500733313,57.9374782962661,66.262669426589,62.8583975486446,69.9702222197204,51.1472794809545,66.6446970854045,68.1920068227185,51.1681514416668,65.5604084319803,60.2482382347447
60.2797985157983,66.8139701682178,66.922158440404,56.0362923669949,65.9404540297987,65.7063356393667,68.748817766303,63.8607469018573,59.0701162974099,56.1874791120317,68.2763417857104,46.7289171591077,62.7456901109733,50.5031488035827,63.2164337275642,65.0297267006428,66.9684565901377,67.0817503335666,67.3447817523118,63.606130680008,63.3954500733313,57.9374840277137,66.262669426589,62.8583975486446,69.9702222197204,51.1472794809545,66.6446970854045,68.1920068227185,51.1681514416668,65.5604084319803,60.249144042616
60.2797985157983,66.8139701682178,66.922158440404,56.0363157005918,65.9404540297987,65.7063356393667,68.748817766303,63.8607469018573,59.0701294366974,56.1878119302622,68.2763417857104,46.7290337327168,62.7456901109733,50.5031488035827,63.2164337275642,65.0297267006428,66.9684565901377,67.0817503335666,67.3447817523118,63.606130680008,63.3954567056525,57.9374840277137,66.262669426589,62.8584040431548,69.9702222197204,51.1472794809545,66.6446970854045,68.1920068227185,51.1681514416668,65.5604084319803,60.249144042616
60.2797985157983,66.8139701682178,66.922158440404,56.0363157005918,65.9404540297987,65.7076662525386,68.748817766303,63.8607469018573,59.0701294366974,56.1878119302622,68.2763417857104,46.7290337327168,62.7456901109733,50.5031488035827,63.2164677308756,65.0297267006428,67.2292027044058,67.0817503335666,67.3447817523118,63.606130680008,63.3954567056525,57.9374847702801,66.262669426589,62.8584040431548,69.9702222197204,51.1472794809545,66.6447075991676,68.1920068227185,51.1681514416668,65.5604084319803,60.2505973080983
60.2797985157983,66.8139701682178,66.922158440404,56.0363157005918,65.9404564339456,65.710962301122,68.748817766303,63.8607469018573,59.0701294366974,56.1878119302622,68.2763417857104,46.7290337327168,62.7456901109733,50.5031488035827,63.2164677308756,65.0298527933048,67.3998952213439,67.0817503335666,67.3447817523118,63.6111801308904,63.395461057124,57.9374847702801,66.262669426589,62.8584135244024,69.9702222197204,51.1472794809545,66.6447075991676,68.1920068227185,51.1681514416668,65.5604084319803,60.2505973080983
60.2797985157983,66.8139701682178,66.922158440404,56.0363357802125,65.9404564339456,65.710962301122,68.748817766303,63.8608012760037,59.0701294366974,56.1878119302622,68.2763417857104,46.7297676579854,62.7456901109733,50.5031488035827,63.216483125912,65.0298527933048,67.3998952213439,67.0817503335666,67.3447817523118,63.6111801308904,63.395461057124,57.9374906980357,66.262669426589,62.8584135244024,69.9702222197204,51.1472794809545,66.6447075991676,68.1920068227185,51.1682462706848,65.5604084319803,60.2505973080983
60.2797985157983,66.8139701682178,66.922158440404,56.0363357802125,65.9404564339456,65.7123043676689,68.748817766303,63.8608012760037,59.0701294366974,56.1878119302622,68.2763417857104,46.7297676579854,62.7456901109733,50.5031488035827,63.216483125912,65.0298527933048,67.6201605280094,67.0817503335666,67.3447817523118,63.6111801308904,63.3954999569919,57.9374906980357,66.262669426589,62.8584135244024,69.9702222197204,51.1472794809545,66.6447268573581,68.1920068227185,51.1682462706848,65.5604084319803,60.2505973080983
60.2798221498299,66.8139701682178,66.922158440404,56.0363357802125,65.9404594266159,65.7147831706989,68.748817766303,63.8608012760037,59.0701294366974,56.1878119302622,68.2763417857104,46.7297676579854,62.7456901109733,50.5031488035827,63.2165030432766,65.0298527933048,67.7833516780989,67.0817503335666,67.3447817523118,63.6111801308904,63.3954999569919,57.9374937894163,66.262669426589,62.8584172292708,69.9702222197204,51.1472794809545,66.6447268573581,68.1920068227185,51.1682462706848,65.5604084319803,60.2505973080983
60.2798424322149,66.8139701682178,66.922158440404,56.0363357802125,65.9404594266159,65.7147831706989,68.748817766303,63.8608012760037,59.0701294366974,56.1878119302622,68.2763417857104,46.729925500965,62.7456901109733,50.5031620869008,63.2165060996472,65.0298527933048,67.7833516780989,67.0817503335666,67.3447817523118,63.6111801308904,63.3954999569919,57.9375056769269,66.262669426589,62.8584172292708,69.9703096345517,51.1472794809545,66.6447268573581,68.1920068227185,51.1682462706848,65.5604940848724,60.2505973080983
60.2798424322149,66.8139701682178,66.922158440404,56.0363544761911,65.9404674325199,65.7162449391467,68.748817766303,63.8608012760037,59.0701294366974,56.1878119302622,68.2763417857104,46.729925500965,62.7456901109733,50.5031620869008,63.2165060996472,65.0298527933048,68.0695361948254,67.0817503335666,67.3447817523118,63.6111801308904,63.3954999569919,57.9375056769269,66.262669426589,62.8584172292708,69.9703096345517,51.1472794809545,66.6447268573581,68.1920068227185,51.1682462706848,65.5604940848724,60.2505973080983
60.2798424322149,66.8139701682178,66.922158440404,56.0363544761911,65.9404748875138,65.7162449391467,68.748817766303,63.8609073584112,59.0701337022607,56.1878119302622,68.2763417857104,46.729925500965,62.7456901109733,50.5031620869008,63.2165128238988,65.0298527933048,68.0695361948254,67.0817503335666,67.3447817523118,63.6111801308904,63.3955073076121,57.9375056769269,66.262669426589,62.8584172292708,69.9703096345517,51.1472794809545,66.6447268573581,68.1920068227185,51.1683059190814,65.5604940848724,60.2505973080983
60.2798424322149,66.8139701682178,66.922158440404,56.0363544761911,65.9404748875138,65.7169982351662,68.748817766303,63.8609073584112,59.0701337022607,56.1878119302622,68.2763417857104,46.729925500965,62.7456901109733,50.5031620869008,63.2166371382899,65.0298527933048,68.3398238317333,67.0817503335666,67.3447817523118,63.6111801308904,63.3955148128433,57.9375261101443,66.262669426589,62.858425622339,69.9703117002439,51.1472794809545,66.6447268573581,68.1920068227185,51.1683059190814,65.5604940848724,60.2505973080983
60.2798424322149,66.8139701682178,66.922158440404,56.0363670102535,65.9404748875138,65.7173170869273,68.748817766303,63.8609073584112,59.0701337022607,56.1878119302622,68.2763417857104,46.729925500965,62.7456901109733,50.5031620869008,63.2166371382899,65.0298527933048,68.4094015879007,67.0817503335666,67.3447817523118,63.6111801308904,63.3955148128433,57.9375261101443,66.262669426589,62.858425622339,69.9703117002439,51.1472794809545,66.6447268573581,68.1920068227185,51.1683059190814,65.5604940848724,60.2505973080983
60.2798424322149,66.8139701682178,66.922158440404,56.0363670102535,65.9404748875138,65.7173170869273,68.748817766303,63.8610606352254,59.0701445471709,56.1878119302622,68.2763417857104,46.729925500965,62.7456901109733,50.5031620869008,63.216667486009,65.0298527933048,68.4094015879007,67.0817503335666,67.3447817523118,63.6111801308904,63.3955148128433,57.9375419223879,66.262669426589,62.8584351326103,69.9703246536726,51.1472794809545,66.6447269752482,68.1920068227185,51.1683059190814,65.5604940848724,60.2505973080983
60.2798424322149,66.8139701682178,66.9221956631136,56.0363670102535,65.9404748875138,65.7174058596874,68.748817766303,63.8610606352254,59.0701445471709,56.1878119302622,68.2763417857104,46.7303169049907,62.7456901109733,50.5031620869008,63.216667486009,65.0298527933048,68.5091768340897,67.0817503335666,67.3447817523118,63.6185107741019,63.3955148128433,57.9375419223879,66.262669426589,62.8584351326103,69.9703246536726,51.1472794809545,66.6447269752482,68.1920068227185,51.1683059190814,65.5604940848724,60.2505973080983
60.2798424322149,66.8139701682178,66.9221956631136,56.0363818927281,65.9404748875138,65.7179457917828,68.748817766303,63.8610710026562,59.070153052544,56.1878119302622,68.2763417857104,46.7303169049907,62.7456901109733,50.5031620869008,63.216667486009,65.0298527933048,68.5445702139451,67.0817503335666,67.3448536889561,63.6185107741019,63.3955148128433,57.9375549597025,66.262669426589,62.8584403846857,69.9703246536726,51.1472794809545,66.6447269752482,68.1920068227185,51.1684014002659,65.5604940848724,60.2505973080983
60.2798424322149,66.8139701682178,66.9222209843721,56.0363818927281,65.9404748875138,65.7179457917828,68.748817766303,63.8610710026562,59.070153052544,56.1878119302622,68.2763417857104,46.7303169049907,62.7456901109733,50.5031620869008,63.216667486009,65.0298527933048,68.5445702139451,67.0824988617002,67.3448536889561,63.6194177492034,63.3955148128433,57.9375549597025,66.262669426589,62.8584403846857,69.9704460120248,51.1472794809545,66.6447269752482,68.1920068227185,51.1684014002659,65.5604940848724,60.2505973080983
60.2798424322149,66.8139701682178,66.9222209843721,56.0363818927281,65.9404748875138,65.7188800375034,68.748817766303,63.8610710026562,59.070153052544,56.1878119302622,68.2763417857104,46.7303169049907,62.7456901109733,50.5031620869008,63.2166680736267,65.0298527933048,68.6466227410561,67.0824988617002,67.3448536889561,63.6205988930418,63.3955148128433,57.9375739383713,66.262669426589,62.8584403846857,69.9704460120248,51.1472794809545,66.6447269752482,68.1920499647021,51.1684014002659,65.5604940848724,60.2505973080983
60.2798424322149,66.8139701682178,66.9222209843721,56.0363966732241,65.9404748875138,65.7188800375034,68.748817766303,63.8610710026562,59.0701811187435,56.1878119302622,68.2781371564683,46.7303169049907,62.7456901109733,50.5031620869008,63.2166944907773,65.0298527933048,68.6466227410561,67.0824988617002,67.3448536889561,63.6205988930418,63.3955148128433,57.9376190608987,66.262669426589,62.858445070521,69.9704932469416,51.1472794809545,66.6447269752482,68.1920499647021,51.1684014002659,65.5604940848724,60.2505973080983
60.2798424322149,66.8139701682178,66.9222368046234,56.0363966732241,65.9404748875138,65.7196539812376,68.748817766303,63.8610710026562,59.0701811187435,56.1878119302622,68.2878311160265,46.7303169049907,62.7456901109733,50.5031620869008,63.2166944907773,65.0298527933048,68.7914323385496,67.0824988617002,67.3448536889561,63.6293308525662,63.39551562345,57.9376190608987,66.262669426589,62.858445070521,69.9704932469416,51.1472794809545,66.6447269752482,68.1920499647021,51.1684014002659,65.5604940848724,60.2505973080983
60.2798424322149,66.8139701682178,66.9222368046234,56.0363966732241,65.9404775578804,65.7199405484075,68.748817766303,63.8610710026562,59.0701912089222,56.1878119302622,68.2878311160265,46.7305469253546,62.7456901109733,50.5031620869008,63.2166993205518,65.0298674206612,68.7914323385496,67.0824988617002,67.3449001387123,63.6293308525662,63.3955214800661,57.9376948497413,66.262669426589,62.8584496850751,69.9704932469416,51.1472794809545,66.6447269752482,68.1920499647021,51.1684014002659,65.5604940848724,60.2505973080983
60.2799783060274,66.8139701682178,66.9222368046234,56.0364021755588,65.9404844255422,65.7199405484075,68.748817766303,63.8610722352021,59.0701912089222,56.1880579014375,68.2993719794085,46.7305469253546,62.7456901109733,50.5031620869008,63.2166993205518,65.0298674206612,68.7914323385496,67.0824988617002,67.3449001387123,63.6293308525662,63.3955214800661,57.9376948497413,66.262669426589,62.8584496850751,69.9705283169507,51.1472794809545,66.6447269752482,68.1920499647021,51.1684014002659,65.5604940848724,60.2505973080983
60.2799783060274,66.8139701682178,66.9222368046234,56.0364021755588,65.9404844255422,65.7199623979015,68.748817766303,63.8610722352021,59.0701912089222,56.1882485322044,68.2993719794085,46.7305469253546,62.7456901109733,50.5031620869008,63.2167354725957,65.0298965277041,68.8178963857573,67.0824988617002,67.3449001387123,63.6297053024399,63.3955214800661,57.9377001406464,66.2626714534236,62.8584522466006,69.9705283169507,51.1472794809545,66.6447269752482,68.1920499647021,51.1684014002659,65.5605012011668,60.2505973080983
60.2799783060274,66.8139701682178,66.9222368046234,56.0364021755588,65.9404844255422,65.7199623979015,68.748817766303,63.8610864131481,59.070204750251,56.1882485322044,68.3154162695146,46.7305469253546,62.7456901109733,50.5031620869008,63.2167515568131,65.0298965277041,68.8226412756201,67.0824988617002,67.3455033510441,63.6297053024399,63.3955283951574,57.9377001406464,66.2626714534236,62.8584522466006,69.9705283169507,51.1472794809545,66.6447269752482,68.1921011698701,51.1684014002659,65.5605012011668,60.2505973080983
60.2800637615758,66.8139701682178,66.9222431038541,56.0364189102559,65.9404844255422,65.7199623979015,68.748817766303,63.8610864131481,59.070204750251,56.1885221073173,68.3246562776696,46.7307318381693,62.7456901109733,50.5031620869008,63.2167515568131,65.0298965277041,68.8226412756201,67.0824988617002,67.3455033510441,63.6297053024399,63.3955283951574,57.9377001406464,66.2626714534236,62.8584528395855,69.9705283169507,51.1472794964101,66.6447269752482,68.1921011698701,51.1684014002659,65.5605012011668,60.2505973080983
60.2800637615758,66.8139701682178,66.9222431038541,56.0364189102559,65.9404844255422,65.7199623979015,68.748817766303,63.8610864131481,59.070204750251,56.1885221073173,68.3246562776696,46.7307318381693,62.7456901109733,50.5031648609806,63.2167592763747,65.0298965277041,68.8226412756201,67.0824988617002,67.3455033510441,63.6297053024399,63.3955283951574,57.9377267804008,66.2627064788127,62.8584528395855,69.9705283169507,51.1472794964101,66.6447347299348,68.1921011698701,51.168406092438,65.5605018599638,60.2505973080983
60.2801942782814,66.8139701682178,66.9222431038541,56.0364189102559,65.9404844255422,65.7199623979015,68.748817766303,63.8610864131481,59.0702130052176,56.1885221073173,68.3315982173958,46.7307318381693,62.7456901109733,50.5031648609806,63.2167592763747,65.0299002423684,68.8471083783732,67.0834229575548,67.3458027391577,63.6297053024399,63.3955283951574,57.9377267804008,66.262768291754,62.8584528395855,69.9705283169507,51.1472795005923,66.6447347299348,68.1921011698701,51.168406092438,65.5605018599638,60.2505973080983
60.2801942782814,66.8139701682178,66.9222431038541,56.0364189102559,65.9404844255422,65.7199623979015,68.748817766303,63.8610864131481,59.0702130052176,56.1885221073173,68.3319822902688,46.7307318381693,62.7456953798967,50.5031648609806,63.2167592763747,65.0299002423684,68.8471083783732,67.0834229575548,67.346291453657,63.813499409521,63.3955342897244,57.9377661951879,66.262768291754,62.8584528395855,69.9705283169507,51.1472795005923,66.6447347299348,68.1921011698701,51.168406092438,65.5605664405832,60.2505973080983
60.2801942782814,66.8139701682178,66.9222431038541,56.0364189102559,65.9404844255422,65.7209899263504,68.748817766303,63.8610864131481,59.0702159458266,56.1885221073173,68.3319822902688,46.7307318381693,62.7456953798967,50.5031648609806,63.2167592763747,65.0299002423684,68.8474344238837,67.0834229575548,67.346291453657,63.8149886234298,63.3955342897244,57.9377923176652,66.262768291754,62.8584528795156,69.970566882572,51.1472795153414,66.6447407615755,68.1921011698701,51.1684249098089,65.5606059359515,60.2505973080983
60.2801942782814,66.8139701682178,66.9224080674905,56.0364265084497,65.9404844255422,65.7209899263504,68.748817766303,63.8610864131481,59.0702304457519,56.1885221073173,68.3357847572071,46.7307318381693,62.7459487933744,50.5031648609806,63.2167592763747,65.0299002423684,68.8474344238837,67.0834229575548,67.3465337985636,63.8149886234298,63.3955481734162,57.9377923176652,66.262768291754,62.8584528795156,69.970566882572,51.1472795153414,66.6447407615755,68.1921011698701,51.1684249098089,65.5606059359515,60.2505973080983
60.2801942782814,66.8139701682178,66.9224080674905,56.0364265084497,65.9404844255422,65.7209899263504,68.748817766303,63.8610864131481,59.0702304457519,56.1885221073173,68.34085544913,46.7307318381693,62.7459487933744,50.5031648609806,63.2167592763747,65.0299002423684,68.8474344238837,67.0834229575548,67.3465337985636,63.8149886234298,63.3955481734162,57.9378087890642,66.262768291754,62.8584530376309,69.970566882572,51.1472795153414,66.6447407615755,68.1921011698701,51.1684249098089,65.5606059359515,60.2505973080983
60.2801942782814,66.8139701682178,66.9224080674905,56.0364265084497,65.9404844255422,65.7209899263504,68.748817766303,63.8610864131481,59.0702304457519,56.1890065890428,68.34085544913,46.7307318381693,62.7459487933744,50.5031648609806,63.2167592763747,65.0299002423684,68.8949130631408,67.0834229575548,67.3466031449879,63.8149886234298,63.3955556957323,57.9378087890642,66.2628055904562,62.8584530376309,69.9705803872915,51.1472795180068,66.644745222457,68.1921011698701,51.1684249098089,65.5606059359515,60.2505973080983
60.2801942782814,66.8139701682178,66.9224080674905,56.0364327347032,65.9404844255422,65.7209899263504,68.748817766303,63.8610864131481,59.0702304457519,56.1890065890428,68.3460094266813,46.7307318381693,62.7459487933744,50.5031648609806,63.2167592763747,65.0299076965762,68.8949130631408,67.0834229575548,67.3466477847874,63.8149886234298,63.3955556957323,57.9378223435781,66.2628055904562,62.8584562172034,69.9705927585738,51.1472795180068,66.644745222457,68.1921011698701,51.1684249098089,65.5606059359515,60.2505973080983
60.2801942782814,66.8139701682178,66.9224080674905,56.0364327347032,65.9404844255422,65.7209899263504,68.7488433009801,63.8611069660105,59.0702374669307,56.1890065890428,68.3519495933793,46.7307318381693,62.7459487933744,50.5031648609806,63.2167592763747,65.0299076965762,68.9009938071173,67.0834229575548,67.3466477847874,63.8886784962802,63.3955594200091,57.9378378710134,66.2628055904562,62.8584562172034,69.9705927585738,51.1472795180068,66.644745222457,68.1921011698701,51.1685084126047,65.5606062241159,60.2505973080983
60.2801942782814,66.8139701682178,66.9224080674905,56.0364327347032,65.9404844255422,65.7209899263504,68.7488433009801,63.8611069660105,59.0702374669307,56.1890065890428,68.3519495933793,46.7307318381693,62.7459487933744,50.5031648609806,63.2167622364601,65.0299076965762,68.9009938071173,67.0834229575548,67.3466477847874,63.9125014087211,63.3955594200091,57.9378378710134,66.2628055904562,62.8584638146923,69.9706677915876,51.1472795252828,66.644745222457,68.1921011698701,51.1685084126047,65.5606062241159,60.2505973080983
60.2801942782814,66.8139701682178,66.9224080674905,56.0364327347032,65.9404844255422,65.7209899263504,68.7488433009801,63.8611069660105,59.0702374669307,56.1890065890428,68.3655202227658,46.7307318381693,62.7459487933744,50.5031648609806,63.2167622364601,65.0299076965762,68.9009938071173,67.0834229575548,67.3466477847874,63.9125014087211,63.3955610676225,57.9378378710134,66.2628055904562,62.8584638146923,69.9706677915876,51.1472795252828,66.644745222457,68.1921011698701,51.1685527805194,65.5606062241159,60.2505973080983
60.2801942782814,66.8139701682178,66.9224080674905,56.0364327347032,65.9404844255422,65.7215116396667,68.7488433009801,63.8611260762862,59.0702447138837,56.1890065890428,68.3655202227658,46.7307318381693,62.7459487933744,50.5031648609806,63.2167650056644,65.0299076965762,68.9082386288712,67.0834229575548,67.3467142545659,63.9125014087211,63.3955610676225,57.9378465863973,66.2628055904562,62.8584659053476,69.9706677915876,51.1472795252828,66.6447513915131,68.1921011698701,51.1685527805194,65.5606062241159,60.2505973080983
60.2801942782814,66.8139701682178,66.9224080674905,56.0364353784407,65.9404844255422,65.7215139071621,68.7488433009801,63.8611260762862,59.0702447138837,56.1890065890428,68.3934588264319,46.7307318381693,62.7459487933744,50.5031648609806,63.2167802734896,65.0299168167004,68.9082386288712,67.0834229575548,67.3467142545659,63.9125014087211,63.3955616640422,57.9378465863973,66.262808186858,62.8584659053476,69.9706677915876,51.1472795300817,66.6447513915131,68.1921011698701,51.1685561853016,65.5606062241159,60.2505973080983
60.2801942782814,66.8139701682178,66.922515604772,56.0364353784407,65.9404974554147,65.7215139071621,68.7488433009801,63.8611260762862,59.0702447138837,56.1890065890428,68.4057614275291,46.7307318381693,62.7459487933744,50.5031685913221,63.2167802734896,65.0299168167004,68.9082386288712,67.0834229575548,67.3467142545659,63.9125014087211,63.3955616640422,57.9378542569021,66.262808186858,62.8584718051459,69.9706677915876,51.1472795300817,66.6447513915131,68.1921011698701,51.1685561853016,65.5606062241159,60.2505973080983
60.2801942782814,66.8139701682178,66.922515604772,56.0364368337019,65.9404974554147,65.7218366956114,68.7488433009801,63.8611260762862,59.0702456246386,56.1890463828774,68.4057614275291,46.730783940685,62.7459487933744,50.5031685913221,63.2167802734896,65.0299168167004,68.9170321080363,67.0834229575548,67.3467554287225,63.9125014087211,63.3955617688057,57.9378542569021,66.262808186858,62.8584718051459,69.9706677915876,51.1472795300817,66.6447556383118,68.1921011698701,51.1685561853016,65.5606062241159,60.254729522619
60.2801942782814,66.8139701682178,66.922515604772,56.0364368337019,65.9404999767974,65.7218366956114,68.7488800022289,63.8611260762862,59.0702456246386,56.1890463828774,68.4390239002882,46.730783940685,62.7459487933744,50.5031685913221,63.2167802734896,65.0299168167004,68.9170321080363,67.0834229575548,67.3467554287225,63.9605462614403,63.3955617688057,57.937854749202,66.2628088991088,62.8584718051459,69.9706677915876,51.1472795300817,66.6447556383118,68.1921011698701,51.1685561853016,65.5606062241159,60.254729522619
60.2801942782814,66.8139701682178,66.922515604772,56.0364418863092,65.9405056083878,65.7220697340678,68.7488800022289,63.8611436289957,59.0702456246386,56.1890463828774,68.4642907657299,46.730783940685,62.7459487933744,50.5031686092319,63.2167802734896,65.0299168167004,68.9170321080363,67.0834229575548,67.3467554287225,63.972074026173,63.3955617688057,57.9378616351892,66.2628088991088,62.8584718051459,69.9706677915876,51.1472795300817,66.6447556383118,68.1921011698701,51.1685640541312,65.5606062241159,60.254729522619
60.2801942782814,66.8139701682178,66.9225512027584,56.0364418863092,65.9405056083878,65.7222140720252,68.7488800022289,63.8611436289957,59.0702532456417,56.1890463828774,68.4642907657299,46.730783940685,62.7459487933744,50.5031686092319,63.2167802734896,65.02992195351,68.9170321080363,67.0834765368603,67.3468423392989,63.9757076950605,63.3955617688057,57.9378616351892,66.2628428222243,62.8584718051459,69.9706677915876,51.1472795300817,66.6447556383118,68.1921011698701,51.1685640541312,65.5606062241159,60.254729522619
60.2801942782814,66.8139701682178,66.9225512027584,56.0364439929051,65.9405084210351,65.7222140720252,68.7488800022289,63.8611436289957,59.0702532456417,56.1890463828774,68.4886716537042,46.730783940685,62.7459487933744,50.5031686092319,63.2167835017242,65.02992195351,68.9170321080363,67.0834765368603,67.3468442102554,63.9757800688351,63.3955623115118,57.9378616351892,66.262846751512,62.8584718051459,69.9706677915876,51.1472795300817,66.6447556383118,68.1921011698701,51.1685640541312,65.5606134988779,60.254729522619
60.2801942782814,66.8139701682178,66.9226050741945,56.0364439929051,65.9405084210351,65.7222140720252,68.7488800022289,63.8611436289957,59.0702545404003,56.1890463828774,68.5012625552648,46.730783940685,62.7459487933744,50.5031686092319,63.2167835017242,65.02992195351,68.9170321080363,67.0834765368603,67.3468442102554,63.9856884559465,63.3955623115118,57.9378616351892,66.262846751512,62.858488602465,69.9706677915876,51.1472795300817,66.6447556383118,68.1921011698701,51.1685640541312,65.5606134988779,60.254729522619
60.2801942782814,66.8139701682178,66.9226050741945,56.0364439929051,65.9405084210351,65.7225286050642,68.7488800022289,63.8611436289957,59.0702546441322,56.1890463828774,68.5012625552648,46.730783940685,62.7459720385109,50.5031686092319,63.2167836016357,65.02992195351,68.9534706445492,67.0834765368603,67.3468442102554,64.0004240060586,63.3955626285898,57.9378616351892,66.2628659340125,62.858488602465,69.9707223112989,51.1472795300817,66.6447556383118,68.1921011698701,51.1685669144209,65.5606134988779,60.2555589452849
60.2801942782814,66.8139701682178,66.9226050741945,56.0364439929051,65.9405084210351,65.7225286050642,68.7488800022289,63.8611436289957,59.0702546441322,56.1890463828774,68.5023232071279,46.730783940685,62.7459720385109,50.5031686092319,63.2167955451922,65.0299227894383,68.9534706445492,67.0835148941355,67.3469606853595,64.113197750734,63.3955626285898,57.9378616351892,66.2628659340125,62.858488602465,69.9707223112989,51.1472795300817,66.6447556383118,68.1921011698701,51.1685669144209,65.5606170656692,60.2555589452849
60.2801942782814,66.8139701682178,66.9226050741945,56.0364454327268,65.9405084210351,65.7226770553764,68.7488800022289,63.8611436289957,59.07025475111,56.1890463828774,68.5023232071279,46.730783940685,62.7459720385109,50.5031686092319,63.2167955451922,65.0299227894383,68.9534706445492,67.0835148941355,67.3469606853595,64.2749482642957,63.3955679522156,57.9378616351892,66.262888346055,62.858488602465,69.9707223112989,51.1472795300817,66.6447556383118,68.1921011698701,51.1685669144209,65.5606170656692,60.2555589452849
60.2801942782814,66.8139701682178,66.9226050741945,56.0364454327268,65.9405084210351,65.7226770553764,68.7488800022289,63.8611436289957,59.07025475111,56.1890463828774,68.5023232071279,46.730783940685,62.7459720385109,50.5031687370858,63.2167955451922,65.0299227894383,68.9534706445492,67.0835148941355,67.3471329463247,64.4080825574239,63.3955679522156,57.9378616351892,66.2628972011249,62.858488602465,69.970759374978,51.1472795300817,66.6447637689467,68.1921011698701,51.1685669144209,65.5606191120613,60.2555589452849
60.2801942782814,66.8139701682178,66.9226050741945,56.0364454327268,65.9405084210351,65.7226770553764,68.7488800022289,63.8611436289957,59.0702599441239,56.1890463828774,68.5167154250845,46.730783940685,62.7459720385109,50.5031687370858,63.2167955451922,65.0299227894383,68.9534706445492,67.0835148941355,67.3471329463247,64.5137077884232,63.3955685735019,57.9378616351892,66.2628972011249,62.858488602465,69.9707788673952,51.1472795300817,66.6447637689467,68.1921011698701,51.16857354824,65.5606199653327,60.2555589452849
60.2801942782814,66.8139701682178,66.9226050741945,56.0364493267232,65.9405084210351,65.7227188758976,68.7488800022289,63.8611436289957,59.0702599441239,56.1890463828774,68.5167154250845,46.7308162392623,62.7459720385109,50.5031687370858,63.2167955451922,65.0299227894383,68.9534706445492,67.0835535933847,67.3471329463247,64.5498473613249,63.3955685735019,57.9378616351892,66.262908555302,62.8584916779615,69.9707788673952,51.1472795300817,66.6447637689467,68.1921500347548,51.16857354824,65.5606199653327,60.2555659691566
60.2801942782814,66.8139701682178,66.9226050741945,56.0364494550791,65.940513195693,65.7227188758976,68.7488800022289,63.8611825033702,59.0702634463812,56.1890463828774,68.5167154250845,46.7308162392623,62.7459720385109,50.5031693794404,63.2167955451922,65.0299227894383,68.9534706445492,67.0835535933847,67.347299513388,64.5513345985288,63.3955685735019,57.9378616351892,66.2629266194953,62.8584964086248,69.9707788673952,51.1472795300817,66.6447637689467,68.1921500347548,51.1686278518488,65.5606210105895,60.2555659691566
60.2801942782814,66.8139701682178,66.9226318540774,56.0364494550791,65.940513195693,65.7227188758976,68.7488800022289,63.8611825033702,59.0702634463812,56.1890463828774,68.5167154250845,46.7308162392623,62.7459720385109,50.5031693794404,63.2167955451922,65.0299227894383,68.9534706445492,67.0835535933847,67.3476024638517,64.6857496911314,63.3955685735019,57.9378616351892,66.2629266194953,62.8584964086248,69.9707788673952,51.1472795304122,66.6447637689467,68.1921500347548,51.1686278518488,65.5606210105895,60.2555659691566
60.2801942782814,66.8139701682178,66.9226318540774,56.0364505045347,65.940513195693,65.7227188758976,68.7488800022289,63.8611825033702,59.0702634463812,56.1890463828774,68.5167154250845,46.7308162392623,62.7459720385109,50.5031693794404,63.2167955451922,65.0299227894383,68.9534706445492,67.0835535933847,67.3476024638517,64.8714914284558,63.3955685735019,57.9378616351892,66.2629304219532,62.8584964086248,69.9707788673952,51.1472795304122,66.6447637689467,68.1921500347548,51.168633240192,65.5606210105895,60.2555659691566
60.2801942782814,66.8139701682178,66.9226394512837,56.0364505045347,65.940518257761,65.7227188758976,68.7488800022289,63.8612519017665,59.0702636280264,56.1890463828774,68.5167154250845,46.7308162392623,62.7459720385109,50.5031693794404,63.2167955451922,65.0299227894383,68.9534706445492,67.0835535933847,67.3477029899248,64.8783135731974,63.3955691028674,57.9378637618574,66.2629304219532,62.8584964086248,69.9707788673952,51.1472795304122,66.6447637689467,68.1921500347548,51.168633240192,65.5606210105895,60.2566290710923
60.2801942782814,66.8139701682178,66.9226394512837,56.0364505045347,65.940518257761,65.7227239337102,68.7488800022289,63.8612913649463,59.0702636280264,56.1890463828774,68.5167154250845,46.730881645093,62.7459720385109,50.5031693794404,63.2167955451922,65.0299227894383,68.9534706445492,67.0835535933847,67.3479776255649,64.8783135731974,63.3955691028674,57.9378637618574,66.2629362825809,62.8584964086248,69.9708117403427,51.1472795313415,66.6447637689467,68.1921500347548,51.1686994460449,65.5606484541248,60.2566290710923
60.2801942782814,66.8139701682178,66.9226394512837,56.0364505045347,65.9405199053184,65.7227950549394,68.7488800022289,63.8612913649463,59.0702636280264,56.1890463828774,68.5167154250845,46.730881645093,62.7459720385109,50.5031712845049,63.2167955451922,65.0299227894383,68.9578138058254,67.0835535933847,67.3479776255649,64.8783135731974,63.3955714338021,57.9378637618574,66.2629373779578,62.8584964086248,69.9708117403427,51.1472795313415,66.6447637689467,68.1921500347548,51.1686994460449,65.5606484541248,60.2566290710923
60.2801942782814,66.8139701682178,66.9226394512837,56.036450638726,65.940520108211,65.7227950549394,68.7488800022289,63.861319271762,59.0702636280264,56.1890463828774,68.5167154250845,46.730881645093,62.7459720385109,50.5031712845049,63.2167955451922,65.0299227894383,68.9578138058254,67.0835535933847,67.3480286924443,64.9290536205879,63.3955714338021,57.9378637618574,66.2629373779578,62.8584964086248,69.9708473447951,51.1472795313415,66.6447637689467,68.1921500347548,51.1687024278193,65.5606854821358,60.2566290710923
60.2801942782814,66.8139701682178,66.9226401189498,56.036450638726,65.940520108211,65.7228692788077,68.7488800022289,63.861319271762,59.0702636280264,56.1890463828774,68.5167154250845,46.730881645093,62.7459720385109,50.5031712845049,63.2167955451922,65.0299227894383,68.9578138058254,67.0835535933847,67.3480286924443,64.9290536205879,63.3955735174307,57.9378637618574,66.2629486454577,62.8584964086248,69.9708473447951,51.1472795313415,66.6447637689467,68.1921500347548,51.1687024278193,65.5606854821358,60.2574284986464
60.2801942782814,66.8139701682178,66.9226401189498,56.0364528316172,65.940520108211,65.7228692788077,68.7488800022289,63.861319271762,59.0702636280264,56.1890463828774,68.5167154250845,46.730881645093,62.7459720385109,50.5031743237096,63.2167962544913,65.0299227894383,68.9578138058254,67.0835535933847,67.3480286924443,64.9290536205879,63.3955735174307,57.9378637618574,66.2629515069541,62.8584964086248,69.9708473447951,51.1472795313415,66.6447637689467,68.1921500347548,51.1687687847063,65.5606854821358,60.2574284986464
60.2801942782814,66.8139701682178,66.9226401189498,56.0364528316172,65.9405208536955,65.7228692788077,68.7488800022289,63.861319271762,59.0702636280264,56.1890463828774,68.5232249478057,46.730881645093,62.7459720385109,50.5031743237096,63.2167962544913,65.0299227894383,68.9578138058254,67.0835535933847,67.3480730530887,64.936187587892,63.3955744177681,57.9378637618574,66.2629515069541,62.8584964086248,69.9708473447951,51.1472795313415,66.6447637689467,68.1921500347548,51.1687687847063,65.5607066821455,60.2574284986464
60.2801942782814,66.8139701682178,66.9226401189498,56.0364528316172,65.9405208536955,65.7228692788077,68.7488800022289,63.861319271762,59.0702636280264,56.1890463828774,68.5232249478057,46.730881645093,62.7459720385109,50.5031751557444,63.2167962590968,65.0299231187933,68.9578138058254,67.0835535933847,67.3481055243877,64.936187587892,63.3955744177681,57.9378637618574,66.2629515069541,62.8584964086248,69.9708473447951,51.1472795313415,66.6447637689467,68.1921537073371,51.1688043904989,65.5607066821455,60.2602855239552
60.2801942782814,66.8139701682178,66.9226405579284,56.0364528316172,65.9405208536955,65.7228692788077,68.7488800022289,63.8613391663101,59.0702652027479,56.1890463828774,68.5232249478057,46.730881645093,62.7459720385109,50.5031751557444,63.2167962590968,65.0299231187933,68.9578138058254,67.0835535933847,67.3481055243877,64.9363496277966,63.3955747310296,57.9378637618574,66.2629515069541,62.8584964086248,69.9708473447951,51.1472795313415,66.6447637689467,68.1921537073371,51.1688043904989,65.5607636945774,60.2602855239552
60.2801942782814,66.8139701682178,66.9226405579284,56.0364550842863,65.9405208536955,65.7228692788077,68.7488800022289,63.8613391663101,59.0702652027479,56.1890463828774,68.5232249478057,46.7308959785798,62.7459720385109,50.503179150671,63.2167962590968,65.0299231187933,68.9578138058254,67.0835535933847,67.3482287647313,64.9370579186511,63.3955747310296,57.9378637618574,66.2629515069541,62.8584964086248,69.9708484101981,51.1472795313415,66.6447637689467,68.1921537073371,51.168836306457,65.5607720676928,60.2602855239552
60.2801942782814,66.8139701682178,66.9226405579284,56.0364550842863,65.9405208536955,65.7229931120883,68.7488800022289,63.8613665395862,59.0702652027479,56.1890463828774,68.5247164207825,46.7308959785798,62.7459720385109,50.503179150671,63.2167968933691,65.0299231187933,68.9578138058254,67.0835535933847,67.3482287647313,64.9370579186511,63.3955747737932,57.9378637618574,66.2629515069541,62.8584964086248,69.9708484101981,51.1472795313415,66.6447637689467,68.1921594165308,51.168836306457,65.5607720676928,60.2602855239552
60.2801942782814,66.8139701682178,66.9226405579284,56.0364550842863,65.9405208536955,65.7229931120883,68.7488800022289,63.8613686052539,59.0702652027479,56.1890463828774,68.5247164207825,46.7308959785798,62.7459720385109,50.5031801146994,63.2167968933691,65.0299231187933,68.9578138058254,67.0835535933847,67.348316749348,64.9436996662835,63.3955747737932,57.9378637618574,66.2629515069541,62.8584964086248,69.9708484101981,51.1472795313415,66.6447637689467,68.1921594165308,51.168836306457,65.5608247809205,60.2602855239552
60.2801942782814,66.8139701682178,66.9226405579284,56.0364550842863,65.9405208536955,65.7229931120883,68.7488800022289,63.8613686052539,59.0702652027479,56.1890463828774,68.5247164207825,46.7308959785798,62.7459889978015,50.5031801146994,63.2167968933691,65.0299231187933,68.9578138058254,67.083606314781,67.3483818072701,64.9458601384621,63.3955747737932,57.9378671626261,66.2629515069541,62.8584964086248,69.9708484101981,51.1472795313415,66.6447637689467,68.1921646712173,51.168836306457,65.5608247809205,60.2602855239552
60.2801942782814,66.8139701682178,66.9226405579284,56.0364550842863,65.9405217307509,65.7229931120883,68.7488800022289,63.8613686052539,59.0702652027479,56.1890463828774,68.5253808775566,46.7309060289942,62.7459889978015,50.5031801146994,63.2167986996653,65.0299231187933,68.9578138058254,67.083606314781,67.3483818072701,64.9458601384621,63.3955747737932,57.9378671626261,66.2629515069541,62.8584964086248,69.9708484101981,51.1472795313415,66.6447637689467,68.1921657015846,51.168836306457,65.5608247809205,60.2602855239552
60.2801942782814,66.8139701682178,66.9226533346095,56.0364550842863,65.9405217307509,65.7229931120883,68.7488800022289,63.8613821155728,59.070265832526,56.1890463828774,68.5253808775566,46.7309060289942,62.7459889978015,50.5031801146994,63.2167986996653,65.0299231187933,68.9578138058254,67.0836411205675,67.3483818072701,64.9483011688059,63.3955779154916,57.9378671626261,66.2629515069541,62.8584964086248,69.9708639644985,51.1472795313415,66.6447637689467,68.1921657015846,51.168836306457,65.5608247809205,60.2602855239552
60.2801942782814,66.8139701682178,66.9226533346095,56.0364550842863,65.9405217307509,65.7229931120883,68.7488800022289,63.8613821155728,59.070265832526,56.1890463828774,68.5274561035347,46.7310205521182,62.7459889978015,50.5031801146994,63.2167986996653,65.0299231187933,68.9588975235382,67.0836411205675,67.3483818072701,64.9483011688059,63.3955779154916,57.9378772802497,66.2629556316416,62.8584964086248,69.9708682546246,51.1472795313415,66.6447650830517,68.1921657015846,51.168836306457,65.5608247809205,60.2602855239552
60.2801942782814,66.8139701682178,66.9226533346095,56.0364550842863,65.9405217307509,65.7231812035323,68.7488800022289,63.8614098620271,59.0702704849074,56.1890463828774,68.5288121136893,46.7310767436299,62.7459889978015,50.5031801146994,63.2167986996653,65.0299231187933,68.9588975235382,67.0839491865927,67.3483818072701,64.9484692952842,63.39558062619,57.9378772802497,66.262955884923,62.8584964086248,69.9708682546246,51.1472795313415,66.6447650830517,68.1921657015846,51.1688474659242,65.5608247809205,60.2602855239552
60.2802820898928,66.8139701682178,66.9226533346095,56.0364550842863,65.9405217307509,65.7231812035323,68.7488800022289,63.8614167777671,59.0702719172441,56.1890463828774,68.5288121136893,46.7310767436299,62.7459889978015,50.5031801146994,63.2167986996653,65.0299231187933,68.9589490575319,67.0839491865927,67.3483917577216,64.953420162829,63.39558062619,57.9378794659982,66.262955884923,62.8584964086248,69.9709230215608,51.1472795313415,66.6447650830517,68.1921657015846,51.1688474659242,65.5608247809205,60.2602855239552
60.2802820898928,66.8139701682178,66.9226533346095,56.0364550842863,65.9405217307509,65.7231812035323,68.7488800022289,63.8614167777671,59.0702719172441,56.1890463828774,68.5288121136893,46.7310767436299,62.7459889978015,50.5031801146994,63.2167986996653,65.0299348281727,68.9589490575319,67.0839882429914,67.3483917577216,64.9544778603009,63.3955822200944,57.9378794659982,66.262955884923,62.8584964086248,69.9709230215608,51.1472795313415,66.6447650830517,68.1921657015846,51.168912144901,65.5608247809205,60.2606118417735
60.2802820898928,66.8139701682178,66.9226533346095,56.0364555112758,65.9405217307509,65.7231812035323,68.7488800022289,63.8614212733129,59.070274047026,56.1890463828774,68.5288121136893,46.7310767436299,62.7459889978015,50.5031801146994,63.2167986996653,65.0299348281727,68.9603739137005,67.0839882429914,67.3484134901613,64.9566864863323,63.3955822200944,57.9378882670787,66.2629565711312,62.8584964086248,69.9709930987283,51.1472795313415,66.6447650830517,68.1921657015846,51.1689714907458,65.5608247809205,60.2606118417735
60.2802820898928,66.8139701682178,66.9226535715603,56.0364555112758,65.9405219748399,65.7231812035323,68.7488800022289,63.8614239171692,59.0702740844966,56.1890463828774,68.5288121136893,46.7310767436299,62.7459889978015,50.5031801146994,63.2167986996653,65.0299348281727,68.9603739137005,67.0839882429914,67.348435696339,64.9597859395844,63.3955831629752,57.9378900268342,66.2629565711312,62.8584964086248,69.971060784571,51.1472795313415,66.6447650830517,68.1921657015846,51.1689714907458,65.5608247809205,60.2608702030198
60.2802820898928,66.8139701682178,66.9226535715603,56.0364555112758,65.9405219748399,65.7231812035323,68.7488800022289,63.8614239171692,59.0702740844966,56.1890463828774,68.5288121136893,46.7310767436299,62.7459889978015,50.5031801146994,63.2167986996653,65.0299408882354,68.9678619900039,67.0839882429914,67.348435696339,64.95994216402,63.3955831629752,57.9378900268342,66.2629565711312,62.8584964086248,69.971060784571,51.1472795313415,66.6447650830517,68.1921660916419,51.1689714907458,65.5608247809205,60.2615028126482
60.2802820898928,66.8139701682178,66.9226535715603,56.0364555829115,65.9405236807376,65.7231812035323,68.7488800022289,63.8614239171692,59.0702740844966,56.1890463828774,68.5288121136893,46.7310767436299,62.7459889978015,50.5031801146994,63.2167988075824,65.0299408882354,68.9678619900039,67.0839882429914,67.3484496685946,64.9608702363443,63.3955831629752,57.9378900268342,66.2629565711312,62.8584964086248,69.971060784571,51.1472795313415,66.6447650830517,68.1921660916419,51.1690018822911,65.5608247809205,60.2615028126482
60.2802820898928,66.8144451653217,66.9226535715603,56.0364555829115,65.9405236807376,65.7231812035323,68.7488800022289,63.8614239171692,59.0702740844966,56.1890463828774,68.5288121136893,46.7310767436299,62.7459924780849,50.5031801146994,63.2167988075824,65.0299477267304,68.9678619900039,67.0839882429914,67.348487321375,64.962211836459,63.395583728383,57.9378905963975,66.2629565711312,62.8584964086248,69.971060784571,51.1472795313415,66.6447650830517,68.1921660916419,51.1690018822911,65.5608247809205,60.2615028126482
60.2802820898928,66.8144451653217,66.9226535715603,56.0364555829115,65.9405244098414,65.7231968902117,68.7488800022289,63.8614239171692,59.0702740844966,56.1890463828774,68.5288121136893,46.7310767436299,62.7459924780849,50.5031801146994,63.2167988075824,65.0299512570404,68.9678619900039,67.0839882429914,67.348487321375,64.9633294340127,63.395583728383,57.9378905963975,66.2629565711312,62.8584964086248,69.971060784571,51.1472795313415,66.6447650830517,68.1921664342348,51.1690018822911,65.5608247809205,60.2615028126482
60.2802820898928,66.8157791358129,66.9226535715603,56.0364555829115,65.9405244733724,65.7231968902117,68.7488800022289,63.8614419741819,59.0702740844966,56.1893185159816,68.5288121136893,46.7311498881654,62.7459924780849,50.5031801146994,63.2167988075824,65.0299512570404,68.9682335127295,67.0840153368525,67.348539116807,64.9637742198861,63.3955840738707,57.9378922171416,66.2629565711312,62.8584964086248,69.971060784571,51.1472795313415,66.6447650830517,68.1921664342348,51.1690018822911,65.5608370605121,60.2615028126482
60.2802820898928,66.8157791358129,66.9226537255421,56.0364555829115,65.9405244733724,65.7231968902117,68.7489840827432,63.8614419741819,59.0702740844966,56.1893185159816,68.5288121136893,46.7311498881654,62.7459924780849,50.5031805791536,63.2167988075824,65.0299611074283,68.9682335127295,67.0840153368525,67.348561795564,64.963915688156,63.3955840738707,57.9378922171416,66.2629565711312,62.8584964086248,69.971060784571,51.1472795313415,66.6447650830517,68.1921665857737,51.1690297147778,65.5608370605121,60.2615028126482
60.2802820898928,66.8157791358129,66.9226537255421,56.0364555829115,65.9405244733724,65.7232189489405,68.7489840827432,63.8614517274152,59.0702740844966,56.1893185159816,68.5288121136893,46.7311498881654,62.7459924780849,50.5031805791536,63.2167988075824,65.0299722729684,68.9682335127295,67.0840153368525,67.348561795564,64.9643720458572,63.3955840738707,57.9378922171416,66.2629565711312,62.8584964086248,69.971060784571,51.1472795313415,66.6447650830517,68.1921666437332,51.1690297147778,65.5608370605121,60.2615028126482
60.2803847449896,66.8157791358129,66.9226573017565,56.0364559958678,65.9405245407075,65.7232189489405,68.7489840827432,63.8614517274152,59.0702740844966,56.1893185159816,68.5294507104481,46.7311498881654,62.7459924780849,50.5031895882585,63.2167988075824,65.0299722729684,68.9682335127295,67.0840153368525,67.3485687086475,64.9648394677814,63.3955847554068,57.9378922171416,66.2629565711312,62.8584996240709,69.9710632776221,51.1472795313415,66.6447650830517,68.1921666437332,51.1690297147778,65.5608370605121,60.2615028126482
60.2803847449896,66.8157791358129,66.9226573017565,56.0364559958678,65.9405245407075,65.7232189489405,68.7489840827432,63.8614517274152,59.0702740844966,56.1893185159816,68.5294507104481,46.7311498881654,62.7460275506778,50.5031895882585,63.2167988075824,65.0299818230364,68.9682335127295,67.0841353543813,67.3485687086475,64.9649564417909,63.3955847554068,57.9378954329063,66.2629565711312,62.8584996240709,69.9710632776221,51.1472795313415,66.6447650830517,68.1921666579584,51.1690321843169,65.5608370605121,60.2615028126482
60.2803847449896,66.8157791358129,66.9226591027611,56.036457016382,65.9405246250399,65.7232189489405,68.7489840827432,63.8614790122801,59.0702740844966,56.1893185159816,68.530039054864,46.7311498881654,62.7460275506778,50.5031895882585,63.2167988075824,65.0299818230364,68.9682335127295,67.0841353543813,67.3485687086475,64.9650335049153,63.3955847554068,57.9378954329063,66.2629565711312,62.8584996240709,69.9710632776221,51.1472795313415,66.6447650830517,68.1921768217655,51.1690321843169,65.5608370605121,60.2615028126482
60.2803847449896,66.8157791358129,66.9226591027611,56.036457016382,65.9405246250399,65.7232189489405,68.7489840827432,63.8614848955966,59.0702740844966,56.1893185159816,68.5306274087313,46.7311498881654,62.7460275506778,50.5031915876338,63.2167988075824,65.0299827609557,68.9682335127295,67.0841775487336,67.348633569766,64.9651206158406,63.3955847554068,57.9378959904779,66.2629565711312,62.8584996240709,69.9710632776221,51.1472795313415,66.6447650830517,68.1921768217655,51.1690321843169,65.5608382080318,60.2615028126482
60.2803847449896,66.8157791358129,66.9226622983224,56.036457016382,65.9405249897652,65.7232189489405,68.7489840827432,63.8614848955966,59.0702740844966,56.1893185159816,68.5306274087313,46.7311498881654,62.7460275506778,50.5031915876338,63.2167988075824,65.0299883203921,68.9693358471107,67.0841775487336,67.3486579018191,64.9651451261011,63.3955847554068,57.9378959904779,66.2629565711312,62.8584996240709,69.9710632776221,51.1472795313415,66.6447650830517,68.1921870121705,51.1690321843169,65.5608382080318,60.2615028126482
60.2803847449896,66.8157791358129,66.9226622983224,56.0364571867957,65.9405249897652,65.7232479479759,68.7489840827432,63.8614848955966,59.0702740844966,56.1893185159816,68.5308306146016,46.7311498881654,62.7460275506778,50.5031915876338,63.2167988805145,65.0299883203921,68.9693358471107,67.0841775487336,67.3486579018191,64.9652472529035,63.3955847554068,57.9378959904779,66.2629596692541,62.8584996240709,69.9710632776221,51.1472795313415,66.6447650830517,68.1921870121705,51.1690321843169,65.5608382080318,60.2615028126482
60.2803847449896,66.8157791358129,66.9226661474938,56.0364571867957,65.9405249897652,65.7232479479759,68.7491125774983,63.8614848955966,59.0702740844966,56.1893185159816,68.5308306146016,46.7311498881654,62.7460275506778,50.5031915876338,63.2167988805145,65.029990156944,68.9774372970663,67.0841775487336,67.3486579018191,64.9657225493023,63.3955847554068,57.9378959904779,66.2629596692541,62.8584996240709,69.9710778512599,51.1472795313415,66.6447650830517,68.1921933783743,51.1690321843169,65.5608403234965,60.2615028126482
60.2803847449896,66.8157791358129,66.9226661474938,56.0364571867957,65.9405249897652,65.7232479479759,68.7491125774983,63.8614848955966,59.0702740844966,56.1893185159816,68.5308306146016,46.7311498881654,62.7460425911816,50.5031915876338,63.2167988805145,65.029990156944,68.9774372970663,67.0841775487336,67.3486579018191,64.9658881327052,63.3955847554068,57.9378959904779,66.2629596692541,62.8584996240709,69.9710778512599,51.1472795313415,66.6447650830517,68.1921933783743,51.1690321843169,65.5608423270284,60.2615028126482
60.2804066781358,66.8157791358129,66.9226707666887,56.0364571867957,65.9405249897652,65.7232480306829,68.7491125774983,63.8614998662569,59.0702740844966,56.1893185159816,68.5308306146016,46.7311805136751,62.7460425911816,50.5031932324826,63.2167989386287,65.029991136906,68.9774372970663,67.0842063447806,67.3486579018191,64.9659088366656,63.3955847554068,57.9378964087458,66.2629596692541,62.8584996240709,69.9710995537127,51.1472795313415,66.6447650830517,68.1921933783743,51.1690321843169,65.5608423270284,60.2615028126482
60.2804066781358,66.8157791358129,66.9226707666887,56.0364571867957,65.9405265895832,65.7232480306829,68.7491125774983,63.8614998662569,59.0702740844966,56.1893185159816,68.5313121432818,46.7311805136751,62.7460498879146,50.5031932324826,63.2167989386287,65.029991136906,68.9774372970663,67.0843548997613,67.3487086481724,64.9659088366656,63.3955847554068,57.9378964087458,66.2629596692541,62.8584996240709,69.9710995537127,51.1472795313415,66.6447650830517,68.1921933783743,51.1690321843169,65.5608423270284,60.2615028126482
60.2804066781358,66.8157791358129,66.9226707666887,56.0364572616612,65.9405265895832,65.7232480306829,68.7491125774983,63.8615266149607,59.0702740844966,56.1893185159816,68.5313121432818,46.7311805136751,62.7460498879146,50.5031932324826,63.2167994522315,65.029991136906,68.9774372970663,67.0843548997613,67.3487086481724,64.9659089540442,63.3955852012694,57.9378964087458,66.2629596692541,62.8584996240709,69.9710995537127,51.1472795313415,66.6447650830517,68.1921933783743,51.1690321843169,65.5608430769932,60.2615028126482
60.2804066781358,66.8157791358129,66.9226738853315,56.0364572616612,65.9405265895832,65.7232556643602,68.7491125774983,63.8615266149607,59.0702740844966,56.1893185159816,68.5313734274462,46.7311805136751,62.7460498879146,50.5031932324826,63.2167994522315,65.0299952762757,68.9774372970663,67.0843548997613,67.3487190219019,64.9659108981173,63.3955852012694,57.9378964087458,66.2629596692541,62.8584996240709,69.9711025642516,51.1472795313415,66.6447650830517,68.1921933783743,51.1690321843169,65.5608430769932,60.2615028126482
60.2804066781358,66.8157791358129,66.9226738853315,56.0364572616612,65.9405265895832,65.7232556643602,68.7491125774983,63.8615363665532,59.0702740844966,56.1893185159816,68.5313734274462,46.7311805136751,62.7460498879146,50.5031932324826,63.2168009882455,65.0299972847136,68.9774372970663,67.0843707119373,67.3487643677547,64.9659172860078,63.3955852593547,57.9378964087458,66.2629596692541,62.8584996240709,69.9711057393702,51.1472795313415,66.6447650830517,68.1921933783743,51.1690321843169,65.5608581602518,60.2615028126482
60.2804066781358,66.8157791358129,66.9226760052441,56.0364572616612,65.9405269877848,65.723259156091,68.7491125774983,63.8615567847729,59.0702740844966,56.1893185159816,68.5313734274462,46.7311805136751,62.7460498879146,50.5031932324826,63.2168009882455,65.0299972847136,68.9774372970663,67.0843707119373,67.3487643677547,64.9659172860078,63.3955852593547,57.9378964087458,66.262959810694,62.8584996240709,69.9711057393702,51.1472795313415,66.6447650830517,68.1921933783743,51.1690321843169,65.5608581602518,60.2615028126482
60.2804066781358,66.8157791358129,66.9226760052441,56.0364572616612,65.9405269877848,65.7232598376236,68.7491125774983,63.8615567847729,59.0702740844966,56.1893185159816,68.5313734274462,46.731190700476,62.7460518002896,50.5031932324826,63.2168009882455,65.0299972847136,68.9787260391206,67.0843707119373,67.348858024838,64.9736179860696,63.3955889334488,57.9378964087458,66.262959810694,62.8584996240709,69.9711057393702,51.1472795313415,66.6447650830517,68.1921933783743,51.1690321843169,65.5608581602518,60.2615028126482
60.2804066781358,66.8157791358129,66.9226774599366,56.03645789298,65.9405269877848,65.7232598376236,68.7491125774983,63.8615731978608,59.0702740844966,56.1893185159816,68.5315072830391,46.731190700476,62.7460518002896,50.5031932324826,63.2168013694875,65.0299972847136,68.9787260391206,67.0844522881975,67.348858024838,64.9736179860696,63.3955889334488,57.9378976135001,66.262959810694,62.8584996240709,69.9711057393702,51.1472795314044,66.6447650830517,68.1921933783743,51.1690321843169,65.5608659668423,60.2615028126482
60.2804066781358,66.8157791358129,66.9226774599366,56.03645789298,65.9405269877848,65.7232598376236,68.7491125774983,63.8615883707852,59.0702740844966,56.1893185159816,68.5315072830391,46.731190700476,62.7460518002896,50.5031932324826,63.2168013694875,65.0299972847136,68.9787260391206,67.0844522881975,67.348858024838,64.9750818382828,63.3955902151923,57.9378976135001,66.2629606323584,62.8584996240709,69.9711057393702,51.1472795314044,66.6447651043988,68.1921933783743,51.1690321843169,65.5608659668423,60.2615028126482
60.2804066781358,66.8157791358129,66.922678468515,56.03645789298,65.9405269877848,65.7232598376236,68.7491125774983,63.8615883707852,59.0702740844966,56.1893185159816,68.5316478983264,46.731190700476,62.7460518002896,50.5031932324826,63.2168014368586,65.0299972847136,68.9791073640693,67.0844677401851,67.348858024838,64.9750818382828,63.3955902151923,57.9378992331073,66.2629606323584,62.8584996240709,69.9711057393702,51.1472795314044,66.6447651043988,68.1921933783743,51.1690321843169,65.5608659668423,60.2615028126482
60.2804066781358,66.8157791358129,66.922678468515,56.03645789298,65.9405269877848,65.7232914403659,68.7491125774983,63.8615912102818,59.0702740844966,56.1893185159816,68.5316478983264,46.731190700476,62.7460518002896,50.5031932324826,63.2168015264538,65.0299972847136,68.9791073640693,67.0845209050312,67.3488657248228,64.977090012949,63.3955929934531,57.9378992331073,66.2629617006335,62.8584996240709,69.9711057393702,51.1472795314044,66.6447651043988,68.1921933783743,51.1690321843169,65.5608659668423,60.2615028126482
60.2804066781358,66.8157791358129,66.9226791747787,56.03645789298,65.9405269877848,65.7233071066623,68.7491125774983,63.8615999067113,59.0702740844966,56.1893185159816,68.5326145184633,46.7312128048724,62.7460518002896,50.5031932324826,63.2168015264538,65.0299972847136,68.98007130315,67.0845209050312,67.3488657248228,64.977090012949,63.3955929934531,57.9378992331073,66.2629623964097,62.8584996240709,69.9711057393702,51.1472795314249,66.6447653319674,68.1921933783743,51.1690321843169,65.5608659668423,60.2615028126482
60.2804066781358,66.8157791358129,66.9226791747787,56.03645789298,65.9405269877848,65.7233071066623,68.7491125774983,63.8615999067113,59.0702740844966,56.1893185159816,68.5326145184633,46.7312128048724,62.7460518002896,50.5031932324826,63.2168015264538,65.0299972847136,68.98007130315,67.0845209050312,67.3488657248228,64.9774209221591,63.3955957006143,57.9378992331073,66.2629623964097,62.8584996240709,69.9711057393702,51.1472795314249,66.6447653319674,68.1921933783743,51.1690321843169,65.5608659668423,60.2615028126482
60.2804066781358,66.8157791358129,66.922679673733,56.03645789298,65.9405269877848,65.7233339284497,68.7491125774983,63.8616053804655,59.0702740844966,56.1894342994171,68.53347559597,46.7312269253308,62.7460518002896,50.5031932324826,63.2168015278719,65.0299972847136,68.98007130315,67.0845871233719,67.3488880195913,64.9774209221591,63.3955957006143,57.9378992331073,66.2629628594953,62.8584996240709,69.9711057393702,51.1472795314249,66.6447655078541,68.1921933783743,51.1690321843169,65.5608659668423,60.2615028126482
60.2804066781358,66.8157791358129,66.922679673733,56.0364581574815,65.9405269877848,65.7233506868279,68.7491125774983,63.8616053804655,59.0702740844966,56.1894342994171,68.53347559597,46.7312269253308,62.7460518002896,50.5031932324826,63.2168015278719,65.0299972847136,68.98007130315,67.0845871233719,67.3488880195913,64.9774209221591,63.3955957006143,57.9378992331073,66.2629638827904,62.8584996240709,69.9711057393702,51.1472795314249,66.644765565657,68.1921933783743,51.1690321843169,65.5608659668423,60.2615028126482
60.2804066781358,66.8157791358129,66.9226800288577,56.0364581745686,65.9405269877848,65.7233506868279,68.7491125774983,63.8616088529748,59.0702740844966,56.1894342994171,68.5351102723698,46.7312648123725,62.7460518002896,50.5031932324826,63.2168015278719,65.0299975291896,68.98007130315,67.0845871233719,67.3488880195913,64.9775182045948,63.3955957006143,57.9378992331073,66.2629638827904,62.8584996240709,69.9711057393702,51.1472795314249,66.644765565657,68.1921933783743,51.1690321843169,65.5608667160326,60.2615028126482
60.2804066781358,66.8157791358129,66.9226800288577,56.0364581745686,65.9405269877848,65.7233771544006,68.7491125774983,63.8616088529748,59.0702740844966,56.1894342994171,68.5351102723698,46.7312648123725,62.7460518002896,50.5031932324826,63.2168015278719,65.0299975291896,68.98007130315,67.0845871233719,67.3488880195913,64.9775182045948,63.3955989634089,57.9378992331073,66.2629654655792,62.8584996240709,69.9711057393702,51.1472795314249,66.6447661341794,68.1921933783743,51.1690321843169,65.5608667160326,60.2615028126482
60.2804066781358,66.8157791358129,66.9226802831373,56.0364582100844,65.9405269877848,65.7233943614019,68.7491125774983,63.8616147209612,59.0702740844966,56.1894342994171,68.536392735763,46.7312877014347,62.7460518002896,50.5031932324826,63.2168015278719,65.0299975291896,68.98007130315,67.0845871233719,67.3488880195913,64.9779214177474,63.3955989634089,57.9378992331073,66.2629660432743,62.8584996240709,69.9711057393702,51.1472795314249,66.6447661341794,68.1921933783743,51.1690321843169,65.5608667160326,60.2615028126482
60.2804066781358,66.8157791358129,66.9226802831373,56.0364582100844,65.9405269877848,65.7233943614019,68.7491125774983,63.8616147209612,59.0702740844966,56.1894342994171,68.536392735763,46.7312877014347,62.7460518002896,50.5031932324826,63.2168015278719,65.0299975291896,68.98007130315,67.0845871233719,67.3488884046306,64.9779214177474,63.3956038283313,57.9378992331073,66.2629660432743,62.8584996240709,69.9711057393702,51.1472795314416,66.6447661341794,68.1921933783743,51.1690321843169,65.5608667160326,60.2615028126482
60.2804066781358,66.8157791358129,66.9226804660716,56.0364582100844,65.9405269877848,65.7234425624292,68.7491125774983,63.8616203147267,59.0702740844966,56.1894342994171,68.5369525109293,46.7312877014347,62.7460518002896,50.503193957494,63.2168015332283,65.0299975291896,68.98007130315,67.0845871233719,67.3488884046306,64.9779214177474,63.3956038283313,57.9378992331073,66.2629665802241,62.8584996240709,69.9711057393702,51.1472795314416,66.6447667305738,68.1921933783743,51.1690321843169,65.5608667160326,60.2615028126482
60.2804066781358,66.8157791358129,66.9226804660716,56.0364582100844,65.9405269877848,65.7234425624292,68.7491125774983,63.8616203147267,59.0702740844966,56.1894342994171,68.5369525109293,46.7312877014347,62.7460518002896,50.503193957494,63.2168015506195,65.0299975291896,68.98007130315,67.0845871233719,67.348893607996,64.9781864015737,63.395610938202,57.9378992547147,66.2629674257862,62.8584996240709,69.9711057393702,51.1472795314416,66.6447669824929,68.1921933783743,51.1690321843169,65.5608667160326,60.2615028126482
60.2804066781358,66.8159417336768,66.9226805981592,56.0364582622305,65.9405269877848,65.723448237876,68.7491125774983,63.8616203147267,59.0702740844966,56.1894342994171,68.5369525109293,46.7312877014347,62.7460518002896,50.503193957494,63.2168015506195,65.0299994148402,68.98007130315,67.0845887978981,67.348893607996,64.9781864015737,63.395610938202,57.9378992547147,66.2629674257862,62.8584996240709,69.9711057393702,51.1472795314416,66.6447669824929,68.1921933783743,51.1690321843169,65.5608667160326,60.2615028126482
60.2804066781358,66.8159417336768,66.9226805981592,56.0364582622305,65.9405269877848,65.7234829047074,68.7491125774983,63.8616203147267,59.0702781755012,56.1894342994171,68.5369525109293,46.7312877014347,62.7460518002896,50.503193957494,63.2168015857342,65.0299994148402,68.98007130315,67.0845887978981,67.348893607996,64.9787313593699,63.3956158132804,57.9378995953617,66.2629675068001,62.8584996240709,69.9711057393702,51.1472795314416,66.6447669824929,68.1921933783743,51.1690321843169,65.5608667160326,60.2615028126482
60.2804066781358,66.8159417336768,66.9226806937975,56.0364582667484,65.9405269877848,65.7234829047074,68.7491125774983,63.8616203147267,59.0702783146635,56.1894342994171,68.5369525109293,46.7312877014347,62.7460518002896,50.503193957494,63.216801603858,65.0299994148402,68.98007130315,67.0845887978981,67.348893607996,64.9787313593699,63.3956158132804,57.9378995953617,66.2629675068001,62.8584996240709,69.9711057393702,51.1472795314416,66.6447669824929,68.1921933783743,51.1690321843169,65.5608673736522,60.2615028126482
60.2804066781358,66.8159417336768,66.9226807631889,56.0364582667484,65.9405269877848,65.7235147078817,68.7491125774983,63.8616203147267,59.0702783146635,56.1894342994171,68.5375068968838,46.7312877014347,62.7460518002896,50.503193957494,63.216801603858,65.0299994148402,68.98007130315,67.0845887978981,67.348893607996,64.9787971792565,63.3956209651845,57.9378995953617,66.2629678671858,62.8584996240709,69.9711057393702,51.1472795314416,66.6447669824929,68.1921933783743,51.1690321843169,65.5608673736522,60.2615028126482
60.2804066781358,66.8159417336768,66.9226807631889,56.0364583030943,65.9405272804488,65.723527714561,68.7491125774983,63.8616203147267,59.0702783146635,56.1894342994171,68.5375068968838,46.7313029270112,62.7460518002896,50.5031945097027,63.2168016126765,65.030000259225,68.9824908753091,67.0845901099359,67.348893607996,64.9787971792565,63.3956209651845,57.9378995953617,66.2629680006908,62.8584996240709,69.9711057393702,51.1472795314416,66.6447672475598,68.1921933783743,51.1690321843169,65.5608673736522,60.2615028126482
60.2804066781358,66.8159417336768,66.9226808136146,56.0364583030943,65.9405272804488,65.723527714561,68.7491125774983,63.8616203147267,59.0702800546683,56.1894342994171,68.5376316546098,46.7313029270112,62.7460518002896,50.5031945097027,63.2168016126765,65.030000259225,68.9824908753091,67.0845901099359,67.348893607996,64.9788050568931,63.3956250403892,57.9378996204325,66.2629680006908,62.8584996240709,69.9711057393702,51.14727953147,66.6447672475598,68.1921933783743,51.1690321843169,65.5608673736522,60.2615028126482
60.2804066781358,66.8159417336768,66.9226808503005,56.0364583030943,65.9405274368568,65.7235358717791,68.7491125774983,63.8616203147267,59.0702800546683,56.1894342994171,68.5376316546098,46.7313029270112,62.7460518002896,50.5031945097027,63.2168016166442,65.0300013811834,68.9824908753091,67.0846029857579,67.348893607996,64.9790045602178,63.3956250403892,57.9378996204325,66.2629682169118,62.8584996240709,69.9711057393702,51.14727953147,66.6447678412107,68.1921933783743,51.1690321843169,65.5608691984789,60.2618339470151
60.2805855819925,66.8159417336768,66.9226808503005,56.0364583030943,65.9405274368568,65.7235358717791,68.7491125774983,63.8616314336557,59.0702813603199,56.1894342994171,68.5376316546098,46.7313029270112,62.7460518002896,50.5031946160722,63.2168016181944,65.0300013811834,68.9824908753091,67.0846029857579,67.348893607996,64.9790173606117,63.3956250403892,57.9378996204325,66.262968528762,62.8584996240709,69.9711057393702,51.14727953147,66.6447678412107,68.1921933783743,51.1690321843169,65.5608691984789,60.2618339470151
60.2805855819925,66.8160090829289,66.9226808770131,56.0364583030943,65.9405274368568,65.7235358717791,68.7491125774983,63.8616314336557,59.0702813603199,56.1894342994171,68.5376316546098,46.7313400270828,62.7460518002896,50.5031946160722,63.2168016181944,65.0300013811834,68.9824908753091,67.0846029857579,67.348893607996,64.9790173606117,63.3956284137989,57.9378996204325,66.262968528762,62.8584996240709,69.9711057393702,51.14727953147,66.6447680675892,68.1921933783743,51.1690321843169,65.5608691984789,60.2618339470151
60.2806215060025,66.8160090829289,66.9226808770131,56.0364583030943,65.9405274796152,65.7235358717791,68.7491125774983,63.8616444815776,59.0702813603199,56.1894342994171,68.5376316546098,46.7313400270828,62.7460518002896,50.5031946160722,63.2168016186023,65.0300013811834,68.9824908753091,67.0846029857579,67.348893607996,64.9792045040101,63.3956284137989,57.9378996204325,66.2629692393647,62.8584996240709,69.9711057393702,51.14727953147,66.6447680675892,68.1921933783743,51.1690321843169,65.5608700579222,60.2618339470151
60.2806215060025,66.8160090829289,66.9226808770131,56.0364583030943,65.9405274796152,65.7235358717791,68.7491125774983,63.8616444815776,59.0702813603199,56.1894342994171,68.5376316546098,46.7313400270828,62.7460518002896,50.5031946160722,63.2168017578633,65.0300013811834,68.9824908753091,67.0846029857579,67.348893607996,64.9792121117305,63.395630124084,57.9378999703119,66.2629692393647,62.8584996240709,69.9711057393702,51.14727953147,66.6447681174145,68.1921933783743,51.1690321843169,65.5608700579222,60.2618339470151
60.2806215060025,66.8164176136066,66.9226808770131,56.0364583030943,65.9405274796152,65.7235358717791,68.7491125774983,63.8616496612518,59.0702813603199,56.1894342994171,68.537927947251,46.7313400270828,62.7460518002896,50.5031946160722,63.2168017578633,65.0300013811834,68.9824908753091,67.0846029857579,67.348893607996,64.9792147801967,63.395630124084,57.9378999703119,66.2629692393647,62.8584996240709,69.9711057393702,51.14727953147,66.6447681174145,68.1921933783743,51.1690321843169,65.5608700923574,60.2618339470151
60.2808142975347,66.8164176136066,66.9226808770131,56.0364583030943,65.9405276786535,65.7235358717791,68.7491125774983,63.8616496612518,59.0702813603199,56.1894342994171,68.537927947251,46.7313400270828,62.7460518002896,50.5031946160722,63.2168017578633,65.0300013811834,68.9824908753091,67.0846029857579,67.348893607996,64.9792147801967,63.3956421429971,57.9378999703119,66.262969405001,62.8584996240709,69.9711057393702,51.14727953147,66.6447681174145,68.1921933783743,51.1690321843169,65.5608728828976,60.2619569304901
60.2808142975347,66.8164176136066,66.9226808964757,56.0364583030943,65.9405276786535,65.7235358717791,68.7491434566812,63.8616496612518,59.0702825951111,56.1894342994171,68.537927947251,46.7313400270828,62.7460518002896,50.5031946160722,63.2168017578633,65.0300013811834,68.9824908753091,67.0846029857579,67.348893607996,64.9792240165912,63.3956421429971,57.9378999703119,66.262969630354,62.8584996240709,69.9711057393702,51.1472795314814,66.6447681174145,68.1921966068178,51.1690321843169,65.5608728828976,60.2619856460318
60.2809019745587,66.8164176136066,66.9226809106627,56.036458326725,65.9405278763404,65.7235358717791,68.7491434566812,63.8616496612518,59.0702825951111,56.1894342994171,68.537927947251,46.7313400270828,62.7460518002896,50.5031954961758,63.2168017578633,65.0300013811834,68.9824908753091,67.0846029857579,67.348912337135,64.979331088673,63.3956421429971,57.9378999703119,66.262969630354,62.8584996240709,69.9711057393702,51.1472795314814,66.644768137308,68.1922004536439,51.1690510619065,65.5608728828976,60.2619856460318
60.2809019745587,66.8164176136066,66.9226809106627,56.036458326725,65.9405278763404,65.7235358717791,68.7491434566812,63.8616496612518,59.0702838376779,56.1894342994171,68.538207472872,46.7313400270828,62.7460518002896,50.5031954961758,63.2168017578633,65.0300013811834,68.9824908753091,67.0846029857579,67.348912337135,64.979331088673,63.3956421429971,57.9378999703119,66.2629697236839,62.8584996240709,69.9711057393702,51.1472795314814,66.644768137308,68.1922004536439,51.1690510619065,65.5608728828976,60.2619856460318
60.2809019745587,66.8164176136066,66.9226809210074,56.036458326725,65.9405278763404,65.7235358717791,68.7491434566812,63.8616496612518,59.0702843190588,56.1894342994171,68.538207472872,46.7313400270828,62.7460518002896,50.5031954961758,63.2168017578633,65.0300013811834,68.9824908753091,67.0846029857579,67.348912337135,64.9793623183155,63.3956425654915,57.9378999703119,66.2629701784474,62.8584996240709,69.9711057393702,51.1472795314814,66.6447683049973,68.1922084960438,51.1690634499517,65.5608728828976,60.2624088873704
60.2809019745587,66.8164176136066,66.9226812210658,56.036458326725,65.9405281916366,65.7235358717791,68.7491434566812,63.8616496612518,59.0702843190588,56.1894342994171,68.5384090639424,46.7313400270828,62.7460518002896,50.5031954961758,63.2168017578633,65.0300013811834,68.9824908753091,67.0846029857579,67.348912337135,64.9793672230634,63.3956425654915,57.9378999703119,66.2629701784474,62.8584996240709,69.9711057393702,51.1472795314814,66.6447683049973,68.192214951306,51.1690634499517,65.5608750172162,60.2624088873704
60.2809019745587,66.8164176136066,66.9226812210658,56.0364583284221,65.9405281916366,65.7235358717791,68.7491434566812,63.8616496612518,59.0702843190588,56.1894342994171,68.5384090639424,46.7313400270828,62.7460518002896,50.5031954961758,63.2168017578633,65.0300013811834,68.9825498285709,67.0846056528802,67.348912337135,64.9793693845927,63.3956425654915,57.9378999703119,66.2629706989626,62.8584996240709,69.9711057393702,51.1472795314814,66.6447683508187,68.192214951306,51.1690634499517,65.5608750172162,60.2624088873704
60.2809019745587,66.8164176136066,66.9226812210658,56.0364583284221,65.9405281939037,65.7235358717791,68.7491434566812,63.8616496612518,59.0702843190588,56.1894342994171,68.5384090639424,46.7313456346346,62.7460518002896,50.5031959387967,63.2168017578633,65.0300013811834,68.9825498285709,67.0846056528802,67.348912337135,64.9794197296975,63.3956425654915,57.9378999703119,66.2629711650548,62.8584996240709,69.9711057393702,51.1472795314814,66.6447683508187,68.192214951306,51.1690634499517,65.5608750172162,60.2629389643173
60.2809019745587,66.8164176136066,66.9226812210658,56.0364583284221,65.9405281939037,65.7235358717791,68.7491434566812,63.8616496612518,59.0702843190588,56.1894342994171,68.5384090639424,46.7313456346346,62.7460518002896,50.5031959387967,63.2168017578633,65.0300013811834,68.9825498285709,67.0846061470523,67.348912337135,64.9794197296975,63.3956425654915,57.9378999703119,66.2629711650548,62.8584996240709,69.9711057393702,51.1472795314814,66.6447683508187,68.1922256540619,51.1690634499517,65.5608754807415,60.2629389643173
60.2809019745587,66.8164176136066,66.9226812210658,56.0364583284221,65.9405281939037,65.7235358717791,68.7491434566812,63.8616496613889,59.0702843190588,56.1894342994171,68.5384787735933,46.7313456346346,62.7460518002896,50.5031961545359,63.2168019219655,65.0300032238123,68.9825498285709,67.0846061470523,67.348912337135,64.979423021213,63.3956425654915,57.9379000539615,66.2629714002266,62.8584996240709,69.9711057393702,51.1472795314814,66.644768399657,68.192230398926,51.1690634499517,65.5608754807415,60.2629389643173
60.2809019745587,66.8164176136066,66.9226812210658,56.0364583284221,65.9405282097286,65.7235358717791,68.7491434566812,63.8616496613889,59.0702843449371,56.1894342994171,68.5384787735933,46.7313456346346,62.7460518002896,50.5031961545359,63.2168019219655,65.0300032238123,68.9825498285709,67.0846061470523,67.348912337135,64.9794268805211,63.3956425654915,57.9379000539615,66.2629714002266,62.8584996240709,69.9711057393702,51.1472795314814,66.644768399657,68.192230398926,51.1690634499517,65.5608761075087,60.2631339844094
60.2809019745587,66.8164176136066,66.9226812210658,56.0364583284221,65.9405282097286,65.7235358717791,68.7491434566812,63.8616496613889,59.0702843449371,56.1894342994171,68.5386974375838,46.7313456346346,62.7460666343388,50.5031961545359,63.2168019219655,65.0300032238123,68.9825498285709,67.0846061470523,67.348912337135,64.9794268805211,63.3956425654915,57.9379000539615,66.2629727610595,62.8584996240709,69.9711057393702,51.1472795314814,66.644768399657,68.1922327491051,51.1690634499517,65.5608768898777,60.2631339844094
60.2809019745587,66.8164176136066,66.9226812210658,56.0364583284221,65.9405282097286,65.7235358717791,68.7491434566812,63.8616496613889,59.0702843449371,56.1894342994171,68.5386974375838,46.7313456346346,62.7460666343388,50.5031961545359,63.2168019219655,65.0300032238123,68.9825498285709,67.0846119130273,67.348912337135,64.9794268805211,63.3956425654915,57.9379000539615,66.2629727610595,62.8584996240709,69.9711057393702,51.1472795314814,66.644768399657,68.1922331465883,51.1690634499517,65.5608768898777,60.2631339844094
60.2809019745587,66.8164176136066,66.9226812210658,56.0364584781617,65.9405282097286,65.7235358717791,68.7491434566812,63.8616496613889,59.0702843449371,56.1894342994171,68.5386974375838,46.7313456346346,62.7461207005951,50.5031961545359,63.2168019219655,65.0300032238123,68.9826070956403,67.0846119130273,67.348912337135,64.9794268805211,63.3956425654915,57.9379000539615,66.2629742739108,62.8585000788412,69.9711057393702,51.1472795314814,66.6447743363721,68.1922331465883,51.1690634499517,65.5608777777579,60.2631339844094
60.2809019745587,66.8164176136066,66.9226812210658,56.0364584781617,65.9405282097286,65.7235502381125,68.7491434566812,63.861649695652,59.0702843449371,56.1894342994171,68.5386974375838,46.7313513320306,62.7461207005951,50.5031961545359,63.2168019219655,65.0300032238123,68.9826070956403,67.0846119130273,67.3489308466126,64.9794268805211,63.3956425654915,57.9379000913976,66.2629742739108,62.8585000788412,69.9711057393702,51.1472795314814,66.6447743363721,68.1922331465883,51.1690634499517,65.5608777777579,60.2631339844094
60.2809019745587,66.8164176136066,66.9226812210658,56.0364652067558,65.9405284509092,65.7235502381125,68.7491434566812,63.861649695652,59.070284405667,56.1894622437382,68.5386974375838,46.7313513320306,62.7461207005951,50.5031961545359,63.2168019219655,65.0300032238123,68.9826070956403,67.0846119130273,67.3489308466126,64.9794268805211,63.3956425654915,57.9379000913976,66.2629742739108,62.8585000788412,69.9711057393702,51.1472795314814,66.6447766202713,68.1922371866367,51.1690634499517,65.5608777777579,60.2631339844094
60.2809019745587,66.8165437367002,66.9226812210658,56.0364652067558,65.9405284509092,65.7235571112914,68.7491434566812,63.861649695652,59.070284405667,56.1894622437382,68.5386974375838,46.7313548846386,62.7461207005951,50.5031963779624,63.2168019219655,65.0300032238123,68.9826070956403,67.0846119130273,67.3489308466126,64.9794271639625,63.3956441186211,57.9379003202191,66.2629751053397,62.8585000788412,69.9711057393702,51.1472795314814,66.6447766202713,68.1922371866367,51.1690634499517,65.5608779992886,60.2631339844094
60.2809019745587,66.8165437367002,66.9226812210658,56.0364689826883,65.9405284533538,65.723572125511,68.7491434566812,63.861649695652,59.070284405667,56.1894622437382,68.5386974375838,46.7313548846386,62.7461214999221,50.5031963779624,63.2168019219655,65.0300032238123,68.9831349704065,67.0846119130273,67.3489308466126,64.9794279623841,63.3956441186211,57.9379005541727,66.2629751053397,62.8585000788412,69.9711057393702,51.1472795314814,66.6447766202713,68.1922400061944,51.1690634499517,65.5608779992886,60.2632334880537
60.2809019745587,66.8165437367002,66.9226812210658,56.0364689826883,65.9405284533538,65.723572125511,68.7491434566812,63.861649695652,59.070284405667,56.1894622437382,68.5386974375838,46.7313548846386,62.7461214999221,50.5031969546821,63.2168019219655,65.0300041913277,68.9831349704065,67.0846119130273,67.3489308466126,64.9794280565962,63.3956441186211,57.9379005541727,66.2629759748481,62.8585000788412,69.9711057393702,51.1472795314814,66.6447766202713,68.192240581574,51.1690634499517,65.5608779992886,60.2632334880537
60.2809019745587,66.8165673675849,66.9226812210658,56.0364700959327,65.9405284533538,65.7235781392089,68.7491550400754,63.861649695652,59.0702844891838,56.1894622437382,68.5388278807114,46.7313548846386,62.7461214999221,50.5031969546821,63.2168019219655,65.0300041913277,68.9831575085264,67.0846119130273,67.3489308466126,64.9794280565962,63.3956441186211,57.9379005541727,66.2629759748481,62.8585000788412,69.9711057393702,51.1472795314814,66.6447767908673,68.192240581574,51.1690634499517,65.5608782016632,60.2632334880537
60.2809019745587,66.8165673675849,66.9226812210658,56.0364700959327,65.9405285821723,65.7235781392089,68.7491550400754,63.861649695652,59.0702844891838,56.1894622437382,68.5388278807114,46.7313551370731,62.7461214999221,50.5031969546821,63.2168019219655,65.0300041913277,68.9831575085264,67.0846119130273,67.3489308466126,64.9794311938728,63.3956441186211,57.9379006347982,66.2629768560192,62.8585000788412,69.9711057393702,51.1472795314816,66.6447769912469,68.1922459257937,51.1690634499517,65.5608782016632,60.2632787108344
60.2809019745587,66.8165673675849,66.9226812210658,56.0364707109749,65.9405285821723,65.7235781392089,68.7491550400754,63.861649695652,59.0702844891838,56.1894622437382,68.5392034527767,46.7313551370731,62.7461466781615,50.5031969546821,63.2168019219655,65.0300041913277,68.9831575085264,67.084620647095,67.3489308466126,64.9794311938728,63.3956441186211,57.9379006347982,66.2629768560192,62.8585000788412,69.9711057393702,51.1472795314816,66.6447769912469,68.1922459257937,51.1690634499517,65.5608782016632,60.2632787108344
60.2809019745587,66.8165673675849,66.9226812210658,56.0364707109749,65.9405287040558,65.7235781392089,68.7491550400754,63.861649695652,59.0702849499849,56.1894622437382,68.5392034527767,46.7313551370731,62.7461466781615,50.5031975962488,63.2168019219655,65.0300041913277,68.9831575085264,67.084620647095,67.3489374424586,64.9794311938728,63.3956441186211,57.9379006347982,66.2629797099563,62.8585000788412,69.9711057393702,51.1472795314816,66.6447769912469,68.1922467485814,51.1690634499517,65.5608782016632,61.684190577433
60.2809019745587,66.8165673675849,66.9226812210658,56.0364707109749,65.9405287040558,65.7235781392089,68.7491550400754,63.861649695652,59.0702853211792,56.1894622437382,68.5392034527767,46.7313551370731,62.7461703515596,50.5031975962488,63.2168019219655,65.0300041913277,68.9831575085264,67.0846355064418,67.3489374424586,64.9794311938728,63.3956441186211,57.9379006347982,66.2629797099563,62.8585000788412,69.9711057393702,51.1472795314816,66.6447787236001,68.1922467485814,51.1690634499517,65.5608782016632,61.684190577433
60.2809019745587,66.8165673675849,66.9226812210658,56.0364707109749,65.9405287544467,65.7235781392089,68.7491550400754,63.861649695652,59.0702853211792,56.1894622437382,68.5392034527767,46.7313551370731,62.7461703515596,50.5031975962488,63.2168019219655,65.0300041913277,68.9831575085264,67.0846355064418,67.3489374424586,64.9794311938728,63.3956441186211,57.9379006347982,66.2629815775858,62.8585000788412,69.9711057393702,51.1472795314816,66.6447787236001,68.1922467485814,51.1690653099601,65.5608782016632,61.684190577433
60.2809019745587,66.8174848357515,66.9226812210658,56.0364715458424,65.9405287683859,65.7235781392089,68.7491550400754,63.8616498190859,59.0702862594599,56.1894622437382,68.5392034527767,46.7313551370731,62.7461703515596,50.5031975962488,63.2168019219655,65.0300041913277,68.9831575085264,67.0846652226307,67.3489374424586,64.9794314224779,63.3956441186211,57.9379006793399,66.2629815775858,62.8585000788412,69.9711057393702,51.1472795314816,66.6447792468366,68.1922467680982,51.1690653099601,65.5608782016632,61.684190577433
60.2809019745587,66.8174848357515,66.9226812210658,56.0364715458424,65.9405287683859,65.7235781392089,68.7491550400754,63.8616498190859,59.0702862594599,56.1894622437382,68.5392034527767,46.7313551370731,62.7461703515596,50.5031975962488,63.2168019219655,65.0300041913277,68.9831575085264,67.0846652226307,67.3489374424586,64.9794314224779,63.3956441186211,57.9379006793399,66.2629828121514,62.8585000788412,69.9711057393702,51.1472795314816,66.6447792468366,68.1922477586515,51.1690684427987,65.5608782016632,61.684190577433
60.2809019745587,66.8174848357515,66.9226812210658,56.036472130919,65.9405287683859,65.7235781392089,68.7491550400754,63.8616514139479,59.0702862594599,56.1894622437382,68.5392034527767,46.7313551370731,62.7461703515596,50.5031975962488,63.2168019245872,65.0300041913277,68.9831575085264,67.0846675073782,67.3489376935305,64.9794314224779,63.3956441186211,57.9379006793399,66.2629828121514,62.8585000788412,69.9711057393702,51.147279531482,66.644780621196,68.1922477586515,51.1690684427987,65.5608782016632,61.9040168060822
60.2809019745587,66.817787039295,66.9226812210658,56.036472130919,65.9405287683859,65.7235781392089,68.7491990016848,63.8616514139479,59.070286268816,56.1894622437382,68.5392034527767,46.7313551370731,62.7461703515596,50.5031975962488,63.2168019302464,65.0300041913277,68.9831575085264,67.0846675073782,67.3489376935305,64.9794314224779,63.3956441186211,57.9379007728568,66.2629836446483,62.8585000788412,69.9711057393702,51.1472795314821,66.644780621196,68.1922508199861,51.1690684427987,65.5608782016632,61.9040168060822
60.2809019745587,66.817787039295,66.9226812210658,56.0364725007288,65.940528996577,65.7235781392089,68.7491990016848,63.8616514139479,59.070286268816,56.1894622437382,68.5392124276889,46.7313551370731,62.7461722730704,50.5031975962488,63.2168019302464,65.0300041913277,68.9831575085264,67.0846675073782,67.3489376935305,64.9794318383245,63.3956441186211,57.9379007728568,66.2629836446483,62.8585000788412,69.9711057393702,51.1472795314821,66.644780621196,68.1922508199861,51.1690696412933,65.5608786364712,62.3044428149436
60.2809019745587,66.8183150177744,66.9226812210658,56.0364725007288,65.940528996577,65.7235781392089,68.7491990016848,63.8616514139479,59.070286268816,56.1894622437382,68.5392124276889,46.7313551370731,62.7461722730704,50.5031975962488,63.2168019302464,65.0300041913277,68.9831575085264,67.0846675073782,67.3489384083253,64.9794318383245,63.3956441186211,57.9379008795407,66.2629842156982,62.8585000788412,69.9711057393702,51.1472795314821,66.644780621196,68.1922540927159,51.1690696412933,65.5608786364712,62.3044428149436
60.2809019745587,66.8183150177744,66.9226812210658,56.0364725007288,65.9405292962189,65.7235781392089,68.7491990016848,63.8616514139479,59.070286268816,56.1894622437382,68.5392124276889,46.7313551370731,62.7461722730704,50.5031975962488,63.2168019302464,65.0300041913277,68.9831575085264,67.0846742588575,67.3489400559102,64.9794318383245,63.3956441186211,57.9379008795407,66.2629846129987,62.8585000788412,69.9711057393702,51.1472795314821,66.644780621196,68.1922583288915,51.1690708121913,65.5608786364712,62.3044428149436
60.2809063564094,66.8183150177744,66.9226812210658,56.0364727344434,65.9405292962189,65.7235781392089,68.7491990016848,63.8616518766741,59.070286268816,56.1894622437382,68.5392124276889,46.7313551370731,62.7461722730704,50.5031975962488,63.2168019302464,65.0300041913277,68.9831575085264,67.0846742588575,67.3489400559102,64.9794372872804,63.3956441186211,57.9379008795407,66.2629846129987,62.8585000788412,69.9711057393702,51.1472795314821,66.644780621196,68.1922583288915,51.1690708121913,65.5608791248226,63.1876571292582
60.2809063564094,66.8191313107343,66.9226812210658,56.0364727344434,65.9405292962189,65.7235781392089,68.7491990016848,63.8616518766741,59.070286496142,56.1894622437382,68.5392124276889,46.7313551370731,62.7461722730704,50.5031975962488,63.2168019302464,65.0300041913277,68.9831575085264,67.0846742588575,67.3489400559102,64.9794397782692,63.3956467708243,57.93790089335,66.2629848925868,62.8585000788412,69.9711057393702,51.1472795314821,66.6447814359044,68.1922602158408,51.1690708121913,65.560880627779,63.1876571292582
60.2809063564094,66.8191313107343,66.9226812210658,56.0364739411851,65.9405295405157,65.7235781392089,68.7491990016848,63.8616518766741,59.070286496142,56.1894655917846,68.5392124276889,46.7313551370731,62.7461722730704,50.5031975962488,63.2168019302464,65.0300041913277,68.9831575085264,67.0846742588575,67.3489400559102,64.9794416948228,63.3956467708243,57.93790089335,66.2629850911123,62.8585000788412,69.9711057393702,51.1472795314821,66.6447814359044,68.1922644872471,51.1690746833133,65.560880627779,63.5140581897403
60.2809063564094,66.8191313107343,66.9226812210658,56.0364739411851,65.9405295405157,65.7235781392089,68.7491990016848,63.8616527994235,59.070286496142,56.1894655917846,68.5392167713073,46.7313551370731,62.7461722730704,50.5031975962488,63.2168019302464,65.0300041913277,68.9831575085264,67.0846748059508,67.3489400559102,64.9794456339803,63.3956467708243,57.93790089335,66.2629850911123,62.8585000788412,69.9711057393702,51.1472795314821,66.6447814359044,68.1922644872471,51.1690746833133,65.560880627779,63.668493599035
60.2809063564094,66.8191313107343,66.9226812210658,56.0364739674706,65.9405295405157,65.7235781392089,68.7491990016848,63.8616527994235,59.070286496142,56.1894655917846,68.5392167713073,46.7313551370731,62.7461761501618,50.5031975962488,63.2168019302464,65.0300041913277,68.9831575085264,67.0846748059508,67.3489400559102,64.9794544712772,63.3956467708243,57.93790089335,66.2629852330585,62.8585000788412,69.9711057393702,51.1472795314821,66.6447814359044,68.1922735774685,51.1690753570825,65.560880627779,63.668493599035
60.2809063564094,66.8191313107343,66.9226812210658,56.0364739674706,65.9405295405157,65.7235781392089,68.7491990016848,63.8616527994235,59.070286496142,56.1894655917846,68.5392167713073,46.7313551370731,62.7461788209619,50.5031985049535,63.2168019302464,65.0300041913277,68.9832446559127,67.0846748059508,67.3489400559102,64.979463773939,63.3956467708243,57.93790089335,66.2629853350874,62.8585000788412,69.9711057393702,51.1472795314821,66.6447814359044,68.192275856123,51.1690753570825,65.560880627779,64.711558947901
60.2809063564094,66.8191313107343,66.9226812210658,56.036474430675,65.9405295405157,65.7235781392089,68.7491990016848,63.8616527994235,59.070286496142,56.1894655917846,68.5392167713073,46.7313551370731,62.7461788209619,50.5031985049535,63.2168019302464,65.0300041913277,68.9832446559127,67.0846748059508,67.3489406646047,64.9794990030608,63.3956467708243,57.93790089335,66.2629853350874,62.8585000788412,69.9711057393702,51.1472795314821,66.6447814359044,68.192275856123,51.1690753570825,65.5608828650918,64.711558947901
60.28091569431,66.8191313107343,66.9226812210658,56.036474430675,65.9405295405157,65.7235781392089,68.749449015714,63.8616527994235,59.070286496142,56.1894835874702,68.5392233414709,46.7313551370731,62.7461788209619,50.5031985049535,63.2168019302464,65.0300062140262,68.9833021806708,67.0846854701576,67.3489406646047,64.9795205824415,63.3956467708243,57.93790089335,66.2629861632342,62.8585000788412,69.9711057393702,51.1472795314821,66.6447814359044,68.1922882723562,51.1690753570825,65.5608828650918,64.8228364051251
60.28091569431,66.8191313107343,66.9226812210658,56.0364752055624,65.9405295482867,65.7235781392089,68.749449015714,63.8616535063625,59.070286496142,56.1894835874702,68.5392233414709,46.7313551370731,62.7461788209619,50.5031985049535,63.2168019302464,65.0300062140262,68.9833021806708,67.0846854701576,67.3489406646047,64.9795568782875,63.3956467708243,57.93790089335,66.2629861632342,62.8585000788412,69.9711057393702,51.1472795314821,66.6447819663082,68.1922960160007,51.1690753570825,65.5608828650918,64.8228364051251
60.28091569431,66.8192812744903,66.9226812210658,56.0364752055624,65.9405295678142,65.7235781392089,68.749449015714,63.8616535063625,59.0702865443712,56.1894835874702,68.5392294188525,46.7313551370731,62.7461788209619,50.5031985049535,63.2168019302464,65.0300064816557,68.9834863578823,67.0846854701576,67.348940714552,64.979599852571,63.3956471586587,57.93790089335,66.2629870944183,62.8585000788412,69.9711057393702,51.1472795314821,66.6447819663082,68.1922960160007,51.1690753570825,65.5608828650918,64.8228364051251
60.28091569431,66.8192812744903,66.9226812210658,56.0364752551438,65.9405295678142,65.7235781392089,68.749449015714,63.8616535640012,59.0702865443712,56.1894835874702,68.5392294188525,46.7313551370731,62.7461788209619,50.5031985049535,63.2168019302464,65.0300064816557,68.9834863578823,67.0846929943064,67.3489417572713,64.979599852571,63.3956471586587,57.93790089335,66.2629874251423,62.8585000788412,69.9711057393702,51.1472795314821,66.6447820726108,68.1923018049925,51.1690753570825,65.5608828650918,64.8228364051251
60.28091569431,66.8194322566854,66.9226812210658,56.0364752551438,65.9405295678142,65.7235781392089,68.749449015714,63.8616535640012,59.0702865443712,56.1895171939968,68.5392294188525,46.7313562307632,62.7461815863451,50.5031985049535,63.2168019302464,65.0300064816557,68.9834863578823,67.0846929943064,67.3489417572713,64.9796428226035,63.3956471586587,57.93790089335,66.2629874251423,62.8585000788412,69.9711057393702,51.1472795314821,66.6447820726108,68.1923018049925,51.1690753570825,65.5608828650918,64.8228364051251
60.28091569431,66.8194322566854,66.9226812210658,56.0364755186727,65.9405295678142,65.7235921756336,68.749449015714,63.8616535640012,59.0702865443712,56.1895171939968,68.5392294188525,46.7313567014366,62.7461815863451,50.5031985049535,63.2168019302464,65.0300064816557,68.9834863578823,67.0846929943064,67.3489482296963,64.9796612545506,63.3956471586587,57.93790089335,66.2629886246139,62.8585000788412,69.9711057393702,51.1472795314821,66.6447821420557,68.1923025284371,51.1690753570825,65.5608828650918,65.0083036993964
60.28091569431,66.8194322566854,66.9226812210658,56.0364755186727,65.9405295694066,65.72361679086,68.749449015714,63.861654317233,59.0702865443712,56.1895204354128,68.5392294188525,46.7313567014366,62.7461819424493,50.5031985049535,63.2168019302464,65.0300072184489,68.9834863578823,67.0846929943064,67.348953257434,64.9796729086988,63.3956471586587,57.93790089335,66.2629895652473,62.8585000788412,69.9711057393702,51.1472795314821,66.6447821420557,68.1923049561256,51.1690753570825,65.5608828650918,65.0083036993964
60.28091569431,66.8196175940249,66.9226812210658,56.0364761338241,65.9405299223929,65.72361679086,68.749449015714,63.861654317233,59.0702865443712,56.1895204354128,68.5392294188525,46.7313567014366,62.7461819424493,50.5031986359965,63.2168019302464,65.0300072184489,68.9835032869354,67.0846931685766,67.348953257434,64.9796912890265,63.3956471586587,57.9379020973047,66.2629895652473,62.8585000788412,69.9711057393702,51.1472795314821,66.6447821420557,68.1923049561256,51.1690753570825,65.5608828650918,65.0083036993964
60.28091569431,66.8196175940249,66.9226812210658,56.0364761338241,65.9405299223929,65.72361679086,68.749449015714,63.8616543824796,59.0702865443712,56.1895204354128,68.5392294188525,46.7313567014366,62.7461819424493,50.5031989091342,63.2168019302464,65.030007261279,68.9835032869354,67.0846931685766,67.348953257434,64.9796991860936,63.3956471586587,57.9379020973047,66.2629908672451,62.8585004271807,69.9711057393702,51.1472795314821,66.6447821420557,68.1923049561256,51.1690753570825,65.5608828650918,65.2512733592003
60.28091569431,66.8196175940249,66.9226812210658,56.0364767632927,65.9405299223929,65.72361679086,68.749449015714,63.8616543824796,59.0702865443712,56.1895204354128,68.5392294188525,46.7313567014366,62.7461819424493,50.5031989091342,63.2168019302464,65.030007261279,68.9837545082394,67.0846931685766,67.348953257434,64.9797093056543,63.3956471586587,57.9379020973047,66.262991524997,62.8585004271807,69.9711057393702,51.1472795314821,66.6447821420557,68.1923074367403,51.1690753570825,65.5608828650918,65.2512733592003
60.28091569431,66.8204809639504,66.9226812210658,56.0364767632927,65.9405299223929,65.723621648934,68.751227368349,63.8616543824796,59.0702865443712,56.1895204354128,68.5392294188525,46.7313567014366,62.7461819424493,50.5031989091342,63.2168019302464,65.030007261279,68.9837545082394,67.0846931685766,67.348953257434,64.9797097148184,63.3956471586587,57.9379020973047,66.262991524997,62.8585004271807,69.9711057393702,51.1472795314821,66.6447821831434,68.1923074367403,51.1690753570825,65.5608828650918,65.2512733592003
60.28091569431,66.8204809639504,66.9226812210658,56.0364767632927,65.9405299223929,65.723621648934,68.751227368349,63.8616545032198,59.0702865443712,56.1895204354128,68.5392414955961,46.7313567014366,62.7461819424493,50.5031989091342,63.2168019302464,65.030007261279,68.9839651504797,67.0846931685766,67.3489543218961,64.9797166538778,63.3956471586587,57.9379020973047,66.2629929916987,62.8585004271807,69.9711057393702,51.1472795314821,66.6447821831434,68.1923074367403,51.1690753570825,65.5608834412941,65.4351951651648
60.28091569431,66.8204809639504,66.9226812210658,56.0364770625167,65.9405299223929,65.723621648934,68.751227368349,63.8616545032198,59.0702865443712,56.1895204354128,68.5392414955961,46.7313567014366,62.7461819424493,50.5031989091342,63.2168019302464,65.030007261279,68.9839651504797,67.0846931685766,67.3489543218961,64.9797281522365,63.3956471957515,57.9379020973047,66.2629942367485,62.8585004271807,69.9711057393702,51.1472795314821,66.6447824436466,68.1923074367403,51.169075698589,65.5608834412941,65.8827012549042
