-98.5973729521654,-95.6622272157299,-80.5970413847656,-141.487711381962,-59.6318113842314,-285.920271904416,-12.7758423205436,-63.4048168126251,-33.4798277104771,-69.4002536109139,-474.348148497946,-173.338716411563,-173.753547207342,-133.854565547441,-160.220392121038,-68.5782824698945,-68.7068597962742,-353.41210699823,-258.773711293812,-45.7567032148731,-207.328359889866,-25.6897927961719,-143.632876348937,-80.7224958002846,-140.672938198627,-139.617657913625,-175.223697821098,-178.187983642375,-79.3472484148526,-213.145675583689,-148.950590721897
-37.4018396662385,-18.1600275784747,-72.9654478953373,-55.0093141448254,-18.5118080886593,-191.740732115585,11.9542551014737,-13.4849881869254,-26.1208962598852,14.5776856936137,-140.841329744706,-82.3497975423692,-99.9231930913196,-44.2921897436424,-74.2278265544572,-21.351096614515,-47.92505587831,-158.835055519634,-160.303370720984,-36.2204096036722,-108.966735709318,-14.7085718542532,-106.723063343809,-53.890882252199,-87.1523138685429,-38.7281234290143,-105.802700849687,-54.1899611060611,-27.0153925685787,-127.204975171854,-70.5802469233061
-37.4018396662385,-18.1600275784747,-50.0985887148488,-4.78118202642821,20.3572897148534,-98.6642540978032,11.9542551014737,-2.36251649025061,-19.6911913027691,14.5776856936137,-140.841329744706,-82.3497975423692,-53.4604032751899,-40.1219172005828,-74.2278265544572,24.8869085810164,-39.778417797609,-158.835055519634,-65.8227425522807,-33.6282916291777,-104.739253190216,-10.3393627136441,-101.316009891942,-5.53193902256965,-47.9765086283452,-6.85378630600708,-99.8777139657876,-37.4099624145324,-0.509441478774839,-127.204975171854,-70.5802469233061
-37.4018396662385,-18.1600275784747,2.3193384863133,-4.78118202642821,20.3572897148534,-65.1134834431985,11.9542551014737,-2.36251649025061,-19.6911913027691,14.5776856936137,-111.671349823253,-82.3497975423692,-24.1450680214861,36.3720628110627,-74.2278265544572,24.8869085810164,4.46163058670053,-71.936851003978,-40.6764526911484,-17.2549461917886,-104.739253190216,-6.48279700926623,-4.90455858481551,-5.53193902256965,-47.9765086283452,-6.85378630600708,-99.8777139657876,-37.4099624145324,-0.509441478774839,-127.204975171854,-70.5802469233061
-3.52118558069802,-5.93256663704247,33.0810741599841,-4.78118202642821,20.3572897148534,-51.8080964884528,11.9542551014737,-2.36251649025061,-19.6911913027691,14.5776856936137,-111.671349823253,-82.3497975423692,-24.1450680214861,36.3720628110627,-74.2278265544572,24.8869085810164,16.0667765988892,-71.936851003978,-37.1222495252705,-17.2549461917886,-75.0509391985141,-6.48279700926623,-4.90455858481551,-5.53193902256965,-47.9765086283452,-6.85378630600708,-99.8777139657876,-37.4099624145324,-0.509441478774839,-127.204975171854,-70.5802469233061
-3.52118558069802,-5.93256663704247,33.0810741599841,-4.78118202642821,20.3572897148534,-51.8080964884528,11.9542551014737,-2.36251649025061,-11.8235397901087,14.5776856936137,-63.2331205708138,-82.3497975423692,3.472905217137,36.3720628110627,-74.2278265544572,24.8869085810164,16.0667765988892,-71.936851003978,-37.1222495252705,1.00988993073611,-75.0509391985141,-6.48279700926623,-4.90455858481551,41.1344348038886,-47.9765086283452,-6.85378630600708,-61.0261865086079,-37.4099624145324,-0.509441478774839,-127.204975171854,-70.5802469233061
-3.52118558069802,-5.93256663704247,33.0810741599841,-4.78118202642821,20.3572897148534,-51.8080964884528,11.9542551014737,-2.36251649025061,-11.8235397901087,14.5776856936137,-63.2331205708138,-82.3497975423692,3.472905217137,36.3720628110627,-29.6467448273024,24.8869085810164,19.1653261730062,-71.936851003978,-37.1222495252705,4.49846867217003,-75.0509391985141,-1.16658430453341,-4.90455858481551,41.1344348038886,-47.9765086283452,-6.85378630600708,-61.0261865086079,-8.21356668102401,-0.509441478774839,-127.204975171854,-70.5802469233061
-3.52118558069802,-0.694391147640133,33.0810741599841,-4.78118202642821,20.3572897148534,-51.8080964884528,11.9542551014737,8.75403645624315,-11.8235397901087,14.5776856936137,-63.2331205708138,-68.5900484527825,3.472905217137,36.3720628110627,-29.6467448273024,24.8869085810164,19.1653261730062,-71.936851003978,-37.1222495252705,4.49846867217003,-75.0509391985141,-1.16658430453341,-4.90455858481551,41.1344348038886,-47.9765086283452,-6.85378630600708,-9.85414078920687,-8.21356668102401,-0.509441478774839,-75.7772928753409,-70.5802469233061
-3.52118558069802,-0.694391147640133,33.0810741599841,-4.78118202642821,20.3572897148534,-51.8080964884528,17.9365922518847,8.75403645624315,-11.8235397901087,14.5776856936137,-63.2331205708138,-68.5900484527825,14.5471008772604,36.3720628110627,-29.6467448273024,24.8869085810164,19.1653261730062,-71.936851003978,-37.1222495252705,4.49846867217003,-75.0509391985141,-1.16658430453341,-4.90455858481551,41.1344348038886,-46.6357828465028,-6.85378630600708,-9.85414078920687,-8.21356668102401,-0.509441478774839,-75.7772928753409,-70.4091361354464
-3.52118558069802,-0.694391147640133,33.0810741599841,0.0662901567442518,20.3572897148534,-51.8080964884528,17.9365922518847,8.75403645624315,-11.8235397901087,14.5776856936137,-63.2331205708138,-68.5900484527825,14.5471008772604,36.3720628110627,-15.2284470376757,24.8869085810164,19.1653261730062,-10.2482776497341,-37.1222495252705,4.49846867217003,-75.0509391985141,-1.16658430453341,-4.90455858481551,41.1344348038886,-26.5049849415713,-6.4868313459613,-9.85414078920687,-8.21356668102401,-0.509441478774839,-75.7772928753409,-44.0316694528398
-3.52118558069802,-0.694391147640133,33.0810741599841,3.49278270551109,20.3572897148534,-42.7167363647124,17.9365922518847,23.7936645309237,-11.8235397901087,14.5776856936137,-63.2331205708138,-68.5900484527825,14.5471008772604,36.3720628110627,-15.2284470376757,24.8869085810164,19.1653261730062,-10.2482776497341,-24.4600637869466,4.49846867217003,-75.0509391985141,0.268000502767556,-4.90455858481551,41.1344348038886,-22.1242091078496,-6.4868313459613,-9.85414078920687,-8.21356668102401,4.28809696221255,-75.7772928753409,-44.0316694528398
10.1631781437454,-0.694391147640133,33.0810741599841,3.49278270551109,20.3572897148534,-42.7167363647124,17.9365922518847,23.7936645309237,-11.8235397901087,14.5776856936137,-63.2331205708138,-68.5900484527825,14.5471008772604,44.0464541180302,-15.2284470376757,24.8869085810164,19.1653261730062,-10.2482776497341,-24.4600637869466,4.49846867217003,-75.0509391985141,0.268000502767556,-4.90455858481551,41.1344348038886,-8.07071398138,-6.4868313459613,-9.85414078920687,-8.21356668102401,4.28809696221255,-70.2056534708121,-44.0316694528398
10.1631781437454,-0.694391147640133,33.0810741599841,3.49278270551109,20.3572897148534,-42.7167363647124,17.9365922518847,23.7936645309237,-7.93852919643632,14.5776856936137,-63.2331205708138,-9.85431278576617,14.5471008772604,44.0464541180302,-15.2284470376757,24.8869085810164,20.4313862119191,-5.79410521398038,-24.4600637869466,4.49846867217003,-24.3995862240825,0.268000502767556,-4.90455858481551,41.1344348038886,-8.07071398138,0.214552666060314,-9.85414078920687,-8.21356668102401,13.0406648823296,-70.2056534708121,-44.0316694528398
10.1631781437454,-0.694391147640133,33.0810741599841,6.13256299042379,20.3572897148534,-42.7167363647124,17.9365922518847,27.9552628550542,-2.27602752021886,14.5776856936137,-56.8975560563019,-9.85431278576617,14.5471008772604,44.0464541180302,-15.2284470376757,24.8869085810164,20.4313862119191,-5.79410521398038,-24.4600637869466,4.49846867217003,-24.3995862240825,0.268000502767556,9.36100386282105,41.1344348038886,-8.07071398138,0.214552666060314,-9.85414078920687,-8.21356668102401,13.6818319601427,-70.2056534708121,-44.0316694528398
10.1631781437454,-0.694391147640133,33.0810741599841,6.13256299042379,22.7383926684545,-42.7167363647124,17.9365922518847,27.9552628550542,-2.27602752021886,21.3625542445968,-56.8975560563019,-4.07703181304895,14.5471008772604,44.0464541180302,-15.2284470376757,24.8869085810164,20.4313862119191,-5.79410521398038,-24.4600637869466,4.49846867217003,11.0379868401836,0.268000502767556,9.36100386282105,41.1344348038886,-8.07071398138,0.214552666060314,-9.85414078920687,-8.21356668102401,13.6818319601427,-70.2056534708121,-44.0316694528398
10.1631781437454,-0.694391147640133,33.0810741599841,6.13256299042379,22.7383926684545,-42.7167363647124,17.9365922518847,27.9552628550542,-2.27602752021886,21.3625542445968,-56.8975560563019,-4.07703181304895,14.5471008772604,44.0464541180302,-15.2284470376757,24.8869085810164,20.4313862119191,-5.79410521398038,-24.4600637869466,20.001106075323,11.0379868401836,0.268000502767556,9.36100386282105,41.1344348038886,-8.07071398138,0.214552666060314,-9.85414078920687,-8.21356668102401,13.6818319601427,-70.2056534708121,-44.0316694528398
10.1631781437454,-0.694391147640133,33.6754772582094,6.13256299042379,22.7383926684545,-36.7770726316113,17.9365922518847,27.9552628550542,-2.27602752021886,21.3625542445968,-56.8975560563019,-4.07703181304895,14.5471008772604,44.0464541180302,-15.2284470376757,24.8869085810164,20.4313862119191,-5.79410521398038,-24.4600637869466,20.001106075323,11.0379868401836,13.2934288004025,9.36100386282105,41.1344348038886,-8.07071398138,0.214552666060314,1.68092249765282,-8.21356668102401,13.6818319601427,-70.2056534708121,-44.0316694528398
10.1631781437454,-0.653179919640422,33.6754772582094,6.13256299042379,22.7383926684545,-36.7770726316113,17.9365922518847,27.9552628550542,19.9518326828845,21.3625542445968,-56.8975560563019,-4.07703181304895,14.5471008772604,44.0464541180302,-15.2284470376757,24.8869085810164,20.4313862119191,-5.79410521398038,-24.4600637869466,20.001106075323,11.0379868401836,13.2934288004025,9.36100386282105,41.1344348038886,-8.07071398138,0.214552666060314,1.68092249765282,-8.21356668102401,13.6818319601427,-70.2056534708121,-44.0316694528398
10.1631781437454,6.88263479147062,33.6754772582094,6.13256299042379,22.7383926684545,-36.7770726316113,23.3365634361375,27.9552628550542,19.9518326828845,21.3625542445968,-56.8975560563019,-4.07703181304895,14.5471008772604,44.0464541180302,-15.2284470376757,24.8869085810164,20.4313862119191,-5.79410521398038,-24.4600637869466,20.001106075323,11.0379868401836,13.2934288004025,9.36100386282105,41.1344348038886,-8.07071398138,0.214552666060314,1.68092249765282,8.18202265063796,13.6818319601427,-70.2056534708121,-44.0316694528398
10.1631781437454,6.88263479147062,33.6754772582094,6.13256299042379,22.7383926684545,-36.7770726316113,23.3365634361375,27.9552628550542,19.9518326828845,46.2246506482196,-56.8975560563019,-4.07703181304895,14.5471008772604,44.0464541180302,-15.2284470376757,24.8869085810164,20.4313862119191,-5.79410521398038,-19.6321006722889,20.001106075323,11.0379868401836,13.2934288004025,9.36100386282105,41.1344348038886,-8.07071398138,0.214552666060314,1.68092249765282,8.18202265063796,13.6818319601427,-70.2056534708121,-44.0316694528398
12.304694519595,6.88263479147062,33.6754772582094,6.13256299042379,22.7383926684545,-36.7770726316113,23.3365634361375,27.9552628550542,19.9518326828845,46.2246506482196,-56.8975560563019,-4.07703181304895,14.5471008772604,44.0464541180302,-15.2284470376757,24.8869085810164,20.4313862119191,-5.79410521398038,20.2500771628128,20.001106075323,11.0379868401836,13.2934288004025,9.36100386282105,41.1344348038886,-8.07071398138,0.214552666060314,1.68092249765282,8.18202265063796,13.6818319601427,-70.2056534708121,-44.0316694528398
12.304694519595,6.88263479147062,33.6754772582094,6.13256299042379,22.7383926684545,-36.7770726316113,23.3365634361375,27.9552628550542,19.9518326828845,46.2246506482196,-56.8975560563019,-4.07703181304895,14.5471008772604,44.0464541180302,-15.2284470376757,24.8869085810164,20.4313862119191,-5.79410521398038,20.2500771628128,20.001106075323,11.0379868401836,13.2934288004025,9.36100386282105,41.1344348038886,-8.07071398138,0.214552666060314,26.7081404187078,8.18202265063796,13.6818319601427,-70.2056534708121,-44.0316694528398
25.2072189776743,6.88263479147062,33.6754772582094,6.43508596918643,34.7307731416677,-36.7770726316113,23.3365634361375,27.9552628550542,19.9518326828845,46.2246506482196,-56.8975560563019,-4.07703181304895,14.5471008772604,44.0464541180302,-15.2284470376757,24.8869085810164,20.4313862119191,-5.79410521398038,20.2500771628128,20.001106075323,11.0379868401836,17.5124760898489,9.36100386282105,41.1344348038886,-8.07071398138,0.214552666060314,26.7081404187078,8.18202265063796,13.6818319601427,-70.2056534708121,-44.0316694528398
25.2072189776743,6.88263479147062,33.6754772582094,25.1654413280981,34.7307731416677,-36.7770726316113,23.3365634361375,27.9552628550542,19.9518326828845,46.2246506482196,-56.8975560563019,-4.07703181304895,14.5471008772604,44.0464541180302,-15.2284470376757,24.8869085810164,26.8219460956825,-5.79410521398038,20.2500771628128,20.001106075323,11.0379868401836,17.5124760898489,9.36100386282105,41.1344348038886,0.273787691854238,0.24119408604065,26.7081404187078,8.18202265063796,13.6818319601427,-70.2056534708121,-27.022300371537
25.7869500985004,6.88263479147062,33.6754772582094,25.1654413280981,34.7307731416677,-36.7770726316113,23.3365634361375,27.9552628550542,19.9518326828845,46.2246506482196,-56.8975560563019,-4.07703181304895,14.5471008772604,44.0464541180302,-10.9247610531658,24.8869085810164,26.8219460956825,-5.79410521398038,20.2500771628128,20.001106075323,11.0379868401836,17.5124760898489,9.36100386282105,41.1344348038886,0.273787691854238,0.24119408604065,26.7081404187078,8.18202265063796,13.6818319601427,-69.895096293113,-27.022300371537
25.7869500985004,6.88263479147062,33.6754772582094,25.1654413280981,34.7307731416677,-36.7770726316113,23.3365634361375,27.9552628550542,19.9518326828845,46.2246506482196,-51.8477846805199,13.4183651888238,34.6008202402247,44.0464541180302,-10.9247610531658,24.8869085810164,26.8219460956825,-5.79410521398038,20.2500771628128,20.001106075323,11.0379868401836,17.5124760898489,9.36100386282105,41.1344348038886,0.273787691854238,0.24119408604065,26.7081404187078,8.18202265063796,13.6818319601427,-24.6763897075033,-27.022300371537
25.7869500985004,6.88263479147062,33.6754772582094,25.1654413280981,34.7307731416677,-36.7770726316113,23.3365634361375,32.9416244282504,19.9518326828845,46.2246506482196,-51.8477846805199,13.4183651888238,34.6008202402247,44.0464541180302,-5.00765306145012,24.8869085810164,33.1888148758129,-5.79410521398038,20.2500771628128,20.001106075323,11.0379868401836,17.5124760898489,9.36100386282105,41.1344348038886,0.273787691854238,0.24119408604065,26.7081404187078,8.18202265063796,19.9519231136565,-24.6763897075033,-27.022300371537
25.7869500985004,6.88263479147062,33.6754772582094,25.1654413280981,34.7307731416677,-27.5815417849615,23.3365634361375,32.9416244282504,19.9518326828845,46.2246506482196,-51.8477846805199,13.4183651888238,34.6008202402247,44.0464541180302,-5.00765306145012,24.8869085810164,33.1888148758129,-5.79410521398038,20.2500771628128,20.001106075323,11.0379868401836,17.5124760898489,10.5834217656322,41.1344348038886,0.273787691854238,0.24119408604065,26.7081404187078,8.18202265063796,19.9519231136565,-24.6763897075033,-27.022300371537
25.7869500985004,9.37477049296088,33.6754772582094,25.1654413280981,34.7307731416677,-27.5815417849615,23.3365634361375,32.9416244282504,19.9518326828845,46.2246506482196,-51.8477846805199,13.4183651888238,34.6008202402247,44.0464541180302,-5.00765306145012,24.8869085810164,33.1888148758129,-5.79410521398038,20.2500771628128,35.2217887625206,25.8709639547128,17.5124760898489,10.5834217656322,41.1344348038886,0.273787691854238,0.24119408604065,26.7081404187078,8.18202265063796,20.2488398734457,-24.6763897075033,-27.022300371537
25.7869500985004,9.37477049296088,33.6754772582094,25.1654413280981,34.7307731416677,-27.5815417849615,23.3365634361375,32.9416244282504,19.9518326828845,46.2246506482196,-41.0325435020719,13.4183651888238,34.6008202402247,44.0464541180302,-5.00765306145012,24.8869085810164,33.1888148758129,-5.79410521398038,20.2500771628128,35.2217887625206,25.8709639547128,17.5124760898489,10.5834217656322,41.1344348038886,0.273787691854238,0.24119408604065,26.7081404187078,8.18202265063796,20.2488398734457,-24.6763897075033,-6.35508562344693
25.7869500985004,9.37477049296088,33.6754772582094,25.1654413280981,34.7307731416677,-23.9982768797918,23.3365634361375,32.9416244282504,19.9518326828845,46.2246506482196,-41.0325435020719,13.4183651888238,34.6008202402247,44.0464541180302,-5.00765306145012,24.8869085810164,33.1888148758129,-5.79410521398038,20.2500771628128,35.2217887625206,25.8709639547128,17.5124760898489,10.5834217656322,41.1344348038886,0.273787691854238,0.24119408604065,26.7081404187078,8.18202265063796,20.3115050306108,-24.6763897075033,-6.35508562344693
26.1482551979899,9.37477049296088,33.6754772582094,25.1654413280981,34.7307731416677,-6.71423599929474,23.3365634361375,32.9416244282504,19.9518326828845,46.2246506482196,-41.0325435020719,13.4183651888238,34.6008202402247,44.0464541180302,-5.00765306145012,24.8869085810164,33.1888148758129,-5.79410521398038,20.2500771628128,35.2217887625206,25.8709639547128,17.5124760898489,10.5834217656322,41.1344348038886,0.273787691854238,0.24119408604065,26.7081404187078,12.6975903453099,20.3115050306108,-24.6763897075033,-6.35508562344693
26.1482551979899,9.37477049296088,33.6754772582094,25.1654413280981,34.7307731416677,-6.71423599929474,23.3365634361375,32.9416244282504,19.9518326828845,46.2246506482196,-41.0325435020719,13.4183651888238,34.6008202402247,44.0464541180302,-5.00765306145012,24.8869085810164,33.1888148758129,-0.458153262557232,20.2500771628128,35.2217887625206,25.8709639547128,24.1022344272926,10.5834217656322,41.1344348038886,0.273787691854238,1.30475223594702,26.7081404187078,13.2451970817368,20.3115050306108,-24.6763897075033,-6.35508562344693
26.1482551979899,9.37477049296088,33.6754772582094,25.1654413280981,34.7307731416677,-6.71423599929474,23.3365634361375,32.9416244282504,19.9518326828845,46.2246506482196,-41.0325435020719,13.4183651888238,34.6008202402247,44.0464541180302,-5.00765306145012,24.8869085810164,33.1888148758129,-0.458153262557232,20.2500771628128,35.2217887625206,25.8709639547128,24.1022344272926,10.5834217656322,41.1344348038886,0.273787691854238,1.30475223594702,26.7081404187078,13.2451970817368,20.3115050306108,-24.6763897075033,-6.35508562344693
26.1482551979899,9.37477049296088,33.6754772582094,25.1654413280981,39.7728201367261,-6.71423599929474,23.3365634361375,32.9416244282504,19.9518326828845,46.2246506482196,-41.0325435020719,13.4183651888238,34.6008202402247,44.0464541180302,-5.00765306145012,24.8869085810164,33.1888148758129,-0.458153262557232,20.2500771628128,35.2217887625206,25.8709639547128,24.1022344272926,10.5834217656322,41.1344348038886,0.273787691854238,1.30475223594702,26.7081404187078,13.2451970817368,20.3115050306108,-24.6763897075033,-6.35508562344693
26.3421577501476,9.37477049296088,33.6754772582094,25.1654413280981,41.9184151576448,-6.71423599929474,23.3365634361375,32.9416244282504,19.9518326828845,46.2246506482196,-41.0325435020719,13.4183651888238,34.6008202402247,44.0464541180302,-5.00765306145012,24.8869085810164,33.1888148758129,-0.458153262557232,20.2500771628128,35.2217887625206,25.8709639547128,24.1022344272926,10.5834217656322,41.1344348038886,0.273787691854238,3.78624939376427,26.7081404187078,13.2451970817368,20.3115050306108,-24.6763897075033,-6.35508562344693
26.3421577501476,9.98525536808456,33.6754772582094,25.2905382111405,41.9184151576448,-6.71423599929474,23.3365634361375,32.9416244282504,19.9518326828845,46.2246506482196,-41.0325435020719,13.4183651888238,34.6008202402247,44.0464541180302,-5.00765306145012,24.8869085810164,33.1888148758129,-0.458153262557232,20.2500771628128,35.2217887625206,25.8709639547128,28.1993413839174,10.5834217656322,41.1344348038886,6.31614075938315,3.78624939376427,41.1034458730316,13.2451970817368,22.0430375699559,-24.6763897075033,-6.35508562344693
26.3421577501476,9.98525536808456,33.6754772582094,25.2905382111405,41.9184151576448,-6.71423599929474,23.3365634361375,32.9416244282504,19.9518326828845,46.2246506482196,-41.0325435020719,13.4183651888238,34.6008202402247,44.0464541180302,-5.00765306145012,24.8869085810164,33.1888148758129,-0.458153262557232,20.2500771628128,35.2217887625206,25.8709639547128,28.1993413839174,10.5834217656322,41.1344348038886,6.31614075938315,3.78624939376427,41.1034458730316,13.2451970817368,22.0430375699559,-24.6763897075033,-6.35508562344693
26.3421577501476,31.6245080874793,33.6754772582094,25.2905382111405,41.9184151576448,-6.71423599929474,23.3365634361375,32.9416244282504,19.9518326828845,46.2246506482196,-41.0325435020719,17.1619159938574,34.6008202402247,44.0464541180302,-4.30975648279649,24.8869085810164,33.1888148758129,-0.458153262557232,20.2500771628128,35.2217887625206,25.8709639547128,28.1993413839174,10.5834217656322,52.4708523755022,6.31614075938315,3.78624939376427,41.1034458730316,13.2451970817368,22.0430375699559,-24.6763897075033,-6.35508562344693
26.3421577501476,31.6245080874793,33.6754772582094,25.2905382111405,41.9184151576448,-6.71423599929474,26.891287812651,32.9416244282504,19.9518326828845,46.2246506482196,-41.0325435020719,17.1619159938574,34.6008202402247,44.0464541180302,-4.30975648279649,24.8869085810164,33.1888148758129,-0.458153262557232,20.2500771628128,35.2217887625206,25.8709639547128,28.1993413839174,10.5834217656322,52.4708523755022,6.31614075938315,3.78624939376427,41.1034458730316,13.2451970817368,22.0430375699559,-10.1257603779654,-6.35508562344693
26.3421577501476,31.6245080874793,33.6754772582094,25.2905382111405,41.9184151576448,-6.71423599929474,26.891287812651,34.9955413913121,19.9518326828845,46.4587209918997,-41.0325435020719,17.1619159938574,34.6008202402247,44.0464541180302,-4.30975648279649,24.8869085810164,37.9707391451299,-0.458153262557232,20.2500771628128,35.2217887625206,25.8709639547128,28.1993413839174,10.5834217656322,52.4708523755022,6.31614075938315,3.78624939376427,41.1034458730316,13.2451970817368,22.0430375699559,-10.1257603779654,-6.35508562344693
26.3421577501476,31.6245080874793,33.6754772582094,25.2905382111405,41.9184151576448,-6.71423599929474,26.891287812651,34.9955413913121,19.9518326828845,46.4587209918997,-41.0325435020719,17.1619159938574,34.6008202402247,44.0464541180302,-4.30975648279649,24.8869085810164,37.9707391451299,-0.458153262557232,20.2500771628128,35.2217887625206,25.8709639547128,28.1993413839174,10.5834217656322,52.4708523755022,6.31614075938315,3.78624939376427,41.1034458730316,13.2451970817368,22.0430375699559,-10.1257603779654,0.718047243395141
26.3421577501476,31.6245080874793,33.6754772582094,25.2905382111405,41.9184151576448,-0.662614757008136,26.891287812651,34.9955413913121,19.9518326828845,46.4587209918997,-41.0325435020719,17.1619159938574,34.6008202402247,44.0464541180302,-4.30975648279649,24.8869085810164,37.9707391451299,-0.458153262557232,21.7060159308868,35.2217887625206,25.8709639547128,28.1993413839174,10.5834217656322,52.4708523755022,6.31614075938315,3.78624939376427,41.1034458730316,13.2451970817368,22.0430375699559,-10.1257603779654,0.718047243395141
26.3421577501476,31.6245080874793,33.6754772582094,25.2905382111405,41.9184151576448,-0.662614757008136,26.891287812651,34.9955413913121,19.9518326828845,46.4587209918997,-41.0325435020719,17.1619159938574,34.6008202402247,44.0464541180302,-4.30975648279649,24.8869085810164,37.9707391451299,-0.458153262557232,21.7060159308868,35.2217887625206,25.8709639547128,28.1993413839174,10.5834217656322,52.4708523755022,6.31614075938315,3.78624939376427,41.1034458730316,13.2451970817368,34.1722695501461,-10.1257603779654,0.718047243395141
26.3421577501476,31.6245080874793,33.6754772582094,25.2905382111405,41.9184151576448,27.4216687880177,26.9809140683742,34.9955413913121,19.9518326828845,46.4587209918997,-41.0325435020719,17.1619159938574,34.6008202402247,44.0464541180302,-4.30975648279649,24.8869085810164,37.9707391451299,-0.458153262557232,21.7060159308868,35.2217887625206,25.8709639547128,28.1993413839174,10.5834217656322,52.4708523755022,6.31614075938315,3.78624939376427,41.1034458730316,21.8098911806221,34.1722695501461,-10.1257603779654,0.718047243395141
32.9925731982934,31.6245080874793,33.6754772582094,25.2905382111405,41.9184151576448,27.4216687880177,31.1415800900942,34.9955413913121,22.0333426710298,46.4587209918997,-29.6083246991515,17.1619159938574,34.6008202402247,44.0464541180302,-4.30975648279649,24.8869085810164,37.9707391451299,-0.458153262557232,21.7060159308868,35.2217887625206,25.8709639547128,28.1993413839174,10.5834217656322,52.4708523755022,6.31614075938315,3.78624939376427,41.1034458730316,21.8098911806221,34.1722695501461,-10.1257603779654,0.718047243395141
32.9925731982934,31.6245080874793,47.2190451035758,25.2905382111405,41.9184151576448,27.4216687880177,31.1415800900942,34.9955413913121,22.0333426710298,46.4587209918997,-29.6083246991515,17.1619159938574,34.6008202402247,44.0464541180302,-4.30975648279649,24.8869085810164,37.9707391451299,-0.458153262557232,21.7060159308868,35.2217887625206,25.8709639547128,28.1993413839174,10.5834217656322,52.4708523755022,6.31614075938315,3.78624939376427,41.1034458730316,21.8098911806221,34.1722695501461,-10.1257603779654,0.718047243395141
32.9925731982934,31.6245080874793,47.2190451035758,25.2905382111405,41.9184151576448,27.4216687880177,31.1415800900942,34.9955413913121,22.0333426710298,46.4587209918997,-29.6083246991515,18.6449841313235,34.6008202402247,44.0464541180302,-4.30975648279649,24.8869085810164,37.9707391451299,-0.458153262557232,21.7060159308868,35.2217887625206,25.8709639547128,28.1993413839174,10.5834217656322,52.4708523755022,6.31614075938315,3.78624939376427,41.1034458730316,21.8098911806221,34.1722695501461,-10.1257603779654,0.718047243395141
32.9925731982934,31.6245080874793,47.2190451035758,25.47328292559,41.9184151576448,27.4216687880177,31.1415800900942,34.9955413913121,22.0333426710298,46.4587209918997,-29.6083246991515,18.6449841313235,34.6008202402247,44.0464541180302,-4.30975648279649,24.8869085810164,37.9707391451299,-0.458153262557232,21.7060159308868,35.2217887625206,25.8709639547128,28.1993413839174,10.5834217656322,52.4708523755022,6.31614075938315,3.78624939376427,41.1034458730316,21.8098911806221,34.1722695501461,-10.1257603779654,0.718047243395141
32.9925731982934,31.6245080874793,47.2190451035758,25.47328292559,41.9184151576448,27.4216687880177,31.1415800900942,34.9955413913121,22.0333426710298,48.7582184280292,-29.6083246991515,38.0864704890669,34.6008202402247,44.0464541180302,5.07205143820507,24.8869085810164,37.9707391451299,-0.458153262557232,21.7060159308868,35.2217887625206,25.8709639547128,28.1993413839174,10.5834217656322,52.4708523755022,17.3197451842661,3.78624939376427,41.1034458730316,21.8098911806221,34.1722695501461,-10.1257603779654,0.718047243395141
32.9925731982934,31.6245080874793,47.2190451035758,25.47328292559,41.9184151576448,27.4216687880177,31.1415800900942,34.9955413913121,22.0333426710298,48.7582184280292,-29.6083246991515,38.0864704890669,34.6008202402247,44.0464541180302,5.07205143820507,25.7660910852531,37.9707391451299,-0.458153262557232,21.7060159308868,35.2217887625206,25.8709639547128,28.1993413839174,10.5834217656322,52.4708523755022,17.3197451842661,3.78624939376427,41.1034458730316,21.8098911806221,34.1722695501461,-10.1257603779654,25.5618176061029
32.9925731982934,31.6245080874793,47.2190451035758,25.47328292559,41.9184151576448,27.4216687880177,31.1415800900942,34.9955413913121,22.0333426710298,48.7582184280292,-29.6083246991515,38.0864704890669,34.6008202402247,44.0464541180302,5.07205143820507,37.5069729079623,37.9707391451299,-0.458153262557232,21.7060159308868,35.2217887625206,25.8709639547128,28.1993413839174,10.5834217656322,52.4708523755022,17.3197451842661,3.78624939376427,41.1034458730316,21.8098911806221,34.1722695501461,-6.20785679433872,25.5618176061029
32.9925731982934,31.6245080874793,47.2190451035758,25.47328292559,41.9184151576448,27.4216687880177,31.1415800900942,34.9955413913121,22.0333426710298,48.7582184280292,-29.6083246991515,38.0864704890669,34.6008202402247,44.0464541180302,5.07205143820507,37.5069729079623,37.9707391451299,-0.458153262557232,21.7060159308868,35.2217887625206,25.8709639547128,28.1993413839174,10.5834217656322,52.4708523755022,17.3197451842661,3.78624939376427,41.1034458730316,21.8098911806221,34.1722695501461,-6.20785679433872,25.5618176061029
32.9925731982934,31.6245080874793,47.2190451035758,25.47328292559,41.9184151576448,27.4216687880177,31.1415800900942,34.9955413913121,22.0333426710298,48.7582184280292,-18.5575357659672,38.0864704890669,34.6008202402247,44.0464541180302,5.07205143820507,37.5069729079623,37.9707391451299,-0.458153262557232,21.7060159308868,35.2217887625206,25.8709639547128,28.1993413839174,10.5834217656322,52.4708523755022,17.3197451842661,3.78624939376427,41.1034458730316,29.5946394139011,34.1722695501461,-6.20785679433872,25.5618176061029
34.7582676310401,31.6245080874793,47.2190451035758,25.47328292559,41.9184151576448,27.4216687880177,31.1415800900942,40.5443225103002,22.0333426710298,48.7582184280292,-18.5575357659672,38.0864704890669,34.6008202402247,44.0464541180302,5.07205143820507,37.5069729079623,37.9707391451299,-0.458153262557232,21.7060159308868,35.2217887625206,25.8709639547128,28.1993413839174,10.5834217656322,52.4708523755022,17.3197451842661,3.78624939376427,41.1034458730316,29.5946394139011,34.1722695501461,-6.20785679433872,25.5618176061029
34.7582676310401,31.6245080874793,47.2190451035758,25.47328292559,41.9184151576448,27.4216687880177,31.1415800900942,40.5443225103002,22.0333426710298,48.7582184280292,-18.5575357659672,38.0864704890669,34.6008202402247,49.5070817555481,5.07205143820507,37.5069729079623,37.9707391451299,1.53580023114792,21.7060159308868,35.2217887625206,25.8709639547128,38.9901079470084,10.5834217656322,52.4708523755022,17.3197451842661,3.78624939376427,41.1034458730316,29.5946394139011,34.1722695501461,-6.20785679433872,25.5618176061029
34.7582676310401,31.6245080874793,47.2190451035758,25.47328292559,41.9184151576448,27.4216687880177,31.1415800900942,40.5443225103002,22.0333426710298,48.7582184280292,-18.5575357659672,38.0864704890669,34.6008202402247,49.5070817555481,5.07205143820507,37.5069729079623,37.9707391451299,3.30391270195166,24.103915830104,35.2217887625206,25.8709639547128,38.9901079470084,10.5834217656322,52.4708523755022,17.3197451842661,3.78624939376427,41.1034458730316,29.5946394139011,34.1722695501461,-6.20785679433872,25.5618176061029
34.7582676310401,31.6245080874793,47.2190451035758,25.47328292559,41.9184151576448,27.4216687880177,31.1415800900942,40.5443225103002,22.0333426710298,48.7582184280292,-18.5575357659672,38.0864704890669,34.6008202402247,49.5070817555481,11.7750735085198,37.5069729079623,37.9707391451299,3.30391270195166,24.103915830104,35.2217887625206,25.8709639547128,38.9901079470084,10.5834217656322,52.4708523755022,17.3197451842661,3.78624939376427,41.1034458730316,29.5946394139011,34.1722695501461,-6.20785679433872,25.5618176061029
34.7582676310401,31.6245080874793,47.2190451035758,25.47328292559,44.3474683048222,27.4216687880177,31.1415800900942,40.5443225103002,22.0333426710298,48.7582184280292,-18.5575357659672,38.0864704890669,34.6008202402247,49.5070817555481,11.7750735085198,37.5069729079623,37.9707391451299,3.30391270195166,24.4432363362348,35.2217887625206,25.8709639547128,38.9901079470084,10.5834217656322,52.4708523755022,17.3197451842661,5.06772730602169,41.1034458730316,29.5946394139011,34.1722695501461,-6.20785679433872,25.5618176061029
34.7582676310401,34.0902507381153,47.2190451035758,25.47328292559,44.3474683048222,27.4216687880177,31.1415800900942,40.5443225103002,22.0333426710298,48.7582184280292,-18.5575357659672,38.0864704890669,34.6008202402247,49.5070817555481,19.5950324761188,37.5069729079623,37.9707391451299,10.6028006109048,24.4432363362348,35.2217887625206,25.8709639547128,38.9901079470084,10.5834217656322,52.4708523755022,17.3197451842661,5.06772730602169,42.2933668267834,29.5946394139011,34.1722695501461,-6.20785679433872,25.5618176061029
34.7582676310401,34.0902507381153,47.2190451035758,25.47328292559,44.3474683048222,27.4216687880177,31.1415800900942,40.5443225103002,22.0333426710298,48.7582184280292,-18.5575357659672,38.0864704890669,34.6008202402247,49.5070817555481,19.5950324761188,37.5069729079623,37.9707391451299,10.6028006109048,24.4432363362348,35.9483561564399,25.8709639547128,38.9901079470084,10.5834217656322,52.4708523755022,17.3197451842661,5.06772730602169,42.2933668267834,29.5946394139011,34.1722695501461,-6.20785679433872,25.5618176061029
34.7582676310401,34.0902507381153,47.2190451035758,25.47328292559,44.3474683048222,27.4216687880177,31.1415800900942,40.5443225103002,22.0333426710298,48.7582184280292,-18.5575357659672,38.0864704890669,34.6008202402247,49.5070817555481,19.5950324761188,37.5069729079623,37.9707391451299,10.6028006109048,24.4432363362348,35.9483561564399,25.8709639547128,38.9901079470084,10.5834217656322,52.4708523755022,30.7725540638142,5.06772730602169,42.2933668267834,29.5946394139011,34.1722695501461,-6.20785679433872,25.5618176061029
34.7582676310401,34.0902507381153,47.2190451035758,25.47328292559,44.3474683048222,27.4216687880177,31.1415800900942,40.5443225103002,22.0333426710298,48.7582184280292,-18.5575357659672,38.0864704890669,34.6008202402247,49.5070817555481,19.5950324761188,37.5069729079623,37.9707391451299,10.6028006109048,24.4432363362348,35.9483561564399,25.8709639547128,38.9901079470084,10.5834217656322,52.4708523755022,30.7725540638142,5.06772730602169,42.2933668267834,29.5946394139011,34.1722695501461,-1.15036989076845,25.5618176061029
34.7582676310401,34.0902507381153,47.2190451035758,25.47328292559,44.3474683048222,27.4216687880177,31.9318753899504,40.7325535772865,22.0333426710298,48.7582184280292,-18.5575357659672,38.0864704890669,34.6008202402247,49.5070817555481,19.5950324761188,39.0670806135488,37.9707391451299,10.6028006109048,24.4432363362348,35.9483561564399,25.8709639547128,38.9901079470084,10.5834217656322,52.4708523755022,30.7725540638142,5.06772730602169,42.2933668267834,29.5946394139011,34.1722695501461,-1.15036989076845,25.5618176061029
34.7582676310401,39.5495163297293,47.2190451035758,25.47328292559,44.3474683048222,27.4216687880177,31.9318753899504,40.7325535772865,22.0333426710298,48.7582184280292,-18.5575357659672,38.0864704890669,34.6008202402247,49.5070817555481,19.5950324761188,39.0670806135488,37.9707391451299,10.6028006109048,24.4432363362348,35.9483561564399,25.8709639547128,38.9901079470084,10.5834217656322,52.4708523755022,30.7725540638142,5.06772730602169,42.2933668267834,29.5946394139011,34.1722695501461,-1.15036989076845,25.5618176061029
34.7582676310401,39.5495163297293,47.2190451035758,25.47328292559,44.3474683048222,27.4216687880177,31.9318753899504,40.7325535772865,22.0333426710298,48.7582184280292,-18.5575357659672,38.0864704890669,34.6008202402247,49.5070817555481,19.5950324761188,39.0670806135488,37.9707391451299,10.6028006109048,24.4432363362348,35.9483561564399,25.8709639547128,38.9901079470084,10.5834217656322,52.4708523755022,30.7725540638142,5.57392276883709,48.8208549217492,29.5946394139011,34.1722695501461,-1.15036989076845,25.5618176061029
34.7582676310401,46.1835290173375,47.2190451035758,25.47328292559,44.3474683048222,27.4216687880177,31.9318753899504,40.7325535772865,22.0333426710298,48.7582184280292,-18.5575357659672,38.0864704890669,34.6008202402247,49.5070817555481,19.5950324761188,39.0670806135488,37.9707391451299,10.6028006109048,24.4432363362348,35.9483561564399,25.8709639547128,38.9901079470084,10.5834217656322,52.4708523755022,30.7725540638142,5.57392276883709,48.8208549217492,29.5946394139011,34.1722695501461,-1.15036989076845,25.5618176061029
34.7582676310401,46.1835290173375,47.2190451035758,25.47328292559,44.3474683048222,27.4216687880177,31.9318753899504,41.1070793939146,22.0333426710298,48.7582184280292,-18.5575357659672,38.0864704890669,34.6008202402247,49.5070817555481,19.5950324761188,39.0670806135488,37.9707391451299,10.6028006109048,24.4432363362348,35.9483561564399,25.8709639547128,38.9901079470084,10.5834217656322,52.4708523755022,30.7725540638142,5.57392276883709,48.8208549217492,29.5946394139011,34.1722695501461,-1.15036989076845,25.5618176061029
34.7582676310401,46.1835290173375,47.2190451035758,25.47328292559,44.3474683048222,27.4216687880177,31.9318753899504,41.1070793939146,22.0333426710298,48.7582184280292,-18.5575357659672,38.0864704890669,34.6008202402247,49.5070817555481,19.5950324761188,39.0670806135488,37.9707391451299,10.6028006109048,24.4432363362348,35.9483561564399,32.3038881000079,38.9901079470084,10.5834217656322,52.4708523755022,30.7725540638142,5.57392276883709,48.8208549217492,29.5946394139011,34.1722695501461,-1.15036989076845,25.5618176061029
34.7582676310401,46.1835290173375,47.2190451035758,26.4269005592499,44.3474683048222,27.4216687880177,31.9318753899504,41.1070793939146,29.5939757746729,48.7582184280292,-15.694809530921,38.0864704890669,34.6008202402247,49.5070817555481,19.5950324761188,39.0670806135488,39.3402339908938,11.7780738723515,24.4432363362348,37.2314468684837,32.3038881000079,38.9901079470084,20.657579492049,52.4708523755022,30.7725540638142,5.57392276883709,48.8208549217492,29.5946394139011,34.1722695501461,-1.15036989076845,25.5618176061029
34.7582676310401,46.1835290173375,47.2190451035758,26.4269005592499,44.3474683048222,27.4216687880177,31.9318753899504,41.1070793939146,29.5939757746729,48.7582184280292,-15.694809530921,38.0864704890669,34.6008202402247,49.5070817555481,19.5950324761188,39.0670806135488,39.3402339908938,11.7780738723515,24.4432363362348,37.2314468684837,32.3038881000079,38.9901079470084,20.657579492049,52.4708523755022,30.7725540638142,6.38509890845455,48.8208549217492,41.5497224504495,34.1722695501461,-1.15036989076845,25.5618176061029
36.452688099044,46.1835290173375,47.2190451035758,26.4269005592499,46.982224487873,27.4216687880177,31.9318753899504,41.1070793939146,29.5939757746729,48.7582184280292,-15.694809530921,38.0864704890669,34.6008202402247,49.5070817555481,19.5950324761188,41.6172191619308,39.3402339908938,11.7780738723515,24.4432363362348,37.2314468684837,32.3038881000079,39.6124231596836,20.657579492049,52.4708523755022,30.7725540638142,6.38509890845455,48.8208549217492,41.5497224504495,34.1722695501461,7.89065662407248,25.5618176061029
36.452688099044,52.0517127777951,47.2190451035758,26.4269005592499,50.7049723471307,27.4216687880177,31.9318753899504,41.1070793939146,29.5939757746729,48.7582184280292,-15.694809530921,38.0864704890669,34.6008202402247,49.5070817555481,19.5950324761188,41.6172191619308,41.5535971788533,11.7780738723515,24.4432363362348,37.2314468684837,32.3038881000079,39.6124231596836,20.657579492049,52.4708523755022,30.7725540638142,6.38509890845455,48.8208549217492,41.5497224504495,34.1722695501461,7.89065662407248,25.5618176061029
36.452688099044,52.0517127777951,47.2190451035758,26.4269005592499,50.7049723471307,27.4216687880177,31.9318753899504,41.1070793939146,29.5939757746729,48.7582184280292,-15.694809530921,38.0864704890669,34.6008202402247,49.5070817555481,19.5950324761188,41.6172191619308,41.8217536942979,11.7780738723515,24.4432363362348,37.2314468684837,32.3038881000079,39.6124231596836,20.657579492049,52.4708523755022,30.7725540638142,6.38509890845455,48.8208549217492,41.5497224504495,34.1722695501461,7.89065662407248,25.5618176061029
36.452688099044,52.0517127777951,47.2190451035758,26.4269005592499,50.7049723471307,27.4216687880177,31.9318753899504,41.1070793939146,29.5939757746729,48.7582184280292,-15.694809530921,38.0864704890669,34.6008202402247,49.5070817555481,19.5950324761188,41.6172191619308,41.8217536942979,11.7780738723515,24.4432363362348,37.2314468684837,32.3038881000079,45.9245355550809,20.657579492049,52.4708523755022,30.7725540638142,6.38509890845455,48.8208549217492,41.5497224504495,34.1722695501461,7.89065662407248,25.5618176061029
36.452688099044,52.0517127777951,47.2190451035758,32.1144381751718,50.7049723471307,27.4216687880177,31.9318753899504,41.1070793939146,29.5939757746729,48.7582184280292,-15.694809530921,38.0864704890669,34.6008202402247,49.5070817555481,19.5950324761188,41.6172191619308,44.3295211391818,11.7780738723515,24.6907007536632,37.2314468684837,32.3038881000079,45.9245355550809,20.657579492049,52.4708523755022,30.7725540638142,6.38509890845455,48.8208549217492,41.5497224504495,34.1722695501461,7.89065662407248,25.5618176061029
40.4535532808052,52.0517127777951,47.2190451035758,32.1144381751718,50.7049723471307,27.4216687880177,32.8703479752343,41.1070793939146,29.5939757746729,48.7582184280292,-15.694809530921,38.0864704890669,34.6008202402247,49.5070817555481,23.5404441553666,41.6172191619308,44.3295211391818,11.7780738723515,24.6907007536632,37.2314468684837,32.3038881000079,45.9245355550809,20.657579492049,52.4708523755022,30.7725540638142,9.8679716739107,48.8208549217492,41.5497224504495,34.1722695501461,7.89065662407248,25.5618176061029
40.4535532808052,52.0517127777951,47.2190451035758,32.1144381751718,50.7049723471307,27.4216687880177,32.8703479752343,41.1070793939146,29.5939757746729,48.7582184280292,-15.694809530921,38.0864704890669,34.6008202402247,51.9586078696239,23.5404441553666,41.6172191619308,44.3295211391818,11.7780738723515,32.1159728419798,37.2314468684837,32.3038881000079,45.9245355550809,20.657579492049,52.4708523755022,30.7725540638142,11.8791093530386,48.8208549217492,42.4521925317213,40.4598386051303,7.89065662407248,25.5618176061029
40.4535532808052,55.2866062579456,47.2190451035758,32.1144381751718,50.7049723471307,27.4216687880177,32.8703479752343,41.1070793939146,29.5939757746729,48.7582184280292,-15.694809530921,38.0864704890669,34.6008202402247,51.9586078696239,23.5404441553666,42.8407280057206,45.402275487587,16.194367782781,33.1248135303648,37.2314468684837,32.3038881000079,45.9245355550809,20.657579492049,52.4708523755022,30.7725540638142,11.8791093530386,48.8208549217492,42.4521925317213,40.4598386051303,7.89065662407248,25.5618176061029
40.4535532808052,55.2866062579456,47.2190451035758,32.1144381751718,50.7049723471307,27.4216687880177,32.8703479752343,41.1070793939146,29.5939757746729,48.7582184280292,-15.694809530921,38.0864704890669,34.6008202402247,51.9586078696239,23.5404441553666,42.8407280057206,45.402275487587,17.8503970479389,33.1248135303648,37.2314468684837,32.3038881000079,45.9245355550809,20.657579492049,54.1647719326821,30.7725540638142,11.8791093530386,48.8208549217492,42.4521925317213,40.4598386051303,7.89065662407248,25.5618176061029
40.4535532808052,55.2866062579456,47.2190451035758,32.1144381751718,50.7049723471307,27.4216687880177,32.8703479752343,41.1070793939146,29.5939757746729,48.7582184280292,-15.694809530921,38.0864704890669,34.6008202402247,51.9586078696239,23.5404441553666,42.8407280057206,45.402275487587,17.8503970479389,33.1248135303648,37.2314468684837,32.3038881000079,45.9245355550809,20.657579492049,54.1647719326821,30.7725540638142,11.8791093530386,48.8208549217492,42.4521925317213,40.4598386051303,7.89065662407248,25.5618176061029
40.4535532808052,55.2866062579456,47.2190451035758,32.1144381751718,50.7049723471307,27.4216687880177,32.8703479752343,41.1070793939146,29.5939757746729,48.7582184280292,-15.694809530921,38.0864704890669,34.6008202402247,51.9586078696239,23.5404441553666,42.8407280057206,45.402275487587,17.8503970479389,33.1248135303648,37.2314468684837,32.3038881000079,48.513466776065,20.657579492049,54.1647719326821,30.7725540638142,18.3382014321043,48.8208549217492,42.4521925317213,40.4598386051303,19.5178847329562,25.5618176061029
40.4535532808052,55.2866062579456,47.2190451035758,32.1144381751718,50.7049723471307,27.4216687880177,32.8703479752343,41.1070793939146,29.5939757746729,48.7582184280292,-6.77857933868844,38.0864704890669,34.6008202402247,51.9586078696239,23.5404441553666,44.3819992785743,45.402275487587,17.8503970479389,33.1248135303648,38.0549937016151,32.3038881000079,48.513466776065,20.657579492049,54.1647719326821,30.7725540638142,18.3382014321043,48.9276692290288,42.4521925317213,40.4598386051303,19.5178847329562,25.5618176061029
40.4535532808052,55.2866062579456,47.2190451035758,32.1144381751718,50.7049723471307,27.4216687880177,34.5082909326041,41.1070793939146,29.5939757746729,48.7582184280292,-6.77857933868844,38.0864704890669,34.6008202402247,51.9586078696239,23.5404441553666,44.3819992785743,48.0163084434823,17.8503970479389,36.2648893893379,40.3593907720575,32.3038881000079,48.513466776065,20.657579492049,54.1647719326821,30.7725540638142,18.3382014321043,48.9276692290288,42.4521925317213,40.4598386051303,19.5178847329562,25.5618176061029
40.4535532808052,55.2866062579456,47.2190451035758,32.1144381751718,50.7049723471307,27.4216687880177,40.9976390414587,41.1070793939146,29.5939757746729,48.7582184280292,-6.77857933868844,38.0864704890669,34.9790427782795,51.9586078696239,31.4885309935331,44.3819992785743,48.0163084434823,17.8503970479389,36.2648893893379,40.3593907720575,32.3038881000079,48.513466776065,20.657579492049,54.1647719326821,30.7725540638142,18.3382014321043,48.9276692290288,42.4521925317213,40.4598386051303,19.5178847329562,25.5618176061029
41.1927320274521,55.8133923283837,47.2190451035758,37.9117758543658,50.7049723471307,27.4216687880177,40.9976390414587,41.1070793939146,29.5939757746729,48.7582184280292,-6.77857933868844,38.0864704890669,34.9790427782795,52.7627946099406,31.4885309935331,44.3819992785743,48.0163084434823,34.4504635269969,36.2648893893379,40.3593907720575,32.3038881000079,48.513466776065,20.657579492049,54.1647719326821,30.7725540638142,18.3382014321043,48.9276692290288,42.4521925317213,40.4598386051303,19.5178847329562,25.5618176061029
41.1927320274521,56.192008431781,47.2190451035758,37.9117758543658,50.7049723471307,27.4216687880177,40.9976390414587,41.6430093008468,29.8611349641208,48.7582184280292,-4.25631710789104,38.0864704890669,34.9790427782795,52.7627946099406,31.4885309935331,44.3819992785743,48.0163084434823,34.4504635269969,36.2648893893379,43.3915612891516,39.5689768873121,48.513466776065,20.657579492049,54.1647719326821,30.7725540638142,25.5160894851687,48.9276692290288,42.4521925317213,45.8881557851876,19.5178847329562,25.5618176061029
41.1927320274521,56.192008431781,47.2190451035758,37.9117758543658,50.7049723471307,27.4216687880177,40.9976390414587,41.6430093008468,29.8611349641208,48.7582184280292,-4.25631710789104,38.0864704890669,34.9790427782795,53.3443649574749,31.4885309935331,44.3819992785743,48.0163084434823,34.4504635269969,36.2648893893379,43.3915612891516,39.5689768873121,50.1482691840795,20.657579492049,54.1647719326821,30.7725540638142,25.5160894851687,48.9276692290288,42.4521925317213,45.8881557851876,19.5178847329562,25.5618176061029
43.5475409102474,57.7996135840044,47.2190451035758,37.9117758543658,50.7049723471307,27.4216687880177,40.9976390414587,41.6430093008468,29.8611349641208,48.7582184280292,-4.25631710789104,38.0864704890669,34.9790427782795,55.8211913245065,31.782211195103,44.3819992785743,48.0163084434823,34.4504635269969,36.2648893893379,43.3915612891516,39.5689768873121,50.1482691840795,20.657579492049,54.1647719326821,30.7725540638142,25.5160894851687,48.9276692290288,42.4521925317213,45.8881557851876,19.5178847329562,25.762417210069
43.5475409102474,57.7996135840044,47.2190451035758,37.9117758543658,52.0781419722758,27.4216687880177,40.9976390414587,41.6430093008468,29.8611349641208,48.7582184280292,-4.25631710789104,38.0864704890669,34.9790427782795,55.8211913245065,33.0106692835113,44.3819992785743,48.0163084434823,34.4504635269969,36.2648893893379,43.3915612891516,39.5689768873121,50.1482691840795,20.657579492049,54.1647719326821,30.7725540638142,25.5160894851687,48.9276692290288,43.9657196903277,45.8881557851876,19.5178847329562,25.762417210069
43.5475409102474,57.7996135840044,47.2190451035758,37.9117758543658,52.2829315134106,32.1515326210389,40.9976390414587,41.6430093008468,29.8611349641208,48.7582184280292,-4.25631710789104,38.0864704890669,34.9790427782795,55.8211913245065,33.0106692835113,44.3819992785743,48.0163084434823,34.4504635269969,40.3950395490672,43.3915612891516,39.5689768873121,52.3268379087984,20.657579492049,54.1647719326821,30.7725540638142,25.5160894851687,48.9276692290288,43.9657196903277,45.8881557851876,19.5178847329562,25.762417210069
43.5475409102474,57.7996135840044,47.2190451035758,37.9117758543658,52.6373443698529,32.1515326210389,42.3652645328284,41.6430093008468,29.8611349641208,48.7582184280292,-4.25631710789104,38.0864704890669,34.9790427782795,55.8211913245065,35.4206149345546,44.3819992785743,48.0163084434823,39.2751483833944,40.3950395490672,43.3915612891516,39.5689768873121,52.3268379087984,20.657579492049,54.1647719326821,30.7725540638142,25.5160894851687,48.9276692290288,43.9657196903277,45.8881557851876,19.5178847329562,25.762417210069
44.999105431859,58.5899090530382,47.2190451035758,37.9117758543658,52.6373443698529,32.1515326210389,42.3652645328284,41.6430093008468,29.8611349641208,48.7582184280292,-4.25631710789104,38.0864704890669,35.8881359375122,56.7997326599955,35.9721942527345,44.3819992785743,48.0163084434823,40.277333911759,40.3950395490672,43.3915612891516,39.5689768873121,52.3268379087984,22.087234948403,55.6152744301048,30.7725540638142,25.5160894851687,48.9276692290288,43.9657196903277,45.8881557851876,19.5178847329562,25.762417210069
44.999105431859,58.5899090530382,47.2190451035758,37.9117758543658,52.6373443698529,32.1515326210389,42.3652645328284,41.6430093008468,29.8611349641208,48.7582184280292,-4.25631710789104,38.0864704890669,37.8870053147801,56.7997326599955,35.9721942527345,44.3819992785743,48.0163084434823,40.277333911759,40.3950395490672,43.3915612891516,39.5689768873121,52.3268379087984,22.087234948403,55.6152744301048,30.7725540638142,25.5160894851687,48.9276692290288,43.9657196903277,45.8881557851876,30.6618202805828,25.762417210069
44.999105431859,59.5760437726738,47.2190451035758,39.9967159987022,52.6373443698529,32.1515326210389,42.3652645328284,41.6430093008468,29.8611349641208,48.7582184280292,-4.25631710789104,38.0864704890669,37.9032779811073,56.7997326599955,35.9721942527345,45.4394087319898,48.0163084434823,40.277333911759,40.3950395490672,43.3915612891516,39.5689768873121,52.3268379087984,22.087234948403,55.6152744301048,30.7725540638142,25.5160894851687,48.9276692290288,43.9657196903277,45.8881557851876,30.6618202805828,25.762417210069
44.999105431859,59.5760437726738,47.2190451035758,39.9967159987022,52.8443726700114,32.1515326210389,42.3652645328284,41.6430093008468,29.8611349641208,55.8460122921694,-4.25631710789104,38.0864704890669,39.0692536254784,57.0431274568044,38.7088284372685,45.4394087319898,48.5605556186331,40.277333911759,40.3950395490672,45.0775868896782,41.0884630743792,52.3268379087984,22.1134589190895,55.6152744301048,30.7725540638142,25.5160894851687,48.9276692290288,44.714362627023,45.8881557851876,30.6618202805828,25.762417210069
44.999105431859,59.5760437726738,47.2190451035758,39.9967159987022,53.7812895047192,32.1515326210389,46.349128680262,41.6430093008468,29.8611349641208,55.8460122921694,-4.25631710789104,38.0864704890669,39.0692536254784,57.0431274568044,39.5110667171591,45.619323734742,48.5605556186331,44.5411284097806,40.3950395490672,45.0775868896782,41.0884630743792,52.3268379087984,22.1134589190895,55.6152744301048,30.7725540638142,25.5160894851687,48.9276692290288,44.714362627023,45.8881557851876,30.6618202805828,27.7370524403218
46.5101925955785,59.5760437726738,47.2190451035758,39.9967159987022,53.7812895047192,32.1515326210389,46.349128680262,41.6430093008468,29.8611349641208,55.8460122921694,-4.25631710789104,41.8393764751542,39.6585119583086,57.0431274568044,39.5110667171591,45.619323734742,48.5605556186331,44.5411284097806,42.7588836390037,45.0775868896782,41.0884630743792,52.3268379087984,22.1134589190895,55.6152744301048,30.7725540638142,25.5160894851687,48.9276692290288,44.714362627023,45.8881557851876,30.6618202805828,27.7370524403218
46.5101925955785,59.5760437726738,47.2190451035758,39.9967159987022,53.7812895047192,32.1515326210389,46.7678687781795,44.457255520034,30.9889526733284,55.8460122921694,-4.25631710789104,41.8393764751542,41.9580406101156,57.0431274568044,39.5110667171591,45.619323734742,48.7848637469064,44.5411284097806,42.7588836390037,45.0775868896782,41.0884630743792,52.3268379087984,22.1134589190895,57.8213296969272,30.7725540638142,25.5160894851687,49.3550215488471,44.714362627023,45.8881557851876,31.2902760966267,27.7370524403218
46.5101925955785,59.5760437726738,47.2190451035758,40.5555107339112,53.8109576176482,32.1515326210389,46.7678687781795,44.457255520034,30.9889526733284,55.8460122921694,-4.25631710789104,41.8393764751542,41.9580406101156,57.0431274568044,40.6189927690487,48.172486785944,48.7848637469064,44.5411284097806,42.7588836390037,45.0775868896782,41.8505231371372,52.3268379087984,22.1134589190895,57.8213296969272,30.7725540638142,27.5205417435336,49.3550215488471,44.714362627023,46.6438460855261,31.2902760966267,27.7370524403218
46.5101925955785,59.5760437726738,47.2190451035758,40.5555107339112,53.8109576176482,32.1515326210389,51.3062425453638,44.457255520034,30.9889526733284,55.8460122921694,-4.25631710789104,41.8393764751542,43.0914851564128,62.7514886431015,40.6189927690487,49.246503011441,48.7848637469064,50.6640473301584,42.7588836390037,45.0775868896782,41.8505231371372,52.3268379087984,22.1134589190895,57.8213296969272,30.7725540638142,27.5205417435336,49.3550215488471,44.714362627023,46.6438460855261,31.2902760966267,27.7370524403218
47.1883019119174,59.6582173614166,47.2190451035758,40.5555107339112,53.8109576176482,32.1515326210389,52.101202166376,44.457255520034,31.2236351503102,55.8460122921694,-4.25631710789104,41.8393764751542,46.5676580382261,62.7514886431015,41.2083175405867,49.246503011441,48.7848637469064,50.6640473301584,42.7588836390037,45.0775868896782,41.8505231371372,52.3268379087984,22.1134589190895,57.8213296969272,30.7725540638142,27.5205417435336,49.3550215488471,44.714362627023,46.6438460855261,31.2902760966267,27.7370524403218
47.1883019119174,60.1033083269058,47.2190451035758,40.5555107339112,53.8109576176482,32.1515326210389,52.101202166376,44.457255520034,32.0082921030044,59.5926327195026,28.1840011034062,41.8393764751542,46.5676580382261,62.7514886431015,41.8378953715684,49.246503011441,48.8830748209253,50.6640473301584,42.7588836390037,45.0775868896782,41.8505231371372,52.3268379087984,22.1134589190895,57.8213296969272,30.7725540638142,27.5205417435336,52.6764553242399,44.714362627023,46.6438460855261,31.2902760966267,27.7370524403218
47.1883019119174,60.1033083269058,48.5043874091587,40.5555107339112,53.8109576176482,32.1515326210389,52.101202166376,44.457255520034,32.5291491731031,62.0674235219967,28.1840011034062,41.8393764751542,46.9311637663077,62.7514886431015,41.8378953715684,49.5062850914618,48.8830748209253,50.6640473301584,42.7588836390037,45.0775868896782,41.8505231371372,52.5607097865811,27.2520300175492,57.8213296969272,30.7725540638142,27.5205417435336,52.6764553242399,44.714362627023,46.6438460855261,31.2902760966267,37.184048396276
47.1883019119174,60.1033083269058,48.5043874091587,40.5555107339112,53.8109576176482,32.1515326210389,52.8673465034903,44.457255520034,34.0771294456032,62.0674235219967,28.1840011034062,41.8393764751542,46.9311637663077,63.044423634925,41.8378953715684,49.8647777972646,48.8830748209253,50.6640473301584,42.7588836390037,45.0775868896782,41.8505231371372,52.5607097865811,27.2520300175492,59.488570600405,30.7725540638142,27.5205417435336,52.6764553242399,44.714362627023,46.6438460855261,31.2902760966267,37.184048396276
47.1883019119174,60.1033083269058,48.5043874091587,40.5555107339112,53.8109576176482,32.1515326210389,52.8673465034903,44.457255520034,34.0771294456032,62.0674235219967,28.1840011034062,41.8393764751542,46.9311637663077,63.044423634925,41.8378953715684,49.8647777972646,48.8830748209253,50.6640473301584,42.7588836390037,45.0775868896782,41.8505231371372,53.6244790750749,27.2520300175492,59.488570600405,30.7725540638142,27.5205417435336,52.8121003842448,44.714362627023,46.6438460855261,31.2902760966267,37.184048396276
47.1883019119174,60.1033083269058,49.7131688368633,42.1995760898498,53.8109576176482,32.1515326210389,52.8673465034903,44.457255520034,34.0771294456032,62.546386900207,28.1840011034062,41.8393764751542,48.152216081431,63.044423634925,41.8378953715684,49.8647777972646,48.8830748209253,50.6640473301584,42.7588836390037,46.0393620896034,41.8505231371372,57.8226473494897,27.2520300175492,59.488570600405,30.7725540638142,27.5205417435336,52.8121003842448,44.714362627023,46.6438460855261,31.2902760966267,37.184048396276
47.1883019119174,60.1033083269058,49.7131688368633,42.1995760898498,53.8109576176482,32.1515326210389,52.8673465034903,44.457255520034,34.0771294456032,62.546386900207,28.1840011034062,41.8393764751542,49.2188639239844,63.4457726597879,41.8378953715684,49.8647777972646,48.9784841543939,50.6640473301584,42.7588836390037,46.9920915493746,41.8505231371372,57.8226473494897,27.2520300175492,60.7385443468151,30.7725540638142,27.5205417435336,52.8121003842448,46.6326585771708,49.0675490178527,31.2902760966267,37.184048396276
47.1883019119174,61.338055607251,49.7131688368633,42.1995760898498,53.8109576176482,32.1515326210389,52.9266613087197,44.457255520034,35.5463309348643,62.546386900207,28.1840011034062,41.8393764751542,49.2188639239844,63.4457726597879,41.8378953715684,49.8647777972646,48.9784841543939,50.6640473301584,42.7588836390037,46.9920915493746,41.8505231371372,57.8226473494897,27.2520300175492,60.7385443468151,30.7725540638142,28.3421572962021,52.8121003842448,46.6326585771708,49.0675490178527,31.2902760966267,37.184048396276
47.1883019119174,61.338055607251,50.5376125823119,42.1995760898498,54.3539249423158,32.1515326210389,52.9266613087197,44.457255520034,35.5463309348643,62.8784690844959,28.1840011034062,41.8393764751542,49.3229092124909,63.4457726597879,41.8378953715684,51.1145367480495,48.9784841543939,50.6640473301584,44.165404469456,46.9920915493746,41.8505231371372,57.8226473494897,27.2520300175492,60.7385443468151,30.7725540638142,28.3421572962021,52.8121003842448,46.6326585771708,49.0675490178527,31.2902760966267,37.184048396276
47.1883019119174,61.338055607251,52.0670946478132,42.1995760898498,54.3539249423158,32.1515326210389,54.0296657814633,44.457255520034,35.5463309348643,65.4507727899809,28.1840011034062,41.8393764751542,50.3959123412967,63.4457726597879,41.8378953715684,51.1145367480495,48.9784841543939,50.6640473301584,44.165404469456,46.9920915493746,46.9666731943161,57.8226473494897,28.3130442219368,60.7385443468151,30.7725540638142,28.3421572962021,52.8121003842448,46.6326585771708,49.0675490178527,31.2902760966267,37.184048396276
47.1883019119174,61.338055607251,52.0670946478132,42.1995760898498,54.3539249423158,38.1852804377555,54.0296657814633,46.7636084174261,35.5463309348643,65.7339571463497,28.1840011034062,41.9079673755495,50.5009016639229,64.4627310316738,41.8378953715684,51.1145367480495,48.9784841543939,50.6640473301584,44.165404469456,46.9920915493746,46.9666731943161,57.8226473494897,28.3130442219368,60.7385443468151,30.7725540638142,28.3421572962021,52.8121003842448,46.6326585771708,49.4256489927202,31.2902760966267,41.7620378014993
47.1883019119174,61.338055607251,52.0670946478132,42.1995760898498,54.3539249423158,38.1852804377555,54.0296657814633,46.7636084174261,35.5463309348643,65.7339571463497,28.1840011034062,41.9079673755495,50.5009016639229,64.4627310316738,41.8378953715684,51.1145367480495,48.9784841543939,50.6640473301584,44.165404469456,46.9920915493746,46.9666731943161,57.8226473494897,28.3130442219368,62.716207053166,30.7725540638142,28.3421572962021,52.8121003842448,46.6326585771708,52.5543333682309,32.076664261708,41.7620378014993
47.1883019119174,61.338055607251,52.0670946478132,44.073916629223,54.3539249423158,38.1852804377555,54.0296657814633,46.7636084174261,35.6695410863646,66.034521018894,28.1840011034062,41.9079673755495,50.5009016639229,64.4627310316738,41.8378953715684,51.1145367480495,48.9784841543939,50.6640473301584,44.165404469456,46.9920915493746,46.9666731943161,58.59041165983,28.3130442219368,62.716207053166,30.7725540638142,28.5254826374678,52.8121003842448,48.2792776959771,52.5543333682309,32.076664261708,41.7620378014993
47.1883019119174,61.338055607251,52.0670946478132,44.073916629223,54.3539249423158,38.1852804377555,54.0296657814633,46.9946108263736,35.6695410863646,66.4990582202883,28.1840011034062,42.1975664995946,50.5009016639229,64.4627310316738,41.8378953715684,51.1145367480495,48.9784841543939,50.6640473301584,44.165404469456,46.9920915493746,47.0466518606788,58.59041165983,28.3130442219368,62.716207053166,30.7725540638142,28.5254826374678,52.8121003842448,48.2792776959771,52.5543333682309,32.076664261708,41.7620378014993
47.5644512496876,61.338055607251,52.0670946478132,44.073916629223,54.3539249423158,38.1852804377555,54.0296657814633,46.9946108263736,35.6695410863646,66.9801173800411,28.1840011034062,42.1975664995946,50.5009016639229,64.4627310316738,41.8378953715684,51.1145367480495,48.9784841543939,50.8689144875845,44.165404469456,46.9920915493746,47.0466518606788,58.59041165983,28.3130442219368,62.716207053166,30.7725540638142,28.5254826374678,52.8121003842448,48.2792776959771,52.5543333682309,32.076664261708,41.7620378014993
47.5644512496876,61.338055607251,52.0670946478132,44.073916629223,54.3539249423158,38.1852804377555,54.0296657814633,46.9946108263736,35.6695410863646,67.7492481812964,28.1840011034062,42.1975664995946,50.5009016639229,64.4627310316738,41.8378953715684,51.1145367480495,48.9784841543939,50.8689144875845,44.165404469456,46.9920915493746,47.0466518606788,58.59041165983,28.3130442219368,62.716207053166,30.7725540638142,29.2632916684542,53.483970373703,48.2792776959771,52.5543333682309,32.076664261708,41.7620378014993
47.5644512496876,61.338055607251,52.0670946478132,44.073916629223,54.3539249423158,38.1852804377555,54.0296657814633,47.0434890277978,35.6695410863646,67.7492481812964,28.1840011034062,46.5567183546363,50.5009016639229,64.4627310316738,41.8378953715684,51.1145367480495,48.9784841543939,50.8689144875845,44.165404469456,46.9920915493746,47.0466518606788,58.59041165983,28.3130442219368,62.716207053166,30.7725540638142,29.2632916684542,53.483970373703,48.2792776959771,52.5543333682309,32.076664261708,41.7620378014993
47.5644512496876,61.338055607251,52.0670946478132,44.0771340278146,54.3539249423158,38.1852804377555,54.0296657814633,47.0434890277978,35.6695410863646,67.7492481812964,28.1840011034062,46.5567183546363,50.5009016639229,64.4627310316738,42.1242818447327,51.1145367480495,48.9784841543939,55.0055459925248,44.165404469456,47.3654623846326,47.0466518606788,59.3118598872467,28.3130442219368,65.3726392866241,30.7725540638142,29.2632916684542,53.483970373703,48.2792776959771,53.5587859542033,39.8112672191708,42.0512836784353
47.5644512496876,61.338055607251,52.0670946478132,44.0771340278146,54.3539249423158,38.1852804377555,54.0296657814633,47.0434890277978,35.6695410863646,67.7980936075309,28.1840011034062,46.5567183546363,50.5009016639229,64.5023468274642,42.1242818447327,51.1145367480495,48.9784841543939,55.0055459925248,44.165404469456,47.3654623846326,47.0466518606788,59.3118598872467,28.3130442219368,65.3726392866241,30.7725540638142,29.2632916684542,53.483970373703,51.0548372642283,53.5587859542033,39.8112672191708,42.0512836784353
47.662860466719,61.338055607251,52.0670946478132,44.0771340278146,54.3539249423158,38.1852804377555,54.0296657814633,47.0434890277978,35.6695410863646,67.7980936075309,28.1840011034062,46.5567183546363,50.5009016639229,64.5023468274642,42.1242818447327,51.1145367480495,49.1920605310862,55.0055459925248,44.803457627511,47.3654623846326,47.0466518606788,59.3118598872467,28.3130442219368,65.3726392866241,30.7725540638142,30.195681943668,53.483970373703,51.0548372642283,53.5587859542033,39.8112672191708,42.0512836784353
47.662860466719,61.338055607251,52.0670946478132,44.0771340278146,54.3539249423158,38.1852804377555,54.1988309557071,47.0434890277978,35.6695410863646,67.7980936075309,28.1840011034062,46.6685138155229,50.5009016639229,64.5023468274642,42.1242818447327,51.1145367480495,49.4262320398337,55.0055459925248,44.803457627511,47.6492643966274,48.6332456797016,59.3118598872467,28.3130442219368,65.3726392866241,30.7725540638142,30.195681943668,53.483970373703,51.0548372642283,53.5587859542033,39.8112672191708,42.0512836784353
47.662860466719,61.338055607251,52.1451303234908,44.0771340278146,54.3539249423158,38.1852804377555,54.1988309557071,48.0018538441722,35.8875976556266,67.7980936075309,28.1840011034062,46.6685138155229,50.5009016639229,65.2143345863582,42.1242818447327,51.1145367480495,49.4262320398337,55.0055459925248,47.034598240543,47.6492643966274,48.6332456797016,60.5499884926274,28.3130442219368,65.3726392866241,30.7725540638142,30.195681943668,53.9313088946677,51.0548372642283,53.5587859542033,39.8112672191708,42.0512836784353
47.662860466719,61.338055607251,52.1451303234908,44.0771340278146,54.3539249423158,38.1852804377555,54.1988309557071,48.0018538441722,35.9887703010059,67.7980936075309,28.1840011034062,46.6685138155229,50.5009016639229,65.2143345863582,42.1242818447327,51.1145367480495,49.4262320398337,55.0055459925248,47.034598240543,47.6492643966274,48.6332456797016,60.5499884926274,28.3130442219368,65.3726392866241,30.7725540638142,31.068662278281,56.4728126894324,51.0548372642283,56.1571727092563,39.8112672191708,42.0512836784353
47.662860466719,61.338055607251,52.1451303234908,44.0771340278146,54.3539249423158,38.1852804377555,54.1988309557071,48.0018538441722,35.9887703010059,67.7980936075309,28.1840011034062,47.4680582547367,50.9511218271227,65.2143345863582,42.1242818447327,51.1145367480495,49.4262320398337,55.0055459925248,47.034598240543,47.9676425480539,48.6332456797016,60.5499884926274,34.454043237899,65.3726392866241,30.7725540638142,31.068662278281,56.4728126894324,51.0548372642283,56.1571727092563,43.7297021349923,42.0512836784353
47.8510718443118,61.338055607251,52.1451303234908,44.0771340278146,54.3539249423158,38.1852804377555,54.1988309557071,48.4054509718424,35.9887703010059,67.7980936075309,28.1840011034062,47.4680582547367,50.9511218271227,65.7558928850355,42.1242818447327,51.1145367480495,49.4262320398337,55.0055459925248,51.1142998781943,47.9676425480539,50.9800032557534,60.5499884926274,34.454043237899,65.3726392866241,30.7725540638142,31.068662278281,56.4728126894324,51.5754740771224,56.1571727092563,43.9162595851179,43.0187875749167
47.8510718443118,61.338055607251,52.1451303234908,44.0771340278146,54.3539249423158,38.4243779414953,54.1988309557071,48.4054509718424,36.0724097136379,67.7980936075309,28.1840011034062,47.4680582547367,50.9511218271227,66.1907933740239,42.1242818447327,51.1145367480495,49.4262320398337,55.0055459925248,51.1142998781943,47.9676425480539,50.9800032557534,60.5499884926274,34.454043237899,65.3726392866241,30.7725540638142,32.7669002907729,58.6980313987357,51.5754740771224,56.1571727092563,43.9162595851179,43.0187875749167
47.8510718443118,61.338055607251,52.1451303234908,44.1076046932699,54.4452698114037,39.9908038552318,54.1988309557071,48.4054509718424,36.0724097136379,67.7980936075309,28.1840011034062,47.4680582547367,50.9511218271227,66.1907933740239,42.1242818447327,51.1145367480495,49.4262320398337,58.198895825591,51.1142998781943,48.5499525155396,50.9800032557534,60.5499884926274,34.454043237899,65.3726392866241,30.7725540638142,32.7669002907729,58.6980313987357,51.5754740771224,56.1571727092563,43.9162595851179,43.0187875749167
47.8510718443118,61.338055607251,52.1451303234908,44.1076046932699,54.8235146553596,39.9908038552318,54.1988309557071,48.4054509718424,36.0724097136379,67.7980936075309,28.1840011034062,47.4680582547367,50.9511218271227,66.1907933740239,42.1242818447327,51.1145367480495,49.4262320398337,58.198895825591,51.1142998781943,49.2917152224369,50.9800032557534,60.5499884926274,34.454043237899,65.3726392866241,30.7725540638142,32.7669002907729,58.6980313987357,51.5754740771224,57.1569304812111,43.9162595851179,43.0187875749167
47.8510718443118,61.338055607251,52.1451303234908,49.5876231122255,54.8235146553596,43.1366531307782,54.1988309557071,49.0680077715312,36.3285897473996,67.7980936075309,28.1840011034062,47.4680582547367,50.9511218271227,67.5024983408656,42.1242818447327,51.1145367480495,49.4262320398337,58.198895825591,51.1142998781943,49.2917152224369,54.7245523072788,60.5499884926274,34.454043237899,65.3726392866241,30.7725540638142,32.7669002907729,58.6980313987357,51.5754740771224,57.1569304812111,43.9162595851179,43.0187875749167
47.8510718443118,61.338055607251,52.1451303234908,49.5876231122255,54.8235146553596,43.1366531307782,54.1988309557071,49.0680077715312,36.3285897473996,67.7980936075309,28.1840011034062,47.4680582547367,50.9511218271227,67.5024983408656,42.1242818447327,51.1145367480495,49.4262320398337,58.198895825591,51.1142998781943,49.2917152224369,54.7245523072788,60.5499884926274,34.454043237899,67.0844527123878,30.7725540638142,32.7669002907729,58.6980313987357,51.5754740771224,57.1569304812111,43.9162595851179,43.0187875749167
47.8510718443118,61.338055607251,54.3325893501141,49.5876231122255,54.8235146553596,43.1366531307782,54.1988309557071,49.0680077715312,36.3285897473996,67.7980936075309,28.1840011034062,48.5910474468125,50.964112736071,67.5024983408656,42.1537449422142,51.1145367480495,49.4262320398337,58.198895825591,51.1142998781943,49.2917152224369,54.7245523072788,60.5499884926274,34.454043237899,67.0844527123878,30.7725540638142,32.7669002907729,58.6980313987357,51.5754740771224,58.1154547936402,43.9162595851179,43.0187875749167
48.5980851397625,61.338055607251,54.3325893501141,49.5876231122255,54.8235146553596,43.1366531307782,54.5753886232351,49.0680077715312,36.3285897473996,67.7980936075309,28.1840011034062,48.5910474468125,50.964112736071,67.5024983408656,42.1537449422142,51.1145367480495,49.4262320398337,58.198895825591,51.1142998781943,49.2917152224369,54.7245523072788,60.5499884926274,34.454043237899,67.0844527123878,30.7725540638142,32.7669002907729,58.6980313987357,51.5754740771224,58.1154547936402,43.9162595851179,43.0187875749167
48.5980851397625,61.338055607251,54.3325893501141,49.5876231122255,54.8235146553596,43.1366531307782,54.5753886232351,49.0680077715312,36.3285897473996,67.7980936075309,28.1840011034062,48.5910474468125,50.964112736071,67.7842185612189,42.1537449422142,51.3292559847206,49.4262320398337,58.198895825591,51.1142998781943,49.2917152224369,54.7245523072788,60.5499884926274,34.454043237899,67.6739485535256,30.7725540638142,32.7669002907729,58.6980313987357,51.5754740771224,58.1154547936402,43.9162595851179,43.0187875749167
48.5980851397625,61.338055607251,54.3325893501141,49.5876231122255,54.8235146553596,43.1366531307782,54.5753886232351,49.0680077715312,36.3285897473996,67.7980936075309,28.1840011034062,49.8434199818272,50.964112736071,67.7842185612189,42.1537449422142,51.3292559847206,49.4262320398337,58.198895825591,51.1142998781943,49.2917152224369,54.7245523072788,60.5499884926274,34.454043237899,68.1971998092203,30.7725540638142,33.4361051686346,58.6980313987357,51.5754740771224,58.1154547936402,43.9162595851179,43.0187875749167
48.5980851397625,61.338055607251,54.3325893501141,49.5876231122255,54.8235146553596,43.1366531307782,54.5753886232351,49.0680077715312,36.3285897473996,67.7980936075309,28.1840011034062,50.3332776214646,50.964112736071,67.7842185612189,42.1694850936519,51.3292559847206,49.4262320398337,58.198895825591,51.1142998781943,49.2917152224369,54.7245523072788,60.5499884926274,34.454043237899,68.1971998092203,30.7725540638142,33.4361051686346,59.1865610337429,51.5754740771224,58.1154547936402,43.9162595851179,43.0187875749167
48.5980851397625,61.338055607251,54.3325893501141,49.5876231122255,54.8235146553596,44.6447282624087,54.5753886232351,49.8635441098385,36.3285897473996,67.7980936075309,28.1840011034062,50.3332776214646,50.964112736071,67.7842185612189,42.1694850936519,51.3292559847206,49.4262320398337,59.727427119453,51.1142998781943,49.2917152224369,54.7245523072788,60.5499884926274,39.3329184292634,68.1971998092203,30.7725540638142,33.4361051686346,59.1865610337429,51.5754740771224,58.1154547936402,50.2123314336275,43.0187875749167
48.5980851397625,61.338055607251,54.3325893501141,49.5876231122255,54.8235146553596,44.6447282624087,54.5753886232351,49.8635441098385,36.3285897473996,67.7980936075309,28.1840011034062,50.3332776214646,50.964112736071,67.7842185612189,42.3145422337604,51.3292559847206,49.4262320398337,59.727427119453,51.3537350069461,49.2917152224369,54.7245523072788,60.5499884926274,39.3329184292634,68.1971998092203,30.7725540638142,33.6431752964673,59.1865610337429,51.5754740771224,59.5174067515125,52.5532751540132,44.16074398223
48.5980851397625,61.338055607251,54.3325893501141,49.5876231122255,54.8235146553596,44.6447282624087,54.5753886232351,49.8635441098385,36.3285897473996,67.7980936075309,28.1840011034062,52.5223866726752,50.964112736071,67.7842185612189,42.3145422337604,51.3292559847206,49.4262320398337,59.727427119453,51.3537350069461,49.2917152224369,54.7245523072788,60.5499884926274,39.3329184292634,68.1971998092203,30.7725540638142,33.6431752964673,59.43837953271,51.5754740771224,59.5174067515125,52.5532751540132,49.3534813222677
48.8572097015765,61.338055607251,54.3325893501141,49.5876231122255,54.8235146553596,44.6447282624087,54.5753886232351,49.8635441098385,36.3285897473996,68.0844684527574,28.1840011034062,52.5223866726752,50.964112736071,67.7842185612189,42.3145422337604,51.3292559847206,49.4262320398337,59.727427119453,51.3537350069461,49.8705570757816,54.7245523072788,60.5499884926274,39.3329184292634,68.1971998092203,30.7725540638142,33.6431752964673,59.43837953271,51.5754740771224,59.5174067515125,52.5532751540132,49.3534813222677
48.8572097015765,61.338055607251,54.3325893501141,49.5876231122255,54.8235146553596,44.6447282624087,54.5753886232351,49.8635441098385,36.4368967838861,68.0844684527574,28.1840011034062,52.5223866726752,50.964112736071,67.7842185612189,42.3272243723523,51.3292559847206,49.4262320398337,59.727427119453,51.3537350069461,49.8705570757816,54.7245523072788,60.5499884926274,39.3329184292634,68.1971998092203,30.7725540638142,33.6431752964673,59.43837953271,51.5754740771224,59.7871209299658,52.5532751540132,49.3534813222677
48.8572097015765,61.338055607251,54.8557923812968,49.5876231122255,54.8235146553596,44.6447282624087,54.8264281007834,49.9537069720142,36.4368967838861,68.0844684527574,28.1840011034062,52.5223866726752,50.964112736071,67.7842185612189,42.4940133951206,51.3292559847206,49.4262320398337,59.727427119453,51.3537350069461,49.8705570757816,54.7245523072788,60.5499884926274,41.9029665746637,68.1971998092203,30.7725540638142,33.6431752964673,60.8168715521791,51.5754740771224,59.7871209299658,52.5532751540132,49.3534813222677
48.8572097015765,61.338055607251,54.8557923812968,49.5876231122255,54.8235146553596,44.6447282624087,54.8264281007834,49.9537069720142,36.4762374884547,68.0844684527574,28.1840011034062,52.5223866726752,50.9724706748659,67.7842185612189,42.5209919569165,51.3292559847206,49.4262320398337,59.727427119453,51.3537350069461,49.8705570757816,54.7245523072788,60.5499884926274,41.9029665746637,68.4544783776666,30.7725540638142,33.6431752964673,60.8168715521791,51.5754740771224,59.7871209299658,52.5532751540132,49.3534813222677
48.8572097015765,61.338055607251,54.9774305446208,49.837556795787,54.8235146553596,45.1837531401266,54.8264281007834,49.9537069720142,36.4762374884547,68.0844684527574,28.1840011034062,52.5223866726752,50.9724706748659,67.7842185612189,45.9767200917989,51.3292559847206,49.4262320398337,59.727427119453,51.3537350069461,49.8705570757816,54.7245523072788,60.5499884926274,41.9029665746637,68.4544783776666,30.7725540638142,33.6431752964673,60.8168715521791,52.651543519454,59.7871209299658,52.5532751540132,49.3534813222677
48.8572097015765,61.338055607251,54.9774305446208,49.837556795787,54.8235146553596,45.1837531401266,54.8264281007834,49.9537069720142,36.4762374884547,68.1885803458818,28.1840011034062,52.5223866726752,50.9724706748659,67.7842185612189,58.8919702589019,51.3292559847206,49.4571907127234,61.5048845695243,51.8763865253885,49.8705570757816,54.7245523072788,60.5499884926274,41.9029665746637,68.6053008544343,30.7725540638142,33.6431752964673,60.8168715521791,52.651543519454,59.7871209299658,52.5532751540132,52.2924511866681
48.8572097015765,61.338055607251,54.9774305446208,49.837556795787,54.8235146553596,45.1837531401266,54.8264281007834,49.9537069720142,36.4762374884547,68.1885803458818,28.1840011034062,52.5223866726752,50.9724706748659,67.7842185612189,58.8919702589019,51.3292559847206,49.4571907127234,61.5048845695243,51.8763865253885,49.8705570757816,56.7846719258002,60.5499884926274,41.9029665746637,68.6053008544343,32.519854311369,33.7907674861981,60.8168715521791,52.651543519454,60.7174403761287,52.5532751540132,52.2924511866681
48.8572097015765,61.338055607251,54.9774305446208,49.837556795787,54.8235146553596,45.1837531401266,54.8264281007834,49.9537069720142,36.4762374884547,68.1885803458818,28.1840011034062,52.5223866726752,50.9724706748659,68.3269786238884,58.8919702589019,51.8777127056233,49.4571907127234,61.5048845695243,51.8763865253885,49.8705570757816,56.7846719258002,60.5499884926274,41.9029665746637,68.6053008544343,34.4476389387462,33.8234497301575,60.8168715521791,52.651543519454,60.7174403761287,52.5532751540132,52.2924511866681
48.8572097015765,61.338055607251,55.0642192349486,49.837556795787,54.8235146553596,45.1837531401266,54.8264281007834,49.9537069720142,36.4762374884547,68.4537924640817,28.1840011034062,52.5223866726752,50.9724706748659,68.3269786238884,58.8919702589019,51.8777127056233,49.4571907127234,61.5048845695243,51.8763865253885,49.8705570757816,56.7846719258002,60.5499884926274,41.9029665746637,68.6053008544343,34.4476389387462,33.882024508503,61.125866217878,52.651543519454,60.7174403761287,52.5532751540132,52.2924511866681
48.8572097015765,61.338055607251,55.0642192349486,49.837556795787,54.8718024742501,45.1837531401266,54.8264281007834,50.5047107165996,36.5064837910711,68.4537924640817,28.1840011034062,52.5223866726752,51.2091825475685,68.3269786238884,58.8919702589019,51.8777127056233,49.4571907127234,61.5048845695243,54.0552484200357,49.8705570757816,56.7846719258002,60.5499884926274,41.9029665746637,68.6053008544343,34.9594731818414,35.300272265908,61.125866217878,52.651543519454,60.7174403761287,55.285718777999,52.2924511866681
48.8572097015765,61.338055607251,55.0642192349486,49.837556795787,54.8718024742501,45.4558834016891,54.8264281007834,50.5047107165996,36.5064837910711,68.4537924640817,28.1840011034062,52.5223866726752,51.2091825475685,68.3269786238884,58.8919702589019,51.8777127056233,49.4791685286879,61.5048845695243,54.0552484200357,49.8705570757816,56.7846719258002,60.5499884926274,41.9029665746637,68.6053008544343,34.9594731818414,35.300272265908,61.125866217878,53.1626860070475,60.7174403761287,55.285718777999,52.2924511866681
48.8572097015765,61.338055607251,55.8305202447786,49.837556795787,54.8718024742501,45.4558834016891,54.8264281007834,50.5047107165996,36.5064837910711,68.6318962141725,28.1840011034062,52.5223866726752,51.2091825475685,68.3269786238884,58.8919702589019,51.8777127056233,49.4791685286879,61.5048845695243,54.0552484200357,49.8705570757816,56.7846719258002,60.5499884926274,41.9029665746637,68.6053008544343,37.6078739552913,35.300272265908,61.194187614334,53.1626860070475,60.7174403761287,55.285718777999,52.2924511866681
48.8572097015765,61.338055607251,55.8305202447786,49.837556795787,54.8718024742501,45.4558834016891,54.8264281007834,50.5047107165996,36.5135633290839,68.6318962141725,42.7057479764241,52.6961261938596,51.2091825475685,68.3269786238884,59.1855480003289,51.8777127056233,49.4791685286879,61.5048845695243,54.0552484200357,49.8705570757816,56.7846719258002,60.5499884926274,48.5423577411909,68.7245936980628,37.6078739552913,36.2875293273883,61.194187614334,53.1626860070475,60.7174403761287,55.285718777999,52.2924511866681
48.8572097015765,61.338055607251,55.8305202447786,49.837556795787,54.8718024742501,45.4558834016891,54.8264281007834,50.5047107165996,36.5135633290839,68.6318962141725,42.7057479764241,52.6961261938596,51.2091825475685,68.3269786238884,62.4900784799932,51.8777127056233,49.4791685286879,63.4877234475414,54.0552484200357,49.8705570757816,59.1176391766545,60.5499884926274,54.2328317408559,68.7245936980628,41.1487225602278,36.2875293273883,61.194187614334,53.1626860070475,61.0339318245826,55.285718777999,52.2924511866681
48.8572097015765,61.8551636544065,56.513280918153,51.8228818954187,54.8718024742501,45.7420533202543,54.8264281007834,50.5047107165996,36.5135633290839,68.9343450469455,42.7057479764241,52.6961261938596,51.2091825475685,68.3269786238884,62.4900784799932,51.8777127056233,49.4791685286879,65.8423723556832,54.0552484200357,49.8705570757816,59.1176391766545,60.6170898342855,54.2328317408559,68.7245936980628,41.1487225602278,36.2875293273883,61.194187614334,53.1626860070475,61.0339318245826,55.285718777999,52.2924511866681
48.8572097015765,61.8551636544065,56.513280918153,51.8228818954187,54.8718024742501,45.7420533202543,54.9648582445373,50.5047107165996,36.5141513963409,68.9343450469455,42.7057479764241,52.6961261938596,51.2091825475685,68.3925830503271,62.4900784799932,51.8777127056233,49.4791685286879,65.8423723556832,54.0552484200357,49.8705570757816,59.1176391766545,60.6170898342855,54.2328317408559,68.7245936980628,41.1487225602278,36.2875293273883,61.6830879923952,53.1626860070475,61.0339318245826,55.285718777999,52.2924511866681
48.8572097015765,61.8551636544065,56.513280918153,51.8228818954187,54.8718024742501,47.2546837558118,54.9857299228721,50.5047107165996,36.5141513963409,68.9343450469455,42.7057479764241,52.6961261938596,51.2091825475685,68.4283253295772,62.4900784799932,51.8777127056233,49.4791685286879,65.8423723556832,54.0552484200357,49.8705570757816,59.1176391766545,60.6170898342855,54.2328317408559,68.7245936980628,41.1487225602278,36.2875293273883,61.6830879923952,53.6226598353092,61.0339318245826,55.285718777999,52.2924511866681
48.8572097015765,61.8551636544065,56.8430567565232,51.8228818954187,54.8718024742501,47.2546837558118,54.9857299228721,50.5047107165996,36.5141513963409,68.9343450469455,42.7057479764241,52.6961261938596,51.2091825475685,68.4283253295772,62.4900784799932,52.1598647874011,49.4791685286879,65.8423723556832,54.0552484200357,49.8705570757816,59.1176391766545,60.6170898342855,54.2328317408559,68.7245936980628,41.1487225602278,36.2875293273883,61.6830879923952,53.6226598353092,61.1355660716073,55.285718777999,53.2956036629733
48.8572097015765,61.8551636544065,56.8430567565232,51.8228818954187,54.8718024742501,47.2546837558118,54.9857299228721,50.5047107165996,36.5510452626924,68.9343450469455,42.7057479764241,52.6961261938596,51.2091825475685,68.4283253295772,62.4900784799932,52.1598647874011,49.4791685286879,65.8423723556832,54.0552484200357,49.8705570757816,59.1176391766545,60.6170898342855,54.2328317408559,68.7245936980628,41.1487225602278,36.2875293273883,61.6830879923952,53.6226598353092,61.1355660716073,55.285718777999,53.2956036629733
49.2727015274463,61.8551636544065,56.8430567565232,52.0021157317034,54.8718024742501,47.2546837558118,54.9857299228721,50.5047107165996,36.5510452626924,68.9343450469455,42.7057479764241,52.8154673248495,51.5866977918544,68.4283253295772,63.9490670435285,52.4737683785824,49.4791685286879,65.8423723556832,54.0552484200357,49.8705570757816,59.1176391766545,60.6170898342855,54.2328317408559,68.7245936980628,46.8702239407281,36.2875293273883,61.6830879923952,53.6226598353092,61.1355660716073,55.285718777999,53.2956036629733
49.2727015274463,62.5180723159649,56.8430567565232,52.0021157317034,54.8718024742501,47.4374131830231,55.0500025400276,50.5047107165996,36.5510452626924,69.1251569130644,42.7057479764241,52.8154673248495,51.5866977918544,68.4283253295772,63.9490670435285,52.4737683785824,49.4791685286879,65.8423723556832,54.0552484200357,49.8705570757816,59.1176391766545,60.6170898342855,54.2328317408559,68.7245936980628,46.8702239407281,37.0699329997748,61.6830879923952,53.6226598353092,61.1355660716073,55.285718777999,53.2956036629733
49.2727015274463,62.5180723159649,56.8430567565232,52.0021157317034,54.8718024742501,47.4374131830231,55.0500025400276,50.5047107165996,36.5510452626924,69.1251569130644,42.7057479764241,52.8154673248495,51.5866977918544,68.4283253295772,63.9490670435285,53.0594058235061,49.4791685286879,65.8423723556832,54.0552484200357,49.8705570757816,59.1176391766545,60.6408767676545,57.4368278190736,68.7245936980628,46.8702239407281,37.0699329997748,61.6830879923952,53.6226598353092,61.1377172139959,55.285718777999,53.2956036629733
49.2727015274463,62.5180723159649,56.8430567565232,52.0021157317034,54.8718024742501,47.4374131830231,55.0500025400276,50.5047107165996,36.5510452626924,69.1251569130644,42.7057479764241,52.8154673248495,51.5866977918544,68.4283253295772,63.9490670435285,53.0594058235061,49.4791685286879,65.8423723556832,54.0552484200357,49.8705570757816,59.1176391766545,60.6408767676545,57.4368278190736,68.7245936980628,46.8702239407281,37.0699329997748,61.6830879923952,53.6226598353092,61.1377172139959,55.285718777999,53.2956036629733
49.2727015274463,62.5180723159649,56.8430567565232,52.4902993027458,54.8718024742501,47.4374131830231,55.0500025400276,50.5047107165996,36.5510452626924,69.1345552215764,42.7057479764241,52.8154673248495,51.6194277667328,68.4283253295772,63.9490670435285,53.0594058235061,49.4791685286879,65.8423723556832,54.0552484200357,49.8705570757816,59.1176391766545,60.6408767676545,57.4368278190736,68.7245936980628,46.8702239407281,37.0699329997748,62.1224122398234,53.6226598353092,61.1377172139959,55.285718777999,53.2956036629733
49.2727015274463,62.5180723159649,56.8430567565232,52.4902993027458,54.8718024742501,47.4374131830231,55.0500025400276,50.5047107165996,36.5510452626924,69.1345552215764,43.9032875070049,52.8154673248495,51.6194277667328,68.4283253295772,63.9490670435285,53.0594058235061,49.4791685286879,65.8423723556832,54.0552484200357,49.8705570757816,59.7430260795364,60.6408767676545,57.4368278190736,68.7245936980628,46.8702239407281,37.0699329997748,62.1224122398234,53.6226598353092,61.1377172139959,55.285718777999,53.2956036629733
49.2727015274463,62.5180723159649,56.8430567565232,52.4902993027458,54.8718024742501,47.4374131830231,55.0947403335178,50.5047107165996,36.5552494959302,69.1345552215764,43.9032875070049,52.8154673248495,51.6194277667328,68.4283253295772,64.7234261562819,53.0594058235061,49.4791685286879,65.8423723556832,54.0552484200357,50.0933104857864,59.7430260795364,60.6408767676545,57.4368278190736,68.7250572762326,46.8702239407281,37.0699329997748,62.1224122398234,53.6226598353092,61.2128551270722,55.285718777999,53.2956036629733
49.2727015274463,62.5180723159649,56.8430567565232,52.4902993027458,54.8718024742501,47.6933493741765,55.0947403335178,50.5047107165996,36.7011621732065,69.2188377998021,43.9032875070049,52.8154673248495,51.6194277667328,68.4283253295772,64.7234261562819,53.0594058235061,49.4791685286879,65.8423723556832,54.0552484200357,50.0933104857864,59.7430260795364,60.6408767676545,57.4368278190736,68.7673924335193,46.8702239407281,37.1030653841981,62.1224122398234,53.6226598353092,61.2128551270722,55.285718777999,53.2956036629733
49.2727015274463,62.5180723159649,56.8430567565232,52.4902993027458,54.9018877316447,47.6933493741765,55.0947403335178,50.5047107165996,36.7011621732065,69.2188377998021,43.9032875070049,52.8154673248495,51.6194277667328,68.4283253295772,64.7234261562819,53.0594058235061,49.4791685286879,65.8423723556832,54.0552484200357,50.0933104857864,59.7430260795364,60.6408767676545,57.4368278190736,68.7673924335193,46.8702239407281,37.1030653841981,63.0466224311426,53.6226598353092,61.2128551270722,56.3882344704999,53.2956036629733
49.2727015274463,62.713372888082,56.8430567565232,52.4902993027458,54.9920901495248,47.6933493741765,55.0947403335178,51.0686593246012,36.7011621732065,69.2188377998021,43.9032875070049,52.8154673248495,51.759057764373,68.4283253295772,64.7234261562819,53.0594058235061,49.4791685286879,65.8423723556832,54.0552484200357,50.0933104857864,59.7430260795364,60.6408767676545,57.4368278190736,68.7673924335193,46.8702239407281,37.1030653841981,63.2299137091418,54.4315291623877,61.2128551270722,56.3882344704999,53.2956036629733
49.2727015274463,62.713372888082,57.2582489512781,52.4902993027458,54.9920901495248,47.6933493741765,55.0947403335178,51.0686593246012,36.7011621732065,69.2884229025032,43.9032875070049,52.8154673248495,51.759057764373,68.4283253295772,64.7234261562819,53.0594058235061,49.4791685286879,65.8423723556832,54.0552484200357,50.0933104857864,60.0548646769142,60.6408767676545,57.4368278190736,68.7673924335193,46.9334778451425,37.1030653841981,63.2299137091418,54.4315291623877,61.3098226411817,56.3882344704999,53.2956036629733
49.2727015274463,62.713372888082,57.2582489512781,52.4902993027458,54.9920901495248,48.0656786724472,55.0947403335178,51.0686593246012,36.7011621732065,69.2884229025032,43.9032875070049,52.8154673248495,51.759057764373,68.4283253295772,65.1653059529092,53.4501463542842,49.5213976865313,65.8423723556832,54.0552484200357,50.0933104857864,60.2457948772078,60.6408767676545,57.4368278190736,68.7673924335193,46.9334778451425,37.1030653841981,63.2299137091418,54.4315291623877,61.3098226411817,56.3882344704999,53.2956036629733
49.2727015274463,62.713372888082,57.2582489512781,52.4902993027458,54.9920901495248,48.0656786724472,55.0947403335178,51.0686593246012,36.7011621732065,69.2884229025032,48.2442126953568,52.8154673248495,51.759057764373,68.4283253295772,65.1653059529092,53.4815650261065,49.5213976865313,65.8423723556832,54.0552484200357,50.0933104857864,60.2457948772078,60.6408767676545,57.4368278190736,68.7673924335193,46.9334778451425,37.1030653841981,63.2299137091418,54.4315291623877,61.3098226411817,56.3882344704999,53.2956036629733
49.2727015274463,62.8768254521265,57.2582489512781,52.4902993027458,54.9920901495248,48.0656786724472,55.0947403335178,51.0686593246012,36.7011621732065,69.2884229025032,48.2442126953568,52.8154673248495,51.759057764373,68.4283253295772,65.1653059529092,53.4815650261065,49.5213976865313,65.8423723556832,54.0552484200357,50.0933104857864,60.2457948772078,60.6408767676545,57.4368278190736,68.7973589299909,46.9334778451425,37.1030653841981,63.2299137091418,54.4315291623877,61.3098226411817,57.435571221894,53.2956036629733
49.2727015274463,63.0933656810364,57.4439062472278,52.4902993027458,54.9920901495248,48.0656786724472,55.0947403335178,51.0686593246012,36.7011621732065,69.2884229025032,48.2442126953568,52.8154673248495,51.7676370538391,68.4283253295772,65.1653059529092,53.4815650261065,49.5213976865313,65.8423723556832,54.0552484200357,50.0933104857864,60.2457948772078,60.8507329730746,57.4368278190736,68.7973589299909,46.9334778451425,37.1030653841981,63.2299137091418,54.4315291623877,61.4001136925216,57.435571221894,53.2956036629733
49.2727015274463,63.0933656810364,57.4439062472278,52.4902993027458,54.9920901495248,48.0656786724472,55.1650416242739,51.9683374447212,36.7011621732065,69.2884229025032,48.2442126953568,52.8154673248495,51.7676370538391,68.4283253295772,66.0676765336433,53.4815650261065,49.5213976865313,65.8423723556832,54.0552484200357,50.0933104857864,60.2457948772078,60.8507329730746,57.4368278190736,68.7973589299909,47.8164391702325,37.1030653841981,63.2299137091418,55.0739649958308,61.4001136925216,57.435571221894,53.2956036629733
49.2727015274463,63.340852072038,57.4439062472278,52.4902993027458,55.0283607146078,48.0656786724472,55.1650416242739,51.9683374447212,36.7512000490762,69.2884229025032,48.2442126953568,52.8154673248495,51.7676370538391,68.4283253295772,66.0676765336433,53.4815650261065,49.5213976865313,65.8423723556832,54.0552484200357,50.0933104857864,60.2457948772078,60.8507329730746,58.8497078810026,68.7973589299909,47.8164391702325,37.1730585064408,63.2299137091418,55.0739649958308,61.4001136925216,57.435571221894,53.2956036629733
49.2727015274463,63.340852072038,57.4439062472278,52.4902993027458,55.0283607146078,48.3074573107237,55.1650416242739,51.9683374447212,36.7512000490762,69.2884229025032,48.2442126953568,52.8154673248495,51.7676370538391,68.4283253295772,66.0676765336433,53.7445661541945,49.5497674188571,65.8423723556832,54.081453086972,50.0933104857864,60.2457948772078,60.8507329730746,58.8497078810026,68.7973589299909,47.8164391702325,37.1730585064408,63.7276524538952,55.0739649958308,61.4001136925216,57.435571221894,55.1089780247007
49.2727015274463,63.340852072038,57.4439062472278,52.4902993027458,55.0283607146078,48.3074573107237,55.1650416242739,51.9683374447212,36.7512000490762,69.2884229025032,48.2442126953568,52.8154673248495,51.7676370538391,68.4283253295772,66.0676765336433,53.7445661541945,49.5498249548461,65.8423723556832,54.081453086972,50.0933104857864,60.2457948772078,60.8507329730746,58.8497078810026,68.7973589299909,49.1269188538979,37.1730585064408,63.7276524538952,55.0739649958308,61.4001136925216,57.435571221894,55.1089780247007
49.2727015274463,63.340852072038,57.4439062472278,52.4902993027458,55.0283607146078,48.3074573107237,55.1650416242739,57.2238161968177,36.7512000490762,69.2884229025032,48.2442126953568,52.8154673248495,51.7676370538391,68.4283253295772,66.0676765336433,53.7445661541945,49.5498249548461,65.8423723556832,54.081453086972,50.0933104857864,60.2457948772078,60.8507329730746,58.8497078810026,68.7973589299909,49.1269188538979,37.1730585064408,63.7276524538952,55.0739649958308,61.4001136925216,57.6381559217564,55.1089780247007
49.2727015274463,63.340852072038,57.4439062472278,52.4902993027458,55.0283607146078,48.3633075247578,55.1710810474906,57.2238161968177,36.7512000490762,69.327912095,48.2442126953568,52.8154673248495,51.7676370538391,68.4283253295772,66.0676765336433,53.7445661541945,49.5498249548461,65.8423723556832,54.081453086972,50.0933104857864,60.2457948772078,60.8507329730746,59.0676152001336,68.7973589299909,49.1269188538979,37.1730585064408,63.7276524538952,55.0739649958308,61.4001136925216,57.6381559217564,55.1089780247007
49.2727015274463,63.340852072038,57.4439062472278,52.4902993027458,55.0283607146078,48.3633075247578,55.1710810474906,57.2238161968177,36.7512000490762,69.327912095,48.2442126953568,53.6918823737318,51.7676370538391,68.4283253295772,66.0676765336433,53.7445661541945,49.5498249548461,65.8423723556832,54.081453086972,50.0933104857864,60.2457948772078,60.8507329730746,59.0676152001336,68.7973589299909,49.1269188538979,37.1730585064408,63.7276524538952,55.5797669435821,61.4001136925216,57.6381559217564,55.1089780247007
49.3038779033038,63.340852072038,57.4439062472278,52.4902993027458,55.0283607146078,48.3633075247578,55.1710810474906,57.2238161968177,36.7512000490762,69.327912095,48.2442126953568,53.6918823737318,51.7676370538391,68.4283253295772,66.0676765336433,53.7445661541945,49.5498249548461,65.8423723556832,54.081453086972,50.0933104857864,60.5007560238579,60.8507329730746,59.0676152001336,68.7973589299909,49.1269188538979,37.1730585064408,63.7276524538952,55.5797669435821,61.4001136925216,57.6381559217564,55.1089780247007
49.3038779033038,63.3510051839923,57.4439062472278,52.4902993027458,55.0283607146078,48.3633075247578,55.1710810474906,57.2238161968177,36.7512000490762,69.327912095,48.2442126953568,53.6918823737318,51.7676370538391,68.4283253295772,66.0676765336433,53.7445661541945,49.5874450600034,65.8423723556832,54.081453086972,50.0933104857864,60.5007560238579,60.8507329730746,59.0676152001336,68.7973589299909,49.484895326804,37.1730585064408,63.7276524538952,55.5797669435821,61.4001136925216,57.6381559217564,55.1089780247007
49.3038779033038,63.3510051839923,57.4439062472278,52.4902993027458,55.0283607146078,48.480225511107,55.1710810474906,57.2238161968177,36.7512000490762,69.327912095,51.8862374900723,53.6918823737318,51.7676370538391,68.4283253295772,66.0676765336433,53.7445661541945,49.5874450600034,65.8423723556832,54.081453086972,50.0933104857864,60.5007560238579,60.8507329730746,59.0676152001336,68.7973589299909,49.484895326804,37.1730585064408,63.9604588829271,55.5797669435821,61.4001136925216,57.6381559217564,55.1089780247007
49.3038779033038,63.3510051839923,57.4439062472278,53.5364485454093,55.0283607146078,48.480225511107,55.1710810474906,57.2238161968177,36.7512000490762,69.327912095,51.8862374900723,53.6918823737318,51.7676370538391,68.4283253295772,66.0676765336433,53.7445661541945,49.5874450600034,65.8423723556832,54.081453086972,50.0933104857864,60.5007560238579,60.8507329730746,59.0676152001336,68.7973589299909,52.5772478499647,37.3415906383403,63.9604588829271,55.5797669435821,61.5362121168416,57.6381559217564,55.1089780247007
49.3038779033038,63.3510051839923,57.4439062472278,53.5364485454093,55.0283607146078,48.480225511107,55.1710810474906,59.2269453342741,36.7512000490762,69.3591511279799,51.8862374900723,53.6918823737318,51.7676370538391,68.4283253295772,66.0676765336433,53.7445661541945,49.5874450600034,65.8423723556832,54.3391060135141,50.0933104857864,60.5007560238579,61.0243911109876,59.0676152001336,68.8035573915687,52.5772478499647,37.3415906383403,63.9604588829271,55.5797669435821,61.5362121168416,57.6381559217564,55.1089780247007
49.3038779033038,63.4768958947702,57.4439062472278,53.5364485454093,55.0283607146078,48.480225511107,55.1710810474906,59.2269453342741,36.7512000490762,69.3591511279799,51.8862374900723,53.6918823737318,51.7676370538391,68.4283253295772,66.0676765336433,53.7445661541945,49.5874450600034,65.8423723556832,54.3391060135141,50.0933104857864,60.5007560238579,61.0243911109876,59.0676152001336,68.8035573915687,52.5772478499647,37.3415906383403,63.9604588829271,55.5797669435821,61.5362121168416,57.6381559217564,55.1089780247007
49.3038779033038,63.6951030053463,57.4439062472278,53.5364485454093,55.0381067881289,48.480225511107,55.1710810474906,59.2269453342741,36.7512000490762,69.3591511279799,51.8862374900723,53.6918823737318,51.8533396013573,68.5157854490457,66.0676765336433,53.7445661541945,49.5874450600034,65.8423723556832,54.3391060135141,50.0933104857864,60.5007560238579,61.0243911109876,59.0676152001336,68.8035573915687,52.5772478499647,37.3415906383403,63.9604588829271,55.5797669435821,61.5362121168416,57.6381559217564,55.1089780247007
49.3038779033038,63.6951030053463,57.4439062472278,53.5364485454093,55.0381067881289,48.480225511107,55.1710810474906,59.2269453342741,36.7512000490762,69.3747011788759,51.8862374900723,53.6918823737318,51.8533396013573,68.5157854490457,66.0676765336433,53.7445661541945,49.5874450600034,65.8423723556832,54.3391060135141,50.0933104857864,60.5007560238579,61.0243911109876,60.1715490684352,68.8035573915687,54.544055449614,37.3415906383403,63.9604588829271,55.5797669435821,61.5362121168416,57.6381559217564,55.1089780247007
49.3038779033038,63.6951030053463,57.4495433308966,53.5364485454093,55.0381067881289,48.480225511107,55.1710810474906,59.2269453342741,36.7512000490762,69.3747011788759,51.8862374900723,53.6918823737318,51.8533396013573,68.5157854490457,66.0676765336433,53.7445661541945,49.6016219625188,65.8423723556832,54.3391060135141,50.0933104857864,60.8124995172244,61.0243911109876,61.0260979567466,68.8035573915687,54.544055449614,37.3415906383403,63.9604588829271,55.5797669435821,61.5371985187465,57.6381559217564,55.1089780247007
49.3038779033038,63.7620662385996,57.4495433308966,53.5364485454093,55.0381067881289,50.4200250804956,55.1710810474906,59.2269453342741,36.7512000490762,69.3747011788759,52.3497570616225,53.6918823737318,51.8533396013573,68.5157854490457,66.0676765336433,54.1576525730438,49.6016219625188,65.8423723556832,54.3391060135141,50.0933104857864,60.8124995172244,61.0243911109876,61.0260979567466,68.8035573915687,54.544055449614,37.3415906383403,63.9604588829271,55.5797669435821,61.5371985187465,59.5127772178977,55.1089780247007
49.3038779033038,63.7620662385996,57.4495433308966,53.5364485454093,55.0381067881289,50.4200250804956,55.1710810474906,59.2269453342741,36.7512000490762,69.3747011788759,52.3497570616225,53.6918823737318,51.8533396013573,68.5157854490457,66.0676765336433,54.1576525730438,49.6016219625188,65.8423723556832,54.3391060135141,50.0933104857864,60.8124995172244,61.0243911109876,61.0260979567466,68.8035573915687,54.544055449614,37.3415906383403,64.210716112885,55.5797669435821,61.5371985187465,59.5127772178977,55.1089780247007
49.3038779033038,63.7620662385996,57.4495433308966,53.5364485454093,55.0381067881289,50.4200250804956,55.1710810474906,59.2269453342741,36.7512000490762,69.3747011788759,52.3497570616225,53.6918823737318,51.8533396013573,68.5157854490457,66.0676765336433,54.1576525730438,49.6016219625188,65.8423723556832,54.6840174562333,50.3003708641534,60.8124995172244,61.0243911109876,61.0260979567466,68.8093001353897,54.544055449614,37.3415906383403,64.210716112885,56.794271666728,61.5371985187465,59.5127772178977,55.1089780247007
49.3038779033038,63.7620662385996,57.4495433308966,53.5364485454093,55.1164551733888,50.4200250804956,55.1710810474906,59.2513876303419,36.7512000490762,69.3747011788759,52.3497570616225,53.6918823737318,51.8533396013573,68.5157854490457,66.0676765336433,54.1576525730438,49.6016219625188,65.8423723556832,54.7316148336278,50.3003708641534,60.8124995172244,61.0243911109876,63.1633406077406,68.8140022050656,55.6861390822299,37.4845212351615,64.210716112885,56.794271666728,61.5371985187465,59.5127772178977,55.1089780247007
49.3038779033038,63.7620662385996,57.4495433308966,53.5364485454093,55.1164551733888,51.5410029568489,55.1733568001246,59.7468233079416,36.7512000490762,69.3747011788759,52.3497570616225,53.6918823737318,51.8533396013573,68.5157854490457,66.0676765336433,54.1576525730438,49.6016219625188,65.8423723556832,54.7316148336278,50.3003708641534,60.8124995172244,61.0243911109876,63.1633406077406,68.8140022050656,55.6861390822299,37.7053868964807,64.210716112885,56.794271666728,61.5371985187465,59.5127772178977,55.1089780247007
49.3038779033038,63.7620662385996,57.4495433308966,53.5364485454093,55.1164551733888,51.5410029568489,55.1819524277059,59.7468233079416,36.7512000490762,69.3747011788759,52.3497570616225,53.6918823737318,51.8533396013573,68.5157854490457,66.0676765336433,54.1576525730438,49.6016219625188,65.8423723556832,54.7316148336278,50.3003708641534,60.8124995172244,61.0243911109876,63.1633406077406,68.8140022050656,55.6861390822299,37.7053868964807,64.210716112885,56.794271666728,61.5371985187465,59.5127772178977,55.6666917117874
49.332043555574,63.7620662385996,57.4495433308966,53.5364485454093,55.1164551733888,51.5410029568489,55.1819524277059,59.7468233079416,36.7512000490762,69.3747011788759,54.5325031904944,53.6918823737318,51.8533396013573,68.5157854490457,66.0676765336433,54.1576525730438,49.6016219625188,66.264794462271,54.7316148336278,50.3003708641534,60.8124995172244,61.0243911109876,63.1633406077406,68.8140022050656,55.6861390822299,37.7053868964807,64.210716112885,56.794271666728,61.6204136951925,59.5127772178977,55.6666917117874
49.332043555574,63.7620662385996,57.4732610249388,53.5364485454093,55.1164551733888,51.5410029568489,55.1819524277059,60.3496967234418,36.7516726833223,69.3747011788759,54.5325031904944,53.6918823737318,51.8533396013573,68.5157854490457,67.2757594732205,54.1576525730438,49.6016219625188,66.264794462271,54.7316148336278,50.3003708641534,60.8124995172244,61.0243911109876,63.5405897908388,68.8140022050656,55.6861390822299,37.7053868964807,64.210716112885,56.794271666728,61.7801573891642,59.6263107602861,55.6666917117874
49.332043555574,63.7620662385996,57.4732610249388,53.5364485454093,55.1164551733888,51.5410029568489,55.1819524277059,60.3496967234418,36.7516726833223,69.3747011788759,54.5325031904944,53.6918823737318,51.8533396013573,68.5157854490457,67.2757594732205,54.1576525730438,49.6280878363238,66.264794462271,54.7316148336278,50.3003708641534,60.8124995172244,61.0243911109876,63.5405897908388,68.8189566720382,55.6861390822299,37.7053868964807,64.4206200355963,56.794271666728,61.7801573891642,59.6263107602861,55.6666917117874
49.332043555574,63.7620662385996,57.4732610249388,53.5364485454093,55.1164551733888,51.5410029568489,55.1982360648978,60.3496967234418,36.7576443948442,69.3782319237244,54.5325031904944,53.6918823737318,51.8533396013573,68.5157854490457,67.2757594732205,54.1576525730438,49.6280878363238,66.264794462271,55.1900216772766,50.3176303198607,60.8124995172244,61.0243911109876,63.5405897908388,68.8189566720382,55.6861390822299,37.7053868964807,64.4206200355963,56.794271666728,61.7801573891642,59.6263107602861,55.6666917117874
49.332043555574,63.7620662385996,57.4732610249388,53.5364485454093,55.1509261670423,51.5410029568489,55.1982360648978,60.3496967234418,36.7576443948442,69.3782319237244,54.5325031904944,53.6918823737318,51.8533396013573,68.7419217826,67.2757594732205,54.1576525730438,49.6280878363238,66.264794462271,55.1900216772766,50.3176303198607,60.8124995172244,61.0243911109876,63.5405897908388,68.8189566720382,55.6861390822299,37.7053868964807,64.4206200355963,56.794271666728,61.7801573891642,59.6263107602861,55.6666917117874
49.332043555574,63.7620662385996,57.4809446238162,53.8423063471777,55.1509261670423,51.5410029568489,55.1982360648978,60.3496967234418,36.7576443948442,69.3782319237244,54.5325031904944,53.6918823737318,51.8533396013573,68.7419217826,67.2757594732205,54.1576525730438,49.6280878363238,66.264794462271,55.1900216772766,50.3176303198607,60.8124995172244,61.0243911109876,63.5405897908388,68.8189566720382,55.6861390822299,37.7053868964807,64.4206200355963,56.794271666728,61.7801573891642,59.6263107602861,55.6666917117874
49.3576090179918,63.7620662385996,57.4809446238162,53.8423063471777,55.1509261670423,51.5410029568489,55.1982360648978,61.5464293398711,36.7576443948442,69.3782319237244,54.5325031904944,53.6918823737318,51.8533396013573,68.7419217826,67.2757594732205,54.1988993374374,49.6280878363238,66.264794462271,55.1900216772766,50.3176303198607,61.1712028753735,61.0243911109876,63.5405897908388,68.8189566720382,55.6861390822299,37.7613580040747,64.4206200355963,56.794271666728,61.7801573891642,61.5104533665325,56.0056472104367
49.3576090179918,63.7620662385996,57.4809446238162,53.8423063471777,55.1509261670423,51.5410029568489,55.1982360648978,61.5464293398711,36.7576443948442,69.3782319237244,54.5325031904944,53.6918823737318,51.8533396013573,68.7419217826,67.2757594732205,54.1988993374374,49.6280878363238,66.264794462271,55.1900216772766,50.3176303198607,61.1712028753735,61.0243911109876,63.5405897908388,68.8189566720382,55.6861390822299,37.7613580040747,64.4206200355963,56.794271666728,61.7801573891642,61.5104533665325,56.0056472104367
49.3576090179918,63.7620662385996,57.4809446238162,53.8423063471777,55.1509261670423,51.5410029568489,55.1982360648978,61.5464293398711,36.7659490760238,69.3782319237244,54.5325031904944,53.6918823737318,51.8544444617798,68.7419217826,67.2757594732205,54.1988993374374,49.6280878363238,66.264794462271,55.1900216772766,50.3176303198607,61.1712028753735,61.0243911109876,63.5405897908388,68.8189566720382,55.6861390822299,37.7613580040747,64.4206200355963,56.794271666728,61.7860423067918,61.5104533665325,56.0056472104367
49.3576090179918,63.8151385275129,57.4809446238162,53.8423063471777,55.1509261670423,51.5410029568489,55.2030093344773,61.5464293398711,36.7659490760238,69.3782319237244,54.5325031904944,53.6918823737318,51.8544444617798,68.7419217826,67.2757594732205,54.1988993374374,49.6280878363238,66.3568106611617,56.1582199309331,50.3176303198607,61.1712028753735,61.0243911109876,63.5405897908388,68.8189566720382,55.6861390822299,37.7613580040747,64.4565917288071,56.794271666728,61.7860423067918,61.5104533665325,56.0056472104367
49.3576090179918,63.8151385275129,57.4809446238162,53.8423063471777,55.1509261670423,51.8242725329226,55.2030093344773,61.5464293398711,36.7659490760238,69.3782319237244,54.5325031904944,53.6918823737318,51.8544444617798,68.8357893202264,67.2757594732205,54.1988993374374,49.6333539107966,66.3568106611617,56.1582199309331,50.3176303198607,61.1712028753735,61.0243911109876,63.5405897908388,68.8189566720382,55.6861390822299,37.7613580040747,64.4565917288071,56.794271666728,61.7860423067918,61.5104533665325,56.0056472104367
49.438469930893,63.8151385275129,57.4846468256101,53.8423063471777,55.1509261670423,51.8242725329226,55.2030093344773,61.5464293398711,36.7659490760238,69.3782319237244,54.5325031904944,53.6918823737318,51.8544444617798,69.413298044642,67.2757594732205,54.1988993374374,49.6333539107966,66.3568106611617,56.1582199309331,50.3176303198607,61.1712028753735,61.0243911109876,63.5405897908388,68.8204678848955,55.6861390822299,37.7613580040747,64.4565917288071,56.794271666728,61.7860423067918,61.5104533665325,56.0056472104367
49.438469930893,63.8234450416409,57.4846468256101,53.8423063471777,55.1509261670423,51.8242725329226,55.2030093344773,61.5464293398711,36.7659490760238,69.3916354851909,54.7688092128329,53.6918823737318,51.8544444617798,69.413298044642,67.2757594732205,54.1988993374374,49.6333539107966,66.3568106611617,56.1582199309331,50.3176303198607,61.1712028753735,61.0243911109876,63.5405897908388,68.8204678848955,55.6861390822299,37.7613580040747,64.4565917288071,56.794271666728,61.9217643699795,61.5104533665325,56.0941662097344
49.438469930893,63.8234450416409,57.4846468256101,53.8423063471777,55.1509261670423,51.8242725329226,55.2030093344773,63.6254377348344,36.7659490760238,69.3916354851909,54.7688092128329,53.6918823737318,51.8544444617798,69.413298044642,67.2757594732205,54.2177090746938,49.6394549153898,66.3568106611617,56.1582199309331,50.3176303198607,61.4513863756146,61.0243911109876,63.5405897908388,68.8204678848955,55.6861390822299,37.7613580040747,64.4565917288071,56.794271666728,61.9217643699795,61.5104533665325,56.0941662097344
49.438469930893,63.8234450416409,57.4846468256101,53.8423063471777,55.1509261670423,52.5695218588721,55.2783156879987,63.6254377348344,36.7659490760238,69.3916354851909,54.7688092128329,53.6918823737318,51.8544444617798,69.413298044642,67.2757594732205,54.2177090746938,49.6394549153898,66.3568106611617,56.1582199309331,50.3176303198607,61.4513863756146,61.0243911109876,63.5405897908388,68.8204678848955,55.6861390822299,37.7613580040747,64.4565917288071,56.794271666728,61.9217643699795,61.5104533665325,56.0941662097344
49.5347612284451,63.8234450416409,57.4846468256101,53.8423063471777,55.1509261670423,52.5695218588721,55.2783156879987,63.6254377348344,36.7721843511871,69.3916354851909,54.7688092128329,54.8574864755394,51.8544444617798,69.413298044642,67.2757594732205,54.2177090746938,49.6394549153898,66.3568106611617,56.2585438893043,50.3176303198607,61.4513863756146,61.0243911109876,63.5405897908388,68.8204678848955,55.6861390822299,37.7613580040747,64.4565917288071,56.794271666728,61.9217643699795,61.5104533665325,56.0941662097344
49.5347612284451,63.8611304859553,57.7668324220274,53.8423063471777,55.1594655719172,52.5695218588721,55.2783156879987,63.6254377348344,36.7721843511871,69.4015871070888,54.7688092128329,54.8574864755394,51.8544444617798,69.413298044642,67.2757594732205,54.2177090746938,49.6394549153898,66.3568106611617,56.2585438893043,50.3176303198607,61.4513863756146,61.0243911109876,63.6677331298523,68.8204678848955,56.4440612450341,37.8812793725776,64.4565917288071,56.794271666728,61.9217643699795,61.5104533665325,56.0941662097344
49.5347612284451,63.8611304859553,57.7668324220274,53.8423063471777,55.1618182951358,53.8983865207761,55.2783156879987,63.6254377348344,36.7721843511871,69.4015871070888,54.7688092128329,54.8574864755394,51.8544444617798,69.413298044642,67.2757594732205,54.2177090746938,49.6394549153898,66.3568106611617,56.2585438893043,50.3176303198607,61.4513863756146,61.0243911109876,63.6677331298523,68.8212350171563,56.4440612450341,37.8812793725776,64.4565917288071,56.794271666728,61.9217643699795,61.5104533665325,56.0941662097344
49.5347612284451,63.8611304859553,57.7668324220274,53.8423063471777,55.1618182951358,53.8983865207761,55.2783156879987,63.6254377348344,36.7721843511871,69.4015871070888,54.7688092128329,54.8574864755394,51.8743643861171,69.413298044642,67.2757594732205,54.2177090746938,49.6394549153898,66.3568106611617,56.2585438893043,50.3176303198607,61.4513863756146,61.0364679932404,63.6677331298523,68.8212350171563,56.4440612450341,37.8812793725776,64.4565917288071,56.794271666728,61.9217643699795,61.5104533665325,56.0941662097344
49.5347612284451,63.8611304859553,57.7668324220274,53.8423063471777,55.1618182951358,53.8983865207761,55.2783156879987,63.6254377348344,36.7721843511871,69.4015871070888,55.9352856251257,54.8574864755394,51.8863243602668,69.413298044642,67.2757594732205,54.2177090746938,49.6394549153898,66.3568106611617,56.2585438893043,50.3176303198607,61.4513863756146,61.0364679932404,63.6677331298523,68.8212350171563,56.4440612450341,37.8812793725776,64.4565917288071,56.794271666728,61.9463193188884,61.5104533665325,56.0941662097344
49.5811297218905,63.8611304859553,57.7668324220274,53.8423063471777,55.1618182951358,53.8983865207761,55.2783156879987,63.9187911191793,36.7721843511871,69.4015871070888,55.9352856251257,54.8574864755394,51.8863243602668,69.413298044642,67.2757594732205,54.2177090746938,49.6428551187243,66.3568106611617,56.809759629779,50.3176303198607,61.4513863756146,61.0364679932404,63.6677331298523,68.8252690250492,56.4440612450341,37.8812793725776,64.4565917288071,56.794271666728,61.9463193188884,61.5104533665325,56.0941662097344
49.5811297218905,63.9433144529242,57.7668324220274,53.9171142106695,55.1618182951358,53.8983865207761,55.2783156879987,63.9187911191793,36.7721843511871,69.4015871070888,55.9352856251257,54.8574864755394,51.8863243602668,69.413298044642,67.2757594732205,54.2209824477755,49.6428551187243,66.3568106611617,56.809759629779,50.3176303198607,61.4513863756146,61.0364679932404,63.6677331298523,68.8252690250492,56.4440612450341,37.8812793725776,64.4565917288071,56.794271666728,61.9463193188884,61.5104533665325,56.0941662097344
49.5811297218905,63.9433144529242,57.7668324220274,53.9171142106695,55.1618182951358,53.8983865207761,55.2783156879987,63.9187911191793,36.7721843511871,69.4015871070888,55.9352856251257,54.8574864755394,51.8863243602668,69.413298044642,67.2757594732205,54.2209824477755,49.6428551187243,66.8064917160014,56.809759629779,50.3176303198607,61.4513863756146,61.0364679932404,63.6677331298523,68.8252690250492,56.4440612450341,37.8812793725776,64.4565917288071,56.794271666728,61.9463193188884,61.5104533665325,56.0941662097344
49.5811297218905,63.9433144529242,57.7668324220274,53.9171142106695,55.1618182951358,53.8983865207761,55.2783156879987,63.9187911191793,36.776648730286,69.4015871070888,55.9352856251257,54.8574864755394,51.8863243602668,69.413298044642,67.2757594732205,54.2209824477755,49.645552385324,66.9963910250044,56.809759629779,50.3176303198607,61.4513863756146,61.0364679932404,63.6677331298523,68.8252690250492,56.4440612450341,37.8812793725776,64.4565917288071,56.794271666728,61.9463193188884,61.5104533665325,56.0941662097344
49.5811297218905,63.9433144529242,57.7668324220274,53.9171142106695,55.1618182951358,55.1003818705327,55.2924466616853,63.9187911191793,36.776648730286,69.4015871070888,55.9352856251257,54.8574864755394,51.8863243602668,69.413298044642,67.5383300672193,54.2209824477755,49.645552385324,66.9963910250044,56.809759629779,50.3176303198607,61.4513863756146,61.0364679932404,63.6677331298523,68.8305992831584,56.4440612450341,38.3217532902893,64.4565917288071,57.2496976657156,61.9638575895642,61.5104533665325,56.0941662097344
49.5811297218905,63.9433144529242,57.7668324220274,53.9171142106695,55.1618182951358,55.1003818705327,55.298588707589,63.9187911191793,36.776648730286,69.4281320378466,55.9352856251257,54.8574864755394,51.8863243602668,69.413298044642,67.5383300672193,54.2209824477755,49.645552385324,66.9963910250044,56.809759629779,50.3567361949243,61.4513863756146,61.0421923261483,63.6677331298523,68.8305992831584,56.4440612450341,38.3217532902893,64.4565917288071,57.2496976657156,61.9638575895642,61.5104533665325,56.3061259634282
49.5811297218905,63.9433144529242,57.7668324220274,53.9171142106695,55.1618182951358,55.1003818705327,55.298588707589,63.9187911191793,36.776648730286,69.4281320378466,55.9352856251257,54.8574864755394,51.8863243602668,69.413298044642,67.5383300672193,54.332380466596,49.645552385324,66.9963910250044,56.809759629779,50.3567361949243,61.4513863756146,61.0421923261483,63.6677331298523,68.8305992831584,56.4440612450341,38.3217532902893,64.4565917288071,57.2496976657156,61.9638575895642,61.5104533665325,56.3061259634282
49.5811297218905,63.9433144529242,57.7668324220274,53.9171142106695,55.1618182951358,57.6959150398623,55.298588707589,63.9187911191793,36.776648730286,69.4281320378466,55.9352856251257,54.8574864755394,51.8863243602668,69.413298044642,67.5383300672193,54.332380466596,49.6752696801035,66.9963910250044,56.809759629779,50.3567361949243,61.4513863756146,61.0421923261483,63.6677331298523,68.8305992831584,56.4440612450341,38.3217532902893,64.4565917288071,57.2496976657156,61.9638575895642,61.5104533665325,56.3061259634282
49.5811297218905,63.9433144529242,57.7668324220274,54.0932853156258,55.1618182951358,57.6959150398623,55.298588707589,63.9187911191793,36.776648730286,69.4281320378466,55.9352856251257,54.8574864755394,51.8863243602668,69.413298044642,67.5383300672193,54.332380466596,49.6752696801035,66.9963910250044,56.809759629779,50.3567361949243,62.0761620186265,61.0421923261483,63.6677331298523,68.8305992831584,56.4440612450341,38.3217532902893,64.4565917288071,57.2496976657156,61.9638575895642,61.5104533665325,56.3061259634282
49.5811297218905,63.9433144529242,57.7668324220274,54.0932853156258,55.1721637503486,57.6959150398623,55.3048847143498,63.9187911191793,36.776648730286,69.4281320378466,55.9352856251257,54.8574864755394,51.8863243602668,69.413298044642,67.5383300672193,54.332380466596,49.6752696801035,67.2293035519274,56.809759629779,50.3567361949243,62.0761620186265,61.0421923261483,63.6677331298523,68.8305992831584,56.4440612450341,38.3217532902893,64.4565917288071,57.2496976657156,61.9638575895642,61.5104533665325,56.3061259634282
49.5811297218905,63.9433144529242,57.7668324220274,54.0932853156258,55.1721637503486,57.6959150398623,55.3048847143498,63.9187911191793,36.776648730286,69.4281320378466,55.9352856251257,54.8574864755394,51.8863243602668,69.413298044642,67.5653818288417,54.4625873235258,49.6752696801035,67.2293035519274,56.809759629779,50.369773812076,62.0761620186265,61.0421923261483,63.6677331298523,68.8305992831584,56.4440612450341,38.3217532902893,64.4565917288071,57.2496976657156,61.9638575895642,61.5104533665325,56.3061259634282
49.5811297218905,63.9433144529242,57.7668324220274,54.0932853156258,55.1721637503486,57.6959150398623,55.3048847143498,63.9187911191793,36.776648730286,69.4281320378466,55.9352856251257,54.8574864755394,51.8863243602668,69.413298044642,67.5653818288417,54.4625873235258,49.6752696801035,67.2293035519274,56.809759629779,50.369773812076,62.0761620186265,61.0421923261483,63.6677331298523,68.8410645493829,56.4440612450341,38.3217532902893,64.4565917288071,57.2496976657156,61.9651493935056,61.5104533665325,56.3061259634282
49.5811297218905,63.9433144529242,57.7668324220274,54.0932853156258,55.1721637503486,57.6959150398623,55.3048847143498,63.9187911191793,36.776648730286,69.4281320378466,55.9352856251257,54.8574864755394,51.8863243602668,69.413298044642,67.5653818288417,54.4625873235258,49.6752696801035,67.2293035519274,56.809759629779,50.369773812076,62.0761620186265,61.0421923261483,63.6677331298523,68.8410645493829,56.4440612450341,38.3217532902893,64.4565917288071,58.4037353541835,61.9651493935056,61.5104533665325,56.3061259634282
49.5811297218905,63.9433144529242,57.7668324220274,54.0932853156258,55.1721637503486,57.6959150398623,55.3048847143498,63.9187911191793,36.776648730286,69.4281320378466,55.9352856251257,54.8574864755394,51.888439723917,69.413298044642,67.5653818288417,54.4625873235258,49.6752696801035,67.2987142681615,56.809759629779,50.369773812076,62.0761620186265,61.0421923261483,63.6677331298523,68.8410645493829,56.4440612450341,38.3217532902893,64.4565917288071,58.8595249061437,61.9651493935056,61.5104533665325,56.3061259634282
49.5811297218905,63.9433144529242,57.7668324220274,54.4278108229421,55.1721637503486,57.6959150398623,55.3048847143498,63.9187911191793,36.776648730286,69.4281320378466,55.9352856251257,54.8574864755394,51.888439723917,69.413298044642,67.5653818288417,54.4625873235258,49.6752696801035,67.8922304685121,56.809759629779,50.369773812076,62.0761620186265,61.0421923261483,63.6677331298523,68.8410645493829,56.4440612450341,38.3217532902893,64.5145126869836,58.8595249061437,61.9651493935056,61.5104533665325,56.3061259634282
49.5811297218905,63.9433144529242,58.2785351364653,54.4278108229421,55.1721637503486,57.6959150398623,55.3048847143498,63.9187911191793,36.776648730286,69.4753750442592,55.9352856251257,54.8574864755394,51.8914368627535,69.413298044642,67.5653818288417,54.4625873235258,49.6752696801035,68.1349238878999,56.809759629779,50.369773812076,62.0761620186265,61.0421923261483,63.6677331298523,68.8410645493829,56.4440612450341,38.3217532902893,64.5145126869836,58.8595249061437,61.9823352335289,61.5104533665325,56.3061259634282
49.5811297218905,63.9433144529242,58.2785351364653,54.4278108229421,55.1958261476668,57.6959150398623,55.3048847143498,63.9187911191793,36.776648730286,69.4753750442592,55.9352856251257,54.8574864755394,51.8914368627535,69.413298044642,67.5653818288417,54.4625873235258,49.6752696801035,68.1349238878999,56.809759629779,50.369773812076,62.0761620186265,61.0421923261483,63.6677331298523,68.8410645493829,56.4440612450341,38.3217532902893,64.5145126869836,58.8595249061437,61.9823352335289,61.5104533665325,56.3061259634282
49.5811297218905,63.9433144529242,58.2785351364653,54.4278108229421,55.1958261476668,57.6959150398623,55.3048847143498,63.9187911191793,36.776648730286,69.4753750442592,55.9352856251257,54.8574864755394,51.8914368627535,69.413298044642,67.5653818288417,54.5202430497874,49.6752696801035,68.1349238878999,56.809759629779,50.369773812076,62.0761620186265,61.0421923261483,63.6677331298523,68.8410645493829,56.4474815670789,38.3217532902893,64.5145126869836,58.8595249061437,61.9823352335289,61.5104533665325,56.8139378824229
49.5811297218905,63.9433144529242,58.2785351364653,54.4278108229421,55.1958261476668,57.6959150398623,55.3048847143498,63.9187911191793,36.776648730286,69.4753750442592,55.9352856251257,54.8574864755394,51.8914368627535,69.413298044642,67.5653818288417,54.5202430497874,49.6752696801035,68.1349238878999,56.809759629779,50.369773812076,62.0761620186265,61.0421923261483,63.6677331298523,68.8410645493829,56.4474815670789,38.3217532902893,64.5145126869836,58.8595249061437,61.9823352335289,61.5104533665325,56.8139378824229
49.5811297218905,63.9433144529242,58.2785351364653,54.4278108229421,55.1958261476668,57.6959150398623,55.3048847143498,63.9187911191793,36.776648730286,69.4753750442592,55.9352856251257,54.8574864755394,51.9121421059875,69.413298044642,67.5653818288417,54.5202430497874,49.6752696801035,68.1349238878999,56.809759629779,50.369773812076,62.0761620186265,61.0421923261483,63.6677331298523,68.8410645493829,56.4474815670789,38.3217532902893,64.5145126869836,58.8595249061437,62.034142989653,61.5104533665325,56.8139378824229
49.5811297218905,63.9433144529242,58.2785351364653,54.4278108229421,55.1958261476668,57.6959150398623,55.3048847143498,63.9187911191793,36.776648730286,69.4753750442592,55.9352856251257,54.8574864755394,51.9121421059875,69.413298044642,67.8308145569026,54.5202430497874,49.6752696801035,68.1349238878999,56.809759629779,50.369773812076,62.0761620186265,61.0421923261483,63.6677331298523,68.8410645493829,56.4474815670789,38.3217532902893,64.5145126869836,58.8595249061437,62.0458293012373,61.5104533665325,56.8139378824229
49.5811297218905,63.9433144529242,58.3034718171003,54.7722284459523,55.1958261476668,57.6959150398623,55.3048847143498,63.9187911191793,36.776648730286,69.4753750442592,55.9352856251257,54.8574864755394,51.9121421059875,69.413298044642,67.8308145569026,54.5202430497874,49.6752696801035,68.1349238878999,56.809759629779,50.369773812076,62.0761620186265,61.0421923261483,63.6677331298523,68.8410645493829,56.4474815670789,38.3217532902893,64.5145126869836,58.8595249061437,62.0458293012373,62.5104039048057,56.8139378824229
49.5811297218905,63.9433144529242,58.5256451801234,54.7722284459523,55.1958261476668,57.6959150398623,55.3048847143498,63.9187911191793,36.776648730286,69.4753750442592,55.9352856251257,54.8574864755394,51.9121421059875,69.413298044642,67.8308145569026,54.5202430497874,49.6816342597825,68.1349238878999,56.809759629779,50.369773812076,62.0761620186265,61.0421923261483,63.6677331298523,68.8410645493829,56.4474815670789,38.3217532902893,64.5145126869836,58.8595249061437,62.0458293012373,62.5104039048057,56.8139378824229
49.5811297218905,63.9433144529242,58.5256451801234,54.7722284459523,55.1958261476668,57.6959150398623,55.3188983389161,63.9187911191793,36.776648730286,69.4753750442592,55.9352856251257,54.8574864755394,51.9174804059067,69.413298044642,67.8519822321656,54.5202430497874,49.6816342597825,68.1349238878999,56.809759629779,50.369773812076,62.0761620186265,61.0421923261483,63.6677331298523,68.8410645493829,56.4474815670789,38.3217532902893,64.5145126869836,58.8595249061437,62.0458293012373,62.5104039048057,56.8139378824229
49.5811297218905,63.989583307146,58.5256451801234,54.7722284459523,55.1958261476668,57.6959150398623,55.3188983389161,63.9187911191793,36.776648730286,69.4753750442592,56.5492038497984,54.9092072060934,51.9174804059067,69.413298044642,67.8519822321656,54.5202430497874,49.6816342597825,68.1349238878999,56.809759629779,50.369773812076,62.0761620186265,61.1194831557044,63.6677331298523,68.8410645493829,56.4474815670789,38.3217532902893,64.5145126869836,58.9266627334836,62.0458293012373,62.5104039048057,57.8771796129392
49.5811297218905,63.989583307146,58.5256451801234,54.7722284459523,55.1958261476668,57.6959150398623,55.3188983389161,63.9187911191793,36.776648730286,69.4753750442592,56.5492038497984,54.9092072060934,51.9174804059067,69.413298044642,67.8519822321656,54.5202430497874,49.6816342597825,68.1349238878999,56.809759629779,50.369773812076,62.0761620186265,61.1194831557044,63.6677331298523,68.8410645493829,56.4474815670789,38.3217532902893,64.5145126869836,58.9266627334836,62.0458293012373,62.5104039048057,57.8771796129392
49.5811297218905,63.989583307146,58.6694846204321,54.7722284459523,55.1958261476668,57.787385742125,55.3188983389161,63.9187911191793,36.776648730286,69.4753750442592,56.5492038497984,54.9092072060934,51.9174804059067,69.413298044642,67.9192175717077,54.5202430497874,49.6816342597825,68.1349238878999,56.809759629779,50.369773812076,62.1263555372199,61.1194831557044,64.2535272135774,68.8410645493829,56.4474815670789,38.3217532902893,64.5145126869836,58.9266627334836,62.0458293012373,62.5104039048057,57.8771796129392
49.5811297218905,63.989583307146,58.6961690330292,54.7722284459523,55.1963916465548,57.787385742125,55.3188983389161,63.9187911191793,36.776648730286,69.4753750442592,56.5492038497984,54.9092072060934,51.9174804059067,69.413298044642,67.9192175717077,54.5202430497874,49.6856294229354,68.1349238878999,56.809759629779,50.4070829191167,62.1939815363598,61.1194831557044,64.2535272135774,68.8410645493829,56.4474815670789,38.3217532902893,64.5145126869836,58.9266627334836,62.0576824258175,62.5104039048057,57.8771796129392
49.5811297218905,63.989583307146,58.6961690330292,54.7722284459523,55.1963916465548,57.787385742125,55.3279364604527,63.9187911191793,36.776648730286,69.4753750442592,56.5492038497984,54.9092072060934,51.9174804059067,69.413298044642,67.9192175717077,54.5202430497874,49.6856294229354,68.1349238878999,57.1119466944373,50.4070829191167,62.1939815363598,61.1194831557044,64.2535272135774,68.8410645493829,56.7233997845854,38.3217532902893,64.5145126869836,58.9266627334836,62.0576824258175,62.5104039048057,57.8771796129392
49.5811297218905,63.989583307146,58.6961690330292,54.7722284459523,55.1963916465548,57.787385742125,55.3279364604527,64.7032666602987,36.776648730286,69.4753750442592,56.5492038497984,54.9092072060934,51.9174804059067,69.413298044642,67.9192175717077,54.5202430497874,49.6856294229354,68.1349238878999,57.1119466944373,50.4070829191167,62.1939815363598,61.1194831557044,64.2535272135774,68.8429057457985,56.7233997845854,38.3217532902893,64.5145126869836,58.9266627334836,62.0576824258175,62.5104039048057,57.8771796129392
49.5811297218905,63.989583307146,58.6961690330292,54.7722284459523,55.1963916465548,57.787385742125,55.3279364604527,64.7032666602987,36.776648730286,69.4753750442592,56.6321002653626,54.9220545283903,51.9174804059067,69.413298044642,68.1144820747985,54.5202430497874,49.6856294229354,68.1349238878999,57.1119466944373,50.4070829191167,62.1939815363598,61.1194831557044,64.2535272135774,68.8429057457985,56.7233997845854,38.3217532902893,64.5145126869836,58.9266627334836,62.0576824258175,62.5104039048057,57.8771796129392
49.5811297218905,63.989583307146,58.8535384375343,54.7722284459523,55.2172778518991,58.5774969014447,55.3279364604527,64.7032666602987,36.776648730286,69.4753750442592,58.6671969622952,54.9220545283903,51.9174804059067,69.413298044642,68.1144820747985,54.5202430497874,49.6856294229354,68.2625422752562,57.1119466944373,50.4070829191167,62.1939815363598,61.1194831557044,64.2535272135774,68.8429057457985,56.7233997845854,38.3217532902893,64.5145126869836,58.9266627334836,62.0770628739813,62.5104039048057,57.9586958395833
49.5811297218905,63.989583307146,58.8535384375343,54.7722284459523,55.2172778518991,58.5774969014447,55.3279364604527,64.7032666602987,36.776648730286,69.4753750442592,58.6671969622952,54.9220545283903,51.9174804059067,69.5278125908569,68.1144820747985,54.5655501437961,49.6856294229354,68.2625422752562,57.1119466944373,50.4121961211403,62.1939815363598,61.1553004180075,64.2535272135774,68.8429057457985,56.7233997845854,38.3217532902893,64.5145126869836,59.912187282745,62.0770628739813,62.5104039048057,57.9586958395833
49.5811297218905,63.989583307146,58.8535384375343,54.8199276124557,55.2172778518991,58.5774969014447,55.3279364604527,64.7032666602987,36.776648730286,69.4753750442592,58.6671969622952,54.9220545283903,51.9174804059067,69.5278125908569,68.1144820747985,54.5655501437961,49.6856294229354,68.2625422752562,57.1119466944373,50.4121961211403,62.1939815363598,61.1553004180075,64.2535272135774,68.8429057457985,56.7233997845854,38.3217532902893,64.5145126869836,60.9227836283562,62.0770628739813,62.5104039048057,57.9586958395833
49.5849025728864,63.9953572379738,58.8535384375343,54.8199276124557,55.2172778518991,58.5774969014447,55.3317043996344,64.7032666602987,36.776648730286,69.4753750442592,58.6671969622952,54.9220545283903,51.9174804059067,69.5278125908569,68.4188115546192,54.5655501437961,49.6856294229354,68.2625422752562,57.1119466944373,50.4607401516377,62.1939815363598,61.1553004180075,64.2535272135774,68.8441922370027,56.7233997845854,38.4016319106558,64.5145126869836,60.9227836283562,62.0770628739813,62.5104039048057,57.9586958395833
49.6256807009246,63.9953572379738,58.8535384375343,54.8199276124557,55.2172778518991,58.5774969014447,55.3317043996344,64.7032666602987,36.776648730286,69.4753750442592,58.6671969622952,54.9220545283903,51.9174804059067,69.5278125908569,68.4188115546192,54.5655501437961,49.6856294229354,68.2625422752562,57.1119466944373,50.4607401516377,62.1939815363598,61.1553004180075,64.2535272135774,68.8441922370027,56.7233997845854,38.4016319106558,64.5145126869836,60.9227836283562,62.0783453202455,62.5104039048057,57.9586958395833
49.6256807009246,63.9953572379738,59.2229413062781,54.8199276124557,55.2172778518991,58.5774969014447,55.3317043996344,64.7032666602987,36.776648730286,69.483856855546,58.6671969622952,54.9220545283903,51.9174804059067,69.5278125908569,68.4188115546192,54.5655501437961,49.6856294229354,68.2625422752562,57.1119466944373,50.4607401516377,62.1939815363598,61.1553004180075,64.2535272135774,68.8441922370027,56.7233997845854,38.4016319106558,64.5145126869836,60.9227836283562,62.0783453202455,62.5104039048057,57.9586958395833
49.6256807009246,63.9980131263785,59.2229413062781,54.8199276124557,55.2172778518991,58.5774969014447,55.3317043996344,64.7032666602987,36.776648730286,69.483856855546,58.6671969622952,54.9220545283903,51.9174804059067,69.5278125908569,68.4188115546192,54.5655501437961,49.6856294229354,68.2625422752562,57.1119466944373,50.4607401516377,62.2549617233026,61.1553004180075,64.2535272135774,68.8443592863879,56.7233997845854,38.4016319106558,64.5145126869836,60.9227836283562,62.0783453202455,62.5104039048057,58.0113363061318
49.6256807009246,63.9980131263785,59.2229413062781,54.8199276124557,55.2172778518991,58.5774969014447,55.3317043996344,64.7032666602987,36.776648730286,69.483856855546,58.6671969622952,54.9220545283903,51.9174804059067,69.5278125908569,68.4188115546192,54.5655501437961,49.6908762089763,68.2625422752562,57.1119466944373,50.4607401516377,62.2549617233026,61.1553004180075,64.2535272135774,68.8443592863879,56.7233997845854,38.4016319106558,64.5145126869836,60.9227836283562,62.0783453202455,62.5104039048057,58.0113363061318
49.6256807009246,63.9980131263785,59.2229413062781,54.8199276124557,55.2172778518991,58.5774969014447,55.3317043996344,64.7032666602987,36.776648730286,69.483856855546,58.6671969622952,54.9220545283903,51.9174804059067,69.5278125908569,68.4418623237689,54.5655501437961,49.6908762089763,68.2625422752562,57.1119466944373,50.4608084763337,62.2549617233026,61.1553004180075,64.2535272135774,68.8443592863879,57.7385803866766,38.4016319106558,64.5145126869836,60.9227836283562,62.1082890632253,62.5104039048057,58.0113363061318
49.6256807009246,63.9980131263785,59.2229413062781,54.8199276124557,55.2172778518991,58.5774969014447,55.3317043996344,64.7032666602987,36.776648730286,69.483856855546,58.6671969622952,54.9220545283903,51.9208124296914,69.5278125908569,68.4418623237689,54.5655501437961,49.6908762089763,68.4397490344295,57.1119466944373,50.4608084763337,62.2549617233026,61.1553004180075,64.2535272135774,68.8443592863879,58.4937940555901,38.4016319106558,64.5145126869836,60.9227836283562,62.1082890632253,62.5104039048057,58.0113363061318
49.6256807009246,63.9980131263785,59.4233934705699,54.8199276124557,55.2210697971949,58.5774969014447,55.3317043996344,64.7032666602987,36.776648730286,69.483856855546,58.6671969622952,54.9220545283903,51.9208124296914,69.546540883918,68.6166713497387,54.5655501437961,49.6908762089763,68.5442802388814,57.1119466944373,50.4608084763337,62.2549617233026,61.1553004180075,64.2535272135774,68.8443592863879,58.4937940555901,38.4016319106558,64.5145126869836,60.9227836283562,62.1082890632253,62.5104039048057,58.0113363061318
49.6256807009246,63.9980131263785,59.4233934705699,54.8199276124557,55.2210697971949,58.5774969014447,55.3317043996344,64.7032666602987,36.776648730286,69.483856855546,58.6671969622952,54.9220545283903,51.9208124296914,69.546540883918,68.6166713497387,54.6062022102713,49.6908762089763,68.5442802388814,57.1119466944373,50.4608084763337,62.2549617233026,61.1553004180075,64.2535272135774,68.8443592863879,58.4937940555901,38.4016319106558,64.5145126869836,60.9227836283562,62.1082890632253,62.5104039048057,58.0113363061318
49.6256807009246,63.9980131263785,59.4233934705699,54.8199276124557,55.2210697971949,58.5774969014447,55.3317043996344,64.7032666602987,36.7767711942746,69.483856855546,58.7830340412958,54.9220545283903,51.9213049730013,69.546540883918,68.6808914915838,54.6062022102713,49.6908762089763,68.5442802388814,57.1119466944373,50.4608084763337,62.2549617233026,61.1553004180075,64.2535272135774,68.8443592863879,58.4937940555901,38.7076706734732,64.5145126869836,60.9227836283562,62.1082890632253,62.5104039048057,58.0113363061318
49.6256807009246,63.9980131263785,59.4233934705699,54.8199276124557,55.2210697971949,58.5774969014447,55.337376921175,64.7032666602987,36.7767711942746,69.483856855546,58.7830340412958,54.9220545283903,51.9234038165167,69.546540883918,68.6808914915838,54.6062022102713,49.6908762089763,68.5442802388814,57.1402143738207,50.4608084763337,62.3445710364744,61.1553004180075,64.2535272135774,68.8443592863879,58.4937940555901,38.7076706734732,64.5145126869836,60.9227836283562,62.1082890632253,62.5104039048057,58.0113363061318
49.6256807009246,63.9980131263785,59.4233934705699,54.8199276124557,55.2210697971949,58.5774969014447,55.337376921175,64.7032666602987,36.7767711942746,69.483856855546,58.7830340412958,54.9220545283903,51.9234038165167,69.546540883918,68.6808914915838,54.6062022102713,49.6908762089763,68.5442802388814,57.1402143738207,50.4608084763337,62.3445710364744,61.1553004180075,64.2535272135774,68.8455769885909,58.4937940555901,38.7076706734732,64.5145126869836,60.9227836283562,62.1082890632253,62.5104039048057,58.0113363061318
49.6324591250936,63.9980131263785,59.4233934705699,54.8199276124557,55.2411628975097,58.5774969014447,55.337376921175,64.7032666602987,36.7773099322663,69.483856855546,58.7830340412958,54.9220545283903,51.9234038165167,69.5838108683549,68.6808914915838,54.6062022102713,49.6908762089763,68.5442802388814,57.1402143738207,50.4870155206614,62.3445710364744,61.1553004180075,64.2535272135774,68.8455769885909,58.4937940555901,38.7076706734732,64.5145126869836,60.9227836283562,62.1082890632253,62.5104039048057,58.0113363061318
49.6324591250936,63.9980131263785,59.5727123041817,54.8199276124557,55.2411628975097,58.5774969014447,55.337376921175,64.7032666602987,36.7773099322663,69.483856855546,58.7830340412958,54.9220545283903,51.9251255555421,69.5838108683549,68.6808914915838,54.6062022102713,49.6908762089763,68.5442802388814,57.1402143738207,50.4870155206614,62.3445710364744,61.1587225781412,64.2535272135774,68.8455769885909,58.4937940555901,38.7076706734732,64.5145126869836,60.9227836283562,62.1082890632253,62.5104039048057,58.0113363061318
49.6324591250936,63.9980131263785,59.5727123041817,54.8199276124557,55.2411628975097,58.5774969014447,55.337376921175,64.7032666602987,36.7773099322663,69.483856855546,58.7830340412958,55.2513680182623,51.9251255555421,69.5838108683549,68.6812471114385,54.6062022102713,49.6908762089763,68.5442802388814,57.1402143738207,50.4870155206614,62.3445710364744,61.1587225781412,64.4344202784473,68.8455769885909,58.4937940555901,38.7076706734732,64.5145126869836,63.297276877546,62.1082890632253,62.5104039048057,58.0113363061318
49.6324591250936,63.9980131263785,59.5727123041817,54.8199276124557,55.2411628975097,58.5774969014447,55.337376921175,64.7032666602987,36.7773099322663,69.483856855546,58.7830340412958,55.2513680182623,51.9251255555421,69.5838108683549,68.6812471114385,54.6062022102713,49.6919144671099,68.5442802388814,57.1402143738207,50.4870155206614,62.3914606919661,61.1587225781412,64.4344202784473,68.8455769885909,58.4937940555901,38.7076706734732,64.7109796989694,63.297276877546,62.1082890632253,62.5104039048057,58.0113363061318
49.6324591250936,63.9980131263785,59.5727123041817,54.8199276124557,55.2411628975097,58.5774969014447,55.337376921175,64.7032666602987,36.7773099322663,69.483856855546,58.7830340412958,55.2513680182623,51.9251255555421,69.5838108683549,68.7290372789756,54.6062022102713,49.6919144671099,68.5442802388814,57.1402143738207,50.4870155206614,62.3914606919661,61.1587225781412,64.4344202784473,68.8455769885909,58.652133592732,38.7076706734732,64.7109796989694,63.297276877546,62.1140538274359,62.5104039048057,58.0113363061318
49.6324591250936,64.0002340721234,59.5727123041817,54.8199276124557,55.2411628975097,58.5774969014447,55.337376921175,64.7032666602987,36.7773099322663,69.483856855546,58.7830340412958,55.2513680182623,51.9251255555421,69.5838108683549,68.7290372789756,54.6062022102713,49.6919144671099,68.5442802388814,57.1402143738207,50.492132421564,62.3914606919661,61.1587225781412,64.4344202784473,68.8455769885909,58.652133592732,38.7076706734732,64.7109796989694,63.297276877546,62.1140538274359,62.5104039048057,58.0113363061318
49.6324591250936,64.0002340721234,59.5727123041817,54.8199276124557,55.2411628975097,58.5774969014447,55.337376921175,64.7032666602987,36.7773099322663,69.483856855546,58.7830340412958,55.2513680182623,51.9251255555421,69.5838108683549,68.7290372789756,54.6062022102713,49.6919144671099,68.5442802388814,57.8114017383297,50.492132421564,62.3914606919661,61.171553807417,64.4344202784473,68.8455769885909,58.652133592732,38.7076706734732,64.7109796989694,63.297276877546,62.1140538274359,62.5104039048057,58.0113363061318
49.6324591250936,64.0093458262313,59.5727123041817,54.8199276124557,55.2411628975097,58.5774969014447,55.337376921175,64.7032666602987,36.7779577365271,69.483856855546,58.7830340412958,55.2513680182623,51.9251255555421,69.5838108683549,68.7290372789756,54.6062022102713,49.6964556745538,68.5442802388814,57.8114017383297,50.492132421564,62.3914606919661,61.171553807417,64.4344202784473,68.8455769885909,58.652133592732,38.7076706734732,64.7109796989694,63.297276877546,62.1140538274359,62.5104039048057,58.0113363061318
49.6324591250936,64.0093458262313,59.5727123041817,54.8199276124557,55.2411628975097,58.5774969014447,55.3600813188541,64.7032666602987,36.7779577365271,69.483856855546,58.7830340412958,55.2513680182623,51.9251255555421,69.5838108683549,68.7290372789756,54.6192264001941,49.7053796323062,68.5442802388814,57.8114017383297,50.492132421564,62.3914606919661,61.171553807417,64.4344202784473,68.8468017559666,58.652133592732,38.7076706734732,64.7228955208718,63.297276877546,62.1140538274359,62.5104039048057,58.0113363061318
49.6324591250936,64.0093458262313,59.5727123041817,54.8199276124557,55.2411628975097,58.5774969014447,55.3600813188541,64.7032666602987,36.7781720995577,69.483856855546,58.7830340412958,55.2513680182623,51.9251255555421,69.5838108683549,68.7744736640202,54.6192264001941,49.7053796323062,68.5442802388814,57.8114017383297,50.492132421564,62.58377514061,61.171553807417,64.4344202784473,68.8468017559666,58.652133592732,39.0661274007983,64.9507708868367,63.9554020996455,62.1140538274359,62.5104039048057,58.0113363061318
49.6324591250936,64.0093458262313,59.5727123041817,54.8199276124557,55.2411628975097,58.5774969014447,55.3600813188541,64.7032666602987,36.7781720995577,69.483856855546,58.7830340412958,55.2513680182623,51.9251255555421,69.5838108683549,68.7744736640202,54.6192264001941,49.7053796323062,68.5442802388814,57.8114017383297,50.4983970086778,62.58377514061,61.171553807417,64.4344202784473,68.8468017559666,58.652133592732,39.0661274007983,64.9507708868367,63.9554020996455,62.1140538274359,62.5104039048057,58.2298637535854
49.6324591250936,64.0093458262313,59.5727123041817,54.8199276124557,55.2411628975097,58.5774969014447,55.3600813188541,64.7032666602987,36.7790440902285,69.483856855546,58.7830340412958,55.2513680182623,51.9251255555421,69.5838108683549,68.7744736640202,54.6192264001941,49.7053796323062,68.5442802388814,57.8114017383297,50.4983970086778,62.58377514061,61.171553807417,64.4344202784473,68.8468017559666,58.652133592732,39.0661274007983,64.9507708868367,63.9554020996455,62.1140538274359,62.5104039048057,58.2298637535854
49.6474029067158,64.0093458262313,59.5727123041817,54.8199276124557,55.2411628975097,58.5774969014447,55.3600813188541,64.7032666602987,36.7790440902285,69.483856855546,58.7830340412958,55.2513680182623,51.9251255555421,69.5838108683549,68.7744736640202,54.6387806728873,49.7053796323062,68.5442802388814,57.8114017383297,50.4983970086778,62.58377514061,61.171553807417,64.4344202784473,68.8504358992941,59.1718276922425,39.0661274007983,64.9507708868367,63.9554020996455,62.1140538274359,62.5104039048057,58.2298637535854
49.6474029067158,64.0093458262313,59.5727123041817,54.8199276124557,55.2411628975097,58.5774969014447,55.3600813188541,64.7032666602987,36.7790440902285,69.483856855546,58.7830340412958,55.2513680182623,51.9251255555421,69.5838108683549,68.7744736640202,54.6387806728873,49.7053796323062,68.5442802388814,57.8114017383297,50.4983970086778,62.58377514061,61.171553807417,64.4344202784473,68.8504358992941,59.1718276922425,39.0661274007983,64.9507708868367,63.9554020996455,62.1140538274359,62.5104039048057,58.2298637535854
49.6474029067158,64.0093458262313,59.5727123041817,54.8199276124557,55.2424160942033,58.5774969014447,55.3600813188541,65.6202548398705,36.7790440902285,69.483856855546,58.7830340412958,55.2513680182623,51.9251255555421,69.5838108683549,68.7744736640202,54.6387806728873,49.7053796323062,68.5442802388814,57.8114017383297,50.4983970086778,62.58377514061,61.171553807417,64.4344202784473,68.8504358992941,59.1718276922425,39.0661274007983,64.9507708868367,63.9554020996455,62.1140538274359,62.5104039048057,58.2298637535854
49.6474029067158,64.0093458262313,59.5727123041817,54.8199276124557,55.2424160942033,58.5774969014447,55.3600813188541,65.6202548398705,36.7790440902285,69.483856855546,58.7830340412958,55.2513680182623,51.9251255555421,69.5838108683549,68.7744736640202,54.6387806728873,49.7053796323062,68.5442802388814,57.8114017383297,50.5078775326724,62.6025548726772,61.171553807417,64.4344202784473,68.8504517405953,59.1718276922425,39.0661274007983,64.9507708868367,63.9554020996455,62.1140538274359,62.5104039048057,58.2298637535854
49.6474029067158,64.0093458262313,59.6450186741236,54.8199276124557,55.2424160942033,58.5774969014447,55.3600813188541,65.6202548398705,36.7791037606883,69.483856855546,59.4670535842763,55.2513680182623,51.9251255555421,69.5838108683549,68.7964252166856,54.6387806728873,49.7053796323062,68.5442802388814,57.8114017383297,50.5078775326724,62.6025548726772,61.1817275076066,64.4344202784473,68.8504517405953,59.1718276922425,39.1440731948916,64.9507708868367,64.9258963987,62.1140538274359,62.5104039048057,58.2626811139969
49.6474029067158,64.0093458262313,59.6450186741236,54.8199276124557,55.2424160942033,58.5774969014447,55.3600813188541,65.6202548398705,36.7791037606883,69.483856855546,59.4670535842763,55.2513680182623,51.9251255555421,69.5838108683549,68.7964252166856,54.6387806728873,49.7053796323062,68.5442802388814,57.8114017383297,50.5078775326724,62.6025548726772,61.1817275076066,64.4344202784473,68.8504517405953,59.1718276922425,39.1440731948916,64.9507708868367,64.9258963987,62.1140538274359,62.5104039048057,58.2626811139969
49.6474029067158,64.0093458262313,59.6450186741236,54.8199276124557,55.2424160942033,58.8288490430454,55.3600813188541,65.6202548398705,36.7791037606883,69.483856855546,59.4670535842763,55.2513680182623,51.9251255555421,69.5838108683549,68.8079510109035,54.6387806728873,49.7053796323062,68.5442802388814,57.8114017383297,50.5078775326724,62.6025548726772,61.1817275076066,64.4344202784473,68.8504517405953,59.1718276922425,39.1440731948916,64.9507708868367,64.9258963987,62.1140538274359,62.5104039048057,58.2626811139969
49.6474029067158,64.0093458262313,59.6450186741236,54.9678246671274,55.2424160942033,58.8288490430454,55.3600813188541,66.5993535147235,36.7791037606883,69.483856855546,59.4670535842763,55.2565847131277,51.9251255555421,69.5838108683549,68.8079510109035,54.6488334671703,49.7059516923306,68.6809664736358,57.8114017383297,50.5078775326724,62.6025548726772,61.1817275076066,64.4344202784473,68.8504517405953,59.4890356216085,39.1440731948916,64.9507708868367,64.9258963987,62.1140538274359,62.5104039048057,58.2626811139969
49.6474029067158,64.012447313739,59.6450186741236,55.0025160156709,55.2424160942033,58.8451962868376,55.3600813188541,66.5993535147235,36.7791037606883,69.4885316317545,59.4670535842763,55.2565847131277,51.9251255555421,69.5838108683549,68.8120508362371,54.6488334671703,49.7059516923306,68.6809664736358,57.8114017383297,50.5112196347448,62.6215994982041,61.1817275076066,64.4344202784473,68.8507256605717,59.4890356216085,39.1440731948916,64.9507708868367,64.9258963987,62.1165352854428,62.5104039048057,58.2626811139969
49.6474029067158,64.012447313739,59.6574383143116,55.0025160156709,55.2424160942033,58.8451962868376,55.3600813188541,66.5993535147235,36.7791037606883,69.4885316317545,59.4670535842763,55.2565847131277,51.9251255555421,69.5838108683549,68.8425908883816,54.6488334671703,49.7059516923306,68.6809664736358,57.8114017383297,50.5112196347448,62.6215994982041,61.2055931547777,64.4344202784473,68.8507256605717,59.4890356216085,39.1440731948916,64.9507708868367,64.9258963987,62.1165352854428,62.5104039048057,58.2626811139969
49.6474029067158,64.012447313739,59.6574383143116,55.0025160156709,55.2424160942033,58.8451962868376,55.3600813188541,66.5993535147235,36.7791037606883,69.4885316317545,59.9509828903072,55.2565847131277,51.9251255555421,69.5838108683549,68.8545466069766,54.6488334671703,49.7059516923306,68.6809664736358,57.8114017383297,50.5112196347448,62.6215994982041,61.2055931547777,64.4344202784473,68.8507256605717,59.4890356216085,39.1440731948916,64.9507708868367,64.9258963987,62.1165352854428,62.5104039048057,58.2626811139969
49.6474029067158,64.012447313739,59.6574383143116,55.0025160156709,55.2424160942033,58.8451962868376,55.3600813188541,66.5993535147235,36.7791037606883,69.4885316317545,59.9509828903072,55.2565847131277,51.9251255555421,69.5838108683549,68.8545466069766,54.6488334671703,49.7059516923306,68.6809664736358,57.8114017383297,50.5112196347448,62.6215994982041,61.2055931547777,64.4344202784473,68.8507256605717,59.4890356216085,39.1440731948916,64.9507708868367,64.9258963987,62.1165352854428,62.5104039048057,58.2626811139969
49.6536179324845,64.012447313739,59.6574383143116,55.0025160156709,55.2424160942033,58.8451962868376,55.3600813188541,66.5993535147235,36.7791037606883,69.4885316317545,59.9509828903072,55.2565847131277,51.9251255555421,69.5844206850298,68.8545466069766,54.6560996615485,49.7059516923306,68.6809664736358,58.4561288946612,50.5112196347448,62.6215994982041,61.2055931547777,64.4344202784473,68.8510247997843,59.4890356216085,39.1440731948916,64.9507708868367,64.9258963987,62.1245214238568,62.5104039048057,58.2626811139969
49.6536179324845,64.012447313739,59.6574383143116,55.0025160156709,55.2424160942033,58.8451962868376,55.3600813188541,66.5993535147235,36.7791037606883,69.4885316317545,59.9509828903072,55.2565847131277,51.928190378585,69.5844206850298,68.9396711255752,54.6560996615485,49.7059516923306,68.6809664736358,58.4561288946612,50.5112196347448,62.6215994982041,61.2055931547777,64.4344202784473,68.8510247997843,59.7747868044717,39.1440731948916,64.9507708868367,64.9258963987,62.1245214238568,62.5104039048057,58.2626811139969
49.6536179324845,64.012447313739,59.6574383143116,55.0025160156709,55.2424160942033,58.8451962868376,55.3600813188541,66.5993535147235,36.7791037606883,69.4885316317545,59.9509828903072,55.2565847131277,51.928190378585,69.5844206850298,68.9396711255752,54.6560996615485,49.7059516923306,69.0421429356901,58.4561288946612,50.5112196347448,62.6215994982041,61.2055931547777,64.4344202784473,68.8510247997843,59.7747868044717,39.1440731948916,64.9507708868367,64.9258963987,62.1245214238568,62.5104039048057,58.2626811139969
49.6536179324845,64.012447313739,59.6574383143116,55.04259059895,55.2424160942033,58.8451962868376,55.3600813188541,66.5993535147235,36.7791037606883,69.4885316317545,59.9509828903072,55.2565847131277,51.928190378585,69.5844206850298,68.9396711255752,54.6560996615485,49.7059516923306,69.0421429356901,58.4561288946612,50.5232908443113,62.6215994982041,61.2055931547777,64.4344202784473,68.8510247997843,59.7747868044717,39.1440731948916,64.9507708868367,64.9258963987,62.1245214238568,62.5104039048057,58.2626811139969
49.6536179324845,64.012447313739,59.6574383143116,55.04259059895,55.2424160942033,58.8451962868376,55.3669597134105,66.5993535147235,36.7791037606883,69.4885316317545,59.9509828903072,55.2565847131277,51.928190378585,69.5844206850298,68.9396711255752,54.6560996615485,49.7059516923306,69.0421429356901,58.4561288946612,50.5232908443113,62.6215994982041,61.2055931547777,64.4344202784473,68.8510247997843,59.7747868044717,39.1440731948916,64.9507708868367,64.9258963987,62.1275313185851,62.5104039048057,58.3773655535653
49.6536179324845,64.012447313739,59.6574383143116,55.04259059895,55.2424160942033,58.8451962868376,55.3669597134105,66.5993535147235,36.7791037606883,69.4885316317545,59.9509828903072,55.2565847131277,51.928190378585,69.5844206850298,68.9396711255752,54.6560996615485,49.7059516923306,69.0421429356901,58.4561288946612,50.5232908443113,62.6215994982041,61.2055931547777,64.4344202784473,68.8510247997843,59.7747868044717,39.1440731948916,64.9507708868367,64.9258963987,62.1275313185851,62.5104039048057,58.3773655535653
49.6536179324845,64.012447313739,59.6574383143116,55.04259059895,55.2424160942033,58.8451962868376,55.3669597134105,66.5993535147235,36.7791037606883,69.4885316317545,59.9509828903072,55.2565847131277,51.928190378585,69.5844206850298,68.9396711255752,54.6560996615485,49.7077779989302,69.0421429356901,58.4561288946612,50.5233077734521,62.6215994982041,61.2055931547777,64.4344202784473,68.8510247997843,59.7747868044717,39.1440731948916,64.9507708868367,65.0405242846749,62.1275313185851,62.5104039048057,58.3773655535653
49.6536179324845,64.012447313739,59.6574383143116,55.04259059895,55.2424160942033,58.8451962868376,55.3669597134105,66.5993535147235,36.7791037606883,69.4885316317545,59.9509828903072,55.2565847131277,51.928190378585,69.5844206850298,68.9396711255752,54.6560996615485,49.7077779989302,69.0421429356901,58.4561288946612,50.5233077734521,62.6215994982041,61.2055931547777,64.4344202784473,68.8510247997843,60.0861578779719,39.1440731948916,64.9507708868367,65.0405242846749,62.1275313185851,62.5104039048057,58.3773655535653
49.6536179324845,64.012447313739,59.6574383143116,55.04259059895,55.2424160942033,58.8451962868376,55.3669597134105,66.5993535147235,36.7791037606883,69.4885316317545,59.9509828903072,55.2565847131277,51.928190378585,69.5844206850298,68.9396711255752,54.6560996615485,49.7077779989302,69.0421429356901,58.4561288946612,50.5233077734521,62.6215994982041,61.2055931547777,64.4896946739128,68.8510247997843,60.0861578779719,39.1440731948916,64.9507708868367,65.0405242846749,62.1275313185851,62.5104039048057,58.3773655535653
49.6536179324845,64.012447313739,59.6574383143116,55.04259059895,55.2431881662965,58.8451962868376,55.3669597134105,66.5993535147235,36.7798990027537,69.4885316317545,59.9509828903072,55.2565847131277,51.928190378585,69.5844206850298,68.9396711255752,54.6560996615485,49.7077779989302,69.0421429356901,58.4561288946612,50.5233077734521,62.6215994982041,61.2055931547777,64.4896946739128,68.8510247997843,60.0861578779719,39.1440731948916,64.9507708868367,65.0405242846749,62.1275313185851,62.5104039048057,58.3773655535653
49.6536179324845,64.012447313739,59.6574383143116,55.04259059895,55.2487705450639,58.8451962868376,55.3669597134105,66.5993535147235,36.7798990027537,69.4885316317545,59.9509828903072,55.2565847131277,51.928190378585,69.5844206850298,68.9396711255752,54.6560996615485,49.7077779989302,69.0421429356901,58.4561288946612,50.5233077734521,62.6243473758399,61.2055931547777,64.4896946739128,68.8510247997843,60.0861578779719,39.1440731948916,64.9507708868367,65.0405242846749,62.1275313185851,62.6308543953763,58.3773655535653
49.6536179324845,64.012447313739,59.6574383143116,55.0612597494533,55.2487705450639,58.9084502692986,55.3669597134105,66.5993535147235,36.7798990027537,69.4885316317545,59.9509828903072,55.2565847131277,51.928190378585,69.5844206850298,68.9396711255752,54.6560996615485,49.7077779989302,69.0421429356901,58.4561288946612,50.5233077734521,62.6245868413836,61.2111310104666,64.4896946739128,68.8510247997843,60.0861578779719,39.1440731948916,64.9507708868367,65.0405242846749,62.1275313185851,62.6308543953763,58.499169307266
49.6536179324845,64.012447313739,59.6574383143116,55.2001308590519,55.2487705450639,58.9084502692986,55.3669597134105,66.5993535147235,36.7798990027537,69.4885316317545,59.9509828903072,55.2565847131277,51.9288278430652,69.5844206850298,68.9396711255752,54.6560996615485,49.7077779989302,69.0421429356901,58.4561288946612,50.5233077734521,62.6245868413836,61.2111310104666,64.4896946739128,68.8510247997843,60.0861578779719,39.2791833652737,64.9507708868367,65.0405242846749,62.1275313185851,62.6308543953763,58.499169307266
49.6536179324845,64.012447313739,59.6574383143116,55.2001308590519,55.2487705450639,58.9084502692986,55.3669597134105,66.5993535147235,36.7798990027537,69.4885316317545,59.9509828903072,55.2565847131277,51.9288278430652,69.5844206850298,68.9405853434027,54.6560996615485,49.7077779989302,69.0421429356901,58.4561288946612,50.5233077734521,62.6245868413836,61.2111310104666,64.4896946739128,68.8510247997843,60.1613727243253,39.2791833652737,64.9507708868367,65.9158943484475,62.1275313185851,62.6308543953763,58.499169307266
49.6537160666206,64.012447313739,59.6574383143116,55.2001308590519,55.2487705450639,58.9084502692986,55.3669597134105,66.5993535147235,36.7798990027537,69.4885316317545,59.9509828903072,55.2565847131277,51.9288278430652,69.5844206850298,68.9405853434027,54.6560996615485,49.7077779989302,69.0421429356901,58.4561288946612,50.5240043100089,62.6245868413836,61.2111310104666,64.4896946739128,68.8519145182618,60.1613727243253,39.2791833652737,64.9507708868367,65.9158943484475,62.1275313185851,62.6308543953763,58.499169307266
49.6537160666206,64.012447313739,59.7539612704595,55.2001308590519,55.2487705450639,58.9084502692986,55.3685525396509,66.5993535147235,36.7798990027537,69.4885316317545,59.9509828903072,55.2565847131277,51.9288278430652,69.5844206850298,68.9405853434027,54.6560996615485,49.7077779989302,69.0421429356901,58.4561288946612,50.5240043100089,62.6245868413836,61.2111310104666,64.4896946739128,68.8519145182618,60.1613727243253,39.2791833652737,64.9507708868367,65.9158943484475,62.1275313185851,62.6308543953763,58.499169307266
49.6537160666206,64.012447313739,59.7539612704595,55.2001308590519,55.2487705450639,58.9084502692986,55.3685525396509,66.5993535147235,36.7798990027537,69.4885316317545,59.9509828903072,55.2565847131277,51.9288278430652,69.5844206850298,68.9405853434027,54.657049136929,49.7077779989302,69.0421429356901,58.4561288946612,50.5240043100089,62.6245868413836,61.2166137417735,64.4896946739128,68.8519145182618,60.1613727243253,39.2791833652737,64.9507708868367,65.9158943484475,62.1275313185851,62.6308543953763,58.499169307266
49.6537160666206,64.012447313739,59.7539612704595,55.2001308590519,55.2487705450639,58.9084502692986,55.3685525396509,66.5993535147235,36.7798990027537,69.4885316317545,59.9509828903072,55.2565847131277,51.9288278430652,69.5844206850298,68.9427524752272,54.6654920944518,49.7077779989302,69.0421429356901,58.4561288946612,50.5260828177189,62.6245868413836,61.2166137417735,64.4896946739128,68.8519145182618,60.1613727243253,39.2791833652737,64.9507708868367,65.9158943484475,62.1275313185851,62.6308543953763,58.499169307266
49.6537160666206,64.012447313739,59.7539612704595,55.2001308590519,55.2487705450639,58.9697079256104,55.3685525396509,66.5993535147235,36.7798990027537,69.4885316317545,59.9509828903072,55.2565847131277,51.9288278430652,69.5844206850298,68.9427524752272,54.6654920944518,49.7077779989302,69.0421429356901,58.4561288946612,50.5260828177189,62.6245868413836,61.2166137417735,64.4896946739128,68.8519145182618,60.1613727243253,39.2791833652737,64.9507708868367,65.9158943484475,62.1275313185851,62.6308543953763,58.499169307266
49.6537160666206,64.012447313739,59.7539612704595,55.2001308590519,55.2543081579289,58.9697079256104,55.3685525396509,66.5993535147235,36.7798990027537,69.4885316317545,59.9509828903072,55.2565847131277,51.9288278430652,69.5844206850298,68.9427524752272,54.6654920944518,49.7077779989302,69.0421429356901,58.4561288946612,50.5260828177189,62.6245868413836,61.2166137417735,64.4896946739128,68.8519480890291,60.1613727243253,39.2791833652737,64.9507708868367,65.9158943484475,62.1275313185851,62.6308543953763,58.499169307266
49.6537160666206,64.012447313739,59.7539612704595,55.2001308590519,55.2543081579289,58.9697079256104,55.3685525396509,66.5993535147235,36.7798990027537,69.4885316317545,59.9509828903072,55.2565847131277,51.9290881741633,69.5844206850298,68.9448548409383,54.6654920944518,49.7077779989302,69.0421429356901,58.4561288946612,50.5260828177189,62.6245868413836,61.2166137417735,64.4896946739128,68.8519480890291,60.1613727243253,39.2791833652737,64.9507708868367,65.9158943484475,62.1275313185851,62.6308543953763,58.499169307266
49.6537160666206,64.012447313739,59.7539612704595,55.2001308590519,55.2543081579289,58.9697079256104,55.3685525396509,66.5993535147235,36.7798990027537,69.4885316317545,59.9509828903072,55.2565847131277,51.9290881741633,69.5844206850298,68.9456693353499,54.6654920944518,49.7077779989302,69.0421429356901,58.4561288946612,50.5260828177189,62.6442019089093,61.2218209385894,64.4896946739128,68.8519480890291,60.1613727243253,39.2791833652737,64.9507708868367,65.9158943484475,62.1275313185851,62.6308543953763,58.499169307266
49.6537160666206,64.012447313739,59.7539612704595,55.2112954727287,55.2543081579289,58.9697079256104,55.3691992980132,66.5993535147235,36.7798990027537,69.4885316317545,59.9509828903072,55.2565847131277,51.9290881741633,69.5844206850298,68.9456693353499,54.6654920944518,49.7077779989302,69.0421429356901,58.4561288946612,50.5260828177189,62.6442019089093,61.2218209385894,64.4896946739128,68.8519480890291,60.1613727243253,39.2791833652737,64.9507708868367,65.9158943484475,62.1290770054271,62.6308543953763,58.499169307266
49.6562764633961,64.012447313739,59.7539612704595,55.2112954727287,55.2543081579289,59.051677477649,55.3691992980132,66.5993535147235,36.7798990027537,69.4885316317545,59.9509828903072,55.2565847131277,51.9290881741633,69.5844206850298,68.9456693353499,54.6654920944518,49.7077779989302,69.0421429356901,58.4561288946612,50.5260828177189,62.6442019089093,61.2218209385894,64.4896946739128,68.8519480890291,60.1613727243253,39.2791833652737,64.9507708868367,65.9158943484475,62.1290770054271,62.6308543953763,58.499169307266
49.6562764633961,64.012447313739,59.7539612704595,55.2112954727287,55.2543081579289,59.11583509033,55.3711944386268,66.5993535147235,36.7798990027537,69.4893742748971,59.9509828903072,55.2565847131277,51.9290881741633,69.5844206850298,68.9466821611208,54.6654920944518,49.7088924256832,69.0421429356901,58.4613115551849,50.5349029060075,62.6442019089093,61.2218209385894,64.4896946739128,68.8519480890291,60.1613727243253,39.2791833652737,64.9740544237509,65.9158943484475,62.1290770054271,62.6308543953763,58.499169307266
49.6562764633961,64.012447313739,59.7539612704595,55.2112954727287,55.2551492838045,59.11583509033,55.3711944386268,67.0714128417333,36.7798990027537,69.4893742748971,59.9509828903072,55.2565847131277,51.9293085742598,69.6712701470522,68.9466821611208,54.6654920944518,49.7088924256832,69.0421429356901,58.4613115551849,50.5349029060075,62.7039836726132,61.2218209385894,64.6086102827934,68.8519480890291,60.1613727243253,39.2791833652737,64.9740544237509,65.9158943484475,62.1290770054271,62.6520110633876,58.499169307266
49.6562764633961,64.012447313739,59.7539612704595,55.2112954727287,55.2551492838045,59.11583509033,55.372186229636,67.0714128417333,36.7798990027537,69.4893742748971,59.9509828903072,55.2565847131277,51.9293085742598,69.6712701470522,68.9466821611208,54.6654920944518,49.7088924256832,69.0421429356901,58.4613115551849,50.5349029060075,62.7039836726132,61.2269130646112,64.6086102827934,68.8519480890291,60.1613727243253,39.2791833652737,64.9740544237509,65.9158943484475,62.1290770054271,62.6520110633876,58.499169307266
49.6562764633961,64.012447313739,59.7539612704595,55.2112954727287,55.2551492838045,59.11583509033,55.372186229636,67.0714128417333,36.7798990027537,69.4893742748971,59.9509828903072,55.2565847131277,51.9293085742598,69.6712701470522,68.9466821611208,54.6654920944518,49.7088924256832,69.0421429356901,58.4613115551849,50.5354780802012,62.7039836726132,61.2269130646112,64.6086102827934,68.8519480890291,60.1613727243253,39.2791833652737,64.9740544237509,65.9158943484475,62.1292762181086,62.6520110633876,58.499169307266
49.6562764633961,64.012447313739,59.7704435765913,55.2112954727287,55.2551492838045,59.11583509033,55.372186229636,67.0714128417333,36.7800232055304,69.4893742748971,59.9509828903072,55.2565847131277,51.9293085742598,69.6712701470522,68.9599727461176,54.6654920944518,49.7088924256832,69.0421429356901,58.4613115551849,50.5354780802012,62.7039836726132,61.2269130646112,64.6086102827934,68.8521539881812,60.1613727243253,39.2791833652737,64.9740544237509,65.9158943484475,62.1292762181086,62.6520110633876,58.499169307266
49.6562764633961,64.012447313739,59.7704435765913,55.2132528572554,55.2551492838045,59.11583509033,55.3723767089008,67.0714128417333,36.7800232055304,69.4896422759829,59.9509828903072,55.2565847131277,51.9293085742598,69.6712701470522,68.9599727461176,54.6654920944518,49.7088924256832,69.0421429356901,58.4613115551849,50.5354780802012,62.7039836726132,61.2269130646112,64.6086102827934,68.8521539881812,60.1613727243253,39.2791833652737,64.9740544237509,65.9158943484475,62.1292762181086,62.6520110633876,58.499169307266
49.6569798151747,64.0141678779028,59.7704435765913,55.2132528572554,55.2551492838045,59.11583509033,55.3726844522016,67.0714128417333,36.7800232055304,69.4903310225884,59.9509828903072,55.2565847131277,51.9293085742598,69.6806760430664,68.9599727461176,54.6654920944518,49.7088924256832,69.0421429356901,58.4613115551849,50.5354780802012,62.7553395448842,61.2269130646112,64.6086102827934,68.8521539881812,60.1613727243253,39.2791833652737,64.9740544237509,65.9158943484475,62.1292762181086,62.6520110633876,58.499169307266
49.6569798151747,64.0141678779028,59.7704435765913,55.2132528572554,55.2551492838045,59.11583509033,55.3726844522016,67.0714128417333,36.7800232055304,69.4903310225884,59.9509828903072,55.2565847131277,51.9293085742598,69.6806760430664,68.9599727461176,54.6654920944518,49.710138265939,69.0421429356901,58.4613115551849,50.5354780802012,62.7553395448842,61.2425754002982,64.6086102827934,68.8521539881812,60.1613727243253,39.2791833652737,64.9740544237509,65.9158943484475,62.1292762181086,62.6520110633876,58.499169307266
49.6569798151747,64.0141678779028,59.7942333020795,55.2132528572554,55.2564598992886,59.1283834756831,55.3726844522016,67.0714128417333,36.7803027835713,69.4903310225884,59.9509828903072,55.2565847131277,51.9293085742598,69.6806760430664,68.9599727461176,54.6654920944518,49.710138265939,69.0745268539684,58.4613115551849,50.5354780802012,62.7553395448842,61.2425754002982,64.6086102827934,68.8527278855743,60.1673556403425,39.2791833652737,64.9891541501999,65.9158943484475,62.1358840683854,62.6520110633876,58.499169307266
49.6569798151747,64.0141678779028,59.7942333020795,55.2132528572554,55.2617222005297,59.1283834756831,55.3726844522016,67.0714128417333,36.7803027835713,69.4903310225884,59.9509828903072,55.2565847131277,51.9293085742598,69.6806760430664,68.966372140548,54.6654920944518,49.710138265939,69.0745268539684,58.4613115551849,50.5354780802012,62.7553395448842,61.2425754002982,64.6086102827934,68.8527278855743,60.1673556403425,39.2791833652737,64.9936272666273,65.9158943484475,62.1358840683854,62.6520110633876,58.499169307266
49.6569798151747,64.0141678779028,59.7942333020795,55.2132528572554,55.2617222005297,59.1283834756831,55.3726844522016,67.0714128417333,36.7803027835713,69.4903310225884,59.9509828903072,55.2565847131277,51.9293085742598,69.6806760430664,68.966372140548,54.6654920944518,49.710138265939,69.0745268539684,58.4613115551849,50.5354780802012,62.7553395448842,61.2425754002982,64.6086102827934,68.8527278855743,60.1673556403425,39.2791833652737,64.9936272666273,65.9158943484475,62.1358840683854,63.1227335308595,58.499169307266
49.6569798151747,64.0141678779028,59.7942333020795,55.2132528572554,55.2617222005297,59.1283834756831,55.373003996849,67.0714128417333,36.7803027835713,69.4903310225884,59.9509828903072,55.2565847131277,51.9293085742598,69.6806760430664,68.966372140548,54.6654920944518,49.710138265939,69.0745268539684,58.4613115551849,50.5354780802012,62.7553395448842,61.2425754002982,64.6086102827934,68.8527278855743,60.1673556403425,39.2791833652737,64.9936272666273,65.9158943484475,62.1358840683854,63.1227335308595,58.499169307266
49.6584832933274,64.0141678779028,59.7942333020795,55.2132528572554,55.2617222005297,59.1283834756831,55.373003996849,67.0714128417333,36.7803027835713,69.4945903399841,59.9509828903072,55.2565847131277,51.9293085742598,69.6806760430664,68.966372140548,54.6654920944518,49.710138265939,69.0745268539684,58.4613115551849,50.5354780802012,62.7553395448842,61.2425754002982,64.735594794361,68.8527278855743,60.1673556403425,39.2791833652737,64.9936272666273,65.9158943484475,62.1358840683854,63.1227335308595,58.499169307266
49.6584832933274,64.0141678779028,59.7942333020795,55.2132528572554,55.2617222005297,59.2031923418826,55.373491246718,67.0714128417333,36.7803027835713,69.4945903399841,59.9509828903072,55.3050099809799,51.9293085742598,69.6806760430664,68.966372140548,54.6654920944518,49.7106521994072,69.0745268539684,58.4613115551849,50.5354780802012,62.7553395448842,61.2425754002982,64.735594794361,68.8527278855743,60.1673556403425,39.2791833652737,65.0080096647677,65.9158943484475,62.1358840683854,63.1227335308595,58.499169307266
49.6584832933274,64.0141678779028,59.7942333020795,55.2132528572554,55.2617222005297,59.2031923418826,55.373491246718,67.0714128417333,36.7803027835713,69.4945903399841,59.9509828903072,55.3301020478557,51.9293085742598,69.6806760430664,68.966372140548,54.6654920944518,49.7106521994072,69.0745268539684,58.4613115551849,50.5354780802012,62.7553395448842,61.2425754002982,64.735594794361,68.8527278855743,60.1673556403425,39.2791833652737,65.0080096647677,65.9158943484475,62.1372024926566,63.1227335308595,58.499169307266
49.6584832933274,64.0141678779028,59.7942333020795,55.2132528572554,55.2617222005297,59.2031923418826,55.3735599530679,67.0714128417333,36.7803027835713,69.4945903399841,59.9509828903072,55.3301020478557,51.9293085742598,69.6806760430664,68.966372140548,54.6654920944518,49.7106521994072,69.0745268539684,58.4613115551849,50.5354780802012,62.7553395448842,61.2425754002982,64.735594794361,68.8527278855743,60.1673556403425,39.2791833652737,65.0080096647677,65.9158943484475,62.1372024926566,63.1227335308595,58.499169307266
49.6584832933274,64.017976015093,59.7942333020795,55.2132528572554,55.2617222005297,59.2329501686806,55.3735599530679,67.0714128417333,36.7803027835713,69.4945903399841,59.9509828903072,55.3301020478557,51.9294265300152,69.6806760430664,68.966372140548,54.665613058402,49.7106521994072,69.0909303870884,58.4613115551849,50.5354780802012,62.7553395448842,61.2425754002982,64.735594794361,68.8527278855743,60.1673556403425,39.2791833652737,65.0080096647677,65.9158943484475,62.1372024926566,63.1227335308595,58.499169307266
49.6584832933274,64.017976015093,59.7942333020795,55.2132528572554,55.2617222005297,59.2329501686806,55.3735599530679,67.2593851338635,36.7803027835713,69.4945903399841,59.9509828903072,55.3301020478557,51.9294265300152,69.6806760430664,68.966372140548,54.665613058402,49.7106521994072,69.0909303870884,58.4613115551849,50.5354780802012,62.7553395448842,61.2425754002982,64.735594794361,68.8527278855743,60.1673556403425,39.2791833652737,65.0080096647677,65.9158943484475,62.1372024926566,63.1227335308595,58.499169307266
49.6584832933274,64.017976015093,59.7942333020795,55.2132528572554,55.2617222005297,59.2329501686806,55.3735599530679,67.2593851338635,36.7805971029354,69.4945903399841,59.9509828903072,55.3301020478557,51.9294265300152,69.6806760430664,68.9709647820904,54.665613058402,49.7106521994072,69.0909303870884,58.4613115551849,50.5354780802012,62.7553395448842,61.2425754002982,64.7763836236325,68.8527278855743,60.1673556403425,39.2791833652737,65.0080096647677,65.9158943484475,62.1374926223323,63.1227335308595,58.499169307266
49.6584832933274,64.0214809581802,59.7942333020795,55.2132528572554,55.2617222005297,59.2378920875437,55.3735599530679,67.2593851338635,36.7805971029354,69.4945903399841,59.9509828903072,55.3301020478557,51.9294265300152,69.6806760430664,68.9709647820904,54.665613058402,49.7106521994072,69.0909303870884,58.4613115551849,50.5395616168879,62.7553395448842,61.2425754002982,64.7763836236325,68.8527278855743,60.1673556403425,39.2791833652737,65.0080096647677,65.9158943484475,62.1374926223323,63.1227335308595,58.499169307266
49.6584832933274,64.0214809581802,59.7942333020795,55.2198147187953,55.2617222005297,59.2378920875437,55.3735672032179,67.2593851338635,36.7805971029354,69.4945903399841,59.9509828903072,55.3301020478557,51.9299557632435,69.6806760430664,68.9709647820904,54.6678289359015,49.7117395798343,69.0909303870884,58.4613115551849,50.5395616168879,62.7564566921711,61.2425754002982,64.7763836236325,68.8527278855743,60.1673556403425,39.2791833652737,65.0080096647677,65.9158943484475,62.1374926223323,63.1227335308595,58.499169307266
49.6584832933274,64.0214809581802,59.7942333020795,55.3433873138717,55.2617222005297,59.2378920875437,55.3735672032179,67.2593851338635,36.7805971029354,69.4945903399841,59.9509828903072,55.3301020478557,51.9299557632435,69.6806760430664,68.9759122603484,54.6678289359015,49.7117395798343,69.0909303870884,58.4613115551849,50.5395616168879,62.7564566921711,61.2425754002982,64.7763836236325,68.8528146019626,60.1673556403425,39.2791833652737,65.0080096647677,65.9158943484475,62.1374926223323,63.1227335308595,58.499169307266
49.6584832933274,64.0214809581802,59.7942333020795,55.3433873138717,55.2617222005297,59.2378920875437,55.3735672032179,67.2593851338635,36.7805971029354,69.495835987008,59.9509828903072,55.3301020478557,51.9299557632435,69.6806760430664,68.9759122603484,54.6678289359015,49.7117395798343,69.0909303870884,58.4613115551849,50.5395616168879,62.7564566921711,61.2425754002982,64.7763836236325,68.8528146019626,60.1673556403425,39.3311043313119,65.0080096647677,65.9158943484475,62.1374926223323,63.1227335308595,58.499169307266
49.659959472848,64.0214809581802,59.7942333020795,55.3433873138717,55.2617222005297,59.2706006320533,55.3735672032179,67.2593851338635,36.7808280011397,69.495835987008,59.9509828903072,55.3301020478557,51.9299557632435,69.6806760430664,68.9759122603484,54.6678289359015,49.7117395798343,69.0909303870884,58.4613115551849,50.5395616168879,62.7564566921711,61.2425754002982,64.9321294005491,68.8528146019626,60.1673556403425,39.3311043313119,65.0080096647677,65.9158943484475,62.1377256745981,63.1227335308595,58.499169307266
49.659959472848,64.0214809581802,59.7942333020795,55.3433873138717,55.2617222005297,59.2706006320533,55.3735672032179,67.2593851338635,36.7808280011397,69.495835987008,59.9509828903072,55.3301020478557,51.9299557632435,69.6909881652646,68.9759122603484,54.6678289359015,49.7117395798343,69.0909303870884,58.4613115551849,50.5395616168879,62.7564566921711,61.2425754002982,64.9321294005491,68.8528146019626,60.1673556403425,39.3311043313119,65.0080096647677,65.9158943484475,62.1377256745981,63.1227335308595,58.499169307266
49.659959472848,64.0214809581802,59.7942333020795,55.3433873138717,55.2617222005297,59.2706006320533,55.3735672032179,67.2593851338635,36.7808280011397,69.495835987008,59.9509828903072,55.3581461088653,51.9299557632435,69.6909881652646,68.9764489706498,54.6678289359015,49.7117395798343,69.0909303870884,58.4613115551849,50.5395616168879,62.7564566921711,61.2462281916471,64.9321294005491,68.8528146019626,60.1673556403425,39.3311043313119,65.0080096647677,65.9158943484475,62.1377256745981,63.1227335308595,58.499169307266
49.659959472848,64.0214809581802,59.7942333020795,55.3433873138717,55.2617222005297,59.2706006320533,55.3735672032179,67.2593851338635,36.7808280011397,69.495835987008,59.9509828903072,55.3581461088653,51.9299557632435,69.6909881652646,68.9764489706498,54.6678289359015,49.7117395798343,69.0909303870884,58.4613115551849,50.5395616168879,62.7564566921711,61.2486956348413,64.9321294005491,68.8528146019626,60.1673556403425,39.3311043313119,65.0080096647677,65.9158943484475,62.1377256745981,63.1227335308595,58.499169307266
49.659959472848,64.0214809581802,59.7942333020795,55.3433873138717,55.2617222005297,59.2879791802088,55.3735672032179,67.2593851338635,36.7808280011397,69.495835987008,59.9509828903072,55.3581461088653,51.9299557632435,69.6909881652646,68.9781126325903,54.6678289359015,49.7117395798343,69.0909303870884,58.4613115551849,50.5395616168879,62.7564566921711,61.2486956348413,64.9321294005491,68.8530666625234,60.1673556403425,39.3311043313119,65.0080096647677,65.9158943484475,62.1377256745981,63.1227335308595,58.499169307266
49.659959472848,64.0214809581802,59.7942333020795,55.3433873138717,55.2617222005297,59.2879791802088,55.3738290060752,67.2593851338635,36.7808280011397,69.495835987008,59.9509828903072,55.3581461088653,51.9299913661127,69.6909881652646,68.9781126325903,54.6678289359015,49.7117395798343,69.0909303870884,58.4613115551849,50.5395616168879,62.7564566921711,61.2486956348413,64.9321294005491,68.8530666625234,60.1673556403425,39.3311043313119,65.0080096647677,65.9158943484475,62.138306162219,63.1227335308595,58.499169307266
49.659959472848,64.0234539796366,59.7942333020795,55.3433873138717,55.2617222005297,59.2879791802088,55.3738290060752,67.2593851338635,36.7808280011397,69.495835987008,59.9509828903072,55.3581461088653,51.9299913661127,69.6909881652646,68.9781126325903,54.6678289359015,49.7117395798343,69.0909303870884,58.4613115551849,50.5395616168879,62.7564566921711,61.2486956348413,64.9321294005491,68.8530666625234,60.1673556403425,39.3311043313119,65.0080096647677,65.9158943484475,62.138306162219,63.1227335308595,58.499169307266
49.659959472848,64.0234539796366,59.7942333020795,55.3433873138717,55.2617222005297,59.2879791802088,55.3738290060752,67.2593851338635,36.7808280011397,69.495835987008,59.9509828903072,55.3581461088653,51.9299913661127,69.6909881652646,68.9781126325903,54.6678289359015,49.7117395798343,69.0909303870884,58.4613115551849,50.5395616168879,62.7564566921711,61.2486956348413,64.9321294005491,68.8530666625234,60.1673556403425,39.4149622729431,65.0080096647677,65.9158943484475,62.138306162219,63.1227335308595,58.499169307266
49.659959472848,64.0234539796366,59.7942333020795,55.3433873138717,55.2617222005297,59.2879791802088,55.3738290060752,67.2593851338635,36.7808280011397,69.495835987008,59.9509828903072,55.3581461088653,51.9299913661127,69.6946274920799,68.9781126325903,54.6678289359015,49.7117395798343,69.0909303870884,58.4613115551849,50.5395616168879,62.7564566921711,61.2486956348413,64.9321294005491,68.8530666625234,60.1673556403425,39.4149622729431,65.0080096647677,65.9158943484475,62.138306162219,63.1227335308595,58.499169307266
49.659959472848,64.0234539796366,59.7942333020795,55.3433873138717,55.2617222005297,59.2879791802088,55.3738551885944,67.2593851338635,36.7808418064532,69.495835987008,59.9509828903072,55.3581461088653,51.9299913661127,69.6946274920799,68.9781126325903,54.6678289359015,49.7129279788932,69.0909303870884,58.4613115551849,50.5395616168879,62.7564566921711,61.2486956348413,64.9321294005491,68.8530666625234,60.1673556403425,39.4149622729431,65.0080096647677,66.2108482713513,62.138306162219,63.1227335308595,58.499169307266
49.659959472848,64.0234539796366,59.7942333020795,55.3433873138717,55.2617222005297,59.2879791802088,55.374370523971,67.2593851338635,36.7808418064532,69.495835987008,59.9509828903072,55.3581461088653,51.9299913661127,69.6946274920799,68.9781126325903,54.6678289359015,49.7129279788932,69.0909303870884,58.4613115551849,50.5400149112413,62.7564566921711,61.2486956348413,64.9321294005491,68.8530666625234,60.1673556403425,39.4149622729431,65.0080096647677,66.2108482713513,62.138306162219,63.1227335308595,58.499169307266
49.659959472848,64.0234539796366,59.7942333020795,55.3433873138717,55.2617222005297,59.2879791802088,55.374370523971,67.2593851338635,36.7808418064532,69.495835987008,59.9509828903072,55.393099220864,51.9299913661127,69.6946274920799,68.9781126325903,54.6678289359015,49.7129279788932,69.2466400469001,58.4613115551849,50.5400149112413,62.7564566921711,61.2486956348413,64.9321294005491,68.8530666625234,60.1673556403425,39.4149622729431,65.0080096647677,66.2108482713513,62.138306162219,63.1227335308595,58.499169307266
49.659959472848,64.0234539796366,59.7942333020795,55.3433873138717,55.2617222005297,59.2879791802088,55.374370523971,67.2593851338635,36.7808418064532,69.495835987008,59.9509828903072,55.393099220864,51.9299913661127,69.6946274920799,68.9781126325903,54.6678289359015,49.7129279788932,69.2466400469001,58.4613115551849,50.5400149112413,62.7564566921711,61.2486956348413,64.9321294005491,68.8530666625234,60.1673556403425,39.4149622729431,65.0080096647677,66.2108482713513,62.138306162219,63.1227335308595,58.5873147679376
49.659959472848,64.0241651267616,59.7942333020795,55.3433873138717,55.2630905462305,59.3248230813318,55.374370523971,67.2593851338635,36.7808418064532,69.495835987008,59.9509828903072,55.393099220864,51.9299913661127,69.6946274920799,68.9781126325903,54.6678289359015,49.7129279788932,69.2466400469001,58.4613115551849,50.5400149112413,62.7564566921711,61.2486956348413,64.9321294005491,68.8530666625234,60.1673556403425,39.4149622729431,65.0080096647677,66.2108482713513,62.138306162219,63.1227335308595,58.5873147679376
49.659959472848,64.0241651267616,59.7942333020795,55.3433873138717,55.2630905462305,59.3248230813318,55.374370523971,67.2593851338635,36.7808418064532,69.495835987008,59.9509828903072,55.393099220864,51.9299913661127,69.7033483453104,68.9781126325903,54.6680938982878,49.7129279788932,69.2466400469001,58.4613115551849,50.5400914761531,62.7564566921711,61.2486956348413,64.9321294005491,68.8530666625234,60.1673556403425,39.4149622729431,65.0160064261405,66.2108482713513,62.138306162219,63.1227335308595,58.5873147679376
49.659959472848,64.0241651267616,59.7942333020795,55.3433873138717,55.2630905462305,59.3248230813318,55.374370523971,67.2593851338635,36.7808418064532,69.4989880133621,59.9509828903072,55.393099220864,51.9299913661127,69.7033483453104,68.9781126325903,54.6680938982878,49.7129279788932,69.2466400469001,58.4613115551849,50.5400914761531,62.7564566921711,61.2486956348413,64.9321294005491,68.8530666625234,60.1673556403425,39.4149622729431,65.0258850698789,66.2108482713513,62.1392758995526,63.1227335308595,58.5873147679376
49.659959472848,64.0250678479396,59.7942333020795,55.3537846986287,55.2630905462305,59.3248230813318,55.374370523971,67.2593851338635,36.7808418064532,69.4989880133621,59.9509828903072,55.393099220864,51.9299913661127,69.7033483453104,68.9799333759885,54.6680938982878,49.7129279788932,69.2466400469001,58.4613115551849,50.5400914761531,62.7564566921711,61.2486956348413,64.9321294005491,68.8530666625234,60.1673556403425,39.4413369686464,65.0258850698789,66.2108482713513,62.1392758995526,63.1227335308595,58.5873147679376
49.659959472848,64.0250678479396,59.7956413179292,55.3537846986287,55.2630905462305,59.3248230813318,55.374370523971,67.2593851338635,36.7809461024407,69.4989880133621,59.9509828903072,55.393099220864,51.9299913661127,69.7033483453104,68.9799333759885,54.6680938982878,49.7129279788932,69.2466400469001,58.4613115551849,50.5404244234385,62.7644767353508,61.2486975964853,64.9429160115098,68.8530666625234,60.2463791705239,39.4413369686464,65.0258850698789,66.2108482713513,62.1392758995526,63.1227335308595,58.5873147679376
49.659959472848,64.0250678479396,59.7956413179292,55.3537846986287,55.2630905462305,59.3248230813318,55.3747272906317,67.2593851338635,36.7809461024407,69.4989880133621,59.9509828903072,55.393099220864,51.9299913661127,69.7033483453104,68.9799333759885,54.6680938982878,49.7129279788932,69.2466400469001,58.4613115551849,50.5404244234385,62.7644767353508,61.2517611297224,64.9429160115098,68.8530666625234,60.2463791705239,39.4413369686464,65.0258850698789,66.2108482713513,62.1392758995526,63.1227335308595,58.5873147679376
49.659959472848,64.0250678479396,59.7956413179292,55.3537846986287,55.2630905462305,59.3248230813318,55.3747272906317,67.2593851338635,36.7809461024407,69.4989880133621,59.9509828903072,55.393099220864,51.9299913661127,69.7033483453104,68.9799333759885,54.6680938982878,49.7129279788932,69.2466400469001,58.4613115551849,50.5404244234385,62.7644767353508,61.2517611297224,64.9429160115098,68.8530666625234,60.2463791705239,39.4413369686464,65.0258850698789,66.2108482713513,62.1392758995526,63.1227335308595,58.5873147679376
49.659959472848,64.0255350385891,59.7956413179292,55.3537846986287,55.2630905462305,59.3248230813318,55.3747272906317,67.2593851338635,36.7810132704435,69.4989880133621,59.9509828903072,55.393099220864,51.9299913661127,69.7033483453104,68.9799333759885,54.6680938982878,49.7129279788932,69.2466400469001,58.4613115551849,50.5404244234385,62.7644767353508,61.2517611297224,64.9429160115098,68.8530666625234,60.2463791705239,39.4413369686464,65.0328290129861,66.2108482713513,62.1395578438114,63.1227335308595,58.5873147679376
49.659959472848,64.0255350385891,59.7956413179292,55.3537846986287,55.2630905462305,59.3248230813318,55.3747272906317,67.2593851338635,36.7810132704435,69.4989880133621,59.9509828903072,55.393099220864,51.9300485105425,69.7033483453104,68.9799333759885,54.6680938982878,49.7129279788932,69.2560702595165,58.4613115551849,50.5404244234385,62.7644767353508,61.2517611297224,64.9429160115098,68.8530666625234,60.2463791705239,39.4413369686464,65.0328290129861,66.2108482713513,62.1395578438114,63.2130287744492,58.5873147679376
49.659959472848,64.0261723081305,59.7956413179292,55.3537846986287,55.2630905462305,59.3248230813318,55.3747272906317,67.2593851338635,36.7810132704435,69.4989880133621,59.9509828903072,55.393099220864,51.9300485105425,69.7238795750968,68.9799333759885,54.6680938982878,49.7129279788932,69.2560702595165,58.4613115551849,50.5404244234385,62.7644767353508,61.2517611297224,64.9429160115098,68.8530666625234,60.2463791705239,39.4413369686464,65.0328290129861,66.2108482713513,62.1395578438114,63.2130287744492,58.5873147679376
49.659959472848,64.0294225120218,59.7956413179292,55.3537846986287,55.2630905462305,59.3248230813318,55.3747272906317,67.2593851338635,36.7810132704435,69.4989880133621,59.9509828903072,55.393099220864,51.9300485105425,69.7238795750968,68.9799333759885,54.6680938982878,49.7129279788932,69.2560702595165,58.4613115551849,50.5404244234385,62.7644767353508,61.2517611297224,64.9429160115098,68.8530666625234,60.2463791705239,39.4413369686464,65.0328290129861,66.2108482713513,62.1395578438114,63.2130287744492,58.619216836079
49.659959472848,64.0294225120218,59.7956413179292,55.3537846986287,55.2630905462305,59.3248230813318,55.3747272906317,67.2593851338635,36.7810132704435,69.4989880133621,59.9509828903072,55.393099220864,51.9300485105425,69.7238795750968,68.9799333759885,54.6680938982878,49.7129279788932,69.2560702595165,58.4613115551849,50.5404244234385,62.7644767353508,61.2517611297224,64.9587117617085,68.8530666625234,60.2463791705239,39.4413369686464,65.0328290129861,66.2108482713513,62.1395578438114,63.2130287744492,58.619216836079
49.659959472848,64.0294225120218,59.7956413179292,55.3608770925783,55.2630905462305,59.3248230813318,55.3747272906317,67.2593851338635,36.7810132704435,69.4989880133621,59.9509828903072,55.393099220864,51.9300485105425,69.7238795750968,68.9806084882805,54.6680938982878,49.7132721964641,69.2560702595165,58.4620837573686,50.5404244234385,62.7644767353508,61.2517611297224,64.9587117617085,68.8530666625234,60.2463791705239,39.4413369686464,65.0328290129861,66.2108482713513,62.1395578438114,63.2130287744492,58.619216836079
49.659959472848,64.0294225120218,59.7956413179292,55.3608770925783,55.2630905462305,59.3248230813318,55.3747272906317,67.2593851338635,36.781041176463,69.4990865122639,59.9509828903072,55.393099220864,51.9300485105425,69.7238795750968,68.9806084882805,54.6680938982878,49.7132721964641,69.2560702595165,58.4620837573686,50.5404244234385,62.7644767353508,61.2517611297224,64.9587117617085,68.8530666625234,60.280336886412,39.4413369686464,65.0328290129861,66.2108482713513,62.1395578438114,63.2130287744492,58.619216836079
49.659959472848,64.0294225120218,59.7956413179292,55.3608770925783,55.2630905462305,59.3248230813318,55.3747272906317,67.2593851338635,36.781041176463,69.5013176460893,59.9509828903072,55.393099220864,51.9300485105425,69.7238795750968,68.9806084882805,54.6680938982878,49.7132721964641,69.2560702595165,58.4620837573686,50.5404244234385,62.7644767353508,61.2517611297224,64.9587117617085,68.8530739855338,60.280336886412,39.4413369686464,65.0370376664232,66.2108482713513,62.1395578438114,63.2130287744492,58.619216836079
49.659959472848,64.0294225120218,59.7956413179292,55.3608770925783,55.2638954818757,59.3248230813318,55.3747272906317,67.2593851338635,36.781041176463,69.5013176460893,59.9509828903072,55.393099220864,51.9300485105425,69.7238795750968,68.9806084882805,54.6680938982878,49.7132721964641,69.2929479917903,58.4620837573686,50.5404244234385,62.7644767353508,61.2517611297224,64.9587117617085,68.8530739855338,60.280336886412,39.4413369686464,65.0370376664232,66.2108482713513,62.1395578438114,63.2130287744492,58.619216836079
49.659959472848,64.0294225120218,59.7956413179292,55.3608770925783,55.2638954818757,59.3248230813318,55.3747272906317,67.2593851338635,36.781041176463,69.5013176460893,59.9509828903072,55.393099220864,51.9300485105425,69.7238795750968,68.9806084882805,54.6680938982878,49.7133065977002,69.2929479917903,58.5081776639256,50.5404244234385,62.7644767353508,61.2517611297224,64.9587117617085,68.8530739855338,60.280336886412,39.4413369686464,65.0370376664232,66.2108482713513,62.1395578438114,63.2275003503107,58.619216836079
49.6604109835878,64.0294225120218,59.7956413179292,55.3608770925783,55.2638954818757,59.3248230813318,55.3747272906317,67.5237946907004,36.781041176463,69.5013176460893,59.9509828903072,55.393099220864,51.9300485105425,69.7434237428699,68.9806084882805,54.6685515790083,49.7133065977002,69.2929479917903,58.5081776639256,50.5404244234385,62.7644767353508,61.2517611297224,64.9587117617085,68.8530739855338,60.280336886412,39.4413369686464,65.0370376664232,66.2108482713513,62.1395578438114,63.2275003503107,58.619216836079
49.6604109835878,64.0294225120218,59.7956413179292,55.3608770925783,55.2638954818757,59.3248230813318,55.3747272906317,67.5237946907004,36.7811721855598,69.5013176460893,59.9509828903072,55.393099220864,51.9300877124921,69.7434237428699,68.9806084882805,54.6685515790083,49.7133065977002,69.2929479917903,58.5081776639256,50.5404244234385,62.7644767353508,61.2517611297224,65.0411436848409,68.8530739855338,60.280336886412,39.4501568922565,65.0370376664232,66.2108482713513,62.1395578438114,63.2275003503107,58.619216836079
49.6604109835878,64.0299148178138,59.7956413179292,55.3608770925783,55.2638954818757,59.3276857888827,55.3747272906317,67.5237946907004,36.7811721855598,69.5013176460893,59.9509828903072,55.393099220864,51.9300877124921,69.7434237428699,68.9806084882805,54.6685515790083,49.7133065977002,69.2929479917903,58.5081776639256,50.5404244234385,62.7644767353508,61.2571174905402,65.0411436848409,68.8531134306587,60.280336886412,39.4501568922565,65.0636598859558,66.2108482713513,62.1395578438114,63.2275003503107,58.619216836079
49.6604109835878,64.0299148178138,59.812913937338,55.3608770925783,55.2638954818757,59.3276857888827,55.3747272906317,67.5237946907004,36.7811721855598,69.5013176460893,59.9509828903072,55.393099220864,51.9300877124921,69.7434237428699,68.9812219563918,54.6685515790083,49.7133065977002,69.2929479917903,58.5081776639256,50.5404244234385,62.7644767353508,61.2571174905402,65.0411436848409,68.8531134306587,60.280336886412,39.4501568922565,65.0636598859558,66.2108482713513,62.1395578438114,63.2275003503107,58.619216836079
49.6604109835878,64.0299148178138,59.812913937338,55.3608770925783,55.2638954818757,59.3544963696702,55.3747272906317,67.5237946907004,36.7811721855598,69.5013176460893,60.0652201463468,55.393099220864,51.9300877124921,69.7434237428699,68.9812219563918,54.6700168830106,49.7137730833846,69.2929479917903,58.5081776639256,50.5404244234385,62.7752332898927,61.2571174905402,65.0411436848409,68.8531134306587,60.280336886412,39.4501568922565,65.0636598859558,66.2108482713513,62.1395578438114,63.2275003503107,58.619216836079
49.6604109835878,64.0299148178138,59.812913937338,55.3608770925783,55.2638954818757,59.3544963696702,55.3747272906317,67.5237946907004,36.7811721855598,69.5013176460893,60.0652201463468,55.393099220864,51.9300877124921,69.7434237428699,68.9812219563918,54.6700168830106,49.7137730833846,69.3990896408259,58.511956738902,50.5404244234385,62.7752332898927,61.2571174905402,65.0411436848409,68.8531134306587,60.280336886412,39.4501568922565,65.0636598859558,66.2108482713513,62.1395578438114,63.2275003503107,58.619216836079
49.6604109835878,64.0299148178138,59.812913937338,55.3608770925783,55.2638954818757,59.3544963696702,55.3748320316893,67.5237946907004,36.7811721855598,69.5013176460893,60.0652201463468,55.393099220864,51.9300877124921,69.7434237428699,68.9812219563918,54.6700168830106,49.7137730833846,69.3990896408259,58.511956738902,50.5404244234385,62.7752332898927,61.2571174905402,65.0411436848409,68.8531134306587,60.280336886412,39.4501568922565,65.0636598859558,66.2108482713513,62.1395578438114,63.2275003503107,58.6511964464584
49.6608883908849,64.0299148178138,59.812913937338,55.3608770925783,55.2638954818757,59.3544963696702,55.3748320316893,67.6112540937413,36.7811721855598,69.5013176460893,60.0652201463468,55.393099220864,51.9300877124921,69.7434237428699,68.9812219563918,54.6700168830106,49.7137730833846,69.3990896408259,58.511956738902,50.5412580356007,62.7752332898927,61.2571174905402,65.0411436848409,68.8531134306587,60.280336886412,39.4888547899771,65.0636598859558,66.2470852980559,62.1395578438114,63.2275003503107,58.6511964464584
49.6608883908849,64.0300193621117,59.812913937338,55.3608770925783,55.2638954818757,59.3544963696702,55.3748320316893,67.6112540937413,36.7811721855598,69.5013176460893,60.0652201463468,55.393099220864,51.9300877124921,69.790887514249,68.9812219563918,54.6700168830106,49.7137730833846,69.3990896408259,58.511956738902,50.5412580356007,62.7752332898927,61.2571174905402,65.0411436848409,68.8531134306587,60.280336886412,39.5255496274964,65.0703784906936,66.2470852980559,62.1395578438114,63.2275003503107,58.6511964464584
49.6608883908849,64.0302024346925,59.812913937338,55.3608770925783,55.2638954818757,59.3544963696702,55.3748320316893,67.6112540937413,36.7811721855598,69.5013176460893,60.0652201463468,55.393099220864,51.9300877124921,69.790887514249,68.9812432511672,54.6700168830106,49.7137730833846,69.3990896408259,58.511956738902,50.5412580356007,62.7752332898927,61.2571174905402,65.0411436848409,68.8531134306587,60.280336886412,39.5255496274964,65.0710168790281,66.2470852980559,62.1395578438114,63.2275003503107,58.6511964464584
49.6608883908849,64.0302024346925,59.812913937338,55.3608770925783,55.2654974807919,59.3544963696702,55.3748320316893,67.6112540937413,36.7811721855598,69.5013176460893,60.0652201463468,55.393099220864,51.9300877124921,69.790887514249,68.9812432511672,54.6700168830106,49.7138418227927,69.3990896408259,58.511956738902,50.5412580356007,62.7752332898927,61.2571174905402,65.0411436848409,68.8531134306587,60.280336886412,39.5255496274964,65.0710168790281,66.2470852980559,62.1395578438114,63.2275003503107,58.6511964464584
49.6608883908849,64.0302024346925,59.812913937338,55.4166610992701,55.2654974807919,59.3544963696702,55.3748320316893,67.6112540937413,36.7811880417304,69.5013176460893,60.0652201463468,55.393099220864,51.9300877124921,69.790887514249,68.9812432511672,54.6700168830106,49.7138418227927,69.3990896408259,58.511956738902,50.5412580356007,62.7815536218949,61.2613227253104,65.0411436848409,68.8531134306587,60.280336886412,39.5255496274964,65.0710168790281,66.2470852980559,62.1401334083456,63.2275003503107,58.6511964464584
49.6608883908849,64.0302024346925,59.812913937338,55.4166610992701,55.2654974807919,59.3544963696702,55.3748320316893,67.6112540937413,36.7811880417304,69.5013176460893,60.0652201463468,55.393099220864,51.9301647909695,69.790887514249,68.9812432511672,54.6700168830106,49.7138418227927,69.3990896408259,58.511956738902,50.5412580356007,62.7815536218949,61.2613227253104,65.0411436848409,68.8531134306587,60.280336886412,39.5255496274964,65.0710168790281,66.2470852980559,62.1401334083456,63.343161507052,58.6511964464584
49.6609961031305,64.0302024346925,59.812913937338,55.4166610992701,55.2654974807919,59.3544963696702,55.3748320316893,67.6112540937413,36.7811880417304,69.5013176460893,60.0652201463468,55.393099220864,51.9301647909695,69.790887514249,68.9812432511672,54.6700168830106,49.7138418227927,69.3990896408259,58.511956738902,50.5412580356007,62.7815536218949,61.2613227253104,65.0411436848409,68.8531134306587,60.280336886412,39.5255496274964,65.0710168790281,66.2470852980559,62.1401334083456,63.343161507052,58.6511964464584
49.6609961031305,64.0302024346925,59.812913937338,55.4166610992701,55.2674433475086,59.3544963696702,55.3748320316893,67.6112540937413,36.7812041062293,69.5013176460893,60.0652201463468,55.4058445968827,51.9301647909695,69.790887514249,68.9812432511672,54.6700168830106,49.7138418227927,69.3990896408259,58.511956738902,50.5412580356007,62.7815536218949,61.2613227253104,65.0411436848409,68.8531134306587,60.280336886412,39.5255496274964,65.0710168790281,66.249054084801,62.1401334083456,63.343161507052,58.6511964464584
49.6609961031305,64.0302024346925,59.812913937338,55.4166610992701,55.2674433475086,59.3544963696702,55.3748320316893,67.6112540937413,36.7812041062293,69.5013176460893,60.2753026024741,55.4058445968827,51.9301647909695,69.7919922753074,68.9812432511672,54.6700168830106,49.7138418227927,69.3990896408259,58.511956738902,50.5412580356007,62.7815536218949,61.2613227253104,65.0411436848409,68.8531134306587,60.280336886412,39.5255496274964,65.0710168790281,66.3275285037191,62.1401334083456,63.343161507052,58.6511964464584
49.6609961031305,64.0302024346925,59.812913937338,55.4166610992701,55.2674433475086,59.3544963696702,55.3749132379845,67.6112540937413,36.7812041062293,69.5013176460893,60.2753026024741,55.4058445968827,51.9301647909695,69.7919922753074,68.9812432511672,54.6700168830106,49.714134809391,69.3990896408259,58.511956738902,50.5412580356007,62.7815536218949,61.2613227253104,65.0411436848409,68.8531134306587,60.280336886412,39.5255496274964,65.0710168790281,66.3275285037191,62.1401334083456,63.343161507052,58.6511964464584
49.6609961031305,64.0302024346925,59.8302860533716,55.4166610992701,55.26918551191,59.3544963696702,55.3749132379845,67.6112540937413,36.7812041062293,69.5013176460893,60.2753026024741,55.4058445968827,51.9301647909695,69.7919922753074,68.9812432511672,54.6700168830106,49.714134809391,69.3990896408259,58.511956738902,50.5412580356007,62.7815536218949,61.2613227253104,65.0411436848409,68.8531134306587,60.280336886412,39.5255496274964,65.077101471247,66.3275285037191,62.1401334083456,63.343161507052,58.6511964464584
49.6609961031305,64.0302024346925,59.8302860533716,55.4166610992701,55.26918551191,59.3544963696702,55.3749132379845,67.6112540937413,36.781227068841,69.5013200487244,60.2753026024741,55.4058445968827,51.9301647909695,69.7919922753074,68.9812432511672,54.6700168830106,49.714134809391,69.3990896408259,58.511956738902,50.5412580356007,62.7815536218949,61.2613227253104,65.0411436848409,68.8531134306587,60.280336886412,39.5255496274964,65.077101471247,66.3275285037191,62.1401334083456,63.343161507052,58.6511964464584
49.6613666473753,64.0302024346925,59.8302860533716,55.4166610992701,55.26918551191,59.3544963696702,55.3749132379845,67.6112540937413,36.781227068841,69.5013200487244,60.2753026024741,55.4058445968827,51.9301647909695,69.7919922753074,68.9812432511672,54.6700168830106,49.714134809391,69.3990896408259,58.5283092987457,50.5412580356007,62.7815536218949,61.2613227253104,65.0411436848409,68.8531475551573,60.280336886412,39.5255496274964,65.077101471247,66.3275285037191,62.1401334083456,63.343161507052,58.6511964464584
49.6613666473753,64.0302024346925,59.8302860533716,55.4166610992701,55.26918551191,59.3544963696702,55.3749546423409,67.6112540937413,36.781227068841,69.5013200487244,60.2753026024741,55.4085108409558,51.9301647909695,69.7919922753074,68.9814283047218,54.6700168830106,49.714134809391,69.3990896408259,58.5650415202026,50.5412580356007,62.7815536218949,61.261502507875,65.0411436848409,68.8531475551573,60.280336886412,39.5423857249661,65.077101471247,66.3275285037191,62.1401334083456,63.343161507052,58.6511964464584
49.6613666473753,64.0302024346925,59.8302860533716,55.4166610992701,55.26918551191,59.3544963696702,55.3749546423409,67.6112540937413,36.781227068841,69.5013200487244,60.2753026024741,55.4085108409558,51.9301647909695,69.7919922753074,68.9814283047218,54.6700168830106,49.714134809391,69.3990896408259,58.5650415202026,50.5412580356007,62.7815536218949,61.261502507875,65.0411436848409,68.8531475551573,60.280336886412,39.5423857249661,65.077101471247,66.3275285037191,62.1405176838252,63.343161507052,58.6511964464584
49.6613666473753,64.0302024346925,59.8302860533716,55.4166610992701,55.26918551191,59.3544963696702,55.3749546423409,67.6112540937413,36.781227068841,69.5013200487244,60.2753026024741,55.4085108409558,51.9301647909695,69.7919922753074,68.981732147412,54.6700168830106,49.714134809391,69.3990896408259,58.5650415202026,50.5412580356007,62.7815536218949,61.261502507875,65.0411436848409,68.8531475551573,60.280336886412,39.5423857249661,65.077101471247,66.3275285037191,62.1405176838252,63.343161507052,58.6511964464584
49.6613666473753,64.0302024346925,59.8302860533716,55.4166610992701,55.26918551191,59.3544963696702,55.374987493205,67.6112540937413,36.781227068841,69.5013200487244,60.3611762709565,55.4085108409558,51.9301764899406,69.7919922753074,68.9827435971947,54.6700168830106,49.7144130194483,69.3990896408259,58.5650415202026,50.5412580356007,62.7815536218949,61.261502507875,65.0411436848409,68.8531717443605,60.280336886412,39.5423857249661,65.077101471247,66.3275285037191,62.1405176838252,63.343161507052,58.6511964464584
49.6615090208271,64.0302024346925,59.8302860533716,55.4245874740087,55.26918551191,59.3544963696702,55.374987493205,67.6112540937413,36.781227068841,69.5013200487244,60.3611762709565,55.4085108409558,51.9301764899406,69.7919922753074,68.9827435971947,54.6700168830106,49.7144130194483,69.3990896408259,58.5650415202026,50.5412580356007,62.7815536218949,61.261502507875,65.0411436848409,68.8531717443605,60.280336886412,39.5423857249661,65.077101471247,66.3275285037191,62.1405176838252,63.343161507052,58.6511964464584
49.6615090208271,64.0302024346925,59.8302860533716,55.4245874740087,55.26918551191,59.3544963696702,55.374987493205,67.6112540937413,36.781227068841,69.5013200487244,60.3611762709565,55.4085108409558,51.9301764899406,69.7919922753074,68.9827435971947,54.6701000785404,49.7144130194483,69.3990896408259,58.5650415202026,50.541318728659,62.7815536218949,61.2620403480383,65.0411436848409,68.8531717443605,60.280336886412,39.5423857249661,65.077101471247,66.3275285037191,62.1405176838252,63.343161507052,58.6511964464584
49.6615090208271,64.0302024346925,59.8302860533716,55.4245874740087,55.26918551191,59.3544963696702,55.3749886726606,67.6112540937413,36.781227068841,69.5014545377654,60.3611762709565,55.4085108409558,51.9301764899406,69.7919922753074,68.9827435971947,54.6701000785404,49.7144130194483,69.3990896408259,58.5650415202026,50.541318728659,62.7815536218949,61.2626258222835,65.0411436848409,68.8531717443605,60.280336886412,39.5423857249661,65.077101471247,66.3275285037191,62.1405176838252,63.343161507052,58.6511964464584
49.6615090208271,64.0302024346925,59.8302860533716,55.4245874740087,55.26918551191,59.3582649951683,55.3749886726606,67.6112540937413,36.781227068841,69.5014545377654,60.3611762709565,55.4085108409558,51.9301764899406,69.7919922753074,68.9830397688828,54.6701000785404,49.7144130194483,69.3990896408259,58.5650415202026,50.541318728659,62.7815536218949,61.2626258222835,65.0411436848409,68.8531818158461,60.280336886412,39.5423857249661,65.077101471247,66.3275285037191,62.1405176838252,63.343161507052,58.6511964464584
49.6615090208271,64.0302024346925,59.8302860533716,55.4245874740087,55.2694641506271,59.3582649951683,55.3749886726606,67.6112540937413,36.781227068841,69.5014545377654,60.3611762709565,55.4085108409558,51.9301764899406,69.7919922753074,68.9830397688828,54.6703941819414,49.7144130194483,69.3990896408259,58.5650415202026,50.5413880898674,62.7815536218949,61.2626258222835,65.0411436848409,68.8531818158461,60.280336886412,39.5423857249661,65.077101471247,66.3275285037191,62.1405176838252,63.343161507052,58.6556225996915
49.6615090208271,64.0302024346925,59.8302860533716,55.4245874740087,55.2694641506271,59.3582649951683,55.3750140907917,67.6112540937413,36.781227068841,69.5014545377654,60.3611762709565,55.4085108409558,51.9301764899406,69.7919922753074,68.9830397688828,54.6703941819414,49.7144130194483,69.3990896408259,58.5650415202026,50.5413880898674,62.7815536218949,61.2626258222835,65.0411436848409,68.8531818158461,60.280336886412,39.5423857249661,65.077101471247,66.416225302809,62.1405176838252,63.343161507052,58.6556225996915
49.6615090208271,64.0302024346925,59.8302860533716,55.4245874740087,55.2694641506271,59.358809458102,55.3750140907917,67.6112540937413,36.781227068841,69.5014545377654,60.3611762709565,55.4085108409558,51.9301764899406,69.7919922753074,68.9830397688828,54.6703941819414,49.7144130194483,69.3990896408259,58.5650415202026,50.5413880898674,62.7815536218949,61.2626258222835,65.0411436848409,68.8531818158461,60.280336886412,39.5423857249661,65.077101471247,66.416225302809,62.1405176838252,63.343161507052,58.6556225996915
49.6615090208271,64.0302024346925,59.8302860533716,55.4245874740087,55.2694641506271,59.3615525639043,55.3750140907917,67.6112540937413,36.781227068841,69.5014545377654,60.3611762709565,55.4085108409558,51.9302997480822,69.7919922753074,68.9830397688828,54.6703941819414,49.7144130194483,69.3990896408259,58.5650415202026,50.5413880898674,62.7815536218949,61.2630014968003,65.0473504655392,68.8531818158461,60.4722349758549,39.5423857249661,65.077101471247,66.416225302809,62.1405176838252,63.343161507052,58.6556225996915
49.6615090208271,64.0302024346925,59.8302860533716,55.4245874740087,55.2695784559224,59.3615525639043,55.3750140907917,67.6112540937413,36.781227068841,69.5014545377654,60.3611762709565,55.4085108409558,51.9302997480822,69.7919922753074,68.9832223013856,54.6703941819414,49.7144130194483,69.3990896408259,58.5650415202026,50.5414873975843,62.7815536218949,61.2630014968003,65.0473504655392,68.8531818158461,60.4722349758549,39.5423857249661,65.077101471247,66.416225302809,62.1405176838252,63.343161507052,58.6556225996915
49.6619612280554,64.0302024346925,59.8302860533716,55.4245874740087,55.2695784559224,59.3660001454375,55.3750140907917,67.6112540937413,36.781227068841,69.5014545377654,60.3611762709565,55.4085108409558,51.9302997480822,69.7919922753074,68.9832223013856,54.6703941819414,49.7144130194483,69.3990896408259,58.5718685593009,50.5414873975843,62.7815536218949,61.2630014968003,65.0473504655392,68.8531818158461,60.4722349758549,39.5423857249661,65.077101471247,66.416225302809,62.1405835114775,63.343161507052,58.6556225996915
49.6619612280554,64.0302024346925,59.8302860533716,55.4245874740087,55.2695784559224,59.3660001454375,55.3750140907917,67.6112540937413,36.7812273832675,69.5014545377654,60.3611762709565,55.4085108409558,51.9302997480822,69.7919922753074,68.9832223013856,54.6703941819414,49.7144130194483,69.3990896408259,58.5718685593009,50.5414873975843,62.7815536218949,61.2630014968003,65.0473504655392,68.8531818158461,60.4722349758549,39.5423857249661,65.077101471247,66.416225302809,62.1405835114775,63.343161507052,58.6556225996915
49.6619612280554,64.0302024346925,59.8302860533716,55.4245874740087,55.2695784559224,59.3660001454375,55.3750140907917,67.6112540937413,36.7812273832675,69.5014545377654,60.3611762709565,55.4085108409558,51.9302997480822,69.7919922753074,68.9832241925184,54.6703941819414,49.7144130194483,69.3990896408259,58.5718685593009,50.5414873975843,62.7833304913184,61.2630014968003,65.0473504655392,68.8531818158461,60.4722349758549,39.5423857249661,65.077101471247,66.537823500323,62.1405835114775,63.343161507052,58.6556225996915
49.662271919488,64.0302024346925,59.8302860533716,55.4245874740087,55.2695784559224,59.3660001454375,55.3750140907917,67.6112540937413,36.7812348506211,69.5014545377654,60.3611762709565,55.4085108409558,51.9302997480822,69.7919922753074,68.9832241925184,54.6703941819414,49.7144988270954,69.422204057799,58.5718685593009,50.5414873975843,62.7833304913184,61.2630014968003,65.0473504655392,68.8531818158461,60.4722349758549,39.5423857249661,65.077101471247,66.537823500323,62.1405835114775,63.5243649028756,58.6556225996915
49.662271919488,64.0302024346925,59.8302860533716,55.4245874740087,55.2695784559224,59.3660001454375,55.3750140907917,67.6112540937413,36.7812348506211,69.5014545377654,60.3611762709565,55.4085108409558,51.9302997480822,69.7970616758726,68.983273352261,54.6705137607794,49.7144988270954,69.422204057799,58.5718685593009,50.5414873975843,62.7833304913184,61.2630014968003,65.0473504655392,68.8531818158461,60.5232986282308,39.5423857249661,65.077101471247,66.537823500323,62.1405835114775,63.5243649028756,58.6556225996915
49.662271919488,64.0302024346925,59.8302860533716,55.4280681810504,55.2695784559224,59.3660001454375,55.3750140907917,67.6222103012762,36.7812348506211,69.5014545377654,60.3611762709565,55.4153926407288,51.9302997480822,69.7970616758726,68.983273352261,54.6705137607794,49.7144988270954,69.422204057799,58.5718685593009,50.5416084967133,62.7833304913184,61.2630014968003,65.0473504655392,68.8531818158461,60.5232986282308,39.5498218654679,65.077101471247,66.537823500323,62.1405835114775,63.5243649028756,58.6556225996915
49.662271919488,64.0302024346925,59.8302860533716,55.4280681810504,55.2695784559224,59.3664376303888,55.3750262706832,67.6222103012762,36.7812348506211,69.5014545377654,60.3611762709565,55.4153926407288,51.9302997480822,69.7970616758726,68.9833650415288,54.6705137607794,49.7144988270954,69.422204057799,58.5718685593009,50.5416084967133,62.7833304913184,61.2630014968003,65.0473504655392,68.8531818158461,60.5232986282308,39.5498218654679,65.077101471247,66.537823500323,62.1405835114775,63.5243649028756,58.6556225996915
49.662271919488,64.0302024346925,59.8302860533716,55.4280681810504,55.2695784559224,59.378140409276,55.3750302817358,67.6222103012762,36.7812348506211,69.5014545377654,60.3611762709565,55.4153926407288,51.9302997480822,69.7970616758726,68.9836235334396,54.6705137607794,49.7144988270954,69.422204057799,58.5718685593009,50.5416084967133,62.7833304913184,61.2630014968003,65.0473504655392,68.8531818158461,60.5232986282308,39.5498218654679,65.077101471247,66.537823500323,62.1405835114775,63.5243649028756,58.6556225996915
49.662271919488,64.0302024346925,59.8302860533716,55.4280681810504,55.2695784559224,59.378140409276,55.3750873286386,67.6222103012762,36.781238617541,69.5014545377654,60.531230862297,55.4153926407288,51.9302997480822,69.7970616758726,68.9836235334396,54.6706776870757,49.7144988270954,69.422204057799,58.5718685593009,50.5416084967133,62.7906238797854,61.2630014968003,65.0473504655392,68.8531818158461,60.5232986282308,39.5498218654679,65.077101471247,66.537823500323,62.1405835114775,63.5243649028756,58.6556225996915
49.6622933221154,64.0302024346925,59.8302860533716,55.4280681810504,55.2695784559224,59.378140409276,55.3750873286386,67.6222103012762,36.781238617541,69.5014545377654,60.531230862297,55.4153926407288,51.9302997480822,69.7970616758726,68.9836235334396,54.6706776870757,49.7144988270954,69.422204057799,58.5718685593009,50.5416084967133,62.7906238797854,61.2630014968003,65.0473504655392,68.8531818158461,60.5232986282308,39.5498218654679,65.077101471247,66.537823500323,62.1405835114775,63.5243649028756,58.6556225996915
49.6622933221154,64.0302024346925,59.8302860533716,55.4280681810504,55.2697051471814,59.379497889201,55.3751313367586,67.6222103012762,36.781238617541,69.5014545377654,60.531230862297,55.4153926407288,51.9302997480822,69.8042062748857,68.9836235334396,54.6706776870757,49.7144988270954,69.422204057799,58.575020539769,50.5416084967133,62.7906238797854,61.2630014968003,65.0473504655392,68.8531818158461,60.5232986282308,39.5498218654679,65.077101471247,66.537823500323,62.1405835114775,63.5243649028756,58.6556225996915
49.6622933221154,64.0302024346925,59.8426843278092,55.4280681810504,55.2698845720104,59.379497889201,55.3751313367586,67.6222103012762,36.7812435528908,69.503032998865,60.531230862297,55.4153926407288,51.9302997480822,69.8042062748857,68.9836235334396,54.6706776870757,49.7144988270954,69.422204057799,58.575020539769,50.5416084967133,62.7906238797854,61.263198972453,65.0473504655392,68.8531818158461,60.5232986282308,39.5573751756611,65.077101471247,66.537823500323,62.1405835114775,63.5243649028756,58.6556225996915
49.6622933221154,64.0302024346925,59.8426843278092,55.4280681810504,55.2698845720104,59.379497889201,55.3751332362738,67.6222103012762,36.7812435528908,69.503032998865,60.531230862297,55.4153926407288,51.9302997480822,69.8042062748857,68.9836235334396,54.6706776870757,49.7144988270954,69.422204057799,58.575020539769,50.5418862319944,62.7906238797854,61.2641081340778,65.0473504655392,68.8531818158461,60.5232986282308,39.5573751756611,65.077101471247,66.537823500323,62.1405835114775,63.5243649028756,58.6634415366707
49.6622933221154,64.0302024346925,59.8426843278092,55.4280681810504,55.2698845720104,59.379497889201,55.3751332362738,67.6222103012762,36.7812438701948,69.503032998865,60.531230862297,55.4153926407288,51.9302997480822,69.8042062748857,68.9838033021727,54.6706776870757,49.7144988270954,69.422204057799,58.575020539769,50.5418862319944,62.7906238797854,61.2641081340778,65.0546717600632,68.8531818158461,60.5232986282308,39.5573751756611,65.077101471247,66.537823500323,62.1405835114775,63.5243649028756,58.6770986404077
49.662341505576,64.0302024346925,59.8426843278092,55.4280681810504,55.2698845720104,59.379497889201,55.3751332362738,67.6222103012762,36.7812438701948,69.503032998865,60.531230862297,55.4153926407288,51.9302997480822,69.8042062748857,68.9838033021727,54.6706776870757,49.7144988270954,69.422204057799,58.575020539769,50.5418862319944,62.7906238797854,61.2641081340778,65.0546717600632,68.8531818158461,60.5232986282308,39.5573751756611,65.077101471247,66.537823500323,62.1405835114775,63.5243649028756,58.6770986404077
49.662341505576,64.0302024346925,59.8426843278092,55.4280681810504,55.2698845720104,59.379497889201,55.3751332362738,67.6222103012762,36.7812438701948,69.503032998865,60.531230862297,55.4153926407288,51.9302997480822,69.8161052013119,68.9838033021727,54.6706776870757,49.7144988270954,69.422204057799,58.5812204467703,50.5418862319944,62.7906238797854,61.2641081340778,65.0546717600632,68.8531913731095,60.5232986282308,39.5573751756611,65.077101471247,66.537823500323,62.1405835114775,63.5243649028756,58.6770986404077
49.662341505576,64.0302024346925,59.8426843278092,55.4280681810504,55.2698845720104,59.379497889201,55.3751332362738,67.6222103012762,36.7812513678006,69.503032998865,60.608896290518,55.4153926407288,51.9302997480822,69.8161052013119,68.9838033021727,54.6706776870757,49.7144988270954,69.422204057799,58.5812204467703,50.5418862319944,62.7906238797854,61.2641081340778,65.0546717600632,68.8531913731095,60.5232986282308,39.5573751756611,65.077101471247,66.537823500323,62.1405835114775,63.5243649028756,58.6770986404077
49.662341505576,64.0302024346925,59.8426843278092,55.4280681810504,55.2698845720104,59.379497889201,55.3751332362738,67.6222103012762,36.7812513678006,69.503032998865,60.608896290518,55.4153926407288,51.9302997480822,69.8161052013119,68.9839790655174,54.6706776870757,49.7144988270954,69.422204057799,58.5812204467703,50.5418862319944,62.7906238797854,61.2641081340778,65.0546717600632,68.8531913731095,60.5232986282308,39.5573751756611,65.077101471247,66.6915409218521,62.1405835114775,63.5243649028756,58.6770986404077
49.662341505576,64.0302024346925,59.8426843278092,55.4280681810504,55.2698845720104,59.379497889201,55.3751332362738,67.6222103012762,36.7812513678006,69.503032998865,60.608896290518,55.4153926407288,51.9302997480822,69.8161052013119,68.9839790655174,54.6706776870757,49.7144988270954,69.422204057799,58.5812204467703,50.5420322957071,62.7906238797854,61.2641081340778,65.0546717600632,68.8531913731095,60.5232986282308,39.5573751756611,65.077101471247,66.6915409218521,62.1405835114775,63.5243649028756,58.6770986404077
49.662341505576,64.0305411447373,59.8426843278092,55.4280681810504,55.2698845720104,59.379497889201,55.3751332362738,67.6222103012762,36.7812513678006,69.503032998865,60.608896290518,55.4260314316858,51.9302997480822,69.8161052013119,68.9839790655174,54.6706776870757,49.7144988270954,69.422204057799,58.5812204467703,50.5420322957071,62.7942199040035,61.2641081340778,65.0546717600632,68.8531913731095,60.5232986282308,39.5573751756611,65.077101471247,66.6915409218521,62.1405835114775,63.5243649028756,58.6770986404077
49.6623520854118,64.0305411447373,59.8426843278092,55.4280681810504,55.2698845720104,59.3798704802172,55.3751332362738,67.6531306443664,36.7812513678006,69.503032998865,60.608896290518,55.4260314316858,51.9302997480822,69.8161052013119,68.9839790655174,54.6706776870757,49.7145964714996,69.422204057799,58.5812204467703,50.5420322957071,62.7942199040035,61.2641081340778,65.0546717600632,68.8531913731095,60.5232986282308,39.5573751756611,65.0785497597344,66.6915409218521,62.1405835114775,63.5243649028756,58.6770986404077
49.6623520854118,64.0305411447373,59.8426843278092,55.4280681810504,55.2698845720104,59.3798704802172,55.3751585021653,67.6531306443664,36.7812513678006,69.503032998865,60.608896290518,55.4260314316858,51.9303036195938,69.8161052013119,68.9839790655174,54.670886987867,49.7145964714996,69.422204057799,58.5812204467703,50.5420322957071,62.7942199040035,61.2641081340778,65.0546717600632,68.8531913731095,60.5232986282308,39.5573751756611,65.0785497597344,66.6915409218521,62.1405835114775,63.5243649028756,58.6887595274593
49.6623520854118,64.0305411447373,59.8426843278092,55.4280681810504,55.2698845720104,59.3798704802172,55.3751585021653,67.6531306443664,36.7812513678006,69.503032998865,60.608896290518,55.4260314316858,51.9303036195938,69.8161052013119,68.9839790655174,54.6709490839432,49.7145964714996,69.422204057799,58.5812204467703,50.5420322957071,62.7942199040035,61.2641081340778,65.0546717600632,68.8531913731095,60.5232986282308,39.5573751756611,65.0785497597344,66.6915409218521,62.1405835114775,63.5243649028756,58.6887595274593
49.6623520854118,64.0305411447373,59.8426843278092,55.4280681810504,55.2698845720104,59.3798704802172,55.3751585021653,67.6531306443664,36.7812513678006,69.503032998865,60.608896290518,55.4260314316858,51.9303036195938,69.8161052013119,68.9839790655174,54.6709490839432,49.7145964714996,69.422204057799,58.5812204467703,50.5420322957071,62.7942199040035,61.2641081340778,65.0546717600632,68.8532149699576,60.5232986282308,39.5573751756611,65.0785497597344,66.6915409218521,62.1405835114775,63.5243649028756,58.6887595274593
49.6623520854118,64.0325704898221,59.8426843278092,55.4280681810504,55.2698845720104,59.3798704802172,55.3751585021653,67.6531306443664,36.7812513678006,69.503032998865,60.608896290518,55.4260314316858,51.9303036195938,69.8161052013119,68.984036759673,54.6709841536464,49.7145964714996,69.422204057799,58.5812204467703,50.5420322957071,62.7942199040035,61.2641081340778,65.0546717600632,68.8532149699576,60.5232986282308,39.5573751756611,65.0785497597344,66.7035640543176,62.1405835114775,63.5243649028756,58.6887595274593
49.6623877408408,64.0325704898221,59.8426843278092,55.4280681810504,55.2698845720104,59.3798704802172,55.3751585021653,67.6531306443664,36.7812513678006,69.503032998865,60.608896290518,55.4260314316858,51.9303036195938,69.8161052013119,68.984036759673,54.6709912981039,49.7145964714996,69.422204057799,58.5976980331861,50.5420322957071,62.7942199040035,61.2641081340778,65.0546717600632,68.8532149699576,60.5232986282308,39.5573751756611,65.0785497597344,66.7035640543176,62.1405835114775,63.5480637799705,58.6887595274593
49.6623877408408,64.0325704898221,59.8426843278092,55.4280681810504,55.2698845720104,59.3837304232014,55.3751585021653,67.6531306443664,36.7812513678006,69.503032998865,60.608896290518,55.4260314316858,51.9303036195938,69.8161052013119,68.984036759673,54.6709912981039,49.7145964714996,69.422204057799,58.5976980331861,50.5420322957071,62.7942199040035,61.2643331780751,65.0697201208846,68.8532149699576,60.5232986282308,39.5573751756611,65.0785497597344,66.7035640543176,62.1405835114775,63.5480637799705,58.6887595274593
49.6623877408408,64.0325704898221,59.8426843278092,55.4280681810504,55.2698845720104,59.3837304232014,55.3751585021653,67.6531306443664,36.7812513678006,69.503032998865,60.608896290518,55.4260314316858,51.9303036195938,69.8161052013119,68.984036759673,54.6709912981039,49.7145964714996,69.422204057799,58.5976980331861,50.5420322957071,62.7942199040035,61.2643331780751,65.0697201208846,68.8532205560988,60.5232986282308,39.5573751756611,65.0785497597344,66.7035640543176,62.1405835114775,63.5480637799705,58.6887595274593
49.6623877408408,64.0325704898221,59.8426843278092,55.4543472894767,55.2698845720104,59.3837304232014,55.3751585021653,67.6531306443664,36.7812513678006,69.503032998865,60.608896290518,55.4260314316858,51.9303036195938,69.8161052013119,68.984036759673,54.6710904460217,49.7145964714996,69.4641436112248,58.5976980331861,50.5420322957071,62.7942199040035,61.2643331780751,65.0697201208846,68.8532205560988,60.5688361544205,39.5573751756611,65.0804161416857,66.7035640543176,62.1405835114775,63.5480637799705,58.70569826858
49.6623877408408,64.0325704898221,59.8426843278092,55.4543472894767,55.2698845720104,59.3837304232014,55.3751585021653,67.6531306443664,36.7812513678006,69.503032998865,60.608896290518,55.4260314316858,51.9303036195938,69.8161052013119,68.984036759673,54.6710904460217,49.7146546241362,69.4641436112248,58.5976980331861,50.5421509033549,62.7942199040035,61.2643331780751,65.0697201208846,68.8532205560988,60.5688361544205,39.5573751756611,65.0804161416857,66.7035640543176,62.1405835114775,63.5480637799705,58.70569826858
49.6625515151629,64.0325704898221,59.8426843278092,55.4543472894767,55.2698845720104,59.3837304232014,55.3751585021653,67.6531306443664,36.7812513678006,69.503032998865,60.608896290518,55.4279680781993,51.9303036195938,69.8161052013119,68.984036759673,54.6710904460217,49.7146546241362,69.4641436112248,58.5976980331861,50.5421509033549,62.7946110091242,61.2643331780751,65.0697201208846,68.8532239964188,60.5688361544205,39.5573751756611,65.0804161416857,66.7035640543176,62.1405835114775,63.5480637799705,58.70569826858
49.6625515151629,64.0325704898221,59.8426843278092,55.4543472894767,55.2698845720104,59.3837304232014,55.3751585021653,67.6531306443664,36.7812513678006,69.503032998865,60.608896290518,55.4279680781993,51.9303036195938,69.8161052013119,68.984036759673,54.6710904460217,49.7146546241362,69.4641436112248,58.5976980331861,50.5421509033549,62.7946110091242,61.2643331780751,65.0697201208846,68.8532239964188,60.5688361544205,39.5573751756611,65.0804161416857,66.7035640543176,62.1405835114775,63.5480637799705,58.70569826858
49.6625515151629,64.0325704898221,59.8426843278092,55.4543472894767,55.2701483967685,59.3842585646839,55.3751585021653,67.6531306443664,36.7812513678006,69.503032998865,60.608896290518,55.4279680781993,51.9303036195938,69.8161052013119,68.984036759673,54.6711962739845,49.7146546241362,69.4641436112248,58.5976980331861,50.5421509033549,62.7946110091242,61.2643331780751,65.0697201208846,68.8532239964188,60.5688361544205,39.5573751756611,65.0812179090823,66.7035640543176,62.1405835114775,63.5480637799705,58.70569826858
49.6625515151629,64.0325704898221,59.8426843278092,55.4543472894767,55.2701483967685,59.3842585646839,55.3751585021653,67.6531306443664,36.7812513678006,69.5040944336114,60.608896290518,55.4279680781993,51.9303036195938,69.8161052013119,68.984036759673,54.6711962739845,49.7146843482283,69.4641436112248,58.5976980331861,50.5421509033549,62.7946110091242,61.2643331780751,65.0715281734289,68.8532239964188,60.5688361544205,39.5573751756611,65.0812179090823,66.7035640543176,62.1405835114775,63.5480637799705,58.70569826858
49.6625515151629,64.0325704898221,59.8426843278092,55.4543472894767,55.2701483967685,59.3842585646839,55.3751585021653,67.6531306443664,36.7812513678006,69.5040944336114,60.608896290518,55.4279680781993,51.9303036195938,69.8161052013119,68.9841317480136,54.6711962739845,49.7146843482283,69.4641436112248,58.6034937106219,50.5421509033549,62.7982422606426,61.2643331780751,65.0715281734289,68.8532239964188,60.5688361544205,39.5573751756611,65.0812179090823,66.7035640543176,62.1405835114775,63.5480637799705,58.70569826858
49.6625515151629,64.0327608233059,59.8426843278092,55.4543472894767,55.2701869322235,59.3842585646839,55.3751585021653,67.6531306443664,36.7812513678006,69.5040944336114,60.608896290518,55.4279680781993,51.9303188846942,69.8161052013119,68.9841317480136,54.6711962739845,49.7146843482283,69.4641436112248,58.6034937106219,50.5421509033549,62.7982422606426,61.2643331780751,65.0715281734289,68.8532239964188,60.5688361544205,39.5573751756611,65.0812179090823,66.7035640543176,62.1405835114775,63.5480637799705,58.70569826858
49.6625515151629,64.0327608233059,59.8426843278092,55.4543472894767,55.2701869322235,59.3842585646839,55.3751585021653,67.6531306443664,36.7812513678006,69.5040944336114,60.608896290518,55.4279680781993,51.9303188846942,69.8161052013119,68.9841317480136,54.6712253319572,49.7147797870825,69.4641436112248,58.6034937106219,50.5421509033549,62.7982422606426,61.2643331780751,65.0715281734289,68.8532239964188,60.5688361544205,39.5573751756611,65.0812179090823,66.7035640543176,62.1405835114775,63.5480637799705,58.70569826858
49.6627163515054,64.0327608233059,59.8426843278092,55.4543472894767,55.2701869322235,59.3856484314315,55.3751585021653,67.6531306443664,36.7812513678006,69.5040944336114,60.608896290518,55.4281021172449,51.9303188846942,69.8161052013119,68.9841317480136,54.6712253319572,49.7147797870825,69.4641436112248,58.6034937106219,50.5421509033549,62.7982422606426,61.2643331780751,65.0715281734289,68.8532239964188,60.5688361544205,39.5573751756611,65.0812179090823,66.7035640543176,62.1405835114775,63.5480637799705,58.70569826858
49.6627163515054,64.0330386274032,59.8426843278092,55.4543472894767,55.2701869322235,59.3856484314315,55.3751585021653,67.6531306443664,36.7812513678006,69.5040944336114,60.608896290518,55.4281021172449,51.9303188846942,69.8161052013119,68.9841317480136,54.6712253319572,49.7147797870825,69.4641436112248,58.6034937106219,50.5423607520107,62.7982422606426,61.2643331780751,65.0715281734289,68.8532377468748,60.5688361544205,39.5573751756611,65.0812179090823,66.7246132599621,62.1405835114775,63.5480637799705,58.70569826858
49.6627163515054,64.0330386274032,59.8426843278092,55.4543472894767,55.2701869322235,59.3856484314315,55.3751585021653,67.6697530720505,36.7812513678006,69.5040944336114,60.608896290518,55.4281021172449,51.9303188846942,69.8165995715868,68.9841317480136,54.6712253319572,49.7147797870825,69.4641436112248,58.6034937106219,50.5423607520107,62.7982422606426,61.2643331780751,65.0715281734289,68.8532377468748,60.5882336923706,39.5573751756611,65.0812179090823,66.7246132599621,62.1405835114775,63.5480637799705,58.70569826858
49.6627163515054,64.0330386274032,59.8426843278092,55.4543472894767,55.2701869322235,59.3856484314315,55.3751585021653,67.6697530720505,36.7812513678006,69.5040944336114,60.608896290518,55.4281021172449,51.9303188846942,69.8165995715868,68.9841390926626,54.6712673623649,49.7147797870825,69.4641436112248,58.6034937106219,50.5423607520107,62.7982422606426,61.2644157653685,65.0715281734289,68.8532377468748,60.5882336923706,39.5573751756611,65.0812179090823,66.7246132599621,62.1405835114775,63.5480637799705,58.70569826858
49.6627163515054,64.0330386274032,59.8426843278092,55.4543472894767,55.2701869322235,59.3856484314315,55.3751585021653,67.6697530720505,36.7812513678006,69.5040944336114,60.608896290518,55.4281021172449,51.9303188846942,69.8165995715868,68.9841390926626,54.6712673623649,49.7147797870825,69.4641436112248,58.6034937106219,50.5423607520107,62.7982422606426,61.2644157653685,65.0715281734289,68.8532377468748,60.5882336923706,39.5573751756611,65.0830059233052,66.7246132599621,62.1405835114775,63.5480637799705,58.70569826858
49.6627163515054,64.0330386274032,59.8426843278092,55.4543472894767,55.2701869322235,59.3867067715684,55.3751585021653,67.6697530720505,36.7812513678006,69.5041459130637,60.608896290518,55.4281021172449,51.9303188846942,69.8165995715868,68.9841390926626,54.6712673623649,49.7147797870825,69.4790273135972,58.6034937106219,50.5423607520107,62.7982422606426,61.2644157653685,65.0715281734289,68.8532377468748,60.5882336923706,39.5573751756611,65.0830059233052,66.7246132599621,62.1405835114775,63.5480637799705,58.70569826858
49.6627163515054,64.0330386274032,59.8426843278092,55.4543472894767,55.2701869322235,59.3867067715684,55.3751585021653,67.6697530720505,36.7812513678006,69.5041459130637,60.608896290518,55.4281021172449,51.9303188846942,69.8165995715868,68.9841390926626,54.6712673623649,49.7147797870825,69.4790273135972,58.6034937106219,50.5423607520107,62.7982422606426,61.2644157653685,65.0715281734289,68.8532377468748,60.5882336923706,39.5573751756611,65.0830059233052,66.7246132599621,62.1405835114775,63.5480637799705,58.70569826858
49.6627163515054,64.0330386274032,59.8426843278092,55.4543472894767,55.2701869322235,59.3867067715684,55.3751585021653,67.6697530720505,36.7812513678006,69.5041459130637,60.608896290518,55.4281021172449,51.9303188846942,69.8165995715868,68.9841390926626,54.6712673623649,49.7147797870825,69.4790273135972,58.6034937106219,50.5423607520107,62.7982422606426,61.2644157653685,65.0715281734289,68.8532385253565,60.5882336923706,39.5573751756611,65.0830059233052,66.7246132599621,62.1405835114775,63.5480637799705,58.70569826858
49.6627163515054,64.0332032957156,59.8426843278092,55.4543472894767,55.2702368054505,59.3867067715684,55.3751585021653,67.6697530720505,36.7812513678006,69.5041459130637,60.608896290518,55.4281021172449,51.9303188846942,69.8165995715868,68.9841438004203,54.6712673623649,49.7147797870825,69.4790273135972,58.6034937106219,50.5423607520107,62.7982422606426,61.2645393330021,65.0715281734289,68.8532385253565,60.5882336923706,39.5573751756611,65.0830059233052,66.8078358853322,62.1405835114775,63.5480637799705,58.70569826858
49.6627163515054,64.0332032957156,59.8426843278092,55.4543472894767,55.2702599649082,59.3867067715684,55.3751585021653,67.6839944262003,36.7812513678006,69.5041459130637,60.608896290518,55.4281021172449,51.9303188846942,69.8165995715868,68.9841438004203,54.6712673623649,49.7147797870825,69.4790273135972,58.6034937106219,50.5423607520107,62.7982422606426,61.2645393330021,65.0999064971744,68.8532385253565,60.5882336923706,39.5606334623101,65.0897388177608,66.8078358853322,62.1405835114775,63.5480637799705,58.70569826858
49.6627163515054,64.0332032957156,59.8426843278092,55.4543472894767,55.2702599649082,59.3867067715684,55.3751585021653,67.6839944262003,36.7812513678006,69.5041459130637,60.608896290518,55.4281021172449,51.9303188846942,69.8165995715868,68.9841617139163,54.6712673623649,49.7147797870825,69.4790273135972,58.6034937106219,50.5423607520107,62.7982422606426,61.2645393330021,65.1046210502349,68.8532385253565,60.5882336923706,39.5606334623101,65.0897388177608,66.8078358853322,62.1405835114775,63.5480637799705,58.70569826858
49.6627163515054,64.0333340054657,59.8426843278092,55.4612372788854,55.2702599649082,59.3875042524385,55.3751585021653,67.6839944262003,36.7812513678006,69.5041459130637,60.608896290518,55.4281021172449,51.9303404447086,69.8165995715868,68.9841617139163,54.6712673623649,49.7147797870825,69.4790273135972,58.6034937106219,50.5423879813366,62.7982422606426,61.2645393330021,65.1046210502349,68.8532385253565,60.6008005062381,39.5606334623101,65.0897388177608,66.8078358853322,62.1405835114775,63.5480637799705,58.70569826858
49.6627163515054,64.0333340054657,59.8426843278092,55.4612372788854,55.2702599649082,59.3875042524385,55.3751602807392,67.6839944262003,36.7812513678006,69.5041459130637,60.608896290518,55.4281021172449,51.9303404447086,69.818342110613,68.9841617139163,54.6713544651575,49.7147797870825,69.4790273135972,58.6034937106219,50.5423879813366,62.7992123436661,61.2645393330021,65.1046210502349,68.8532385253565,60.6008005062381,39.5606334623101,65.0897388177608,66.8078358853322,62.1405835114775,63.5480637799705,58.70569826858
49.6627163515054,64.0333340054657,59.8426843278092,55.4612372788854,55.2702599649082,59.3875042524385,55.3751602807392,67.6839944262003,36.7812513678006,69.5041459130637,60.608896290518,55.4281021172449,51.9303404447086,69.818342110613,68.9841649442598,54.6713544651575,49.7147797870825,69.4867024600395,58.6034937106219,50.5423879813366,62.7992123436661,61.2645393330021,65.1046210502349,68.8532385253565,60.6008005062381,39.5606334623101,65.0897388177608,66.8078358853322,62.1405835114775,63.5480637799705,58.70569826858
49.6627163515054,64.0335652890714,59.8426843278092,55.4612372788854,55.2702599649082,59.3875042524385,55.3751602807392,67.6839944262003,36.7812513678006,69.5041459130637,60.608896290518,55.4281021172449,51.9303404447086,69.818342110613,68.9841649442598,54.6713544651575,49.7147797870825,69.4867024600395,58.6034937106219,50.5423879813366,62.7992123436661,61.2645393330021,65.1046210502349,68.8532388860974,60.6008005062381,39.5606334623101,65.0897388177608,66.8078358853322,62.1405971076475,63.5480637799705,58.70569826858
49.6627163515054,64.0335652890714,59.8426843278092,55.4612372788854,55.2703298331707,59.3875042524385,55.3751602807392,67.6839944262003,36.7812513678006,69.5041459130637,60.608896290518,55.4281021172449,51.9303404447086,69.818342110613,68.984170760073,54.6713544651575,49.7147797870825,69.4867024600395,58.6034937106219,50.5423879813366,62.7992123436661,61.2645393330021,65.1046210502349,68.8532388860974,60.6008005062381,39.5606334623101,65.0897388177608,66.8300158675381,62.1405971076475,63.5480637799705,58.70569826858
49.6627163515054,64.0335652890714,59.8426843278092,55.4612372788854,55.2703298331707,59.3875042524385,55.3751649903717,67.6839944262003,36.7812513678006,69.5041459130637,60.608896290518,55.4281021172449,51.9303404447086,69.818342110613,68.984170760073,54.6713544651575,49.7147797870825,69.4867024600395,58.6034937106219,50.5423879813366,62.7992123436661,61.2645393330021,65.1046210502349,68.8532388860974,60.6008005062381,39.5606334623101,65.0897388177608,66.8300158675381,62.1405971076475,63.5480637799705,58.70569826858
49.6627163515054,64.0335652890714,59.8426843278092,55.4612372788854,55.2703298331707,59.3875042524385,55.3751649903717,67.6839944262003,36.7812513678006,69.5041459130637,60.608896290518,55.4281021172449,51.9303404447086,69.818342110613,68.9841842045341,54.6713544651575,49.714784964721,69.4867024600395,58.6034937106219,50.5423879813366,62.7994376711321,61.2645393330021,65.1046210502349,68.8532388860974,60.6008005062381,39.5606334623101,65.0897388177608,66.8300158675381,62.1405971076475,63.5480637799705,58.70569826858
49.6627163515054,64.0335652890714,59.8426843278092,55.4612372788854,55.2703298331707,59.3875042524385,55.3751649903717,67.6839944262003,36.7812513678006,69.5041459130637,60.608896290518,55.4281021172449,51.9303404447086,69.823235873835,68.9841842045341,54.6713544651575,49.714784964721,69.4867024600395,58.6034937106219,50.5423879813366,62.7994376711321,61.2645393330021,65.1046210502349,68.8532388860974,60.6008005062381,39.5606334623101,65.0897388177608,66.8300158675381,62.1405971076475,63.5480637799705,58.70569826858
49.6627163515054,64.0335652890714,59.8426843278092,55.4612372788854,55.2703849502426,59.3875042524385,55.3751649903717,67.6839944262003,36.7812513678006,69.5041459130637,60.608896290518,55.4281021172449,51.9303404447086,69.823235873835,68.9841842045341,54.6713544651575,49.714784964721,69.4867024600395,58.6105835461227,50.5423879813366,62.7994376711321,61.2645393330021,65.1046210502349,68.8532388860974,60.6008005062381,39.5606334623101,65.0897388177608,66.8300158675381,62.1405971076475,63.5480637799705,58.70569826858
49.662747742936,64.0335652890714,59.8426843278092,55.4612372788854,56.3010422873346,59.3875042524385,55.3751649903717,67.6839944262003,36.7812513678006,69.5041459130637,60.608896290518,55.4281021172449,51.9303404447086,69.823235873835,68.9841842045341,54.6713544651575,49.7148199199931,69.5014966331804,58.6105835461227,50.5423879813366,62.7994376711321,61.2645393330021,65.1046210502349,68.8532388860974,60.6008005062381,39.5606334623101,65.0897388177608,66.8300158675381,62.1408441656238,63.5480637799705,58.70569826858
49.662747742936,64.0335652890714,59.8426843278092,55.4612372788854,56.3010422873346,59.3875042524385,55.3751727598736,67.689200081097,36.7812513678006,69.5041459130637,60.608896290518,55.4369932677891,51.9303404447086,69.823235873835,68.9841842045341,54.6713544651575,49.7148340668834,69.5014966331804,58.6105835461227,50.5423879813366,62.8000373697004,61.2645393330021,65.1046210502349,68.8532388860974,60.6093337115837,39.5606334623101,65.0897388177608,66.8300158675381,62.1408441656238,63.5480637799705,58.70569826858
49.662747742936,64.0335652890714,59.8429890606652,55.4612372788854,56.3010422873346,59.3875042524385,55.3751727598736,67.689200081097,36.7812513678006,69.5041459130637,60.6560779082031,55.4369932677891,51.9303404447086,69.823235873835,68.9841868781219,54.6713544651575,49.7148340668834,69.5014966331804,58.6105835461227,50.5423879813366,62.8000657928773,61.2645855403627,65.1046210502349,68.8532388860974,60.6093337115837,39.5606334623101,65.0897388177608,66.8411913734281,62.1408441656238,63.5480637799705,58.70569826858
49.662747742936,64.0335652890714,59.8429890606652,55.4612372788854,56.3010422873346,59.3875042524385,55.3751727598736,67.689200081097,36.7812513678006,69.5041459130637,60.6560779082031,55.4369932677891,51.9303404447086,69.823235873835,68.9841868781219,54.6713544651575,49.7148340668834,69.5014966331804,58.6105835461227,50.5423879813366,62.8000657928773,61.2645855403627,65.1046210502349,68.8532388860974,60.6093337115837,39.5606334623101,65.0897388177608,66.9545241276721,62.1408441656238,63.5480637799705,58.70569826858
49.662747742936,64.033734928343,59.8429890606652,55.4612372788854,56.3010422873346,59.3875042524385,55.3751727598736,67.689200081097,36.7812513678006,69.5041459130637,60.6560779082031,55.4369932677891,51.9303404447086,69.823235873835,68.9842085759317,54.6713544651575,49.7148340668834,69.5014966331804,58.6105835461227,50.5423879813366,62.8000657928773,61.2645855403627,65.1046210502349,68.8532388860974,60.6093337115837,39.5606334623101,65.0897388177608,66.9545241276721,62.1408441656238,63.5480637799705,58.70569826858
49.662747742936,64.033734928343,59.8429890606652,55.4612372788854,56.3010422873346,59.3875042524385,55.3751727598736,67.689200081097,36.7812513678006,69.5041459130637,60.6560779082031,55.4369932677891,51.9303404447086,69.823235873835,68.9842085759317,54.6713544651575,49.7148340668834,69.5014966331804,58.6105835461227,50.5423879813366,62.8000657928773,61.2645855403627,65.1046210502349,68.8532388860974,60.6093337115837,39.5606334623101,65.0897388177608,66.9545241276721,62.1408441656238,63.5480637799705,58.70569826858
49.662747742936,64.033734928343,59.8429890606652,55.4612372788854,56.3010422873346,59.3875042524385,55.3751727598736,67.6905049883954,36.7812513678006,69.5041459130637,60.6560779082031,55.4369932677891,51.9303404447086,69.823235873835,68.9842085759317,54.6713544651575,49.7148340668834,69.5014966331804,58.6105835461227,50.5424002025516,62.8005376049146,61.2645855403627,65.1046210502349,68.8532409026183,60.6093337115837,39.5606334623101,65.0897388177608,66.9545241276721,62.1409106117248,63.5480637799705,58.70569826858
49.6627498767931,64.033734928343,59.8439506529625,55.4612372788854,56.3010422873346,59.3875042524385,55.3751727598736,67.6905049883954,36.7812513678006,69.5041459130637,60.6560779082031,55.4369932677891,51.9303404447086,69.823235873835,68.9842085759317,54.6713544651575,49.7148340668834,69.5098382146024,58.6107984665654,50.5424002025516,62.8005376049146,61.2645855403627,65.1046210502349,68.8532461165562,60.6093337115837,39.5606334623101,65.0897388177608,66.9545241276721,62.1409106117248,63.5480637799705,58.70569826858
49.6627498767931,64.033734928343,59.8439506529625,55.4612372788854,56.3010422873346,59.3875042524385,55.3751727598736,67.6905049883954,36.7812513678006,69.5041459130637,60.6560779082031,55.4369932677891,51.9303404447086,69.823235873835,68.9842085759317,54.6713544651575,49.7148456610751,69.5098382146024,58.6107984665654,50.5424002025516,62.8005376049146,61.2645855403627,65.1046210502349,68.8532461165562,60.6093337115837,39.5606334623101,65.0897388177608,66.9545241276721,62.1409106117248,63.5480637799705,58.7062516705745
49.6627498767931,64.033734928343,59.8439506529625,55.4612372788854,56.3010422873346,59.3875042524385,55.3751727598736,67.6905049883954,36.7812513678006,69.5041459130637,60.6560779082031,55.4391887549289,51.9303404447086,69.823235873835,68.9842085759317,54.6714345527593,49.7148456610751,69.5098382146024,58.6107984665654,50.5424002025516,62.8005376049146,61.2645855403627,65.1046210502349,68.8532461165562,60.6093337115837,39.5606334623101,65.0897388177608,66.9545241276721,62.1409106117248,63.5480637799705,58.7062516705745
49.6627561495086,64.033734928343,59.8439506529625,55.4612372788854,56.3010422873346,59.3875042524385,55.3751727598736,67.6905049883954,36.7812513678006,69.5041459130637,60.6560779082031,55.4391887549289,51.9303404447086,69.823235873835,68.9842085759317,54.6714467460942,49.7148560496291,69.5098382146024,58.6107984665654,50.5424002025516,62.8005376049146,61.2645855403627,65.1046210502349,68.8532461165562,60.6093337115837,39.5606334623101,65.0897388177608,66.9545241276721,62.1409106117248,63.5919507135396,58.7062516705745
49.6627642489009,64.033734928343,59.8439506529625,55.4612372788854,56.3010422873346,59.3875042524385,55.3751727598736,67.7023890272312,36.781252926143,69.5041459130637,60.6560779082031,55.4391887549289,51.9303404447086,69.823235873835,68.9842104856519,54.6714467460942,49.7148560496291,69.5098382146024,58.6107984665654,50.5424002025516,62.8005376049146,61.2645855403627,65.1046210502349,68.8532461165562,60.6093337115837,39.5606334623101,65.0897388177608,66.9545241276721,62.1409106117248,63.5919507135396,58.7062516705745
49.6627642489009,64.033734928343,59.8456796169875,55.4612372788854,56.3010422873346,59.3875042524385,55.3751727598736,67.7023890272312,36.781252926143,69.5041459130637,60.6560779082031,55.4391887549289,51.9303404447086,69.823235873835,68.9842166370004,54.6714467460942,49.7148560496291,69.5098382146024,58.6107984665654,50.5424002025516,62.8005376049146,61.2646333426807,65.1046210502349,68.8532464149126,60.6093337115837,39.5606334623101,65.0897388177608,66.9545241276721,62.1409106117248,63.5919507135396,58.7062516705745
49.6627642489009,64.033734928343,59.8456796169875,55.4612372788854,56.3010422873346,59.3875042524385,55.3751727598736,67.7023890272312,36.781252926143,69.5041459130637,60.6560779082031,55.4391887549289,51.9303409961255,69.823235873835,68.9842292939742,54.6714467460942,49.7148560496291,69.5098382146024,58.6107984665654,50.5424040806525,62.8005376049146,61.2646333426807,65.1046210502349,68.8532464149126,60.6093337115837,39.5683263579962,65.0897388177608,66.9545241276721,62.1409106117248,63.5919507135396,58.7062516705745
49.6627642489009,64.033734928343,59.8456796169875,55.4612372788854,56.3010422873346,59.3875042524385,55.3751744320872,67.7023890272312,36.781252926143,69.5041459130637,60.6560779082031,55.4391887549289,51.9303409961255,69.823235873835,68.9842292939742,54.6714467460942,49.7148560496291,69.5098382146024,58.6107984665654,50.5424040806525,62.8005376049146,61.2646333426807,65.1177902567451,68.8532464149126,60.6093337115837,39.5683263579962,65.0897388177608,66.9545241276721,62.1409106117248,63.5919507135396,58.7062516705745
49.6627642489009,64.033734928343,59.8456796169875,55.4612372788854,56.3010422873346,59.3875042524385,55.3751744320872,67.7023890272312,36.781252926143,69.5041459130637,60.6560779082031,55.4391887549289,51.9303409961255,69.823235873835,68.9842494976038,54.6714467460942,49.7148560496291,69.5100102635579,58.6216449860906,50.5424040806525,62.8005376049146,61.2646333426807,65.1177902567451,68.8532464149126,60.6093337115837,39.5683263579962,65.0897388177608,66.9545241276721,62.1409106117248,63.5919507135396,58.711264724221
49.6627811022123,64.033734928343,59.8456796169875,55.4761585819885,56.3010422873346,59.3875042524385,55.3751744320872,67.7023890272312,36.781252926143,69.5041459130637,60.6560779082031,55.4391887549289,51.9303409961255,69.823235873835,68.9842494976038,54.6715397207345,49.7148560496291,69.5100102635579,58.6216449860906,50.5424040806525,62.8005376049146,61.2646412209145,65.1177902567451,68.8532464149126,60.6093337115837,39.5683263579962,65.0897388177608,66.9761497205484,62.1409106117248,63.5919507135396,58.711264724221
49.6628354992278,64.033734928343,59.8456796169875,55.4761585819885,61.2009118109348,59.3875042524385,55.3751744320872,67.7023890272312,36.781252926143,69.5041459130637,60.6560779082031,55.4391887549289,51.9303409961255,69.823235873835,68.9842494976038,54.6715397207345,49.7148560496291,69.5100102635579,58.6216449860906,50.5424040806525,62.8005376049146,61.2646604659009,65.1177902567451,68.8532464149126,60.6093337115837,39.5683263579962,65.0897388177608,66.9761497205484,62.1409106117248,63.5919507135396,58.711264724221
49.6628354992278,64.033734928343,59.8494207293713,55.4761585819885,61.2009118109348,59.3875042524385,55.3751760578503,67.7023890272312,36.781252926143,69.5041459130637,60.6560779082031,55.4391887549289,51.9303409961255,69.8232861404996,68.9842494976038,54.6715397207345,49.7148650832812,69.5100102635579,58.6216449860906,50.5424040806525,62.8005376049146,61.2646604659009,65.1177902567451,68.8532464149126,60.6093337115837,39.5683263579962,65.0897388177608,66.9761497205484,62.1409106117248,63.5985837852603,58.711264724221
49.6628354992278,64.033734928343,59.8494207293713,55.4761585819885,61.2009118109348,59.3875042524385,55.3751760578503,67.7023890272312,36.781252926143,69.5041459130637,60.6560779082031,55.4391887549289,51.9303409961255,69.8232861404996,68.9842494976038,54.6715397207345,49.7148650832812,69.5100102635579,58.6216449860906,50.5424040806525,62.8005376049146,61.2646604659009,65.1177902567451,68.8532464149126,60.6093337115837,39.5688747636234,65.0897388177608,66.9761497205484,62.1409106117248,63.5985837852603,58.711264724221
49.6628354992278,64.033734928343,59.8494207293713,55.4761585819885,61.2009118109348,59.3875042524385,55.3751760578503,67.7023890272312,36.781252926143,69.5041459130637,60.6560779082031,55.4403034205678,51.9303409961255,69.8232861404996,68.9842494976038,54.6715397207345,49.7148650832812,69.5100102635579,58.6216449860906,50.5424052978895,62.8005376049146,61.2646604659009,65.1227371373504,68.8532464149126,60.6389746437044,39.5688747636234,65.0897388177608,66.9761497205484,62.1409106117248,63.5985837852603,58.711264724221
49.6628461013755,64.033734928343,59.8494207293713,55.4761585819885,61.2009118109348,59.3875042524385,55.3751779508711,67.7023890272312,36.781252926143,69.5041459130637,60.6560779082031,55.4403034205678,51.9303608785036,69.8232861404996,68.9842506883892,54.6715397207345,49.7148650832812,69.5100102635579,58.6216449860906,50.5424052978895,62.8005376049146,61.2646604659009,65.1227371373504,68.8532464149126,60.6389746437044,39.5688747636234,65.0897388177608,66.9761497205484,62.1409106117248,63.5985837852603,58.711264724221
49.6628461013755,64.033734928343,59.8494207293713,55.4761585819885,61.2009118109348,59.3875042524385,55.3751779508711,67.7023890272312,36.781252926143,69.5041459130637,60.7375945527689,55.4403034205678,51.9303608785036,69.8232861404996,68.9842506883892,54.6715397207345,49.7148651871807,69.5195256567698,58.6216449860906,50.5424052978895,62.8005376049146,61.2646604659009,65.1227371373504,68.8532464149126,60.6389746437044,39.5688747636234,65.0897388177608,66.9761497205484,62.1409106117248,63.5985837852603,58.7150962890702
49.6628461013755,64.0337518390597,59.8494207293713,55.4761585819885,61.2009118109348,59.3876178147938,55.3751801018398,67.7023890272312,36.781252926143,69.5044845967734,60.7375945527689,55.4403034205678,51.9303608785036,69.8232861404996,68.9842518654997,54.6715397207345,49.7148651871807,69.5195256567698,58.6216449860906,50.5424052978895,62.8005376049146,61.2646604659009,65.1227371373504,68.8532464149126,60.6389746437044,39.5688747636234,65.0897388177608,67.0054091874775,62.1409106117248,63.5985837852603,58.7150962890702
49.6628461013755,64.0337518390597,59.8494207293713,55.4761585819885,61.2009118109348,59.3880413501897,55.3751801018398,67.7049548186481,36.781252926143,69.5044845967734,60.7375945527689,55.4403034205678,51.9303608785036,69.8232861404996,68.9842518654997,54.6715397207345,49.7148651871807,69.5195256567698,58.6216449860906,50.5424052978895,62.8005376049146,61.2646604659009,65.1227371373504,68.8532464149126,60.6389746437044,39.572472953099,65.0897388177608,67.0054091874775,62.1409106117248,63.5985837852603,58.7150962890702
49.6628461013755,64.0337518390597,59.8494207293713,55.4825712576595,61.2009118109348,59.3880413501897,55.3751850225885,67.7049548186481,36.781252927231,69.5044845967734,60.7375945527689,55.4403034205678,51.9303608785036,69.8232861404996,68.9842518654997,54.6715397207345,49.7148651871807,69.5195256567698,58.6216449860906,50.5424150368966,62.8005376049146,61.2646604659009,65.1227371373504,68.8532464149126,60.6389746437044,39.572472953099,65.0905423084023,67.0054091874775,62.1409106117248,63.5985837852603,58.7150962890702
49.6628461013755,64.0337518390597,59.8494207293713,55.4825712576595,65.0520841757641,59.3880413501897,55.3751850225885,67.7049548186481,36.781252927231,69.5044845967734,60.7375945527689,55.4403034205678,51.9303608785036,69.8232861404996,68.9842518654997,54.6715397207345,49.7148651871807,69.5195256567698,58.6216449860906,50.5424150368966,62.8005376049146,61.2646604659009,65.1227371373504,68.8532464149126,60.6389746437044,39.572472953099,65.0905423084023,67.0054091874775,62.1409106117248,63.6539385177689,58.7150962890702
49.6628461013755,64.0337518390597,59.8494947275094,55.4825712576595,65.0520841757641,59.3880413501897,55.3751850225885,67.7049548186481,36.781252927231,69.5044845967734,60.7375945527689,55.4403034205678,51.9303608785036,69.8232861404996,68.9842518654997,54.6715397207345,49.7148651871807,69.5195256567698,58.6216449860906,50.5424150368966,62.8005376049146,61.264715492894,65.1227371373504,68.8532516770074,60.6389746437044,39.572472953099,65.0905423084023,67.0054091874775,62.1409106117248,63.6539385177689,58.7191868075911
49.6628461013755,64.0337518390597,59.8494947275094,55.4825712576595,65.0520841757641,59.3880413501897,55.3751850225885,67.7049548186481,36.781252927231,69.5044845967734,60.7375945527689,55.4403034205678,51.9303712793743,69.8232861404996,68.9842518654997,54.6715397207345,49.7148651871807,69.5195256567698,58.6216449860906,50.5424150368966,62.8005376049146,61.264715492894,65.1227371373504,68.8532516770074,60.6389746437044,39.572472953099,65.0905423084023,67.0054091874775,62.1409106117248,63.6539385177689,58.7191868075911
49.6628461013755,64.0337518390597,59.8494947275094,55.4825712576595,65.0520841757641,59.3880413501897,55.3751850225885,67.7049548186481,36.781252927231,69.5044845967734,60.7375945527689,55.4403034205678,51.9303712793743,69.8232861404996,68.9842518654997,54.6715397207345,49.7148651871807,69.5195256567698,58.6216449860906,50.5424150368966,62.8005376049146,61.264715492894,65.1227371373504,68.8532516770074,60.6389746437044,39.572472953099,65.0905423084023,67.0054091874775,62.1409106117248,63.6539385177689,58.7191868075911
49.6628461013755,64.0337518390597,59.8494947275094,55.4825712576595,65.0520841757641,59.388075667989,55.3751850225885,67.7049548186481,36.781252927231,69.5044845967734,60.7375945527689,55.4403034205678,51.9303712793743,69.8232861404996,68.9842518654997,54.6715795637046,49.7148651871807,69.5195256567698,58.6216449860906,50.542535456124,62.8005376049146,61.264715492894,65.1227371373504,68.8532516770074,60.6389746437044,39.572472953099,65.0905423084023,67.0071210888251,62.1409106117248,63.6539385177689,58.7191868075911
49.6628461013755,64.0337518390597,59.8494947275094,55.4825712576595,65.0520841757641,59.3883021249619,55.3751850225885,67.7049548186481,36.781252927231,69.5044845967734,60.7375945527689,55.4403034205678,51.9303712793743,69.8232861404996,68.9842534401923,54.6715795637046,49.7148651871807,69.5195256567698,58.6216449860906,50.542535456124,62.8005376049146,61.264715492894,65.1227371373504,68.8532554067705,60.6389746437044,39.572472953099,65.0925144570939,67.0892337691071,62.1409106117248,63.6539385177689,58.7191868075911
49.6628535776644,64.0337518390597,59.8494947275094,55.4825712576595,65.0520841757641,59.3883021249619,55.3751850225885,67.7049548186481,36.781252927231,69.5044845967734,60.7375945527689,55.4403034205678,51.9303712793743,69.8232861404996,68.9842534401923,54.6715803951789,49.7148651871807,69.5195256567698,58.6216449860906,50.542535456124,62.8005376049146,61.264715492894,65.1227371373504,68.8532554067705,60.6389746437044,39.572472953099,65.0925144570939,67.0892337691071,62.1409106117248,63.6539385177689,58.7191868075911
49.6628535776644,64.0337518390597,59.8535319235336,55.4825712576595,65.0520841757641,59.3883021249619,55.3751850225885,67.7090262861821,36.781252927231,69.5044845967734,60.7375945527689,55.4403034205678,51.9303712793743,69.8232861404996,68.9842534401923,54.6715811484924,49.7148651871807,69.5195256567698,58.6216449860906,50.542535456124,62.8005376049146,61.264715492894,65.1227371373504,68.8532554067705,60.6389746437044,39.572472953099,65.0925144570939,67.0892337691071,62.1409106117248,63.6539385177689,58.7191868075911
49.6628535776644,64.0337518390597,59.8535319235336,55.4930292821589,65.0520841757641,59.3883576442413,55.3751850225885,67.7090262861821,36.781252927231,69.5044845967734,60.7375945527689,55.4403034205678,51.9303761836975,69.8232861404996,68.9842534401923,54.6715811484924,49.7148651871807,69.5195256567698,58.6216449860906,50.542535456124,62.8005376049146,61.264715492894,65.1227371373504,68.8532554067705,60.6389746437044,39.572472953099,65.0925144570939,67.0892337691071,62.1409315740883,63.6539385177689,58.7191868075911
49.6628535776644,64.033789116139,59.8535319235336,55.4930292821589,65.0520841757641,59.3884887484478,55.3751850225885,67.7090262861821,36.781252927231,69.5044845967734,60.7375945527689,55.4403034205678,51.9303761836975,69.8232861404996,68.9842534401923,54.6715811484924,49.7148651871807,69.5195256567698,58.6216449860906,50.542535456124,62.8009281813154,61.264715492894,65.1227371373504,68.8532554067705,60.6389746437044,39.572472953099,65.0925144570939,67.0892337691071,62.1409315740883,63.6539385177689,58.7191868075911
49.6628570466655,64.033789116139,59.8535319235336,55.4930292821589,65.0520841757641,59.3884887484478,55.3751850225885,67.7090262861821,36.781252927231,69.5044845967734,60.7375945527689,55.4403034205678,51.9303761836975,69.8232861404996,68.9842547203729,54.6715811484924,49.7148651871807,69.5242826275469,58.6216449860906,50.542535456124,62.8010255597238,61.2647579053687,65.1227371373504,68.8532554067705,60.6389746437044,39.572472953099,65.0925144570939,67.0892337691071,62.1409315740883,63.6539385177689,58.7191868075911
49.6628570466655,64.033789116139,59.8535319235336,55.4930292821589,65.0520841757641,59.3884887484478,55.3751850225885,67.7090262861821,36.781252927231,69.5044845967734,60.7375945527689,55.4403034205678,51.9303761836975,69.8233341842325,68.9842580577469,54.6715811484924,49.7148651871807,69.5242826275469,58.6216449860906,50.5425813269457,62.8010255597238,61.2647579053687,65.1227371373504,68.8532554067705,60.6389746437044,39.572472953099,65.0925144570939,67.0892337691071,62.1409315740883,63.6539385177689,58.7191868075911
49.6628570466655,64.033789116139,59.8535319235336,55.4930292821589,65.0520841757641,59.3885456646886,55.3751850225885,67.7090262861821,36.781252927231,69.5044845967734,60.7375945527689,55.4403781799849,51.9303761836975,69.8233341842325,68.9842580577469,54.6715811484924,49.7148759929219,69.5242826275469,58.6216449860906,50.5425813269457,62.8010255597238,61.2647579053687,65.1227371373504,68.8532554067705,60.6389746437044,39.572472953099,65.0925144570939,67.0892337691071,62.1409315740883,63.6539385177689,58.7191868075911
49.6628570466655,64.033789116139,59.8535319235336,55.4930292821589,65.0520841757641,59.3885456646886,55.3751850225885,67.7090262861821,36.781252927231,69.5044845967734,60.7375945527689,55.4403781799849,51.9303761836975,69.8233341842325,68.9842580577469,54.6715811484924,49.7148759929219,69.5242826275469,58.6216449860906,50.5425813269457,62.8010255597238,61.2647579053687,65.1227371373504,68.8532554067705,60.6389746437044,39.572472953099,65.0925144570939,67.0892337691071,62.1409315740883,63.6539385177689,58.7191868075911
49.6628570466655,64.033789116139,59.8535319235336,55.4930292821589,65.0520841757641,59.3885456646886,55.3751850225885,67.7090262861821,36.781252927231,69.5044845967734,60.7375945527689,55.4403781799849,51.9303761836975,69.8233341842325,68.9842580577469,54.6715811484924,49.7148759929219,69.5242826275469,58.6216449860906,50.5425813269457,62.8014513014898,61.2648162039906,65.1329578909922,68.8532554067705,60.6389746437044,39.572472953099,65.0925144570939,67.0892337691071,62.1409685594752,63.6539385177689,58.7191868075911
49.6628570466655,64.033789116139,59.8535319235336,55.4930292821589,65.0520841757641,59.3885456646886,55.3751850225885,67.7090262861821,36.781252927231,69.5044845967734,60.7375945527689,55.4403781799849,51.9303761836975,69.8233341842325,68.9842582936725,54.6715841994797,49.7148759929219,69.5242826275469,58.6216449860906,50.5425813269457,62.8014513014898,61.2648162039906,65.1329578909922,68.8532554067705,60.6389746437044,39.572472953099,65.0925144570939,67.0892337691071,62.1409685594752,63.6539385177689,58.7191868075911
49.6628570466655,64.033789116139,59.8535319235336,55.4930292821589,65.0520841757641,59.388747877097,55.3751850225885,67.7161725455252,36.781252927231,69.5044845967734,60.7375945527689,55.4403781799849,51.9303761836975,69.8233341842325,68.9842582936725,54.6715841994797,49.7148759929219,69.5242826275469,58.6216449860906,50.5425813269457,62.8014513014898,61.2648162039906,65.1329578909922,68.8532554067705,60.6389746437044,39.572472953099,65.0925144570939,67.0892337691071,62.1409685594752,63.7604004331876,58.7194681496303
49.6628570466655,64.033789116139,59.8535319235336,55.4930292821589,65.0520841757641,59.388747877097,55.3751850225885,67.7161725455252,36.781252927231,69.5044845967734,60.7375945527689,55.4403781799849,51.9303761836975,69.8233341842325,68.9842582936725,54.6715841994797,49.7148759929219,69.5242826275469,58.6227948013744,50.5425813269457,62.8014513014898,61.2648162039906,65.1329578909922,68.8532554067705,60.6389746437044,39.572472953099,65.0925144570939,67.0892337691071,62.1409685594752,63.7604004331876,58.7194681496303
49.6628570466655,64.033875458712,59.8535319235336,55.4930292821589,65.0520841757641,59.388747877097,55.3751850225885,67.7161725455252,36.781252927231,69.5044845967734,60.7375945527689,55.4423311247449,51.9303761836975,69.8233341842325,68.9842582936725,54.6715841994797,49.7148759929219,69.5242826275469,58.6227948013744,50.5425813269457,62.8014513014898,61.2648162039906,65.1329578909922,68.8532554067705,60.6389746437044,39.572472953099,65.0925144570939,67.0892337691071,62.1409685594752,63.7604004331876,58.7194681496303
49.6628570466655,64.033875458712,59.8535319235336,55.4930292821589,65.0520841757641,59.388747877097,55.3751850225885,67.7161725455252,36.781252927231,69.5044845967734,60.7375945527689,55.4423311247449,51.9303761836975,69.8233341842325,68.9842586810562,54.6715841994797,49.7148759929219,69.5242826275469,58.6227948013744,50.5425813269457,62.8017280051739,61.2648162039906,65.1329578909922,68.8532554067705,60.6389746437044,39.572472953099,65.0925144570939,67.0892337691071,62.1409685594752,63.7604004331876,58.7194681496303
49.6628570466655,64.033875458712,59.8538466832435,55.4930292821589,65.0520841757641,59.388747877097,55.3751850225885,67.7161725455252,36.781252927231,69.5044845967734,60.7375945527689,55.4423311247449,51.9303761836975,69.8233341842325,68.9842586810562,54.6715854537108,49.7148759929219,69.5242826275469,58.6227948013744,50.5425813269457,62.8017280051739,61.2648553570614,65.1431970134721,68.8532593513276,60.6389746437044,39.572472953099,65.0925144570939,67.0892337691071,62.1409685594752,63.7604004331876,58.7194681496303
49.6628570466655,64.033875458712,59.8538466832435,55.4930292821589,65.0520841757641,59.388747877097,55.3751850225885,67.7161725455252,36.781252927231,69.5044845967734,60.7375945527689,55.4423311247449,51.9303761836975,69.8233341842325,68.9842586810562,54.6715854537108,49.7148759929219,69.5242826275469,58.6227948013744,50.5425859311362,62.8017280051739,61.2648553570614,65.1431970134721,68.8532593513276,60.6389746437044,39.572472953099,65.0925144570939,67.0892337691071,62.1409685594752,63.7604004331876,58.7194681496303
49.6628570466655,64.033875458712,59.8538466832435,55.4930292821589,65.0520841757641,59.3887599516691,55.3751850225885,67.7161725455252,36.781252927231,69.5044845967734,60.7375945527689,55.4423311247449,51.9303761836975,69.8233341842325,68.984261719024,54.6715854537108,49.7148759929219,69.5242826275469,58.624571756236,50.5425859311362,62.8017280051739,61.2648553570614,65.1431970134721,68.8532593513276,60.6389746437044,39.572472953099,65.0925144570939,67.0892337691071,62.1409685594752,63.7604004331876,58.7194681496303
42.3188558219136,63.7465365261737,65.9501030846122,53.4501200309257,31.6505953948867,45.4782115194272,64.1511972150737,62.4087027737497,38.9774284600091,60.4354810460407,47.2368798308041,29.5892106815902,46.6844638767862,28.9690928345361,40.625969676639,48.3369705625597,52.5181614133255,52.4742191907165,40.5884191130377,34.1738708201933,63.4349934419327,65.390708314504,60.1229810980423,64.230001812246,37.5474072558619,41.4441798164744,41.4643552598315,35.8239948579369,50.0304540630041,62.6833029307902,44.3286693552834
45.1029617971766,63.7466656776416,65.957290675636,53.465408692912,56.7063112753113,58.8192589183623,64.1511972150737,62.4087027737497,38.9774366919967,60.4360032480815,56.7551181696789,29.5895787035111,46.6845703085969,28.9714397226112,62.6467627382982,48.3370342267104,56.0655201305367,52.4925069231691,46.1842159010329,48.5342336544655,63.436683143482,65.3907208138899,60.4326739185635,65.392919572094,61.4250071583261,41.4474462626092,59.5057595770558,35.8264486253886,50.0310831315634,62.6957341627536,44.3384294032905
45.1029889001932,63.7466656776416,65.957290675636,53.465408692912,57.9855106998774,58.8199070239751,64.1511972150737,62.4087027737497,38.9774366919967,60.4360032480815,56.7551181696789,48.0384357225065,46.6845703085969,64.7284453879318,62.6467627382982,48.3370342267104,56.0655201305367,52.4925069231691,46.1842159010329,48.534384747943,63.436683143482,65.3907208138899,60.4331726402472,65.3929235483887,61.4250071583261,41.4474462626092,59.5057595770558,58.7632566840087,54.0032799863779,62.6957341627536,44.3532713925208
45.1029889001932,63.747045050786,65.957290675636,53.465408692912,57.9855106998774,58.8199070239751,64.1511988736308,62.4087027737497,38.9774463862037,60.4360032480815,56.7551181696789,48.0384357225065,46.6845703085969,64.7284453879318,62.6467908724182,48.3370516304998,56.0655201305367,58.7627762629714,46.1842159010329,48.534384747943,63.4370067728006,65.3907800764698,60.4331726402472,65.3929292109757,61.4250071583261,41.4474462626092,59.5057595770558,58.7632566840087,54.0032799863779,62.6957341627536,44.3532713925208
45.1029889001932,63.7475142182929,65.9772496807558,53.465408692912,57.9855106998774,58.8199070239751,64.1511988736308,62.4087027737497,39.407795457258,60.4360032480815,56.7551181696789,48.0384357225065,46.6846413840855,64.7284453879318,62.6467908724182,48.3371253009349,56.0655264854363,58.7962322214617,46.1842159010329,48.5345136095285,63.4411379767077,65.3909390975504,60.4331726402472,65.3929345091956,61.4250071583261,41.4474462626092,59.5057595770558,58.7632566840087,54.0032799863779,62.6957341627536,44.3532713925208
45.1029889001932,63.7475142182929,66.0543967261632,53.4773631436737,57.9855106998774,58.8201625921681,64.1511988736308,62.4087027737497,39.691912023065,60.4360032480815,56.7551181696789,48.0384357225065,46.6847106533564,64.7289025174051,62.6468204924615,48.3371253009349,56.0659299118643,58.7962322214617,46.1849192757052,48.5348700445168,63.4421096578468,65.391021324345,60.4409187022391,65.3929345091956,61.4250071583261,41.4512724954445,59.5057595770558,58.7632566840087,54.0032799863779,62.7097487898633,44.3532713925208
45.1031352476971,63.7475142182929,66.0543967261632,53.5786652109808,57.9855106998774,58.8224807044921,64.1511988736308,62.4683849413362,39.691912023065,60.4365706349397,56.7551181696789,48.0617126584116,46.6847106533564,64.7296532353012,62.646825894393,48.3371253009349,56.0659299118643,58.7962322214617,46.1865122418384,48.5348700445168,63.4421096578468,65.391021324345,60.5044912903532,65.3930143415059,61.4571312407113,41.4830942438147,59.5066883517552,58.8084645220249,54.0032799863779,62.7447437710153,44.3532713925208
45.1034768714499,63.7475795694373,66.0543967261632,53.5786652109808,57.9855106998774,58.8224807044921,64.1512430953057,62.5178117288728,39.691912023065,60.4365706349397,56.7551181696789,48.0617126584116,46.6847106533564,64.7296532353012,62.6468380800156,48.3371253009349,56.0659299118643,58.7962322214617,46.1865122418384,48.5348700445168,63.4421096578468,65.391021324345,60.5044912903532,65.3930143415059,61.4606047381396,41.4830942438147,59.5085570521096,59.137722221822,54.661150477361,62.7606844983245,44.3681313042195
45.1034768714499,63.7480989907052,66.0543967261632,53.5786652109808,57.9855106998774,58.8224807044921,64.1512430953057,62.5178117288728,39.7411096156239,60.4365706349397,57.1556831156373,48.0617126584116,46.6847106533564,64.7296532353012,62.646918076153,48.3371253009349,56.0659299118643,58.7962322214617,46.1865122418384,48.5348700445168,63.4421096578468,65.3910352358123,60.5044912903532,65.3930460957301,61.4606047381396,41.4830942438147,59.5085570521096,59.137722221822,54.661150477361,62.7606844983245,44.4073227431132
45.1034768714499,63.7480989907052,66.0543967261632,53.5786652109808,57.9855106998774,58.8224807044921,64.1512430953057,62.5178117288728,39.7411096156239,60.4365706349397,57.1556831156373,48.0617126584116,46.6847461759765,64.7296532353012,62.646918076153,48.3373508831597,56.0659299118643,58.8602088515788,46.1865122418384,48.5357676802646,63.4774812835286,65.3914138539603,60.5044912903532,65.3930752941707,61.4606047381396,41.4830942438147,59.5085570521096,59.137722221822,54.661150477361,62.7606844983245,44.4073227431132
45.1034768714499,63.7480989907052,66.0543967261632,53.5786652109808,57.9855106998774,58.8224807044921,64.1513372729837,62.5178117288728,39.7411096156239,60.4365706349397,57.1556831156373,48.0636132928337,46.6849019658603,64.7296532353012,62.6472640455786,48.3373508831597,56.0659299118643,58.8602088515788,46.1886402938213,48.5357676802646,63.4774812835286,65.3914138539603,60.5044912903532,65.3930752941707,61.4606047381396,41.4830942438147,59.5085570521096,59.137722221822,54.661150477361,62.7606844983245,44.4073227431132
45.1034768714499,63.7480989907052,66.0681216559342,53.5786652109808,57.9855106998774,58.8224807044921,64.1513372729837,62.5178117288728,39.7411096156239,60.4365706349397,57.1556831156373,48.1145240501941,46.6851297411731,64.7296532353012,62.6472640455786,48.3373508831597,56.0664948128654,58.8602088515788,46.1928600004706,48.5357676802646,63.4774812835286,65.3914138539603,60.6977715692467,65.3932660173354,61.4606047381396,41.4830942438147,59.5085570521096,59.137722221822,54.661150477361,62.7606844983245,44.4073227431132
45.1034768714499,63.7540584561044,66.2031725512065,53.5786652109808,60.0161521129612,58.8236758648113,64.1513372729837,62.5178117288728,39.7411096156239,60.4365706349397,57.1556831156373,48.1145240501941,46.6851297411731,64.733847374716,62.6477334920937,48.3378920508023,56.0668256690014,58.8602088515788,46.1928600004706,48.5357676802646,63.4774812835286,65.3914138539603,60.6977715692467,65.3932660173354,61.4606047381396,41.4830942438147,59.5085570521096,59.137722221822,55.3584963505375,62.7606844983245,44.4073227431132
45.1044560731272,63.7540584561044,66.2031725512065,53.6100166130989,60.0161521129612,58.8250575123969,64.1513576413053,62.5178117288728,39.7411096156239,60.4365706349397,57.1556831156373,48.1145240501941,46.6851297411731,64.733847374716,62.6479289023189,48.3378920508023,56.0668256690014,58.8602088515788,46.1928600004706,48.5361025422721,63.4847830102266,65.3915738567844,60.6977715692467,65.393370596034,61.5024402040307,41.4985225114399,59.5085570521096,59.137722221822,55.3584963505375,62.8385527918258,44.4073227431132
45.1044560731272,63.7540584561044,66.2031725512065,53.7678298070469,60.0161521129612,58.8250575123969,64.1513576413053,62.5178117288728,39.7411096156239,60.4365706349397,57.1556831156373,48.1145240501941,46.6851767246648,64.733847374716,62.648376446846,48.3378920508023,56.0668256690014,58.8602088515788,46.1928600004706,48.538982900477,63.5699410335902,65.3923570743482,60.6977715692467,65.39369382658,61.6633768182474,41.5108219366097,59.5107423766369,59.3535921892334,55.3584963505375,62.9913501414188,44.4073227431132
45.1044560731272,63.7540584561044,66.2031725512065,53.7678298070469,60.0161521129612,58.8250575123969,64.1515433142258,62.6327101342692,39.7411096156239,60.4367566200194,57.1556831156373,48.1145240501941,46.6862963395684,64.733847374716,62.6500371404747,48.3381625908638,56.0668256690014,59.2658430701273,46.1958439923262,48.538982900477,63.5699410335902,65.3923570743482,60.6977715692467,65.39369382658,61.6633768182474,41.5108219366097,59.5136532427713,59.3535921892334,55.3584963505375,63.1220160557578,44.4073227431132
45.1044560731272,63.7647817959,66.2031725512065,53.7678298070469,60.0161521129612,58.8250575123969,64.1516620605273,62.6991406959625,39.7411096156239,60.4412119173732,57.1556831156373,48.1145240501941,46.6862963395684,64.733847374716,62.6501312166099,48.3381625908638,56.06706643731,60.1072653645975,46.2075606142768,48.538982900477,63.5699410335902,65.3923570743482,60.6977715692467,65.39369382658,61.6633768182474,41.5108219366097,59.5136532427713,59.3535921892334,55.3584963505375,63.1220160557578,44.4073227431132
45.1044560731272,63.7647817959,66.2031725512065,53.7678298070469,60.0161521129612,58.8250575123969,64.1516620605273,62.6991406959625,39.7411096156239,60.4412119173732,57.6325377766916,48.1145240501941,46.6862963395684,64.733847374716,62.6560381473636,48.3381625908638,56.0699753909137,60.1072653645975,46.2075606142768,48.538982900477,63.5699410335902,65.3923570743482,60.6977715692467,65.3939468632377,61.6633768182474,41.5108219366097,59.5136532427713,59.3535921892334,55.7433123360254,63.1220160557578,44.4141733118436
45.1044560731272,63.7647817959,66.3474820918621,53.7678298070469,60.0161521129612,58.8251135488913,64.1518848110099,62.6991406959625,39.7411096156239,60.4412119173732,58.8450383419001,48.256156260341,46.6862963395684,64.733847374716,62.6560381473636,48.33889903628,56.0699753909137,60.1072653645975,46.2075606142768,48.5466971841862,63.6248357768983,65.3931496832419,61.5005058262986,65.3953038356267,61.6633768182474,41.5108219366097,59.5136532427713,59.3535921892334,55.7433123360254,63.1220160557578,44.4273516414626
45.1044560731272,63.7664858265654,66.5071892753029,53.7678298070469,60.0161521129612,58.8302427733115,64.1521157922593,62.6991406959625,39.7678921065792,60.4412119173732,58.8450383419001,48.256156260341,46.6877779147972,64.7340591792689,62.6638031556995,48.3392007400884,56.0699753909137,60.1072653645975,46.2075606142768,48.5466971841862,63.8056059384621,65.3947319345348,61.5005058262986,65.3953038356267,61.6633768182474,41.5108219366097,59.5136532427713,59.3535921892334,55.7433123360254,63.1220160557578,44.5065626081104
45.1062044909671,63.7872379908109,66.5071892753029,53.7678298070469,60.0161521129612,58.8302427733115,64.1521157922593,62.6991406959625,39.9551570966715,60.4412119173732,58.8450383419001,48.256156260341,46.690765771952,64.7432689761099,62.6720527650182,48.3392007400884,56.0699753909137,60.1072653645975,46.2218361413052,48.5466971841862,63.8056059384621,65.3947319345348,61.5005058262986,65.3953038356267,61.6924933308945,41.5108219366097,59.5136532427713,59.4718210452743,55.7433123360254,63.1220160557578,44.5065626081104
45.1062044909671,63.7872379908109,66.5071892753029,53.7678298070469,60.0161521129612,58.8302427733115,64.1522737691653,63.1789503966397,39.9551570966715,60.4412119173732,58.8450383419001,48.256156260341,46.690765771952,64.7432689761099,62.6736875516065,48.3402918990758,56.0699753909137,60.1072653645975,46.2299666799156,48.5466971841862,63.8056059384621,65.3947319345348,61.5005058262986,65.3954706541556,61.6924933308945,41.5237472066151,59.5136532427713,59.9048347423966,55.7433123360254,63.1532075032609,44.5065626081104
45.1062044909671,63.7971115737725,66.5071892753029,53.8412261481827,60.0161521129612,58.8302427733115,64.1522737691653,63.1789503966397,39.9551570966715,60.4461961384825,58.8450383419001,48.256156260341,46.690765771952,64.7432689761099,62.6843034475675,48.3407622406191,56.0707342119617,63.0937814383915,46.2299666799156,48.5466971841862,63.8056059384621,65.3947319345348,61.5005058262986,65.3987745690298,61.6924933308945,41.6044599561776,59.5169966294757,59.9048347423966,55.7433123360254,63.4057446257188,44.5065626081104
45.1062044909671,63.8113995244892,66.5071892753029,53.9233299100259,60.0161521129612,58.8302427733115,64.1522737691653,63.1789503966397,40.0532740560739,60.4809797881919,58.8450383419001,48.256156260341,46.690765771952,64.7432689761099,62.6876321035891,48.3425108417442,56.0782415988349,63.0937814383915,46.2299666799156,48.5466971841862,64.0903997797532,65.3962928233344,61.5005058262986,65.3987745690298,61.6924933308945,41.6044599561776,59.5251140615564,59.9048347423966,56.0317741971717,64.0504868946841,44.5065626081104
45.1062044909671,63.8113995244892,66.5071892753029,54.0128966458554,60.0161521129612,58.8302427733115,64.1522737691653,63.1789503966397,40.1231527567293,60.4809797881919,58.8450383419001,48.256156260341,46.6939322584884,64.7432689761099,62.7300390847053,48.343953140509,56.0782415988349,63.0937814383915,46.2299666799156,48.549428482553,64.1290907634704,65.4004372108722,61.9183433838887,65.3987745690298,61.6924933308945,41.6044599561776,59.5251140615564,59.9048347423966,56.0317741971717,64.0504868946841,44.5065626081104
45.1062044909671,63.8113995244892,66.5071892753029,54.0128966458554,60.0161521129612,58.8309373459796,64.1522737691653,63.3195780342938,40.1231527567293,60.4809797881919,58.8450383419001,48.256156260341,46.7055721661387,64.7432689761099,62.7300390847053,48.3509751616992,56.0782415988349,63.0937814383915,46.2646747594853,48.549428482553,64.1290907634704,65.4004372108722,62.171212675602,65.3987745690298,61.6924933308945,41.6044599561776,59.5251140615564,59.9048347423966,56.0317741971717,64.0504868946841,44.5065626081104
45.1104747197634,63.8412621520383,66.7415135877457,54.0128966458554,60.0161521129612,58.8633819755075,64.1522737691653,63.6146208161544,40.1231527567293,60.4809797881919,58.8450383419001,48.3472117800381,46.7055721661387,64.7432689761099,62.8250150109633,48.3532411546015,56.0782415988349,63.0937814383915,46.2804960547312,48.549428482553,64.1290907634704,65.4004372108722,62.171212675602,65.4026715990105,61.6924933308945,41.6044599561776,59.5251140615564,59.9048347423966,56.0317741971717,64.0504868946841,44.5065626081104
45.1104747197634,63.8412621520383,67.8453450186431,54.0128966458554,60.0161521129612,58.8633819755075,64.1531938823248,63.6146208161544,40.1698933217341,60.4809797881919,58.8450383419001,48.5306693628464,46.7055721661387,64.7432689761099,62.8250150109633,48.3844332836612,56.0782415988349,63.0937814383915,46.2804960547312,48.549428482553,64.1290907634704,65.400463872936,62.171212675602,65.4100396975065,61.7755045939072,41.6044599561776,59.5251140615564,59.9048347423966,56.0317741971717,64.0504868946841,44.5065626081104
45.1104747197634,63.8412621520383,67.8453450186431,58.3734984795385,60.0161521129612,58.8633819755075,64.1531938823248,63.6146208161544,40.1698933217341,60.4809797881919,58.8450383419001,48.5306693628464,46.7149796762831,64.7723929280245,63.1983484757287,48.3903215512163,56.0782415988349,63.0937814383915,46.2804960547312,48.549428482553,65.0922699681982,65.4090727346654,62.171212675602,65.4100396975065,61.7755045939072,41.8306290428102,59.5251140615564,59.9269131488521,56.0317741971717,64.0504868946841,44.5689246490768
45.1104747197634,63.8514913646516,67.8453450186431,58.3734984795385,60.0161521129612,58.8633819755075,64.1536972288832,63.6146208161544,40.1698933217341,60.4809797881919,59.4380349038545,48.5306693628464,46.7363460635606,64.7723929280245,63.3041625691478,48.3903215512163,56.0782415988349,63.0937814383915,46.2863454677446,48.5514199887407,65.0922699681982,65.4090727346654,62.171212675602,65.4100396975065,61.7755045939072,41.8306290428102,59.5251140615564,59.9269131488521,56.0317741971717,64.7244159296314,44.7064036318441
45.1104747197634,63.9843974263675,67.8453450186431,58.3734984795385,60.6717878227306,58.8633819755075,64.1549947347229,63.6146208161544,40.1698933217341,60.5541538701324,59.4380349038545,48.5306693628464,46.7363460635606,64.7723929280245,63.5777650662388,48.4866875063568,56.0927419555639,63.0937814383915,46.3673679474466,48.5645760298585,65.0922699681982,65.4090727346654,62.171212675602,65.4134033395924,61.7755045939072,41.8306290428102,59.529356265423,59.9269131488521,56.0317741971717,66.0083600237372,44.7064036318441
45.1186504495164,63.9843974263675,67.8453450186431,58.3734984795385,60.6717878227306,58.8841419154868,64.1549947347229,65.1232103931353,40.1698933217341,60.5541538701324,59.4380349038545,48.5306693628464,46.7363460635606,64.7723929280245,64.8642571054428,48.4866875063568,56.0927419555639,63.0937814383915,46.3673679474466,48.5645760298585,65.0922699681982,65.4090727346654,62.7966502372908,65.4486716872204,61.7755045939072,41.8306290428102,59.5433584058278,59.9269131488521,56.0317741971717,66.0083600237372,44.7064036318441
45.1186504495164,64.073262709425,67.8453450186431,58.3734984795385,60.6717878227306,58.8937062154249,64.1565962574749,65.1232103931353,40.2056907790722,60.5541538701324,59.4380349038545,48.5306693628464,46.7363460635606,64.7723929280245,64.8642571054428,48.5598978892057,56.0927419555639,63.0937814383915,46.3673679474466,48.5645760298585,65.5299815358012,65.4108015939705,62.7966502372908,65.4486716872204,61.7755045939072,41.8306290428102,59.5433584058278,60.6386764255445,56.1697021699256,66.0083600237372,44.7064036318441
45.1186504495164,64.5067316856727,67.8453450186431,58.3734984795385,60.6717878227306,58.8937062154249,64.157524006092,65.1232103931353,40.2056907790722,60.5541538701324,59.4380349038545,48.5306693628464,46.7476133861529,64.7723929280245,64.9267895564954,48.5598978892057,56.0927419555639,63.0937814383915,46.3673679474466,48.5645760298585,65.5299815358012,65.4289006832805,62.9066610903559,65.4486716872204,61.7755045939072,41.8306290428102,59.5433584058278,60.6386764255445,56.1697021699256,66.0083600237372,44.7064036318441
45.1317125763897,64.5067316856727,68.1402697528255,58.3734984795385,60.6717878227306,58.8937062154249,64.157524006092,65.1232103931353,40.2056907790722,60.5541538701324,59.4380349038545,48.5306693628464,46.8704790588402,64.7723929280245,64.9267895564954,48.608742878309,56.0927419555639,63.0937814383915,46.3987390587605,48.5645760298585,65.5299815358012,65.4289006832805,62.9066610903559,65.4734211815189,61.8302953273542,41.9216102591538,59.5433584058278,60.6386764255445,56.1697021699256,66.0083600237372,44.7064036318441
45.1407944605143,64.5067316856727,68.45053768967,58.3734984795385,60.6717878227306,58.8937062154249,64.1642044501065,65.1232103931353,40.2056907790722,60.5541538701324,59.4380349038545,48.5619560483701,46.8704790588402,64.7723929280245,64.9267895564954,48.608742878309,56.0927419555639,63.0937814383915,46.6196408377748,48.5645760298585,65.5299815358012,65.4289006832805,62.9066610903559,65.4954914725119,61.9300922431016,42.5388995980817,59.5500100016945,60.9713935786193,56.1697021699256,66.0083600237372,44.7064036318441
45.1407944605143,64.7266649812022,68.45053768967,58.3734984795385,60.6717878227306,58.9055209173013,64.1642044501065,65.1232103931353,40.2087311286724,60.6035227404631,59.4380349038545,48.8949659759333,46.8704790588402,64.9103006050871,64.9398922358754,48.7139653768121,56.0942638901398,63.0937814383915,46.6196408377748,48.6228615962308,65.5299815358012,65.4289006832805,62.9066610903559,65.4954914725119,61.9300922431016,42.5388995980817,59.5993283935201,60.9713935786193,56.1697021699256,66.0083600237372,44.7064036318441
45.1407944605143,64.7266649812022,68.45053768967,58.3734984795385,60.6717878227306,58.9637376059886,64.1642044501065,65.1232103931353,40.2087311286724,60.6035227404631,59.4380349038545,48.8949659759333,46.8704790588402,64.9103006050871,64.9398922358754,48.7139653768121,56.1271569682521,63.0937814383915,46.6196408377748,48.6228615962308,66.0537090087097,65.4408038773747,62.9066610903559,65.4954914725119,61.9300922431016,42.5388995980817,59.5993283935201,60.9713935786193,56.1697021699256,66.0083600237372,44.7064036318441
45.140982365151,64.7266649812022,68.45053768967,58.3734984795385,60.6717878227306,58.9637376059886,64.1794380165496,65.1232103931353,40.2087311286724,60.6035227404631,59.872023443635,48.8949659759333,47.0504440562325,64.9103006050871,64.9398922358754,49.078547380954,56.1271569682521,63.0937814383915,46.6196408377748,48.6228615962308,66.7070068484696,65.4971853939755,63.4985947218263,65.5408205694308,61.9300922431016,42.5388995980817,59.5993283935201,61.1322862588617,56.1697021699256,66.4632627991729,44.7064036318441
45.2695295242926,64.9689272530521,68.45053768967,58.3734984795385,60.6717878227306,58.9637376059886,64.1794380165496,65.1232103931353,40.2695580324221,60.6035227404631,61.5343729667495,48.8949659759333,47.39154910476,64.9103006050871,64.9398922358754,49.7363965896679,56.1271569682521,63.0937814383915,46.6244462256998,48.6228615962308,66.7070068484696,65.4971853939755,63.4985947218263,65.5408205694308,61.9300922431016,42.5388995980817,59.5993283935201,62.4798986928532,56.1697021699256,66.4632627991729,44.7823356352591
45.2695295242926,64.9689272530521,68.45053768967,58.3734984795385,60.6717878227306,58.9637376059886,64.1794380165496,65.1232103931353,40.2695580324221,60.6035227404631,61.5343729667495,48.8949659759333,47.39154910476,64.9103006050871,65.7134496963411,49.7363965896679,56.1271569682521,63.0937814383915,47.129206432227,48.6228615962308,66.7070068484696,65.4971853939755,63.4985947218263,65.5408205694308,61.9300922431016,42.5388995980817,59.6143583322464,62.4798986928532,56.1697021699256,66.4632627991729,45.3764775995951
45.2695295242926,64.9689272530521,68.45053768967,58.3734984795385,60.6717878227306,59.0573735077947,64.1850473038746,65.1232103931353,40.2695580324221,60.6035227404631,61.5343729667495,49.0511908060001,47.39154910476,64.9103006050871,65.7134496963411,49.7363965896679,56.1271569682521,63.2408792857713,47.129206432227,48.7049224188944,66.7070068484696,65.4971853939755,63.4985947218263,65.6564581200662,61.9300922431016,42.5388995980817,59.708797459797,62.4798986928532,56.1697021699256,66.4632627991729,45.3764775995951
45.2695295242926,64.9689272530521,68.8679867697001,58.3734984795385,60.6717878227306,59.0589518749171,64.1850473038746,65.1232103931353,40.2695580324221,60.6035227404631,61.5343729667495,49.0511908060001,47.3971805326322,64.9103006050871,65.7134496963411,49.7363965896679,56.1271569682521,63.2408792857713,47.129206432227,48.7049224188944,67.1299003231856,65.561821743256,63.4985947218263,65.6902759511149,63.5604306044253,42.7510045715191,59.708797459797,62.4798986928532,56.1697021699256,66.4632627991729,45.3764775995951
45.4112575613523,65.0820074730172,68.963552708602,58.3734984795385,60.6717878227306,59.0589518749171,64.1952224856547,65.566453022293,40.2695580324221,60.6035227404631,61.5343729667495,49.0511908060001,47.6630192725313,64.9103006050871,65.7134496963411,49.7363965896679,56.1968545929402,63.2408792857713,47.129206432227,48.7049224188944,67.1299003231856,65.7294959367344,63.4985947218263,65.6902759511149,63.5604306044253,42.837932630104,59.708797459797,62.4798986928532,56.1697021699256,66.4632627991729,45.3764775995951
45.4975715336491,65.0820074730172,68.963552708602,58.3734984795385,60.6717878227306,59.0589518749171,64.2290504982512,65.566453022293,40.2695580324221,60.6335083737024,61.5343729667495,49.0511908060001,47.9636238387412,65.0888638636055,65.7134496963411,49.8875293824999,56.1968545929402,63.2408792857713,47.716990002915,48.7049224188944,67.1299003231856,65.7294959367344,63.4985947218263,65.8917611456436,63.5604306044253,42.837932630104,59.708797459797,62.4798986928532,56.1697021699256,66.4632627991729,45.3764775995951
45.4975715336491,65.0820074730172,68.963552708602,58.3734984795385,60.6717878227306,59.0589518749171,64.2290504982512,65.566453022293,40.2695580324221,60.7029975577251,61.5343729667495,49.0511908060001,47.9636238387412,65.0888638636055,65.7134496963411,49.9241346935746,56.1968545929402,63.2408792857713,48.6172546972619,48.7049224188944,67.1299003231856,65.7294959367344,63.7563697883853,66.3738828240946,63.5604306044253,42.837932630104,59.708797459797,62.5271833540482,56.1697021699256,66.4632627991729,45.3764775995951
45.4975715336491,65.0820074730172,68.963552708602,58.3734984795385,60.6717878227306,59.2790505847616,64.2299621108543,65.566453022293,40.2695580324221,60.7029975577251,61.5343729667495,49.0511908060001,47.9636238387412,65.0888638636055,65.7134496963411,49.9285744279903,56.1968545929402,63.2408792857713,48.6172546972619,48.7049224188944,67.1299003231856,65.7294959367344,64.8718186988702,66.3738828240946,63.5604306044253,42.837932630104,60.0197000784028,63.034123274255,56.1697021699256,66.5212219268624,45.9222598313282
45.4975715336491,65.0820074730172,68.963552708602,58.3734984795385,60.6717878227306,59.2790505847616,64.2299621108543,65.566453022293,40.2708369806192,60.7029975577251,61.5343729667495,49.0511908060001,48.287430708017,65.0888638636055,66.0372055219638,49.9285744279903,56.1968545929402,63.2408792857713,48.6172546972619,48.7174691904477,67.133679808155,65.8295284163247,64.8718186988702,66.3738828240946,63.5604306044253,42.837932630104,60.0197000784028,63.034123274255,56.1697021699256,66.5212219268624,46.1774277670908
45.9532014965429,65.0820074730172,68.963552708602,58.3734984795385,60.6717878227306,59.2790505847616,64.2299621108543,65.566453022293,40.2708369806192,60.7029975577251,61.5343729667495,49.5159691143281,49.3051767772138,65.0888638636055,66.0372055219638,49.9285744279903,56.2196711148742,63.3440340395574,48.6172546972619,48.7174691904477,67.133679808155,65.9577535813033,64.8718186988702,66.8014824344413,63.5604306044253,42.837932630104,60.0197000784028,63.034123274255,56.1697021699256,66.5212219268624,46.1774277670908
45.9532014965429,65.1528805052073,68.963552708602,58.3734984795385,60.6717878227306,59.2790505847616,64.2897328601171,66.1399287706569,40.2708369806192,60.7029975577251,62.4600561392722,49.5159691143281,49.3051767772138,65.0888638636055,66.0372055219638,49.9551563192834,56.2532702774988,63.3440340395574,48.6172546972619,48.7174691904477,67.133679808155,65.9577535813033,64.8718186988702,66.8014824344413,64.6503334976554,42.837932630104,60.0197000784028,63.6292849512666,56.2677215176765,66.5212219268624,46.1774277670908
45.9532014965429,65.1528805052073,68.963552708602,58.3734984795385,60.6717878227306,59.3054766703856,64.2897328601171,66.1399287706569,40.2708369806192,60.7029975577251,62.4600561392722,49.5159691143281,49.3051767772138,65.2416016533606,66.0372055219638,49.9551563192834,56.2532702774988,63.3440340395574,48.8410820820586,48.7174691904477,67.133679808155,65.9577535813033,64.8718186988702,66.8014824344413,64.6503334976554,42.837932630104,60.0197000784028,66.2730933061392,56.2677215176765,66.5212219268624,46.1774277670908
45.9532014965429,65.1528805052073,68.963552708602,58.3734984795385,60.6717878227306,59.9484170315537,64.2897328601171,66.1399287706569,40.2708369806192,60.7029975577251,62.4600561392722,49.5159691143281,49.3051767772138,65.5966550043336,66.8318931041553,50.0243571163118,56.2532702774988,63.3440340395574,48.8410820820586,48.8145441949485,67.133679808155,65.9577535813033,64.8718186988702,66.8014824344413,64.6503334976554,42.9964027523329,60.0931039604932,66.2730933061392,56.2677215176765,66.5212219268624,46.1774277670908
46.2125253475647,65.1528805052073,68.963552708602,58.3734984795385,60.6717878227306,59.9484170315537,64.4216707470242,66.1399287706569,40.2708369806192,60.7029975577251,62.4600561392722,49.5159691143281,49.6288877710244,65.5966550043336,66.8318931041553,50.1701452236436,56.4608443346044,63.3440340395574,48.8410820820586,48.8529228437384,67.133679808155,65.9577535813033,64.8718186988702,66.8014824344413,64.6503334976554,42.9964027523329,60.0931039604932,66.2730933061392,56.2677215176765,66.5212219268624,46.1774277670908
46.6002429732718,65.1528805052073,68.963552708602,58.3734984795385,60.6717878227306,59.9484170315537,64.4216707470242,66.1399287706569,40.2708369806192,60.7720675403167,62.4600561392722,49.5159691143281,49.6288877710244,65.5966550043336,66.8318931041553,50.1701452236436,56.4608443346044,63.3440340395574,48.8410820820586,48.8529228437384,67.133679808155,66.1068998803187,65.2343883432939,66.8014824344413,64.6503334976554,42.9964027523329,60.0931039604932,66.2730933061392,56.2677215176765,66.5212219268624,46.1902330243866
46.6002429732718,65.201052339414,68.963552708602,58.3734984795385,61.286279132429,59.9484170315537,64.4216707470242,66.1399287706569,40.2708369806192,60.8318973300171,62.4600561392722,49.5706139447672,49.6288877710244,65.5966550043336,66.8318931041553,50.1701452236436,56.4608443346044,63.3440340395574,48.8410820820586,48.8529228437384,67.133679808155,66.1068998803187,65.2343883432939,66.8014824344413,64.6503334976554,42.9964027523329,60.0931039604932,66.2730933061392,56.2677215176765,66.5212219268624,46.5715230585591
46.6002429732718,65.201052339414,68.963552708602,58.3734984795385,61.286279132429,60.2132721513537,64.5508621995393,66.1399287706569,40.2708369806192,60.8318973300171,62.4600561392722,50.2317593357465,49.6288877710244,65.5966550043336,66.8318931041553,50.4026776129232,56.5115443644433,63.3440340395574,48.8410820820586,49.3580366739521,67.133679808155,66.1068998803187,65.2343883432939,66.8445643240292,64.6503334976554,42.9964027523329,60.1160326076678,66.2730933061392,56.2677215176765,66.5212219268624,47.2471179293946
46.6002429732718,65.201052339414,68.963552708602,58.3734984795385,61.286279132429,60.2132721513537,64.5508621995393,66.1399287706569,40.2708369806192,60.8318973300171,62.4600561392722,50.2317593357465,49.6288877710244,65.8307374897491,66.8318931041553,50.4026776129232,57.2100503354327,63.3440340395574,48.8410820820586,49.3580366739521,67.133679808155,66.1068998803187,65.2343883432939,66.8445643240292,64.6503334976554,42.9964027523329,60.1160326076678,66.2730933061392,56.2677215176765,66.5212219268624,47.2471179293946
46.6007366028668,65.201052339414,68.963552708602,58.3734984795385,61.286279132429,60.2132721513537,64.7173203015609,66.1399287706569,40.2708369806192,60.8318973300171,62.4600561392722,50.2317593357465,49.6288877710244,66.4431797818384,66.8318931041553,50.4026776129232,57.2100503354327,63.3440340395574,48.8410820820586,49.3580366739521,67.133679808155,66.1241616930912,65.2343883432939,66.8445643240292,64.6503334976554,42.9964027523329,60.1160326076678,66.2730933061392,56.2677215176765,66.5212219268624,47.2471179293946
46.6007366028668,65.201052339414,68.963552708602,58.3734984795385,61.286279132429,60.2132721513537,64.8036030398295,66.1399287706569,40.2857663969775,60.8318973300171,62.4600561392722,50.2317593357465,49.6288877710244,66.4431797818384,66.8318931041553,50.4026776129232,57.6022402353971,63.3440340395574,48.8410820820586,49.3702571113564,67.133679808155,66.1241616930912,65.2343883432939,67.053952022039,64.6503334976554,42.9964027523329,60.1160326076678,66.2730933061392,56.2677215176765,66.5212219268624,47.2471179293946
46.6007366028668,65.201052339414,68.963552708602,58.3734984795385,61.9982602169914,60.2132721513537,64.8036030398295,66.1399287706569,40.3304335116932,60.8318973300171,62.4600561392722,50.2317593357465,49.6288877710244,66.4431797818384,66.8318931041553,50.4026776129232,57.6022402353971,63.3440340395574,48.8410820820586,49.937981730081,67.133679808155,66.1241616930912,65.2343883432939,67.053952022039,64.6503334976554,43.047906708391,60.1160326076678,66.2730933061392,56.2677215176765,66.5212219268624,47.2471179293946
46.6007366028668,65.201052339414,68.963552708602,58.3734984795385,61.9982602169914,60.3386234713083,64.8589480191107,66.1399287706569,40.3304335116932,60.8318973300171,62.4600561392722,50.2862431321147,49.6288877710244,66.4431797818384,67.0294457167382,50.4026776129232,57.6022402353971,63.3440340395574,48.8410820820586,49.937981730081,67.133679808155,66.1241616930912,65.2343883432939,67.053952022039,64.6503334976554,43.1765413044007,60.1160326076678,66.2730933061392,56.2677215176765,66.5212219268624,47.8448670851525
46.6007366028668,65.201052339414,68.963552708602,58.3734984795385,61.9982602169914,60.8437507110847,64.8589480191107,66.1399287706569,40.3304335116932,60.9477445297895,62.4600561392722,50.2862431321147,49.9772730670972,66.4431797818384,67.0294457167382,50.4552706299815,57.6022402353971,63.3440340395574,48.8410820820586,50.1550194238214,67.1603061338351,66.2923326805626,65.2343883432939,67.1634325165186,64.6503334976554,43.1765413044007,60.1160326076678,66.2730933061392,56.2677215176765,66.5212219268624,47.8448670851525
46.7527224678264,65.201052339414,68.963552708602,58.3734984795385,61.9982602169914,60.8437507110847,64.8589480191107,66.1399287706569,40.3340477871019,60.9477445297895,63.3841425487343,50.2862431321147,49.9772730670972,66.5352189538625,67.2425523371519,50.4552706299815,57.658040815362,63.3440340395574,48.8410820820586,50.6567330560777,67.1603061338351,66.2923326805626,65.2343883432939,67.1634325165186,64.6503334976554,43.1765413044007,60.1160326076678,66.2730933061392,56.2677215176765,66.5212219268624,47.8448670851525
46.8793515797917,65.201052339414,68.963552708602,58.3734984795385,61.9982602169914,60.8437507110847,65.0370009292554,66.1399287706569,40.4027724251671,60.9477445297895,63.3841425487343,50.2862431321147,49.9772730670972,66.8850417754625,67.2425523371519,50.4888567869317,57.658040815362,63.3440340395574,48.8410820820586,50.6567330560777,67.1603061338351,66.2923326805626,65.2343883432939,67.1634325165186,64.7723919372725,43.1765413044007,60.1160326076678,67.3692075700701,56.2677215176765,66.5212219268624,47.8448670851525
46.8793515797917,65.201052339414,68.963552708602,58.3734984795385,61.9982602169914,60.8437507110847,65.0370009292554,66.2679107808754,40.4027724251671,60.9477445297895,63.3841425487343,50.2862431321147,49.9772730670972,66.8850417754625,67.2425523371519,50.4888567869317,57.658040815362,63.3440340395574,48.8410820820586,50.6567330560777,67.1603061338351,66.2923326805626,65.2343883432939,67.181915061673,64.7723919372725,43.1765413044007,60.1160326076678,67.3692075700701,56.2677215176765,66.5212219268624,47.8448670851525
46.8793515797917,65.201052339414,68.963552708602,58.3734984795385,62.9120191011944,61.2076288542828,65.0370009292554,66.2679107808754,40.4027724251671,60.9477445297895,63.3841425487343,50.3691165459066,49.9772730670972,66.8850417754625,67.7053905550038,50.4998262088656,57.658040815362,63.3440340395574,48.8410820820586,51.1520637752118,67.1603061338351,66.2923326805626,65.2343883432939,67.181915061673,64.7723919372725,43.1765413044007,60.1160326076678,67.3692075700701,56.2677215176765,66.5212219268624,47.8448670851525
46.8793515797917,65.201052339414,68.963552708602,61.2657283556859,62.9120191011944,61.2076288542828,65.0370009292554,66.2679107808754,40.4027724251671,60.9477445297895,63.3841425487343,50.3691165459066,49.9772730670972,66.8850417754625,67.7053905550038,50.5029200906014,57.658040815362,63.3440340395574,48.8410820820586,51.1520637752118,67.1603061338351,66.2923326805626,65.2343883432939,67.181915061673,64.7723919372725,43.1765413044007,60.1160326076678,67.3692075700701,56.3009665856939,66.5212219268624,47.8448670851525
46.8793515797917,65.2229896603393,68.963552708602,61.2657283556859,62.9120191011944,61.2076288542828,65.0370009292554,66.2679107808754,40.4027724251671,60.9477445297895,63.3841425487343,50.3691165459066,49.9772730670972,66.8850417754625,67.8823253609498,50.5029200906014,57.658040815362,63.393777185293,48.8410820820586,51.1520637752118,67.1603061338351,66.2923326805626,65.2343883432939,67.181915061673,64.7723919372725,43.290965331511,60.1160326076678,67.3692075700701,56.3009665856939,66.5212219268624,47.8448670851525
46.9205945299446,65.2229896603393,68.963552708602,61.2657283556859,62.9120191011944,61.2076288542828,65.0370009292554,66.2679107808754,40.4027724251671,61.0425341780057,63.3841425487343,50.3691165459066,49.9772730670972,66.8850417754625,67.8823253609498,50.5029200906014,57.658040815362,63.393777185293,48.8410820820586,51.1520637752118,67.1603061338351,66.2923326805626,65.2343883432939,67.211563735586,64.7723919372725,43.290965331511,60.1160326076678,67.3692075700701,56.3009665856939,66.5212219268624,47.8448670851525
46.9205945299446,65.2229896603393,68.963552708602,61.2657283556859,62.9120191011944,61.2076288542828,65.0370009292554,66.2679107808754,40.4178920537736,61.1367306380901,63.3841425487343,50.3691165459066,49.9772730670972,66.8850417754625,67.8823253609498,50.5029200906014,57.658040815362,63.393777185293,48.8410820820586,51.1520637752118,67.1603061338351,66.2923326805626,65.2343883432939,67.211563735586,64.7723919372725,43.290965331511,60.1237508884984,67.3692075700701,56.3009665856939,66.5212219268624,47.8448670851525
46.9205945299446,65.2229896603393,68.963552708602,61.2657283556859,62.9120191011944,61.5600938706145,65.0370009292554,66.2679107808754,40.4178920537736,61.1367306380901,63.3841425487343,50.3691165459066,49.9772730670972,66.8850417754625,67.8823253609498,50.5468760293064,57.658040815362,63.393777185293,48.8410820820586,51.1520637752118,67.1603061338351,66.2923326805626,65.2343883432939,67.211563735586,64.7723919372725,43.290965331511,60.2881199945281,67.3692075700701,56.3009665856939,66.5212219268624,47.8448670851525
46.9205945299446,65.2229896603393,68.963552708602,61.2657283556859,62.9120191011944,61.5600938706145,65.0370009292554,66.2679107808754,40.4178920537736,61.1367306380901,63.3841425487343,50.4888001724532,49.9772730670972,66.8850417754625,67.8823253609498,50.5468760293064,57.658040815362,63.393777185293,48.8410820820586,51.1520637752118,67.3019723308002,66.2923326805626,65.2343883432939,67.211563735586,64.7723919372725,43.290965331511,60.2881199945281,67.3692075700701,56.3009665856939,66.5212219268624,47.8448670851525
46.9205945299446,65.345414634193,69.0204970784244,61.2657283556859,62.9120191011944,61.5600938706145,65.0370009292554,66.2679107808754,40.4178920537736,61.1367306380901,63.3841425487343,50.4888001724532,50.3745687392045,66.8850417754625,67.8823253609498,50.5468760293064,57.658040815362,63.393777185293,48.8410820820586,51.1520637752118,67.3019723308002,66.2923326805626,65.2343883432939,67.211563735586,64.7723919372725,43.290965331511,60.2881199945281,67.3692075700701,56.3009665856939,66.5212219268624,47.8448670851525
46.9205945299446,65.345414634193,69.0204970784244,61.2657283556859,62.9120191011944,61.5600938706145,65.0370009292554,66.2679107808754,40.4178920537736,61.1367306380901,63.3841425487343,50.4888001724532,50.3745687392045,66.8850417754625,67.8823253609498,50.5468760293064,57.658040815362,63.4259219972124,48.8410820820586,51.1520637752118,67.3019723308002,66.2923326805626,65.2343883432939,67.211563735586,64.7723919372725,43.290965331511,60.2881199945281,67.3692075700701,56.3009665856939,66.5212219268624,47.8448670851525
46.9205945299446,65.345414634193,69.0204970784244,61.2657283556859,62.9120191011944,61.5600938706145,65.0370009292554,66.2679107808754,40.4178920537736,61.1367306380901,63.3841425487343,50.4888001724532,50.3745687392045,66.8850417754625,67.9520356244582,50.5468760293064,57.658040815362,63.4259219972124,48.8410820820586,51.1520637752118,67.3019723308002,66.2923326805626,65.2343883432939,67.2464757869391,64.7723919372725,43.3316295598352,60.2881199945281,67.3692075700701,56.3009665856939,66.5212219268624,47.8448670851525
46.9205945299446,65.345414634193,69.0204970784244,61.2657283556859,62.9120191011944,62.5038204287442,65.0370009292554,66.2679107808754,40.4178920537736,61.1367306380901,63.3841425487343,50.4888001724532,50.3745687392045,66.8850417754625,67.9520356244582,50.5468760293064,57.658040815362,63.4259219972124,48.8410820820586,51.1520637752118,67.3019723308002,66.2923326805626,65.2343883432939,67.2464757869391,64.7723919372725,43.3713799368431,60.2881199945281,67.3692075700701,56.3009665856939,66.5212219268624,47.95220187599
46.9205945299446,65.345414634193,69.0204970784244,61.2657283556859,62.9120191011944,62.5038204287442,65.091869796489,66.2679107808754,40.4178920537736,61.174407438683,63.3841425487343,50.4888001724532,50.3745687392045,66.8850417754625,67.9520356244582,50.5563263657949,57.6819532122079,63.4259219972124,48.8410820820586,51.1520637752118,67.3019723308002,66.2923326805626,65.2343883432939,67.2464757869391,65.201237196603,43.3713799368431,60.2881199945281,67.3692075700701,56.3009665856939,66.5212219268624,48.1138686638908
46.9205945299446,65.345414634193,69.1001971155343,61.2657283556859,62.9120191011944,62.5038204287442,65.091869796489,66.2679107808754,40.4178920537736,61.174407438683,63.3841425487343,50.4888001724532,50.3745687392045,66.8850417754625,67.9520356244582,50.5563263657949,57.7026357101385,63.4259219972124,48.8410820820586,51.1520637752118,67.3019723308002,66.2923326805626,65.2343883432939,67.2581844335655,65.201237196603,43.3713799368431,60.2903653583875,67.3692075700701,56.3009665856939,66.5212219268624,48.1138686638908
46.9205945299446,65.3556772557734,69.1001971155343,61.2657283556859,62.9120191011944,62.5038204287442,65.091869796489,66.2679107808754,40.4178920537736,61.174407438683,63.3841425487343,50.4888001724532,50.3745687392045,66.8850417754625,68.0314225338482,50.5563263657949,57.7026357101385,63.4259219972124,48.8410820820586,51.3189350718849,67.3019723308002,66.2923326805626,65.2343883432939,67.3341299217426,65.201237196603,43.3713799368431,60.2903653583875,67.3957496409989,56.3009665856939,66.5212219268624,48.1138686638908
46.9205945299446,65.3556772557734,69.1001971155343,61.2657283556859,62.9120191011944,62.9189291452654,65.091869796489,66.2679107808754,40.4178920537736,61.174407438683,63.3841425487343,50.4888001724532,50.3745687392045,66.8850417754625,68.1254807071447,50.5563263657949,57.7026357101385,63.4259219972124,48.8410820820586,51.3189350718849,67.3019723308002,66.2923326805626,65.2343883432939,67.3341299217426,65.201237196603,43.3713799368431,60.2903653583875,67.3957496409989,56.3009665856939,66.5212219268624,48.1138686638908
46.9205945299446,65.3556772557734,69.1001971155343,61.2657283556859,62.9120191011944,62.9189291452654,65.091869796489,66.2679107808754,40.4178920537736,61.174407438683,63.3841425487343,50.4888001724532,50.3745687392045,66.8949877655437,68.1254807071447,50.5563263657949,57.7026357101385,63.4259219972124,48.8410820820586,51.3189350718849,67.3019723308002,66.2923326805626,65.2343883432939,67.3341299217426,65.201237196603,43.3713799368431,60.2903653583875,67.3957496409989,56.3009665856939,66.5632272606811,48.1138686638908
46.9205945299446,65.3556772557734,69.1001971155343,61.2657283556859,62.9120191011944,62.9189291452654,65.091869796489,66.2679107808754,40.4178920537736,61.174407438683,63.3841425487343,50.4888001724532,50.3745687392045,66.9696720530922,68.3208968684656,50.5563263657949,57.7026357101385,63.4259219972124,48.8410820820586,51.3189350718849,67.3055413910618,66.2923326805626,65.2343883432939,67.3341299217426,65.201237196603,43.3713799368431,60.2903653583875,67.3957496409989,56.3009665856939,66.5632272606811,48.1138686638908
46.9205945299446,65.3556772557734,69.1001971155343,61.2657283556859,62.9120191011944,62.9189291452654,65.091869796489,66.538227919499,40.4178920537736,61.2412461626759,63.3841425487343,50.4888001724532,50.3745687392045,66.9696720530922,68.3208968684656,50.5563263657949,57.7026357101385,63.4259219972124,48.8410820820586,51.3189350718849,67.3055413910618,66.2923326805626,65.2343883432939,67.3341299217426,65.201237196603,43.5233285912804,60.2903653583875,67.3957496409989,56.3009665856939,66.5632272606811,48.1138686638908
46.9205945299446,65.3556772557734,69.1001971155343,61.2657283556859,62.9120191011944,62.9189291452654,65.091869796489,66.538227919499,40.4178920537736,61.2412461626759,63.3841425487343,50.4888001724532,50.5980352592862,66.9696720530922,68.4089958977371,50.5563263657949,57.7026357101385,63.4259219972124,48.8410820820586,51.3189350718849,67.3055413910618,66.2923326805626,65.2343883432939,67.3341299217426,65.201237196603,43.5233285912804,60.2903653583875,67.3957496409989,56.3009665856939,66.5632272606811,48.1162567171784
46.9205945299446,65.3556772557734,69.1001971155343,61.2657283556859,62.9120191011944,62.9189291452654,65.091869796489,66.538227919499,40.4178920537736,61.2412461626759,63.3841425487343,50.4888001724532,50.6543080958734,66.9696720530922,68.4089958977371,50.5563263657949,57.7026357101385,63.4259219972124,48.8410820820586,51.3189350718849,67.3055413910618,66.2923326805626,65.2343883432939,67.3341299217426,65.201237196603,43.5233285912804,60.2903653583875,67.3957496409989,56.3009665856939,66.5632272606811,48.1162567171784
46.9649460089662,65.3556772557734,69.1001971155343,61.2657283556859,63.2794134189356,62.9189291452654,65.091869796489,66.538227919499,40.4178920537736,61.2412461626759,63.3841425487343,50.4888001724532,50.6543080958734,66.9696720530922,68.4352532645547,50.5563263657949,57.8307428664271,63.4259219972124,48.8410820820586,51.3189350718849,67.37018618214,66.2923326805626,65.2343883432939,67.3341299217426,65.201237196603,43.5233285912804,60.3233958507702,67.3957496409989,56.3009665856939,66.5632272606811,48.1162567171784
46.9649460089662,65.3556772557734,69.1001971155343,61.2657283556859,63.2794134189356,62.9189291452654,65.091869796489,66.538227919499,40.4178920537736,61.2412461626759,63.3841425487343,50.4888001724532,50.6543080958734,67.0457597863867,68.4352532645547,50.5563263657949,57.90793535837,63.5568448828206,48.9959845181689,51.3189350718849,67.37018618214,66.359618583763,65.2343883432939,67.3341299217426,65.201237196603,43.5233285912804,60.3233958507702,67.3957496409989,56.3092426587438,66.5632272606811,48.1162567171784
46.9649460089662,65.3556772557734,69.1001971155343,61.2657283556859,63.2794134189356,62.9189291452654,65.091869796489,66.538227919499,40.4178920537736,61.2412461626759,63.6139379263995,50.4888001724532,50.6543080958734,67.0457597863867,68.4352532645547,50.5563263657949,57.90793535837,63.5568448828206,48.9959845181689,51.3189350718849,67.37018618214,66.359618583763,65.2343883432939,67.3341299217426,65.201237196603,43.5233285912804,60.3233958507702,67.3957496409989,56.3092426587438,66.5632272606811,48.1162567171784
46.9649460089662,65.3799219278163,69.1001971155343,61.2657283556859,63.2794134189356,62.9189291452654,65.091869796489,66.538227919499,40.4178920537736,61.2412461626759,63.6139379263995,50.4888001724532,50.6543080958734,67.0457597863867,68.4352532645547,50.5563263657949,57.9342122892914,63.5568448828206,48.9959845181689,51.3189350718849,67.37018618214,66.359618583763,65.2343883432939,67.3643873740591,65.7520848644093,43.5404138700091,60.3233958507702,67.3957496409989,56.3092426587438,66.5632272606811,48.1162567171784
46.9649460089662,65.4520163213504,69.1001971155343,61.2657283556859,63.2794134189356,63.2989984453759,65.091869796489,66.538227919499,40.4178920537736,61.2412461626759,63.6139379263995,50.4888001724532,50.6543080958734,67.0457597863867,68.4352532645547,50.5563263657949,58.0392601656107,63.5568448828206,48.9959845181689,51.3189350718849,67.37018618214,66.359618583763,65.2343883432939,67.3643873740591,65.7520848644093,43.5404138700091,60.3233958507702,67.3957496409989,56.3092426587438,66.5632272606811,48.1162567171784
46.9649460089662,65.4520163213504,69.2274837601053,61.2657283556859,63.2794134189356,63.2989984453759,65.091869796489,66.5573296128049,40.4178920537736,61.2412461626759,63.6139379263995,50.5449236947539,50.6543080958734,67.0457597863867,68.4352532645547,50.5563263657949,58.0392601656107,63.5568448828206,48.9959845181689,51.3189350718849,67.4860775869654,66.3746620124483,65.2343883432939,67.3643873740591,65.7520848644093,43.5404138700091,60.3233958507702,67.3957496409989,56.3092426587438,66.5942317719224,48.1162567171784
46.9649460089662,65.4520163213504,69.2274837601053,61.2657283556859,63.2794134189356,63.2989984453759,65.091869796489,66.5573296128049,40.4178920537736,61.2412461626759,63.6139379263995,50.5449236947539,50.6543080958734,67.0457597863867,68.4352532645547,50.5563263657949,58.0392601656107,63.5568448828206,49.0603310114353,51.3189350718849,67.4860775869654,66.3746620124483,65.2343883432939,67.5198978323479,65.7520848644093,43.5404138700091,60.3339918003381,67.3957496409989,56.3092426587438,66.7120565536553,48.3303137580068
46.9649460089662,65.4525764512052,69.2274837601053,61.7677613615658,63.3787347125297,63.2989984453759,65.091869796489,66.5573296128049,40.4178920537736,61.2412461626759,63.6139379263995,50.5449236947539,50.6543080958734,67.0457597863867,68.4352532645547,50.5563263657949,58.0930228615827,63.5568448828206,49.0603310114353,51.3189350718849,67.4860775869654,66.3746620124483,65.2343883432939,67.5198978323479,65.7520848644093,43.5404138700091,60.3339918003381,67.3957496409989,56.3092426587438,66.7120565536553,48.3303137580068
46.9649460089662,65.4525764512052,69.2274837601053,61.7677613615658,63.3787347125297,63.2989984453759,65.091869796489,66.5573296128049,40.4178920537736,61.3136607166839,63.6139379263995,50.5449236947539,50.6543080958734,67.0457597863867,68.475513092702,50.5563263657949,58.0930228615827,63.5568448828206,49.0603310114353,51.3189350718849,67.4860775869654,66.3746620124483,65.2343883432939,67.5198978323479,65.7520848644093,43.5404138700091,60.3339918003381,67.3957496409989,56.3401917848246,66.7120565536553,48.3303137580068
46.9649460089662,65.4525764512052,69.2274837601053,61.7677613615658,63.3787347125297,63.6951952200286,65.091869796489,66.5573296128049,40.4178920537736,61.3136607166839,63.6139379263995,50.5449236947539,50.6543080958734,67.0457597863867,68.475513092702,50.5697840515621,58.0930228615827,63.5568448828206,49.0603310114353,51.3189350718849,67.4860775869654,66.3746620124483,65.2343883432939,67.542567577329,65.7858507501302,43.5404138700091,60.3339918003381,67.3957496409989,56.3401917848246,66.7120565536553,48.3303137580068
46.9649460089662,65.4525764512052,69.2274837601053,61.7677613615658,63.3787347125297,63.6951952200286,65.1014058435679,66.5573296128049,40.4377971568961,61.3136607166839,63.6139379263995,50.5449236947539,50.6543080958734,67.0457597863867,68.475513092702,50.5697840515621,58.0930228615827,63.5568448828206,49.0603310114353,51.3189350718849,67.4906603459929,66.4654346554358,65.2343883432939,67.542567577329,65.7858507501302,43.689165473649,60.3339918003381,67.3957496409989,56.3401917848246,66.7120565536553,48.3303137580068
46.9649460089662,65.4525764512052,69.2274837601053,61.7677613615658,63.3787347125297,63.6951952200286,65.1014058435679,66.5573296128049,40.4500732037608,61.3136607166839,63.6139379263995,50.6336141970886,50.6543080958734,67.0457597863867,68.475513092702,50.5697840515621,58.0930228615827,63.5568448828206,49.0603310114353,51.3189350718849,67.4906603459929,66.4654346554358,65.2343883432939,67.542567577329,65.7858507501302,43.7188852343222,60.3339918003381,67.3957496409989,56.3401917848246,66.7120565536553,48.3303137580068
46.9649460089662,65.4525764512052,69.2274837601053,61.7677613615658,63.3787347125297,63.6951952200286,65.1014058435679,66.5573296128049,40.4500732037608,61.3136607166839,63.6139379263995,50.6336141970886,50.6543080958734,67.0457597863867,68.475513092702,50.5697840515621,58.1043206926907,63.5568448828206,49.3435103923954,51.3189350718849,67.4906603459929,66.4654346554358,65.2343883432939,67.54963255375,65.7858507501302,43.7188852343222,60.3339918003381,67.3957496409989,56.3401917848246,66.7120565536553,48.4689349817523
46.9649460089662,65.4525764512052,69.2664684013746,61.7677613615658,63.5394891135985,63.6951952200286,65.1014058435679,66.5573296128049,40.4500732037608,61.4059263610327,63.6139379263995,50.6336141970886,50.6543080958734,67.0457597863867,68.478813296168,50.5724202655152,58.1043206926907,63.5568448828206,49.3435103923954,51.4192937314806,67.4906603459929,66.4654346554358,65.8695832681962,67.54963255375,65.7858507501302,43.7188852343222,60.3512689151033,67.3957496409989,56.3549662718315,66.7120565536553,48.4689349817523
46.9649460089662,65.4525764512052,69.2664684013746,61.7677613615658,63.5394891135985,63.6951952200286,65.1014058435679,66.5573296128049,40.4500732037608,61.4059263610327,63.6139379263995,50.6336141970886,50.6543080958734,67.0457597863867,68.478813296168,50.5724202655152,58.1043206926907,63.7622732194776,49.3435103923954,51.4192937314806,67.4906603459929,66.4768258953809,65.8695832681962,67.54963255375,65.7858507501302,43.7188852343222,60.3512689151033,68.0401817106402,56.3549662718315,66.7120565536553,48.4689349817523
46.9649460089662,65.4525764512052,69.2664684013746,61.7677613615658,63.5394891135985,63.6951952200286,65.1014058435679,66.5573296128049,40.4500732037608,61.4059263610327,63.6139379263995,50.6336141970886,50.6543080958734,67.0457597863867,68.478813296168,50.5724202655152,58.1043206926907,63.7622732194776,49.3435103923954,51.4192937314806,67.4906603459929,66.4768258953809,65.8695832681962,67.54963255375,66.6750793726953,43.7188852343222,60.3512689151033,68.0401817106402,56.3549662718315,66.7120565536553,48.4689349817523
46.9649460089662,65.4525764512052,69.2664684013746,61.7677613615658,63.5394891135985,63.6951952200286,65.1014058435679,66.5573296128049,40.4500732037608,61.4059263610327,63.6139379263995,50.6336141970886,50.6543080958734,67.0457597863867,68.478813296168,50.5724202655152,58.1043206926907,63.7622732194776,49.3435103923954,51.4192937314806,67.4906603459929,66.4768258953809,65.8695832681962,67.54963255375,66.6750793726953,43.7188852343222,60.3512689151033,68.0401817106402,56.3549662718315,66.8020089905852,48.4689349817523
47.0359085668371,65.4525764512052,69.2664684013746,61.7677613615658,63.5394891135985,63.6951952200286,65.1014058435679,66.6799766341848,40.4500732037608,61.4059263610327,63.6139379263995,50.7329174957893,50.7522958452384,67.0457597863867,68.4855474004155,50.5724202655152,58.1043206926907,63.7622732194776,49.3435103923954,51.4192937314806,67.4906603459929,66.4768258953809,65.8695832681962,67.54963255375,66.6750793726953,43.7188852343222,60.3512689151033,68.0401817106402,56.3549662718315,66.8020089905852,48.4689349817523
47.0359085668371,65.4525764512052,69.2664684013746,61.7677613615658,63.5394891135985,63.74216459457,65.1014058435679,66.6799766341848,40.4500732037608,61.4059263610327,63.6139379263995,50.7329174957893,50.7522958452384,67.0457597863867,68.4855474004155,50.5724202655152,58.152288956103,63.7622732194776,49.3435103923954,51.4192937314806,67.4906603459929,66.4768258953809,65.8695832681962,67.54963255375,66.6750793726953,43.7188852343222,60.3512689151033,68.0401817106402,56.3549662718315,66.8020089905852,48.4741123401221
47.0359085668371,65.4525764512052,69.2664684013746,61.7677613615658,63.760387559963,63.74216459457,65.1462575893796,66.6799766341848,40.4500732037608,61.4059263610327,63.6139379263995,50.7329174957893,50.7522958452384,67.1114472839745,68.5469138640612,50.5724202655152,58.152288956103,63.7622732194776,49.3435103923954,51.4192937314806,67.4906603459929,66.4768258953809,65.9432744961617,67.5501245119246,66.6750793726953,43.7298964958844,60.4600282247807,68.0401817106402,56.3549662718315,66.8020089905852,48.4741123401221
47.0359085668371,65.4525764512052,69.2664684013746,61.7677613615658,63.760387559963,63.74216459457,65.1462575893796,66.6799766341848,40.4500732037608,61.4059263610327,63.6139379263995,50.7329174957893,50.7522958452384,67.1114472839745,68.5469138640612,50.5724202655152,58.152288956103,63.7622732194776,49.3435103923954,51.4192937314806,67.5372736911032,66.5646519136113,65.9432744961617,67.5501245119246,66.6750793726953,43.805791541146,60.4600282247807,68.0401817106402,56.3549662718315,66.8020089905852,48.4741123401221
47.0359085668371,65.5111335915217,69.2664684013746,61.7677613615658,63.760387559963,63.74216459457,65.1462575893796,66.6799766341848,40.4500732037608,61.4059263610327,63.6139379263995,50.7329174957893,50.7522958452384,67.1114472839745,68.5469138640612,50.5827450828416,58.152288956103,63.7622732194776,49.3435103923954,51.4192937314806,67.5372736911032,66.5646519136113,65.9432744961617,67.5501245119246,66.6750793726953,43.805791541146,60.4600282247807,68.0401817106402,56.3549662718315,66.8020089905852,48.4741123401221
47.0359085668371,65.5111335915217,69.2664684013746,61.7677613615658,63.760387559963,63.74216459457,65.1462575893796,66.6799766341848,40.4500732037608,61.4059263610327,63.6139379263995,50.7329174957893,50.7522958452384,67.1114472839745,68.5469138640612,50.5827450828416,58.152288956103,63.7622732194776,49.3435103923954,51.4192937314806,67.5372736911032,66.5646519136113,65.9432744961617,67.5501245119246,66.6750793726953,43.805791541146,60.4600282247807,68.0401817106402,56.3549662718315,66.8020089905852,48.4741123401221
47.0573561938087,65.5111335915217,69.2664684013746,61.7677613615658,63.760387559963,63.74216459457,65.1462575893796,66.6799766341848,40.4500732037608,61.4059263610327,63.6139379263995,50.7329174957893,50.7522958452384,67.1114472839745,68.5521581948715,50.5827450828416,58.152288956103,63.7622732194776,49.3435103923954,51.4192937314806,67.5372736911032,66.5646519136113,65.9432744961617,67.5501245119246,66.6750793726953,43.805791541146,60.4600282247807,68.0401817106402,56.3572283476991,66.8020089905852,48.4741123401221
47.0573561938087,65.5111335915217,69.2664684013746,61.7677613615658,63.760387559963,63.74216459457,65.1462575893796,66.6799766341848,40.4500732037608,61.6146895640919,63.9697472245307,50.7329174957893,50.7522958452384,67.1114472839745,68.5737537495168,50.5827450828416,58.1749065436231,63.7622732194776,49.3435103923954,51.4192937314806,67.5372736911032,66.5646519136113,65.9432744961617,67.5501245119246,66.6750793726953,43.805791541146,60.4600282247807,68.0401817106402,56.3572283476991,66.8020089905852,48.4741123401221
47.0573561938087,65.5111335915217,69.2664684013746,61.7677613615658,63.760387559963,63.74216459457,65.1462575893796,66.6816898136329,40.4500732037608,61.6146895640919,64.0061767692669,50.7329174957893,50.7522958452384,67.1306342314851,68.5737537495168,50.5827450828416,58.1749065436231,63.7622732194776,49.3435103923954,51.4192937314806,67.5372736911032,66.6134290009451,65.9432744961617,67.569409224561,66.6750793726953,43.805791541146,60.4600282247807,68.0401817106402,56.3572283476991,66.9282413841681,48.7861713902374
47.2537426247138,65.5111335915217,69.2664684013746,61.7677613615658,63.760387559963,63.74216459457,65.1462575893796,66.6816898136329,40.4500732037608,61.6146895640919,64.0061767692669,50.7329174957893,50.7522958452384,67.1759142908197,68.5744027342508,50.5827450828416,58.1749065436231,63.7622732194776,49.3808611549684,51.4192937314806,67.5372736911032,66.6134290009451,65.9432744961617,67.569409224561,66.6750793726953,43.805791541146,60.5243393294653,68.0401817106402,56.3572283476991,66.9282413841681,48.7861713902374
47.2537426247138,65.5111335915217,69.2664684013746,61.7677613615658,63.760387559963,63.74216459457,65.1462575893796,66.6816898136329,40.4500732037608,61.6146895640919,64.0061767692669,50.8467753888419,50.7522958452384,67.1759142908197,68.5744027342508,50.584637278883,58.1749065436231,63.7622732194776,49.3808611549684,51.4192937314806,67.5372736911032,66.6134290009451,65.9432744961617,67.569409224561,66.6750793726953,43.805791541146,60.5243393294653,68.0401817106402,56.3572283476991,66.9282413841681,48.7861713902374
47.2537426247138,65.5111335915217,69.2664684013746,61.7677613615658,63.760387559963,63.8565429513939,65.1462575893796,66.6816898136329,40.4500732037608,61.6146895640919,64.0061767692669,50.8467753888419,50.7522958452384,67.1759142908197,68.6038492827141,50.5888919623559,58.1749065436231,63.7622732194776,49.3808611549684,51.4192937314806,67.5372736911032,66.6134290009451,65.9432744961617,67.569409224561,66.6750793726953,43.805791541146,60.5243393294653,68.0401817106402,56.3572283476991,66.9282413841681,48.7861713902374
47.2537426247138,65.5111335915217,69.2664684013746,61.7677613615658,63.760387559963,63.8565429513939,65.1462575893796,66.6816898136329,40.4500732037608,61.6146895640919,64.0061767692669,50.8467753888419,50.7522958452384,67.1759142908197,68.6038492827141,50.6013564693697,58.1859004906735,63.7622732194776,49.3808611549684,51.4192937314806,67.5372736911032,66.6134290009451,65.9432744961617,67.569409224561,66.6750793726953,43.8448705598142,60.5243393294653,68.0401817106402,56.3572283476991,66.9282413841681,48.7861713902374
47.2537426247138,65.5111335915217,69.2664684013746,61.7677613615658,63.760387559963,63.8565429513939,65.1462575893796,66.6816898136329,40.4500732037608,61.6146895640919,64.0061767692669,50.8467753888419,50.7522958452384,67.1759142908197,68.6038492827141,50.6013564693697,58.1859004906735,63.8187230480355,49.3808611549684,51.4192937314806,67.5372736911032,66.6134290009451,65.9432744961617,67.569409224561,66.6750793726953,43.8563859305552,60.5243393294653,68.0401817106402,56.3632006840329,66.9282413841681,48.7861713902374
47.2537426247138,65.5111335915217,69.2664684013746,61.7677613615658,63.760387559963,63.8565429513939,65.1462575893796,66.6816898136329,40.4500732037608,61.6146895640919,64.0061767692669,50.8467753888419,50.7522958452384,67.1759142908197,68.6038492827141,50.6038123707161,58.1859004906735,63.8187230480355,49.3808611549684,51.4192937314806,67.5372736911032,66.6134290009451,65.9432744961617,67.569409224561,66.6750793726953,43.8563859305552,60.5243393294653,68.0401817106402,56.3632006840329,66.9282413841681,48.7861713902374
47.2537426247138,65.5111335915217,69.2664684013746,61.7677613615658,63.760387559963,63.8565429513939,65.1462575893796,66.6816898136329,40.4500732037608,61.6146895640919,64.0061767692669,50.8467753888419,50.7522958452384,67.1759142908197,68.6038492827141,50.6038123707161,58.1859004906735,63.8187230480355,49.3808611549684,51.4192937314806,67.5372736911032,66.6134290009451,65.9432744961617,67.569409224561,66.6750793726953,43.8563859305552,60.5243393294653,68.0401817106402,56.3632006840329,66.9282413841681,49.0600440310544
47.2537426247138,65.5213128089531,69.2664684013746,61.7677613615658,63.760387559963,64.1107573868731,65.1462575893796,66.6816898136329,40.4500732037608,61.6146895640919,64.9620857237579,50.8467753888419,50.7522958452384,67.1759142908197,68.6038492827141,50.6057141675359,58.1859004906735,63.8187230480355,49.3808611549684,51.4192937314806,67.5372736911032,66.6134290009451,66.2825635151138,67.569409224561,66.6750793726953,43.8563859305552,60.5243393294653,68.0401817106402,56.3632006840329,66.9282413841681,49.0600440310544
47.2537426247138,65.5213128089531,69.2664684013746,61.7677613615658,63.760387559963,64.1107573868731,65.1462575893796,66.6816898136329,41.1663999728423,61.6146895640919,64.9620857237579,50.8467753888419,50.7522958452384,67.1759142908197,68.6038492827141,50.6057141675359,58.1859004906735,63.8187230480355,49.3808611549684,51.4192937314806,67.5372736911032,66.6134290009451,66.2825635151138,67.569409224561,66.6750793726953,43.8563859305552,60.5243393294653,68.0401817106402,56.3632006840329,66.9282413841681,49.0600440310544
47.2537426247138,65.5213128089531,69.2664684013746,61.7677613615658,63.760387559963,64.1107573868731,65.2289251768179,66.6816898136329,41.1663999728423,61.6146895640919,64.9620857237579,50.8467753888419,50.7522958452384,67.1759142908197,68.6073030326088,50.6057141675359,58.1859004906735,63.8187230480355,49.3808611549684,51.4192937314806,67.5372736911032,66.6134290009451,66.2825635151138,67.5975426327708,66.6750793726953,43.8563859305552,60.5243393294653,68.2014407811726,56.3789573348374,66.9282413841681,49.0600440310544
47.2537426247138,65.5213128089531,69.2664684013746,61.7677613615658,63.760387559963,64.1107573868731,65.2289251768179,66.6816898136329,41.1663999728423,61.6146895640919,64.9620857237579,50.8467753888419,52.9001140072938,67.1759142908197,68.6164305019818,50.6057141675359,58.1859004906735,63.8187230480355,49.3808611549684,51.4192937314806,67.5372736911032,66.6134290009451,66.2825635151138,67.623415407182,66.6750793726953,43.8563859305552,60.5243393294653,68.2014407811726,56.3789573348374,66.9282413841681,49.0600440310544
47.2537426247138,65.5213128089531,69.2664684013746,61.7677613615658,63.760387559963,64.1107573868731,65.2289251768179,66.6816898136329,41.1663999728423,61.6146895640919,64.9620857237579,50.8467753888419,52.9001140072938,67.1759142908197,68.6193090302632,50.6231396095062,58.1859004906735,63.8187230480355,49.3808611549684,51.4192937314806,67.5372736911032,66.6134290009451,66.2825635151138,67.623415407182,66.6750793726953,43.8563859305552,60.5520708521069,68.2014407811726,56.3789573348374,66.9282413841681,49.0600440310544
47.2537426247138,65.5213128089531,69.2664684013746,63.3080693115665,63.760387559963,64.2274741943232,65.2289251768179,66.6816898136329,41.1663999728423,61.6146895640919,64.9620857237579,50.8467753888419,52.9001140072938,67.1759142908197,68.6193090302632,50.6231396095062,58.1859004906735,63.8187230480355,49.3808611549684,51.4192937314806,67.5372736911032,66.6134290009451,66.2825635151138,67.623415407182,66.6750793726953,43.8563859305552,60.5683895514944,68.2014407811726,56.3789573348374,66.9282413841681,49.0600440310544
47.2537426247138,65.5213128089531,69.2664684013746,63.3080693115665,63.760387559963,64.2274741943232,65.2289251768179,66.6816898136329,41.1663999728423,61.6146895640919,64.9620857237579,50.8467753888419,52.9001140072938,67.3641009383561,68.6193090302632,50.6231396095062,58.1859004906735,63.8187230480355,49.3808611549684,51.4192937314806,67.5736375601568,66.6134290009451,66.4940668984532,67.623415407182,66.6750793726953,43.8563859305552,60.5683895514944,68.2014407811726,56.3789573348374,66.9282413841681,49.0600440310544
47.2537426247138,65.5213128089531,69.2664684013746,63.3080693115665,63.760387559963,64.2274741943232,65.2289251768179,66.6816898136329,41.1663999728423,61.6146895640919,64.9620857237579,50.8467753888419,52.9001140072938,67.3641009383561,68.6193090302632,50.6231396095062,58.268099420675,63.8187230480355,49.3808611549684,51.4354503126873,67.5736375601568,66.6134290009451,66.4940668984532,67.623415407182,66.6750793726953,43.8563859305552,60.5683895514944,68.2014407811726,56.3928191968884,66.9282413841681,49.0600440310544
47.2537426247138,65.5213128089531,69.2664684013746,63.3080693115665,63.760387559963,64.2274741943232,65.2289251768179,66.6816898136329,41.1663999728423,61.6146895640919,64.9620857237579,50.8467753888419,52.9001140072938,67.3641009383561,68.6193090302632,50.6231396095062,58.268099420675,63.8187230480355,49.4940435025473,51.4527909837519,67.5736375601568,66.6134290009451,66.4940668984532,67.623415407182,66.6750793726953,43.8563859305552,60.5683895514944,68.2014407811726,56.3928191968884,66.9282413841681,49.0600440310544
47.2537426247138,65.5213128089531,69.2664684013746,63.3080693115665,63.760387559963,64.2274741943232,65.2289251768179,66.6816898136329,41.3353434709128,61.6146895640919,64.9620857237579,50.8467753888419,52.9001140072938,67.3641009383561,68.6193090302632,50.6231396095062,58.268099420675,63.8187230480355,49.4940435025473,51.4527909837519,67.5736375601568,66.6134290009451,66.4940668984532,67.623415407182,66.6750793726953,43.8563859305552,60.5683895514944,68.2014407811726,56.3928191968884,66.9282413841681,49.0600440310544
47.2537426247138,65.5213128089531,69.2664684013746,63.3080693115665,63.760387559963,64.2274741943232,65.2422456270615,66.6816898136329,41.3353434709128,61.6146895640919,64.9620857237579,50.8467753888419,52.9001140072938,67.3641009383561,68.6193090302632,50.6231396095062,58.268099420675,63.8187230480355,49.4940435025473,51.4527909837519,67.6229500525036,66.6134290009451,66.4940668984532,67.623415407182,66.6750793726953,43.8563859305552,60.5683895514944,68.2014407811726,56.3928191968884,66.9282413841681,49.0600440310544
47.2537426247138,65.5213128089531,69.2717331668547,63.3080693115665,63.760387559963,64.2274741943232,65.2422456270615,66.6816898136329,41.3353434709128,61.6146895640919,64.9620857237579,50.8467753888419,52.9001140072938,67.3641009383561,68.6193090302632,50.6231396095062,58.268099420675,63.8187230480355,49.4940435025473,51.4527909837519,67.6229500525036,66.6134290009451,66.4940668984532,67.623415407182,66.6750793726953,43.8563859305552,60.5683895514944,68.2014407811726,56.3928191968884,66.9508582808639,49.0600440310544
47.2712056072744,65.5213128089531,69.2717331668547,63.3080693115665,63.760387559963,64.2274741943232,65.2422456270615,66.8032774307532,41.3353434709128,61.756262155455,64.9620857237579,50.8467753888419,52.9001140072938,67.3641009383561,68.6193090302632,50.6231396095062,58.268099420675,63.8187230480355,49.4940435025473,51.4527909837519,67.6229500525036,66.6134290009451,66.4940668984532,67.623415407182,66.6750793726953,43.8563859305552,60.5683895514944,68.2014407811726,56.3985119445672,66.9508582808639,49.0600440310544
47.2712056072744,65.5213128089531,69.2717331668547,63.3080693115665,63.760387559963,64.2274741943232,65.2422456270615,66.8032774307532,41.3353434709128,61.756262155455,64.9620857237579,50.8467753888419,52.9001140072938,67.3641009383561,68.6203005377677,50.6231396095062,58.268099420675,63.8187230480355,49.4940435025473,51.4527909837519,67.6229500525036,66.6134290009451,66.4940668984532,67.623415407182,66.6750793726953,43.8563859305552,60.5683895514944,68.2014407811726,56.3985119445672,66.9508582808639,49.0600440310544
47.2712056072744,65.534374339949,69.2717331668547,63.3080693115665,63.760387559963,64.2274741943232,65.2422456270615,66.8032774307532,41.3353434709128,61.756262155455,64.9620857237579,50.8467753888419,52.9001140072938,67.3641009383561,68.6203005377677,50.6231396095062,58.268099420675,63.8187230480355,49.4940435025473,51.4527909837519,67.6229500525036,66.6134290009451,66.4940668984532,67.623415407182,66.6750793726953,43.8563859305552,60.5844043239507,68.2014407811726,56.3985119445672,66.9508582808639,49.0600440310544
47.2712056072744,65.534374339949,69.2717331668547,63.3080693115665,63.760387559963,64.2274741943232,65.2422456270615,66.8032774307532,41.3353434709128,61.756262155455,64.9620857237579,50.8467753888419,52.9001140072938,67.3641009383561,68.6203005377677,50.6231396095062,58.268099420675,63.8187230480355,49.4940435025473,51.4527909837519,67.6244638180334,66.6134290009451,66.4940668984532,67.623415407182,66.6750793726953,43.8563859305552,60.5844043239507,68.2014407811726,56.3985119445672,66.9508582808639,49.0600440310544
47.2712056072744,65.534374339949,69.2717331668547,63.3080693115665,63.760387559963,64.2644435272824,65.2422456270615,66.8032774307532,41.3353434709128,61.7563442777289,64.9620857237579,50.8467753888419,52.9001140072938,67.3641009383561,68.6313814394538,50.6231396095062,58.268099420675,63.8187230480355,49.5148551224888,51.4527909837519,67.6244638180334,66.6338637859043,66.4940668984532,67.623415407182,66.7520521328209,43.8563859305552,60.5844043239507,68.2085848569975,56.3985119445672,66.9508582808639,49.0600440310544
47.2712056072744,65.534374339949,69.2717331668547,63.3080693115665,63.760387559963,64.2814654061782,65.2422456270615,66.8032774307532,41.3353434709128,61.7563442777289,64.9620857237579,50.8467753888419,52.9001140072938,67.3641009383561,68.6313814394538,50.6231396095062,58.268099420675,63.8187230480355,49.5148551224888,51.4812849102616,67.6244638180334,66.6338637859043,66.4940668984532,67.623415407182,66.7520521328209,43.8563859305552,60.5844043239507,68.2085848569975,56.3985119445672,66.9508582808639,49.0600440310544
47.2712056072744,65.534374339949,69.2717331668547,63.3080693115665,63.8154614140804,64.2814654061782,65.2422456270615,66.8032774307532,41.3353434709128,61.7563442777289,64.9620857237579,50.8467753888419,52.9001140072938,67.3641009383561,68.6313814394538,50.6231396095062,58.268099420675,63.8187230480355,49.5148551224888,51.4812849102616,67.6244638180334,66.6338637859043,66.4940668984532,67.623415407182,66.7520521328209,43.8563859305552,60.5844043239507,68.2085848569975,56.3985119445672,66.9508582808639,49.0600440310544
47.2712056072744,65.534374339949,69.2717331668547,63.3080693115665,63.8154614140804,64.2814654061782,65.2605148502834,66.8032774307532,41.3353434709128,61.7563442777289,64.9620857237579,50.8467753888419,52.9001140072938,67.3641009383561,68.6313814394538,50.6231396095062,58.268099420675,63.8187230480355,49.5148551224888,51.4812849102616,67.6244638180334,66.6338637859043,66.5904055436693,67.623415407182,66.7520521328209,43.8563859305552,60.5844043239507,68.2085848569975,56.3985119445672,66.9508582808639,49.0600440310544
47.2924975441262,65.534374339949,69.2717331668547,63.3080693115665,63.8154614140804,64.2814654061782,65.2605148502834,66.8032774307532,41.9354189020544,61.7563442777289,64.9620857237579,50.8467753888419,52.9001140072938,67.3641009383561,68.6313814394538,50.6231396095062,58.268099420675,63.8187230480355,49.5148551224888,51.4812849102616,67.6244638180334,66.6395759003956,66.5904055436693,67.623415407182,66.7520521328209,43.8563859305552,60.5844043239507,68.2085848569975,56.3985119445672,66.9508582808639,49.0600440310544
47.2924975441262,65.5649008753041,69.2717331668547,63.3080693115665,63.8154614140804,64.2814654061782,65.2605148502834,66.8032774307532,41.9354189020544,61.7563442777289,64.9620857237579,50.8467753888419,52.9001140072938,67.3641009383561,68.6313814394538,50.6231396095062,58.2735355485777,63.8187230480355,49.5469589820749,51.4812849102616,67.6244638180334,66.6395759003956,66.5904055436693,67.623415407182,66.7520521328209,43.8563859305552,60.5844043239507,68.2085848569975,56.3985119445672,66.9508582808639,49.0600440310544
47.2924975441262,65.5649008753041,69.2717331668547,63.3080693115665,63.8154614140804,64.2814654061782,65.2605148502834,66.8032774307532,41.9354189020544,61.7563442777289,64.9620857237579,50.8467753888419,52.9001140072938,67.3641009383561,68.6313814394538,50.6231396095062,58.2735355485777,63.8187230480355,49.8385905089427,51.4812849102616,67.6244638180334,66.6395759003956,66.5904055436693,67.623415407182,66.7520521328209,43.8563859305552,60.5844043239507,68.2085848569975,56.4061403071919,66.9508582808639,49.0600440310544
47.2924975441262,65.5649008753041,69.2717331668547,63.3080693115665,63.8154614140804,64.2814654061782,65.2605148502834,66.8032774307532,41.9354189020544,61.7563442777289,64.9620857237579,50.8467753888419,52.9001140072938,67.3641009383561,68.6313814394538,50.6231396095062,58.2735355485777,63.8187230480355,49.8385905089427,51.4812849102616,67.6244638180334,66.6395759003956,66.5904055436693,67.623415407182,66.7520521328209,43.8563859305552,60.5844043239507,68.7204845107468,56.4061403071919,66.9508582808639,49.0600440310544
47.2924975441262,65.5649008753041,69.2717331668547,63.3080693115665,63.8154614140804,64.2814654061782,65.2605148502834,66.8032774307532,41.9354189020544,61.7563442777289,64.9620857237579,50.8467753888419,52.9001140072938,67.3641009383561,68.6313814394538,50.6231396095062,58.2735355485777,63.8187230480355,49.8385905089427,51.4812849102616,67.6244638180334,66.6395759003956,66.5904055436693,67.623415407182,66.8297682160619,43.8563859305552,60.5844043239507,68.7204845107468,56.4061403071919,66.9508582808639,49.0600440310544
47.2924975441262,65.5649008753041,69.2996040273902,63.3080693115665,63.8154614140804,64.2814654061782,65.2605148502834,66.8032774307532,41.9354189020544,61.7563442777289,64.9620857237579,50.8467753888419,52.9001140072938,67.3641009383561,68.6313814394538,50.6231396095062,58.2735355485777,63.8187230480355,49.8385905089427,51.4812849102616,67.6244638180334,66.6427742375547,66.5904055436693,67.623415407182,66.8297682160619,43.8588869535783,60.5844043239507,68.7204845107468,56.4061403071919,66.9508582808639,49.0600440310544
47.2924975441262,65.5649008753041,69.2996040273902,63.3080693115665,64.0037834841894,64.2814654061782,65.2605148502834,66.8032774307532,41.9354189020544,61.7563442777289,64.9620857237579,50.8467753888419,52.9001140072938,67.3641009383561,68.6313814394538,50.6231396095062,58.2735355485777,63.8187230480355,49.8385905089427,51.4812849102616,67.6244638180334,66.6427742375547,66.5904055436693,67.623415407182,66.8297682160619,43.8588869535783,60.590478522655,68.7204845107468,56.4061403071919,66.9808124205597,49.0600440310544
47.305659365974,65.5649008753041,69.2996040273902,63.3080693115665,64.0037834841894,64.2814654061782,65.2605148502834,66.8032774307532,41.9354189020544,61.7563442777289,64.9620857237579,50.8467753888419,52.9001140072938,67.3641009383561,68.6313814394538,50.6231396095062,58.2735355485777,63.8187230480355,49.8385905089427,51.4812849102616,67.6244638180334,66.6427742375547,66.5904055436693,67.623415407182,66.8297682160619,43.8588869535783,60.590478522655,68.7204845107468,56.4061403071919,66.9808124205597,49.0600440310544
47.305659365974,65.5703899627371,69.2996040273902,63.3080693115665,64.0037834841894,64.2814654061782,65.2605148502834,66.8032774307532,41.9354189020544,61.7563442777289,64.9620857237579,50.8467753888419,52.9001140072938,67.3641009383561,68.6313814394538,50.6231396095062,58.2735355485777,63.8187230480355,49.8385905089427,51.4812849102616,67.6244638180334,66.6427742375547,66.5904055436693,67.623415407182,66.8297682160619,43.8588869535783,60.590478522655,68.7204845107468,56.4061403071919,66.9808124205597,49.0600440310544
47.305659365974,65.5703899627371,69.2996040273902,63.3080693115665,64.0037834841894,64.2814654061782,65.2605148502834,66.8032774307532,41.9354189020544,61.7563442777289,64.9620857237579,50.8908640788628,52.9001140072938,67.3641009383561,68.6313814394538,50.6231396095062,58.2735355485777,63.8187230480355,49.8385905089427,51.4812849102616,67.6244638180334,66.6427742375547,66.5904055436693,67.623415407182,66.8297682160619,43.8588869535783,60.590478522655,68.7204845107468,56.4061403071919,66.9808124205597,49.0600440310544
47.305659365974,65.5703899627371,69.2996040273902,63.3080693115665,64.0037834841894,64.2814654061782,65.2605148502834,66.8032774307532,41.9354189020544,61.7563442777289,64.9620857237579,50.8908640788628,54.2842433128712,67.3641009383561,68.6313814394538,50.6231396095062,58.3114404012836,63.8187230480355,49.8385905089427,51.4812849102616,67.6244638180334,66.6446193250452,66.5904055436693,67.623415407182,66.8297682160619,43.8588869535783,60.590478522655,68.7204845107468,56.4061403071919,66.9808124205597,49.0600440310544
47.305659365974,65.5703899627371,69.2996040273902,63.3080693115665,64.0037834841894,64.2814654061782,65.2605148502834,66.8032774307532,41.9354189020544,61.7563442777289,64.9620857237579,50.8908640788628,54.2842433128712,67.3641009383561,68.6313814394538,50.6231396095062,58.3114404012836,63.8187230480355,49.8385905089427,51.4812849102616,67.6244638180334,66.6446193250452,66.5904055436693,67.623415407182,66.8297682160619,43.8588869535783,60.590478522655,68.7204845107468,56.4061403071919,66.9808124205597,49.0600440310544
47.305659365974,65.5703899627371,69.3264684588517,63.3080693115665,64.0037834841894,64.2814654061782,65.2605148502834,66.8032774307532,41.9354189020544,61.7563442777289,64.9620857237579,50.8908640788628,54.2842433128712,67.3641009383561,68.6322522803489,50.6231396095062,58.3114404012836,63.8187230480355,49.8385905089427,51.4812849102616,67.6244638180334,66.6446193250452,66.5904055436693,67.623415407182,66.8297682160619,43.8634691340829,60.590478522655,68.7204845107468,56.4106393310424,66.9808124205597,49.0600440310544
47.305659365974,65.5703899627371,69.3264684588517,63.3080693115665,64.0037834841894,64.2814654061782,65.3112990254851,66.8032774307532,41.9354189020544,61.7563442777289,64.9620857237579,50.9353348777546,54.2842433128712,67.3641009383561,68.6322522803489,50.6231396095062,58.3114404012836,63.8187230480355,49.8596241015725,51.4812849102616,67.6244638180334,66.6446193250452,66.5904055436693,67.623415407182,67.0233265858231,43.8634691340829,60.6382493355414,68.7204845107468,56.4106393310424,66.9808124205597,49.0600440310544
47.3521177794627,65.5703899627371,69.3264684588517,63.3080693115665,64.0037834841894,64.2998344958618,65.3112990254851,66.8060323900229,42.3649200362223,61.7563442777289,64.9620857237579,50.9353348777546,54.2842433128712,67.3641009383561,68.6345212741653,50.6231396095062,58.3114404012836,63.8187230480355,49.8596241015725,51.4812849102616,67.6355410749011,66.6476766223213,66.5904055436693,67.623415407182,67.0233265858231,43.8634691340829,60.6382493355414,68.7204845107468,56.4106393310424,66.9808124205597,49.0600440310544
47.3521177794627,65.5703899627371,69.3264684588517,63.3080693115665,64.0037834841894,64.2998344958618,65.3112990254851,66.8060323900229,42.3649200362223,61.7563442777289,64.9620857237579,50.9353348777546,54.2842433128712,67.3641009383561,68.6345212741653,50.6231396095062,58.3114404012836,63.8187230480355,49.8596241015725,51.4812849102616,67.6355410749011,66.6476766223213,66.5904055436693,67.623415407182,67.0233265858231,43.8634691340829,60.6382493355414,68.7204845107468,56.4106393310424,66.9808124205597,49.0600440310544
47.3521177794627,65.5703899627371,69.3264684588517,63.3080693115665,64.0037834841894,64.2998344958618,65.3112990254851,66.8060323900229,42.3649200362223,61.7563442777289,64.9620857237579,50.9353348777546,54.2842433128712,67.3641009383561,68.6345212741653,50.6231396095062,58.3114404012836,63.8187230480355,49.8596241015725,51.515079452391,67.6355410749011,66.6476766223213,66.5904055436693,67.623415407182,67.0233265858231,43.8634691340829,60.6382493355414,68.7204845107468,56.4106393310424,66.9808124205597,49.0600440310544
47.3521177794627,65.5703899627371,69.3264684588517,63.3080693115665,64.0037834841894,64.2998344958618,65.3112990254851,66.8060323900229,42.3649200362223,61.7563442777289,64.9620857237579,50.9353348777546,54.2842433128712,67.3641009383561,68.6345212741653,50.6231396095062,58.3114404012836,63.8187230480355,49.8596241015725,51.515079452391,67.6355410749011,66.6476766223213,66.5904055436693,67.623415407182,67.0233265858231,43.8634691340829,60.6382493355414,68.9268060953834,56.4106393310424,66.9808124205597,49.0600440310544
47.3521177794627,65.5703899627371,69.3264684588517,63.5687969740992,64.0037834841894,64.2998344958618,65.3112990254851,66.8060323900229,42.3649200362223,61.7563442777289,64.9620857237579,50.9353348777546,54.2842433128712,67.3641009383561,68.6345212741653,50.6231396095062,58.3114404012836,63.8187230480355,49.8596241015725,51.515079452391,67.6355410749011,66.6476766223213,66.5904055436693,67.623415407182,67.0233265858231,43.8634691340829,60.6382493355414,69.1516084812223,56.4106393310424,66.9808124205597,49.0600440310544
47.3521177794627,65.5703899627371,69.3264684588517,63.5687969740992,64.0037834841894,64.2998344958618,65.3163401577016,66.8060323900229,42.3649200362223,61.7563442777289,65.0457975389117,50.9353348777546,54.2842433128712,67.4097655456043,68.6347122863302,50.6231396095062,58.3114404012836,63.8187230480355,49.8596241015725,51.515079452391,67.6355410749011,66.6574311950582,66.5904055436693,67.623415407182,67.0233265858231,43.8634691340829,60.6389103460464,69.1516084812223,56.4106393310424,66.9808124205597,49.0600440310544
47.3521177794627,65.5788592401018,69.3264684588517,63.5687969740992,64.0037834841894,64.2998344958618,65.3163401577016,66.8060323900229,42.3649200362223,61.7563442777289,65.0457975389117,50.9353348777546,54.2842433128712,67.4097655456043,68.6347122863302,50.6231396095062,58.3114404012836,63.8187230480355,49.8596241015725,51.515079452391,67.6355410749011,66.6574311950582,66.5904055436693,67.623415407182,67.0233265858231,43.8634691340829,60.6389103460464,69.1516084812223,56.4106393310424,66.9808124205597,49.0884457472887
47.3521177794627,65.5788592401018,69.3264684588517,63.5687969740992,64.0037834841894,64.2998344958618,65.3163401577016,66.8060323900229,42.3649200362223,61.7563442777289,65.0457975389117,50.9353348777546,54.2842433128712,67.4097655456043,68.6347122863302,50.6231396095062,58.3114404012836,63.8187230480355,49.8596241015725,51.515079452391,67.6355410749011,66.6574311950582,66.5904055436693,67.624506211673,67.0233265858231,43.8634691340829,60.6389103460464,69.1516084812223,56.4106393310424,66.9808124205597,49.1039615176337
47.3521177794627,65.5788592401018,69.3264684588517,63.5687969740992,64.0516050953035,64.3026481849275,65.3163401577016,66.8060323900229,42.3649200362223,61.7563442777289,65.0457975389117,50.9353348777546,54.2842433128712,67.4097655456043,68.6347122863302,50.6233327776164,58.3212160644864,63.8187230480355,49.8596241015725,51.515079452391,67.6355410749011,66.6574311950582,66.5904055436693,67.624506211673,67.0233265858231,43.8634691340829,60.6389103460464,69.1516084812223,56.4106393310424,66.9808124205597,49.1039615176337
47.3521177794627,65.5788592401018,69.3264684588517,63.5687969740992,64.0516050953035,64.3026481849275,65.3163401577016,66.8060323900229,42.3649200362223,61.7563442777289,65.0457975389117,50.9353348777546,54.2842433128712,67.4097655456043,68.6347122863302,50.6233327776164,58.3212160644864,63.8187230480355,49.8596241015725,51.5273310830634,67.6355410749011,66.6574311950582,66.5904055436693,67.624506211673,67.0233265858231,43.8634691340829,60.6389103460464,69.1516084812223,56.4106393310424,66.9808124205597,49.1039615176337
47.3521177794627,65.5788592401018,69.3264684588517,63.5687969740992,64.0516050953035,64.3026481849275,65.3234126371652,66.8060323900229,43.4585772380948,61.7563442777289,65.0457975389117,50.9353348777546,54.2842433128712,67.4097655456043,68.6347122863302,50.6233327776164,58.3212160644864,63.8187230480355,49.8596241015725,51.5330772029493,67.6355410749011,66.6574311950582,66.5904055436693,67.624506211673,67.0233265858231,43.8634691340829,60.6389103460464,69.1516084812223,56.4106393310424,66.9808124205597,49.1039615176337
47.3521177794627,65.5867143228283,69.3264684588517,63.5687969740992,64.0516050953035,64.3026481849275,65.3234126371652,66.8060323900229,43.4585772380948,61.7563442777289,65.0457975389117,50.9353348777546,54.8196780988475,67.4226947735456,68.6347122863302,50.6233327776164,58.3212160644864,63.8187230480355,49.8596241015725,51.5330772029493,67.6355410749011,66.6574311950582,66.5904055436693,67.624506211673,67.0233265858231,43.8634691340829,60.6389103460464,69.1770159724146,56.4106393310424,66.9808124205597,49.1039615176337
47.3521177794627,65.5867143228283,69.3314506038475,63.5687969740992,64.0516050953035,64.3026481849275,65.3234126371652,66.8060323900229,43.4585772380948,61.7563442777289,65.0457975389117,50.9354666911105,54.8196780988475,67.4226947735456,68.6347122863302,50.6233327776164,58.3212160644864,63.8187230480355,49.8596241015725,51.5330772029493,67.6355410749011,66.6574311950582,66.6721301923822,67.628868972016,67.0233265858231,43.8634691340829,60.6389103460464,69.1770159724146,56.4106393310424,66.9808124205597,49.1039615176337
47.3521177794627,65.5867143228283,69.3314506038475,63.5687969740992,64.0516050953035,64.3026481849275,65.3234126371652,66.819120417735,43.4585772380948,61.7563442777289,65.0457975389117,50.9354666911105,54.8196780988475,67.4226947735456,68.6347122863302,50.6233327776164,58.3231442351535,63.8187230480355,49.8596241015725,51.5330772029493,67.6355410749011,66.6574311950582,66.6721301923822,67.6330690665015,67.0233265858231,43.8634691340829,60.6389103460464,69.1770159724146,56.4136669967425,66.9808124205597,49.1039615176337
47.3521177794627,65.5867143228283,69.3314506038475,63.5687969740992,64.0516050953035,64.3026481849275,65.3234126371652,66.819120417735,43.4585772380948,61.8050521546209,65.4606863852851,50.9354666911105,54.8196780988475,67.4226947735456,68.6351855902462,50.6233327776164,58.3231442351535,63.9227797110482,49.8596241015725,51.5330772029493,67.6355410749011,66.6574311950582,66.6721301923822,67.6330690665015,67.1515105732971,43.8634691340829,60.6389103460464,69.1770159724146,56.4136669967425,66.9808124205597,49.1039615176337
47.3521177794627,65.5900466939276,69.3314506038475,63.5687969740992,64.0516050953035,64.3026481849275,65.3234126371652,66.819120417735,43.4585772380948,61.8050521546209,65.4606863852851,50.9354666911105,54.8196780988475,67.4226947735456,68.6351855902462,50.6233327776164,58.3231442351535,63.9227797110482,49.8596241015725,51.5330772029493,67.6422683338729,66.6652497729116,66.6721301923822,67.6330690665015,67.1515105732971,43.8634691340829,60.6389103460464,69.1770159724146,56.4136669967425,66.9808124205597,49.1039615176337
47.3593835581972,65.5900466939276,69.3314506038475,63.5687969740992,64.0516050953035,64.3026481849275,65.3234126371652,66.819120417735,43.4585772380948,61.8050521546209,65.4606863852851,50.9354666911105,54.9872296872233,67.4226947735456,68.6351855902462,50.6233327776164,58.3274000825345,63.9227797110482,49.8596241015725,51.5330772029493,67.6422683338729,66.6652497729116,66.6721301923822,67.6330690665015,67.1515105732971,43.8634691340829,60.6389103460464,69.1770159724146,56.4136669967425,66.9808124205597,49.1039615176337
47.3593835581972,65.5900466939276,69.3314506038475,63.5687969740992,64.0516050953035,64.3026481849275,65.3234126371652,66.819120417735,43.4585772380948,61.8050521546209,65.4606863852851,50.9354666911105,54.9872296872233,67.457291722148,68.6351855902462,50.6233327776164,58.3274000825345,63.9227797110482,49.8596241015725,51.5330772029493,67.6422683338729,66.6652497729116,66.6721301923822,67.6347973804918,67.1515105732971,43.8634691340829,60.6389103460464,69.1770159724146,56.4136669967425,66.9808124205597,49.132055527258
47.3593835581972,65.5900466939276,69.3314506038475,63.5687969740992,64.0516050953035,64.3026481849275,65.3234126371652,66.819120417735,43.4585772380948,61.8050521546209,65.4606863852851,50.9354666911105,54.9872296872233,67.457291722148,68.6351855902462,50.6233327776164,58.3274000825345,63.9227797110482,49.8596241015725,51.5330772029493,67.6422683338729,66.6652497729116,66.6721301923822,67.6436800537581,67.1515105732971,43.8634691340829,60.6389103460464,69.2381167857336,56.4136669967425,66.9808124205597,49.132055527258
47.3593835581972,65.5900466939276,69.3314506038475,63.5687969740992,64.0516050953035,64.3026481849275,65.3234126371652,66.819120417735,43.5969430531352,61.8050521546209,65.4606863852851,50.9354666911105,54.9872296872233,67.457291722148,68.6353277853062,50.6233327776164,58.3274000825345,63.9227797110482,49.8596241015725,51.5330772029493,67.6422683338729,66.6652497729116,66.726008268892,67.6436800537581,67.1515105732971,43.8634691340829,60.6389103460464,69.2381167857336,56.4267634656313,66.9808124205597,49.132055527258
47.3593835581972,65.6062335232933,69.3314506038475,63.5687969740992,64.0516050953035,64.3026481849275,65.3234126371652,66.819120417735,43.5969430531352,61.8050521546209,65.4606863852851,50.9354666911105,54.9872296872233,67.457291722148,68.6353277853062,50.6233327776164,58.329584846884,63.9227797110482,49.8596241015725,51.5330772029493,67.6461701492924,66.6652497729116,66.726008268892,67.6436800537581,67.1515105732971,43.8634691340829,60.6389103460464,69.2381167857336,56.4267634656313,66.9808124205597,49.132055527258
47.3593835581972,65.6062335232933,69.3314506038475,63.5687969740992,64.0516050953035,64.3026481849275,65.3234126371652,66.819120417735,43.5969430531352,61.8050521546209,65.4606863852851,50.9354666911105,54.9872296872233,67.457291722148,68.6353277853062,50.6233327776164,58.329584846884,63.9227797110482,49.8596241015725,51.5493843696454,67.6461701492924,66.6652497729116,66.726008268892,67.6436800537581,67.1515105732971,43.8634691340829,60.6389103460464,69.2381167857336,56.4267634656313,66.9808124205597,49.132055527258
47.3593835581972,65.6062335232933,69.3314506038475,63.5687969740992,64.0516050953035,64.3026481849275,65.3234126371652,66.819120417735,43.5969430531352,61.8050521546209,65.4606863852851,50.9354666911105,57.1564026945937,67.457291722148,68.6353277853062,50.6233327776164,58.329584846884,63.9227797110482,49.8596241015725,51.5493843696454,67.6461701492924,66.6652497729116,66.726008268892,67.6436800537581,67.1515105732971,43.8634691340829,60.6389103460464,69.2381167857336,56.4267634656313,66.9808124205597,49.132055527258
47.3593835581972,65.6301361299127,69.3366557459392,63.5687969740992,64.0516050953035,64.3039459888653,65.3234126371652,66.819120417735,43.7187162252725,61.8050521546209,65.4606863852851,50.9756431191183,57.1564026945937,67.457291722148,68.635811953939,50.6233327776164,58.329584846884,63.9227797110482,49.8596241015725,51.5493843696454,67.6461701492924,66.6652497729116,66.726008268892,67.6436800537581,67.1515105732971,43.8634691340829,60.6389103460464,69.2381167857336,56.4267634656313,66.9808124205597,49.132055527258
47.3593835581972,65.6301361299127,69.3366557459392,63.9355894875257,64.0516050953035,64.3097664959814,65.3379535316049,66.819120417735,43.7187162252725,61.8050521546209,65.4606863852851,50.9756431191183,57.1564026945937,67.457291722148,68.635811953939,50.6233327776164,58.329584846884,63.9227797110482,49.8596241015725,51.5493843696454,67.6461701492924,66.6660128758298,66.726008268892,67.6436800537581,67.1515105732971,43.8634691340829,60.6389103460464,69.2381167857336,56.4267634656313,67.0398265175984,49.132055527258
47.3593835581972,65.6301361299127,69.3366557459392,63.9355894875257,64.0516050953035,64.3097664959814,65.3379535316049,66.8280247424766,43.7187162252725,61.8050521546209,65.4606863852851,50.9756431191183,57.1564026945937,67.457291722148,68.6359667049293,50.6233327776164,58.329584846884,63.9227797110482,49.8596241015725,51.5493843696454,67.6461701492924,66.6698235368003,66.726008268892,67.6436800537581,67.1515105732971,43.8634691340829,60.6389103460464,69.3402151948603,56.4267634656313,67.0886136690455,49.132055527258
47.3867501618997,65.6301361299127,69.3366557459392,63.9355894875257,64.1075057898101,64.3097664959814,65.3379535316049,66.8280247424766,43.7187162252725,61.8050521546209,65.4606863852851,50.9756431191183,57.1564026945937,67.457291722148,68.6359667049293,50.6233327776164,58.329584846884,63.9227797110482,49.8596241015725,51.5516171668895,67.6461701492924,66.6698235368003,66.726008268892,67.6436800537581,67.1515105732971,43.8634691340829,60.6389103460464,69.3402151948603,56.4267634656313,67.0886136690455,49.132055527258
47.3867501618997,65.6301361299127,69.3366557459392,63.9355894875257,64.1075057898101,64.3097664959814,65.3379535316049,66.8280247424766,43.7187162252725,61.8050521546209,65.4606863852851,50.9756431191183,57.1564026945937,67.457291722148,68.6360350465032,50.6233327776164,58.329584846884,63.9227797110482,49.8596241015725,51.5516171668895,67.6461701492924,66.6698235368003,66.726008268892,67.6436800537581,67.1515105732971,43.8634691340829,60.6389103460464,69.3402151948603,56.4267634656313,67.0886136690455,49.132055527258
47.3867501618997,65.6301361299127,69.3379761320243,63.9355894875257,64.1075057898101,64.3097664959814,65.3379535316049,66.8280247424766,43.7187162252725,61.8050521546209,65.4606863852851,50.9756431191183,57.1564026945937,67.457291722148,68.6360350465032,50.6233327776164,58.3399256105203,63.9227797110482,49.8596241015725,51.5516171668895,67.6461701492924,66.6698235368003,66.726008268892,67.6436800537581,67.1515105732971,43.8634691340829,60.6441288115856,69.3402151948603,56.4278784920198,67.0886136690455,49.132055527258
47.3867501618997,65.6301361299127,69.3407285457227,63.9355894875257,64.1075057898101,64.3097664959814,65.3379535316049,66.8280247424766,43.7187162252725,61.8092947768443,65.4606863852851,50.9756431191183,57.1564026945937,67.457291722148,68.6360350465032,50.6233327776164,58.3399256105203,63.9825660904217,49.8596241015725,51.5516171668895,67.6461701492924,66.6698235368003,66.726008268892,67.6436800537581,67.1515105732971,43.8634691340829,60.6441288115856,69.3402151948603,56.4278784920198,67.0886136690455,49.132055527258
47.3936302480563,65.6301361299127,69.3407285457227,63.9355894875257,64.1075057898101,64.31685388237,65.3379535316049,66.8280247424766,43.7187162252725,61.8092947768443,65.4606863852851,50.9756431191183,57.1564026945937,67.457291722148,68.6363487002256,50.6244518812335,58.3399256105203,63.9825660904217,49.8596241015725,51.5516171668895,67.6461701492924,66.6698235368003,66.726008268892,67.6436800537581,67.1515105732971,43.8634691340829,60.6441288115856,69.3402151948603,56.4278784920198,67.0886136690455,49.132055527258
47.3936302480563,65.6301361299127,69.3407285457227,63.9355894875257,64.1075057898101,64.31685388237,65.3379535316049,66.8395043680092,43.7187162252725,61.8092947768443,65.4606863852851,50.9756431191183,57.1564026945937,67.457291722148,68.6363487002256,50.6244518812335,58.3399256105203,63.9825660904217,49.8596241015725,51.5516171668895,67.6461701492924,66.6698235368003,66.726008268892,67.6436800537581,67.1515105732971,43.8634691340829,60.6441288115856,69.3402151948603,56.4278784920198,67.0886136690455,49.132055527258
47.3936302480563,65.6301361299127,69.3407285457227,63.9355894875257,64.1075057898101,64.31685388237,65.3379535316049,66.8395043680092,43.7187162252725,61.8092947768443,65.4606863852851,50.9756431191183,57.1564026945937,67.457291722148,68.6367670802104,50.6244518812335,58.3399256105203,63.9825660904217,49.8596241015725,51.5516171668895,67.6461701492924,66.6698235368003,66.726008268892,67.6436800537581,67.1515105732971,43.8668873543091,60.6441288115856,69.484805784926,56.4278784920198,67.0886136690455,49.132055527258
47.3936302480563,65.6301361299127,69.3407285457227,63.9355894875257,64.1075057898101,64.31685388237,65.3379535316049,66.8395043680092,43.7187162252725,61.8092947768443,65.4606863852851,50.9756431191183,57.1564026945937,67.457291722148,68.6368662503115,50.6244518812335,58.3399256105203,63.9825660904217,49.8618479567014,51.5516171668895,67.6461701492924,66.6698235368003,66.726008268892,67.6436800537581,67.1515105732971,43.8668873543091,60.6441288115856,69.484805784926,56.4278784920198,67.1171323464294,49.132055527258
47.3936302480563,65.6301361299127,69.3422719913521,63.9355894875257,64.1075057898101,64.31685388237,65.3379535316049,66.8395043680092,43.7187162252725,61.8092947768443,65.4606863852851,50.9756431191183,57.1564026945937,67.457291722148,68.6368662503115,50.6244518812335,58.3399256105203,63.9825660904217,49.8644215508087,51.5516171668895,67.6592685229336,66.6715143286096,66.726008268892,67.6436800537581,67.1515105732971,43.8668873543091,60.6441288115856,69.484805784926,56.4278784920198,67.1171323464294,49.132055527258
47.4026372331059,65.6301361299127,69.3422719913521,63.9355894875257,64.1075057898101,64.31685388237,65.3379535316049,66.8395043680092,43.7187162252725,61.8485649713595,65.4606863852851,50.9756431191183,57.1564026945937,67.457291722148,68.6368662503115,50.6260448421811,58.3399256105203,63.9825660904217,49.8644215508087,51.5598716790615,67.6592685229336,66.6715143286096,66.726008268892,67.6436800537581,67.3220900714325,43.8668873543091,60.6441288115856,69.484805784926,56.4278784920198,67.1171323464294,49.132055527258
47.4026372331059,65.6301361299127,69.3422719913521,63.9355894875257,64.1075057898101,64.31685388237,65.3379535316049,66.8395043680092,43.7187162252725,61.8485649713595,65.4606863852851,50.9756431191183,57.1564026945937,67.457291722148,68.6368662503115,50.6260448421811,58.3399256105203,63.9825660904217,49.8644215508087,51.5657451808789,67.6592685229336,66.6715143286096,66.726008268892,67.6436800537581,67.3220900714325,43.8668873543091,60.6441288115856,69.484805784926,56.4278784920198,67.1171323464294,49.1489490841449
47.4026372331059,65.6301361299127,69.3422719913521,63.9355894875257,64.1075057898101,64.31685388237,65.3555304428365,66.8395043680092,43.7187162252725,61.8485649713595,65.4606863852851,50.9756431191183,57.1564026945937,67.457291722148,68.6370157677776,50.6260448421811,58.3399256105203,63.9825660904217,49.8644215508087,51.5657451808789,67.6592685229336,66.6715143286096,66.726008268892,67.6455812513377,67.3220900714325,43.8668873543091,60.6441288115856,69.484805784926,56.4278784920198,67.1171323464294,49.1489490841449
47.4026372331059,65.6301361299127,69.3422719913521,63.9355894875257,64.1075057898101,64.3253243744088,65.3555304428365,66.8395043680092,43.7187162252725,61.8485649713595,65.4606863852851,50.9756431191183,57.1564026945937,67.457291722148,68.6370157677776,50.6260448421811,58.3399256105203,63.9825660904217,49.8644215508087,51.5657451808789,67.6592685229336,66.6715143286096,66.726008268892,67.6455812513377,67.3220900714325,43.8668873543091,60.6441288115856,69.484805784926,56.4278784920198,67.1171323464294,49.1489490841449
47.4026372331059,65.6301361299127,69.3436792560385,63.9355894875257,64.1075057898101,64.3253243744088,65.3555304428365,66.8395043680092,43.7187162252725,61.8485649713595,65.4606863852851,50.9756431191183,57.1564026945937,67.457291722148,68.6370157677776,50.6260448421811,58.3399256105203,63.9825660904217,49.8644215508087,51.570000267692,67.6592685229336,66.6739630646642,66.726008268892,67.6455812513377,67.3220900714325,43.899789199222,60.6615821548769,69.7055524153175,56.4278784920198,67.1171323464294,49.1489490841449
47.4026372331059,65.6301361299127,69.3436792560385,63.9355894875257,64.1075057898101,64.3253243744088,65.3555304428365,66.8395043680092,43.7187162252725,61.8485649713595,65.4606863852851,50.9756431191183,57.1564026945937,67.457291722148,68.6370935129642,50.6260448421811,58.3399256105203,63.9825660904217,49.8644215508087,51.570000267692,67.6592685229336,66.6739630646642,66.726008268892,67.6455812513377,67.3220900714325,43.899789199222,60.6615821548769,69.7055524153175,56.4278784920198,67.1171323464294,49.1489490841449
47.4026372331059,65.6301361299127,69.3436792560385,63.9355894875257,64.1075057898101,64.3253243744088,65.3555304428365,66.8395043680092,43.8088635596399,61.8485649713595,65.4606863852851,50.9756431191183,57.1564026945937,67.457291722148,68.6370935129642,50.6260448421811,58.3399256105203,63.9825660904217,49.8644215508087,51.570000267692,67.6592685229336,66.6739630646642,66.726008268892,67.6455812513377,67.3220900714325,43.899789199222,60.6615821548769,69.7055524153175,56.4278784920198,67.1171323464294,49.1489490841449
47.4026372331059,65.6451956072479,69.3436792560385,63.9355894875257,64.1075057898101,64.3253243744088,65.3564593587921,66.8395043680092,43.8088635596399,61.8789097171325,65.4606863852851,50.9756431191183,57.1564026945937,67.457291722148,68.6370935129642,50.6260448421811,58.3415640596256,63.9825660904217,49.8644215508087,51.5730934136495,67.6592685229336,66.6739630646642,66.726008268892,67.6455812513377,67.3220900714325,43.899789199222,60.6615821548769,69.7055524153175,56.4278784920198,67.1171323464294,49.1489490841449
47.4026372331059,65.6451956072479,69.3436792560385,63.9355894875257,64.1075057898101,64.3253243744088,65.3564593587921,66.8395043680092,43.8088635596399,61.8789097171325,65.4606863852851,50.9756431191183,57.1564026945937,67.457291722148,68.6370935129642,50.6260448421811,58.3415640596256,63.9825660904217,49.8644215508087,51.5730934136495,67.6592685229336,66.6739630646642,66.726008268892,67.6455812513377,67.3220900714325,43.899789199222,60.6615821548769,69.7055524153175,56.4293812152687,67.1171323464294,49.1489490841449
47.4026372331059,65.6451956072479,69.3578326564783,63.9355894875257,64.1075057898101,64.3253243744088,65.3564593587921,66.8395043680092,43.8088635596399,61.8789097171325,65.6359233998141,50.9756431191183,57.1564026945937,67.4579996762367,68.6373484610415,50.6260448421811,58.3415640596256,63.9825660904217,49.8903732538491,51.5730934136495,67.6592685229336,66.6739630646642,66.726008268892,67.6455812513377,67.3220900714325,43.899789199222,60.6615821548769,69.7055524153175,56.4293812152687,67.1171323464294,49.1489490841449
47.4026372331059,65.6451956072479,69.3578326564783,63.9355894875257,64.1075057898101,64.3272522523386,65.3564593587921,66.8395043680092,43.8088635596399,61.8789097171325,65.6359233998141,50.9756431191183,57.1564026945937,67.4579996762367,68.6373484610415,50.6274560421708,58.3415640596256,63.9825660904217,49.8903732538491,51.5730934136495,67.6592685229336,66.6739630646642,66.7936884428658,67.6455812513377,67.3220900714325,43.899789199222,60.6615821548769,69.7055524153175,56.4293812152687,67.1171323464294,49.1489490841449
47.4026372331059,65.6451956072479,69.3578326564783,63.9355894875257,64.1075057898101,64.3272522523386,65.3564593587921,66.8395043680092,43.8088635596399,61.8789097171325,65.6359233998141,50.9756431191183,57.1564026945937,67.4579996762367,68.6373484610415,50.6274560421708,58.3415640596256,63.9825660904217,49.8903732538491,51.5730934136495,67.6592685229336,66.6739630646642,66.7936884428658,67.6455812513377,67.3220900714325,43.9041657388421,60.6615821548769,69.7055524153175,56.4293812152687,67.1171323464294,49.1489490841449
47.4033448356346,65.6451956072479,69.3578326564783,63.9355894875257,64.1075057898101,64.3272522523386,65.3564593587921,66.8395043680092,43.8088635596399,61.8789097171325,65.6359233998141,50.9756431191183,57.1564026945937,67.4579996762367,68.6373484610415,50.6301765619515,58.3415640596256,63.9825660904217,49.8903732538491,51.5730934136495,67.6592685229336,66.6739630646642,66.7936884428658,67.6455812513377,67.3220900714325,43.9041657388421,60.6615821548769,69.7055524153175,56.4293812152687,67.1171323464294,49.1489490841449
47.4033448356346,65.6451956072479,69.3578326564783,63.9355894875257,64.1075057898101,64.3272522523386,65.3564593587921,66.8395043680092,43.8088635596399,61.8789097171325,65.6359233998141,50.9756431191183,57.1564026945937,67.4579996762367,68.6373484610415,50.6301765619515,58.3415640596256,63.9825660904217,49.8903732538491,51.5730934136495,67.6592685229336,66.6739630646642,66.7936884428658,67.6455812513377,67.3220900714325,43.9041657388421,60.6615821548769,69.7055524153175,56.4293812152687,67.1171323464294,49.1489490841449
47.4033448356346,65.6451956072479,69.3578326564783,63.9355894875257,64.1075057898101,64.3272522523386,65.3564593587921,66.8395043680092,43.8088635596399,61.8789097171325,65.6359233998141,50.9756431191183,57.1564026945937,67.4579996762367,68.6373484610415,50.6301765619515,58.3474752836613,63.9825660904217,49.8903732538491,51.5730934136495,67.6592685229336,66.6751845180707,66.7936884428658,67.6455812513377,67.3220900714325,43.9041657388421,60.6615821548769,69.7055524153175,56.4293812152687,67.1171323464294,49.1489490841449
47.4033448356346,65.6451956072479,69.3578326564783,63.9355894875257,64.1075057898101,64.3272522523386,65.3588647185862,66.8395043680092,43.8088635596399,61.8789097171325,65.6359233998141,50.9756431191183,57.1564026945937,67.4579996762367,68.6373484610415,50.6301765619515,58.3474752836613,63.9825660904217,49.8903732538491,51.5730934136495,67.6592685229336,66.6751845180707,66.7936884428658,67.6455812513377,67.3220900714325,43.9041657388421,60.6615821548769,69.7055524153175,56.4293812152687,67.1171323464294,49.1489490841449
47.4033448356346,65.6451956072479,69.3578326564783,63.9355894875257,64.1075057898101,64.3272522523386,65.3588647185862,66.8395043680092,43.8286098503955,61.8789097171325,65.6359233998141,50.9756431191183,57.1564026945937,67.4579996762367,68.6373484610415,50.6301765619515,58.3474752836613,63.9825660904217,49.8903732538491,51.5730934136495,67.6592685229336,66.6751845180707,66.9278103746134,67.6476054772289,67.3220900714325,43.9041657388421,60.6615821548769,69.7055524153175,56.4293812152687,67.1171323464294,49.1489490841449
47.4033448356346,65.6451956072479,69.3578326564783,63.9355894875257,64.1075057898101,64.341710848861,65.3588647185862,66.8395043680092,43.8286098503955,61.8789097171325,65.6359233998141,50.9756431191183,57.1564026945937,67.4579996762367,68.6373484610415,50.6301765619515,58.3474752836613,63.9825660904217,49.8903732538491,51.5730934136495,67.6592685229336,66.6751845180707,66.9278103746134,67.6514759517192,67.3220900714325,43.9041657388421,60.6615821548769,69.7055524153175,56.4293812152687,67.1171323464294,49.1489490841449
47.4033448356346,65.6496172982945,69.3578326564783,63.9355894875257,64.1075057898101,64.3466341622926,65.3744762663979,66.8395043680092,43.8286098503955,61.8854770920214,65.6359233998141,50.9756431191183,57.2188896841418,67.4579996762367,68.6373484610415,50.6301765619515,58.3474752836613,63.9825660904217,49.9111425301448,51.5746278222359,67.6592685229336,66.6751845180707,66.9278103746134,67.6514759517192,67.3220900714325,43.9041657388421,60.6615821548769,69.7055524153175,56.4293812152687,67.1171323464294,49.1489490841449
47.4033448356346,65.6496172982945,69.3578326564783,64.3397953981313,64.1075057898101,64.3466341622926,65.3744762663979,66.8395043680092,43.8286098503955,61.8854770920214,65.6359233998141,50.9756431191183,57.2188896841418,67.4579996762367,68.6373484610415,50.6301765619515,58.3474752836613,63.9825660904217,49.9111425301448,51.5746278222359,67.6592685229336,66.6751845180707,66.9278103746134,67.6514759517192,67.3220900714325,43.9041657388421,60.6615821548769,69.7055524153175,56.4293812152687,67.1171323464294,49.1717006253749
47.4033448356346,65.6496172982945,69.3616273070049,64.3397953981313,64.1075057898101,64.3466341622926,65.3744762663979,66.8395043680092,43.8286098503955,61.8854770920214,65.6359233998141,50.992821259899,57.2188896841418,67.4579996762367,68.6373484610415,50.6301765619515,58.3474752836613,63.9825660904217,49.9111425301448,51.5746278222359,67.6592685229336,66.6751845180707,66.9278103746134,67.6514759517192,67.3220900714325,43.9041657388421,60.6615821548769,69.7055524153175,56.4293812152687,67.1171323464294,49.1717006253749
47.4033448356346,65.6496172982945,69.3714967798712,64.3397953981313,64.1075057898101,64.3466341622926,65.3744762663979,66.8526107201765,43.8786228409896,61.8854770920214,65.6359233998141,50.992821259899,57.2188896841418,67.4579996762367,68.6373861212907,50.6301765619515,58.3474752836613,63.9825660904217,49.9111425301448,51.5746278222359,67.6592685229336,66.6751845180707,66.9278103746134,67.6514759517192,67.332637026253,43.9041657388421,60.6615821548769,69.7055524153175,56.4293812152687,67.1171323464294,49.1717006253749
47.4033448356346,65.6496172982945,69.3714967798712,64.3397953981313,64.1075057898101,64.3466341622926,65.3744762663979,66.8526107201765,43.8786228409896,61.8854770920214,65.6359233998141,50.992821259899,57.2188896841418,67.4579996762367,68.6374228444871,50.6301765619515,58.3474752836613,63.9825660904217,49.9111425301448,51.5746278222359,67.6592685229336,66.6751845180707,66.9278103746134,67.6514759517192,67.332637026253,43.9041657388421,60.6615821548769,69.7055524153175,56.4293812152687,67.1171323464294,49.1717006253749
47.4033448356346,65.6496172982945,69.3714967798712,64.3397953981313,64.1075057898101,64.3466341622926,65.3744762663979,66.8526107201765,43.8786228409896,61.8962287597599,65.6359233998141,50.992821259899,57.2188896841418,67.4602087743947,68.6374567273471,50.6305198487304,58.3474752836613,63.9825660904217,49.9111425301448,51.5746278222359,67.6592685229336,66.6776454090886,66.9278103746134,67.6514759517192,67.332637026253,43.9041657388421,60.6615821548769,69.7055524153175,56.4293812152687,67.1171323464294,49.1717006253749
47.4033448356346,65.6496172982945,69.3714967798712,64.3397953981313,64.1075057898101,64.3466341622926,65.3744762663979,66.8526107201765,43.8786228409896,61.8962287597599,65.6359233998141,50.992821259899,57.2188896841418,67.4602087743947,68.6374567273471,50.6305198487304,58.3474752836613,63.9825660904217,49.9111425301448,51.5746278222359,67.6592685229336,66.6776454090886,66.9278103746134,67.6514759517192,67.332637026253,43.9041657388421,60.6693746482783,69.7055524153175,56.4293812152687,67.1171323464294,49.1717006253749
47.4033448356346,65.6496172982945,69.3714967798712,64.3397953981313,64.1075057898101,64.3466341622926,65.3744762663979,66.8526107201765,43.8786228409896,61.8962287597599,65.6359233998141,50.992821259899,57.2188896841418,67.4602087743947,68.6374644851376,50.6305198487304,58.3474752836613,63.9825660904217,49.9402118388782,51.5746278222359,67.6592685229336,66.6776454090886,66.9278103746134,67.6514759517192,67.332637026253,43.9041657388421,60.6693746482783,69.735060537345,56.4293812152687,67.1171323464294,49.1717006253749
47.4033448356346,65.6496172982945,69.3714967798712,64.3397953981313,64.1075057898101,64.3466341622926,65.3744762663979,66.8526107201765,43.8786228409896,61.8962287597599,65.6359233998141,50.992821259899,57.5861181234104,67.4602087743947,68.6374644851376,50.6305198487304,58.3474752836613,63.9825660904217,49.9402118388782,51.5746278222359,67.6592685229336,66.6776454090886,66.9278103746134,67.6514759517192,67.332637026253,43.9041657388421,60.6693746482783,69.735060537345,56.4293812152687,67.1171323464294,49.1717006253749
47.4033448356346,65.6563156259185,69.3714967798712,64.3397953981313,64.1075057898101,64.3466341622926,65.3839637094473,66.8526107201765,43.8786228409896,61.8962287597599,65.6359233998141,50.992821259899,57.5861181234104,67.4602087743947,68.6375360240362,50.6305198487304,58.3474752836613,63.9825660904217,49.9402118388782,51.5746278222359,67.6592685229336,66.6776454090886,66.9278103746134,67.6514759517192,67.332637026253,43.9041657388421,60.6693746482783,69.735060537345,56.4293812152687,67.1171323464294,49.1717006253749
47.4033448356346,65.6563156259185,69.3714967798712,64.3397953981313,64.1075057898101,64.3466341622926,65.3839637094473,66.8526107201765,43.8786228409896,61.8962287597599,65.6359233998141,51.0211313236154,57.5861181234104,67.4602087743947,68.6375360240362,50.6305198487304,58.3474752836613,63.9825660904217,49.9402118388782,51.5746278222359,67.6679170643724,66.6776454090886,66.9278103746134,67.6514759517192,67.332637026253,43.9041657388421,60.6693746482783,69.735060537345,56.4293812152687,67.1171323464294,49.1717006253749
47.4033448356346,65.6563156259185,69.3714967798712,64.3397953981313,64.1075057898101,64.3466341622926,65.3839637094473,66.8526107201765,43.8786228409896,61.8962287597599,65.6359233998141,51.0211313236154,57.5861181234104,67.4602087743947,68.6375360240362,50.6305198487304,58.3474752836613,63.9825660904217,49.9402118388782,51.5746278222359,67.6679170643724,66.6776454090886,66.9278103746134,67.6514759517192,67.332637026253,43.9041657388421,60.6693746482783,69.735060537345,56.4293812152687,67.1171323464294,49.1717006253749
47.4033448356346,65.6563156259185,69.3714967798712,64.3397953981313,64.1075057898101,64.3659030213228,65.3839637094473,66.8526107201765,43.8786228409896,61.8962287597599,65.6359233998141,51.0211313236154,57.5861181234104,67.4602087743947,68.6375360240362,50.6305198487304,58.3474752836613,63.9825660904217,49.9402118388782,51.5746278222359,67.6679170643724,66.6776454090886,66.9278103746134,67.6516588731887,67.332637026253,43.9041657388421,60.6693746482783,69.735060537345,56.4293812152687,67.1171323464294,49.1717006253749
47.4033448356346,65.6563156259185,69.3782951366463,64.3397953981313,64.1075057898101,64.3659030213228,65.4137474115397,66.8526107201765,43.8786228409896,61.8962287597599,65.6359233998141,51.0211313236154,58.2716105147462,67.4602087743947,68.6375360240362,50.6305198487304,58.3474752836613,63.9825660904217,49.9402118388782,51.5787683400362,67.6679170643724,66.6776454090886,66.9278103746134,67.6516588731887,67.332637026253,43.9041657388421,60.6693746482783,69.735060537345,56.4293812152687,67.1171323464294,49.1717006253749
47.4033448356346,65.6563156259185,69.3782951366463,64.3397953981313,64.1075057898101,64.3659030213228,65.4137474115397,66.8526107201765,43.8786228409896,61.8962287597599,65.6359233998141,51.0211313236154,58.7374445276619,67.4602087743947,68.6375531516955,50.6305198487304,58.3474752836613,63.9825660904217,49.9402118388782,51.5787683400362,67.6679170643724,66.6776454090886,66.9278103746134,67.6516588731887,67.332637026253,43.9041657388421,60.6709317320941,69.735060537345,56.4293812152687,67.1171323464294,49.1717006253749
47.4033448356346,65.6563156259185,69.3782951366463,64.3397953981313,64.1075057898101,64.3659030213228,65.4137474115397,66.8526107201765,43.8786228409896,61.9217160574543,65.6359233998141,51.0309556265833,58.7374445276619,67.4602087743947,68.6375531516955,50.6305198487304,58.3474752836613,63.9825660904217,49.9402118388782,51.5787683400362,67.6679170643724,66.6781573826051,66.9278103746134,67.6516588731887,67.332637026253,43.9041657388421,60.6709317320941,69.735060537345,56.4293812152687,67.1171323464294,49.1717006253749
47.4033448356346,65.6563156259185,69.3782951366463,64.3397953981313,64.1075057898101,64.3659030213228,65.4165151658054,66.8526107201765,43.8786228409896,61.9217160574543,65.6359233998141,51.0309556265833,58.7374445276619,67.4602087743947,68.6375860984798,50.6305198487304,58.3476155069608,63.9825660904217,49.9402118388782,51.5787683400362,67.6679170643724,66.6781573826051,66.9278103746134,67.6516588731887,67.332637026253,43.9041657388421,60.6709317320941,69.735060537345,56.4293812152687,67.1171323464294,49.1717006253749
47.4033448356346,65.6563156259185,69.3782951366463,64.3397953981313,64.1075057898101,64.3659030213228,65.4165151658054,66.8576203715861,43.8786228409896,61.9217160574543,65.6359233998141,51.0309556265833,58.7374445276619,67.4602087743947,68.6375860984798,50.6305198487304,58.3476155069608,63.9825660904217,50.071749405409,51.5787683400362,67.6679170643724,66.6781573826051,66.9278103746134,67.6516588731887,67.3529270094166,43.9041657388421,60.6709317320941,69.735060537345,56.4293812152687,67.1171323464294,49.1717006253749
47.4087457902196,65.6563156259185,69.3800726343665,64.3397953981313,64.1075057898101,64.3659030213228,65.4165151658054,66.8576203715861,43.8786228409896,61.9217160574543,65.6359233998141,51.0309556265833,58.7374445276619,67.4696211576191,68.6376131586055,50.6305198487304,58.3476155069608,63.9825660904217,50.071749405409,51.5787683400362,67.6679170643724,66.6781573826051,66.9278103746134,67.6516588731887,67.3529270094166,43.911262404162,60.6709317320941,69.735060537345,56.4293812152687,67.1171323464294,49.2176565366639
47.4087457902196,65.6563156259185,69.3800726343665,64.3397953981313,64.1075057898101,64.3659030213228,65.4242986532422,66.8576203715861,43.8786228409896,61.9225220537059,65.6359233998141,51.0309556265833,58.7374445276619,67.4696211576191,68.6376582668032,50.6305198487304,58.3476155069608,63.9825660904217,50.071749405409,51.5787683400362,67.668333242556,66.6781573826051,66.9278103746134,67.6543035984004,67.3529270094166,43.911262404162,60.6709317320941,69.735060537345,56.4293812152687,67.1171323464294,49.2176565366639
47.4087457902196,65.6563156259185,69.3800726343665,64.3397953981313,64.1118293680614,64.3659030213228,65.4242986532422,66.8576203715861,43.8786228409896,61.9225220537059,65.764250346817,51.0309556265833,58.7374445276619,67.4696211576191,68.6376582668032,50.6305198487304,58.3476155069608,63.9825660904217,50.071749405409,51.5805055654893,67.668333242556,66.6781573826051,66.9278103746134,67.6543035984004,67.3529270094166,43.911262404162,60.6709317320941,69.735060537345,56.4293812152687,67.1171323464294,49.2176565366639
47.4087457902196,65.6563156259185,69.3800726343665,64.3397953981313,64.1118293680614,64.3659030213228,65.4242986532422,66.8576203715861,43.8786228409896,61.9225220537059,65.764250346817,51.0309556265833,58.7374445276619,67.4696211576191,68.6377253698937,50.6305198487304,58.3476155069608,63.9825660904217,50.071749405409,51.5805055654893,67.668333242556,66.6781573826051,66.9278103746134,67.6543035984004,67.3529270094166,43.911262404162,60.6709317320941,69.7548174182407,56.4354448587333,67.1171323464294,49.2176565366639
47.4087457902196,65.6563156259185,69.3800726343665,64.3397953981313,64.1118293680614,64.3659030213228,65.4242986532422,66.8576203715861,43.9029006046659,61.9225220537059,65.764250346817,51.0309556265833,58.7374445276619,67.4696211576191,68.6377253698937,50.6305198487304,58.3488691587968,63.9825660904217,50.071749405409,51.5805055654893,67.668333242556,66.6781573826051,66.9278103746134,67.6543035984004,67.3529270094166,43.911262404162,60.6709317320941,69.7548174182407,56.4354448587333,67.1171323464294,49.2176565366639
47.4087457902196,65.6563156259185,69.3800726343665,64.3397953981313,64.1118293680614,64.3659030213228,65.4242986532422,66.8576203715861,43.9029006046659,61.9225220537059,65.764250346817,51.0309556265833,58.7374445276619,67.4696211576191,68.6377253698937,50.6305198487304,58.3488691587968,63.9825660904217,50.071749405409,51.5805055654893,67.668333242556,66.6781573826051,66.9278103746134,67.6559911838421,67.3529270094166,43.911262404162,60.6709317320941,69.7548174182407,56.4354448587333,67.1171323464294,49.2176565366639
47.4087457902196,65.6563156259185,69.3800726343665,64.3397953981313,64.1118293680614,64.3659030213228,65.4242986532422,66.8612299459312,43.9029006046659,61.9225220537059,65.764250346817,51.0309556265833,58.7374445276619,67.4696211576191,68.6377253698937,50.6305198487304,58.3488691587968,63.9825660904217,50.071749405409,51.5805055654893,67.668333242556,66.6784040161165,66.9278103746134,67.6559911838421,67.3529270094166,43.9209453503089,60.6709317320941,69.7548174182407,56.4354448587333,67.1171323464294,49.2176565366639
47.4087457902196,65.6563156259185,69.3800726343665,64.3397953981313,64.1118293680614,64.3659030213228,65.4242986532422,66.8612299459312,43.9029006046659,61.9225220537059,65.764250346817,51.0309556265833,58.7374445276619,67.4863708629611,68.6377253698937,50.6305198487304,58.3488691587968,63.9825660904217,50.071749405409,51.5805055654893,67.668333242556,66.6784040161165,66.9278103746134,67.6559911838421,67.3809909921895,43.9209453503089,60.6785790376167,69.7548174182407,56.4398010059767,67.1171323464294,49.2176565366639
47.4087457902196,65.6563156259185,69.3800726343665,64.3397953981313,64.1118293680614,64.3659030213228,65.4242986532422,66.8612299459312,43.9029006046659,61.9225220537059,65.764250346817,51.0309556265833,58.7374445276619,67.4863708629611,68.6377253698937,50.6305198487304,58.3488691587968,63.9825660904217,50.071749405409,51.5805055654893,67.668333242556,66.6784040161165,66.9278103746134,67.6559911838421,67.3809909921895,43.9209453503089,60.6785790376167,69.7548174182407,56.4398010059767,67.1171323464294,49.2176565366639
47.4087457902196,65.667620755039,69.3800726343665,64.4725411897813,64.1118293680614,64.3659030213228,65.4242986532422,66.8612299459312,43.9029006046659,61.9225220537059,65.764250346817,51.0309556265833,58.7374445276619,67.4863708629611,68.6377253698937,50.6305198487304,58.3488691587968,63.9825660904217,50.071749405409,51.5805055654893,67.668333242556,66.6784040161165,66.9278103746134,67.6559911838421,67.3809909921895,43.9209453503089,60.6785790376167,69.7548174182407,56.4398010059767,67.1171323464294,49.2204836416408
47.4223560317991,65.667620755039,69.3800726343665,64.4725411897813,64.1594487260652,64.3659030213228,65.4242986532422,66.8612299459312,43.9029006046659,61.9319772576066,65.764250346817,51.0309556265833,58.7374445276619,67.4863708629611,68.6377253698937,50.6305198487304,58.3488691587968,63.9825660904217,50.071749405409,51.5807426629289,67.668333242556,66.6784040161165,66.9278103746134,67.6559911838421,67.3809909921895,43.9209453503089,60.6785790376167,69.7596990281531,56.4398010059767,67.1171323464294,49.2204836416408
47.4223560317991,65.667620755039,69.3800726343665,64.4725411897813,64.1594487260652,64.3659030213228,65.4249057722338,66.8612299459312,43.9123682669397,61.9319772576066,65.764250346817,51.0309556265833,58.7374445276619,67.4863708629611,68.6377253698937,50.6305198487304,58.3488691587968,63.9825660904217,50.071749405409,51.6344424333014,67.6696824207027,66.6784040161165,66.9278103746134,67.6559911838421,67.3809909921895,43.9252770602295,60.6785790376167,69.8172582282621,56.4398010059767,67.1171323464294,49.2204836416408
47.4223560317991,65.667620755039,69.3800726343665,64.4725411897813,64.1594487260652,64.3659030213228,65.4249057722338,66.8612299459312,43.9123682669397,61.9319772576066,65.764250346817,51.0309556265833,58.7374445276619,67.4863708629611,68.6377253698937,50.6305198487304,58.3488691587968,63.9825660904217,50.071749405409,51.6344424333014,67.6696824207027,66.6784040161165,66.9278103746134,67.6559911838421,67.3809909921895,43.9252770602295,60.6785790376167,69.8172582282621,56.4398010059767,67.1171323464294,49.2204836416408
47.4223560317991,65.667620755039,69.3800726343665,64.4725411897813,64.1594487260652,64.3659030213228,65.4249057722338,66.8612299459312,43.9123682669397,61.9319772576066,65.764250346817,51.0309556265833,58.7374445276619,67.4863708629611,68.6377253698937,50.6305198487304,58.3488691587968,63.9825660904217,50.071749405409,51.6344424333014,67.6696824207027,66.6784040161165,66.9432597599624,67.6559911838421,67.3809909921895,43.9252770602295,60.6785790376167,69.8172582282621,56.4398010059767,67.1171323464294,49.2204836416408
47.4223560317991,65.667620755039,69.3800726343665,64.4725411897813,64.1594487260652,64.3799030168485,65.4249057722338,66.8612299459312,43.9123682669397,61.9319772576066,65.764250346817,51.0309556265833,58.7374445276619,67.4863708629611,68.6377299075498,50.6305198487304,58.3488691587968,63.9825660904217,50.071749405409,51.6344424333014,67.6696824207027,66.6784040161165,66.9601959105674,67.6574809718359,67.3809909921895,43.9252770602295,60.6785790376167,69.8172582282621,56.4398010059767,67.1171323464294,49.2204836416408
47.4252935785164,65.667620755039,69.3800726343665,64.4725411897813,64.1594487260652,64.3799030168485,65.4249057722338,66.8612299459312,43.9123682669397,61.9319772576066,65.764250346817,51.0309556265833,58.9306787660905,67.4863708629611,68.6377299075498,50.6305198487304,58.3488691587968,63.9825660904217,50.071749405409,51.6344424333014,67.6696824207027,66.6784040161165,66.9601959105674,67.6574809718359,67.4110589456347,43.9252770602295,60.6785790376167,69.8172582282621,56.4398010059767,67.1171323464294,49.2204836416408
47.4252935785164,65.667620755039,69.3800726343665,64.4833745211776,64.1594487260652,64.3799030168485,65.4382728900174,66.8612299459312,43.9123682669397,61.9319772576066,65.764250346817,51.0309556265833,58.9857467972901,67.4863708629611,68.6377299075498,50.6305198487304,58.3488691587968,63.9825660904217,50.071749405409,51.6344424333014,67.6696824207027,66.6793668232899,66.9601959105674,67.6574809718359,67.4110589456347,43.9252770602295,60.6785790376167,69.8172582282621,56.4398010059767,67.1171323464294,49.2204836416408
47.4252935785164,65.667620755039,69.3800726343665,64.4833745211776,64.1594487260652,64.3799030168485,65.4382728900174,66.8612299459312,43.9123682669397,61.9319772576066,65.764250346817,51.0309556265833,58.9857467972901,67.4863708629611,68.6377458717523,50.6305198487304,58.3488691587968,63.9825660904217,50.071749405409,51.6344424333014,67.6696824207027,66.6793668232899,66.9601959105674,67.6574809718359,67.4110589456347,43.9252770602295,60.6785790376167,69.8700873340195,56.4398010059767,67.1171323464294,49.2204836416408
47.4252935785164,65.667620755039,69.3800726343665,64.4833745211776,64.1741610826104,64.3799030168485,65.4382728900174,66.8612299459312,43.9123682669397,61.9319772576066,65.764250346817,51.0482742569079,58.9857467972901,67.4863708629611,68.6377458717523,50.6305198487304,58.3488691587968,63.9825660904217,50.071749405409,51.6344424333014,67.6696824207027,66.6793668232899,66.9601959105674,67.6574809718359,67.4110589456347,43.9252770602295,60.6785790376167,69.8700873340195,56.4398010059767,67.1171323464294,49.2204836416408
47.4252935785164,65.6762120323116,69.3806081201883,64.4833745211776,64.1741610826104,64.3799030168485,65.4382728900174,66.8612299459312,43.9123682669397,61.9319772576066,65.764250346817,51.0482742569079,58.9857467972901,67.4863708629611,68.637746723255,50.6305198487304,58.3488691587968,63.9825660904217,50.071749405409,51.6344424333014,67.6696824207027,66.6793668232899,66.9601959105674,67.6574809718359,67.4110589456347,43.9252770602295,60.6785790376167,69.8700873340195,56.4398010059767,67.1171323464294,49.2204836416408
47.4252935785164,65.6762120323116,69.3806081201883,64.4833745211776,64.1741610826104,64.3799030168485,65.443338581948,66.8780948052922,43.9123682669397,61.9319772576066,65.764250346817,51.0482742569079,58.9857467972901,67.4863708629611,68.637746723255,50.6305198487304,58.3488691587968,63.9825660904217,50.071749405409,51.6344424333014,67.6696824207027,66.6793668232899,66.9601959105674,67.6574809718359,67.4110589456347,43.9252770602295,60.6785790376167,69.8700873340195,56.4398010059767,67.1171323464294,49.2204836416408
47.4252935785164,65.6762120323116,69.3806081201883,64.5204649093918,64.1741610826104,64.382531153831,65.443338581948,66.8780948052922,43.9123682669397,61.9377797576829,65.764250346817,51.0482742569079,58.9857467972901,67.4863708629611,68.637746723255,50.6305198487304,58.3488691587968,63.9825660904217,50.071749405409,51.6344424333014,67.6696824207027,66.6793668232899,66.9601959105674,67.6574809718359,67.4110589456347,43.9252770602295,60.6785790376167,69.8700873340195,56.4398010059767,67.1171323464294,49.2204836416408
47.4303822550644,65.6762120323116,69.3806081201883,64.5204649093918,64.1741610826104,64.382531153831,65.443338581948,66.8780948052922,43.9123682669397,61.9377797576829,65.764250346817,51.0482742569079,58.9857467972901,67.4863708629611,68.637746723255,50.6305198487304,58.3488691587968,63.9825660904217,50.071749405409,51.6344424333014,67.6696824207027,66.6793668232899,66.9601959105674,67.6574809718359,67.4110589456347,43.9334325336871,60.6785790376167,69.8700873340195,56.4398010059767,67.1171323464294,49.2204836416408
47.4303822550644,65.6762120323116,69.3806081201883,64.5204649093918,64.1741610826104,64.382531153831,65.443338581948,66.8780948052922,43.9123682669397,61.9377797576829,65.764250346817,51.0482742569079,58.9857467972901,67.4863708629611,68.6377591275027,50.6305198487304,58.3488691587968,63.9825660904217,50.071749405409,51.6344424333014,67.6696824207027,66.6793668232899,66.9601959105674,67.6574809718359,67.4210756655508,43.9334325336871,60.6785790376167,69.8700873340195,56.4398010059767,67.1171323464294,49.2204836416408
47.4303822550644,65.6762120323116,69.3806081201883,64.5204649093918,64.1910288537166,64.382531153831,65.443338581948,66.8780948052922,43.9123682669397,61.9377797576829,65.764250346817,51.0482742569079,58.9857467972901,67.4863708629611,68.6377591275027,50.6305198487304,58.3488691587968,63.9825660904217,50.071749405409,53.5282187846492,67.6696824207027,66.6793668232899,66.9601959105674,67.6574809718359,67.4210756655508,43.9334325336871,60.6785790376167,69.8700873340195,56.4398010059767,67.1171323464294,49.2204836416408
47.4303822550644,65.6762120323116,69.3806081201883,64.5204649093918,64.1910288537166,64.382531153831,65.4471635343182,66.8780948052922,43.9123682669397,61.9377797576829,65.764250346817,51.0482742569079,59.162338230751,67.4863708629611,68.6377591275027,50.6306135136897,58.3488691587968,63.9825660904217,50.071749405409,53.5282187846492,67.6696824207027,66.6793668232899,66.9601959105674,67.6591844203311,67.4210756655508,43.9334325336871,60.6785790376167,69.8700873340195,56.4398010059767,67.1171323464294,49.2384340071925
47.4303822550644,65.6762120323116,69.3806081201883,64.5204649093918,64.1910288537166,64.382531153831,65.4524038056679,66.8780948052922,43.9123682669397,61.9377797576829,65.764250346817,51.0482742569079,59.162338230751,67.5062322814264,68.6377591275027,50.6306135136897,58.3488691587968,63.9825660904217,50.4575666941603,53.5282187846492,67.6696824207027,66.6793668232899,66.9601959105674,67.6591844203311,67.4210756655508,43.9334325336871,60.6785790376167,69.8700873340195,56.4398010059767,67.1171323464294,49.2384340071925
47.4303822550644,65.6762120323116,69.3806081201883,64.6790316829426,64.1910288537166,64.382531153831,65.4524038056679,66.8780948052922,43.9123682669397,61.9377797576829,65.764250346817,51.0482742569079,59.162338230751,67.5062322814264,68.6377591275027,50.6306135136897,58.3488691587968,63.9825660904217,51.4821995893515,53.5282187846492,67.6696824207027,66.6793668232899,66.9601959105674,67.6591844203311,67.4210756655508,43.9334325336871,60.6785790376167,69.8700873340195,56.4398010059767,67.1184244268529,49.2384340071925
47.4303822550644,65.6762120323116,69.3806081201883,64.6790316829426,64.1910288537166,64.382531153831,65.4524038056679,66.8780948052922,43.9123682669397,61.9377797576829,65.764250346817,51.0482742569079,59.162338230751,67.5062322814264,68.637778194846,50.6306135136897,58.3488691587968,63.9825660904217,51.4821995893515,53.5282187846492,67.6696824207027,66.6793668232899,66.9601959105674,67.659582118469,67.4210756655508,43.9334325336871,60.6785790376167,69.8700873340195,56.4398010059767,67.1184244268529,49.2384340071925
47.4303822550644,65.6762120323116,69.3806081201883,64.6790316829426,64.1910288537166,64.382531153831,65.4524038056679,66.8780948052922,43.9123682669397,61.9377797576829,65.764250346817,51.0482742569079,59.162338230751,67.5062322814264,68.637778194846,50.6314171829844,58.3488691587968,63.9825660904217,51.4821995893515,53.5282187846492,67.6696824207027,66.6793668232899,66.9601959105674,67.659582118469,67.4210756655508,43.9334325336871,60.6785790376167,69.8700873340195,56.4398010059767,67.1184244268529,49.2384340071925
47.4303822550644,65.6762120323116,69.3843390471842,64.6790316829426,64.1910288537166,64.382531153831,65.4524038056679,66.8780948052922,43.9123682669397,61.9377797576829,65.764250346817,51.0482742569079,59.162338230751,67.5062322814264,68.637778194846,50.6314171829844,58.3488691587968,63.9825660904217,51.4821995893515,53.5282187846492,67.6696824207027,66.6793668232899,66.9601959105674,67.659582118469,67.4210756655508,43.9334325336871,60.6785790376167,69.8700873340195,56.4398010059767,67.1184244268529,49.2384340071925
47.4303822550644,65.6762120323116,69.3843390471842,64.6790316829426,64.1910288537166,64.382531153831,65.4524038056679,66.8780948052922,43.9123682669397,61.9377797576829,65.764250346817,51.0482742569079,59.162338230751,67.5062322814264,68.637778194846,50.6314171829844,58.3488691587968,63.9825660904217,51.4821995893515,53.5282187846492,67.6702146221805,66.6793668232899,66.9601959105674,67.659582118469,67.4210756655508,43.9334325336871,60.6785790376167,69.8700873340195,56.4398010059767,67.1184244268529,49.2384340071925
47.4303822550644,65.6762120323116,69.3843390471842,64.6790316829426,64.1910288537166,64.382531153831,65.4524038056679,66.8780948052922,43.9123682669397,61.9377797576829,65.764250346817,51.0482742569079,59.162338230751,67.5062322814264,68.637778194846,50.6314171829844,58.3488691587968,63.9825660904217,51.4821995893515,53.5282187846492,67.6702146221805,66.6793668232899,66.9601959105674,67.659582118469,67.4210756655508,43.9334325336871,60.6785790376167,69.8700873340195,56.4398010059767,67.1184244268529,49.2384340071925
47.4303822550644,65.6762120323116,69.3843390471842,64.6829663158548,64.1910288537166,64.382531153831,65.4524038056679,66.8780948052922,43.9123682669397,61.9377797576829,65.764250346817,51.0482742569079,59.162338230751,67.5062322814264,68.637778194846,50.6314171829844,58.3488691587968,63.9825660904217,51.4821995893515,53.5282187846492,67.6702146221805,66.6793668232899,66.9601959105674,67.659582118469,67.4210756655508,43.933494827122,60.6785790376167,69.8700873340195,56.4398010059767,67.1184244268529,49.2384340071925
47.4303822550644,65.6762120323116,69.3843390471842,64.6829663158548,64.1910288537166,64.382531153831,65.4524038056679,66.8780948052922,43.9123682669397,61.9377797576829,65.764250346817,51.0482742569079,59.162338230751,67.5062322814264,68.637778194846,50.6315282040102,58.3488691587968,64.0229921804937,51.4821995893515,53.5282187846492,67.6702146221805,66.6793668232899,66.9601959105674,67.659582118469,67.4210756655508,43.933494827122,60.6785790376167,69.8700873340195,56.4398010059767,67.1184244268529,49.2384340071925
47.4303822550644,65.6762120323116,69.3843390471842,64.6829663158548,64.1910288537166,64.382531153831,65.4524038056679,66.8780948052922,43.9123682669397,61.9377797576829,65.764250346817,51.0482742569079,59.162338230751,67.5062322814264,68.637778194846,50.6315282040102,58.3488691587968,64.0229921804937,51.4821995893515,53.5282187846492,67.6702389298458,66.6793668232899,66.9601959105674,67.659582118469,67.4210756655508,43.933494827122,60.6785790376167,69.8700873340195,56.4398010059767,67.1184244268529,49.2384340071925
47.4303822550644,65.6762120323116,69.3843390471842,64.6829663158548,64.1910288537166,64.382531153831,65.4524038056679,66.8780948052922,43.9123682669397,61.9377797576829,65.764250346817,51.0482742569079,59.162338230751,67.5062322814264,68.637778194846,50.6315282040102,58.3488691587968,64.0229921804937,51.4821995893515,53.5282187846492,67.6702389298458,66.6793668232899,66.9601959105674,67.659582118469,67.4210756655508,43.933494827122,60.6785790376167,69.8700873340195,56.4398010059767,67.1184244268529,49.2384340071925
47.4303822550644,65.6762120323116,69.3843390471842,64.6829663158548,64.1966886769374,64.382531153831,65.4524038056679,66.8780948052922,43.9123682669397,61.9377797576829,65.764250346817,51.0482742569079,59.162338230751,67.5062322814264,68.637778194846,50.6315282040102,58.3488691587968,64.0229921804937,51.4821995893515,53.5282187846492,67.6702389298458,66.6793668232899,66.9601959105674,67.659582118469,67.4210756655508,43.933494827122,60.6785790376167,69.8700873340195,56.4398010059767,67.1184244268529,49.2384340071925
47.4303822550644,65.6762120323116,69.3843390471842,64.6829663158548,64.1966886769374,64.382531153831,65.4524038056679,66.8780948052922,43.9123682669397,61.9377797576829,65.764250346817,51.0482742569079,59.162338230751,67.5062322814264,68.6377850312236,50.6315282040102,58.3488691587968,64.0229921804937,51.4821995893515,53.5282187846492,67.6702389298458,66.6793668232899,66.9601959105674,67.6604399815422,67.4210756655508,43.933494827122,60.6785790376167,69.8700873340195,56.4398010059767,67.1184244268529,49.2384340071925
47.4303822550644,65.6762120323116,69.3843390471842,64.7182807524726,64.1966886769374,64.382531153831,65.4524038056679,66.8780948052922,43.9123682669397,61.9377797576829,65.764250346817,51.0482742569079,59.162338230751,67.5062322814264,68.6377850312236,50.6317280621843,58.3489211660021,64.0229921804937,51.4821995893515,53.5282187846492,67.6702389298458,66.6793668232899,66.9601959105674,67.6604399815422,67.4210756655508,43.933494827122,60.6785790376167,69.8700873340195,56.4398010059767,67.1184244268529,49.2384340071925
47.4303822550644,65.6762120323116,69.3843390471842,64.7182807524726,64.1966886769374,64.382531153831,65.4524038056679,66.8780948052922,43.9222711047992,61.9418384146436,65.764250346817,51.0482742569079,59.162338230751,67.5062322814264,68.6377850312236,50.6317280621843,58.3489211660021,64.0229921804937,54.9102714538483,53.5282187846492,67.671919746056,66.6793668232899,66.9601959105674,67.6604399815422,67.4210756655508,43.933494827122,60.6785790376167,69.8700873340195,56.4398010059767,67.1184244268529,49.2384340071925
47.4303822550644,65.6762120323116,69.3843390471842,64.7182807524726,64.1966886769374,64.382531153831,65.4524038056679,66.8780948052922,43.9664358669097,61.9418384146436,65.764250346817,51.058565006489,59.2400496914915,67.5062322814264,68.6377850312236,50.6317280621843,58.3489211660021,64.0229921804937,54.9102714538483,53.5282187846492,67.671919746056,66.6793668232899,66.961322203094,67.6609518128426,67.4210756655508,43.933494827122,60.6785790376167,69.8700873340195,56.4398010059767,67.1184244268529,49.2384340071925
47.4311423777614,65.6762120323116,69.3843390471842,64.7182807524726,64.1966886769374,64.382531153831,65.4524038056679,66.8780948052922,43.9664358669097,61.9418384146436,65.764250346817,51.058565006489,59.2400496914915,67.5062322814264,68.6377891502083,50.6317280621843,58.3489211660021,64.0229921804937,54.9102714538483,53.5282187846492,67.671919746056,66.6793668232899,66.961322203094,67.6609518128426,67.4210756655508,43.933494827122,60.6785790376167,69.8700873340195,56.4398010059767,67.1184244268529,49.2384340071925
47.4311423777614,65.6762120323116,69.3843390471842,64.7182807524726,64.2139351809298,64.382531153831,65.4524038056679,66.8780948052922,43.9664358669097,61.9418384146436,65.764250346817,51.058565006489,59.2400496914915,67.5062322814264,68.6377891502083,50.6317280621843,58.3489211660021,64.0229921804937,54.9102714538483,53.5282187846492,67.671919746056,66.6793668232899,66.961322203094,67.6609518128426,67.4210756655508,43.933494827122,60.6785790376167,69.8700873340195,56.4398010059767,67.1184244268529,49.2384340071925
47.4311423777614,65.6762120323116,69.3843390471842,64.7182807524726,64.2139351809298,64.382531153831,65.4524038056679,66.8780948052922,43.9664358669097,61.9418384146436,65.764250346817,51.058565006489,59.2400496914915,67.5083690516505,68.6377891502083,50.6317280621843,58.3489211660021,64.0229921804937,54.9102714538483,53.5282187846492,67.671919746056,66.6793668232899,66.961322203094,67.6609518128426,67.4210756655508,43.9338177879551,60.6785790376167,69.8700873340195,56.4398010059767,67.1184244268529,49.2384340071925
47.4325407950487,65.6762120323116,69.3843390471842,64.7182807524726,64.2139351809298,64.382531153831,65.4524038056679,66.8780948052922,43.9664358669097,61.9418384146436,65.764250346817,51.0705818929337,59.2400496914915,67.5083690516505,68.6377891502083,50.6318934173962,58.3489211660021,64.0229921804937,54.9102714538483,53.5282187846492,67.671919746056,66.6793668232899,66.961322203094,67.6609518128426,67.4210756655508,43.9338177879551,60.678934534072,69.8700873340195,56.4398010059767,67.1184244268529,49.2384340071925
47.4325407950487,65.6762120323116,69.3843390471842,64.7182807524726,64.2139351809298,64.382531153831,65.4524038056679,66.8780948052922,43.9664358669097,61.9418384146436,65.764250346817,51.0705818929337,59.2400496914915,67.5083690516505,68.6377891502083,50.6318934173962,58.3489211660021,64.0229921804937,54.9102714538483,53.5282187846492,67.671919746056,66.6793668232899,66.961322203094,67.6609518128426,67.428207139733,43.9338177879551,60.678934534072,69.8700873340195,56.4398010059767,67.1184244268529,49.2384340071925
47.4325407950487,65.6762120323116,69.3843390471842,64.7182807524726,64.2139351809298,64.382531153831,65.4524038056679,66.8780948052922,43.9664358669097,61.9418384146436,65.764250346817,51.0705818929337,59.2400496914915,67.5083690516505,68.6377891502083,50.6322993873181,58.351046063388,64.0229921804937,54.9102714538483,53.5282187846492,67.671919746056,66.6793668232899,66.961322203094,67.6609518128426,67.428207139733,43.9338177879551,60.678934534072,69.8700873340195,56.4398010059767,67.1184244268529,49.2384340071925
47.4325407950487,65.6762120323116,69.3843390471842,64.7182807524726,64.2139351809298,64.382531153831,65.4524038056679,66.8780948052922,43.9664358669097,61.9418384146436,65.764250346817,51.0705818929337,59.2400496914915,67.5083690516505,68.6377891502083,50.6322993873181,58.351046063388,64.0229921804937,54.9102714538483,53.5282187846492,67.671919746056,66.6793668232899,66.9616109552432,67.6609518128426,67.428207139733,43.9338177879551,60.678934534072,69.8700873340195,56.4398010059767,67.1184244268529,49.2384340071925
47.4325407950487,65.6762120323116,69.3843390471842,64.7182807524726,64.2139351809298,64.382531153831,65.4524038056679,66.8780948052922,43.9664358669097,61.9418384146436,65.764250346817,51.0705818929337,59.2400496914915,67.5083690516505,68.6377900871778,50.6322993873181,58.351046063388,64.0229921804937,54.9102714538483,53.5282187846492,67.671919746056,66.6793668232899,66.9616109552432,67.6609518128426,67.428207139733,43.9338177879551,60.678934534072,69.8700873340195,56.4398010059767,67.1184244268529,49.2384340071925
47.4325407950487,65.6765563674932,69.3886051913195,64.7182807524726,64.2139351809298,64.3910922515147,65.4524038056679,66.8780948052922,43.9664358669097,61.9425383259005,65.8654590232041,51.0705818929337,59.2400496914915,67.5083690516505,68.6377900871778,50.6322993873181,58.351046063388,64.0229921804937,54.9102714538483,53.5858768380408,67.6734316198818,66.6793668232899,66.9616109552432,67.6609518128426,67.428207139733,43.9354450200454,60.678934534072,69.8700873340195,56.4398010059767,67.1184244268529,49.2384340071925
47.4325407950487,65.6765563674932,69.3886051913195,64.7182807524726,64.2139351809298,64.3910922515147,65.4524038056679,66.8780948052922,43.9664358669097,61.9425383259005,65.8654590232041,51.0705818929337,59.2400496914915,67.5083690516505,68.6377901578522,50.632314688401,58.351046063388,64.0229921804937,54.9102714538483,53.5858768380408,67.6734316198818,66.6793668232899,66.9616109552432,67.6609518128426,67.428207139733,43.9354450200454,60.678934534072,69.8700873340195,56.4398010059767,67.1184244268529,49.2384340071925
47.4325407950487,65.6765563674932,69.3886051913195,64.7182807524726,64.2139351809298,64.3910922515147,65.4524038056679,66.8780948052922,43.9664358669097,61.9425383259005,65.8654590232041,51.0705818929337,59.2400496914915,67.5083690516505,68.6377901578522,50.632314688401,58.351046063388,64.0352481083626,54.9102714538483,53.5858768380408,67.6734316198818,66.6793668232899,66.9616109552432,67.6609518128426,67.428207139733,43.9354450200454,60.678934534072,69.8700873340195,56.4398010059767,67.1184244268529,49.2384340071925
47.4325407950487,65.6765563674932,69.3886051913195,64.7182807524726,64.2139351809298,64.3910922515147,65.4524038056679,66.8780948052922,43.9664358669097,61.9425383259005,65.8654590232041,51.0705818929337,59.2400496914915,67.5083690516505,68.6377901578522,50.632379423022,58.351046063388,64.0352481083626,54.9102714538483,53.5858768380408,67.6734316198818,66.6793668232899,66.9616109552432,67.6609518128426,67.428207139733,43.9354450200454,60.678934534072,69.8757884817218,56.4401188608444,67.1184244268529,49.2384340071925
47.4325407950487,65.6765563674932,69.3886051913195,64.7182807524726,64.2139351809298,64.3910922515147,65.4524038056679,66.8780948052922,43.9664358669097,61.9425383259005,65.8654590232041,51.0705818929337,59.2420191181361,67.5083690516505,68.6377901578522,50.632379423022,58.351046063388,64.0352481083626,54.9102714538483,53.5858768380408,67.6734316198818,66.6793846157844,66.962064625271,67.6609518128426,67.4507722888355,43.9354450200454,60.678934534072,69.8757884817218,56.4401188608444,67.1184244268529,49.2384340071925
47.4325407950487,65.6765563674932,69.3886051913195,64.7182807524726,64.2139351809298,64.3910922515147,65.4524038056679,66.8780948052922,43.9664358669097,61.9425383259005,65.8654590232041,51.0705818929337,59.2420191181361,67.5103713606334,68.6377901578522,50.6323982614227,58.351046063388,64.0352481083626,54.9102714538483,53.5858768380408,67.6734316198818,66.6793846157844,66.962064625271,67.6609518128426,67.4507722888355,43.936483846054,60.678934534072,69.8757884817218,56.4401188608444,67.1184244268529,49.2384340071925
47.4325407950487,65.6765563674932,69.3886051913195,64.7524878162654,64.2139351809298,64.3910922515147,65.4575482470758,66.8780948052922,43.9664358669097,61.9425383259005,65.8654590232041,51.0705818929337,59.2420191181361,67.5103713606334,68.6377932106926,50.6323982614227,58.351046063388,64.0352481083626,54.9102714538483,53.5858768380408,67.6734316198818,66.6793846157844,66.962064625271,67.6609518128426,67.4507722888355,43.936483846054,60.678934534072,69.8757884817218,56.4401188608444,67.1184244268529,49.2384340071925
47.4325407950487,65.6765563674932,69.3886051913195,64.8371808293544,64.2139351809298,64.3910922515147,65.4575482470758,66.8780948052922,43.9664358669097,61.9425383259005,65.8654590232041,51.0705818929337,59.2420191181361,67.5103713606334,68.6377932106926,50.6325608304331,58.351046063388,64.0352481083626,54.9102714538483,53.5858768380408,67.6734316198818,66.6793846157844,66.962064625271,67.6609518128426,67.4507722888355,43.936483846054,60.678934534072,69.8757884817218,56.4401188608444,67.1184244268529,49.2384340071925
47.4325407950487,65.6765563674932,69.3886051913195,64.8371808293544,64.2243952850966,64.3910922515147,65.4575482470758,66.8784879414226,43.9664358669097,61.9425383259005,65.8654590232041,51.0705818929337,59.2420191181361,67.5103713606334,68.6377939849704,50.6325608304331,58.351046063388,64.0352481083626,54.9102714538483,53.5858768380408,67.6734316198818,66.6793846157844,66.962064625271,67.6614692598042,67.4507722888355,43.936483846054,60.678934534072,69.8757884817218,56.4401188608444,67.1184244268529,49.2384340071925
47.4325407950487,65.6765563674932,69.3886051913195,64.8371808293544,64.2243952850966,64.3910922515147,65.4575482470758,66.8784879414226,43.9664358669097,61.9425383259005,65.8654590232041,51.0705818929337,59.2420191181361,67.5103713606334,68.6377939849704,50.6325610478873,58.351046063388,64.0352481083626,54.9102714538483,53.5858768380408,67.6734316198818,66.6793846157844,66.962064625271,67.6614692598042,67.4507722888355,43.936483846054,60.678934534072,69.8757884817218,56.4401188608444,67.1225908538142,49.2430733486207
47.4325407950487,65.6765563674932,69.3886051913195,64.8371808293544,64.2243952850966,64.3910922515147,65.4575482470758,66.8784879414226,43.9664358669097,61.9425383259005,65.8811523974832,51.0705818929337,59.2420191181361,67.5103713606334,68.637794024737,50.6325711630994,58.351046063388,64.0352481083626,54.9102714538483,53.5858768380408,67.6734316198818,66.6793846157844,66.962064625271,67.6614692598042,67.4507722888355,43.936483846054,60.678934534072,69.8757884817218,56.4401188608444,67.1225908538142,49.2430733486207
47.4325407950487,65.6765563674932,69.3886051913195,64.8371808293544,64.2243952850966,64.3910922515147,65.4575482470758,66.8784879414226,43.9664358669097,61.9425383259005,65.8811523974832,51.0705818929337,59.2420191181361,67.5112087055222,68.637794024737,50.6325711630994,58.351046063388,64.0352481083626,54.9102714538483,53.9494259143017,67.6734316198818,66.6793846157844,66.9648594362407,67.6614692598042,67.4507722888355,43.9371696602805,60.678934534072,69.8757884817218,56.4401188608444,67.1225908538142,49.2430733486207
47.4325407950487,65.678534744971,69.3886051913195,64.8371808293544,64.2243952850966,64.3910922515147,65.4575482470758,66.8784879414226,43.9664358669097,61.9425383259005,65.8811523974832,51.0705818929337,59.2631479537724,67.5112087055222,68.637794024737,50.6325711630994,58.351046063388,64.0352481083626,54.9102714538483,54.324382672863,67.6734316198818,66.6793846157844,66.9648594362407,67.6614692598042,67.4507722888355,43.9371696602805,60.678934534072,69.8757884817218,56.4401188608444,67.1225908538142,49.2430733486207
47.4325407950487,65.678534744971,69.3886051913195,64.8371808293544,64.2243952850966,64.3910922515147,65.4579600511922,66.8784879414226,43.9664358669097,61.9425383259005,65.8811523974832,51.0714644792983,59.2631479537724,67.5112087055222,68.637794024737,50.6325711630994,58.351046063388,64.0352481083626,54.9102714538483,54.324382672863,67.6734316198818,66.6793846157844,66.9648594362407,67.6614692598042,67.4507722888355,43.9371696602805,60.678934534072,69.8757884817218,56.4401188608444,67.1225908538142,49.2430733486207
47.4325407950487,65.678534744971,69.3886051913195,64.8371808293544,64.2243952850966,64.3910922515147,65.4579600511922,66.8784879414226,43.9664358669097,61.9462197909269,65.8811523974832,51.0714644792983,59.2631479537724,67.5112087055222,68.637794024737,50.6325711630994,58.351046063388,64.0352481083626,54.9102714538483,54.324382672863,67.6734316198818,66.6793846157844,66.9648594362407,67.6614692598042,67.4507722888355,43.9371696602805,60.678934534072,69.8757884817218,56.4401188608444,67.1225908538142,49.2430733486207
47.4325407950487,65.678534744971,69.3886051913195,64.8371808293544,64.2243952850966,64.3910922515147,65.4579600511922,66.8784879414226,43.9664358669097,61.9462197909269,65.8811523974832,51.0714644792983,59.2631479537724,67.5112087055222,68.637794024737,50.6325711630994,58.351046063388,64.0352481083626,54.9102714538483,54.324382672863,67.6734316198818,66.6793846157844,66.9648594362407,67.6621184218975,67.4507722888355,43.9371696602805,60.678934534072,69.8757884817218,56.440223001204,67.1225908538142,49.2430733486207
47.4325407950487,65.678534744971,69.3886051913195,64.8371808293544,64.2243952850966,64.3910922515147,65.4579600511922,66.8784879414226,43.9681854031915,61.9462197909269,65.8811523974832,51.0714644792983,59.2631479537724,67.5112087055222,68.637794024737,50.6325711630994,58.351046063388,64.0352481083626,54.9102714538483,54.4827499102505,67.6734316198818,66.6793846157844,66.9648594362407,67.6621184218975,67.4507722888355,43.9371696602805,60.678934534072,69.8757884817218,56.440223001204,67.1225908538142,49.2430733486207
47.4347196383269,65.678534744971,69.3886051913195,64.8371808293544,64.2243952850966,64.3910922515147,65.4579600511922,66.8784879414226,43.9681854031915,61.9462197909269,65.8811523974832,51.0714644792983,59.2631479537724,67.5112087055222,68.637794024737,50.6325711630994,58.351046063388,64.0352481083626,54.9102714538483,54.4827499102505,67.6734316198818,66.6793846157844,66.9648594362407,67.6621184218975,67.4507722888355,43.9371696602805,60.678934534072,69.8757884817218,56.440223001204,67.1225908538142,49.2430733486207
47.4347196383269,65.678534744971,69.3886051913195,64.867193337156,64.2243952850966,64.3910922515147,65.4579600511922,66.8784879414226,43.9681854031915,61.9462197909269,65.8811523974832,51.0714644792983,59.2631479537724,67.5145683125558,68.637794024737,50.6325711630994,58.351046063388,64.0352481083626,54.9102714538483,54.4827499102505,67.6734316198818,66.6793846157844,66.9723487010348,67.6621184218975,67.4507722888355,43.9371696602805,60.678934534072,69.8757884817218,56.440223001204,67.1225908538142,49.2430733486207
47.4347196383269,65.678534744971,69.3886051913195,64.867193337156,64.2243952850966,64.3910922515147,65.4579600511922,66.8784879414226,43.9681854031915,61.9472334544271,65.8811523974832,51.0714644792983,59.2631479537724,67.5145683125558,68.637794024737,50.6325711630994,58.351046063388,64.0352481083626,54.9102714538483,54.4827499102505,67.6734316198818,66.6793846157844,66.9723487010348,67.6621506571172,67.4507722888355,43.9371696602805,60.678934534072,69.8757884817218,56.440223001204,67.1225908538142,49.2430733486207
47.4347196383269,65.678534744971,69.3886051913195,64.867193337156,64.2243952850966,64.3936981101901,65.4579600511922,66.8784879414226,43.9681854031915,61.9472334544271,65.8811523974832,51.0714644792983,59.2631479537724,67.5145683125558,68.637794024737,50.6325711630994,58.351046063388,64.0352481083626,54.9102714538483,55.3376637113157,67.6734316198818,66.6793846157844,66.9723487010348,67.6621506571172,67.4507722888355,43.9371696602805,60.678934534072,69.8757884817218,56.440223001204,67.1225908538142,49.2430733486207
47.4347196383269,65.678534744971,69.3907811227523,64.867193337156,64.2243952850966,64.3936981101901,65.4579600511922,66.8784879414226,43.9681854031915,61.9472334544271,65.896381656639,51.0714644792983,59.2631479537724,67.5145683125558,68.637794024737,50.6325711630994,58.351046063388,64.0352481083626,54.9102714538483,55.3376637113157,67.6734316198818,66.6793846157844,66.9723487010348,67.6621506571172,67.4759662112905,43.9371696602805,60.678934534072,69.8757884817218,56.440223001204,67.1225908538142,49.2430733486207
47.4347196383269,65.678534744971,69.3907811227523,64.867193337156,64.2243952850966,64.3936981101901,65.4579600511922,66.8784879414226,43.9737355696388,61.9472334544271,65.9520455955092,51.0714644792983,59.2631479537724,67.5145683125558,68.6377941843836,50.6325711630994,58.351046063388,64.0352481083626,54.9102714538483,55.3376637113157,67.6734316198818,66.6793846157844,66.9723487010348,67.6621506571172,67.4759662112905,43.9371696602805,60.678934534072,69.8757884817218,56.440223001204,67.1225908538142,49.2430733486207
47.4386119545934,65.678534744971,69.3907811227523,64.867193337156,64.2243952850966,64.3936981101901,65.4579600511922,66.8805161386525,43.9737355696388,61.9472334544271,65.9520455955092,51.0714644792983,59.2631479537724,67.5145683125558,68.6377941843836,50.6325711630994,58.351046063388,64.0352481083626,54.9102714538483,55.3376637113157,67.6734316198818,66.6794964434234,66.9723487010348,67.6621506571172,67.4759662112905,43.9371696602805,60.678934534072,69.8757884817218,56.4406984927913,67.1225908538142,49.2430733486207
47.4386119545934,65.678534744971,69.3907811227523,64.867193337156,64.2243952850966,64.3936981101901,65.4593258376304,66.8805161386525,43.9737355696388,61.9472334544271,65.9520455955092,51.0714644792983,59.2631479537724,67.5179980573182,68.6377942048144,50.6325711630994,58.351046063388,64.0352481083626,54.9102714538483,55.3376637113157,67.6734316198818,66.6794964434234,66.9723487010348,67.6621506571172,67.4759662112905,43.9371696602805,60.678934534072,69.8794036464607,56.4406984927913,67.1225908538142,49.2430733486207
47.4386119545934,65.678534744971,69.3907811227523,64.867193337156,64.2243952850966,64.3936981101901,65.4593258376304,66.8805161386525,43.9737355696388,61.9532034522128,65.9520455955092,51.0714644792983,59.2631479537724,67.5179980573182,68.6377942048144,50.6325711630994,58.351046063388,64.0352481083626,54.9102714538483,56.0784665243761,67.6734316198818,66.6794964434234,66.9817785891559,67.6621506571172,67.4759662112905,43.9371696602805,60.678934534072,69.8794036464607,56.4406984927913,67.1225908538142,49.2430733486207
47.4386119545934,65.678534744971,69.3907811227523,64.867193337156,64.2252803107233,64.3941293416054,65.4593258376304,66.8805161386525,43.9737355696388,61.9532034522128,65.9520455955092,51.0714644792983,59.2631479537724,67.5179980573182,68.6377942048144,50.6325863768114,58.3512069847087,64.0352481083626,54.9102714538483,56.0784665243761,67.6734316198818,66.6794964434234,66.9817785891559,67.6621506571172,67.4759662112905,43.9371696602805,60.678934534072,69.8794036464607,56.4406984927913,67.1225908538142,49.2442935471485
47.4386119545934,65.678534744971,69.3907811227523,64.867193337156,64.2252803107233,64.3941293416054,65.4593258376304,66.8805161386525,43.9737355696388,61.9532034522128,65.9520455955092,51.0714644792983,59.351519632357,67.5179980573182,68.6377942048144,50.6325863768114,58.3512069847087,64.0352481083626,54.9102714538483,56.0784665243761,67.6734316198818,66.6794964434234,66.9817785891559,67.6621506571172,67.4759662112905,43.9371696602805,60.678934534072,69.8794036464607,56.4406984927913,67.1225908538142,49.2442935471485
47.4386119545934,65.678534744971,69.397839524956,64.867193337156,64.2252803107233,64.3941293416054,65.4593258376304,66.8805161386525,43.9737355696388,61.9532034522128,65.9520455955092,51.0714644792983,59.351519632357,67.5179980573182,68.6377942048144,50.6325863768114,58.3512069847087,64.0352481083626,54.9102714538483,56.0784665243761,67.6734316198818,66.6794964434234,66.9817785891559,67.6621506571172,67.4759662112905,43.9371696602805,60.678934534072,69.8794036464607,56.4406984927913,67.1225908538142,49.2442935471485
47.4386119545934,65.678534744971,69.397839524956,64.867193337156,64.2252803107233,64.3941293416054,65.4593258376304,66.8821722490952,43.9737355696388,61.9532034522128,65.9520455955092,51.0721300398294,59.351519632357,67.5179980573182,68.6377942048144,50.6325863768114,58.3512069847087,64.0352481083626,54.9102714538483,56.0784665243761,67.6734316198818,66.6795460161314,66.9817785891559,67.6621506571172,67.479544930893,43.9371696602805,60.678934534072,69.8794036464607,56.4406984927913,67.1225908538142,49.2442935471485
47.4386119545934,65.678534744971,69.397839524956,64.867193337156,64.2252803107233,64.3941293416054,65.4593258376304,66.8821722490952,43.9737355696388,61.9532034522128,65.9520455955092,51.0721300398294,59.351519632357,67.5179980573182,68.6377942048144,50.6325863768114,58.3512069847087,64.0352481083626,54.9102714538483,56.0784665243761,67.6734316198818,66.6795460161314,66.9817785891559,67.6621506571172,67.479544930893,43.9371696602805,60.678934534072,69.8794036464607,56.4406984927913,67.1225908538142,49.2442935471485
47.4386119545934,65.678534744971,69.397839524956,64.867193337156,64.2252803107233,64.3943421317411,65.4593258376304,66.8821722490952,43.9737355696388,61.9532034522128,65.9520455955092,51.0721300398294,59.351519632357,67.5179980573182,68.6377944931712,50.6325863768114,58.3512069847087,64.0352481083626,54.9102714538483,56.0784665243761,67.6734316198818,66.6795460161314,66.9817785891559,67.6621506571172,67.479544930893,43.9371696602805,60.678934534072,69.8794036464607,56.4406984927913,67.1225908538142,49.2442935471485
47.4386119545934,65.678534744971,69.397839524956,64.867193337156,64.2252803107233,64.3943421317411,65.4593258376304,66.8821722490952,43.9737674573437,61.9532034522128,65.9520455955092,51.0721300398294,59.351519632357,67.5179980573182,68.6377944931712,50.6325863768114,58.3512069847087,64.0352481083626,54.9102714538483,56.0784665243761,67.6734316198818,66.6795460161314,66.9864759664251,67.6621506571172,67.479544930893,43.9371696602805,60.678934534072,69.8794036464607,56.4407855703195,67.1225908538142,49.2442935471485
47.4386119545934,65.6815517246541,69.397839524956,64.867193337156,64.2252803107233,64.3943421317411,65.4593258376304,66.8821722490952,43.9777051262577,61.9560302712006,65.9662920699689,51.0721300398294,59.351519632357,67.5179980573182,68.6377946053037,50.6326761700217,58.3512069847087,64.0352481083626,54.9102714538483,56.0784665243761,67.67357381528,66.6795609609364,66.9864759664251,67.6621805603054,67.479544930893,43.9373553018045,60.6793045790045,69.8794036464607,56.4407855703195,67.1225908538142,49.2442935471485
47.4386119545934,65.6815517246541,69.397839524956,64.867193337156,64.2252803107233,64.3943421317411,65.4623513039927,66.8821722490952,43.9777051262577,61.9560302712006,65.9662920699689,51.0721300398294,59.351519632357,67.5179980573182,68.6377946632439,50.6326761700217,58.3512069847087,64.0352481083626,54.9102714538483,56.0784665243761,67.67357381528,66.6795871988721,66.9864759664251,67.6621805603054,67.479544930893,43.9373553018045,60.6793045790045,69.8794036464607,56.4407855703195,67.1225908538142,49.2442935471485
47.4386119545934,65.6815517246541,69.397839524956,64.867193337156,64.2252803107233,64.3943421317411,65.4623513039927,66.8821722490952,43.9777051262577,61.9560302712006,65.9662920699689,51.0721300398294,59.351519632357,67.5179980573182,68.6377946632439,50.6326761700217,58.3512069847087,64.0352481083626,54.9102714538483,56.0784665243761,67.67357381528,66.6795871988721,66.9864759664251,67.6621805603054,67.479544930893,43.9373553018045,60.6793045790045,69.8794036464607,56.4407855703195,67.1225908538142,49.2442935471485
47.4386119545934,65.6815517246541,69.397839524956,64.867193337156,64.2252803107233,64.3943421317411,65.4623513039927,66.8821722490952,43.9777051262577,61.9560302712006,65.9662920699689,51.0721300398294,59.351519632357,67.5179980573182,68.6377948293152,50.6327049594032,58.3512069847087,64.0352481083626,54.9102714538483,56.0784665243761,67.67357381528,66.6795871988721,66.9864759664251,67.6621805603054,67.479544930893,43.9373553018045,60.6793045790045,69.8794036464607,56.4407855703195,67.1225908538142,49.2442935471485
47.4406131583738,65.6815517246541,69.397839524956,64.867193337156,64.2252803107233,64.3943421317411,65.4623513039927,66.8849982082758,43.9777051262577,61.9560302712006,65.9662920699689,51.0721300398294,59.351519632357,67.5179980573182,68.6377948293152,50.6327049594032,58.3514209778189,64.0352481083626,54.9102714538483,56.0784665243761,67.67357381528,66.6795871988721,66.9864759664251,67.6623261785827,67.479544930893,43.9373553018045,60.6793045790045,69.8794036464607,56.4407855703195,67.1225908538142,49.2442935471485
47.4406131583738,65.6815517246541,69.397839524956,64.867193337156,64.2252803107233,64.3950816306937,65.4623513039927,66.8849982082758,43.9777051262577,61.9560302712006,65.9662920699689,51.0721300398294,59.351519632357,67.5179980573182,68.6377948293152,50.6327049594032,58.3514209778189,64.0352481083626,54.9102714538483,56.0784665243761,67.6741277533026,66.6795871988721,66.9864759664251,67.6623261785827,67.479544930893,43.9373553018045,60.6793045790045,69.8794036464607,56.4407855703195,67.1225908538142,49.2442935471485
47.4406131583738,65.6815517246541,69.397839524956,64.867193337156,64.2252803107233,64.3960836413383,65.4623513039927,66.8849982082758,43.9777051262577,61.9560302712006,65.9662920699689,51.0721300398294,59.351519632357,67.5179980573182,68.6377948293152,50.6327148249779,58.3514209778189,64.0352481083626,54.9102714538483,56.0784665243761,67.6741277533026,66.6795871988721,66.9864759664251,67.6623261785827,67.479544930893,43.9373553018045,60.6793045790045,69.8974058133141,56.4407855703195,67.1225908538142,49.2442935471485
47.4406131583738,65.6815517246541,69.397839524956,64.867193337156,64.2252803107233,64.3960836413383,65.4623513039927,66.8849982082758,43.9777051262577,61.9560302712006,65.9662920699689,51.0721300398294,59.351519632357,67.5179980573182,68.6377949591532,50.6327148249779,58.3514209778189,64.0572745957663,55.1330627651684,56.0784665243761,67.6741277533026,66.6795871988721,66.9864759664251,67.6623261785827,67.479544930893,43.9373553018045,60.6793045790045,69.8974058133141,56.4407855703195,67.1225908538142,49.2442935471485
47.4406131583738,65.6815517246541,69.397839524956,64.8675035946419,64.2252803107233,64.3960836413383,65.4623513039927,66.8849982082758,43.9777051262577,61.9560302712006,65.9662920699689,51.0721300398294,59.351519632357,67.5179980573182,68.6377949591532,50.6327148249779,58.3514209778189,64.0572745957663,55.1330627651684,56.0784665243761,67.6741277533026,66.6795871988721,66.9864759664251,67.6623261785827,67.479544930893,43.9373553018045,60.6793045790045,69.8974058133141,56.4407855703195,67.1225908538142,49.2442935471485
47.4406131583738,65.6815517246541,69.397839524956,64.8675035946419,64.2252803107233,64.3960836413383,65.4623513039927,66.8849982082758,43.9777051262577,61.9560302712006,65.9662920699689,51.0721300398294,59.351519632357,67.5179980573182,68.6377951056945,50.6327150715997,58.3514209778189,64.0572745957663,55.1330627651684,56.0784665243761,67.6741277533026,66.6795871988721,66.9864759664251,67.6623261785827,67.479544930893,43.9373553018045,60.6793045790045,69.8974058133141,56.4407855703195,67.1225908538142,49.2442935471485
47.4406131583738,65.6815517246541,69.397839524956,64.8675035946419,64.2252803107233,64.3960836413383,65.4623513039927,66.8849982082758,43.9777051262577,61.9560302712006,65.9662920699689,51.0721300398294,59.351519632357,67.5179980573182,68.6377951056945,50.6327150715997,58.3514606675773,64.0572745957663,55.1330627651684,56.0784665243761,67.6741277533026,66.6795902218654,66.9864759664251,67.6623261785827,67.479544930893,43.9373553018045,60.6793045790045,69.8974058133141,56.4407855703195,67.1225908538142,49.2442935471485
47.4406131583738,65.6815517246541,69.397839524956,64.8675035946419,64.2252803107233,64.3960836413383,65.4623513039927,66.8849982082758,43.9777051262577,61.9560302712006,65.9662920699689,51.0721300398294,59.351519632357,67.5179980573182,68.6377951797384,50.6327150715997,58.3514606675773,64.0572745957663,55.1330627651684,56.0784665243761,67.6741277533026,66.6795902218654,66.9864759664251,67.6623261785827,67.479544930893,43.9375509940828,60.6793045790045,69.8974058133141,56.4407855703195,67.1225908538142,49.248374112075
47.4406131583738,65.6815517246541,69.397839524956,64.8675035946419,64.2252803107233,64.3960836413383,65.4623513039927,66.8849982082758,43.9777051262577,61.9560302712006,65.9662920699689,51.0721300398294,59.351519632357,67.5179980573182,68.6377951797384,50.6327327151586,58.3514606675773,64.0572745957663,55.1330627651684,56.0784665243761,67.6741277533026,66.6795902218654,66.9864759664251,67.6623261785827,67.479544930893,43.9375509940828,60.6793045790045,69.8974058133141,56.4407855703195,67.1225908538142,49.248374112075
47.4409141023056,65.6815517246541,69.397839524956,64.8675035946419,64.2252803107233,64.3960836413383,65.4623513039927,66.8858107726444,43.9777051262577,61.9560302712006,65.9662920699689,51.0721300398294,59.351519632357,67.5179980573182,68.6377951797384,50.6327327151586,58.3514606675773,64.0572745957663,55.1330627651684,56.0784665243761,67.6741277533026,66.6795902218654,66.9864759664251,67.6623261785827,67.479544930893,43.9375509940828,60.6793045790045,69.9055504415895,56.4407855703195,67.1225908538142,49.248374112075
47.4409141023056,65.6815517246541,69.397839524956,64.8675035946419,64.2252803107233,64.3960836413383,65.4623513039927,66.8858107726444,43.9777051262577,61.9560302712006,65.9662920699689,51.0721300398294,59.351519632357,67.5179980573182,68.6377951797384,50.6327327151586,58.3514606675773,64.0572745957663,55.1330627651684,56.0784665243761,67.674142240928,66.6795902218654,66.9873955048746,67.6623261785827,67.479544930893,43.9375509940828,60.6793045790045,69.9055504415895,56.4407855703195,67.1241623451426,49.248374112075
47.4409141023056,65.6820870196372,69.397839524956,64.8675035946419,64.2252803107233,64.3960836413383,65.4623513039927,66.8858107726444,43.9777051262577,61.9560302712006,65.9662920699689,51.0735313761486,59.3775043528496,67.5179980573182,68.6377951797384,50.6327327151586,58.3514606675773,64.0572745957663,55.1330627651684,56.0784665243761,67.674142240928,66.6795902218654,66.9873955048746,67.6623261785827,67.479544930893,43.9375509940828,60.6793045790045,69.9055504415895,56.4408109366273,67.1241623451426,49.248374112075
47.4409141023056,65.6820870196372,69.397839524956,64.8675035946419,64.2252803107233,64.3960836413383,65.4623513039927,66.8858107726444,43.9777051262577,61.9560302712006,65.9662920699689,51.0735313761486,59.3775043528496,67.5179980573182,68.6377952069868,50.6327327151586,58.3514606675773,64.0572745957663,55.1330627651684,56.0784665243761,67.674142240928,66.6795902218654,66.9873955048746,67.6623261785827,67.479544930893,43.9375509940828,60.6793045790045,69.9055504415895,56.4408109366273,67.1241623451426,49.248374112075
47.4409398643385,65.6820870196372,69.397839524956,64.8675035946419,64.2312735155234,64.3960836413383,65.4623513039927,66.8858107726444,43.9777051262577,61.9560302712006,65.9662920699689,51.0735313761486,59.3775043528496,67.5179980573182,68.6377952069868,50.6327327151586,58.3514606675773,64.0572745957663,55.1330627651684,56.0784665243761,67.674142240928,66.6795902218654,66.9873955048746,67.6624205458498,67.479544930893,43.9375509940828,60.6793045790045,69.9055504415895,56.4408109366273,67.1241623451426,49.248374112075
47.4409398643385,65.6820870196372,69.397839524956,64.8675035946419,64.2312735155234,64.3960836413383,65.4623513039927,66.8858107726444,43.9777051262577,61.9560302712006,65.9662920699689,51.0735313761486,59.3775043528496,67.5179980573182,68.6377952069868,50.6327416866816,58.3514606675773,64.0572745957663,55.1330627651684,56.0784665243761,67.674142240928,66.6795902218654,66.9873955048746,67.6624205458498,67.479544930893,43.9375509940828,60.6797151854409,69.9055504415895,56.4408109366273,67.1241623451426,49.248374112075
47.4409398643385,65.6820870196372,69.397839524956,64.8675035946419,64.2312735155234,64.3960836413383,65.4623513039927,66.8858107726444,43.9777051262577,61.9560302712006,65.9662920699689,51.0735313761486,59.3775043528496,67.5183596343092,68.6377952380672,50.6327416866816,58.3514606675773,64.0572745957663,55.1330627651684,56.0784665243761,67.6742646035748,66.6796397530124,66.9873955048746,67.6624205458498,67.479544930893,43.9375509940828,60.6797151854409,69.9055504415895,56.4408109366273,67.1241623451426,49.248374112075
47.4409398643385,65.6820870196372,69.397839524956,64.8675035946419,64.2312735155234,64.3960836413383,65.4623513039927,66.8858107726444,43.9777051262577,61.9560302712006,65.9662920699689,51.0735313761486,59.4439899831035,67.5183596343092,68.6377952380672,50.6327416866816,58.3514606675773,64.0572745957663,55.1330627651684,56.0784665243761,67.6742646035748,66.6796397530124,66.9873955048746,67.6624205458498,67.479544930893,43.9375509940828,60.6797151854409,69.9059105427454,56.4408109366273,67.1241623451426,49.248374112075
47.4409398643385,65.6820870196372,69.397839524956,64.8675035946419,64.2312735155234,64.3960836413383,65.4623513039927,66.8858107726444,43.9777051262577,61.9560302712006,65.9662920699689,51.0735313761486,59.4439899831035,67.5183596343092,68.637795320208,50.6327416866816,58.3514836761466,64.0572745957663,55.1330627651684,56.0784665243761,67.6742646035748,66.6796397530124,66.9873955048746,67.6624205458498,67.479544930893,43.9375509940828,60.6797151854409,69.9059105427454,56.4408109366273,67.1241623451426,49.248374112075
47.4409398643385,65.6820870196372,69.397839524956,64.8675035946419,64.2319022297891,64.4003438374967,65.4623513039927,66.8858107726444,43.9777051262577,61.9560302712006,65.9662920699689,51.0735313761486,59.4439899831035,67.5183596343092,68.637795320208,50.6327416866816,58.3516062741067,64.0572745957663,55.1330627651684,56.0784665243761,67.6742646035748,66.6796397530124,66.9873955048746,67.6624205458498,67.479544930893,43.9375509940828,60.6797151854409,69.9059105427454,56.4410108057403,67.1243999440689,49.248374112075
47.4409398643385,65.6820870196372,69.397839524956,64.8675035946419,64.2319022297891,64.4003438374967,65.4623513039927,66.8858107726444,43.9777051262577,61.9560302712006,65.9662920699689,51.0735313761486,59.4439899831035,67.5183596343092,68.637795320208,50.6327416866816,58.3516062741067,64.0572745957663,55.1330627651684,56.0784665243761,67.6742646035748,66.6796397530124,66.9873955048746,67.6624720741537,67.479544930893,43.9375509940828,60.6797151854409,69.9059105427454,56.4410108057403,67.1243999440689,49.248374112075
47.4409398643385,65.6820870196372,69.397839524956,64.8675035946419,64.2319022297891,64.4003438374967,65.4623513039927,66.8858107726444,43.9777051262577,61.9560302712006,65.9662920699689,51.0735313761486,59.4439899831035,67.5183596343092,68.637795320208,50.6327416866816,58.3516062741067,64.0572745957663,55.1330627651684,56.0784665243761,67.6742646035748,66.6796585402243,66.9873955048746,67.6624720741537,67.4801284158554,43.9375509940828,60.6820683207408,69.9059105427454,56.4410108057403,67.1243999440689,49.248374112075
47.4409398643385,65.6820870196372,69.397839524956,64.8675035946419,64.2319022297891,64.4003438374967,65.4623513039927,66.8858107726444,43.9777051262577,61.9560302712006,65.9662920699689,51.0746201863292,59.4439899831035,67.5183596343092,68.6377953337396,50.6327668417578,58.3516435955573,64.0572745957663,55.1330627651684,56.0784665243761,67.6742646035748,66.6796585402243,66.9873955048746,67.6624720741537,67.4801284158554,43.9375509940828,60.6820683207408,69.9059105427454,56.4410108057403,67.1243999440689,49.248374112075
47.4409398643385,65.6820870196372,69.397839524956,64.8909429574437,64.2319022297891,64.4003438374967,65.4623513039927,66.8858107726444,43.9777051262577,61.9560302712006,65.9662920699689,51.0757308732827,59.4439899831035,67.5183596343092,68.6377953384638,50.6327668417578,58.3516435955573,64.0572745957663,55.5082483618395,56.0784665243761,67.6742646035748,66.6796585402243,66.9873955048746,67.6624720741537,67.4801284158554,43.9375509940828,60.6820683207408,69.9059105427454,56.4410108057403,67.1243999440689,49.248374112075
47.4409398643385,65.6820870196372,69.397839524956,64.8909429574437,64.2319022297891,64.4003438374967,65.4623513039927,66.8858107726444,43.9777051262577,61.9560302712006,65.9662920699689,51.0757308732827,59.4658130360694,67.5183596343092,68.6377953384638,50.6327668417578,58.3516435955573,64.0572745957663,55.5082483618395,56.0784665243761,67.6742646035748,66.6796585402243,66.9873955048746,67.6624720741537,67.4801284158554,43.9379884169914,60.6820683207408,69.9059105427454,56.4410108057403,67.1243999440689,49.248374112075
47.4409398643385,65.6820870196372,69.397839524956,64.8909429574437,64.2319022297891,64.4003438374967,65.4623513039927,66.8858107726444,43.9777051262577,61.9560302712006,65.9662920699689,51.0757308732827,59.4658130360694,67.5183596343092,68.6377954676106,50.6327668417578,58.3516435955573,64.0572745957663,55.5082483618395,56.0784665243761,67.6742646035748,66.6796585402243,66.9873955048746,67.6624720741537,67.4801284158554,43.9379884169914,60.6820683207408,69.9059105427454,56.4410108057403,67.1243999440689,49.248374112075
47.4409398643385,65.6820870196372,69.397839524956,64.8909429574437,64.2319022297891,64.4003438374967,65.4623513039927,66.8858107726444,43.9777051262577,61.9560302712006,65.9662920699689,51.0757308732827,59.4658130360694,67.5183596343092,68.6377954676106,50.6327668417578,58.3516435955573,64.0609196828262,55.5082483618395,56.0784665243761,67.6742646035748,66.6796599037516,66.9873955048746,67.6624720741537,67.4801284158554,43.9379884169914,60.6835458872516,69.9059105427454,56.4412999900906,67.1243999440689,49.248374112075
47.4409398643385,65.6820870196372,69.397839524956,64.8909429574437,64.2319022297891,64.4051317229936,65.46238719864,66.8858107726444,43.9777051262577,61.9616333419819,65.9662920699689,51.0757308732827,59.4658130360694,67.5183596343092,68.637795498683,50.6327668417578,58.3516435955573,64.0609196828262,55.5082483618395,56.0970852362273,67.6742646035748,66.6796599037516,66.9873955048746,67.6626483238324,67.4801284158554,43.9379884169914,60.6835458872516,69.9059105427454,56.4412999900906,67.1319800268389,49.248374112075
47.4409398643385,65.6820870196372,69.397839524956,64.8909429574437,64.2319022297891,64.4051317229936,65.46238719864,66.8858107726444,43.9777051262577,61.9616333419819,65.9662920699689,51.0757308732827,59.4658130360694,67.5183596343092,68.6377955469085,50.6327668417578,58.3516435955573,64.0609196828262,55.5082483618395,56.0970852362273,67.6742646035748,66.6796599037516,66.9873955048746,67.6626483238324,67.4801284158554,43.9379884169914,60.6835458872516,69.9059105427454,56.4412999900906,67.1319800268389,49.248374112075
47.4409398643385,65.6820870196372,69.397839524956,64.8909429574437,64.2319022297891,64.4051317229936,65.46238719864,66.8858107726444,43.9777051262577,61.9616333419819,65.9662920699689,51.0757308732827,59.4658130360694,67.5183596343092,68.6377955469085,50.6327668417578,58.3516435955573,64.0609196828262,55.5082483618395,56.0970852362273,67.6742646035748,66.6796599037516,66.9873955048746,67.6626483238324,67.4823210507072,43.9379884169914,60.6835458872516,69.9059105427454,56.4412999900906,67.1319800268389,49.248374112075
47.4409398643385,65.6820870196372,69.397839524956,64.8909429574437,64.2319022297891,64.4051317229936,65.46238719864,66.8858107726444,43.9777051262577,61.9616333419819,65.9662920699689,51.0757308732827,59.4658130360694,67.5183596343092,68.6377955469085,50.6327668417578,58.3516435955573,64.0609196828262,55.5082483618395,56.0970852362273,67.6742646035748,66.6796599037516,66.9873955048746,67.6626483238324,67.4823210507072,43.9379884169914,60.6835458872516,69.9059105427454,56.4412999900906,67.1319800268389,49.248374112075
47.4409398643385,65.6820870196372,69.397839524956,64.8909429574437,64.2319022297891,64.4051317229936,65.46238719864,66.8858107726444,43.9777051262577,61.9673991221479,65.9662920699689,51.0757308732827,59.4676775790055,67.5183596343092,68.6377955889843,50.6327691409217,58.3516629867427,64.0609196828262,55.5082483618395,56.4290230508325,67.6742646035748,66.679685985032,66.9873955048746,67.6626483238324,67.4823210507072,43.9379884169914,60.6835458872516,69.9159279003035,56.4412999900906,67.1319800268389,49.248374112075
47.4410014960397,65.6820870196372,69.397839524956,64.8909429574437,64.2319022297891,64.4051317229936,65.46238719864,66.8858107726444,43.9777051262577,61.9673991221479,66.0006232831358,51.0757308732827,59.4676775790055,67.5183596343092,68.6377955894741,50.6327691409217,58.3516629867427,64.0609196828262,55.6160640934591,56.4290230508325,67.6742646035748,66.679685985032,66.9873955048746,67.6626483238324,67.4823210507072,43.9379884169914,60.6835458872516,69.9159279003035,56.4412999900906,67.1319800268389,49.248374112075
47.4410014960397,65.6820870196372,69.397839524956,64.8909429574437,64.2382544850208,64.4051317229936,65.46238719864,66.8858107726444,43.9777051262577,61.9673991221479,66.0006232831358,51.0757308732827,59.4676775790055,67.5183596343092,68.6377955894741,50.6327691409217,58.3516629867427,64.0609196828262,55.6160640934591,56.4290230508325,67.6742646035748,66.679685985032,66.9873955048746,67.6626483238324,67.4823210507072,43.9379884169914,60.6835458872516,69.9159279003035,56.4412999900906,67.1319800268389,49.248374112075
47.4410014960397,65.6820870196372,69.397839524956,64.8928567162291,64.2382544850208,64.4051317229936,65.46238719864,66.8865097961319,43.9777051262577,61.9673991221479,66.0006232831358,51.0757308732827,59.4676775790055,67.5183596343092,68.6377955894741,50.6327772593251,58.3516629867427,64.0753796480486,55.6160640934591,56.4290230508325,67.6742646035748,66.679685985032,66.9873955048746,67.6626483238324,67.4823210507072,43.9379884169914,60.6835458872516,69.9159279003035,56.4412999900906,67.1319800268389,49.248374112075
47.4410014960397,65.6820870196372,69.397839524956,64.8928567162291,64.2382544850208,64.4051317229936,65.4630489616419,66.8865097961319,43.9777051262577,61.9673991221479,66.0006232831358,51.0757308732827,59.4676775790055,67.5185731079556,68.6377955894741,50.6327772593251,58.3516629867427,64.0753796480486,55.6160640934591,56.4290230508325,67.6744452861892,66.679685985032,66.9873955048746,67.6626483238324,67.4823210507072,43.9382691622523,60.6835458872516,69.9159279003035,56.4412999900906,67.1320174659983,49.248374112075
47.4411263406704,65.6821940128187,69.397839524956,64.8928567162291,64.2382544850208,64.4051317229936,65.4630489616419,66.8865097961319,43.9777051262577,61.9674270402028,66.0006232831358,51.0757308732827,59.4676775790055,67.5185731079556,68.637795600753,50.6327772593251,58.3516629867427,64.0753796480486,55.6160640934591,56.4290230508325,67.6744452861892,66.6797267528243,66.9873955048746,67.6626483238324,67.4823210507072,43.9382691622523,60.6835458872516,69.9159279003035,56.4412999900906,67.1320174659983,49.248374112075
47.4411263406704,65.6821940128187,69.3979170764201,64.8928567162291,64.2382544850208,64.4051317229936,65.4630489616419,66.8865097961319,43.9777051262577,61.9674270402028,66.0006232831358,51.0757308732827,59.4676775790055,67.5185731079556,68.637795600753,50.6327772593251,58.3516629867427,64.0753796480486,55.6160640934591,56.4290230508325,67.6744452861892,66.6797267528243,66.9873955048746,67.6626483238324,67.4823210507072,43.9382691622523,60.6835458872516,69.9159279003035,56.4412999900906,67.1320174659983,49.248374112075
47.4411263406704,65.6821940128187,69.3979170764201,64.8928567162291,64.2382544850208,64.4051317229936,65.4630489616419,66.8865097961319,43.9777051262577,61.9674270402028,66.0006232831358,51.0757308732827,59.4676775790055,67.5185731079556,68.6377956064008,50.6327772593251,58.3516861096156,64.0753796480486,55.6160640934591,56.4290230508325,67.6744452861892,66.6797267528243,66.9873955048746,67.6626483238324,67.4823210507072,43.9382691622523,60.6835458872516,69.9159279003035,56.4412999900906,67.1320174659983,49.2502287367199
47.4411263406704,65.6821940128187,69.3979170764201,64.8928567162291,64.2382544850208,64.4051317229936,65.4635613628949,66.8865097961319,43.9777051262577,61.9674270402028,66.0006232831358,51.0757308732827,59.4676775790055,67.5185731079556,68.6377956064008,50.6327772593251,58.3516861096156,64.0753796480486,55.6160640934591,56.4290230508325,67.6744452861892,66.6797267528243,66.9873955048746,67.6627426954779,67.4823210507072,43.9382691622523,60.6835458872516,69.9159279003035,56.4412999900906,67.1320174659983,49.2502287367199
47.4415358130582,65.6821940128187,69.3979170764201,64.893975020805,64.2382544850208,64.4051317229936,65.4635613628949,66.8865097961319,43.9777051262577,61.9674270402028,66.0006232831358,51.0758338245554,59.4676775790055,67.5185731079556,68.6377956064008,50.6327772593251,58.3516861096156,64.0753796480486,55.6160640934591,56.4290230508325,67.6744452861892,66.679739114967,66.9873955048746,67.6627426954779,67.4823210507072,43.9382691622523,60.6835458872516,69.9159279003035,56.4412999900906,67.1320174659983,49.2502287367199
47.4416106343729,65.6822563813753,69.3979170764201,64.893975020805,64.2382544850208,64.4051317229936,65.4635613628949,66.8865097961319,43.9777051262577,61.9684061208013,66.0006232831358,51.0758338245554,59.4676775790055,67.5185731079556,68.6377956064008,50.6327772593251,58.3516861096156,64.0753796480486,55.6160640934591,56.4290230508325,67.6744452861892,66.679739114967,66.9873955048746,67.6627426954779,67.4823210507072,43.9384446666382,60.6835458872516,69.9159279003035,56.4413284182061,67.1320174659983,49.2502287367199
47.4416106343729,65.6822563813753,69.3979170764201,64.893975020805,64.2382544850208,64.4051317229936,65.4635613628949,66.8865097961319,43.9777051262577,61.9684061208013,66.0006232831358,51.0758338245554,59.4676775790055,67.5185731079556,68.6377956064008,50.6327772593251,58.3516861096156,64.0753796480486,55.6160640934591,56.4290230508325,67.6744452861892,66.679739114967,66.9873955048746,67.6627426954779,67.4823210507072,43.9384446666382,60.6835458872516,69.9159279003035,56.4413284182061,67.1320174659983,49.2502287367199
47.4416106343729,65.6822563813753,69.3979170764201,64.893975020805,64.2382544850208,64.4051317229936,65.4635613628949,66.8865097961319,43.9777051262577,61.9684061208013,66.0006232831358,51.0758338245554,59.4676775790055,67.5185731079556,68.6377956214593,50.6327772593251,58.3516861096156,64.0753796480486,55.8324021385912,56.4290230508325,67.6744452861892,66.679739114967,66.9873955048746,67.6627426954779,67.4823210507072,43.9384446666382,60.6835458872516,69.9159279003035,56.4413284182061,67.1345832895102,49.2502287367199
47.4416106343729,65.6822563813753,69.3979170764201,64.893975020805,64.2382544850208,64.4051317229936,65.4635613628949,66.8865097961319,43.9792052655428,61.9684061208013,66.1154977794694,51.0758338245554,59.4676775790055,67.5185731079556,68.6377956214593,50.6327772593251,58.3517570497395,64.0753796480486,55.8324021385912,56.4290230508325,67.6744452861892,66.679739114967,66.9873955048746,67.6627426954779,67.4823210507072,43.9384446666382,60.6835458872516,69.9159279003035,56.4413284182061,67.1369242351054,49.2502287367199
47.4416296883746,65.6822563813753,69.3983334507192,64.8987651042631,64.2382544850208,64.4051317229936,65.4635613628949,66.8865097961319,43.9792052655428,61.9684061208013,66.1154977794694,51.0758338245554,59.4676775790055,67.5185731079556,68.6377956214593,50.6327772593251,58.3517570497395,64.0753796480486,55.8324021385912,56.4290230508325,67.674456041745,66.679739114967,66.9873955048746,67.6627426954779,67.4851838442143,43.9384446666382,60.6835458872516,69.9159279003035,56.4413284182061,67.1369242351054,49.2502287367199
47.4416296883746,65.6822563813753,69.3983334507192,64.9074083678557,64.2382544850208,64.4051317229936,65.4635613628949,66.8877851285533,43.9792052655428,61.9684061208013,66.1154977794694,51.0758338245554,59.4676775790055,67.5185731079556,68.6377956400481,50.6327772593251,58.3517570497395,64.0753796480486,55.8324021385912,56.6111960319046,67.674456041745,66.679739114967,66.9873955048746,67.6627426954779,67.4851838442143,43.9384446666382,60.6835458872516,69.9159279003035,56.4413284182061,67.1369242351054,49.2502287367199
47.4416296883746,65.6822563813753,69.3983334507192,64.9074083678557,64.2382544850208,64.4051317229936,65.4635613628949,66.8877851285533,43.9792052655428,61.9684061208013,66.1154977794694,51.0785883055117,59.4676775790055,67.5190161251433,68.6377956400481,50.6327772593251,58.3517570497395,64.0753796480486,55.8324021385912,56.6111960319046,67.674456041745,66.679739114967,66.9873955048746,67.6627426954779,67.4851838442143,43.9384446666382,60.6835458872516,69.9159279003035,56.4413284182061,67.1369242351054,49.2502287367199
47.4416296883746,65.6823401579434,69.3983334507192,64.9074083678557,64.2382544850208,64.4051317229936,65.4635613628949,66.8877851285533,43.9792052655428,61.9684061208013,66.1154977794694,51.0785883055117,59.4676775790055,67.5190161251433,68.6377956400481,50.6327772593251,58.3517570497395,64.0753796480486,55.8324021385912,56.6111960319046,67.674456041745,66.679739114967,66.9873955048746,67.6627426954779,67.4851838442143,43.9384446666382,60.6835458872516,69.9159279003035,56.4413284182061,67.1369242351054,49.2516518530358
47.4416296883746,65.6823401579434,69.3983334507192,64.9074083678557,64.2382544850208,64.4051317229936,65.4635613628949,66.8877851285533,43.9792052655428,61.9688105581181,66.1154977794694,51.0785883055117,59.4676775790055,67.5190161251433,68.6377956400481,50.6327772593251,58.3517570497395,64.3487643389802,55.8324021385912,56.6111960319046,67.674456041745,66.679739114967,66.9873955048746,67.6627735481496,67.4851838442143,43.9384446666382,60.6835458872516,69.9159279003035,56.4413284182061,67.1369242351054,49.2516518530358
47.4416296883746,65.6823401579434,69.3983334507192,64.9074083678557,64.2382544850208,64.4051317229936,65.4635613628949,66.8877851285533,43.9802098529137,61.9695211135238,66.1154977794694,51.0785883055117,59.4676775790055,67.5190161251433,68.6377956400481,50.6327772593251,58.3517570497395,64.3487643389802,55.8324021385912,56.6111960319046,67.674456041745,66.679739114967,66.9873955048746,67.6627735481496,67.4851838442143,43.9384446666382,60.6837202266781,69.9159279003035,56.4413284182061,67.1369242351054,49.2516518530358
47.4416296883746,65.6823401579434,69.3983334507192,64.9232257898894,64.2382544850208,64.4051317229936,65.4635613628949,66.8878213519673,43.9802098529137,61.9695211135238,66.1154977794694,51.0785883055117,59.4676775790055,67.5190161251433,68.6377956400481,50.6327772593251,58.3517570497395,64.3487643389802,55.8324021385912,56.6111960319046,67.674491518194,66.679739114967,66.9873955048746,67.6627735481496,67.4851838442143,43.9384446666382,60.6837202266781,69.9159279003035,56.4413284182061,67.1369242351054,49.2516518530358
47.4416296883746,65.6830092558396,69.3983334507192,64.9232257898894,64.2382544850208,64.4051317229936,65.4635613628949,66.8878213519673,43.9802098529137,61.9695211135238,66.1154977794694,51.0785883055117,59.4676775790055,67.5190161251433,68.6377956400481,50.6327808645878,58.3517570497395,64.3487643389802,55.8324021385912,56.6111960319046,67.674491518194,66.679739114967,66.9873955048746,67.6627735481496,67.4851838442143,43.9384446666382,60.6837202266781,69.9159279003035,56.4413284182061,67.1369242351054,49.2516518530358
47.4416296883746,65.6830092558396,69.3983334507192,64.9232257898894,64.2382544850208,64.4051317229936,65.4635613628949,66.8878213519673,43.9802098529137,61.9695211135238,66.1154977794694,51.0798561630743,59.4676775790055,67.5190161251433,68.6377956478618,50.6327808645878,58.3517570497395,64.3487643389802,55.8324021385912,56.6655783851126,67.674491518194,66.679739114967,66.9873955048746,67.6627735481496,67.4855110700798,43.9384446666382,60.6837202266781,69.9167940731122,56.4413284182061,67.1369242351054,49.2516518530358
47.4416296883746,65.6830092558396,69.3983334507192,64.9232257898894,64.2382544850208,64.4051317229936,65.4635613628949,66.8878213519673,43.9802098529137,61.9695211135238,66.1154977794694,51.0805678874788,59.4676775790055,67.5190161251433,68.6377956478618,50.6327808645878,58.3517570497395,64.3487643389802,55.8324021385912,56.6655783851126,67.674491518194,66.6797482683233,66.9873955048746,67.6627735481496,67.4880373709541,43.9384446666382,60.6837202266781,69.9167940731122,56.4413284182061,67.1369242351054,49.2516518530358
47.4416296883746,65.6830092558396,69.3983334507192,64.9232257898894,64.2382544850208,64.4051317229936,65.4635613628949,66.8878213519673,43.9802098529137,61.9695211135238,66.1154977794694,51.0805678874788,59.4676775790055,67.5190161251433,68.6377956478618,50.6327808645878,58.3517570497395,64.3487643389802,55.9330993698077,56.6655783851126,67.674491518194,66.6797482683233,66.9891259204018,67.6627735481496,67.4880373709541,43.9385398988268,60.6837202266781,69.9167940731122,56.4413284182061,67.1369242351054,49.2516518530358
47.4416296883746,65.6830092558396,69.3983334507192,64.9232257898894,64.2382544850208,64.4052712587104,65.4635613628949,66.8878213519673,43.9802098529137,61.9695211135238,66.1154977794694,51.0805678874788,59.4676775790055,67.5190161251433,68.6377956478618,50.6327808645878,58.3517570497395,64.3487643389802,55.9405047377784,56.6655783851126,67.674491518194,66.6797482683233,66.9891259204018,67.6627735481496,67.4880373709541,43.9385398988268,60.6837202266781,69.9167940731122,56.4413284182061,67.1369242351054,49.2516518530358
47.4416296883746,65.6830092558396,69.3983334507192,64.9232257898894,64.2382544850208,64.4052712587104,65.4638362088446,66.8878213519673,43.9802098529137,61.9695211135238,66.1154977794694,51.0805678874788,59.4676775790055,67.5190161251433,68.637795655344,50.6327808645878,58.3517570497395,64.3487643389802,55.9405047377784,56.6655783851126,67.674491518194,66.6797482683233,66.9891259204018,67.6627735481496,67.4880373709541,43.9385398988268,60.6837202266781,69.9167940731122,56.4413390348158,67.1369242351054,49.2532739948353
47.4416296883746,65.6830092558396,69.3983334507192,64.9232257898894,64.2382544850208,64.4052712587104,65.4638362088446,66.8878213519673,43.9845153974041,61.9695211135238,66.1154977794694,51.0805678874788,59.4676775790055,67.5190161251433,68.637795655344,50.6327859173435,58.3517570497395,64.3487643389802,55.9405047377784,56.7592573947828,67.674491518194,66.6797482683233,66.9891259204018,67.6627735481496,67.4880373709541,43.9385398988268,60.6837202266781,69.9167940731122,56.4413390348158,67.1369242351054,49.2532739948353
47.4416296883746,65.6830092558396,69.3996190665594,64.9232257898894,64.2382544850208,64.4052712587104,65.4638362088446,66.8878213519673,43.9845153974041,61.9695211135238,66.1154977794694,51.0805678874788,59.4676775790055,67.5190161251433,68.637795655344,50.6327859173435,58.3517570497395,64.3487643389802,55.9405047377784,56.7592573947828,67.6745270030332,66.6797482683233,66.9891259204018,67.6627735481496,67.4880373709541,43.9385398988268,60.6837202266781,69.9167940731122,56.4413390348158,67.1369242351054,49.2532739948353
47.4416296883746,65.6830092558396,69.3996190665594,64.9232257898894,64.2382544850208,64.4052712587104,65.4638362088446,66.8884491996377,43.9845153974041,61.9695211135238,66.1154977794694,51.0807074192133,59.4676775790055,67.5190161251433,68.637795655344,50.6327859173435,58.3517570497395,64.3487643389802,55.9405047377784,56.7592573947828,67.6745270030332,66.6797616701222,66.9891259204018,67.6628193269855,67.4880373709541,43.9386236991757,60.6837202266781,69.9167940731122,56.4413390348158,67.1369242351054,49.2532739948353
47.4416296883746,65.6830092558396,69.3996190665594,64.9232257898894,64.2382544850208,64.4052712587104,65.4638362088446,66.8888327134441,43.9845153974041,61.9695211135238,66.1154977794694,51.0807074192133,59.4676775790055,67.5191567664465,68.637795655344,50.6327859173435,58.3517570497395,64.3487643389802,55.9405047377784,56.7592573947828,67.6745270030332,66.6797616701222,66.9891259204018,67.6628193269855,67.4899632838938,43.9386236991757,60.6837202266781,69.9167940731122,56.4413390348158,67.1369242351054,49.2532739948353
47.4416296883746,65.6830092558396,69.3996190665594,64.9232257898894,64.2382544850208,64.4052712587104,65.4638362088446,66.8888327134441,43.9845153974041,61.9710446373036,66.1154977794694,51.0807074192133,59.4676775790055,67.5191567664465,68.637795655344,50.6327859173435,58.3517570497395,64.3487643389802,55.9405047377784,56.7592573947828,67.6745270030332,66.6797616701222,66.9891259204018,67.6628193269855,67.4925568888384,43.9386236991757,60.6837202266781,69.9167940731122,56.4413390348158,67.1369242351054,49.2532739948353
47.4416296883746,65.6830092558396,69.3996190665594,64.9232257898894,64.2382544850208,64.4052712587104,65.4639314394006,66.8888327134441,43.9845153974041,61.9710752521823,66.1154977794694,51.0807074192133,59.4676775790055,67.5191567664465,68.637795655344,50.6327859173435,58.3517570497395,64.3487643389802,55.9405047377784,56.7592573947828,67.6745270030332,66.6797616701222,66.9891259204018,67.6628193269855,67.4925568888384,43.9386236991757,60.6837202266781,69.9167940731122,56.4413390348158,67.1369242351054,49.2532739948353
47.4417287167623,65.6830092558396,69.3996190665594,64.9232257898894,64.2382544850208,64.4052712587104,65.4639314394006,66.8888327134441,43.9845153974041,61.9710752521823,66.1154977794694,51.0807074192133,59.4676775790055,67.5191567664465,68.6377956575376,50.6327859173435,58.3517609870878,64.3487643389802,55.9405047377784,56.7592573947828,67.6745270030332,66.6797616701222,66.9891259204018,67.6629241160575,67.4925568888384,43.9386236991757,60.6854801453336,69.9167940731122,56.4413390348158,67.1369242351054,49.2532739948353
47.4417287167623,65.6830092558396,69.3996190665594,64.9232257898894,64.2382544850208,64.4052712587104,65.4639314394006,66.8888327134441,43.9845153974041,61.9710752521823,66.1154977794694,51.0807074192133,59.4676775790055,67.5191567664465,68.6377956575376,50.6327859173435,58.3517609870878,64.3487643389802,55.9405047377784,56.7592573947828,67.6745270030332,66.6797616701222,66.9891259204018,67.6629241160575,67.4925568888384,43.9386236991757,60.6854801453336,69.9167940731122,56.4413390348158,67.1369242351054,49.2532739948353
47.4417287167623,65.6830092558396,69.3996190665594,64.9232257898894,64.2382544850208,64.4052712587104,65.4639314394006,66.8888327134441,43.9845153974041,61.9710752521823,66.1154977794694,51.0807074192133,59.4676775790055,67.5191567664465,68.6377956635245,50.6327859173435,58.3517609870878,64.3487643389802,55.9405047377784,56.7592573947828,67.6745270030332,66.6797616701222,66.9891259204018,67.6629241160575,67.4925568888384,43.9386236991757,60.6854801453336,69.9167940731122,56.4413390348158,67.1369242351054,49.2532739948353
47.4417287167623,65.6830092558396,69.3996190665594,64.9232257898894,64.2382544850208,64.4052712587104,65.4639314394006,66.8888327134441,43.9845153974041,61.9710752521823,66.1154977794694,51.0807074192133,59.4676775790055,67.5191567664465,68.6377956676541,50.6327859173435,58.3517609870878,64.3487643389802,55.9405047377784,56.7592573947828,67.6745270030332,66.6797616701222,66.9891259204018,67.6629241160575,67.4925568888384,43.9386236991757,60.6854801453336,69.9167940731122,56.441448501439,67.1369242351054,49.2532739948353
47.4417287167623,65.6830092558396,69.3996190665594,64.9232257898894,64.2382544850208,64.4052712587104,65.4639314394006,66.8888327134441,43.9845153974041,61.9714820979913,66.1569868911227,51.0807074192133,59.4676775790055,67.5191567664465,68.6377956676541,50.6327859173435,58.3517609870878,64.3487643389802,55.9405047377784,56.7592573947828,67.6745270030332,66.6797616701222,66.9891259204018,67.6629275665871,67.4925568888384,43.9386236991757,60.6857510429722,69.9167940731122,56.441448501439,67.1369242351054,49.2532739948353
47.4419944153858,65.6830092558396,69.3996190665594,64.9232257898894,64.2382544850208,64.4052712587104,65.4639314394006,66.8888327134441,43.9845153974041,61.9714820979913,66.1569868911227,51.0807074192133,59.4676775790055,67.5191567664465,68.6377956695874,50.6327859173435,58.3517609870878,64.3487643389802,55.9405047377784,56.7592573947828,67.6745270030332,66.6797651462634,66.9891259204018,67.6629275665871,67.4927767877447,43.9386236991757,60.6857510429722,69.9167940731122,56.441448501439,67.1369242351054,49.2532739948353
47.4419944153858,65.6830092558396,69.3996190665594,64.9232257898894,64.2382544850208,64.4052712587104,65.4639314394006,66.8898148690089,43.9845153974041,61.9714820979913,66.1569868911227,51.0807074192133,59.4705302191691,67.5191567664465,68.6377956695874,50.6327859173435,58.3517609870878,64.3487643389802,55.9405047377784,56.7592573947828,67.6745270030332,66.6797651462634,66.9891259204018,67.6629275665871,67.4927767877447,43.9386236991757,60.6857510429722,69.9167940731122,56.441448501439,67.1369242351054,49.2532739948353
47.4419944153858,65.6830092558396,69.3996190665594,64.9232257898894,64.2382544850208,64.4052712587104,65.4639314394006,66.8898148690089,43.9845153974041,61.9714820979913,66.1569868911227,51.0807074192133,59.4705302191691,67.5191567664465,68.6377956695874,50.6327859173435,58.3517609870878,64.4483012159348,55.9405047377784,56.7592573947828,67.6745270030332,66.6797651462634,66.9891259204018,67.6629275665871,67.4927767877447,43.9386236991757,60.6857510429722,69.9167940731122,56.441448501439,67.1369242351054,49.2532739948353
47.4419944153858,65.6830092558396,69.3996190665594,64.9232257898894,64.2382544850208,64.4052712587104,65.4641493944967,66.8898148690089,43.9845153974041,61.9714820979913,66.1569868911227,51.0807074192133,59.4705302191691,67.5191567664465,68.6377956695874,50.6327859173435,58.3517609870878,64.4483012159348,55.9405047377784,56.7592573947828,67.6745270030332,66.6797651462634,66.9891259204018,67.6629321610244,67.4927767877447,43.9386236991757,60.6857510429722,69.9167940731122,56.441448501439,67.1369242351054,49.2532739948353
47.4419944153858,65.6830092558396,69.3996190665594,64.9232257898894,64.2382544850208,64.4052712587104,65.4641493944967,66.8898148690089,43.9845153974041,61.9714820979913,66.1569868911227,51.0807074192133,59.4705302191691,67.5191567664465,68.6377956695874,50.6327859173435,58.3517609870878,64.4483012159348,55.9405047377784,56.7592573947828,67.6745270030332,66.6797651462634,66.9891259204018,67.6629321610244,67.4927767877447,43.9386328820498,60.6857510429722,69.9167940731122,56.441448501439,67.1369242351054,49.2532739948353
47.4419944153858,65.6830867964967,69.40104523735,64.9276124572918,64.2382544850208,64.4052712587104,65.4641493944967,66.8898148690089,43.9845153974041,61.9726025906071,66.1569868911227,51.0814410000504,59.4705302191691,67.5191567664465,68.6377956695874,50.6327859173435,58.3517731983846,64.4483012159348,55.9405047377784,56.7592573947828,67.6745538097453,66.6797651462634,66.9891259204018,67.6629321610244,67.4927767877447,43.9386835491673,60.6857510429722,69.9167940731122,56.441448501439,67.1369242351054,49.2532739948353
47.4419944153858,65.6830867964967,69.40104523735,64.9288045238054,64.2382544850208,64.4052712587104,65.4641493944967,66.8900596987768,43.9845153974041,61.9726025906071,66.1569868911227,51.0831932567486,59.4705302191691,67.5191567664465,68.6377956714395,50.6327859173435,58.3517731983846,64.4483012159348,55.9405047377784,56.9222170920926,67.6745538097453,66.6797651462634,66.9891259204018,67.6629457293113,67.4930816580845,43.9386835491673,60.6857510429722,69.9167940731122,56.441448501439,67.1369242351054,49.2532739948353
47.4419944153858,65.6830867964967,69.40104523735,64.9288045238054,64.2382544850208,64.4052712587104,65.4641493944967,66.8900596987768,43.9845153974041,61.9726025906071,66.1569868911227,51.0831932567486,59.4705302191691,67.5191567664465,68.6377956714395,50.6327859173435,58.3517731983846,64.4483012159348,55.9405047377784,56.9222170920926,67.6745538097453,66.6797651462634,66.9891259204018,67.6629457293113,67.4930816580845,43.9386835491673,60.6857510429722,69.9167940731122,56.441448501439,67.1369242351054,49.2532739948353
47.4419944153858,65.6830867964967,69.40104523735,64.9288045238054,64.2382544850208,64.4052712587104,65.464187819639,66.8900596987768,43.9845153974041,61.9726025906071,66.1569868911227,51.0831932567486,59.4705302191691,67.5191567664465,68.6377956714395,50.6327859173435,58.3517731983846,64.4483012159348,55.9611675913037,56.9222170920926,67.6745538097453,66.6797651462634,66.9891259204018,67.6629457293113,67.4930816580845,43.9386835491673,60.6857510429722,69.9167940731122,56.441448501439,67.1369242351054,49.2532739948353
47.4419944153858,65.6831493520477,69.40104523735,64.9288045238054,64.2382544850208,64.4052712587104,65.464187819639,66.8900596987768,43.9845153974041,61.9726025906071,66.1569868911227,51.0831932567486,59.4705302191691,67.5191567664465,68.6377956714395,50.6327859173435,58.3517731983846,64.4483012159348,55.9611675913037,56.9222170920926,67.6745538097453,66.6797677055743,66.9891259204018,67.6629457293113,67.4930816580845,43.9387556963541,60.6857510429722,69.9167940731122,56.441448501439,67.1369242351054,49.2532739948353
47.4419944153858,65.6831493520477,69.40104523735,64.9288045238054,64.2382544850208,64.4052712587104,65.464187819639,66.8900596987768,43.9845775980171,61.9726025906071,66.1569868911227,51.0831932567486,59.4764369695713,67.5191567664465,68.6377956714395,50.6327859173435,58.3517731983846,64.4483012159348,55.9611675913037,56.9222170920926,67.6745538097453,66.6797697433409,66.9891259204018,67.6629457293113,67.4930816580845,43.9387556963541,60.6857510429722,69.9167940731122,56.441448501439,67.1369242351054,49.2532739948353
47.4419944153858,65.6831493520477,69.40104523735,64.9288045238054,64.2382544850208,64.4052712587104,65.464187819639,66.8900596987768,43.9845775980171,61.9726025906071,66.1569868911227,51.0835713923022,59.4764369695713,67.5191567664465,68.6377956726742,50.6327859173435,58.3517731983846,64.4483012159348,55.9611675913037,56.9222170920926,67.6745538097453,66.6797697433409,66.9891259204018,67.6630298481541,67.4930816580845,43.9387556963541,60.6857510429722,69.9167940731122,56.441448501439,67.1369242351054,49.2532739948353
47.4419944153858,65.6831642441387,69.40104523735,64.9288045238054,64.2382544850208,64.4052712587104,65.464187819639,66.8900596987768,43.9845775980171,61.9726025906071,66.1569868911227,51.0835713923022,59.4764369695713,67.5191567664465,68.6377956726742,50.6327859173435,58.3517731983846,64.4483012159348,55.9611675913037,56.9222170920926,67.6745538097453,66.6797697433409,66.9954086883575,67.6630298481541,67.4930816580845,43.9387556963541,60.6857510429722,69.9210515331958,56.441448501439,67.136956368098,49.2532739948353
47.4419944153858,65.6831642441387,69.40104523735,64.9288045238054,64.2382544850208,64.4052712587104,65.464187819639,66.8900596987768,43.9845775980171,61.9726025906071,66.1569868911227,51.0835713923022,59.4764369695713,67.5191567664465,68.6377956748607,50.6327859173435,58.3517731983846,64.4483012159348,55.9611675913037,57.1560854624716,67.6745538097453,66.6797697433409,66.9954086883575,67.6630298481541,67.4930816580845,43.9387556963541,60.6857510429722,69.9210515331958,56.441448501439,67.136956368098,49.2532739948353
47.4419944153858,65.6831642441387,69.40104523735,64.9288045238054,64.2382544850208,64.4052712587104,65.464187819639,66.8900596987768,43.9845775980171,61.9726025906071,66.1569868911227,51.0835713923022,59.4764369695713,67.5191567664465,68.6377956770713,50.6327859173435,58.3517731983846,64.4483012159348,55.9611675913037,57.1560854624716,67.6745538097453,66.6797713658416,66.9954086883575,67.6630298481541,67.4930816580845,43.9387556963541,60.6858230099239,69.9210515331958,56.441448501439,67.136956368098,49.2532739948353
47.4419944153858,65.6831642441387,69.40104523735,64.9288045238054,64.2382544850208,64.4052712587104,65.4643553341847,66.8900596987768,43.9845775980171,61.9731092091721,66.1569868911227,51.0835713923022,59.4764369695713,67.5191567664465,68.6377956770713,50.6327859173435,58.3517944587866,64.4483012159348,55.9611675913037,57.1560854624716,67.6745538097453,66.6797729942808,66.9954086883575,67.6630298481541,67.4930816580845,43.9387556963541,60.6858230099239,69.9210515331958,56.441448501439,67.136956368098,49.2532739948353
47.4419944153858,65.6831941770965,69.40104523735,64.9288045238054,64.2382544850208,64.4052712587104,65.4643553341847,66.8900596987768,43.9845775980171,61.9731092091721,66.1569868911227,51.0835713923022,59.4764369695713,67.5191567664465,68.6377956770713,50.6327859173435,58.3517944587866,64.4483012159348,56.2823783085702,57.1560854624716,67.6745538097453,66.6797729942808,66.9954086883575,67.6630298481541,67.4930816580845,43.9387556963541,60.6858230099239,69.9210515331958,56.4416238698234,67.136956368098,49.2532739948353
47.4419944153858,65.6831941770965,69.40104523735,64.9288045238054,64.2382544850208,64.4052712587104,65.4643553341847,66.8900596987768,43.9845775980171,61.9731092091721,66.1569868911227,51.0835713923022,59.4764369695713,67.5197605316662,68.6377956770713,50.6327859173435,58.3517944587866,64.4483012159348,56.2823783085702,57.1560854624716,67.6745538097453,66.6797729942808,66.9954086883575,67.6630298481541,67.4930816580845,43.9387556963541,60.6858230099239,69.9210515331958,56.4416238698234,67.136956368098,49.2532739948353
47.4419944153858,65.6831941770965,69.40104523735,64.9288045238054,64.2382544850208,64.4052712587104,65.4643553341847,66.8900596987768,43.9845775980171,61.9731092091721,66.1569868911227,51.0835713923022,59.4764369695713,67.5197605316662,68.6377956770713,50.6327859173435,58.3517944587866,64.4483012159348,56.2823783085702,57.1560854624716,67.6745538097453,66.6797729942808,66.9954086883575,67.6630298481541,67.4930816580845,43.9387556963541,60.6858230099239,69.9210515331958,56.4416238698234,67.136956368098,49.2532739948353
47.4419944153858,65.6831941770965,69.40104523735,64.9288045238054,64.2382544850208,64.4052712587104,65.4643553341847,66.8900596987768,43.9845775980171,61.9731092091721,66.1569868911227,51.0835713923022,59.4856672645371,67.5197605316662,68.6377956770713,50.6327859173435,58.3517944587866,64.4483012159348,56.2823783085702,57.2261120612635,67.6745603312881,66.6797729942808,66.9954086883575,67.6630298481541,67.4930816580845,43.9387556963541,60.6858230099239,69.9210515331958,56.4416238698234,67.136956368098,49.2532739948353
47.4419944153858,65.6834358549211,69.40104523735,64.9288045238054,64.2382544850208,64.4052712587104,65.4643553341847,66.8900596987768,43.9845775980171,61.9731092091721,66.1569868911227,51.0835713923022,59.4856672645371,67.5197605316662,68.6377956772991,50.6327859173435,58.3517944587866,64.4483012159348,56.2823783085702,57.2261120612635,67.6745603312881,66.6797729942808,66.9954086883575,67.6630298481541,67.4930816580845,43.9387556963541,60.6858230099239,69.9210515331958,56.4416238698234,67.136956368098,49.2548350963788
47.4419944153858,65.6834358549211,69.40104523735,64.9288045238054,64.2382544850208,64.4052712587104,65.4643553341847,66.8900596987768,43.9845775980171,61.9731092091721,66.1569868911227,51.0835713923022,59.4856672645371,67.5197605316662,68.6377956772991,50.6327870955603,58.3517944587866,64.4483012159348,56.2823783085702,57.2261120612635,67.6745603312881,66.6797729942808,66.9954086883575,67.6630298481541,67.4963698531809,43.9387556963541,60.6858230099239,69.9210515331958,56.4416238698234,67.136956368098,49.2548350963788
47.4419944153858,65.6834358549211,69.40104523735,64.9288045238054,64.2382544850208,64.4052712587104,65.4643553341847,66.8900596987768,43.9845775980171,61.9731092091721,66.1569868911227,51.0835713923022,59.4856672645371,67.5197605316662,68.6377956772991,50.6327870955603,58.3517944587866,64.4483012159348,56.2823783085702,57.2261120612635,67.6745603312881,66.6797729942808,66.9954086883575,67.6630370697247,67.4963698531809,43.9387556963541,60.6861652617927,69.9210515331958,56.4416238698234,67.136956368098,49.2548350963788
47.4419944153858,65.6834358549211,69.40104523735,64.934494094867,64.2382544850208,64.4052712587104,65.4643553341847,66.8900596987768,43.9845775980171,61.9731092091721,66.1569868911227,51.0835713923022,59.4856672645371,67.5197605316662,68.6377956785581,50.6327870955603,58.3517944587866,64.4601773143998,56.2823783085702,57.2261120612635,67.6745603312881,66.6797729942808,66.9954086883575,67.6630370697247,67.4963698531809,43.9387556963541,60.6861652617927,69.9210515331958,56.4416238698234,67.136956368098,49.2548350963788
47.4419944153858,65.6834358549211,69.40104523735,64.934494094867,64.2382544850208,64.4052712587104,65.4643553341847,66.8900596987768,43.9849936635792,61.9731092091721,66.1569868911227,51.0835713923022,59.4856672645371,67.5197605316662,68.6377956785581,50.6327892994773,58.3517944587866,64.4601773143998,56.2823783085702,57.4173498059043,67.6745714404133,66.6797749938958,66.9954086883575,67.6630370697247,67.4963698531809,43.9387556963541,60.6861652617927,69.9210515331958,56.4416238698234,67.136956368098,49.2548350963788
47.4419944153858,65.6834358549211,69.4015733713524,64.934494094867,64.2382544850208,64.4052712587104,65.4643553341847,66.8905853153355,43.9849936635792,61.9731092091721,66.1569868911227,51.0835713923022,59.4856672645371,67.5197605316662,68.6377956792064,50.6327892994773,58.3517959884559,64.4601773143998,56.3246577625919,57.4173498059043,67.6745714404133,66.6797749938958,66.9954086883575,67.6630370697247,67.4963698531809,43.9387556963541,60.6861652617927,69.9210515331958,56.4416238698234,67.136956368098,49.2548350963788
47.4419944153858,65.6834358549211,69.4015733713524,64.934494094867,64.2382544850208,64.4052712587104,65.4643553341847,66.8905853153355,43.9849936635792,61.974387441843,66.1569868911227,51.0835713923022,59.4856672645371,67.5197605316662,68.6377956792064,50.6327892994773,58.3517959884559,64.4601773143998,56.3246577625919,57.4173498059043,67.6745714404133,66.6797749938958,66.9954086883575,67.6630370697247,67.4963698531809,43.9387711211198,60.6861652617927,69.9219814952746,56.4416238698234,67.136956368098,49.2548350963788
47.4419944153858,65.6834358549211,69.4015733713524,64.934494094867,64.2382544850208,64.4052712587104,65.4643553341847,66.8905853153355,43.9849936635792,61.974387441843,66.1569868911227,51.0835713923022,59.5026597808193,67.5197605316662,68.637795679895,50.6327892994773,58.3517959884559,64.4601773143998,56.3246577625919,57.4173498059043,67.6745714404133,66.6797749938958,66.9954086883575,67.6630370697247,67.4978616940319,43.9387711211198,60.6861996176435,69.9219814952746,56.4416238698234,67.136956368098,49.2548350963788
47.4419944153858,65.6834358549211,69.4015733713524,64.9369773711615,64.2382544850208,64.4052712587104,65.4643553341847,66.8905853153355,43.9849936635792,61.974387441843,66.1569868911227,51.0835713923022,59.5026597808193,67.5197605316662,68.6377956802779,50.6327892994773,58.3517959884559,64.4601773143998,56.3246577625919,57.4173498059043,67.6745714404133,66.6797749938958,66.9954086883575,67.6630528315117,67.4978616940319,43.9387711211198,60.6861996176435,69.9219814952746,56.4416238698234,67.136956368098,49.2548350963788
47.4419944153858,65.6834358549211,69.4015733713524,64.9369773711615,64.2382544850208,64.4052712587104,65.4643553341847,66.8905853153355,43.9849936635792,61.974387441843,66.1569868911227,51.0837855767185,59.5026597808193,67.5197605316662,68.6377956802779,50.6327892994773,58.3517959884559,64.4601773143998,56.3246577625919,57.4173498059043,67.6745714404133,66.6797761189828,66.9954086883575,67.6630528315117,67.4978616940319,43.9387711211198,60.6861996176435,69.9219814952746,56.4416238698234,67.136956368098,49.2548350963788
47.4419944153858,65.6834358549211,69.4015733713524,64.9369773711615,64.2382544850208,64.4052712587104,65.4643553341847,66.8905853153355,43.9849936635792,61.974387441843,66.1569868911227,51.0837855767185,59.5026597808193,67.5197605316662,68.6377956811944,50.6327892994773,58.3517959884559,64.4601773143998,56.3246577625919,57.4173498059043,67.6745714404133,66.6797761189828,66.9954086883575,67.6630528315117,67.4978616940319,43.9387711211198,60.6861996176435,69.9219814952746,56.4416238698234,67.1375376955665,49.2548350963788
47.4419944153858,65.6834358549211,69.4015733713524,64.9369773711615,64.2382544850208,64.4052712587104,65.4643553341847,66.8911099227137,43.9849936635792,61.974387441843,66.1569868911227,51.0837855767185,59.5026597808193,67.5197605316662,68.6377956820449,50.6327892994773,58.3517959884559,64.4601773143998,56.3246577625919,57.4173498059043,67.6745714404133,66.6797761189828,66.9954086883575,67.6630703094315,67.4978616940319,43.9387711211198,60.6861996176435,69.9219814952746,56.4416238698234,67.1375376955665,49.2548350963788
47.4419944153858,65.6834358549211,69.4015733713524,64.9369773711615,64.2382544850208,64.4052712587104,65.4643553341847,66.8911099227137,43.9849936635792,61.974387441843,66.1569868911227,51.0837855767185,59.5026597808193,67.5197605316662,68.6377956820449,50.6327892994773,58.3517959884559,64.4601773143998,56.4134011442401,57.4173498059043,67.6745714404133,66.6797761189828,66.9954086883575,67.6630703094315,67.4978616940319,43.9387711211198,60.6861996176435,69.9219814952746,56.4416238698234,67.1375376955665,49.2548350963788
47.4419944153858,65.6834710022893,69.4015733713524,64.9369773711615,64.2427227033515,64.4052712587104,65.4643553341847,66.8911099227137,43.9849936635792,61.9745068967056,66.1569868911227,51.0837855767185,59.5026597808193,67.5197605316662,68.6377956820449,50.6327892994773,58.3517959884559,64.778899380431,56.4134011442401,57.4173498059043,67.6745714404133,66.6797761189828,66.9954086883575,67.6630703094315,67.4978616940319,43.9387711211198,60.6861996176435,69.9220496564787,56.4416238698234,67.1375376955665,49.2548350963788
47.4419944153858,65.6834710022893,69.4015733713524,64.9369773711615,64.2427227033515,64.4052712587104,65.4643553341847,66.8911099227137,43.9849936635792,61.9745068967056,66.1569868911227,51.0837855767185,59.5026597808193,67.5199536812949,68.6377956822067,50.6327892994773,58.3517959884559,64.778899380431,56.4134011442401,57.4173498059043,67.6745714404133,66.6797761189828,66.9967567188014,67.6630790280277,67.4978616940319,43.9387711211198,60.6861996176435,69.9220496564787,56.4416238698234,67.1375376955665,49.2548350963788
47.4419944153858,65.6834710022893,69.4015733713524,64.9384047164428,64.2427227033515,64.4052712587104,65.4643553341847,66.8911099227137,43.9849936635792,61.9745068967056,66.1569868911227,51.0837855767185,59.5029188947149,67.5199783434312,68.6377956822067,50.6327892994773,58.3517983428286,64.778899380431,56.4134011442401,57.4173498059043,67.6745714404133,66.6797761189828,66.9967567188014,67.6630790280277,67.4978616940319,43.9387777783992,60.6861996176435,69.9220496564787,56.4416238698234,67.1375376955665,49.2548350963788
47.4419944153858,65.6834710022893,69.4015733713524,64.9384047164428,64.2427227033515,64.4052712587104,65.4647898152739,66.8911099227137,43.9849936635792,61.9745068967056,66.1569868911227,51.0837855767185,59.5029188947149,67.5199783434312,68.6377956822067,50.6327892994773,58.3517983428286,64.778899380431,56.4134011442401,57.4173498059043,67.6745714404133,66.6797761189828,66.9967567188014,67.6630790280277,67.4978616940319,43.9387777783992,60.6861996176435,69.9220496564787,56.4416238698234,67.1375376955665,49.2548350963788
47.4419944153858,65.6834710022893,69.4015733713524,64.9384047164428,64.2427227033515,64.4052712587104,65.4647898152739,66.8911099227137,43.9849936635792,61.9745068967056,66.1569868911227,51.0837855767185,59.5029188947149,67.5199783434312,68.63779568257,50.6327892994773,58.3517983428286,64.778899380431,56.4134011442401,57.4173498059043,67.6745714404133,66.6797761189828,66.9967567188014,67.6630790280277,67.4978616940319,43.9387777783992,60.6861996176435,69.9220496564787,56.4416238698234,67.1375376955665,49.2548350963788
47.4420267886779,65.6834710022893,69.4015733713524,64.9384047164428,64.2427227033515,64.4052712587104,65.4647898152739,66.891235008999,43.9849936635792,61.9745068967056,66.1569868911227,51.0838282602443,59.5029188947149,67.5199783434312,68.63779568257,50.6327892994773,58.3517983428286,64.778899380431,56.4134011442401,57.4173498059043,67.6745714404133,66.6797761189828,66.9967567188014,67.6630790280277,67.4978616940319,43.9387777783992,60.6861996176435,69.9220496564787,56.4416238698234,67.1375376955665,49.2548350963788
47.4420267886779,65.6834710022893,69.4017033286027,64.9384047164428,64.2427227033515,64.4052712587104,65.4647898152739,66.891235008999,43.9849936635792,61.9745068967056,66.1569868911227,51.0838282602443,59.5029188947149,67.5199783434312,68.63779568257,50.6327892994773,58.3517983428286,64.778899380431,56.4134011442401,57.4173498059043,67.6745714404133,66.6797761189828,66.9967567188014,67.6630790280277,67.4978616940319,43.9387777783992,60.6861996176435,69.9220496564787,56.4416238698234,67.1375376955665,49.2548350963788
47.4420267886779,65.6834710022893,69.4017033286027,64.9410076603617,64.2427227033515,64.4052712587104,65.4647898152739,66.891235008999,43.9849936635792,61.9745068967056,66.1569868911227,51.0838282602443,59.5029188947149,67.5200383680083,68.63779568257,50.6327892994773,58.3517983428286,64.778899380431,56.4134011442401,57.4173498059043,67.6745714404133,66.6797761189828,66.9967567188014,67.6630876611267,67.4978616940319,43.9387777783992,60.6861996176435,69.9223210490947,56.4417497212251,67.1375376955665,49.2548350963788
47.4420267886779,65.6834710022893,69.4017033286027,64.9410076603617,64.2427227033515,64.4052712587104,65.4647898152739,66.891235008999,43.9849936635792,61.9745068967056,66.1569868911227,51.0838282602443,59.5029188947149,67.5200383680083,68.63779568257,50.6327892994773,58.3517983428286,64.778899380431,56.4134011442401,57.4173498059043,67.6745714404133,66.6797761189828,66.9974144744988,67.6630876611267,67.4978616940319,43.9387777783992,60.6861996176435,69.9223210490947,56.4417497212251,67.1375376955665,49.2548350963788
47.4420267886779,65.6835913188904,69.4017033286027,64.9410076603617,64.2427227033515,64.4053322110239,65.4647898152739,66.891235008999,43.9849936635792,61.9745068967056,66.1569868911227,51.0839314859346,59.5029188947149,67.5200383680083,68.63779568257,50.6327892994773,58.3517983428286,64.778899380431,56.4134011442401,57.4173498059043,67.6745714404133,66.6797761189828,66.9974144744988,67.6630876611267,67.4978616940319,43.9387777783992,60.6861996176435,69.9223210490947,56.4417497212251,67.1375376955665,49.2548350963788
47.4420267886779,65.6835913188904,69.4017033286027,64.9410076603617,64.2427227033515,64.4061249514518,65.4649831131979,66.891235008999,43.9849936635792,61.9745068967056,66.1569868911227,51.0839314859346,59.5029188947149,67.5200383680083,68.6377956828406,50.6327892994773,58.3517983428286,64.778899380431,56.4134011442401,57.4173498059043,67.6745806684945,66.6797761189828,66.9974144744988,67.6630876611267,67.4978616940319,43.9387777783992,60.6861996176435,69.9223210490947,56.4417497212251,67.1375376955665,49.2548350963788
47.4420267886779,65.6835913188904,69.4017033286027,64.9410076603617,64.2427227033515,64.4061249514518,65.4649831131979,66.8912538132171,43.9849936635792,61.9745068967056,66.1569868911227,51.0839314859346,59.5029188947149,67.5200383680083,68.6377956828406,50.6327892994773,58.3517983428286,64.778899380431,56.4134011442401,57.4173498059043,67.6745806684945,66.6797765703507,66.9974144744988,67.6630876611267,67.4978616940319,43.9387807516619,60.6861996176435,69.9223210490947,56.4417497212251,67.1375376955665,49.2548350963788
47.4420267886779,65.6835913188904,69.4017033286027,64.9410076603617,64.2427227033515,64.4061249514518,65.4649831131979,66.8912538132171,43.9849936635792,61.9745068967056,66.1569868911227,51.0839314859346,59.5029188947149,67.5200383680083,68.6377956828406,50.6327892994773,58.3517983428286,64.778899380431,56.4134011442401,57.4173498059043,67.6745806684945,66.6797765703507,66.9974144744988,67.6630876611267,67.4978616940319,43.9387807516619,60.6861996176435,69.9223210490947,56.4417497212251,67.1375376955665,49.2548350963788
47.4420267886779,65.6835913188904,69.4017033286027,64.9410076603617,64.2427227033515,64.4061249514518,65.4649831131979,66.8912538132171,43.9849936635792,61.9746688589926,66.1569868911227,51.0839314859346,59.50445446042,67.5202764351467,68.6377956828406,50.6327892994773,58.3517983428286,64.778899380431,56.4134011442401,57.4173498059043,67.6745806684945,66.6797765703507,66.9974144744988,67.6630876611267,67.4978616940319,43.9387807516619,60.6862181055112,69.9223210490947,56.4417953080376,67.1375376955665,49.2548350963788
47.4420267886779,65.6835913188904,69.4017033286027,64.9442317759956,64.2427227033515,64.4061249514518,65.4649831131979,66.8912538132171,43.9849936635792,61.9746688589926,66.1569868911227,51.0839314859346,59.50445446042,67.5212408812357,68.6377956828406,50.6327892994773,58.3517983428286,64.778899380431,56.4134011442401,57.4173498059043,67.6745806684945,66.6797765703507,66.9974144744988,67.6630876611267,67.4978616940319,43.9387807516619,60.6862181055112,69.9255689782176,56.4417953080376,67.1375376955665,49.2548350963788
47.4420267886779,65.6835913188904,69.4020031266983,64.9442317759956,64.2427604397922,64.4061249514518,65.4649831131979,66.8912538132171,43.9849936635792,61.9746688589926,66.1569868911227,51.0839314859346,59.50445446042,67.5212408812357,68.6377956828848,50.6327892994773,58.3517983428286,64.778899380431,56.4134011442401,57.4173498059043,67.6745806684945,66.6797786146904,66.9974144744988,67.6630876611267,67.4978616940319,43.9388136266778,60.6862181055112,69.9255689782176,56.4417953080376,67.1375376955665,49.2548350963788
47.4420884044386,65.6835913188904,69.402113710471,64.9442317759956,64.2427604397922,64.4061249514518,65.4649831131979,66.8912538132171,43.9849936635792,61.9746688589926,66.1569868911227,51.0841242726696,59.50445446042,67.5212408812357,68.6377956828848,50.6327892994773,58.3517983428286,64.778899380431,56.5654445333301,57.4173498059043,67.6745806684945,66.6797786146904,66.9974144744988,67.6630876611267,67.4978616940319,43.9388136266778,60.6862181055112,69.9255689782176,56.4417953080376,67.1375376955665,49.2548350963788
47.4420884044386,65.6836153044059,69.402113710471,64.9442317759956,64.2427604397922,64.4061249514518,65.4649831131979,66.8913622036064,43.9849936635792,61.9746688589926,66.1569868911227,51.0841242726696,59.50445446042,67.5212408812357,68.6377956828996,50.6327892994773,58.3517983428286,64.778899380431,56.5654445333301,57.5428339956159,67.6745806684945,66.6797786146904,66.9974144744988,67.6630876611267,67.4978616940319,43.9388136266778,60.6862181055112,69.9255689782176,56.4417953080376,67.1375376955665,49.2548350963788
47.4420884044386,65.6836153044059,69.402113710471,64.9442317759956,64.2427604397922,64.4072303665302,65.4649831131979,66.8913622036064,43.9849936635792,61.9746688589926,66.1569868911227,51.0841242726696,59.50445446042,67.5212408812357,68.6377956831641,50.6327892994773,58.3517983428286,64.778899380431,56.5654445333301,57.5428339956159,67.6745806684945,66.6797786146904,66.9974144744988,67.6630876611267,67.4978616940319,43.9388136266778,60.6862181055112,69.9255689782176,56.4417953080376,67.1379790607951,49.2548350963788
47.4420884044386,65.6836153044059,69.402113710471,64.9442317759956,64.2427604397922,64.4089687889022,65.4649831131979,66.8913622036064,43.9849936635792,61.9746688589926,66.1569868911227,51.0841242726696,59.5058602549485,67.5215465381806,68.6377956831641,50.6327892994773,58.3517983428286,64.8379278145884,56.5654445333301,57.5428339956159,67.6745806684945,66.6797786146904,66.9974144744988,67.6630876611267,67.4978616940319,43.9388136266778,60.6864560778518,69.9255689782176,56.4417953080376,67.1379790607951,49.2548350963788
47.4420884044386,65.6836153044059,69.402113710471,64.9442317759956,64.2427604397922,64.4089687889022,65.4649831131979,66.8913622036064,43.9849936635792,61.9746688589926,66.1569868911227,51.0841242726696,59.5083702206344,67.5215465381806,68.6377956831641,50.6327892994773,58.3517983428286,64.8379278145884,56.5654445333301,57.5428339956159,67.6745806684945,66.6797786146904,66.9974144744988,67.6630903480239,67.4978616940319,43.9388136266778,60.6864560778518,69.9255689782176,56.4417953080376,67.1379790607951,49.2548350963788
47.4420884044386,65.6836153044059,69.402113710471,64.9442317759956,64.2427604397922,64.4089687889022,65.4649831131979,66.8913622036064,43.9849936635792,61.9746688589926,66.1569868911227,51.0841242726696,59.5083702206344,67.5215465381806,68.6377956831641,50.6327892994773,58.3517983428286,64.8379278145884,56.5654445333301,57.5428339956159,67.6745806684945,66.6797786146904,66.9974144744988,67.6630903480239,67.4978616940319,43.9388136266778,60.6864560778518,69.9255689782176,56.4418092101841,67.1379790607951,49.2548350963788
47.4420884044386,65.6836166300668,69.402113710471,64.9442317759956,64.2427604397922,64.4089687889022,65.4649831131979,66.8913622036064,43.9849936635792,61.9746688589926,66.1569868911227,51.0841242726696,59.5083702206344,67.5215465381806,68.637795683177,50.6327892994773,58.3517983428286,64.8379278145884,56.5654445333301,57.5428339956159,67.6745806684945,66.6797786146904,66.9974144744988,67.6630903480239,67.4978616940319,43.9388136266778,60.6864560778518,69.9257619220681,56.4418092101841,67.1379790607951,49.2550788947268
47.4420884044386,65.6836166300668,69.4022165566597,64.9442317759956,64.2427604397922,64.4089687889022,65.4649831131979,66.8913622036064,43.9849936635792,61.9746688589926,66.1569868911227,51.0841242726696,59.5083702206344,67.5215465381806,68.637795683177,50.6327892994773,58.3517983428286,64.8379278145884,56.5654445333301,57.5428339956159,67.6745806684945,66.6797786146904,66.9974144744988,67.6630903480239,67.4978616940319,43.9388136266778,60.6864560778518,69.9257619220681,56.4418092101841,67.1379790607951,49.2550788947268
47.4420884044386,65.6836166300668,69.4022165566597,64.9442317759956,64.2427604397922,64.4089687889022,65.4649831131979,66.8913622036064,43.9849936635792,61.9746688589926,66.1569868911227,51.0841242726696,59.5083702206344,67.5215465381806,68.637795683177,50.6327892994773,58.3517983428286,64.8379278145884,56.5654445333301,57.5428339956159,67.6745806684945,66.6797786146904,66.9974144744988,67.6630903480239,67.4978616940319,43.938834514104,60.6864560778518,69.9257619220681,56.4418092101841,67.1379790607951,49.2550788947268
47.4420884044386,65.6836166300668,69.4022165566597,64.9442317759956,64.2427604397922,64.4089687889022,65.4649831131979,66.8913622036064,43.9849936635792,61.9746688589926,66.1569868911227,51.0841242726696,59.5161054969953,67.5215465381806,68.637795683177,50.6327892994773,58.3517983428286,64.8379278145884,56.5654445333301,57.5428339956159,67.6745830534538,66.6797793342639,66.9974144744988,67.6630903480239,67.4978616940319,43.938834514104,60.6864560778518,69.9257619220681,56.4418092101841,67.1379790607951,49.2550788947268
47.4420884044386,65.6836166300668,69.4022165566597,64.9442317759956,64.2427604397922,64.4089687889022,65.4649831131979,66.8913622036064,43.9849936635792,61.9746688589926,66.1569868911227,51.0841242726696,59.5223734843351,67.5215465381806,68.637795683177,50.6327892994773,58.3517983428286,64.8379278145884,56.5654445333301,57.5428339956159,67.6745830534538,66.6797793342639,66.9974144744988,67.6630903480239,67.4978616940319,43.938834514104,60.686906258217,69.9257619220681,56.4418092101841,67.1379790607951,49.2550788947268
47.4421152935889,65.6836166300668,69.4022165566597,64.9442317759956,64.2427604397922,64.4089687889022,65.465081805957,66.8913622036064,43.9849936635792,61.9746688589926,66.1569868911227,51.0841242726696,59.5223734843351,67.5215465381806,68.637795683177,50.6327892994773,58.3517983428286,64.8379278145884,56.5654445333301,57.5428339956159,67.6745830534538,66.6797793342639,66.9974144744988,67.6630903480239,67.4978616940319,43.938834514104,60.686906258217,69.9257619220681,56.4418092101841,67.1381176493489,49.2550788947268
47.4421152935889,65.6836166300668,69.4022165566597,64.9442317759956,64.2427604397922,64.4089687889022,65.465081805957,66.8916654889936,43.9849936635792,61.9746688589926,66.1569868911227,51.0841242726696,59.5223734843351,67.5215465381806,68.637795683177,50.6327892994773,58.3517983428286,64.8379278145884,56.5654445333301,57.5428339956159,67.6745830534538,66.6797793342639,66.9974144744988,67.6630903480239,67.4978616940319,43.9388365564927,60.686906258217,69.9257619220681,56.4418092101841,67.1381176493489,49.2550788947268
47.4421152935889,65.6836618929868,69.4022165566597,64.9442317759956,64.2427604397922,64.4089687889022,65.465081805957,66.8916654889936,43.9849936635792,61.9755684535116,66.1569868911227,51.0841242726696,59.5223734843351,67.5215465381806,68.6377956831868,50.6327892994773,58.3517983428286,64.8660483791758,56.5654445333301,57.5428339956159,67.6745830534538,66.6797793342639,66.9974144744988,67.6630903480239,67.4978616940319,43.9388365564927,60.686906258217,69.9257619220681,56.4419140617004,67.1381176493489,49.2550788947268
47.4421403640155,65.6836618929868,69.4022165566597,64.9442317759956,64.2427604397922,64.4089687889022,65.465081805957,66.8916654889936,43.9856183898482,61.9755684535116,66.1569868911227,51.0841242726696,59.5223734843351,67.5215465381806,68.6377956831868,50.6327892994773,58.3517983428286,64.8660483791758,56.5654445333301,57.5428339956159,67.6745856718154,66.6797793342639,66.9974144744988,67.6630903480239,67.4978616940319,43.9388365564927,60.686906258217,69.9257619220681,56.4419140617004,67.1381176493489,49.2550788947268
47.442158690878,65.6836618929868,69.4022165566597,64.9442317759956,64.2427604397922,64.4089687889022,65.465081805957,66.8916654889936,43.9856183898482,61.9755684535116,66.1569868911227,51.0841242726696,59.5251401218634,67.5215465381806,68.6377956831868,50.6327892994773,58.3517983428286,64.8660483791758,56.5654445333301,57.5428339956159,67.6745856718154,66.6797793342639,66.9974144744988,67.6630903480239,67.4978616940319,43.9388365564927,60.686906258217,69.9257619220681,56.4419140617004,67.1381176493489,49.2550875693415
47.442158690878,65.6836618929868,69.4030416312259,64.9442317759956,64.2427604397922,64.4089687889022,65.465081805957,66.8916654889936,43.9856183898482,61.9755684535116,66.1569868911227,51.0841242726696,59.5251401218634,67.5215465381806,68.6377956831868,50.6327892994773,58.3517983428286,64.8660483791758,56.5654445333301,57.5428339956159,67.6745856718154,66.6797793342639,66.9974144744988,67.6630903480239,67.4978616940319,43.9388365564927,60.686906258217,69.9257619220681,56.4419140617004,67.1381176493489,49.2553047211725
47.442158690878,65.6836618929868,69.4030416312259,64.9442317759956,64.2427604397922,64.4089687889022,65.465081805957,66.8916654889936,43.9856183898482,61.9755684535116,66.1569868911227,51.0841242726696,59.5251401218634,67.5215465381806,68.6377956834492,50.6327892994773,58.3517983428286,64.8660483791758,56.5654445333301,57.5428339956159,67.6745856718154,66.6797793342639,66.9974144744988,67.6630903480239,67.4978616940319,43.9388492765722,60.686906258217,69.9257619220681,56.4419140617004,67.1381176493489,49.2553047211725
47.442158690878,65.6836618929868,69.4030416312259,64.9442317759956,64.2427604397922,64.4089687889022,65.4651421196881,66.8916654889936,43.9856183898482,61.9755684535116,66.1569868911227,51.0844718707983,59.5251401218634,67.5215465381806,68.6377956834492,50.6327892994773,58.3517983428286,64.8660483791758,56.5654445333301,57.639944896999,67.6745856718154,66.6797820908253,66.9974144744988,67.6630903480239,67.4978616940319,43.9388492765722,60.686906258217,69.9257619220681,56.4419140617004,67.1381176493489,49.2553047211725
47.442158690878,65.6836618929868,69.4030416312259,64.9442317759956,64.2427604397922,64.4089687889022,65.4651421196881,66.8916654889936,43.9856183898482,61.9755684535116,66.1569868911227,51.0844718707983,59.5251401218634,67.5215465381806,68.6377956834492,50.6327892994773,58.3517983428286,64.8660483791758,56.5654445333301,57.639944896999,67.6745856718154,66.6797820908253,66.9974144744988,67.6630903480239,67.4978616940319,43.9388492765722,60.686906258217,69.9260820386024,56.4419140617004,67.1381176493489,49.2553047211725
47.442158690878,65.6836618929868,69.4030416312259,64.9458474048437,64.2427604397922,64.4089687889022,65.4651421196881,66.8916654889936,43.9856183898482,61.9755684535116,66.1569868911227,51.0844718707983,59.5251401218634,67.5215465381806,68.6377956834492,50.6580653647158,58.3517983428286,64.8660483791758,56.6155812781633,57.639944896999,67.6745856718154,66.6797820908253,66.9974144744988,67.6630903480239,67.4980295048227,43.9388492765722,60.686906258217,69.9260820386024,56.4420118733591,67.1381176493489,49.2553047211725
47.442158690878,65.6836618929868,69.4030416312259,64.9458474048437,64.2427604397922,64.4089687889022,65.4651421196881,66.8916654889936,43.9856183898482,61.9755684535116,66.1569868911227,51.0844718707983,59.5284949996992,67.5216226067975,68.6377956834492,50.6580653647158,58.3517983428286,64.8660483791758,56.6155812781633,57.639944896999,67.6745856718154,66.6797820908253,66.9974144744988,67.6630903480239,67.4980295048227,43.9388716584849,60.686906258217,69.9260820386024,56.4420118733591,67.1381176493489,49.2553047211725
47.4421955308675,65.6836618929868,69.4030416312259,64.9458474048437,64.2427604397922,64.4089687889022,65.4651421196881,66.8916654889936,43.9856183898482,61.9755684535116,66.1569868911227,51.0844718707983,59.5284949996992,67.5216226067975,68.6377956834492,50.6580653647158,58.3517983428286,64.8660483791758,56.6155812781633,57.639944896999,67.6745856718154,66.6797820908253,66.9974144744988,67.6630903480239,67.4980295048227,43.9388716584849,60.686906258217,69.9260820386024,56.4420118733591,67.1381176493489,49.2553047211725
47.4421955308675,65.6836618929868,69.4030416312259,64.9458474048437,64.2427604397922,64.4089687889022,65.4651421196881,66.8916654889936,43.9856183898482,61.9755684535116,66.1569868911227,51.0844718707983,59.5284949996992,67.5216226067975,68.6377956834492,50.6580653647158,58.3517983428286,64.8660483791758,56.6155812781633,57.6584600906914,67.6745858050005,66.6797825571245,66.9974144744988,67.6630903480239,67.4980295048227,43.9388716584849,60.686906258217,69.9260820386024,56.4420118733591,67.1381176493489,49.2553047211725
47.4421955308675,65.683716522585,69.4035678677673,64.9458474048437,64.2427604397922,64.4094779358568,65.4651421196881,66.8916654889936,43.9856183898482,61.9755684535116,66.1569868911227,51.0844718707983,59.5284949996992,67.5216226067975,68.6377956834492,50.6580653647158,58.3517983428286,64.8660483791758,56.6155812781633,57.6584600906914,67.6745858050005,66.6797825571245,66.9974144744988,67.6630903480239,67.4980295048227,43.9388716584849,60.6869130535983,69.9260820386024,56.4420118733591,67.1381176493489,49.2553047211725
47.442205091274,65.683716522585,69.4035678677673,64.9458474048437,64.24341431482,64.4094779358568,65.4652071243164,66.8917037756834,43.9856183898482,61.9755684535116,66.1569868911227,51.0846580591774,59.5284949996992,67.5216226067975,68.6377956834492,50.6580653647158,58.3517983428286,64.8660483791758,56.6155812781633,57.6584600906914,67.6745858050005,66.6797825571245,66.9974144744988,67.6630903480239,67.4980295048227,43.938872672638,60.687219835862,69.9260820386024,56.4420118733591,67.1381176493489,49.2568002465551
47.442205091274,65.683716522585,69.4035678677673,64.9469097170095,64.24341431482,64.4094779358568,65.4652071243164,66.8917037756834,43.9856183898482,61.9755684535116,66.1569868911227,51.0846580591774,59.5284949996992,67.5216226067975,68.6377956834492,50.6737253416995,58.3517983428286,64.8660483791758,56.6155812781633,57.6584600906914,67.6745858050005,66.6797825571245,66.9974144744988,67.6630903480239,67.4980295048227,43.938872672638,60.687219835862,69.9260820386024,56.4420118733591,67.1381176493489,49.2568002465551
47.442205091274,65.683716522585,69.4035678677673,64.9469097170095,64.24341431482,64.4094779358568,65.4652071243164,66.8917037756834,43.9856335675076,61.9755684535116,66.1569868911227,51.0846580591774,59.5284949996992,67.5216226067975,68.6377956834492,50.6737253416995,58.3517983428286,64.8660483791758,56.6155812781633,57.6584600906914,67.6745858050005,66.6797825571245,66.9974144744988,67.6630903480239,67.4980295048227,43.938872672638,60.687219835862,69.9260820386024,56.4420118733591,67.1381176493489,49.2568002465551
47.442205091274,65.683716522585,69.4035678677673,64.9469097170095,64.24341431482,64.4094779358568,65.4652206298641,66.8917037756834,43.9857000092469,61.9755684535116,66.1569868911227,51.0846580591774,59.5284949996992,67.5216226067975,68.6377956834492,50.6737253416995,58.3517983428286,64.8660483791758,56.6155812781633,57.6584600906914,67.6745865630283,66.6797839974809,66.9974144744988,67.6630903480239,67.4980295048227,43.938872672638,60.687219835862,69.9260820386024,56.4421833406689,67.1392605839995,49.2568002465551
47.442205091274,65.683716522585,69.4035678677673,64.9469097170095,64.24341431482,64.4094779358568,65.4652206298641,66.8917037756834,43.9857000092469,61.9755684535116,66.1569868911227,51.0846580591774,59.5284949996992,67.5216226067975,68.6377956834641,50.6737253416995,58.3517983428286,64.8660483791758,56.6155812781633,57.6713914841589,67.6745865630283,66.6797839974809,66.9976725597159,67.6630903480239,67.4980295048227,43.938872672638,60.6872639025349,69.9260820386024,56.4421833406689,67.1392605839995,49.2568002465551
47.442205091274,65.683716522585,69.4035678677673,64.9469097170095,64.24341431482,64.4094779358568,65.4652206298641,66.8917037756834,43.9857000092469,61.9755684535116,66.1569868911227,51.0846580591774,59.5284949996992,67.5216226067975,68.6377956834641,50.6737253416995,58.3517983428286,64.8660483791758,56.6155812781633,57.7051117486852,67.6745865630283,66.6797839974809,66.998395016102,67.6630903480239,67.4980295048227,43.938872672638,60.6872639025349,69.9260820386024,56.4421833406689,67.1392605839995,49.2568002465551
47.442205091274,65.683750002465,69.4039131655654,64.9469097170095,64.2434749213515,64.4094779358568,65.4653077814213,66.8917791766991,43.9857000092469,61.9755684535116,66.1569868911227,51.0846580591774,59.5284949996992,67.5216226067975,68.6377956834896,50.6737253416995,58.3517983428286,64.8660483791758,56.6155812781633,57.7051117486852,67.6745865630283,66.6797839974809,66.998395016102,67.6630903480239,67.4980295048227,43.938872672638,60.6872639025349,69.9260820386024,56.4421833406689,67.1392605839995,49.2568002465551
47.442205091274,65.683750002465,69.4039131655654,64.9473679173495,64.2434749213515,64.4094779358568,65.4653077814213,66.8917791766991,43.9857000092469,61.9755684535116,66.1569868911227,51.0846580591774,59.5284949996992,67.5216226067975,68.6377956834896,50.6737253416995,58.3517983428286,64.8660483791758,56.6155812781633,57.7051117486852,67.6745865630283,66.6797839974809,66.998395016102,67.6630903480239,67.4980295048227,43.938872672638,60.6872639025349,69.9260820386024,56.4421833406689,67.1392605839995,49.2568002465551
47.442205091274,65.683750002465,69.4039131655654,64.9473679173495,64.2434749213515,64.4094779358568,65.4653077814213,66.8917791766991,43.9857000092469,61.9755684535116,66.1569868911227,51.0846580591774,59.5284949996992,67.5216226067975,68.6377956834896,50.6737253416995,58.3517983428286,64.9933914774586,56.6155812781633,57.7051117486852,67.6745871261099,66.6797839974809,66.998395016102,67.6630903480239,67.4980295048227,43.938872672638,60.6872639025349,69.9260820386024,56.4421833406689,67.1392605839995,49.2568002465551
47.442205091274,65.683750002465,69.4039131655654,64.9473679173495,64.2434749213515,64.4094779358568,65.4653960392434,66.8917791766991,43.9859656688201,61.9755684535116,66.1569868911227,51.0846580591774,59.5284949996992,67.5216226067975,68.6377956834896,50.6737253416995,58.3517983428286,64.9933914774586,56.6290754195899,57.7051117486852,67.6745871261099,66.6797839974809,66.998395016102,67.6630903480239,67.4980295048227,43.938872672638,60.6872639025349,69.9278248254654,56.4421833406689,67.1392605839995,49.2568002465551
47.442205091274,65.6837580363832,69.4039131655654,64.9473679173495,64.2434749213515,64.4094779358568,65.4654970415628,66.8917791766991,43.986402912589,61.9757380924151,66.1569868911227,51.0846580591774,59.5284949996992,67.5216226067975,68.6377956834896,50.6737253416995,58.3517983428286,64.9933914774586,56.6290754195899,57.8300823626466,67.6745871261099,66.6797839974809,66.998395016102,67.6630903480239,67.4980295048227,43.938872672638,60.6872639025349,69.9278248254654,56.4421833406689,67.1392605839995,49.2568002465551
47.442205091274,65.6837580363832,69.4039131655654,64.9473679173495,64.2434749213515,64.4095905770143,65.4654970415628,66.8917791766991,43.986402912589,61.9757380924151,66.1569868911227,51.0846580591774,59.5284949996992,67.5216226067975,68.6377956835234,50.6737253416995,58.3517983428286,64.9933914774586,56.6290754195899,57.8300823626466,67.6745871261099,66.6797839974809,66.998395016102,67.6630903480239,67.4980295048227,43.938872672638,60.6872639025349,69.9278248254654,56.4421833406689,67.1392605839995,49.2568002465551
47.4422553615796,65.6837580363832,69.4039131655654,64.9473679173495,64.2442540209404,64.4095905770143,65.4654970415628,66.8917791766991,43.986402912589,61.9757380924151,66.1569868911227,51.0846580591774,59.5284949996992,67.5216226067975,68.6377956835234,50.6737253416995,58.3517983428286,64.9933914774586,56.6290754195899,57.8300823626466,67.6745871261099,66.6797839974809,66.998395016102,67.6630903480239,67.4980295048227,43.938872672638,60.6872639025349,69.9278248254654,56.4422586999355,67.1392605839995,49.2568002465551
47.4422553615796,65.6837687559071,69.4039135695356,64.9473679173495,64.2442540209404,64.4095905770143,65.4654970415628,66.8917791766991,43.986402912589,61.9757380924151,66.1569868911227,51.0846580591774,59.5310347428254,67.5216226067975,68.6377956835234,50.6807990973532,58.3517983428286,64.9933914774586,56.6290754195899,57.8300823626466,67.6745912463977,66.6797839974809,66.998395016102,67.6630903480239,67.4983823660689,43.938872672638,60.6872639025349,69.9278248254654,56.4422586999355,67.1397236232627,49.2568002465551
47.4422553615796,65.6837687559071,69.4039135695356,64.9473679173495,64.2442540209404,64.4095905770143,65.4654970415628,66.8917791766991,43.986402912589,61.9757380924151,66.1569868911227,51.0846580591774,59.5310347428254,67.5216226067975,68.6377956835234,50.6807990973532,58.3517983428286,64.9933914774586,56.6290754195899,57.8300823626466,67.6745912463977,66.6797839974809,66.998395016102,67.6630903480239,67.4983823660689,43.938872672638,60.6872639025349,69.9278248254654,56.4422586999355,67.1397236232627,49.2568002465551
47.4422553615796,65.6837687559071,69.4039135695356,64.9473679173495,64.2442540209404,64.4095905770143,65.4654970415628,66.8917791766991,43.986402912589,61.9757380924151,66.1569868911227,51.0846580591774,59.5310347428254,67.5216226067975,68.6377956835234,50.6807990973532,58.3517983428286,64.9933914774586,56.6290754195899,57.8456596239862,67.6745912463977,66.6797839974809,66.998395016102,67.6630903480239,67.4983823660689,43.938872672638,60.6872639025349,69.9278248254654,56.4422586999355,67.1397236232627,49.2568002465551
47.4422553615796,65.6837687559071,69.4039135695356,64.9473679173495,64.2442540209404,64.4095905770143,65.4654970415628,66.8917791766991,43.986402912589,61.9757380924151,66.1569868911227,51.0846580591774,59.5310347428254,67.5217429538522,68.6377956835234,50.6807990973532,58.3517983428286,64.9933914774586,56.6290754195899,57.8575566666311,67.6745912463977,66.6797839974809,66.998395016102,67.6630903480239,67.4983823660689,43.938872672638,60.6872639025349,69.9278248254654,56.4422586999355,67.1397236232627,49.2568002465551
47.4422553615796,65.6837687559071,69.4039135695356,64.9473679173495,64.2442540209404,64.4096963958798,65.4654970415628,66.8917791766991,43.986402912589,61.9758702437172,66.1569868911227,51.0846580591774,59.5310347428254,67.5217429538522,68.6377956835234,50.6807990973532,58.3517983428286,64.9933914774586,56.6290754195899,57.8575566666311,67.6745913742142,66.6797839974809,66.998395016102,67.6630903480239,67.4983823660689,43.938872672638,60.6872639025349,69.9278248254654,56.4422586999355,67.1397236232627,49.2568002465551
47.4422553615796,65.6837687559071,69.4039135695356,64.9473679173495,64.2442540209404,64.4096963958798,65.4654970415628,66.8917791766991,43.986402912589,61.9758702437172,66.1569868911227,51.0846580591774,59.5310347428254,67.5217429538522,68.6377956835256,50.6807990973532,58.3517983428286,64.9933914774586,56.6290754195899,57.8575566666311,67.6745913742142,66.6797852730439,66.998395016102,67.6630903480239,67.4983823660689,43.9388762413212,60.6872639025349,69.9278248254654,56.4422586999355,67.1397236232627,49.257118223701
47.4422553615796,65.6837687559071,69.4039135695356,64.9484336779477,64.2442540209404,64.4096963958798,65.4654970415628,66.8917791766991,43.986402912589,61.9758702437172,66.1569868911227,51.0846580591774,59.5310347428254,67.5217429538522,68.6377956835256,50.6807990973532,58.3518005171272,65.0601153604681,56.6290754195899,57.8575566666311,67.6745913742142,66.6797852730439,66.9990332849108,67.6630903480239,67.4983823660689,43.9388762413212,60.6872639025349,69.9278248254654,56.4422586999355,67.1397236232627,49.257118223701
47.4422553615796,65.6837925683003,69.4039135695356,64.9484336779477,64.2442540209404,64.4096963958798,65.4654970415628,66.8917791766991,43.986402912589,61.9758702437172,66.1569868911227,51.0846580591774,59.5310347428254,67.5217429538522,68.6377956835284,50.6807990973532,58.3518005171272,65.0845594897018,56.6290754195899,57.8575566666311,67.6745913742142,66.6797852730439,66.9990332849108,67.6630903480239,67.4983823660689,43.9388762413212,60.6872639025349,69.9278248254654,56.4422586999355,67.1397236232627,49.257118223701
47.4422553615796,65.6837925683003,69.4041448115831,64.9484336779477,64.2442540209404,64.4096963958798,65.4654970415628,66.8917791766991,43.986402912589,61.9758702437172,66.1569868911227,51.0846580591774,59.5310347428254,67.5217429538522,68.6377956835284,50.6807990973532,58.3518005171272,65.0845594897018,56.6290754195899,57.8575566666311,67.6745913742142,66.6797852730439,66.9990332849108,67.6630903480239,67.4983823660689,43.9388762413212,60.6872639025349,69.9278248254654,56.4422586999355,67.1397236232627,49.257118223701
47.4422553615796,65.6837925683003,69.4041448115831,64.9484336779477,64.2442540209404,64.4096963958798,65.4655799646555,66.8917791766991,43.986402912589,61.9758702437172,66.1569868911227,51.0846580591774,59.5331502241596,67.5217429538522,68.6377956835284,50.6807990973532,58.3518005171272,65.0845594897018,56.6290754195899,57.8575566666311,67.6745924462206,66.6797858517021,66.9990332849108,67.6630903480239,67.4983823660689,43.9388762413212,60.6872639025349,69.9278248254654,56.4422586999355,67.1397236232627,49.257118223701
47.442263616945,65.6837925683003,69.4041448115831,64.9484336779477,64.2442540209404,64.4096963958798,65.4655799646555,66.8917791766991,43.986402912589,61.9758702437172,66.1569868911227,51.0846580591774,59.5331502241596,67.5218359673119,68.6377956835284,50.6807990973532,58.3518005171272,65.0845594897018,56.6290754195899,57.8575566666311,67.6745924462206,66.6797858517021,66.9990332849108,67.6630903480239,67.4983823660689,43.9388762413212,60.6872639025349,69.9282449798217,56.4422586999355,67.1397236232627,49.257118223701
47.442263616945,65.6837925683003,69.4041448115831,64.9484336779477,64.2442540209404,64.4096963958798,65.4655799646555,66.8917791766991,43.986402912589,61.9758702437172,66.1569868911227,51.0846580591774,59.5331502241596,67.5218359673119,68.6377956835284,50.6807990973532,58.3518005171272,65.0845594897018,56.6290754195899,57.8575566666311,67.6745924462206,66.6797858517021,66.9990332849108,67.6630903480239,67.4983823660689,43.9388762413212,60.6872639025349,69.9282449798217,56.4422586999355,67.1397236232627,49.257118223701
47.442263616945,65.6837925683003,69.4041448115831,64.9484336779477,64.2442540209404,64.4096963958798,65.4655799646555,66.8917791766991,43.986402912589,61.9758702437172,66.1569868911227,51.0846580591774,59.5331502241596,67.5218359673119,68.6377956835284,50.6807990973532,58.3518005171272,65.0845594897018,56.6290754195899,57.8575566666311,67.6745924462206,66.6797858517021,66.9990332849108,67.6630903480239,67.4983823660689,43.9388762413212,60.6872639025349,69.9282449798217,56.4422586999355,67.1403162993792,49.257118223701
47.442263616945,65.6837925683003,69.4041448115831,64.9484336779477,64.2442540209404,64.4096963958798,65.4655799646555,66.8917791766991,43.986402912589,61.9758702437172,66.1569868911227,51.0846580591774,59.5331502241596,67.5218359673119,68.6377956835284,50.6807990973532,58.3518005171272,65.0845594897018,56.6290754195899,57.8575566666311,67.6745924462206,66.6797858517021,66.9990332849108,67.6630903480239,67.4983823660689,43.9388762413212,60.6872639025349,69.9282449798217,56.4422586999355,67.1403162993792,49.2574294351598
47.442263616945,65.6837963997978,69.4041448115831,64.9484336779477,64.2442540209404,64.4096963958798,65.4655799646555,66.891819634611,43.986402912589,61.9758702437172,66.1569868911227,51.0846580591774,59.5331502241596,67.5218359673119,68.6377956835284,50.6807990973532,58.3518005171272,65.0845594897018,56.6290754195899,57.8575566666311,67.6745924462206,66.6797872009981,66.9992831414062,67.6630903480239,67.4983823660689,43.9388762413212,60.6872639025349,69.9282449798217,56.4422586999355,67.1403162993792,49.2574294351598
47.442263616945,65.6837963997978,69.4041448115831,64.9484336779477,64.2442540209404,64.4096963958798,65.4655799646555,66.891819634611,43.986402912589,61.9758702437172,66.1569868911227,51.0846580591774,59.5331502241596,67.5218359673119,68.6377956835284,50.6807990973532,58.3518005171272,65.0845594897018,56.6290754195899,57.8575566666311,67.6745924462206,66.6797872009981,66.9992831414062,67.6630903480239,67.4983823660689,43.9388762413212,60.6872639025349,69.9282449798217,56.4422586999355,67.1403162993792,49.2574294351598
47.442263616945,65.6837963997978,69.4041448115831,64.9484336779477,64.2442540209404,64.4096996493309,65.4655799646555,66.891819634611,43.986402912589,61.9758702437172,66.1569868911227,51.0846580591774,59.5331502241596,67.5218359673119,68.6377956835717,50.6807990973532,58.3518005171272,65.0845594897018,56.6290754195899,57.8575566666311,67.6745924462206,66.6797872009981,66.9992831414062,67.6630903480239,67.4983823660689,43.9388762413212,60.6872639025349,69.9282449798217,56.4422586999355,67.1403162993792,49.2574294351598
47.442263616945,65.6837963997978,69.4041448115831,64.9484744376187,64.2442540209404,64.4096996493309,65.4655799646555,66.891819634611,43.9866745210909,61.9758702437172,66.1569868911227,51.0846580591774,59.5331502241596,67.5218359673119,68.6377956835717,50.6807990973532,58.3518005171272,65.0845594897018,56.6290754195899,57.8575566666311,67.6745924462206,66.6797872009981,66.9992831414062,67.6630903480239,67.4983823660689,43.9388762413212,60.6872639025349,69.9282449798217,56.4422586999355,67.1403162993792,49.2574294351598
47.442263616945,65.6837992140076,69.4041448115831,64.9484744376187,64.2442540209404,64.4096996493309,65.4655799646555,66.891819634611,43.9866745210909,61.9758702437172,66.1569868911227,51.0846580591774,59.535143291409,67.5218359673119,68.6377956835717,50.6807990973532,58.3518005171272,65.0845594897018,56.6290754195899,57.8646581038327,67.6745924462206,66.6797872009981,66.9992831414062,67.6630903480239,67.4983823660689,43.9388762413212,60.6872639025349,69.9282449798217,56.4422586999355,67.1403162993792,49.2574294351598
47.442263616945,65.6837992140076,69.4041448115831,64.9484744376187,64.2444031883582,64.4096996493309,65.4655799646555,66.8920056589649,43.9866745210909,61.9758702437172,66.1569868911227,51.0846580591774,59.535143291409,67.5218359673119,68.6377956835717,50.6807990973532,58.3518005171272,65.0845594897018,56.6290754195899,57.8646581038327,67.6745924462206,66.6797872009981,66.9992831414062,67.6630903480239,67.4983823660689,43.9388764293292,60.6872639025349,69.9282449798217,56.4422586999355,67.1403162993792,49.2574294351598
47.442263616945,65.6837992140076,69.4041448115831,64.9484744376187,64.2444031883582,64.4096996493309,65.4655799646555,66.8920056589649,43.9866745210909,61.9758702437172,66.1569868911227,51.0846580591774,59.535143291409,67.5218359673119,68.6377956835717,50.6807990973532,58.3518005171272,65.0845594897018,56.6290754195899,57.8646581038327,67.6745924462206,66.6797872009981,66.9992831414062,67.6630903480239,67.4983823660689,43.9388764293292,60.6872639025349,69.9282449798217,56.4422586999355,67.1403162993792,49.2574294351598
47.4422696110927,65.6837992140076,69.4041448115831,64.9484744376187,64.2444031883582,64.4101226014851,65.4655799646555,66.8920056589649,43.9866745210909,61.9758702437172,66.1569868911227,51.0846580591774,59.535143291409,67.5218359673119,68.6377956835717,50.6807990973532,58.3518005171272,65.0845594897018,56.6290754195899,57.8646581038327,67.6745924462206,66.6797872009981,66.9992831414062,67.6630903480239,67.4983823660689,43.9388764293292,60.6872639025349,69.9282449798217,56.4422586999355,67.1403162993792,49.2574294351598
47.4422696110927,65.6837992140076,69.4041448115831,64.9484744376187,64.2444031883582,64.4101226014851,65.4655824532998,66.8920056589649,43.9866745210909,61.9758702437172,66.1569868911227,51.0846580591774,59.535143291409,67.5219257439093,68.6377956835717,50.6807990973532,58.3518005171272,65.0845594897018,56.6290754195899,57.9037166076793,67.6745924462206,66.6797872009981,66.9992831414062,67.6630903480239,67.4983823660689,43.9388764723594,60.6872639025349,69.9282449798217,56.4422586999355,67.1403162993792,49.2574294351598
47.4422696110927,65.6837992140076,69.4041448115831,64.9484744376187,64.2444031883582,64.4101226014851,65.4655824532998,66.8920056589649,43.9866745210909,61.9758702437172,66.1569868911227,51.0846580591774,59.535143291409,67.5219257439093,68.6377956835762,50.6807990973532,58.3518005171272,65.0845594897018,56.6400706806186,57.9037166076793,67.6745924986342,66.6797872009981,66.9992831414062,67.6630903480239,67.4983823660689,43.9388777208083,60.6872639025349,69.9282449798217,56.4422586999355,67.1403162993792,49.2574294351598
47.4422696110927,65.6837992140076,69.4041448115831,64.9484744376187,64.2449301842473,64.4101226014851,65.4655824532998,66.8921457889015,43.9866745210909,61.9758702437172,66.1569868911227,51.0846580591774,59.535143291409,67.5219257439093,68.6377956835762,50.6807990973532,58.3518005171272,65.0845594897018,56.6903032251867,57.9037166076793,67.6745924986342,66.6797872009981,66.9992831414062,67.6630903480239,67.4992269763737,43.9388777208083,60.6872639025349,69.9282449798217,56.4422586999355,67.1403162993792,49.2574294351598
47.4422696110927,65.6837992140076,69.4041448115831,64.9484744376187,64.2449301842473,64.4101226014851,65.4655824532998,66.8921457889015,43.9866745210909,61.9758702437172,66.1648704868417,51.0846580591774,59.535143291409,67.5219257439093,68.6377956835783,50.6807990973532,58.3518005171272,65.0845594897018,56.6903032251867,57.9037166076793,67.6745924986342,66.6797872009981,66.9992831414062,67.6630903480239,67.4992269763737,43.9388777208083,60.6872639025349,69.9282449798217,56.4422586999355,67.1403162993792,49.2574294351598
47.4422696110927,65.6837992140076,69.4046538882492,64.9484744376187,64.2449301842473,64.4104860197395,65.4655824532998,66.8921457889015,43.9866745210909,61.9758702437172,66.1648704868417,51.0846580591774,59.535143291409,67.5219257439093,68.6377956835783,50.6807990973532,58.3518005171272,65.0845594897018,56.6903032251867,57.9037166076793,67.6745924986342,66.6797872009981,66.9992831414062,67.6630903480239,67.4992269763737,43.9388777208083,60.6872639025349,69.9282449798217,56.4422586999355,67.1403162993792,49.2574294351598
47.4422696110927,65.6837992140076,69.4046538882492,64.9484744376187,64.2449301842473,64.4104860197395,65.4655878929041,66.8921457889015,43.9866745210909,61.9758702437172,66.1648704868417,51.0846580591774,59.535143291409,67.5219257439093,68.6377956835783,50.6807990973532,58.3518005171272,65.0845594897018,56.6903032251867,57.9037166076793,67.6745924986342,66.6797872009981,66.9992831414062,67.6630903480239,67.4992269763737,43.9388777208083,60.6872639025349,69.9282449798217,56.4422586999355,67.1403162993792,49.2574294351598
47.4422724552911,65.6837992140076,69.4046538882492,64.9484744376187,64.2449301842473,64.4104860197395,65.4655878929041,66.8921457889015,43.9866745210909,61.9758702437172,66.1648704868417,51.0846580591774,59.5364991497385,67.5219257439093,68.6377956835816,50.6807990973532,58.3518005171272,65.157273209478,56.6903032251867,57.9037166076793,67.6745928712668,66.6797872009981,66.9992831414062,67.6630903480239,67.4992269763737,43.9388777208083,60.6872639025349,69.9282449798217,56.4422586999355,67.1403162993792,49.2574294351598
47.4422724552911,65.6837992140076,69.4046538882492,64.9485812840025,64.2449301842473,64.4104860197395,65.4655878929041,66.8921457889015,43.9866745210909,61.9758702437172,66.1648704868417,51.0846580591774,59.5364991497385,67.5219257439093,68.6377956835816,50.6807990973532,58.3518005171272,65.157273209478,56.6903032251867,57.9037166076793,67.6745928712668,66.6797873229451,66.9992831414062,67.6630903480239,67.4992269763737,43.9388777208083,60.6872639025349,69.9282449798217,56.4422586999355,67.1403162993792,49.2574294351598
47.4422724552911,65.6837992140076,69.4046538882492,64.9485812840025,64.2449301842473,64.4104860197395,65.4655878929041,66.8921457889015,43.9866745210909,61.9758702437172,66.1648704868417,51.0846580591774,59.5364991497385,67.5219257439093,68.6377956835832,50.6807990973532,58.3518005171272,65.157273209478,56.6903032251867,57.9037166076793,67.6745928712668,66.6797873229451,66.9992831414062,67.6630903480239,67.4992269763737,43.9388777208083,60.6872639025349,69.9282449798217,56.4422586999355,67.1403162993792,49.2579619689583
47.4422724552911,65.6837992140076,69.4046538882492,64.9485812840025,64.2449301842473,64.4104860197395,65.4655878929041,66.8921457889015,43.9867566951917,61.9758702437172,66.1648704868417,51.0847415461487,59.5364991497385,67.5219257439093,68.6377956835832,50.6807990973532,58.3518005171272,65.157273209478,56.6903032251867,57.9037166076793,67.6745928712668,66.6797873229451,66.9992831414062,67.6630903480239,67.4992269763737,43.9388777208083,60.6872639025349,69.9282449798217,56.4422586999355,67.1403162993792,49.2579619689583
47.4422724552911,65.6837992140076,69.4046538882492,64.9485812840025,64.2449301842473,64.4104860197395,65.4656103337893,66.8921457889015,43.9867566951917,61.9758702437172,66.1648704868417,51.0847415461487,59.5364991497385,67.5219257439093,68.6377956835832,50.685626505576,58.3518005171272,65.157273209478,56.6903032251867,57.9037166076793,67.6745928712668,66.6797873229451,66.9992831414062,67.6630903480239,67.4994759564011,43.9388777208083,60.6872639025349,69.9282449798217,56.4422594343959,67.1403162993792,49.2579619689583
47.4422724552911,65.6837992140076,69.4046538882492,64.9485812840025,64.2449301842473,64.4104860197395,65.4656103337893,66.8921457889015,43.9867566951917,61.9758702437172,66.1648704868417,51.0847415461487,59.5364991497385,67.5219257439093,68.6377956835832,50.685626505576,58.3518005171272,65.157273209478,56.6903032251867,57.9037166076793,67.6745933095153,66.6797873229451,66.9992831414062,67.6630903480239,67.4994759564011,43.9388777208083,60.6872639025349,69.9282449798217,56.4422594343959,67.1403162993792,49.2579619689583
47.4422724552911,65.6837992140076,69.4049285683008,64.9485812840025,64.2449301842473,64.4104860197395,65.4656103337893,66.8921457889015,43.9867566951917,61.9758702437172,66.1648704868417,51.0847415461487,59.5364991497385,67.5219257439093,68.6377956835832,50.685626505576,58.3518005171272,65.157273209478,56.6903032251867,57.9037166076793,67.6745933095153,66.6797873229451,66.9992831414062,67.6630903480239,67.4994759564011,43.9388777208083,60.6872639025349,69.9282449798217,56.4422594343959,67.1403162993792,49.2579619689583
48.5499490636658,65.6837992140076,69.4049285683008,64.9488626593019,64.2449301842473,64.4104860197395,65.4656103337893,66.8921457889015,43.9867566951917,61.9758702437172,66.1648704868417,51.0848376271733,59.5364991497385,67.5219257439093,68.6377956835832,50.685626505576,58.3518005171272,65.157273209478,56.6903032251867,57.9037166076793,67.6745933095153,66.6797873229451,66.9992831414062,67.6630903480239,67.4994759564011,43.9388777208083,60.6872639025349,69.9282449798217,56.4422594343959,67.1403162993792,49.2579619689583
46.4955225110678,63.3672250411803,64.6025086301537,54.6376985653028,30.0312893990317,49.6565633088645,67.5435073024654,55.9269185353842,35.6342309256352,53.0851107336485,56.1012590530507,39.780238136054,41.4786106835815,27.4460400813753,45.3939152863459,49.7173393258095,39.6876739939015,53.8424116023753,37.7237048263385,37.4510534048935,59.9296864391703,55.6096330382488,59.9831330485742,51.1394700695417,49.2098666382884,48.3257684725208,41.2706703506844,34.2312885047491,49.1683726243413,52.7445153877513,39.4823007469546
47.1640141585243,63.3672297432011,64.6025086301537,54.6378099473191,63.1522704384259,49.656799436676,67.5435213110733,55.9275628853658,47.1944334110605,53.0858230484077,58.0810329757735,39.7809946849314,58.2229307593989,27.4464575960983,58.0714755423703,49.7173572396329,53.9414508533873,53.8424116023753,53.4850100680015,48.0451568223355,59.9296875270824,55.609634481931,59.9831813263559,61.0016912256255,62.1147898305788,48.3257934380197,63.9432189196162,34.2313705884402,49.1683726243413,52.7454047242183,39.482421627917
47.1640141585243,63.3672297432011,64.6025086301537,54.6378099473191,63.1522704384259,56.949589852271,67.5435543047556,55.9275628853658,47.1947474984191,53.0858230484077,58.0810329757735,41.5386932418989,58.2229307593989,48.5823954590237,58.0714755423752,49.7173572396329,58.6286617060197,53.8424116023753,53.4859509846799,56.9653623208844,59.9296875270824,55.609634481931,59.9831813263559,61.1352927107911,62.1147898305788,48.3257934380197,63.9432189196162,58.2569131152218,49.1683726243413,61.8646235072709,39.482421627917
47.1640181614693,63.3672297432011,64.6025086301537,55.5993960169065,63.1522704384259,56.949589852271,67.5439542737536,55.9275628853658,47.1947474984191,53.0863760984208,58.0810329757735,41.5386932418989,58.2229307593989,48.5823954590237,58.071475542379,49.7173572396329,58.6286617060197,53.8424116023753,59.7851641568879,56.9653623208844,59.9296887136478,55.6096354509603,59.9831813263559,61.1352927107911,62.1147898305788,48.3257934380197,63.9432189196162,58.2569131152218,49.1683726243413,61.8646235072709,39.482421627917
47.1640299620273,63.367238186692,64.6025086301537,55.5993960169065,63.1522704384259,56.949589852271,67.5439542737536,55.9275628853658,47.1947474984191,53.0895911434451,58.0810329757735,41.5386932418989,58.2229307593989,48.5823954590237,58.07147554239,49.7173818143448,58.9404202170678,56.4750243808944,59.8044384601085,56.9653623208844,59.929690024124,55.6096418316533,59.9850723909568,61.2426298252535,62.1147898305788,48.3257934380197,63.9432189196162,58.2569131152218,49.1683726243413,61.8646235072709,42.7095811712518
47.1640299620273,63.3673573723469,64.602805876449,55.5993960169065,63.1522704384259,56.949589852271,67.5439736843714,55.9278613480343,47.1947474984191,53.0895911434451,58.0810329757735,41.5386932418989,58.2229307593989,48.5825333041976,58.0714755423917,49.7173818143448,58.9635032368454,56.4750243808944,59.8044384601085,57.1983478343316,59.929690024124,55.6096418316533,59.9893370848684,61.2426298252535,62.1174511669288,48.3257934380197,63.9432189196162,58.2569131152218,49.1692728532144,61.8646235072709,42.7095811712518
47.1640299620273,63.3673573723469,64.6084880506785,55.5993960169065,63.1523381221714,56.949589852271,67.5446056343771,55.9308259535863,47.1950806274958,53.0895911434451,58.0810329757735,41.5411060329215,58.2481865603123,48.5841829711862,58.071475542451,49.7173818143448,58.9635032368454,56.4750243808944,59.8044384601085,57.3013613833551,59.929690024124,55.6096418316533,59.9893370848684,61.2426298252535,62.1174511669288,48.3257934380197,63.9432189196162,58.2585887377282,49.1701981648622,61.8646235072709,42.7095811712518
47.1641062762154,63.3673573723469,64.6084880506785,55.5993960169065,63.1524581484772,56.9510125292241,67.5446056343771,55.9308259535863,47.1959313090453,53.0895911434451,58.0810329757735,41.5411060329215,58.2481865603123,48.5841829711862,58.071475542451,49.7173818143448,60.0506203810715,56.4750243808944,59.8044384601085,57.3013613833551,59.9296900254783,55.6096420870828,59.9893370848684,61.4546519494157,62.1198395709384,48.325835806903,63.9437855541561,58.2641072944275,49.1701981648622,61.8646235072709,42.7095811712518
47.1641062762154,63.3673573723469,64.6084880506785,55.5993960169065,63.1524581484772,56.9510125292241,67.5450543557189,55.9308259535863,47.1959313090453,53.0895911434451,58.0810329757735,41.5411060329215,58.2481865603123,48.5841829711862,58.0714755425566,49.7173818143448,60.0506203810715,56.4750243808944,59.8044384601085,57.3013613833551,59.9297054835855,55.6096761664181,59.9893370848684,61.4546519494157,62.1198395709384,48.3259047469013,63.9437855541561,58.2641072944275,49.1701981648622,61.8663068998799,42.7095811712518
47.1641062762154,63.3673573723469,64.6084880506785,55.6046524763816,63.1524581484772,56.9510125292241,67.5461075729235,55.9308259535863,47.1959313090453,53.0895911434451,58.1197112985728,41.5411060329215,58.2481865603123,48.5841829711862,58.0714755425566,49.7173831738372,60.0506203810715,56.4750243808944,59.8431292651171,57.7976532642432,59.9297089536961,55.6096761664181,59.9893370848684,61.4546519494157,62.1198395709384,48.3259047469013,63.9437855541561,58.2641072944275,49.1701981648622,61.8676108840564,42.7095811712518
47.1641672825815,63.3673573723469,64.6084880506785,55.6069669972105,63.1524581484772,56.9510125292241,67.5473189157332,55.9308259535863,47.1959313090453,53.0908400400693,58.1295688396376,41.5411060329215,58.2481865603123,48.5841829711862,58.0714755426356,49.7173831738372,60.1574895869131,56.4750243808944,60.0976667483189,57.9424425746846,59.9297089536961,55.6096761664181,59.9893370848684,61.4546519494157,62.1198395709384,48.3259047469013,63.9437855541561,58.2641072944275,49.1701981648622,61.8676108840564,42.7095811712518
47.1641672825815,63.3673573723469,64.6084880506785,55.6069669972105,63.1524581484772,56.9510125292241,67.5483189930411,55.9308259535863,47.1959313090453,53.0908400400693,58.1295688396376,41.5411144751351,58.2481865603123,48.5841829711862,58.0714755426356,49.7173831738372,60.1574895869131,56.5198844394659,60.0976667483189,57.9424425746846,59.9297089536961,55.6096761664181,59.9915457596866,61.9819664702383,62.1198395709384,48.3259136064895,63.9437855541561,58.2641072944275,49.1701981648622,61.8676108840564,42.7307690456869
47.1641672825815,63.3677624142393,64.6084880506785,55.6069669972105,63.1524581484772,56.9510125292241,67.5483189930411,55.9308259535863,47.1959313090453,53.0908400400693,58.1295688396376,41.5418711856241,58.2481865603123,48.5903756077609,58.0714755426989,49.7173831738372,60.1574895869131,56.6555276263665,60.0976667483189,57.9424425746846,59.9297119179191,55.6097513969935,59.9981746863602,61.9819664702383,62.1198395709384,48.3259425689257,63.9437855541561,58.2641072944275,49.1710166917781,61.8676108840564,43.9213491028431
47.1641672825815,63.3677624142393,64.6084880506785,55.6069669972105,63.1526850917466,56.9526468500796,67.5483189930411,55.9308259535863,47.1959313090453,53.0908400400693,58.1295688396376,41.5418711856241,58.2651871055436,48.5903756077609,58.0714755427776,49.7173831738372,60.1574895869131,56.6555276263665,60.0976667483189,58.6619400247587,59.9297617140995,55.6097790625568,59.9981746863602,61.9819664702383,62.1377947625918,48.3259425689257,63.9437855541561,58.2712076128321,49.1718704940127,61.8676108840564,43.9213491028431
47.1641672825815,63.3677624142393,64.6084880506785,55.6097308694502,63.1531646086793,56.9526468500796,67.5484852973421,55.9347203025794,47.2007503806223,53.0908400400693,58.1295688396376,41.5418711856241,58.2651871055436,48.5903756077609,58.0714755427776,49.7174154313136,60.1574895869131,56.6555276263665,60.0976667483189,58.6619400247587,59.9297617140995,55.6097790625568,59.9981746863602,61.9819664702383,62.1377947625918,48.3259425689257,63.9437855541561,58.2827825669065,49.1718704940127,61.8676108840564,43.9213491028431
47.1641672825815,63.3677624142393,64.6225591402448,55.6192801182936,63.1531646086793,56.9526468500796,67.5571759097632,55.9347203025794,47.2061350485904,53.0908400400693,58.1295688396376,41.5418711856241,58.2651871055436,48.5903756077609,58.071475543736,49.7174154313136,60.1574895869131,56.6555276263665,60.0976667483189,58.6619400247587,59.9297617140995,55.6097790625568,59.9981746863602,61.9819664702383,62.1377947625918,48.3259468099251,63.9455622665034,58.2827825669065,49.1718704940127,61.8676108840564,43.9213491028431
47.1642333227219,63.3677624142393,64.6225591402448,55.6192801182936,63.1531646086793,56.9526468500796,67.5571759097632,55.9347203025794,47.2061350485904,53.0948189112985,58.1295688396376,41.5418711856241,58.2651871055436,48.5903756077609,58.0714755440814,49.7174154313136,60.1574895869131,56.6555276263665,60.2076513298737,58.6619400247587,59.9297617140995,55.6097861896709,59.9981746863602,61.9819664702383,62.1377947625918,48.3260632168437,63.9455622665034,58.2827825669065,49.1718704940127,61.8676108840564,43.9213491028431
47.9504168539908,63.3677624142393,64.6225591402448,55.6192801182936,63.1531646086793,56.9526468500796,67.5571759097632,55.9347203025794,47.2061350485904,53.1057514473296,58.1295688396376,41.5418711856241,58.2651871055436,48.5944121204469,58.071475545387,49.7174154313136,61.1922794509583,56.6555276263665,60.8407757969289,60.2324597221182,59.929781109943,55.6100575297814,59.9981746863602,61.9819664702383,62.1377947625918,48.3260757871714,63.9455622665034,58.2827825669065,49.1718704940127,61.8676108840564,43.9213491028431
47.9504168539908,63.3687000607234,64.6225591402448,55.6192801182936,63.1531646086793,56.9600040077373,67.5571759097632,55.9347203025794,47.2061350485904,53.1057514473296,58.1295688396376,41.5418711856241,58.2651871055436,48.6070476400625,58.0714755473306,49.7174154313136,61.1922794509583,56.6555276263665,60.8407757969289,60.2324597221182,59.9299115644552,55.6100575297814,59.9981746863602,61.9819664702383,62.1377947625918,48.3260757871714,63.9455622665034,58.2827825669065,49.1718704940127,61.8742811773302,43.9213491028431
47.9504168539908,63.3687000607234,64.6225591402448,55.6192801182936,63.1531646086793,56.9600040077373,67.5571759097632,55.9347203025794,47.2061350485904,53.1057514473296,58.1295688396376,41.5452000565452,58.2651871055436,48.6070476400625,58.0714755475931,49.7175809759618,61.1922794509583,56.6555276263665,60.8407757969289,60.2324597221182,59.9299115644552,55.6100575297814,60.0177822437957,61.9819664702383,62.1377947625918,48.3260757871714,63.9455622665034,58.2827825669065,49.172772467032,61.8778877722668,44.0589480409075
47.9504168539908,63.3687000607234,64.6225591402448,55.6194470491869,63.1534151425873,56.9600040077373,67.5779294791378,55.9347203025794,47.2061350485904,53.1057514473296,58.1295688396376,41.5452000565452,58.3009465966501,48.6070476400625,58.07147555461,49.7175809759618,61.6519156233191,57.3170524481211,60.8407757969289,60.2324597221182,59.9299115644552,55.6100575297814,60.0484378328375,61.9819664702383,62.1534475752895,48.3261614342002,63.9455622665034,58.288030728365,49.1779923004747,61.8778877722668,44.0589480409075
47.9504168539908,63.3687000607234,64.6225591402448,55.6742164299896,63.1546903829845,56.9600040077373,67.5853059362022,55.9347203025794,47.2061350485904,53.1057514473296,58.1367141072753,41.5452000565452,58.3009465966501,48.6070476400625,58.07147555461,49.7175809759618,61.6519156233191,57.7615971903466,60.8407757969289,60.2324597221182,59.9299115644552,55.610292913296,60.0484378328375,61.9819664702383,62.1534475752895,48.3265932274542,63.9472352539158,58.338854568647,49.1779923004747,61.8778877722668,44.0589480409075
47.9504168539908,63.3687000607234,64.6297597420177,55.6742164299896,63.1546903829845,56.9600040077373,67.5853059362022,55.9400979257891,47.2133917505755,53.1064091483564,58.1367141072753,41.5452000565452,58.3009465966501,48.6070476400625,58.071475584333,49.7175809759618,61.6519156233191,57.7615971903466,60.8407757969289,60.2324597221182,59.9300222838434,55.6106595818472,60.0484378328375,61.9819664702383,62.1534475752895,48.3265932274542,63.9472352539158,58.338854568647,49.1779923004747,61.8778877722668,44.0589480409075
47.9504168539908,63.3687315253611,64.6513110479817,55.6742164299896,63.1546903829845,56.9600040077373,67.5853059362022,55.9400979257891,47.2133917505755,53.1266632200797,58.1367141072753,41.5452000565452,58.3009465966501,48.6100969685203,58.071475584333,49.7175809759618,61.6519156233191,57.7615971903466,60.8698524984023,60.2324597221182,59.9303788845846,55.6106595818472,60.0484378328375,62.2235276673301,62.1534475752895,48.3265932274542,63.9472352539158,58.338854568647,49.1779923004747,63.3545039373523,44.0589480409075
47.9504168539908,63.3701722304766,64.6513110479817,55.6742164299896,63.1546903829845,56.9600428496173,67.5853059362022,55.9400979257891,47.2133917505755,53.1266632200797,58.1367141072753,41.5452000565452,58.3009465966501,48.6209207455431,58.0714756033811,49.7176210108153,61.6519156233191,57.7615971903466,61.4339126473052,60.2324597221182,59.9303788845846,55.6106595818472,60.0484378328375,62.2235276673301,62.1534475752895,48.3266086211527,63.9472352539158,58.338854568647,49.1779923004747,63.3545039373523,44.0589480409075
47.9504168539908,63.3701722304766,64.6513110479817,55.6742164299896,63.1546903829845,56.9600428496173,67.594616747437,55.9400979257891,47.2133917505755,53.1266632200797,58.1367141072753,41.5452000565452,58.3009465966501,48.6209207455431,58.0714756033811,49.7183114661288,61.6519156233191,57.7615971903466,61.4339126473052,60.2324597221182,59.9303788845846,55.6106595818472,60.0484378328375,62.2235276673301,62.1534475752895,48.3271572023611,63.9472352539158,58.338854568647,49.1779923004747,63.3545039373523,44.0589480409075
51.1306454832525,63.3701722304766,64.6513110479817,55.70413987389,63.1546903829845,56.9600428496173,67.6258472955352,55.9400979257891,47.2133917505755,53.1266632200797,58.1367141072753,41.5479769538051,58.3105097019611,48.6209207455431,58.0714756336967,49.7566298352586,61.6519156233191,57.7615971903466,61.4339126473052,60.2324597221182,59.9303788845846,55.6106595818472,60.0687953866336,62.2235276673301,62.1534475752895,48.3271572023611,63.9472352539158,58.338854568647,49.1779923004747,63.3545039373523,44.0589480409075
51.1306454832525,63.3701722304766,64.6513110479817,55.9009652037359,63.1546903829845,56.9600428496173,67.6258472955352,55.9400979257891,47.2133917505755,53.1266632200797,58.1367141072753,41.5622176863628,58.3932758323542,48.6209207455431,58.0714756402579,49.7566298352586,61.6519156233191,57.7615971903466,61.4339126473052,60.2324597221182,59.9308833660794,55.6114900743374,60.0817929030252,62.2474097761097,62.1534475752895,48.3271572023611,63.9472352539158,58.3509865044241,49.1894539703937,63.3545039373523,44.0589480409075
51.1306454832525,63.3701803233565,64.6513110479817,55.9009652037359,63.1568979250187,56.9600428496173,67.7144538979903,55.9400979257891,47.2133917505755,53.1266632200797,58.1367141072753,41.5622176863628,58.3932758323542,48.6209207455431,58.0714756402579,49.7566298352586,61.6519156233191,57.7615971903466,61.4339126473052,60.2324597221182,59.9309228103446,55.6114900743374,60.0817929030252,62.2474097761097,62.1534475752895,48.3271572023611,63.9538270370428,58.3745040924675,49.1894539703937,63.3545039373523,44.0589480409075
51.1306454832525,63.3708245729347,64.6513110479817,55.9009652037359,63.1568979250187,56.9600428496173,67.7144538979903,55.9400979257891,47.2400636602212,53.1266632200797,58.1367141072753,41.5622176863628,58.3932758323542,48.6523243471652,58.0714758076583,49.7566298352586,61.6519156233191,59.5023961644864,61.4339126473052,60.2324597221182,59.9309228103446,55.6114900743374,60.0817929030252,62.2474097761097,62.2552858139846,48.3274843355764,63.9538270370428,58.3745040924675,49.1894539703937,63.3545039373523,44.1474526190347
51.1306454832525,63.3708245729347,64.6513110479817,55.9009652037359,63.1568979250187,56.9600428496173,67.7144538979903,55.9524772334104,47.2472540486266,53.1471820225796,58.1367141072753,41.5622176863628,58.3932758323542,48.6523243471652,58.0714758076583,49.7566298352586,61.6519156233191,59.5023961644864,61.695541738377,60.2324597221182,59.9309228103446,55.6114900743374,60.0817929030252,62.2536294841682,62.2552858139846,48.3278617304937,63.9538270370428,58.3745040924675,49.1894539703937,63.3545039373523,44.1474526190347
51.1306454832525,63.3708245729347,64.7023603763727,55.9009652037359,63.1568979250187,56.9605852142542,67.7247172134998,55.9524772334104,47.2472540486266,53.1471820225796,58.1367141072753,41.5622176863628,58.3932758323542,48.6523243471652,58.0714759846725,49.7566298352586,61.6519156233191,59.5023961644864,62.9740646941356,60.2324597221182,59.9309228103446,55.6120441273677,60.0817929030252,62.2536294841682,62.2552858139846,48.3278617304937,63.9538270370428,58.3745040924675,49.1894539703937,63.4116579641506,44.1474526190347
51.1306454832525,63.3708245729347,64.7023603763727,56.1580454572345,63.1568979250187,56.970684850753,67.7247172134998,55.9524772334104,47.2472540486266,53.1471820225796,58.2378405884858,41.5622176863628,58.3932758323542,48.6523243471652,58.0714762322734,49.7566298352586,61.6519156233191,59.5023961644864,62.9740646941356,60.2324597221182,59.9329008355055,55.6122898543497,60.0817929030252,62.5039170312291,62.2552858139846,48.3278617304937,63.9538270370428,58.3745040924675,49.1894539703937,63.9795568200214,44.1474526190347
51.1306454832525,63.3789937537299,64.7023603763727,56.2417892247998,63.1568979250187,56.970684850753,67.7247172134998,55.9524772334104,47.2472540486266,53.1471820225796,58.2378405884858,41.5622176863628,58.4559057878035,48.6523243471652,58.0714764151129,49.9642182519569,61.6519156233191,59.5023961644864,62.9740646941356,60.4570183698726,59.9329008355055,55.6122898543497,60.1083261415203,62.5039170312291,62.2552858139846,48.3288827739227,63.9547967241853,58.3745040924675,49.1894539703937,63.9795568200214,44.1474526190347
51.1306454832525,63.3789937537299,64.7023603763727,56.2417892247998,63.160788274852,56.970684850753,67.7247172134998,55.9524772334104,47.2472540486266,53.1471820225796,58.2378405884858,41.5820736172418,58.5803890608207,48.6523243471652,58.0714775661937,49.9642182519569,61.6519156233191,59.5023961644864,62.9740646941356,60.4570183698726,59.9329008355055,55.6122898543497,60.1102066899403,62.5039170312291,62.2552858139846,48.3315894189546,63.9629994407741,58.3745040924675,49.2256779723211,63.9795568200214,44.1474526190347
51.1306454832525,63.3789937537299,64.7023603763727,56.2417892247998,63.160788274852,56.970684850753,67.7247172134998,55.9524772334104,47.2935252384374,53.2653560757021,58.2378405884858,41.5820736172418,58.5803890608207,48.7740692453063,58.0714778129373,49.9642182519569,61.7488795227512,59.5023961644864,62.9740646941356,60.4570183698726,59.9329008355055,55.6125056588463,60.1102066899403,62.5489805797107,62.2552858139846,48.3315894189546,63.9629994407741,58.4213396125886,49.2324238692568,63.9795568200214,44.1474526190347
51.1306454832525,63.3789937537299,64.7023603763727,56.2417892247998,63.160788274852,56.970684850753,67.8351588348873,55.9524772334104,47.3018911487613,53.2653560757021,58.2378405884858,41.5820736172418,58.5803890608207,48.7740692453063,58.0714795802406,49.9642182519569,61.8144843182721,59.5023961644864,62.9740646941356,60.4570183698726,59.9329008355055,55.6129753907734,60.1102066899403,62.5489805797107,62.2552858139846,48.3315894189546,63.9629994407741,58.4213396125886,49.2324238692568,63.9795568200214,44.1474526190347
51.1306454832525,63.3825908769336,64.7023603763727,56.2417892247998,63.160788274852,56.970684850753,67.8351588348873,55.9709699020706,47.3018911487613,53.2653560757021,58.2378405884858,41.5820736172418,58.5803890608207,48.7740692453063,58.0714795802406,49.9642182519569,61.8144843182721,59.7100369412459,62.9740646941356,60.4570183698726,59.941398388238,55.6129753907734,60.1102066899403,62.5489805797107,62.2552858139846,48.3316673771777,63.9629994407741,58.4213396125886,49.2324238692568,63.9795568200214,45.1547518586504
51.1306454832525,63.3859689338025,64.7023603763727,56.5986664921139,63.1625946848904,56.970684850753,67.8351588348873,55.9821354106184,47.3018911487613,53.2653560757021,58.2378405884858,41.5820736172418,58.5803890608207,48.7740692453063,58.071482372774,49.9642182519569,61.8144843182721,59.7100369412459,65.2986864501975,60.4570183698726,59.941398388238,55.6129753907734,60.1102066899403,62.5489805797107,62.2552858139846,48.3410144052395,63.9629994407741,58.4213396125886,49.2324238692568,63.9795568200214,45.1547518586504
51.1306454832525,63.3859689338025,64.719369093657,56.7416394384052,63.1908061256001,56.9943372502906,67.8351588348873,55.9821354106184,47.338207578289,53.2653560757021,58.2378405884858,41.5820736172418,58.5803890608207,48.7740692453063,58.071482372774,49.9642182519569,61.8144843182721,59.7100369412459,65.2986864501975,60.7615468932394,59.941398388238,55.6129753907734,60.1102066899403,62.5489805797107,62.2632905240472,48.3410144052395,63.9629994407741,58.4213396125886,49.2324238692568,64.8016701020135,45.1547518586504
51.1306454832525,63.386828984275,64.8102783986008,56.7416394384052,63.1976659318144,56.9999575329281,67.8351588348873,55.9821354106184,47.4489000811254,53.3651690677369,58.2378405884858,41.5820736172418,58.7298452610238,48.8195136287496,58.071486366512,49.9642182519569,61.8144843182721,59.7100369412459,65.2986864501975,60.7615468932394,59.941398388238,55.6136962904371,60.1807367050592,62.5489805797107,62.6650089965373,48.3410144052395,63.9679418799276,58.4213396125886,49.2637326892497,64.8878881978302,45.1547518586504
51.1306454832525,63.5001991334812,64.8102783986008,56.7416394384052,63.1976659318144,56.9999575329281,67.8351588348873,55.9821354106184,47.4489000811254,53.4083316092859,58.2378405884858,41.6090957543665,59.0965579262227,49.0384349342362,58.0714899792213,49.9642182519569,61.8411183854342,59.7100369412459,65.2986864501975,60.7615468932394,59.9453891449659,55.6155581013814,60.2962110695545,62.5594792389308,62.6650089965373,48.3410144052395,63.9679418799276,58.4213396125886,49.277255434907,64.8878881978302,45.1547518586504
51.1306454832525,63.5001991334812,64.8102783986008,56.7416394384052,63.1976659318144,56.9999575329281,67.9890457822121,55.9821354106184,47.4489000811254,53.4083316092859,60.2144436224045,41.6090957543665,59.0965579262227,49.0384349342362,58.0714927727313,49.9642182519569,62.2617606055619,59.7100369412459,65.2986864501975,60.7615468932394,59.9535872508419,55.6155581013814,60.2962110695545,62.5594792389308,62.6650089965373,48.3481157818986,63.9679418799276,58.6570964954281,49.277255434907,64.8878881978302,45.1547518586504
51.1306454832525,63.5001991334812,64.8102783986008,56.9663524762372,63.1976659318144,56.9999575329281,67.9890457822121,56.043071147359,47.4489000811254,53.4083316092859,60.2144436224045,41.6090957543665,59.0965579262227,49.0384349342362,58.0715050282953,49.9642182519569,62.2617606055619,59.7100369412459,65.2986864501975,60.7615468932394,59.9535872508419,55.6155581013814,60.2962110695545,62.5594792389308,62.6650089965373,48.3520171933696,63.9679418799276,58.7092943724515,49.277255434907,64.8878881978302,45.1547518586504
51.1306454832525,63.6994970589986,64.8102783986008,57.7245257623233,63.1985353249896,56.9999575329281,67.9890457822121,56.043071147359,47.5985214053346,53.4083316092859,60.2144436224045,41.6090957543665,59.0965579262227,49.0384349342362,58.0715050282953,49.9642182519569,62.2617606055619,59.7100369412459,65.7282532657712,60.7615468932394,59.9535872508419,55.6155581013814,60.2962110695545,62.5594792389308,62.6650089965373,48.3520171933696,63.9679418799276,58.7092943724515,49.277255434907,64.8878881978302,45.1547518586504
51.1306454832525,63.6994970589986,64.8102783986008,57.7245257623233,63.2282556474827,57.0489798124619,67.9890457822121,56.043071147359,47.5985214053346,53.5606948471198,60.2144436224045,41.6090957543665,59.0965579262227,49.0384349342362,58.0715267802563,50.1020485108143,62.2617606055619,59.8882376542097,65.7282532657712,60.7615468932394,59.9535872508419,55.6155581013814,60.2962110695545,62.5594792389308,62.6650089965373,48.3520171933696,63.9679418799276,58.7092943724515,49.277255434907,64.8878881978302,45.6601871931346
51.1306454832525,63.6994970589986,64.8102783986008,57.7245257623233,63.2282556474827,57.1166694950521,67.9890457822121,56.043071147359,47.5985214053346,53.6481099803087,60.2144436224045,41.6090957543665,59.0965579262227,49.0666069030251,58.0715267802563,50.1020485108143,62.2617606055619,65.2963117963139,65.7282532657712,60.7615468932394,59.9629878353964,55.6215903774705,60.2962110695545,62.5594792389308,62.6650089965373,48.3582401992626,63.9697688000894,58.7092943724515,49.277255434907,64.8878881978302,45.6601871931346
51.1306454832525,63.6994970589986,64.8102783986008,57.7245257623233,63.2282556474827,57.1166694950521,68.054995964115,56.043071147359,47.5985214053346,53.6481099803087,60.2144436224045,41.6245324142379,59.0965579262227,49.4036912728247,58.0715411962346,50.1020485108143,62.2617606055619,65.2963117963139,65.7282532657712,60.7615468932394,59.9774906562397,55.6215903774705,60.4149065959508,62.5594792389308,62.6650089965373,48.3827325957927,63.9888253764359,58.7092943724515,49.277255434907,64.9595008050971,45.6601871931346
51.1306454832525,63.8075674106327,64.8186033300623,57.7245257623233,63.2282556474827,57.1166694950521,68.054995964115,56.043071147359,47.9997081518039,53.6481099803087,60.2144436224045,41.7734162911614,59.0965579262227,49.4036912728247,58.0715888536912,50.1020485108143,62.2617606055619,65.2963117963139,65.7282532657712,60.7615468932394,59.9774906562397,55.6215903774705,60.4149065959508,62.5594792389308,62.6650089965373,48.3827325957927,63.9888253764359,58.7092943724515,49.3111001540261,64.9595008050971,45.6601871931346
51.1306454832525,63.8075674106327,65.1349916211162,58.912233518241,63.2282556474827,57.1166694950521,68.054995964115,56.1168134484487,48.716016615552,53.6481099803087,60.2144436224045,41.7734162911614,59.5501466322585,49.4036912728247,58.0715935945432,50.1020485108143,62.2617606055619,65.2963117963139,65.7282532657712,60.7615468932394,59.9774906562397,55.6215903774705,60.4149065959508,62.5594792389308,62.6650089965373,48.3827325957927,63.9888253764359,59.5744814385174,49.4200559255537,64.9595008050971,45.6601871931346
51.1306454832525,63.8075674106327,65.1349916211162,60.4237930248385,63.2282556474827,57.1166694950521,68.054995964115,56.1168134484487,48.716016615552,53.6481099803087,60.2144436224045,41.7734162911614,59.5501466322585,49.4036912728247,58.0716560202949,50.6186804125702,62.2617606055619,65.2963117963139,65.7282532657712,60.7615468932394,59.9774906562397,55.621687625084,60.4149065959508,62.5594792389308,62.6650089965373,48.3827325957927,63.9888253764359,59.6445888773482,49.4200559255537,64.9595008050971,45.6601871931346
51.1306454832525,64.0524058166559,65.1349916211162,60.4237930248385,63.2324406569999,57.1166694950521,68.054995964115,56.1168134484487,48.716016615552,53.9966374414186,60.2144436224045,41.7734162911614,59.5501466322585,49.4036912728247,58.0716790056207,50.6186804125702,62.2617606055619,65.2963117963139,66.1637473977582,60.7615468932394,60.0162459619093,55.6289575267078,60.4149065959508,62.6586578645581,63.1592124931362,48.3936138124703,63.9888253764359,59.6445888773482,49.4200559255537,64.9595008050971,45.6601871931346
53.3897544372703,64.0524058166559,65.1349916211162,60.4237930248385,63.3552623295011,57.2314042676645,68.054995964115,56.1168134484487,49.2086016512949,53.9966374414186,60.2144436224045,41.7734162911614,59.5501466322585,49.7241436114739,58.071716733378,50.6186804125702,62.2617606055619,65.2963117963139,66.1637473977582,60.7615468932394,60.0709874752498,55.6289575267078,60.4149065959508,62.6586578645581,63.1592124931362,48.4072468400005,64.0296074078726,59.6445888773482,49.4200559255537,64.9595008050971,45.6601871931346
53.3897544372703,64.0524058166559,65.1349916211162,60.4237930248385,63.3744498276489,57.3376261472417,68.054995964115,56.1168134484487,49.2086016512949,53.9966374414186,60.4644370193237,41.7734162911614,59.5501466322585,49.7241436114739,58.071716733378,50.6186804125702,62.2617606055619,65.2963117963139,66.1637473977582,60.7615468932394,60.0709874752498,55.6289575267078,60.5816049927043,62.6586578645581,63.1592124931362,48.4072468400005,64.0296074078726,59.6445888773482,49.4200559255537,64.9595008050971,45.6601871931346
53.3897544372703,64.4859679281697,65.1349916211162,60.4237930248385,63.3744498276489,57.3376261472417,68.207833016027,56.2504946501297,49.2086016512949,53.9966374414186,60.4644370193237,42.0355114055942,59.5501466322585,49.7241436114739,58.0720376662935,50.6186804125702,62.2617606055619,65.2963117963139,66.1637473977582,60.7615468932394,60.0709874752498,55.6289575267078,60.5816049927043,62.6586578645581,63.1592124931362,48.4072468400005,64.0296074078726,59.6445888773482,49.4200559255537,64.9595008050971,46.0917069154191
53.3897544372703,64.4859679281697,65.1349916211162,60.4237930248385,63.3744498276489,57.3376261472417,68.3164791162459,56.2504946501297,49.2086016512949,53.9966374414186,60.4644370193237,42.0355114055942,59.5501466322585,49.7241436114739,58.0724861739541,50.9027935705701,62.2617606055619,65.2963117963139,66.1637473977582,60.7615468932394,60.0934908007225,55.6373540394338,60.5816049927043,62.6586578645581,63.1592124931362,48.4255227088292,64.0296074078726,59.6445888773482,49.4200559255537,65.3893286513064,46.0917069154191
53.3897544372703,64.4859679281697,65.1349916211162,60.4237930248385,63.3744498276489,57.3376261472417,68.3164791162459,56.2504946501297,49.2086016512949,54.1855202585331,60.4644370193237,42.0355114055942,59.5501466322585,49.7241436114739,58.0733391189867,50.9027935705701,62.2617606055619,65.2963117963139,66.1637473977582,60.7615468932394,60.2862599171969,55.6552174732134,60.5816049927043,62.6586578645581,63.1592124931362,48.4566037932765,64.0296074078726,60.1490883830033,49.4200559255537,65.4657301752413,46.0917069154191
53.3897544372703,64.8719089977414,65.1349916211162,60.4237930248385,63.3744498276489,57.3376261472417,68.3164791162459,56.2504946501297,49.5181774002303,54.735593352537,60.4644370193237,42.0355114055942,59.5501466322585,49.7241436114739,58.0738141447899,50.9027935705701,62.2617606055619,65.2963117963139,66.1637473977582,60.7615468932394,60.2862599171969,55.6552174732134,60.5816049927043,62.7387264801291,63.1592124931362,48.4566037932765,64.1956226101689,60.4578977791934,49.4760716111477,65.4657301752413,46.0917069154191
53.3897544372703,65.0052255676678,65.4142392066064,60.4237930248385,63.3744498276489,57.3485088131356,68.3164791162459,56.2756853439694,49.5181774002303,54.735593352537,60.4644370193237,42.0355114055942,59.5501466322585,50.0897660033829,58.0738141447899,50.9027935705701,62.2617606055619,65.2963117963139,66.1637473977582,60.7615468932394,60.2862599171969,55.6552174732134,60.5816049927043,62.7387264801291,63.1592124931362,48.4566037932765,64.1956226101689,60.4578977791934,49.699051920338,65.4657301752413,46.0917069154191
53.3897544372703,65.0052255676678,65.4142392066064,60.4237930248385,63.3744498276489,57.4141451715476,68.3164791162459,56.4525722161723,49.5181774002303,54.735593352537,60.4644370193237,42.0355114055942,60.2256236505916,50.1805764971222,58.0750170404534,50.9027935705701,62.2617606055619,65.2963117963139,66.1637473977582,60.7615468932394,60.2862599171969,55.6552174732134,60.8086945377721,62.7387264801291,63.1592124931362,48.4566037932765,64.1956226101689,60.4578977791934,49.699051920338,65.4657301752413,46.0917069154191
53.3897544372703,65.0378346486766,65.4142392066064,60.4237930248385,63.3744498276489,57.4141451715476,68.3164791162459,56.4525722161723,49.5181774002303,54.735593352537,60.4644370193237,42.0923482340504,60.5285617480273,50.1805764971222,58.0750170404534,50.9027935705701,62.2617606055619,65.2963117963139,66.1637473977582,60.7615468932394,60.3394646866993,55.6910644129987,61.1665561115451,62.7387264801291,63.1592124931362,48.5398087832599,64.1956226101689,60.4578977791934,49.699051920338,65.4657301752413,46.0917069154191
53.3897544372703,65.9186130606844,65.4142392066064,60.8059345705206,63.6523964789934,57.4141451715476,68.3164791162459,56.4525722161723,49.5181774002303,54.735593352537,60.4644370193237,42.3772618205071,60.5285617480273,50.1805764971222,58.0810290077273,50.9027935705701,62.2617606055619,65.2963117963139,66.1637473977582,60.7615468932394,60.6318073699848,55.7290998200286,61.1665561115451,62.7387264801291,63.1592124931362,48.5398087832599,64.1956226101689,60.4578977791934,49.699051920338,65.4657301752413,46.0917069154191
53.3897544372703,65.9186130606844,65.4142392066064,60.8059345705206,63.6523964789934,57.4141451715476,68.3164791162459,56.4525722161723,49.5181774002303,54.735593352537,60.4644370193237,42.3772618205071,60.5285617480273,50.1805764971222,58.0810290077273,50.9027935705701,62.2617606055619,65.2963117963139,66.1637473977582,60.7615468932394,60.6318073699848,55.7290998200286,61.1665561115451,62.7387264801291,63.4101421659446,48.5398087832599,64.508089901521,60.4578977791934,49.699051920338,65.4657301752413,46.0917069154191
53.3897544372703,65.9186130606844,65.4142392066064,60.8059345705206,63.6523964789934,57.4141451715476,68.3164791162459,56.5129546879539,49.5181774002303,54.735593352537,61.3979734643964,42.3772618205071,60.5285617480273,50.1805764971222,58.0812219323744,51.02074279206,62.2617606055619,65.2963117963139,66.1637473977582,60.7889858191822,60.6318073699848,55.7290998200286,61.1665561115451,62.7387264801291,63.4101421659446,48.5398087832599,64.508089901521,60.5575846566527,49.699051920338,65.4657301752413,46.0917069154191
53.3897544372703,65.9186130606844,65.4142392066064,60.8059345705206,63.6523964789934,57.4141451715476,68.3342346781996,57.2826474581265,49.5181774002303,54.735593352537,61.3979734643964,42.3772618205071,60.5285617480273,50.1805764971222,58.0939335360487,51.02074279206,62.2617606055619,65.2963117963139,66.1637473977582,60.7889858191822,60.6318073699848,55.7473576029003,61.1665561115451,62.7387264801291,63.4101421659446,48.6755312383319,64.508089901521,63.4775462697815,49.699051920338,65.4657301752413,46.0917069154191
53.3897544372703,65.9186130606844,65.4142392066064,60.8059345705206,63.6523964789934,57.4141451715476,68.3342346781996,57.2826474581265,49.5181774002303,54.735593352537,61.3979734643964,42.3772618205071,60.5285617480273,50.1805764971222,58.097798774049,51.02074279206,62.2617606055619,65.2963117963139,66.2226423549011,60.7889858191822,60.9998128791401,55.8432469704933,61.1665561115451,62.7387264801291,63.4101421659446,48.8371717285054,64.508089901521,63.4775462697815,49.699051920338,65.4657301752413,46.0917069154191
53.3897544372703,65.9186130606844,65.4233428276411,60.8059345705206,63.6523964789934,57.4141451715476,68.3342346781996,57.2826474581265,49.6140682429449,54.735593352537,61.3979734643964,42.3772618205071,60.5285617480273,50.1805764971222,58.1029363179997,51.02074279206,62.2617606055619,65.2963117963139,66.2226423549011,60.7889858191822,61.3021180013095,55.9224454962025,63.0337695515095,62.7387264801291,63.4101421659446,48.8371717285054,65.0487251841546,63.4775462697815,49.699051920338,65.4657301752413,46.0917069154191
53.3897544372703,65.9186130606844,65.5086799935383,61.8528197124428,63.6523964789934,57.4803115205685,68.3342346781996,57.2826474581265,49.6140682429449,54.735593352537,61.3979734643964,42.3772618205071,60.5285617480273,50.1805764971222,58.1029363179997,51.02074279206,62.2617606055619,65.2963117963139,66.2226423549011,60.7889858191822,61.3021180013095,55.9224454962025,63.0337695515095,62.7576670235252,63.4101421659446,48.8371717285054,65.0487251841546,63.4775462697815,49.9265313625815,65.4657301752413,46.0917069154191
53.3897544372703,65.9186130606844,65.5086799935383,61.8528197124428,63.6523964789934,57.7826960521136,68.3342346781996,58.0702157547137,49.6140682429449,54.735593352537,61.3979734643964,42.3772618205071,60.5285617480273,50.1805764971222,58.1504527322068,51.02074279206,62.2617606055619,65.2963117963139,66.2226423549011,60.8887438384177,61.3021180013095,55.9224454962025,63.0337695515095,62.7576670235252,63.4101421659446,48.8371717285054,65.0487251841546,63.4775462697815,49.9265313625815,65.4657301752413,46.0917069154191
53.3897544372703,65.9186130606844,65.5086799935383,61.8528197124428,63.7851247220454,57.7826960521136,68.3342346781996,58.0702157547137,49.6140682429449,54.9057233331824,61.3979734643964,42.3772618205071,60.5373090012608,50.1805764971222,58.1504527322068,51.02074279206,62.2617606055619,65.2963117963139,66.2226423549011,61.072543500547,61.3021180013095,55.9224454962025,63.0337695515095,62.7576670235252,63.4101421659446,49.1945103554725,65.0487251841546,63.4775462697815,49.9265313625815,65.4657301752413,46.0917069154191
53.3897544372703,65.9186130606844,65.5086799935383,61.8528197124428,63.7851247220454,57.7826960521136,68.3342346781996,58.0702157547137,49.6140682429449,54.9057233331824,61.3979734643964,42.3772618205071,61.9124749844775,50.1805764971222,58.1641736748066,51.02074279206,62.2617606055619,65.2963117963139,66.2226423549011,61.072543500547,62.1966400208896,56.1172780732411,63.0337695515095,62.7576670235252,63.4101421659446,49.1945103554725,65.1826363176199,64.112001324962,49.9265313625815,65.4657301752413,46.0917069154191
53.3897544372703,65.9186130606844,65.5086799935383,61.8528197124428,63.7851247220454,57.7826960521136,68.3342346781996,58.0702157547137,49.6140682429449,54.9057233331824,61.3979734643964,42.3772618205071,61.9124749844775,50.1805764971222,58.2133954608837,51.02074279206,62.2617606055619,65.2963117963139,66.2226423549011,61.072543500547,62.1966400208896,56.1172780732411,63.0337695515095,62.7576670235252,63.4101421659446,49.1945103554725,65.1826363176199,64.112001324962,49.9265313625815,65.4657301752413,46.0917069154191
53.3897544372703,65.9186130606844,65.5086799935383,62.3323300236846,63.7851247220454,57.7826960521136,68.3342346781996,58.0702157547137,49.6140682429449,54.9057233331824,61.3979734643964,42.3772618205071,61.9124749844775,50.1805764971222,58.2181632523493,51.02074279206,62.2617606055619,65.2963117963139,66.2226423549011,61.072543500547,62.1966400208896,56.1172780732411,63.1456816147596,62.7576670235252,64.407189970897,49.1945103554725,65.1826363176199,64.112001324962,49.9265313625815,66.7359115662842,46.0917069154191
53.3897544372703,66.1466096438127,65.5086799935383,62.3323300236846,63.7851247220454,57.7826960521136,68.3342346781996,58.2869797134186,49.6140682429449,54.9057233331824,61.3979734643964,43.0987343757498,61.9124749844775,50.1805764971222,58.5899582301434,51.3098007831776,62.2617606055619,65.2963117963139,66.2226423549011,61.072543500547,62.1966400208896,56.1172780732411,63.1456816147596,62.7576670235252,64.407189970897,49.2637208486345,65.1826363176199,64.112001324962,49.9265313625815,66.7359115662842,46.0917069154191
53.3897544372703,66.1466096438127,65.5086799935383,62.3323300236846,63.7851247220454,57.7826960521136,68.342875196492,58.2869797134186,49.6140682429449,54.9057233331824,61.3979734643964,43.0987343757498,61.9124749844775,50.1805764971222,58.6290850914743,51.3098007831776,62.2617606055619,65.2963117963139,66.2226423549011,61.072543500547,62.1966400208896,56.1419167474255,63.1456816147596,62.7576670235252,64.407189970897,50.0674154424246,65.5888384401768,64.112001324962,49.9265313625815,66.7359115662842,46.0917069154191
53.3897544372703,66.1466096438127,65.7751698429894,62.3323300236846,63.7851247220454,57.7826960521136,68.342875196492,58.2869797134186,49.6140682429449,54.9057233331824,61.3979734643964,43.0987343757498,61.9124749844775,50.1805764971222,59.2688091498863,51.7008639475917,62.2617606055619,65.2963117963139,66.2226423549011,61.072543500547,62.9391662013414,56.235433160177,63.1456816147596,62.7576670235252,64.407189970897,50.0674154424246,65.5888384401768,64.112001324962,49.9265313625815,66.7359115662842,46.0917069154191
53.3897544372703,66.1466096438127,65.7751698429894,62.3323300236846,63.7851247220454,57.9027906997445,68.342875196492,58.2869797134186,49.6140682429449,54.9057233331824,61.464798953405,43.0987343757498,61.9124749844775,50.1805764971222,59.2688091498863,51.7008639475917,62.2617606055619,65.2963117963139,66.2226423549011,61.072543500547,62.9391662013414,56.235433160177,63.1456816147596,62.7576670235252,64.407189970897,50.0674154424246,65.5888384401768,64.112001324962,50.1546688355813,66.7359115662842,46.0917069154191
53.3897544372703,66.1466096438127,65.7751698429894,62.3323300236846,63.8634530346175,58.0472756691289,68.342875196492,58.2869797134186,49.6140682429449,54.933955502757,61.464798953405,43.0987343757498,61.9124749844775,50.1805764971222,60.6802765242475,51.7008639475917,62.2617606055619,65.2963117963139,66.2226423549011,61.072543500547,62.9391662013414,56.235433160177,63.1456816147596,62.7576670235252,64.407189970897,50.1349882778438,65.5888384401768,65.0333505080641,50.1546688355813,66.7359115662842,46.0917069154191
53.3897544372703,66.1466096438127,65.7751698429894,62.3323300236846,63.8634530346175,58.0472756691289,68.342875196492,58.4750555223595,49.6140682429449,54.933955502757,61.464798953405,43.3730474350815,61.9124749844775,50.1805764971222,61.0858280921405,51.7008639475917,62.2617606055619,65.2963117963139,66.2226423549011,61.072543500547,62.9391662013414,56.235433160177,63.1456816147596,62.7576670235252,64.407189970897,50.3704881538801,65.5888384401768,65.4792790570034,50.1546688355813,66.7359115662842,46.0917069154191
53.3897544372703,66.1466096438127,65.7751698429894,62.3323300236846,63.8634530346175,58.0472756691289,68.342875196492,58.4750555223595,49.6455354582645,54.933955502757,61.464798953405,43.3730474350815,61.9124749844775,50.1805764971222,61.3331732558505,51.7008639475917,62.2617606055619,65.2963117963139,66.2226423549011,61.072543500547,62.9391662013414,56.2676035201062,63.6195467512374,62.7576670235252,64.407189970897,50.3704881538801,66.0575137729798,65.4792790570034,50.1546688355813,66.7359115662842,46.0917069154191
53.3897544372703,66.1466096438127,65.7751698429894,62.3323300236846,63.8634530346175,58.0472756691289,68.3858415728548,58.4750555223595,49.6455354582645,54.933955502757,61.464798953405,43.8498211604491,61.9124749844775,50.1805764971222,61.6926867499912,51.7008639475917,62.2617606055619,65.2963117963139,66.2226423549011,61.1516405484653,62.9391662013414,56.5007035120975,63.6195467512374,62.7576670235252,64.407189970897,50.3704881538801,66.0575137729798,65.4792790570034,50.1546688355813,66.7359115662842,46.0917069154191
53.3897544372703,66.1466096438127,65.7793383308489,62.3323300236846,63.8634530346175,58.0472756691289,68.3858415728548,58.4750555223595,49.6455354582645,54.933955502757,61.464798953405,43.8498211604491,61.9124749844775,50.2038905717398,61.6926867499912,51.7008639475917,62.2879837863675,65.2963117963139,66.2226423549011,61.1516405484653,62.9391662013414,56.5007035120975,63.6195467512374,62.7576670235252,64.407189970897,50.3704881538801,66.0575137729798,65.4792790570034,50.1546688355813,67.4383219292058,46.0917069154191
53.3897544372703,66.1466096438127,66.5137493302461,62.3323300236846,63.8634530346175,58.0472756691289,68.5331151568344,58.4750555223595,49.6455354582645,54.933955502757,61.464798953405,43.8498211604491,61.9124749844775,50.2038905717398,61.6926867499912,51.7008639475917,62.2879837863675,65.2963117963139,66.2226423549011,61.1516405484653,62.9391662013414,56.5007035120975,63.6195467512374,62.7576670235252,67.5919607454389,50.4419005484211,66.0575137729798,65.4792790570034,50.1546688355813,67.4383219292058,46.0917069154191
53.3897544372703,66.1466096438127,66.5137493302461,62.3323300236846,63.8634530346175,58.0472756691289,68.5331151568344,58.4750555223595,49.6617739655873,54.933955502757,61.464798953405,44.2271807846823,61.9124749844775,50.2038905717398,61.6926867499912,51.872520933954,62.2879837863675,65.2963117963139,66.2226423549011,61.1516405484653,62.9391662013414,56.5007035120975,63.6195467512374,62.7576670235252,67.5919607454389,50.4419005484211,66.0575137729798,65.4792790570034,50.1546688355813,67.4383219292058,46.0917069154191
53.3897544372703,66.1466096438127,66.5137493302461,62.3323300236846,63.9747967781584,58.0472756691289,68.5331151568344,58.4750555223595,49.7482075747243,54.933955502757,61.464798953405,44.2271807846823,61.9124749844775,50.2038905717398,61.6926867499912,51.872520933954,62.2879837863675,65.2963117963139,66.2226423549011,61.1516405484653,62.9391662013414,56.738804436963,63.6195467512374,62.7576670235252,67.5919607454389,50.4419005484211,66.0575137729798,65.4958011068671,50.2638579419998,67.4383219292058,46.0917069154191
53.3897544372703,66.1466096438127,66.5137493302461,62.3323300236846,63.9747967781584,59.2635073846087,68.5331151568344,58.4750555223595,49.7482075747243,54.933955502757,61.464798953405,44.2271807846823,61.9124749844775,50.2038905717398,61.6926867499912,51.872520933954,62.2879837863675,65.2963117963139,66.3135499569669,61.1516405484653,62.9391662013414,56.738804436963,64.4107472734145,62.7576670235252,67.5919607454389,50.4419005484211,66.0575137729798,66.3190977066938,50.2638579419998,67.4383219292058,46.0917069154191
53.3897544372703,66.1466096438127,66.5137493302461,62.3323300236846,63.9747967781584,59.2635073846087,68.5570198288861,58.4750555223595,49.7482075747243,54.933955502757,61.464798953405,44.2271807846823,61.9124749844775,50.2038905717398,62.093457325233,51.872520933954,62.3225290438868,65.2963117963139,66.3477084100396,61.1516405484653,62.9391662013414,56.738804436963,65.6605527139054,62.7576670235252,67.5919607454389,50.6930050236454,66.0575137729798,66.3190977066938,50.2638579419998,67.4383219292058,46.0917069154191
53.3897544372703,66.1466096438127,66.5137493302461,62.3323300236846,63.9747967781584,59.2635073846087,68.5570198288861,58.4750555223595,49.7482075747243,54.933955502757,61.9540723041606,44.2271807846823,61.9124749844775,50.2889840159282,62.093457325233,51.872520933954,62.3225290438868,65.2963117963139,66.3477084100396,61.1516405484653,62.9391662013414,56.738804436963,65.6605527139054,62.7576670235252,67.5919607454389,50.6930050236454,66.0726051013458,66.3190977066938,50.2638579419998,67.4383219292058,46.0917069154191
53.3897544372703,66.1466096438127,66.5767944811428,62.3323300236846,63.9747967781584,59.2635073846087,68.5570198288861,58.7214878030923,49.9098639118484,54.933955502757,61.9540723041606,44.2271807846823,61.9124749844775,50.2889840159282,62.093457325233,51.872520933954,62.3225290438868,65.2963117963139,66.3477084100396,61.1516405484653,62.9391662013414,57.2405656438735,65.6605527139054,62.7576670235252,67.5919607454389,50.6930050236454,66.0726051013458,66.3190977066938,50.2638579419998,67.4383219292058,46.2022439092696
53.3897544372703,66.1466096438127,66.5767944811428,62.3323300236846,63.9747967781584,59.2635073846087,68.5570198288861,58.7214878030923,49.9098639118484,55.1086542793869,65.7909652016075,44.2271807846823,61.9124749844775,50.2889840159282,62.093457325233,51.872520933954,62.3225290438868,65.2963117963139,66.3477084100396,61.1516405484653,62.9391662013414,57.2405656438735,65.6605527139054,62.7576670235252,67.5919607454389,50.6930050236454,66.0726051013458,66.3190977066938,50.2638579419998,67.4383219292058,46.2022439092696
53.3897544372703,66.1466096438127,66.5767944811428,62.3323300236846,63.9747967781584,59.2635073846087,68.5570198288861,58.7214878030923,49.9098639118484,55.1086542793869,65.7909652016075,44.2271807846823,61.9124749844775,50.2889840159282,62.093457325233,51.872520933954,62.3225290438868,65.2963117963139,66.3477084100396,61.1569234320863,62.9391662013414,57.2405656438735,65.6605527139054,62.7576670235252,67.5919607454389,50.6930050236454,66.0726051013458,66.3190977066938,50.2638579419998,68.0568235873618,46.2022439092696
53.3897544372703,66.1466096438127,66.5767944811428,62.3323300236846,63.9747967781584,59.2635073846087,68.5570198288861,58.7214878030923,49.9098639118484,55.1086542793869,65.7909652016075,44.2271807846823,61.9124749844775,50.2889840159282,62.093457325233,51.9385526344732,62.3225290438868,65.2963117963139,66.3477084100396,61.1569234320863,62.9391662013414,57.2405656438735,65.6605527139054,62.7576670235252,67.5919607454389,50.6930050236454,66.2009494412233,66.3190977066938,50.2638579419998,68.0568235873618,46.2022439092696
53.3897544372703,66.1466096438127,66.5767944811428,62.3323300236846,63.9747967781584,59.2635073846087,68.5570198288861,58.7214878030923,49.9227839926117,55.1086542793869,65.7909652016075,44.2271807846823,61.9124749844775,50.2889840159282,62.093457325233,51.9385526344732,62.3225290438868,65.2963117963139,66.3477084100396,61.1569234320863,62.9391662013414,57.2405656438735,65.6605527139054,62.7576670235252,67.5919607454389,50.6930050236454,66.2009494412233,66.5021422982935,50.2638579419998,68.0568235873618,46.2022439092696
54.3196389641123,66.1466096438127,66.5767944811428,62.3323300236846,63.9747967781584,59.2635073846087,68.5570198288861,58.8929224326966,49.9227839926117,55.2479920550317,65.7909652016075,44.2271807846823,61.9124749844775,50.2889840159282,62.093457325233,51.9385526344732,62.3225290438868,65.2963117963139,66.3477084100396,61.1569234320863,62.9391662013414,57.2405656438735,65.6605527139054,62.7576670235252,67.5919607454389,50.6930050236454,66.2009494412233,66.5021422982935,50.2638579419998,68.0568235873618,46.2022439092696
54.3196389641123,66.1466096438127,66.5767944811428,62.3323300236846,64.0059251107588,59.2635073846087,68.5570198288861,58.8929224326966,49.9227839926117,55.2479920550317,65.7909652016075,44.2271807846823,61.9124749844775,50.2889840159282,62.8416240801706,51.9385526344732,62.3225290438868,65.2963117963139,66.3477084100396,61.1569234320863,63.0566816031179,57.3536762048444,65.6605527139054,62.801270146496,67.5919607454389,50.6930050236454,66.2009494412233,66.5021422982935,50.2638579419998,68.0568235873618,46.2022439092696
54.3196389641123,66.1466096438127,66.5767944811428,62.3323300236846,64.0059251107588,59.2635073846087,68.5657942231673,58.8929224326966,49.9227839926117,55.2479920550317,65.7909652016075,44.2271807846823,61.9124749844775,50.2889840159282,62.8416240801706,51.9385526344732,62.3225290438868,65.2963117963139,66.3477084100396,61.1569234320863,63.0566816031179,57.3536762048444,65.6605527139054,62.801270146496,67.5919607454389,50.6930050236454,66.2523443184079,66.5021422982935,50.2638579419998,68.0568235873618,46.2022439092696
54.3196389641123,66.2733361580251,66.5767944811428,62.3323300236846,64.0059251107588,59.2635073846087,68.5657942231673,58.8929224326966,50.0869986345635,55.2479920550317,65.7909652016075,44.2271807846823,61.9124749844775,50.2889840159282,62.8416240801706,51.9385526344732,62.3225290438868,65.2963117963139,66.3477084100396,61.1569234320863,63.0566816031179,57.3536762048444,65.6605527139054,62.801270146496,67.5919607454389,50.6930050236454,66.2523443184079,66.5021422982935,50.2638579419998,68.0568235873618,46.2022439092696
54.3196389641123,66.2733361580251,66.5767944811428,62.3323300236846,64.0059251107588,59.2635073846087,68.6406041709455,58.8929224326966,50.1033489787232,55.2811808710485,65.7909652016075,44.4064789557757,62.0403735669434,50.2889840159282,62.8416240801706,51.9385526344732,62.3244899857385,65.2963117963139,66.3477084100396,61.1569234320863,63.0566816031179,57.3536762048444,65.6605527139054,62.801270146496,67.5919607454389,50.6930050236454,66.2523443184079,66.5021422982935,50.2638579419998,68.0568235873618,46.2022439092696
54.9061559648829,66.2733361580251,66.5767944811428,62.3323300236846,64.0059251107588,59.2635073846087,68.6406041709455,59.0946126426413,50.1033489787232,55.2811808710485,65.7909652016075,44.4064789557757,62.0403735669434,50.2889840159282,62.8416240801706,52.0313945296883,62.3244899857385,65.2963117963139,66.3477084100396,61.1569234320863,63.0566816031179,57.4661641134017,65.6605527139054,62.801270146496,67.5919607454389,50.6930050236454,66.2523443184079,67.6391024569522,50.2638579419998,68.0568235873618,46.2022439092696
55.200842848632,66.2733361580251,66.5767944811428,62.3323300236846,64.0059251107588,59.2635073846087,68.6406041709455,59.0946126426413,50.1033489787232,55.2811808710485,65.7909652016075,44.4064789557757,62.0403735669434,50.2889840159282,62.8416240801706,52.0368419581421,62.3244899857385,65.2963117963139,66.3477084100396,61.1569234320863,63.0566816031179,57.4661641134017,65.6605527139054,62.801270146496,67.5919607454389,50.6930050236454,66.2646741602713,67.6391024569522,50.2638579419998,68.0568235873618,46.2022439092696
55.200842848632,66.2733361580251,66.5767944811428,62.3323300236846,64.0059251107588,59.6638648947004,68.6406041709455,59.0946126426413,50.1033489787232,55.2811808710485,65.7909652016075,44.4064789557757,62.0403735669434,50.2889840159282,62.8416240801706,52.0368419581421,62.3244899857385,65.2963117963139,66.3477084100396,61.1569234320863,63.0566816031179,57.4661641134017,65.6605527139054,62.801270146496,67.5919607454389,50.6930050236454,66.2646741602713,67.6391024569522,50.2638579419998,68.0568235873618,46.2022439092696
55.200842848632,66.2733361580251,66.5767944811428,62.3323300236846,64.0587300423355,59.6638648947004,68.6406041709455,59.0946126426413,50.1033489787232,55.2811808710485,65.7909652016075,44.4064789557757,62.0403735669434,50.2889840159282,62.8416240801706,52.0368419581421,62.3244899857385,65.2963117963139,66.3477084100396,61.1569234320863,63.0566816031179,57.4661641134017,65.6605527139054,62.801270146496,67.5919607454389,50.6930050236454,66.2646741602713,67.6391024569522,50.2638579419998,68.0568235873618,46.2022439092696
55.200842848632,66.2733361580251,66.5767944811428,62.4539858827871,64.0587300423355,59.6638648947004,68.6406041709455,59.2930555954559,50.1033489787232,55.2811808710485,65.7909652016075,44.7263085228248,62.0403735669434,50.2889840159282,62.8416240801706,52.0368419581421,62.3244899857385,65.2963117963139,66.3477084100396,61.1569234320863,63.0566816031179,57.4661641134017,65.6605527139054,62.801270146496,67.5919607454389,50.6930050236454,66.2646741602713,67.6391024569522,50.2638579419998,68.0568235873618,46.2022439092696
55.200842848632,66.2733361580251,66.5767944811428,62.4539858827871,65.0331964589114,59.6638648947004,68.6406041709455,59.6676005916951,50.1033489787232,55.2811808710485,65.7909652016075,44.7263085228248,62.0403735669434,50.2889840159282,62.8416240801706,52.0368419581421,62.3356541857615,65.2963117963139,66.3477084100396,61.169965123662,63.0566816031179,57.4661641134017,65.6605527139054,62.801270146496,67.5919607454389,50.7090394443351,66.2646741602713,67.6391024569522,50.2638579419998,68.0568235873618,46.2022439092696
55.200842848632,66.2733361580251,66.5767944811428,62.4539858827871,65.0331964589114,59.6638648947004,68.6406041709455,59.6676005916951,50.1033489787232,55.2811808710485,65.7909652016075,44.7263085228248,62.0403735669434,50.2889840159282,62.8416240801706,52.0368419581421,62.3356541857615,65.2963117963139,66.3477084100396,61.169965123662,63.0566816031179,57.4661641134017,65.6605527139054,62.801270146496,67.5919607454389,50.7090394443351,66.2646741602713,67.6391024569522,50.3833153167342,68.0568235873618,46.2022439092696
55.200842848632,66.2733361580251,66.5767944811428,62.4539858827871,65.0331964589114,59.6638648947004,68.6406041709455,59.6676005916951,50.1781786294878,55.3202629225861,65.7909652016075,44.7263085228248,62.0403735669434,50.2889840159282,62.8416240801706,52.0368419581421,62.3356541857615,65.9183666313809,66.3477084100396,61.169965123662,63.0566816031179,57.4661641134017,65.6605527139054,62.801270146496,67.5919607454389,50.7090394443351,66.2646741602713,67.6391024569522,50.3833153167342,68.0568235873618,46.2022439092696
55.200842848632,66.2733361580251,66.5767944811428,62.4539858827871,65.0331964589114,59.6638648947004,68.6406041709455,59.6676005916951,50.1781786294878,55.3202629225861,65.7909652016075,44.7263085228248,62.585518265875,50.2889840159282,62.8416240801706,52.0368419581421,62.3356541857615,65.9183666313809,66.5428124953866,61.169965123662,63.0566816031179,57.4661641134017,65.6605527139054,62.801270146496,67.5919607454389,50.7090394443351,66.2646741602713,67.6391024569522,50.3833153167342,68.0568235873618,46.2022439092696
55.200842848632,66.2733361580251,66.5767944811428,62.5252376547386,65.0331964589114,59.8634783343997,68.6406041709455,59.6676005916951,50.1781786294878,55.3202629225861,65.7909652016075,44.7263085228248,62.585518265875,50.2889840159282,62.9417273199298,52.0368419581421,62.3356541857615,65.9183666313809,66.7467156995708,61.169965123662,63.0566816031179,57.4661641134017,65.6605527139054,62.801270146496,68.053833754285,50.7090394443351,66.2646741602713,67.6391024569522,50.3833153167342,68.0568235873618,46.2022439092696
55.200842848632,66.2733361580251,66.5767944811428,62.5252376547386,65.0331964589114,59.8634783343997,68.6406041709455,59.6676005916951,50.1781786294878,55.3202629225861,65.7909652016075,44.7263085228248,62.585518265875,50.3610781974026,62.9417273199298,52.0368419581421,62.3356541857615,65.9183666313809,66.7467156995708,61.2282198083318,63.0566816031179,57.4783797843869,65.6605527139054,62.801270146496,68.053833754285,50.9691530612198,66.2646741602713,67.6391024569522,50.3833153167342,68.0568235873618,46.2022439092696
55.200842848632,66.2733361580251,66.5767944811428,62.5252376547386,65.0331964589114,59.8634783343997,68.6406041709455,59.6676005916951,50.1781786294878,55.3202629225861,65.7909652016075,44.7263085228248,62.585518265875,50.3610781974026,62.9948003914449,52.0368419581421,62.3356541857615,65.9183666313809,66.7467156995708,61.2282198083318,63.0566816031179,57.4783797843869,65.6605527139054,62.801270146496,68.053833754285,50.9691530612198,66.2646741602713,67.6391024569522,50.3833153167342,68.4795519071585,46.2022439092696
55.200842848632,66.2733361580251,66.5767944811428,62.5252376547386,65.0331964589114,59.8634783343997,68.6406041709455,59.6676005916951,50.2386676211082,55.3202629225861,65.7909652016075,44.7263085228248,62.585518265875,50.3610781974026,62.9948003914449,52.0368419581421,62.3356541857615,65.9183666313809,66.7467156995708,61.2282198083318,63.0566816031179,57.4783797843869,65.6605527139054,62.801270146496,68.053833754285,50.9691530612198,66.2646741602713,67.6391024569522,50.3833153167342,68.4795519071585,46.2022439092696
55.200842848632,66.2733361580251,66.5767944811428,62.5252376547386,65.0331964589114,59.8634783343997,68.6406041709455,59.6676005916951,50.2386676211082,55.3202629225861,65.7909652016075,44.7263085228248,62.585518265875,50.3610781974026,62.9948003914449,52.0368419581421,62.3356541857615,65.9183666313809,66.7467156995708,61.2282198083318,63.0566816031179,57.4783797843869,65.6605527139054,62.801270146496,68.053833754285,50.9691530612198,66.2646741602713,67.6391024569522,50.3833153167342,68.4795519071585,46.2022439092696
55.200842848632,66.2733361580251,66.5767944811428,62.5252376547386,65.0331964589114,59.8634783343997,68.6406041709455,59.6676005916951,50.2386676211082,55.3202629225861,65.7909652016075,44.7263085228248,62.585518265875,50.3610781974026,62.9948003914449,52.0368419581421,62.3356541857615,65.9183666313809,66.7467156995708,61.2902704079869,63.0566816031179,57.4783797843869,65.6605527139054,62.801270146496,68.053833754285,50.9691530612198,66.2646741602713,67.6391024569522,50.5505180155163,68.4795519071585,46.2022439092696
55.200842848632,66.2733361580251,66.5767944811428,62.5252376547386,65.0331964589114,59.8634783343997,68.6406041709455,59.6676005916951,50.2386676211082,55.3202629225861,65.7909652016075,44.7263085228248,62.9041304360742,50.3610781974026,62.9948003914449,52.0368419581421,62.3356541857615,65.9183666313809,66.7467156995708,61.3394699798085,63.0566816031179,57.4783797843869,65.6605527139054,62.801270146496,68.053833754285,50.9691530612198,66.2646741602713,67.674559514786,50.5505180155163,68.4795519071585,46.2022439092696
55.200842848632,66.2733361580251,66.7213147494113,62.5252376547386,65.0331964589114,59.8634783343997,68.6406041709455,59.6676005916951,50.2628522777672,55.3202629225861,65.7909652016075,44.7263085228248,62.9041304360742,50.3610781974026,62.9948003914449,52.0368419581421,62.3356541857615,65.9183666313809,66.7467156995708,61.3394699798085,63.0566816031179,57.4783797843869,65.6605527139054,62.801270146496,68.053833754285,50.9691530612198,66.2646741602713,67.674559514786,50.5505180155163,68.4795519071585,46.2022439092696
56.6376247132425,66.2733361580251,66.7213147494113,62.5252376547386,65.0331964589114,59.8634783343997,68.6432782896306,59.6676005916951,50.2628522777672,55.3202629225861,65.7909652016075,44.7263085228248,62.9041304360742,50.3610781974026,62.9948003914449,52.0368419581421,62.3356541857615,65.9183666313809,66.7467156995708,61.3394699798085,63.0566816031179,57.4783797843869,65.6605527139054,62.801270146496,68.053833754285,50.9691530612198,66.2646741602713,67.674559514786,50.5505180155163,68.4795519071585,46.5526254977793
56.6376247132425,66.2733361580251,66.7213147494113,62.5252376547386,65.0331964589114,59.8634783343997,68.6432782896306,59.6676005916951,50.2628522777672,55.3202629225861,65.7909652016075,44.7263085228248,62.9041304360742,50.3610781974026,62.9948003914449,52.0368419581421,62.3356541857615,65.9183666313809,66.7467156995708,61.3394699798085,63.0566816031179,57.4783797843869,65.6605527139054,62.801270146496,68.053833754285,50.9691530612198,66.2646741602713,67.674559514786,50.5505180155163,68.4795519071585,46.5526254977793
56.6376247132425,66.2733361580251,66.7213147494113,62.5252376547386,65.0331964589114,59.8634783343997,68.6432782896306,59.6676005916951,50.2628522777672,55.3202629225861,65.7909652016075,44.7263085228248,62.9041304360742,50.3610781974026,62.9948003914449,52.0368419581421,62.3356541857615,65.9183666313809,66.7467156995708,61.3524624613154,63.0566816031179,57.4846774078975,65.6605527139054,62.801270146496,68.053833754285,50.9691530612198,66.2646741602713,67.674559514786,50.5505180155163,68.4795519071585,46.5526254977793
56.6376247132425,66.2733361580251,66.7213147494113,62.5252376547386,65.0331964589114,59.8634783343997,68.6432782896306,59.6875127378345,50.2628522777672,55.3202629225861,65.7909652016075,44.7263085228248,62.9041304360742,50.3610781974026,62.9948003914449,52.0368419581421,62.3483808179652,65.9183666313809,66.7467156995708,61.3524624613154,63.0566816031179,57.4846774078975,65.6605527139054,62.801270146496,68.053833754285,50.9691530612198,66.2646741602713,67.674559514786,50.5505180155163,68.4795519071585,46.5526254977793
56.6376247132425,66.2733361580251,66.7213147494113,62.5252376547386,65.0331964589114,59.8634783343997,68.6432782896306,59.958273529821,50.2628522777672,55.3202629225861,65.7909652016075,44.7263085228248,62.9041304360742,50.3610781974026,62.9948003914449,52.0368419581421,62.3483808179652,65.9183666313809,66.7467156995708,61.3524624613154,63.0566816031179,57.4846774078975,65.6605527139054,62.801270146496,68.053833754285,50.9691530612198,66.2646741602713,67.674559514786,50.5505180155163,68.4795519071585,46.5526254977793
56.6376247132425,66.2733361580251,66.7213147494113,62.5252376547386,65.0331964589114,59.8634783343997,68.6432782896306,59.958273529821,50.2864530018375,55.3202629225861,65.7909652016075,44.7263085228248,62.9041304360742,50.3610781974026,62.9948003914449,52.0368419581421,62.3483808179652,65.9183666313809,66.7467156995708,61.3524624613154,63.0566816031179,57.4846774078975,65.6605527139054,62.801270146496,68.053833754285,50.9691530612198,66.2646741602713,67.674559514786,50.5505180155163,68.4795519071585,46.5526254977793
56.6376247132425,66.2733361580251,66.7213147494113,62.5252376547386,65.0331964589114,59.8634783343997,68.6432782896306,59.958273529821,50.3328906216351,55.3202629225861,65.7909652016075,44.7263085228248,63.875770918037,50.3610781974026,62.9948003914449,52.0368419581421,62.3483808179652,65.9183666313809,66.7467156995708,61.3687134952547,63.0566816031179,57.4846774078975,65.6605527139054,62.801270146496,68.053833754285,50.9691530612198,66.2646741602713,67.674559514786,50.5505180155163,68.4795519071585,46.5526254977793
56.6376247132425,66.2733361580251,66.7213147494113,62.5252376547386,65.0331964589114,59.8634783343997,68.6432782896306,59.958273529821,50.3328906216351,55.3202629225861,65.7909652016075,44.7263085228248,63.875770918037,50.3610781974026,62.9948003914449,52.0368419581421,62.3483808179652,65.9183666313809,66.7467156995708,61.4525285954973,63.0566816031179,57.6735824133752,65.6605527139054,62.801270146496,68.053833754285,50.9691530612198,66.2646741602713,67.674559514786,50.5505180155163,68.4795519071585,46.5526254977793
56.6376247132425,66.2733361580251,66.7213147494113,62.5252376547386,65.0331964589114,59.8634783343997,68.6432782896306,59.958273529821,50.3328906216351,55.3202629225861,65.7909652016075,45.0048110845577,63.875770918037,50.3610781974026,63.0607228236255,52.0368419581421,62.3483808179652,65.9183666313809,66.7467156995708,61.4525285954973,63.0566816031179,57.6735824133752,65.6605527139054,62.801270146496,68.501113680577,50.9691530612198,66.2646741602713,67.674559514786,50.5505180155163,68.4795519071585,46.5526254977793
56.6376247132425,66.2733361580251,66.7213147494113,62.5252376547386,65.0331964589114,59.8634783343997,68.6432782896306,59.958273529821,50.3328906216351,55.3202629225861,65.7909652016075,45.0048110845577,63.875770918037,50.3610781974026,63.0607228236255,52.0368419581421,62.3483808179652,65.9183666313809,66.7467156995708,61.4525285954973,63.0566816031179,57.6735824133752,65.6605527139054,62.801270146496,68.501113680577,50.9691530612198,66.2646741602713,67.674559514786,50.5505180155163,68.4795519071585,46.5526254977793
56.6376247132425,66.2733361580251,66.7213147494113,62.5252376547386,65.0331964589114,59.8634783343997,68.6432782896306,59.958273529821,50.3328906216351,55.3202629225861,65.7909652016075,45.0048110845577,63.875770918037,50.3610781974026,63.0607228236255,52.0368419581421,62.3483808179652,65.9183666313809,66.7467156995708,61.4525285954973,63.0566816031179,57.6735824133752,65.6605527139054,62.801270146496,68.501113680577,50.9691530612198,66.2646741602713,67.674559514786,50.5505180155163,68.4795519071585,46.5526254977793
57.1322844623767,66.2733361580251,66.7213147494113,62.5252376547386,65.0331964589114,59.8634783343997,68.6432782896306,59.958273529821,50.3328906216351,55.3202629225861,65.7909652016075,45.0048110845577,63.875770918037,50.3628921487904,63.0607228236255,52.0479204717628,62.3483808179652,65.9183666313809,66.7467156995708,61.4525285954973,63.0566816031179,57.6735824133752,65.6605527139054,62.801270146496,68.501113680577,50.9691530612198,66.3180381538042,67.674559514786,50.5505180155163,68.4795519071585,46.5526254977793
57.1322844623767,66.2733361580251,66.7213147494113,62.5252376547386,65.3959121043866,59.8634783343997,68.6432782896306,59.958273529821,50.3328906216351,55.3684070987096,65.7909652016075,45.0048110845577,63.875770918037,50.3628921487904,63.1476788203554,52.1177808411539,62.3483808179652,65.9183666313809,66.7467156995708,61.4525285954973,63.0566816031179,57.7032241412688,65.6605527139054,62.8060060124151,68.501113680577,50.9691530612198,66.3180381538042,67.674559514786,50.5505180155163,68.4795519071585,46.5526254977793
57.1322844623767,66.343267314265,66.7213147494113,62.5252376547386,65.3959121043866,59.8634783343997,68.6432782896306,59.958273529821,50.3328906216351,55.3684070987096,65.7909652016075,45.0048110845577,63.875770918037,50.3628921487904,63.203950785189,52.1177808411539,62.3483808179652,65.9183666313809,66.7467156995708,61.4525285954973,63.0566816031179,57.7032241412688,65.6605527139054,62.8060060124151,68.501113680577,50.9691530612198,66.3180381538042,67.674559514786,50.5939002822652,68.4795519071585,46.7007253233366
57.1322844623767,66.343267314265,66.7213147494113,62.5252376547386,65.3959121043866,59.8634783343997,68.6432782896306,59.958273529821,50.334419012906,55.3684070987096,65.7909652016075,45.0048110845577,63.875770918037,50.3628921487904,63.203950785189,52.1177808411539,62.3483808179652,65.9183666313809,66.7467156995708,61.4525285954973,63.0566816031179,57.7032241412688,65.6605527139054,62.8060060124151,68.501113680577,50.9691530612198,66.3180381538042,67.674559514786,50.7926444376138,68.4795519071585,46.7007253233366
57.1322844623767,66.343267314265,66.7213147494113,62.5817640362715,65.3959121043866,59.8634783343997,68.6432782896306,59.958273529821,50.334419012906,55.3684070987096,65.7909652016075,45.149560381246,63.875770918037,50.3628921487904,63.203950785189,52.1177808411539,62.3483808179652,65.9183666313809,66.7467156995708,61.4525285954973,63.0566816031179,57.7032241412688,65.6605527139054,62.8060060124151,68.501113680577,50.9691530612198,66.3180381538042,67.674559514786,50.7926444376138,68.4795519071585,46.7007253233366
58.4110919360714,66.343267314265,66.7213147494113,62.5817640362715,65.3959121043866,59.8634783343997,68.6432782896306,59.958273529821,50.334419012906,55.3684070987096,65.7909652016075,45.5228503071832,63.875770918037,50.3628921487904,63.203950785189,52.1177808411539,62.3483808179652,65.9183666313809,66.7467156995708,61.4525285954973,63.0566816031179,57.7032241412688,65.6605527139054,62.8060060124151,68.501113680577,50.9691530612198,66.3180381538042,67.674559514786,50.7926444376138,68.4795519071585,46.7007253233366
58.4110919360714,66.343267314265,66.7213147494113,62.5817640362715,65.3959121043866,59.8634783343997,68.6432782896306,59.958273529821,50.334419012906,55.3684070987096,65.7909652016075,45.5228503071832,63.875770918037,50.4044514766393,63.203950785189,52.1528524345014,62.3483808179652,65.9183666313809,66.7467156995708,61.4525285954973,63.0566816031179,57.7032241412688,65.6605527139054,62.8060060124151,68.501113680577,50.9691530612198,66.3388544510975,67.674559514786,50.7926444376138,68.4795519071585,46.7007253233366
58.4110919360714,66.4813344424179,66.7213147494113,62.5817640362715,65.3959121043866,59.8634783343997,68.6432782896306,59.958273529821,50.334419012906,55.3684070987096,65.7909652016075,45.5228503071832,63.875770918037,50.4044514766393,63.203950785189,52.1528524345014,62.3483808179652,65.9183666313809,66.7467156995708,61.4525285954973,63.1128721113046,57.7032241412688,65.6605527139054,62.8060060124151,68.501113680577,50.9691530612198,66.3388544510975,67.674559514786,50.7926444376138,68.4795519071585,46.7007253233366
58.4110919360714,66.4813344424179,66.7438591200821,62.5817640362715,65.3959121043866,59.8634783343997,68.6432782896306,59.958273529821,50.334419012906,55.3684070987096,65.7909652016075,45.5228503071832,63.875770918037,50.4044514766393,63.203950785189,52.1528524345014,62.3925725806453,65.9183666313809,66.7467156995708,61.4525285954973,63.1128721113046,57.7032241412688,65.6605527139054,62.8116831206738,68.501113680577,50.9691530612198,66.3388544510975,67.7374240405659,50.7926444376138,68.4795519071585,46.7007253233366
58.4110919360714,66.4813344424179,66.7438591200821,62.5817640362715,65.3959121043866,59.8634783343997,68.6432782896306,59.958273529821,50.334419012906,55.659400182217,65.7909652016075,45.6352565275601,63.8841365093895,50.4044514766393,63.203950785189,52.1528524345014,62.3925725806453,65.9183666313809,66.7467156995708,61.4525285954973,63.1128721113046,57.7032241412688,65.6605527139054,62.8116831206738,68.501113680577,50.9691530612198,66.3388544510975,67.7374240405659,50.7926444376138,68.4795519071585,46.7007253233366
58.4110919360714,66.4813344424179,66.7438591200821,62.695173285765,65.3959121043866,59.8634783343997,68.6432782896306,59.958273529821,50.334419012906,55.659400182217,65.7909652016075,45.6352565275601,64.401977640743,50.4044514766393,63.203950785189,52.1528524345014,62.3925725806453,65.9183666313809,66.7467156995708,61.4525285954973,63.1128721113046,57.713205849854,65.6605527139054,62.8116831206738,68.501113680577,50.9691530612198,66.3388544510975,67.7374240405659,50.7926444376138,68.4795519071585,46.7007253233366
58.4110919360714,66.4813344424179,66.7438591200821,62.695173285765,65.3959121043866,59.8634783343997,68.6432782896306,59.958273529821,50.334419012906,55.659400182217,65.7909652016075,45.6352565275601,64.401977640743,50.4044514766393,63.235571274549,52.170892131513,62.3925725806453,65.9183666313809,66.7467156995708,61.4525285954973,63.1128721113046,57.713205849854,65.6605527139054,62.8116831206738,68.501113680577,50.9691530612198,66.3388544510975,67.7374240405659,50.7926444376138,68.4795519071585,46.7007253233366
59.0516047901541,66.4813344424179,66.7438591200821,62.695173285765,65.3959121043866,59.8634783343997,68.6432782896306,59.958273529821,50.4373084204964,55.659400182217,65.7909652016075,45.6352565275601,64.401977640743,50.4044514766393,63.235571274549,52.183822802655,62.3925725806453,65.9183666313809,66.7467156995708,61.4525285954973,63.1128721113046,57.713205849854,65.6605527139054,62.8116831206738,68.501113680577,50.9691530612198,66.3388544510975,67.7374240405659,50.7926444376138,68.4795519071585,46.7007253233366
59.0516047901541,66.4813344424179,66.7438591200821,62.695173285765,65.3959121043866,60.0131041318813,68.6432782896306,59.958273529821,50.4373084204964,55.659400182217,65.7909652016075,45.6352565275601,64.401977640743,50.4044514766393,63.235571274549,52.183822802655,62.3925725806453,65.9183666313809,66.7467156995708,61.4525285954973,63.1128721113046,57.713205849854,65.6605527139054,62.8116831206738,68.5901425432349,50.9691530612198,66.3388544510975,67.7374240405659,50.7926444376138,68.4795519071585,46.7007253233366
59.0516047901541,66.4813344424179,66.7438591200821,62.695173285765,65.3959121043866,60.0131041318813,68.6432782896306,59.958273529821,50.4373084204964,55.659400182217,65.7909652016075,45.6352565275601,64.401977640743,50.4044514766393,63.235571274549,52.183822802655,62.3925725806453,65.9183666313809,66.7467156995708,61.4525285954973,63.1128721113046,57.713205849854,65.6605527139054,62.81757726683,68.5901425432349,50.9988485766419,66.3388544510975,67.7374240405659,50.7926444376138,68.4795519071585,46.7007253233366
59.0516047901541,66.5355012742938,66.761711715514,62.695173285765,65.3959121043866,60.0131041318813,68.6432782896306,59.958273529821,50.4373084204964,55.7966154837358,65.7909652016075,45.6352565275601,64.401977640743,50.4044514766393,63.235571274549,52.183822802655,62.3925725806453,65.9183666313809,66.7467156995708,61.4525285954973,63.1128721113046,57.713205849854,65.8746337791379,62.81757726683,68.5901425432349,50.9988485766419,66.3388544510975,67.7374240405659,50.7926444376138,68.4795519071585,46.7007253233366
59.0516047901541,66.5355012742938,66.761711715514,62.695173285765,65.3959121043866,60.0131041318813,68.6432782896306,59.958273529821,50.4373084204964,55.7966154837358,65.7909652016075,45.6352565275601,64.4468296037991,50.4044514766393,63.235571274549,52.183822802655,62.3925725806453,65.9183666313809,66.7467156995708,61.4525285954973,63.2304588799969,57.7822015634005,65.8746337791379,62.81757726683,68.5901425432349,50.9988485766419,66.3908255317953,67.8960482125704,50.7926444376138,68.4795519071585,46.7007253233366
59.0516047901541,66.5355012742938,66.761711715514,62.695173285765,65.3959121043866,60.0131041318813,68.6432782896306,59.958273529821,50.4373084204964,55.7966154837358,65.7909652016075,45.6352565275601,64.4468296037991,50.4044514766393,63.235571274549,52.183822802655,62.3925725806453,65.9183666313809,66.7467156995708,61.4525285954973,63.2304588799969,57.7822015634005,65.8746337791379,62.81757726683,68.5901425432349,50.9988485766419,66.5409205673486,67.8960482125704,50.7926444376138,68.4795519071585,46.7007253233366
59.0516047901541,66.5355012742938,66.761711715514,62.695173285765,65.3959121043866,60.0131041318813,68.6432782896306,59.958273529821,50.4373084204964,55.7966154837358,65.7909652016075,45.6352565275601,64.4468296037991,50.4044514766393,63.2478961552412,52.183822802655,62.3925725806453,65.9183666313809,66.7467156995708,61.4525285954973,63.2304588799969,57.7822015634005,65.8746337791379,62.81757726683,68.5901425432349,51.0028109368536,66.5409205673486,67.8960482125704,50.7926444376138,68.4795519071585,46.7007253233366
59.1137400032771,66.5355012742938,66.761711715514,62.695173285765,65.3959121043866,60.1175493312035,68.6432782896306,59.958273529821,50.4373084204964,55.7966154837358,65.7909652016075,45.6352565275601,64.4468296037991,50.4044514766393,63.2478961552412,52.183822802655,62.3925725806453,65.9183666313809,66.7467156995708,61.4525285954973,63.2304588799969,57.7822015634005,65.8746337791379,62.81757726683,68.5901425432349,51.0028109368536,66.5409205673486,67.8960482125704,50.7926444376138,68.4795519071585,46.7007253233366
59.1137400032771,66.5355012742938,66.761711715514,62.695173285765,65.3959121043866,60.1175493312035,68.6432782896306,59.958273529821,50.4624890814086,55.7966154837358,65.7909652016075,45.6352565275601,64.4468296037991,50.4044514766393,63.2497390729091,52.183822802655,62.3925725806453,65.9183666313809,66.7467156995708,61.4525285954973,63.2304588799969,57.8193746238751,65.8746337791379,62.8248210047523,68.5901425432349,51.0028109368536,66.5409205673486,67.8960482125704,50.7926444376138,68.4795519071585,46.7007253233366
59.1137400032771,66.5355012742938,66.7779520868159,62.695173285765,65.3959121043866,60.1175493312035,68.6432782896306,59.958273529821,50.4624890814086,55.7966154837358,65.7909652016075,45.6352565275601,64.4468296037991,50.4044514766393,63.2497390729091,52.183822802655,62.3925725806453,65.9183666313809,66.7467156995708,61.4525285954973,63.2304588799969,57.8689767266192,65.8746337791379,62.8248210047523,68.5901425432349,51.0028109368536,66.5409205673486,67.8960482125704,50.7926444376138,68.4795519071585,46.7007253233366
59.1137400032771,66.5355012742938,66.7779520868159,62.7128095893402,65.3959121043866,60.1175493312035,68.6432782896306,59.958273529821,50.4624890814086,55.7966154837358,66.0937350549723,45.715732330608,64.4468296037991,50.4044514766393,63.2568166732636,52.183822802655,62.4019699001158,65.9183666313809,66.7467156995708,61.4525285954973,63.2304588799969,57.8689767266192,65.8746337791379,62.8248210047523,68.5901425432349,51.0688995726597,66.5409205673486,67.8960482125704,50.7926444376138,68.4795519071585,46.7007253233366
59.1137400032771,66.5355012742938,66.7779520868159,62.7128095893402,65.3959121043866,60.1175493312035,68.6432782896306,59.958273529821,50.4624890814086,55.7966154837358,66.0937350549723,45.715732330608,64.4468296037991,50.4044514766393,63.2568166732636,52.183822802655,62.4019699001158,65.9183666313809,66.7467156995708,61.4525285954973,63.2304588799969,57.8689767266192,65.8746337791379,62.8248210047523,68.5901425432349,51.0688995726597,66.5409205673486,67.8960482125704,50.7926444376138,68.4795519071585,46.7007253233366
59.1137400032771,66.5355012742938,66.7779520868159,62.7128095893402,65.3959121043866,60.1175493312035,68.6432782896306,59.9726374249439,50.4624890814086,55.7966154837358,66.0937350549723,45.715732330608,64.4468296037991,50.4162011060151,63.2568166732636,52.183822802655,62.4019699001158,65.9183666313809,66.7467156995708,61.4552339006987,63.2304588799969,57.8689767266192,65.8746337791379,62.8248210047523,68.5901425432349,51.0688995726597,66.5409205673486,67.8960482125704,50.7926444376138,68.4795519071585,46.7007253233366
59.1137400032771,66.5355012742938,66.7779520868159,62.7128095893402,65.3959121043866,60.1175493312035,68.6432782896306,59.9726374249439,50.4624890814086,55.7966154837358,66.0937350549723,45.715732330608,64.4468296037991,50.4162011060151,63.2568166732636,52.2026812767897,62.4019699001158,65.9183666313809,66.7467156995708,61.4552339006987,63.2304588799969,57.8689767266192,65.8746337791379,62.8298214221392,68.5901425432349,51.0688995726597,66.5409205673486,67.8960482125704,50.7926444376138,68.4795519071585,46.7007253233366
59.535728860156,66.5355012742938,66.7779520868159,62.7128095893402,65.3959121043866,60.1175493312035,68.6432782896306,59.9726374249439,50.4624890814086,55.7966154837358,66.0937350549723,45.715732330608,64.4468296037991,50.4162011060151,63.2568166732636,52.2026812767897,62.4019699001158,65.9183666313809,66.7467156995708,61.4552339006987,63.2304588799969,57.8689767266192,65.8746337791379,62.8298214221392,68.5901425432349,51.127144163803,66.5409205673486,67.8960482125704,50.7926444376138,68.4795519071585,46.7007253233366
59.535728860156,66.5355012742938,66.7779520868159,62.7128095893402,65.3959121043866,60.1175493312035,68.6432782896306,59.9726374249439,50.4624890814086,55.7966154837358,66.0937350549723,45.8317727009305,64.4468296037991,50.4162011060151,63.2568166732636,52.2026812767897,62.4232480878027,65.9183666313809,66.7467156995708,61.4552339006987,63.2304588799969,57.8689767266192,65.8746337791379,62.8298214221392,68.5901425432349,51.127144163803,66.5409205673486,67.8960482125704,50.7926444376138,68.4795519071585,46.7007253233366
59.535728860156,66.5355012742938,66.7779520868159,62.8330583220062,65.3959121043866,60.1175493312035,68.6710287331177,59.9726374249439,50.4624890814086,55.7966154837358,66.0937350549723,45.8317727009305,64.4468296037991,50.4162011060151,63.2568166732636,52.2026812767897,62.4338197377684,65.9183666313809,66.7467156995708,61.4552339006987,63.2304588799969,57.8689767266192,65.8746337791379,62.8298214221392,68.5901425432349,51.127144163803,66.5409205673486,67.8960482125704,50.7926444376138,68.4795519071585,46.7007253233366
59.535728860156,66.5355012742938,66.7779520868159,62.8330583220062,65.3959121043866,60.1175493312035,68.6721180967717,59.9726374249439,50.4624890814086,55.7966154837358,66.0937350549723,45.8317727009305,64.4468296037991,50.4162011060151,63.2670720137773,52.2026812767897,62.4338197377684,65.9183666313809,66.7467156995708,61.4552339006987,63.2304588799969,57.8770346062736,65.9082657374252,62.8298214221392,68.7491098076756,51.127144163803,66.5409205673486,67.8960482125704,50.7926444376138,68.4795519071585,46.7007253233366
59.535728860156,66.5450058368257,66.7779520868159,62.8330583220062,65.3959121043866,60.1175493312035,68.6721180967717,59.9726374249439,50.4624890814086,55.7966154837358,66.0937350549723,45.8317727009305,64.4468296037991,50.4162011060151,63.2691363966533,52.2026812767897,62.4338197377684,65.9183666313809,66.7467156995708,61.4572627982875,63.2304588799969,57.883182621467,65.9082657374252,62.8298214221392,68.7491098076756,51.127144163803,66.5409205673486,67.8960482125704,50.7926444376138,68.4795519071585,46.7007253233366
59.535728860156,66.5450058368257,66.7779520868159,62.8330583220062,65.3959121043866,60.3056453830814,68.6721180967717,59.9726374249439,50.4624890814086,55.7966154837358,66.0937350549723,46.0433521177937,64.4468296037991,50.4171473552339,63.2691363966533,52.2026812767897,62.4338197377684,65.9183666313809,66.7467156995708,61.4572627982875,63.2304588799969,57.883182621467,65.9082657374252,62.8298214221392,68.7491098076756,51.127144163803,66.5409205673486,67.8960482125704,50.7926444376138,68.4795519071585,46.7007253233366
59.535728860156,66.5450058368257,66.7779520868159,62.8330583220062,65.3959121043866,60.3056453830814,68.6721180967717,59.9726374249439,50.4624890814086,55.7966154837358,66.0937350549723,46.1787690502862,64.4468296037991,50.4171473552339,63.2691363966533,52.2026812767897,62.4338197377684,65.9183666313809,66.7467156995708,61.4572627982875,63.2304588799969,57.883182621467,65.9082657374252,62.8298214221392,68.7491098076756,51.127144163803,66.5409205673486,67.8960482125704,50.7926444376138,68.4795519071585,46.7007253233366
59.535728860156,66.5450058368257,66.7779520868159,62.8330583220062,65.3959121043866,60.3056453830814,68.6721180967717,59.9726374249439,50.4624890814086,55.7966154837358,66.2560444524289,46.1787690502862,64.4468296037991,50.4171473552339,63.2691363966533,52.2026812767897,62.4338197377684,65.9507795768674,66.7467156995708,61.4572627982875,63.2304588799969,57.883182621467,65.9082657374252,62.8298214221392,68.7491098076756,51.127144163803,66.5409205673486,67.8960482125704,50.7926444376138,68.4795519071585,46.7007253233366
59.535728860156,66.5450058368257,66.8011861719851,62.8330583220062,65.3959121043866,60.3056453830814,68.6721180967717,59.9726374249439,50.4624890814086,55.7966154837358,66.2560444524289,46.1787690502862,64.4468296037991,50.4171473552339,63.2691363966533,52.2026812767897,62.4338197377684,65.9507795768674,66.7467156995708,61.4572627982875,63.2304588799969,57.883182621467,65.9082657374252,62.8298214221392,68.7491098076756,51.127144163803,66.5409205673486,67.8960482125704,50.7926444376138,68.4795519071585,46.7007253233366
59.535728860156,66.5450058368257,66.8011861719851,62.8330583220062,65.5069167821476,60.3056453830814,68.6721180967717,59.9726374249439,50.474126566596,55.7966154837358,66.2560444524289,46.4080397993098,64.4468296037991,50.4171473552339,63.2691363966533,52.2026812767897,62.4338197377684,65.9507795768674,66.9331430188728,61.4572627982875,63.2304588799969,57.883182621467,65.9082657374252,62.8396563598362,68.7491098076756,51.1813893317953,66.5409205673486,67.8960482125704,50.7926444376138,68.4795519071585,46.7007253233366
59.535728860156,66.5450058368257,66.8011861719851,62.8330583220062,65.5069167821476,60.3056453830814,68.6721180967717,59.9726374249439,50.474126566596,55.7966154837358,66.2560444524289,46.4080397993098,64.4468296037991,50.4171473552339,63.2691363966533,52.2026812767897,62.4338197377684,65.9507795768674,66.9331430188728,61.4618158803799,63.2507682442676,57.883182621467,65.9082657374252,62.8558894798777,68.7491098076756,51.1813893317953,66.5409205673486,67.8960482125704,50.7926444376138,68.4795519071585,46.7007253233366
59.535728860156,66.5450058368257,66.8011861719851,62.8330583220062,65.5069167821476,60.3056453830814,68.6721180967717,59.9726374249439,50.474126566596,55.842984472349,66.2560444524289,46.4080397993098,64.4468296037991,50.4171473552339,63.2691363966533,52.2026812767897,62.4338197377684,65.9507795768674,66.9331430188728,61.4618158803799,63.2507682442676,57.883182621467,65.9082657374252,62.8558894798777,68.7491098076756,51.1813893317953,66.5409205673486,68.0166184975158,50.7926444376138,68.4795519071585,46.7007253233366
59.535728860156,66.6877920291229,66.8011861719851,62.8330583220062,65.5069167821476,60.3056453830814,68.6721180967717,59.9726374249439,53.1688834415045,55.8991747923492,66.2560444524289,46.4080397993098,64.4468296037991,50.4171473552339,63.275511517711,52.2026812767897,62.4338197377684,65.9507795768674,66.9331430188728,61.4618158803799,63.2507682442676,57.883182621467,65.9082657374252,62.8558894798777,68.7491098076756,51.1813893317953,66.5409205673486,68.0166184975158,50.7926444376138,68.4795519071585,46.7007253233366
59.535728860156,66.6877920291229,66.8011861719851,62.8330583220062,65.5069167821476,60.3056453830814,68.6721180967717,59.9726374249439,53.1688834415045,55.8991747923492,66.2560444524289,46.4080397993098,64.4468296037991,50.4171473552339,63.275511517711,52.2396982743494,62.4338197377684,65.9507795768674,66.9331430188728,61.4618158803799,63.2507682442676,57.8878014872411,65.9082657374252,62.8558894798777,68.7491098076756,51.1813893317953,66.5409205673486,68.0166184975158,50.8933736725219,68.4795519071585,46.7137919391311
59.535728860156,66.6877920291229,66.8011861719851,62.8330583220062,65.5069167821476,60.5958379388401,68.6909697536471,59.9726374249439,53.1688834415045,55.8991747923492,66.2560444524289,46.4080397993098,64.4468296037991,50.4171473552339,63.275511517711,52.2396982743494,62.4338197377684,65.9507795768674,66.9331430188728,61.4618158803799,63.3200827380262,57.9105325333848,65.9082657374252,62.8558894798777,68.7491098076756,51.1813893317953,66.5409205673486,68.0166184975158,50.8933736725219,68.4795519071585,46.7137919391311
59.5499721975601,66.6877920291229,66.8011861719851,62.8330583220062,65.5069167821476,60.5958379388401,68.6909697536471,59.9726374249439,53.1688834415045,55.8991747923492,66.2560444524289,46.4080397993098,64.4468296037991,50.4171473552339,63.2767277653711,52.2396982743494,62.4357479172569,65.9507795768674,66.9331430188728,61.4618158803799,63.3200827380262,57.9105325333848,66.0255886517899,62.8558894798777,68.7491098076756,51.1813893317953,66.5409205673486,68.0166184975158,50.8933736725219,68.4795519071585,46.7137919391311
59.7558110274436,66.6877920291229,66.8011861719851,62.8330583220062,65.5069167821476,60.5958379388401,68.6909697536471,59.9726374249439,53.1688834415045,55.8991747923492,66.2560444524289,46.4080397993098,64.4468296037991,50.4171473552339,63.2767277653711,52.2736383834314,62.4357479172569,65.9507795768674,66.9331430188728,61.4618158803799,63.3200827380262,57.9105325333848,66.0255886517899,62.8558894798777,68.7491098076756,51.1813893317953,66.5426869069664,68.0166184975158,50.8933736725219,68.4795519071585,46.7137919391311
59.7558110274436,66.6877920291229,66.8011861719851,62.8330583220062,65.5069167821476,60.5958379388401,68.6909697536471,59.9726374249439,53.1688834415045,55.9395921980221,66.2560444524289,46.4080397993098,64.4468296037991,50.4171473552339,63.2767277653711,52.2736383834314,62.4357479172569,65.9507795768674,66.9331430188728,61.4618158803799,63.3200827380262,57.9105325333848,66.0255886517899,62.8558894798777,68.7491098076756,51.1813893317953,66.5426869069664,68.0166184975158,50.8933736725219,68.4795519071585,46.7137919391311
59.7558110274436,66.6877920291229,66.8011861719851,62.8330583220062,65.5069167821476,60.5958379388401,68.6909697536471,59.9726374249439,53.1688834415045,55.9395921980221,66.6630262434896,46.4080397993098,64.4468296037991,50.4171473552339,63.2767277653711,52.2736383834314,62.4357479172569,65.9507795768674,66.9331430188728,61.4618158803799,63.3200827380262,57.9105325333848,66.0255886517899,62.8558894798777,68.7491098076756,51.1813893317953,66.5426869069664,68.0166184975158,50.8933736725219,68.4795519071585,46.7137919391311
59.7558110274436,66.6877920291229,66.8011861719851,62.8330583220062,65.5069167821476,60.5958379388401,68.6944772059053,59.9726374249439,53.1688834415045,55.9395921980221,66.6630262434896,46.4080397993098,64.4468296037991,50.4171473552339,63.2767277653711,52.2891884777113,62.4581063667805,65.9507795768674,66.9331430188728,61.4618158803799,63.3435218776187,57.9105325333848,66.0255886517899,62.8558894798777,68.816942690527,51.1813893317953,66.5426869069664,68.0166184975158,50.8933736725219,68.4795519071585,46.7137919391311
59.7558110274436,66.6877920291229,66.8011861719851,62.8330583220062,65.5069167821476,60.5958379388401,68.7195598084622,59.9726374249439,53.1688834415045,55.9395921980221,66.6630262434896,46.4080397993098,64.4468296037991,50.4171473552339,63.2767277653711,52.2891884777113,62.4581063667805,65.9507795768674,66.9331430188728,61.4618158803799,63.3435218776187,57.9105325333848,66.0255886517899,62.8558894798777,68.816942690527,51.1813893317953,66.5426869069664,68.0166184975158,50.8933736725219,68.4795519071585,46.7137919391311
59.7558110274436,66.6877920291229,66.8011861719851,62.8330583220062,65.5069167821476,60.5958379388401,68.7195598084622,59.9726374249439,53.1688834415045,56.0075893916565,66.6630262434896,46.4080397993098,64.4468296037991,50.4171473552339,63.2783453624585,52.2891884777113,62.4581063667805,65.9507795768674,66.9331430188728,61.4618158803799,63.3435218776187,57.9105325333848,66.0255886517899,62.8558894798777,68.816942690527,51.1813893317953,66.5426869069664,68.0166184975158,50.99453238193,68.4795519071585,46.7137919391311
59.7558110274436,66.6877920291229,66.8011861719851,62.8330583220062,65.5069167821476,60.5958379388401,68.7195598084622,59.9726374249439,53.1688834415045,56.0075893916565,66.6630262434896,46.4080397993098,64.4468296037991,50.4171473552339,63.2809877884067,52.2938645991556,62.4581063667805,65.9507795768674,66.9331430188728,61.4618158803799,63.3435218776187,57.9105325333848,66.0255886517899,62.8558894798777,68.816942690527,51.1813893317953,66.5426869069664,68.0166184975158,50.99453238193,68.4795519071585,46.7137919391311
59.7558110274436,66.6877920291229,66.8011861719851,62.8330583220062,65.5069167821476,60.6637852555183,68.7195598084622,59.9726374249439,53.1688834415045,56.0075893916565,66.6630262434896,46.4080397993098,64.4468296037991,50.4171473552339,63.2809877884067,52.2938645991556,62.4581063667805,65.9507795768674,66.9331430188728,61.4618158803799,63.3435218776187,57.9105325333848,66.0255886517899,62.8558894798777,68.816942690527,51.1813893317953,66.5426869069664,68.0166184975158,50.99453238193,68.4795519071585,46.7137919391311
59.7558110274436,66.6877920291229,66.8011861719851,62.8330583220062,65.5069167821476,60.7270477398797,68.7195598084622,59.9726374249439,53.1688834415045,56.0075893916565,66.6630262434896,46.4080397993098,64.4468296037991,50.4171473552339,63.2809877884067,52.2938645991556,62.4581063667805,65.9507795768674,66.9331430188728,61.4618158803799,63.3435218776187,57.9105325333848,66.0255886517899,62.8558894798777,68.816942690527,51.1813893317953,66.5426869069664,68.0166184975158,50.99453238193,68.4795519071585,46.8412269998111
59.7558110274436,66.6877920291229,66.8011861719851,62.8330583220062,65.5069167821476,60.7270477398797,68.7195598084622,59.9726374249439,53.1688834415045,56.0075893916565,66.6630262434896,46.4080397993098,64.4468296037991,50.4171473552339,63.2809877884067,52.2938645991556,62.4581063667805,65.9507795768674,66.9331430188728,61.4618158803799,63.3435218776187,57.9105325333848,66.0255886517899,62.8558894798777,68.816942690527,51.1813893317953,66.5426869069664,68.0166184975158,50.99453238193,68.4795519071585,46.8412269998111
59.7558110274436,66.6877920291229,66.8011861719851,62.8330583220062,65.5069167821476,60.7270477398797,68.7195598084622,59.9726374249439,53.1688834415045,56.0075893916565,66.6630262434896,46.4080397993098,64.4468296037991,50.4171473552339,63.2815042186709,52.2987264707144,62.4581063667805,65.9507795768674,66.9331430188728,61.4618158803799,63.3435218776187,57.9105325333848,66.0255886517899,62.8558894798777,68.816942690527,51.1813893317953,66.5426869069664,68.0166184975158,50.99453238193,68.4795519071585,46.8412269998111
59.7558110274436,66.6877920291229,66.8011861719851,62.8330583220062,65.5069167821476,60.7270477398797,68.7195598084622,59.9726374249439,53.1688834415045,56.0075893916565,66.6630262434896,46.4080397993098,64.4468296037991,50.4171473552339,63.2815042186709,52.2987264707144,62.4581063667805,65.9507795768674,66.9331430188728,61.4618158803799,63.3435218776187,57.9105325333848,66.0255886517899,62.8558894798777,68.9474635293621,51.1813893317953,66.5426869069664,68.0166184975158,50.99453238193,68.4795519071585,46.8412269998111
59.7558110274436,66.6877920291229,66.8011861719851,62.8330583220062,65.5069167821476,60.7270477398797,68.7195598084622,59.9726374249439,53.1688834415045,56.0075893916565,66.6630262434896,46.4080397993098,64.4468296037991,50.437425735019,63.2815042186709,52.2987264707144,62.4581063667805,65.9507795768674,66.9331430188728,61.4618158803799,63.3435218776187,57.9112899321233,66.0255886517899,62.8558894798777,68.9474635293621,51.1813893317953,66.5426869069664,68.0166184975158,50.99453238193,68.4795519071585,46.8412269998111
59.789857318372,66.6877920291229,66.8011861719851,62.8330583220062,65.5069167821476,60.7270477398797,68.7195598084622,59.9726374249439,53.1688834415045,56.0075893916565,66.683386559651,46.4080397993098,64.4468296037991,50.437425735019,63.2815042186709,52.2987264707144,62.4581063667805,65.9507795768674,66.9331430188728,61.4618158803799,63.3435218776187,57.9112899321233,66.0255886517899,62.8558894798777,68.9474635293621,51.1813893317953,66.5426869069664,68.0166184975158,50.99453238193,68.4795519071585,46.8412269998111
59.789857318372,66.6877920291229,66.8011861719851,62.8330583220062,65.5069167821476,60.7270477398797,68.7195598084622,59.9726374249439,53.1688834415045,56.0075893916565,66.683386559651,46.4080397993098,64.4468296037991,50.437425735019,63.2815042186709,52.2987264707144,62.4581063667805,65.9507795768674,66.9487760090764,61.4742714472465,63.3435218776187,57.9112899321233,66.0255886517899,62.8558894798777,68.9474635293621,51.1813893317953,66.5426869069664,68.0166184975158,50.99453238193,68.4795519071585,46.8412269998111
59.789857318372,66.6877920291229,66.8011861719851,62.8330583220062,65.5069167821476,60.7270477398797,68.7195598084622,59.9726374249439,53.1688834415045,56.0075893916565,66.683386559651,46.4080397993098,64.4468296037991,50.437425735019,63.2815042186709,52.2987264707144,62.4581063667805,65.9507795768674,66.9487760090764,61.4742714472465,63.3435218776187,57.9112899321233,66.0255886517899,62.8558894798777,68.9474635293621,51.1813893317953,66.5426869069664,68.0166184975158,50.99453238193,68.4795519071585,46.8412269998111
59.789857318372,66.6877920291229,66.8011861719851,62.8330583220062,65.5069167821476,60.7270477398797,68.7195598084622,59.9726374249439,53.1688834415045,56.0075893916565,66.683386559651,46.4080397993098,64.4468296037991,50.437425735019,63.2815042186709,52.2987264707144,62.4581063667805,65.9507795768674,66.9487760090764,61.4742714472465,63.3435218776187,57.9112899321233,66.0255886517899,62.8558894798777,68.9474635293621,51.1813893317953,66.5426869069664,68.0166184975158,50.99453238193,68.4795519071585,46.8412269998111
59.789857318372,66.6877920291229,66.8011861719851,62.8330583220062,65.5069167821476,60.7270477398797,68.7195598084622,59.9726374249439,53.1688834415045,56.0075893916565,66.683386559651,46.4080397993098,64.4468296037991,50.437425735019,63.2837000506368,52.2987264707144,62.4581063667805,65.9507795768674,66.9487760090764,61.4742714472465,63.3711336555686,57.9112899321233,66.0255886517899,62.8558894798777,68.9474635293621,51.1813893317953,66.5426869069664,68.0166184975158,50.99453238193,68.4795519071585,46.8412269998111
59.789857318372,66.6877920291229,66.8011861719851,62.8330583220062,65.5069167821476,60.7270477398797,68.7195598084622,60.0405187889235,53.1688834415045,56.0075893916565,66.683386559651,46.4080397993098,64.4468296037991,50.437425735019,63.2837000506368,52.2987264707144,62.4581063667805,65.9913338683284,66.9487760090764,61.4742714472465,63.3711336555686,57.9112899321233,66.0255886517899,62.8558894798777,68.9474635293621,51.1813893317953,66.5426869069664,68.0166184975158,50.99453238193,68.4795519071585,46.8412269998111
60.0728187453309,66.6877920291229,66.8011861719851,62.8330583220062,65.5069167821476,60.7270477398797,68.7195598084622,60.0405187889235,53.1688834415045,56.0075893916565,66.683386559651,46.4080397993098,64.4468296037991,50.437425735019,63.2837000506368,52.2987264707144,62.4581063667805,65.9913338683284,66.9487760090764,61.4846269963303,63.3711336555686,57.9112899321233,66.0255886517899,62.8558894798777,68.9474635293621,51.1813893317953,66.5426869069664,68.0166184975158,50.99453238193,68.4795519071585,46.8412269998111
60.0728187453309,66.6877920291229,66.8011861719851,62.8330583220062,65.5069167821476,60.7270477398797,68.7195598084622,60.0405187889235,53.1688834415045,56.0075893916565,66.683386559651,46.4080397993098,64.4800057139728,50.437425735019,63.2837000506368,52.2987264707144,62.4581063667805,65.9913338683284,66.9487760090764,61.4846269963303,63.3711336555686,57.9112899321233,66.0255886517899,62.8558894798777,68.9474635293621,51.1938463833189,66.5426869069664,68.0166184975158,50.99453238193,68.4795519071585,46.8412269998111
60.0728187453309,66.6877920291229,66.8602318504942,62.8330583220062,65.5069167821476,60.7270477398797,68.7195598084622,60.0405187889235,53.1688834415045,56.0075893916565,66.683386559651,46.4080397993098,64.4800057139728,50.437425735019,63.2837000506368,52.308477795252,62.4581063667805,65.9913338683284,67.1419926947265,61.4846269963303,63.3711336555686,57.9112899321233,66.0255886517899,62.8558894798777,68.9474635293621,51.1938463833189,66.5545765534764,68.0166184975158,50.99453238193,68.4795519071585,46.8412269998111
60.0728187453309,66.6877920291229,66.8602318504942,62.8330583220062,65.5069167821476,60.7270477398797,68.7195598084622,60.0405187889235,53.1688834415045,56.054274941738,66.683386559651,46.4080397993098,64.4800057139728,50.437425735019,63.2837000506368,52.308477795252,62.4581063667805,65.9913338683284,67.1419926947265,61.4846269963303,63.3711336555686,57.9141603502389,66.0255886517899,62.8558894798777,68.9474635293621,51.1938463833189,66.5545765534764,68.0166184975158,50.99453238193,68.4795519071585,46.8412269998111
60.0728187453309,66.6877920291229,66.8602318504942,62.8330583220062,65.5069167821476,60.7270477398797,68.7195598084622,60.0405187889235,53.1688834415045,56.054274941738,66.683386559651,46.4080397993098,64.4800057139728,50.437425735019,63.2837000506368,52.308477795252,62.4581063667805,65.9913338683284,67.1419926947265,61.4846269963303,63.3711336555686,57.9141603502389,66.0255886517899,62.8558894798777,68.9474635293621,51.1938463833189,66.5545765534764,68.0166184975158,50.99453238193,68.4795519071585,46.8412269998111
60.0728187453309,66.6877920291229,66.8602318504942,62.8330583220062,65.5069167821476,60.7270477398797,68.7195598084622,60.0405187889235,54.0333787780266,56.054274941738,66.9533411055181,46.4080397993098,64.4800057139728,50.437425735019,63.2842291537827,52.308477795252,62.4581063667805,65.9913338683284,67.1419926947265,61.4846269963303,63.3711336555686,57.9141603502389,66.0255886517899,62.8558894798777,68.9474635293621,51.1977926736434,66.5545765534764,68.0166184975158,50.99453238193,68.4795519071585,46.8412269998111
60.0728187453309,66.6877920291229,66.8602318504942,62.8330583220062,65.5069167821476,60.7270477398797,68.7195598084622,60.0405187889235,54.0333787780266,56.054274941738,67.0456621268994,46.4080397993098,64.4800057139728,50.437425735019,63.2842291537827,52.308477795252,62.4581063667805,65.9913338683284,67.1419926947265,61.4846269963303,63.3711336555686,57.9141603502389,66.0255886517899,62.8558894798777,68.9474635293621,51.1977926736434,66.5545765534764,68.0166184975158,50.99453238193,68.4795519071585,46.8412269998111
60.0728187453309,66.6877920291229,66.8602318504942,62.8330583220062,65.5069167821476,60.9537425297304,68.7195598084622,60.0405187889235,54.0333787780266,56.054274941738,67.0456621268994,46.4080397993098,64.4800057139728,50.437425735019,63.2850255654558,52.308477795252,62.4581063667805,65.9913338683284,67.1419926947265,61.4846269963303,63.3711336555686,57.9141603502389,66.0255886517899,62.8558894798777,68.9474635293621,51.1977926736434,66.5545765534764,68.0166184975158,50.99453238193,68.4795519071585,46.8412269998111
60.0728187453309,66.6877920291229,66.8602318504942,62.8405655021635,65.5069167821476,60.9537425297304,68.7195598084622,60.0563018618942,54.0333787780266,56.054274941738,67.0456621268994,46.5511709423673,64.4800057139728,50.437425735019,63.2850255654558,52.308477795252,62.4581063667805,65.9913338683284,67.1419926947265,61.4848884557269,63.3711336555686,57.9141603502389,66.0255886517899,62.8558894798777,69.1349773594605,51.1977926736434,66.5545765534764,68.0166184975158,50.99453238193,68.4795519071585,46.8412269998111
60.0728187453309,66.7084000174633,66.8602318504942,62.8405655021635,65.5069167821476,60.9537425297304,68.7195598084622,60.0563018618942,54.0333787780266,56.0726667076637,67.0456621268994,46.5511709423673,64.4800057139728,50.437425735019,63.2850255654558,52.308477795252,62.4581063667805,65.9913338683284,67.1419926947265,61.4848884557269,63.3711336555686,57.9141603502389,66.0255886517899,62.8558894798777,69.1349773594605,51.2038128069269,66.5545765534764,68.0166184975158,50.99453238193,68.4795519071585,46.8412269998111
60.0728187453309,66.7084000174633,66.8602318504942,62.8405655021635,65.5069167821476,60.9537425297304,68.7195598084622,60.0563018618942,54.0333787780266,56.0726667076637,67.0456621268994,46.5511709423673,64.5137452068892,50.437425735019,63.2850255654558,52.308477795252,62.4581063667805,65.9913338683284,67.1419926947265,61.4848884557269,63.3711336555686,57.9141603502389,66.0255886517899,62.8558894798777,69.1349773594605,51.2038128069269,66.5545765534764,68.0166184975158,50.99453238193,68.4795519071585,46.8412269998111
60.0728187453309,66.7084000174633,66.8602318504942,62.8405655021635,65.5069167821476,60.9537425297304,68.7195598084622,60.0563018618942,54.0333787780266,56.0726667076637,67.0456621268994,46.5511709423673,64.5137452068892,50.4388199769012,63.2850255654558,52.308477795252,62.4581063667805,65.9913338683284,67.1419926947265,61.4848884557269,63.3711336555686,57.9141603502389,66.0255886517899,62.8558894798777,69.1349773594605,51.2038128069269,66.6024330166044,68.0166184975158,50.99453238193,68.4795519071585,46.8412269998111
60.0728187453309,66.7084000174633,66.8602318504942,62.8405655021635,65.5069167821476,60.9537425297304,68.7236700282707,60.0563018618942,54.0333787780266,56.0726667076637,67.0456621268994,46.5511709423673,64.5137452068892,50.4388199769012,63.2850255654558,52.308477795252,62.4581063667805,65.9913338683284,67.1419926947265,61.4848884557269,63.3711336555686,57.9141603502389,66.0255886517899,62.8558894798777,69.1349773594605,51.2038128069269,66.6024330166044,68.0166184975158,50.99453238193,68.4795519071585,46.8412269998111
60.0728187453309,66.7084000174633,66.8602318504942,62.8570995063999,65.5069167821476,60.9537425297304,68.7236700282707,60.0563018618942,54.0333787780266,56.0726667076637,67.0456621268994,46.5511709423673,64.5137452068892,50.4388199769012,63.2850255654558,52.308477795252,62.4581063667805,65.9913338683284,67.1419926947265,61.4848884557269,63.3711336555686,57.9141603502389,66.0381963592683,62.8558894798777,69.1349773594605,51.2038128069269,66.6024330166044,68.0166184975158,50.99453238193,68.4795519071585,46.8412269998111
60.0728187453309,66.7084000174633,66.8602318504942,62.8570995063999,65.5302808919911,60.9537425297304,68.7236700282707,60.0563018618942,54.0333787780266,56.0726667076637,67.0456621268994,46.5511709423673,64.5137452068892,50.4388199769012,63.2850255654558,52.308477795252,62.4581063667805,65.9913338683284,67.1419926947265,61.4848884557269,63.3711336555686,57.9141603502389,66.1554800252041,62.8558894798777,69.1349773594605,51.2038128069269,66.6024330166044,68.0166184975158,50.99453238193,68.4795519071585,46.8412269998111
60.0728187453309,66.7084000174633,66.8602318504942,62.8570995063999,65.5302808919911,60.9537425297304,68.7236700282707,60.0563018618942,54.0333787780266,56.0726667076637,67.0456621268994,46.5511709423673,64.5137452068892,50.4388199769012,63.2850255654558,52.308477795252,62.4581063667805,65.9913338683284,67.1419926947265,61.4848884557269,63.3711336555686,57.9141603502389,66.1554800252041,62.8558894798777,69.1349773594605,51.2038128069269,66.6024330166044,68.0166184975158,50.99453238193,68.4913945380825,46.8412269998111
60.0728187453309,66.7084000174633,66.8602318504942,62.8570995063999,65.5302808919911,60.9703191478451,68.727026348876,60.0563018618942,54.0333787780266,56.0726667076637,67.2658122163119,46.5869206525752,64.5137452068892,50.4388199769012,63.2857972426043,52.308477795252,62.4696979183719,65.9913338683284,67.2093208324632,61.4848884557269,63.3711336555686,57.9141603502389,66.1554800252041,62.8558894798777,69.1349773594605,51.2038128069269,66.6024330166044,68.0166184975158,50.99453238193,68.4913945380825,46.8412269998111
60.0728187453309,66.7175066595234,66.8602318504942,62.8570995063999,65.5302808919911,60.9703191478451,68.727026348876,60.0563018618942,54.0333787780266,56.0726667076637,67.2658122163119,46.5869206525752,64.5137452068892,50.4388199769012,63.2857972426043,52.308477795252,62.4696979183719,65.9913338683284,67.2093208324632,61.4848884557269,63.3711336555686,57.9141603502389,66.1554800252041,62.8558894798777,69.1349773594605,51.2038128069269,66.6024330166044,68.0166184975158,50.99453238193,68.4913945380825,46.8412269998111
60.0728187453309,66.7175066595234,66.8602318504942,62.8570995063999,65.5302808919911,60.9703191478451,68.727026348876,60.0563018618942,54.0333787780266,56.0726667076637,67.2658122163119,46.5869206525752,64.5137452068892,50.4388199769012,63.2857972426043,52.308477795252,62.4696979183719,65.9913338683284,67.2093208324632,61.4848884557269,63.3711336555686,57.9141603502389,66.1554800252041,62.8558894798777,69.1349773594605,51.2038128069269,66.6024330166044,68.0168391608536,50.99453238193,68.4913945380825,46.8412269998111
60.0728187453309,66.7175066595234,66.8602318504942,62.8570995063999,65.5783523772266,60.9703191478451,68.727026348876,60.0563018618942,54.0333787780266,56.0726667076637,67.2658122163119,46.5869206525752,64.5137452068892,50.4550056616073,63.2868623458285,52.3167443301205,62.4696979183719,65.9913338683284,67.2093208324632,61.4848884557269,63.3711336555686,57.9141603502389,66.1554800252041,62.8558894798777,69.1349773594605,51.2038128069269,66.6114240797551,68.0168391608536,50.99453238193,68.4913945380825,47.0813447380867
60.0728187453309,66.7175066595234,66.8602318504942,62.8570995063999,65.5783523772266,60.9703191478451,68.727026348876,60.0563018618942,54.0333787780266,56.0726667076637,67.2658122163119,46.5869206525752,64.5137452068892,50.4550056616073,63.2868623458285,52.3167443301205,62.4696979183719,65.9913338683284,67.2093208324632,61.4848884557269,63.3711336555686,57.9141603502389,66.1554800252041,62.8558894798777,69.1349773594605,51.2038128069269,66.6114240797551,68.0168391608536,50.99453238193,68.4913945380825,47.0813447380867
60.0728187453309,66.7175066595234,66.8602318504942,62.8570995063999,65.5783523772266,60.9703191478451,68.727026348876,60.0563018618942,54.0333787780266,56.0726667076637,67.2658122163119,46.5869206525752,64.5137452068892,50.4550056616073,63.2868623458285,52.3167443301205,62.4696979183719,65.9913338683284,67.2093208324632,61.4848884557269,63.3711336555686,57.9141603502389,66.1554800252041,62.8558894798777,69.1349773594605,51.2038128069269,66.6114240797551,68.0168391608536,50.99453238193,68.4913945380825,47.0813447380867
60.0728187453309,66.7175066595234,66.8602318504942,62.8570995063999,65.5783523772266,60.9703191478451,68.727026348876,60.0563018618942,54.0333787780266,56.0726667076637,67.2658122163119,46.5869206525752,64.5137452068892,50.4550056616073,63.2868623458285,52.3167443301205,62.4696979183719,65.9913338683284,67.2093208324632,61.4848884557269,63.3711336555686,57.9141603502389,66.1554800252041,62.8558894798777,69.1349773594605,51.2145604670572,66.6114240797551,68.0168391608536,50.99453238193,68.4913945380825,47.0813447380867
60.0728187453309,66.7175066595234,66.8602318504942,62.8570995063999,65.5783523772266,60.9703191478451,68.727026348876,60.0563018618942,54.0333787780266,56.0726667076637,67.2658122163119,46.5869206525752,64.5137452068892,50.4550056616073,63.2868623458285,52.3167443301205,62.4696979183719,66.3977446915126,67.2093208324632,61.4848884557269,63.3711336555686,57.9141603502389,66.1554800252041,62.8558894798777,69.1349773594605,51.2145604670572,66.6114240797551,68.0168391608536,50.99453238193,68.4913945380825,47.0813447380867
60.0728187453309,66.7175066595234,66.8602318504942,62.8570995063999,65.5897064773951,60.9703191478451,68.727026348876,60.0563018618942,54.0333787780266,56.0726667076637,67.2658122163119,46.5921492590395,64.5137452068892,50.4550056616073,63.2870052759024,52.3167443301205,62.4696979183719,66.3977446915126,67.2093208324632,61.4848884557269,63.3711336555686,57.9141603502389,66.1554800252041,62.8558894798777,69.2342863464117,51.2145604670572,66.6114240797551,68.0168391608536,50.99453238193,68.7279616797478,47.0813447380867
60.0728187453309,66.7175066595234,66.8602318504942,62.8570995063999,65.5897064773951,60.9703191478451,68.727026348876,60.0563018618942,54.0333787780266,56.0726667076637,67.2658122163119,46.5921492590395,64.5137452068892,50.4550056616073,63.2873262741186,52.3251273605453,62.4696979183719,66.3977446915126,67.2093208324632,61.4848884557269,63.3711336555686,57.9141603502389,66.1554800252041,62.8558894798777,69.2342863464117,51.2145604670572,66.6114240797551,68.0168391608536,50.99453238193,68.7279616797478,47.0813447380867
60.0728187453309,66.7460038892088,66.8602318504942,62.8570995063999,65.5897064773951,60.9703191478451,68.727026348876,60.0607134849552,54.0333787780266,56.0726667076637,67.2658122163119,46.5921492590395,64.5137452068892,50.4550056616073,63.2873262741186,52.3251273605453,62.4696979183719,66.3977446915126,67.2093208324632,61.492610130305,63.3711336555686,57.9167923863587,66.1554800252041,62.8558894798777,69.2342863464117,51.2145604670572,66.6114240797551,68.0315666963607,50.99453238193,68.7279616797478,47.0813447380867
60.0728187453309,66.7460038892088,66.8602318504942,62.8570995063999,65.5897064773951,60.9703191478451,68.727026348876,60.0626618684893,54.0333787780266,56.0726667076637,67.2974908165007,46.5921492590395,64.7189458632507,50.4550056616073,63.2873262741186,52.3251273605453,62.4696979183719,66.3977446915126,67.2093208324632,61.492610130305,63.3711336555686,57.9167923863587,66.1554800252041,62.8558894798777,69.2342863464117,51.2145604670572,66.6114240797551,68.0315666963607,50.99453238193,68.7279616797478,47.0813447380867
60.0728187453309,66.7460038892088,66.8602318504942,62.8570995063999,65.5897064773951,60.9703191478451,68.7328045346246,60.0626618684893,54.0333787780266,56.0726667076637,67.2974908165007,46.5921492590395,64.7189458632507,50.4550056616073,63.2873262741186,52.3251273605453,62.4696979183719,66.3977446915126,67.2093208324632,61.492610130305,63.3711336555686,57.9167923863587,66.1554800252041,62.8558894798777,69.2342863464117,51.2145604670572,66.6114240797551,68.0315666963607,50.99453238193,68.7279616797478,47.0813447380867
60.0728187453309,66.7460038892088,66.8602318504942,62.8570995063999,65.5897064773951,60.9703191478451,68.7328045346246,60.0626618684893,54.0333787780266,56.0726667076637,67.2974908165007,46.5921492590395,64.7189458632507,50.4550056616073,63.2873262741186,52.3251273605453,62.4696979183719,66.3977446915126,67.2093208324632,61.492610130305,63.3711336555686,57.9167923863587,66.1554800252041,62.8558894798777,69.2342863464117,51.2145604670572,66.6114240797551,68.0315666963607,51.0727391622735,68.7279616797478,47.0813447380867
60.0728187453309,66.7460038892088,66.8602318504942,62.8570995063999,65.5897064773951,60.9703191478451,68.7328045346246,60.0626618684893,54.2388416392802,56.0726667076637,67.2974908165007,46.5921492590395,64.7189458632507,50.4550056616073,63.2875745216948,52.3251273605453,62.4696979183719,66.3977446915126,67.2144659904777,61.4926236453593,63.3711336555686,57.9167923863587,66.1554800252041,62.8558894798777,69.2342863464117,51.2145604670572,66.6114240797551,68.0315666963607,51.0727391622735,68.7279616797478,47.0813447380867
60.0728187453309,66.7460038892088,66.8602318504942,62.8570995063999,65.5897064773951,60.9703191478451,68.7328045346246,60.0626618684893,54.2388416392802,56.0882016292378,67.2974908165007,46.5921492590395,64.7189458632507,50.4550056616073,63.2875745216948,52.3251273605453,62.4696979183719,66.3977446915126,67.2144659904777,61.4926236453593,63.3711336555686,57.9184341012644,66.1554800252041,62.8558894798777,69.2342863464117,51.2195154187771,66.6114240797551,68.0315666963607,51.0727391622735,68.7279616797478,47.0813447380867
60.0728187453309,66.7460038892088,66.8602318504942,62.8570995063999,65.5897064773951,60.9703191478451,68.7328045346246,60.0626618684893,54.2388416392802,56.0882016292378,67.2974908165007,46.5921492590395,64.7189458632507,50.4550056616073,63.2875745216948,52.3251273605453,62.4696979183719,66.3977446915126,67.2144659904777,61.4926236453593,63.3767184584891,57.9184341012644,66.1554800252041,62.8558894798777,69.2342863464117,51.2195154187771,66.6114240797551,68.0315666963607,51.0727391622735,68.8316130840592,47.0813447380867
60.0728187453309,66.7460038892088,66.8602318504942,62.8570995063999,65.6002312523258,60.9703191478451,68.7361333348135,60.105783518334,54.2388416392802,56.0882016292378,67.2974908165007,46.5921492590395,64.7189458632507,50.4550056616073,63.2877255824431,52.3251273605453,62.4696979183719,66.3977446915126,67.2144659904777,61.4926236453593,63.3767184584891,57.9184341012644,66.1554800252041,62.8558894798777,69.2342863464117,51.2195154187771,66.6114240797551,68.0315666963607,51.0727391622735,68.9671070590353,47.0813447380867
60.0728187453309,66.7460038892088,66.8602318504942,62.8570995063999,65.6002312523258,60.9703191478451,68.7361333348135,60.1236467268279,54.2388416392802,56.0882016292378,67.2974908165007,46.5921492590395,64.7189458632507,50.4550056616073,63.2877255824431,52.3251273605453,62.4696979183719,66.4835883968192,67.2144659904777,61.4926236453593,63.3767184584891,57.9184341012644,66.1554800252041,62.8558894798777,69.3715052857968,51.2195154187771,66.6114240797551,68.0315666963607,51.0727391622735,68.9671070590353,47.0813447380867
60.0728187453309,66.7460038892088,66.8602318504942,62.8570995063999,65.6002312523258,60.9703191478451,68.7361333348135,60.1236467268279,54.2388416392802,56.0882016292378,67.2974908165007,46.5921492590395,64.7189458632507,50.4550056616073,63.2877255824431,52.3251273605453,62.4696979183719,66.5602681768832,67.2144659904777,61.493163476299,63.3767184584891,57.9184341012644,66.1556881898555,62.8558894798777,69.3715052857968,51.2195154187771,66.6114240797551,68.0315666963607,51.0727391622735,68.9671070590353,47.0813447380867
60.0728187453309,66.7460038892088,66.8602318504942,62.8813622510162,65.6002312523258,60.9703191478451,68.7361333348135,60.1236467268279,54.2388416392802,56.0882016292378,67.2974908165007,46.5921492590395,64.7189458632507,50.4550056616073,63.2877255824431,52.3251273605453,62.4696979183719,66.5602681768832,67.2144659904777,61.493163476299,63.3767184584891,57.9213983842085,66.1556881898555,62.8558894798777,69.3715052857968,51.2195154187771,66.6114240797551,68.0315666963607,51.0727391622735,68.9671070590353,47.0813447380867
60.0728187453309,66.7460038892088,66.8602318504942,62.8813622510162,65.6002312523258,60.9703191478451,68.7361333348135,60.1236467268279,54.3840787612401,56.1171144713599,67.2974908165007,46.5921492590395,64.7189458632507,50.4550056616073,63.2877525748132,52.3251273605453,62.4696979183719,66.5602681768832,67.2144659904777,61.493163476299,63.3767184584891,57.9213983842085,66.1556881898555,62.8558894798777,69.3715052857968,51.2195154187771,66.6114240797551,68.0315666963607,51.0727391622735,68.9671070590353,47.0813447380867
60.0728187453309,66.7460038892088,66.8676766145841,62.8813622510162,65.6002312523258,60.9703191478451,68.7361333348135,60.4115786181829,54.3840787612401,56.1171144713599,67.2974908165007,46.5921492590395,64.7189458632507,50.4550056616073,63.2877525748132,52.3251273605453,62.4696979183719,66.5602681768832,67.2144659904777,61.493163476299,63.3767184584891,57.9213983842085,66.1556881898555,62.8558894798777,69.3715052857968,51.2195154187771,66.6114240797551,68.0315666963607,51.0727391622735,68.9671070590353,47.0813447380867
60.0728187453309,66.7460038892088,66.8676766145841,62.8813622510162,65.6002312523258,60.9703191478451,68.7371366101647,60.4115786181829,54.3840787612401,56.1171144713599,67.2974908165007,46.5921492590395,64.7189458632507,50.4587928636725,63.2877525748132,52.3251273605453,62.4696979183719,66.5602681768832,67.2144659904777,61.493163476299,63.3767184584891,57.9213983842085,66.1556881898555,62.8558894798777,69.3715052857968,51.2195154187771,66.6114240797551,68.0315666963607,51.0727391622735,68.9671070590353,47.0813447380867
60.0728187453309,66.7460038892088,66.8676766145841,62.8813622510162,65.6002312523258,60.9703191478451,68.7371366101647,60.4115786181829,54.3840787612401,56.1171144713599,67.4170447575294,46.5921492590395,64.7189458632507,50.4587928636725,63.2877525748132,52.3251273605453,62.4785607058702,66.5602681768832,67.2144659904777,61.493163476299,63.3767184584891,57.9213983842085,66.1556881898555,62.8558894798777,69.3715052857968,51.2195154187771,66.6114240797551,68.0496469136935,51.0727391622735,68.9671070590353,47.0813447380867
60.0728187453309,66.7460038892088,66.8676766145841,62.8813622510162,65.6002312523258,60.9703191478451,68.7371366101647,60.4115786181829,54.3840787612401,56.1171144713599,67.4170447575294,46.5921492590395,64.7189458632507,50.4587928636725,63.2879943731775,52.3251273605453,62.4785607058702,66.5602681768832,67.2144659904777,61.493163476299,63.3774182485905,57.9247055995597,66.1556881898555,62.8558894798777,69.3715052857968,51.2243940015969,66.6114240797551,68.0496469136935,51.0727391622735,68.9671070590353,47.0813447380867
60.0728187453309,66.7460038892088,66.8676766145841,62.8813622510162,65.6002312523258,60.9703191478451,68.7371366101647,60.4115786181829,54.3840787612401,56.1171144713599,67.4170447575294,46.5921492590395,64.7189458632507,50.4587928636725,63.2879943731775,52.3251273605453,62.4785607058702,66.5602681768832,67.2144659904777,61.493163476299,63.3774182485905,57.9247055995597,66.1630446634599,62.8558894798777,69.3715052857968,51.2243940015969,66.6114240797551,68.0496469136935,51.0727391622735,68.9671070590353,47.0813447380867
60.0728187453309,66.7579733688668,66.8676766145841,62.8813622510162,65.6002312523258,60.9703191478451,68.7371366101647,60.4115786181829,54.3840787612401,56.1171144713599,67.4170447575294,46.5921492590395,64.7189458632507,50.4587928636725,63.2879943731775,52.3251273605453,62.4785607058702,66.5602681768832,67.2500146191548,61.493163476299,63.3774182485905,57.9247055995597,66.1630446634599,62.8558894798777,69.3986530385433,51.2243940015969,66.6114240797551,68.0496469136935,51.0727391622735,68.9671070590353,47.0813447380867
60.0855279545791,66.7579733688668,66.8676766145841,62.8813622510162,65.6002312523258,60.9703191478451,68.7371366101647,60.4115786181829,54.3840787612401,56.1171144713599,67.4170447575294,46.5921492590395,64.7189458632507,50.4587928636725,63.2882222057124,52.3251273605453,62.4785607058702,66.5602681768832,67.2500146191548,61.493163476299,63.3774182485905,57.9247055995597,66.1630446634599,62.8558894798777,69.3986530385433,51.2248566840211,66.6114240797551,68.0496469136935,51.0727391622735,68.9671070590353,47.0813447380867
60.0855279545791,66.7579733688668,66.8807976318631,62.8813622510162,65.6002312523258,60.9703191478451,68.7409936535154,60.4115786181829,54.3840787612401,56.1171144713599,67.4170447575294,46.5921492590395,64.7189458632507,50.4587928636725,63.2882222057124,52.3251273605453,62.4785607058702,66.5602681768832,67.2500146191548,61.493163476299,63.3774182485905,57.9247055995597,66.1630446634599,62.8558894798777,69.3986530385433,51.2248566840211,66.6114240797551,68.0496469136935,51.0727391622735,68.9671070590353,47.0813447380867
60.0855279545791,66.7579733688668,66.8807976318631,62.8813622510162,65.6002312523258,60.9703191478451,68.7409936535154,60.4115786181829,54.3840787612401,56.1171144713599,67.4170447575294,46.5933713112133,64.8721719808317,50.4587928636725,63.2882795407526,52.3251273605453,62.4785607058702,66.5602681768832,67.2500146191548,61.493163476299,63.3774182485905,57.9247055995597,66.1630446634599,62.8558894798777,69.3986530385433,51.2248566840211,66.6114240797551,68.0496469136935,51.0727391622735,68.9671070590353,47.0813447380867
60.0855279545791,66.7579733688668,66.8807976318631,62.8813622510162,65.6823202964038,60.9703191478451,68.7409936535154,60.4115786181829,54.3840787612401,56.1171144713599,67.4170447575294,46.5933713112133,64.8721719808317,50.4587928636725,63.2882795407526,52.3251273605453,62.4785607058702,66.5602681768832,67.2500146191548,61.493163476299,63.3774182485905,57.9247055995597,66.1630446634599,62.8558894798777,69.3986530385433,51.2248566840211,66.6114240797551,68.0496469136935,51.0727391622735,68.9671070590353,47.0813447380867
60.0855279545791,66.7579733688668,66.8807976318631,62.8813622510162,65.6823202964038,60.9703191478451,68.7409936535154,60.4115786181829,54.3840787612401,56.1312766667657,67.4170447575294,46.5933713112133,64.8721719808317,50.4587928636725,63.2884005865349,52.3302818714319,62.4785607058702,66.5602681768832,67.2500146191548,61.493163476299,63.3774182485905,57.9247055995597,66.1977737113861,62.8558894798777,69.3986530385433,51.2248566840211,66.6114240797551,68.0496469136935,51.0799342010709,68.9671070590353,47.0813447380867
60.0855279545791,66.7579733688668,66.8807976318631,62.8813622510162,65.6823202964038,61.2066003986266,68.7409936535154,60.4115786181829,54.3840787612401,56.1312766667657,67.4170447575294,46.5933713112133,64.8721719808317,50.4604914552491,63.2884005865349,52.3302818714319,62.4785607058702,66.5602681768832,67.2500146191548,61.493163476299,63.3774182485905,57.9247055995597,66.1977737113861,62.8558894798777,69.3986530385433,51.2248566840211,66.6114240797551,68.0496469136935,51.0799342010709,68.9671070590353,47.0813447380867
60.0855279545791,66.7579733688668,66.8807976318631,62.8813622510162,65.6823202964038,61.2066003986266,68.7474557662942,60.4115786181829,54.3840787612401,56.1312766667657,67.4170447575294,46.6091083483917,64.8721719808317,50.4604914552491,63.2884005865349,52.3302818714319,62.4785607058702,66.5602681768832,67.2500146191548,61.493163476299,63.3774182485905,57.9247055995597,66.1977737113861,62.8558894798777,69.3986530385433,51.2248566840211,66.6114240797551,68.0496469136935,51.0799342010709,68.9671070590353,47.0813447380867
60.0855279545791,66.7579733688668,66.8807976318631,62.8813622510162,65.6823202964038,61.2066003986266,68.7474557662942,60.4115786181829,54.3840787612401,56.1312766667657,67.4170447575294,46.6091083483917,64.8721719808317,50.4604914552491,63.2884005865349,52.3302818714319,62.4785607058702,66.5602681768832,67.2595386927667,61.493163476299,63.3802424423739,57.9247055995597,66.1977737113861,62.8558894798777,69.3986530385433,51.2248566840211,66.6114240797551,68.0496469136935,51.0799342010709,69.0240756825718,47.0813447380867
60.0855279545791,66.7579733688668,66.8807976318631,62.8813622510162,65.6823202964038,61.2066003986266,68.7474557662942,60.4115786181829,54.6823231611304,56.1312766667657,67.4170447575294,46.6091083483917,64.8721719808317,50.4604914552491,63.2884005865349,52.3302818714319,62.4785607058702,66.5602681768832,67.2595386927667,61.493163476299,63.3802424423739,57.9247055995597,66.1977737113861,62.8558894798777,69.3986530385433,51.2248566840211,66.6114240797551,68.0496469136935,51.0799342010709,69.0240756825718,47.0813447380867
60.0866711031233,66.7579733688668,66.892870723408,62.8813622510162,65.6823202964038,61.2066003986266,68.7474557662942,60.4115786181829,54.6823231611304,56.1312766667657,67.4170447575294,46.6091083483917,64.8721719808317,50.4604914552491,63.2884005865349,52.3302818714319,62.4785607058702,66.5602681768832,67.2595386927667,61.4968499199289,63.3802424423739,57.9247055995597,66.1977737113861,62.8558894798777,69.3986530385433,51.2255902124805,66.6114240797551,68.0496469136935,51.0799342010709,69.0240756825718,47.0813447380867
60.0866711031233,66.7579733688668,66.892870723408,62.8813622510162,65.6823202964038,61.2066003986266,68.7474557662942,60.4115786181829,54.6823231611304,56.1344109273863,67.4170447575294,46.6281087498505,64.8721719808317,50.4604914552491,63.2884005865349,52.3302818714319,62.4785607058702,66.5602681768832,67.2595386927667,61.4968499199289,63.3802424423739,57.9247055995597,66.1977737113861,62.8558894798777,69.3986530385433,51.2255902124805,66.6114240797551,68.0853994079585,51.0799342010709,69.0240756825718,47.0813447380867
60.0866711031233,66.7579733688668,66.892870723408,62.8813622510162,65.7083443386864,61.2066003986266,68.7474557662942,60.4115786181829,54.6823231611304,56.1344109273863,67.4170447575294,46.6433435323508,64.8721719808317,50.4604914552491,63.2884005865349,52.3365285872004,62.4785607058702,66.5602681768832,67.2595386927667,61.4968499199289,63.3802424423739,57.9247055995597,66.1977737113861,62.8558894798777,69.3986530385433,51.2255902124805,66.6114240797551,68.0853994079585,51.0799342010709,69.0240756825718,47.0813447380867
60.0866711031233,66.7608614353779,66.892870723408,62.8813622510162,65.7083443386864,61.2066003986266,68.7474557662942,60.4115786181829,54.6823231611304,56.1344109273863,67.4170447575294,46.6433435323508,64.8721719808317,50.4604914552491,63.2884005865349,52.3365285872004,62.4785607058702,66.5602681768832,67.2595386927667,61.4968499199289,63.3805199051294,57.9247055995597,66.1977737113861,62.8558894798777,69.3986530385433,51.2255902124805,66.6114240797551,68.0853994079585,51.0882197589324,69.0240756825718,47.0813447380867
60.0866711031233,66.7608614353779,66.892870723408,62.8813622510162,65.7083443386864,61.2066003986266,68.7474557662942,60.4115786181829,54.6823231611304,56.1344109273863,67.4170447575294,46.6433435323508,64.8721719808317,50.471327706017,63.2884005865349,52.3365285872004,62.4785607058702,66.5602681768832,67.2595386927667,61.4968499199289,63.3805199051294,57.9247055995597,66.1977737113861,62.8558894798777,69.3986530385433,51.2256128668301,66.6114240797551,68.0853994079585,51.0882197589324,69.0240756825718,47.0813447380867
60.0866711031233,66.7608614353779,66.892870723408,62.8813622510162,65.7083443386864,61.2066003986266,68.7474557662942,60.4115786181829,55.3353440333084,56.1344109273863,67.4170447575294,46.6433435323508,64.8721719808317,50.471327706017,63.2884957098571,52.3365285872004,62.4785607058702,66.5602681768832,67.2620627514112,61.5011674023784,63.3805199051294,57.9247055995597,66.1977737113861,62.8558894798777,69.3986530385433,51.2262462716667,66.6114240797551,68.0853994079585,51.0882197589324,69.0240756825718,47.0813447380867
60.0866711031233,66.7608614353779,66.892870723408,62.8813622510162,65.7083443386864,61.2066003986266,68.7474557662942,60.4115786181829,55.3353440333084,56.1344109273863,67.4170447575294,46.6433435323508,64.8721719808317,50.471327706017,63.2884957098571,52.3365285872004,62.4785607058702,66.5602681768832,67.2620627514112,61.5011674023784,63.3805199051294,57.9247055995597,66.1977737113861,62.8558894798777,69.3986530385433,51.2262462716667,66.6114240797551,68.0853994079585,51.0882197589324,69.0240756825718,47.0813447380867
60.0866711031233,66.7971888765321,66.892870723408,62.8873905402964,65.7083443386864,61.2066003986266,68.7474557662942,60.4115786181829,55.3353440333084,56.1344109273863,67.4170447575294,46.6433435323508,64.8721719808317,50.471327706017,63.2884957098571,52.3392557923516,62.4785607058702,66.8746317653498,67.2620627514112,61.5011674023784,63.3805199051294,57.9259255124024,66.1977737113861,62.8558894798777,69.3986530385433,51.2262462716667,66.6114240797551,68.0853994079585,51.0882197589324,69.0958820505214,47.0995638320722
60.1208572748432,66.7971888765321,66.892870723408,62.8873905402964,65.7083443386864,61.2066003986266,68.7474557662942,60.4115786181829,55.3353440333084,56.1344109273863,67.4170447575294,46.6433435323508,64.8721719808317,50.471327706017,63.2884957098571,52.3392557923516,62.4848919731565,66.8746317653498,67.2620627514112,61.5011674023784,63.3832043816621,57.9259255124024,66.1977737113861,62.8558894798777,69.3986530385433,51.2262462716667,66.6114240797551,68.1003171666434,51.0882197589324,69.2429058754798,47.0995638320722
60.2059995875358,66.7971888765321,66.892870723408,62.8873905402964,65.7083443386864,61.2066003986266,68.7474557662942,60.4115786181829,55.3353440333084,56.1344109273863,67.4170447575294,46.6433435323508,64.8721719808317,50.471327706017,63.2886785007871,52.3392557923516,62.4848919731565,66.8746317653498,67.2620627514112,61.5011674023784,63.3832043816621,57.9259255124024,66.2058636852315,62.8558894798777,69.3986530385433,51.2270351487677,66.6114240797551,68.1003171666434,51.0882197589324,69.2429058754798,47.0995638320722
60.2059995875358,66.7971888765321,66.892870723408,62.8873905402964,65.7083443386864,61.2066003986266,68.7474557662942,60.4115786181829,55.3353440333084,56.1344109273863,67.4170447575294,46.6609934793636,64.8721719808317,50.4732084485868,63.2886785007871,52.3392557923516,62.4848919731565,66.8746317653498,67.2620627514112,61.5011674023784,63.3832043816621,57.9259255124024,66.2058636852315,62.8558894798777,69.4317320514472,51.2270351487677,66.6114240797551,68.1003171666434,51.0882197589324,69.2429058754798,47.0995638320722
60.2059995875358,66.7971888765321,66.892870723408,62.8873905402964,65.7083443386864,61.2066003986266,68.7474557662942,60.4115786181829,55.3353440333084,56.1344109273863,67.4170447575294,46.6609934793636,64.8721719808317,50.4732084485868,63.2886785007871,52.3392557923516,62.4848919731565,66.8746317653498,67.2621081803513,61.5011674023784,63.3832043816621,57.9259255124024,66.2058636852315,62.8558894798777,69.4317320514472,51.2270351487677,66.6114240797551,68.1003171666434,51.0882197589324,69.2429058754798,47.0995638320722
60.2059995875358,66.7971888765321,66.892870723408,62.8873905402964,65.7083443386864,61.2066003986266,68.7474557662942,60.4115786181829,55.3353440333084,56.1344109273863,67.4170447575294,46.6609934793636,64.8721719808317,50.4732084485868,63.2886785007871,52.3392557923516,62.4848919731565,66.8746317653498,67.2621081803513,61.5011674023784,63.3832043816621,57.9316977386999,66.2058636852315,62.8558894798777,69.4317320514472,51.2270351487677,66.6114240797551,68.1003171666434,51.1035334628183,69.2429058754798,47.0995638320722
60.2059995875358,66.7971888765321,66.892870723408,62.8928147178269,65.7083443386864,61.2066003986266,68.7474557662942,60.4115786181829,55.3353440333084,56.1344109273863,67.4170447575294,46.6609934793636,64.8721719808317,50.4732084485868,63.2886785007871,52.3435384789295,62.4848919731565,66.8746317653498,67.2621081803513,61.5011674023784,63.3832043816621,57.9316977386999,66.2058636852315,62.8558894798777,69.4317320514472,51.2295246305245,66.6114240797551,68.1003171666434,51.1035334628183,69.2429058754798,47.0995638320722
60.2059995875358,66.7971888765321,66.892870723408,62.8928147178269,65.7083443386864,61.2066003986266,68.7474557662942,60.4115786181829,55.3353440333084,56.1344109273863,67.4170447575294,46.6609934793636,64.8721719808317,50.4732084485868,63.2886785007871,52.3435384789295,62.4848919731565,66.8746317653498,67.2621081803513,61.5011674023784,63.3832043816621,57.9316977386999,66.2058636852315,62.8558894798777,69.4317320514472,51.2295246305245,66.6114240797551,68.1003171666434,51.1035334628183,69.2429058754798,47.0995638320722
60.2059995875358,66.7971888765321,66.892870723408,62.8928147178269,65.7083443386864,61.2066003986266,68.7474557662942,60.4115786181829,55.3353440333084,56.1344109273863,67.6118480290233,46.6609934793636,64.8721719808317,50.4784977158674,63.2886785007871,52.3435384789295,62.4848919731565,66.8746317653498,67.2621081803513,61.5011674023784,63.3832043816621,57.9316977386999,66.2058636852315,62.8558894798777,69.4317320514472,51.2295246305245,66.6114240797551,68.1028246538232,51.1035334628183,69.2429058754798,47.0995638320722
60.2059995875358,66.8023842265069,66.892870723408,62.8928147178269,65.7083443386864,61.2066003986266,68.7474557662942,60.4115786181829,55.3353440333084,56.1344109273863,67.6578857587846,46.6609934793636,64.8721719808317,50.4838820864551,63.2886785007871,52.3435384789295,62.4848919731565,66.8746317653498,67.2621081803513,61.5011674023784,63.3832043816621,57.9316977386999,66.2058636852315,62.8558894798777,69.4317320514472,51.2295246305245,66.6114240797551,68.1028246538232,51.1035334628183,69.47140334299,47.0995638320722
60.2059995875358,66.8023842265069,66.892870723408,62.8928147178269,65.7083443386864,61.2066003986266,68.7474930339863,60.4115786181829,55.3353440333084,56.1344109273863,67.6578857587846,46.6609934793636,64.8721719808317,50.4838820864551,63.2886785007871,52.3435384789295,62.4848919731565,66.8746317653498,67.2621081803513,61.5011674023784,63.3832043816621,57.9316977386999,66.2058636852315,62.8558894798777,69.4317320514472,51.2295246305245,66.6114240797551,68.1028246538232,51.1035334628183,69.47140334299,47.0995638320722
60.2059995875358,66.8023842265069,66.892870723408,62.8928147178269,65.710687409192,61.2066003986266,68.7487669572883,60.4115786181829,55.3353440333084,56.1344109273863,67.6578857587846,46.6609934793636,64.8721719808317,50.4838820864551,63.2886785007871,52.3466931961288,62.4848919731565,66.8746317653498,67.2955590543058,61.5013232698365,63.3832043816621,57.9316977386999,66.2058636852315,62.8558894798777,69.4688261798217,51.2295246305245,66.6114240797551,68.1028246538232,51.1035334628183,69.47140334299,47.0995638320722
60.2059995875358,66.8023842265069,66.892870723408,62.8928147178269,65.710687409192,61.2066003986266,68.7487669572883,60.4115786181829,55.3353440333084,56.1344109273863,67.6578857587846,46.6609934793636,64.8721719808317,50.4838820864551,63.2886785007871,52.3489251308221,62.4848919731565,66.8746317653498,67.2955590543058,61.5013232698365,63.3832043816621,57.9316977386999,66.2058636852315,62.8558894798777,69.4688261798217,51.2295246305245,66.6114240797551,68.1028246538232,51.1296134181933,69.47140334299,47.0995638320722
60.2059995875358,66.8023842265069,66.892870723408,62.8928147178269,65.710687409192,61.2066003986266,68.7487669572883,60.4115786181829,55.3353440333084,56.1344109273863,67.6578857587846,46.6609934793636,64.9568301328436,50.4838820864551,63.2886785007871,52.3489251308221,62.4867949769676,66.8746317653498,67.2955590543058,61.5013232698365,63.3832043816621,57.9316977386999,66.2058636852315,62.8558894798777,69.4688261798217,51.2295246305245,66.6114240797551,68.1028246538232,51.1296134181933,69.47140334299,47.0995638320722
60.2059995875358,66.8023842265069,66.892870723408,62.8928147178269,65.710687409192,61.2066003986266,68.7487669572883,60.4115786181829,55.3353440333084,56.1344109273863,67.6578857587846,46.6609934793636,64.9568301328436,50.4838820864551,63.2886785007871,52.3489251308221,62.4867949769676,66.8746317653498,67.2955590543058,61.5013232698365,63.3832043816621,57.9326427636517,66.2058636852315,62.8558894798777,69.4688261798217,51.2295246305245,66.6114240797551,68.1028246538232,51.1296134181933,69.47140334299,47.0995638320722
60.2059995875358,66.8023842265069,66.892870723408,62.8928147178269,65.710687409192,61.2066003986266,68.7487669572883,60.4115786181829,55.3353440333084,56.1344109273863,67.6578857587846,46.6609934793636,64.9568301328436,50.4838820864551,63.2886785007871,52.3489251308221,62.4867949769676,66.8746317653498,67.2955590543058,61.5013232698365,63.3832043816621,57.9326427636517,66.2058636852315,62.8558894798777,69.4688261798217,51.2295246305245,66.6114240797551,68.1239498126605,51.1296134181933,69.47140334299,47.1106134000137
60.2059995875358,66.8023842265069,66.892870723408,62.8928147178269,65.710687409192,61.2066003986266,68.7487669572883,60.4115786181829,55.3353440333084,56.1420070785067,67.6578857587846,46.7100295086495,64.9568301328436,50.4838820864551,63.2887256579249,52.3489251308221,62.4867949769676,66.8746317653498,67.2955590543058,61.5014658651762,63.3832843830548,57.9326427636517,66.2058636852315,62.8558894798777,69.4688261798217,51.2295246305245,66.6114240797551,68.1239498126605,51.1296134181933,69.47140334299,47.1106134000137
60.2059995875358,66.8067278678517,66.892870723408,62.9018698894492,65.710687409192,61.2066003986266,68.7487669572883,60.4115786181829,55.5531465639017,56.1420070785067,67.6578857587846,46.7100295086495,64.9568301328436,50.4838820864551,63.2887256579249,52.3489251308221,62.4867949769676,66.8746317653498,67.2955590543058,61.5014658651762,63.3832843830548,57.9326427636517,66.2058636852315,62.8558894798777,69.4688261798217,51.2295246305245,66.6114240797551,68.1239498126605,51.1296134181933,69.47140334299,47.1106134000137
60.2059995875358,66.8067278678517,66.892870723408,62.9018698894492,65.710687409192,61.2066003986266,68.7487669572883,60.4115786181829,55.5531465639017,56.1420070785067,67.6578857587846,46.7100295086495,64.9568301328436,50.4838820864551,63.2887546682165,52.3489251308221,62.4867949769676,66.8746317653498,67.311350228711,61.5014658651762,63.3832843830548,57.9326427636517,66.2058636852315,62.8558894798777,69.4688261798217,51.2295246305245,66.6114240797551,68.1239498126605,51.1296134181933,69.47140334299,47.1106134000137
60.2059995875358,66.8067278678517,66.8942057100491,62.9018698894492,65.7314143331628,61.2066003986266,68.7487669572883,60.4115786181829,55.5531465639017,56.1420070785067,67.6578857587846,46.7100295086495,64.9568301328436,50.4838820864551,63.2887546682165,52.3489251308221,62.4867949769676,66.8746317653498,67.311350228711,61.5014658651762,63.3832843830548,57.9339111725564,66.2058636852315,62.8561545832343,69.4688261798217,51.2295246305245,66.6114240797551,68.1239498126605,51.1319326600596,69.47140334299,47.1106134000137
60.2059995875358,66.8067278678517,66.8942057100491,62.9018698894492,65.7314143331628,61.2066003986266,68.7487669572883,60.4115786181829,55.5531465639017,56.1420070785067,67.6578857587846,46.7100295086495,64.9568301328436,50.4838820864551,63.2887546682165,52.3489251308221,62.4867949769676,66.8746317653498,67.311350228711,61.5014658651762,63.3895642628369,57.9339111725564,66.2058636852315,62.8561545832343,69.4991166406266,51.2295246305245,66.6114240797551,68.1239498126605,51.1319326600596,69.47140334299,47.1106134000137
60.2059995875358,66.8068961298711,66.8942057100491,62.9018698894492,65.7314143331628,61.2066003986266,68.7487669572883,60.4115786181829,55.5531465639017,56.1420070785067,67.6578857587846,46.7100295086495,64.9568301328436,50.4838820864551,63.2887546682165,52.3489251308221,62.4867949769676,66.8746317653498,67.311350228711,61.5014658651762,63.3895642628369,57.9339111725564,66.2058636852315,62.8561545832343,69.4991166406266,51.2295246305245,66.6114240797551,68.1239498126605,51.1319326600596,69.47140334299,47.1106134000137
60.2059995875358,66.8068961298711,66.8942057100491,62.9018698894492,65.7314143331628,61.2066003986266,68.7487669572883,61.0868896836866,55.5531465639017,56.1420070785067,67.8834016696562,46.7100295086495,64.9568301328436,50.4847107759512,63.2887546682165,52.3489251308221,62.4867949769676,66.8746317653498,67.311350228711,61.5014658651762,63.3895642628369,57.9339111725564,66.2058636852315,62.8561545832343,69.4991166406266,51.2295246305245,66.6114240797551,68.1320742968603,51.1319326600596,69.47140334299,47.1106134000137
60.2059995875358,66.8068961298711,66.8942057100491,62.9077399693934,65.7314143331628,61.2066003986266,68.7487669572883,61.0868896836866,55.694251735295,56.1420070785067,67.8834016696562,46.7100295086495,64.9568301328436,50.4847107759512,63.2887546682165,52.3489251308221,62.4867949769676,66.8746317653498,67.311350228711,61.5014658651762,63.3895642628369,57.9339111725564,66.2080426900281,62.8561545832343,69.4991166406266,51.2295246305245,66.6114240797551,68.1422538144245,51.1319326600596,69.47140334299,47.1106134000137
60.2059995875358,66.8068961298711,66.8942057100491,62.9077399693934,65.7314143331628,61.2066003986266,68.7487669572883,61.0868896836866,55.694251735295,56.1420070785067,67.8834016696562,46.7100295086495,64.9568301328436,50.4847107759512,63.2887546682165,52.3489251308221,62.4867949769676,66.8746317653498,67.311350228711,61.5014658651762,63.3895642628369,57.9339111725564,66.2080426900281,62.8566678865674,69.4991166406266,51.2295246305245,66.6114240797551,68.1422538144245,51.1319326600596,69.47140334299,47.1106134000137
60.2059995875358,66.8101737915123,66.8942057100491,62.9077399693934,65.7314143331628,61.2066003986266,68.7487669572883,61.0868896836866,55.694251735295,56.1420070785067,67.8834016696562,46.7100295086495,64.9568301328436,50.4847107759512,63.2887546682165,52.3489251308221,62.4904641847538,66.8746317653498,67.3167380916984,61.5014658651762,63.3895642628369,57.9339111725564,66.2080426900281,62.8566678865674,69.4991166406266,51.2295246305245,66.6114240797551,68.1422538144245,51.1319326600596,69.47140334299,47.1106134000137
60.2059995875358,66.8101737915123,66.8942057100491,62.9077399693934,65.7314143331628,61.2066003986266,68.7487669572883,61.0868896836866,55.694251735295,56.1420070785067,67.8834016696562,46.7100295086495,64.9568301328436,50.4847107759512,63.2887546682165,52.3489251308221,62.4904641847538,66.8746317653498,67.3167380916984,61.5026747344083,63.3895642628369,57.9339111725564,66.2080426900281,62.8566678865674,69.4991166406266,51.2295246305245,66.6114240797551,68.1422538144245,51.1319326600596,69.47140334299,47.1106134000137
60.2059995875358,66.8101737915123,66.8942057100491,62.9077399693934,65.75602844193,61.2066003986266,68.7487669572883,61.0868896836866,55.694251735295,56.1420070785067,67.8834016696562,46.7100295086495,64.9568301328436,50.4847107759512,63.2887546682165,52.3513543486225,62.4904641847538,66.8746317653498,67.3167380916984,61.5026747344083,63.3895642628369,57.9339111725564,66.2080426900281,62.8566678865674,69.4991166406266,51.2295246305245,66.6114240797551,68.1422538144245,51.1319326600596,69.47140334299,47.1106134000137
60.2059995875358,66.8101737915123,66.9014723015723,62.9178952507657,65.7562737661214,61.2320513776053,68.7487669572883,61.0868896836866,55.694251735295,56.1548392234399,67.8834016696562,46.7100295086495,65.0075317371551,50.4847107759512,63.2887660693159,52.3513543486225,62.4904641847538,66.8746317653498,67.3167380916984,61.5026747344083,63.3895642628369,57.9339111725564,66.2080426900281,62.8566678865674,69.4991166406266,51.2295246305245,66.6114240797551,68.1422538144245,51.1319326600596,69.5409085453905,47.1321165886809
60.2059995875358,66.8101737915123,66.9014723015723,62.9182556870468,65.7562737661214,61.2320513776053,68.7487669572883,61.0868896836866,55.694251735295,56.1548392234399,67.8834016696562,46.7100295086495,65.0075317371551,50.4867945143,63.2887660693159,52.3513543486225,62.4904641847538,66.8746317653498,67.3167380916984,61.5026747344083,63.3895642628369,57.9339111725564,66.2080426900281,62.8566678865674,69.4991166406266,51.2295246305245,66.6114240797551,68.1592947459527,51.1319326600596,69.5409085453905,47.1321165886809
60.2059995875358,66.8101737915123,66.9014723015723,62.9182556870468,65.7562737661214,61.2320513776053,68.7487669572883,61.0868896836866,55.694251735295,56.1548392234399,67.8834016696562,46.7100295086495,65.0075317371551,50.4867945143,63.2887777523464,52.3513543486225,62.4911688299194,66.8746317653498,67.3167380916984,61.5026747344083,63.3903103486204,57.9339111725564,66.2080426900281,62.8566678865674,69.5083822677315,51.2295246305245,66.6114240797551,68.1592947459527,51.1319326600596,69.5409085453905,47.1321165886809
60.2059995875358,66.8101737915123,66.9014723015723,62.9182556870468,65.7562737661214,61.2320513776053,68.7487669572883,61.0868896836866,55.7637711681926,56.1548392234399,67.8834016696562,46.7100295086495,65.0075317371551,50.4867945143,63.2887777523464,52.3513543486225,62.4911688299194,66.8746317653498,67.3218176991676,61.5026747344083,63.3903103486204,57.9339111725564,66.2080426900281,62.8566678865674,69.5083822677315,51.2295246305245,66.6114240797551,68.1592947459527,51.135460794814,69.5409085453905,47.1321165886809
60.2059995875358,66.8106181846018,66.9014723015723,62.9182556870468,65.7562737661214,61.2320513776053,68.7487669572883,61.0868896836866,55.7637711681926,56.1548392234399,67.8834016696562,46.7100295086495,65.0075317371551,50.4867945143,63.2887858893882,52.3522113795985,62.4911688299194,66.8746317653498,67.3218176991676,61.5026747344083,63.3903103486204,57.9339111725564,66.2080426900281,62.8566678865674,69.5083822677315,51.2297631310318,66.6114240797551,68.1592947459527,51.135460794814,69.5409085453905,47.1321165886809
60.2059995875358,66.8106181846018,66.9014723015723,62.9182556870468,65.7562737661214,61.2320513776053,68.7487669572883,61.0868896836866,55.7637711681926,56.1548392234399,67.8834016696562,46.7100295086495,65.0075317371551,50.4867945143,63.2887858893882,52.3522113795985,62.4911688299194,66.8746317653498,67.3218176991676,61.5026747344083,63.3903103486204,57.9355663096218,66.2080426900281,62.8566678865674,69.5083822677315,51.2299215158133,66.6114240797551,68.1592947459527,51.135460794814,69.5409085453905,47.1321165886809
60.2059995875358,66.8106181846018,66.9014723015723,62.9195385343255,65.7562737661214,61.2320513776053,68.7487669572883,61.3354878582691,55.7637711681926,56.1654973546055,67.8834016696562,46.7100295086495,65.0075317371551,50.4867945143,63.2888036228226,52.3522113795985,62.4911688299194,66.8746317653498,67.3218176991676,61.5026747344083,63.3903103486204,57.9355663096218,66.2080426900281,62.8566678865674,69.5083822677315,51.2299215158133,66.6114240797551,68.1592947459527,51.135460794814,69.5409085453905,47.1321165886809
60.2059995875358,66.8106181846018,66.9015494482491,62.9416098815771,65.7573231191607,61.2320513776053,68.7496647138973,61.3354878582691,55.7637711681926,56.1654973546055,67.8834016696562,46.7100295086495,65.0075317371551,50.4867945143,63.2888036228226,52.3522113795985,62.4911688299194,66.8746317653498,67.3218176991676,61.5026747344083,63.39112563834,57.9355663096218,66.2080426900281,62.8566678865674,69.5083822677315,51.2299215158133,66.6114240797551,68.1592947459527,51.135460794814,69.5409085453905,47.1321165886809
60.2059995875358,66.8106181846018,66.9015494482491,62.9416098815771,65.7573231191607,61.2320513776053,68.7496647138973,61.3354878582691,55.7637711681926,56.1654973546055,67.8834016696562,46.7100295086495,65.0075317371551,50.4926823776192,63.2888036228226,52.3526291929755,62.492927984277,66.8746317653498,67.3218176991676,61.5026747344083,63.39112563834,57.9355663096218,66.2080426900281,62.8566678865674,69.5083822677315,51.2299215158133,66.6199189321714,68.1592947459527,51.135460794814,69.5409085453905,47.1321165886809
60.2059995875358,66.8106181846018,66.9015494482491,62.9416098815771,65.7573231191607,61.2320513776053,68.7496647138973,61.3354878582691,55.7637711681926,56.1654973546055,67.8834016696562,46.7100295086495,65.1937403637469,50.4926823776192,63.2888036228226,52.3537433611515,62.492927984277,66.8746317653498,67.3218176991676,61.5026747344083,63.39112563834,57.9355663096218,66.2080426900281,62.8566678865674,69.5083822677315,51.2316430376468,66.6199189321714,68.1592947459527,51.135460794814,69.5409085453905,47.1321165886809
60.235405115847,66.8138567588369,66.9015494482491,62.9416098815771,65.7573231191607,61.2320513776053,68.7496647138973,61.3354878582691,55.7637711681926,56.1654973546055,67.8834016696562,46.7100295086495,65.1937403637469,50.4926823776192,63.2888036228226,52.3537433611515,62.492927984277,66.8746317653498,67.3218176991676,61.5026747344083,63.39112563834,57.9355663096218,66.2122749622748,62.8566678865674,69.5083822677315,51.2328658602988,66.6199189321714,68.1592947459527,51.135460794814,69.5409085453905,47.1321165886809
60.235405115847,66.8138567588369,66.9015494482491,62.9416098815771,65.7573231191607,61.2320513776053,68.7496647138973,61.3354878582691,55.7637711681926,56.1792841961854,67.8834016696562,46.7100295086495,65.1937403637469,50.4926823776192,63.28881054568,52.3537433611515,62.492927984277,66.8746317653498,67.3218176991676,61.5026747344083,63.3917042391571,57.9355663096218,66.2122749622748,62.8566678865674,69.5083822677315,51.2328658602988,66.6199189321714,68.1592947459527,51.135460794814,69.5409085453905,47.1321165886809
60.235405115847,66.8138567588369,66.9015494482491,62.9416098815771,65.7573231191607,61.2320513776053,68.7497337513655,61.3354878582691,55.7637711681926,56.1792841961854,67.8834016696562,46.7100295086495,65.1937403637469,50.4926823776192,63.28881054568,52.3537433611515,62.492927984277,66.8746317653498,67.3218176991676,61.5026747344083,63.3917042391571,57.9355663096218,66.2122749622748,62.856688960913,69.5083822677315,51.2328658602988,66.6199189321714,68.1592947459527,51.135460794814,69.5409085453905,47.1321165886809
60.235405115847,66.8138567588369,66.9015494482491,62.9416098815771,65.7573231191607,61.2320513776053,68.7497337513655,61.3354878582691,55.7637711681926,56.1792841961854,67.8834016696562,46.7100295086495,65.1937403637469,50.4926823776192,63.28881054568,52.3537433611515,62.492927984277,66.8746317653498,67.3218176991676,61.5026747344083,63.3917042391571,57.9355663096218,66.2122749622748,62.856688960913,69.5083822677315,51.2328658602988,66.6199189321714,68.1592947459527,51.135460794814,69.5409085453905,47.1321165886809
60.235405115847,66.8138567588369,66.9015494482491,62.9416098815771,65.7573231191607,61.2320513776053,68.7497337513655,61.3354878582691,55.7637711681926,56.1792841961854,67.8834016696562,46.7100295086495,65.1937403637469,50.4926823776192,63.28881054568,52.3537433611515,62.492927984277,66.8746317653498,67.3218176991676,61.5026747344083,63.3917042391571,57.9355663096218,66.2122749622748,62.856688960913,69.5083822677315,51.2328658602988,66.6199189321714,68.1592947459527,51.135460794814,69.5409085453905,47.1503432063139
60.235405115847,66.8138567588369,66.9093509733353,62.9416098815771,65.7992319986037,61.2320513776053,68.7497337513655,61.3354878582691,55.7637711681926,56.1792841961854,67.8834016696562,46.7100295086495,65.1937403637469,50.4926823776192,63.2888255472409,52.3537433611515,62.492927984277,66.8746317653498,67.3218176991676,61.5026747344083,63.3917042391571,57.9355663096218,66.2122749622748,62.856688960913,69.5083822677315,51.2328658602988,66.6199189321714,68.1592947459527,51.135460794814,69.5409085453905,47.1503432063139
60.235405115847,66.8138567588369,66.9093509733353,62.9416098815771,65.82759627419,61.2320513776053,68.7497337513655,61.3354878582691,55.7637711681926,56.1792841961854,67.8834016696562,46.7100295086495,65.1937403637469,50.4926823776192,63.2888255472409,52.354773355821,62.492927984277,66.8746317653498,67.3218176991676,61.5026747344083,63.3923401810377,57.9355663096218,66.2122749622748,62.856688960913,69.5083822677315,51.2328658602988,66.6199189321714,68.1592947459527,51.135460794814,69.5409085453905,47.1503432063139
60.2463318520018,66.8155105539972,66.9093509733353,62.9416098815771,65.82759627419,61.2324152586462,68.7497337513655,61.3354878582691,55.8664168141629,56.1792841961854,67.8834016696562,46.7100295086495,65.1937403637469,50.4926823776192,63.2888255472409,52.354773355821,62.492927984277,66.8746317653498,67.3218176991676,61.5026747344083,63.3923401810377,57.9355663096218,66.2173284932826,62.856688960913,69.5083822677315,51.2328658602988,66.6199189321714,68.1592947459527,51.135460794814,69.5409085453905,47.1503432063139
60.2463318520018,66.8155105539972,66.9093509733353,62.9673912252917,65.82759627419,61.2324152586462,68.7511766746154,62.4105399262243,55.9634750844825,56.1792841961854,68.1523251758849,46.7100295086495,65.1937403637469,50.4926823776192,63.2888255472409,52.354773355821,62.492927984277,66.8915802591215,67.3218176991676,61.5026747344083,63.3923401810377,57.9355663096218,66.2173284932826,62.8568733686031,69.5083822677315,51.2329967688732,66.6199189321714,68.1592947459527,51.135460794814,69.5409085453905,47.1503432063139
60.2463318520018,66.8155105539972,66.9093509733353,62.9673912252917,65.82759627419,61.2324152586462,68.7511766746154,62.4105399262243,55.9634750844825,56.1792841961854,68.2285599254188,46.7100295086495,65.1937403637469,50.4926823776192,63.2888255472409,52.354773355821,62.4933362762643,66.8915802591215,67.3218176991676,61.5026747344083,63.3923401810377,57.9355663096218,66.2173284932826,62.8568733686031,69.5083822677315,51.2329967688732,66.6199189321714,68.1592947459527,51.135460794814,69.5409085453905,47.1503432063139
60.2463318520018,66.8155105539972,66.9093509733353,62.9673912252917,65.8400491106501,61.2324152586462,68.7511766746154,62.4105399262243,55.9634750844825,56.1792841961854,68.2285599254188,46.7100295086495,65.1937403637469,50.4926823776192,63.2888291942613,52.354773355821,62.4933362762643,66.8915802591215,67.3218176991676,61.5030355905477,63.3923401810377,57.9355663096218,66.2173284932826,62.8568733686031,69.5083822677315,51.2329967688732,66.6199189321714,68.1592947459527,51.135460794814,69.5578969627928,47.1503432063139
60.2463318520018,66.8155105539972,66.9093509733353,62.9673912252917,65.8400491106501,61.2324152586462,68.7511766746154,62.4105399262243,55.9634750844825,56.1794712291303,68.2285599254188,46.7100295086495,65.1937403637469,50.4926823776192,63.2888291942613,52.354773355821,62.4933362762643,66.8915802591215,67.3218176991676,61.5030355905477,63.3929120468774,57.9355663096218,66.2173284932826,62.8568733686031,69.5083822677315,51.2329967688732,66.6199189321714,68.1592947459527,51.135460794814,69.5578969627928,47.1503432063139
60.2463318520018,66.8155105539972,66.9093509733353,62.9673912252917,65.8400491106501,61.2324152586462,68.7511766746154,62.4105399262243,55.9634750844825,56.1794712291303,68.2285599254188,46.7100295086495,65.1937403637469,50.4926823776192,63.2888291942613,52.354773355821,62.4933362762643,66.8915802591215,67.3218176991676,61.5030355905477,63.3929120468774,57.9355663096218,66.2173284932826,62.8568733686031,69.5083822677315,51.2329967688732,66.6199189321714,68.1592947459527,51.135460794814,69.5578969627928,47.1503432063139
60.2463318520018,66.815755012837,66.9093509733353,62.9673912252917,65.8400491106501,61.2324152586462,68.7511766746154,62.4105399262243,55.9634750844825,56.1794712291303,68.2285599254188,46.7100295086495,65.1937403637469,50.4926823776192,63.2888291942613,52.354773355821,62.4933362762643,66.8915802591215,67.3218176991676,61.5030355905477,63.3929120468774,57.9355663096218,66.2173284932826,62.8568733686031,69.5083822677315,51.2334290928289,66.6320872063709,68.1592947459527,51.135460794814,69.5578969627928,47.1503432063139
60.2463318520018,66.815755012837,66.9093509733353,62.9701013524101,65.8400491106501,61.2324152586462,68.7511766746154,62.4105399262243,55.9634750844825,56.1794712291303,68.2285599254188,46.7100295086495,65.1937403637469,50.4926823776192,63.2888291942613,52.3553630517076,62.4933928450868,66.8915802591215,67.3218176991676,61.5030355905477,63.3929120468774,57.9355663096218,66.2173284932826,62.8568733686031,69.5083822677315,51.2334290928289,66.6320872063709,68.1592947459527,51.135460794814,69.5578969627928,47.1503432063139
60.2463318520018,66.815755012837,66.9093509733353,62.9701013524101,65.8400491106501,61.2324152586462,68.7511766746154,62.4105399262243,55.9634750844825,56.1794712291303,68.2285599254188,46.7100295086495,65.1937403637469,50.4926823776192,63.2888291942613,52.355909296512,62.4933928450868,66.8915802591215,67.3218176991676,61.5036552076916,63.3943479987387,57.9355663096218,66.2173284932826,62.8568733686031,69.5083822677315,51.2334290928289,66.6320872063709,68.1592947459527,51.135460794814,69.5578969627928,47.1503432063139
60.2463318520018,66.815755012837,66.9093509733353,62.9701013524101,65.8400491106501,61.2324152586462,68.7511766746154,62.4105399262243,55.9634750844825,56.1794712291303,68.2285599254188,46.7100295086495,65.1937403637469,50.4961830489382,63.2888291942613,52.355909296512,62.4933928450868,66.8915802591215,67.3218176991676,61.5036552076916,63.3943479987387,57.9355663096218,66.2173284932826,62.8568733686031,69.5083822677315,51.2334290928289,66.6320872063709,68.1592947459527,51.135460794814,69.5578969627928,47.1503432063139
60.2463318520018,66.815755012837,66.9093509733353,62.9701013524101,65.8400491106501,61.2324152586462,68.7511766746154,62.4105399262243,55.9634750844825,56.1794712291303,68.2285599254188,46.7100295086495,65.1937403637469,50.4961830489382,63.2888291942613,52.355909296512,62.4933928450868,66.8915802591215,67.3218176991676,61.5036552076916,63.3943479987387,57.9355663096218,66.2173284932826,62.8568733686031,69.5083822677315,51.2334290928289,66.6320872063709,68.1592947459527,51.135460794814,69.5578969627928,47.1503432063139
60.2463318520018,66.815755012837,66.9093509733353,62.9701013524101,65.8400491106501,61.2600806319465,68.7511766746154,62.4105399262243,55.9634750844825,56.1794712291303,68.2285599254188,46.7100295086495,65.1937403637469,50.4961830489382,63.2888291942613,52.355909296512,62.4933928450868,66.8915802591215,67.3218176991676,61.5036552076916,63.3943479987387,57.9355663096218,66.2173284932826,62.8568733686031,69.5342745525638,51.2334290928289,66.6320872063709,68.1592947459527,51.135460794814,69.5578969627928,47.1503432063139
60.2463318520018,66.815755012837,66.9093509733353,62.9803366942446,65.8400491106501,61.2600806319465,68.7512632573322,62.4105399262243,55.9634750844825,56.1794712291303,68.2285599254188,46.7100295086495,65.1937403637469,50.4961830489382,63.2888300669319,52.355909296512,62.4935465977567,66.9160704800855,67.3218176991676,61.5036552076916,63.3943479987387,57.9355663096218,66.2173284932826,62.8570225847302,69.5342745525638,51.2334290928289,66.6320872063709,68.1592947459527,51.135460794814,69.5578969627928,47.1503432063139
60.2463318520018,66.815755012837,66.9093509733353,62.9803366942446,65.8400491106501,61.2600806319465,68.7512632573322,62.4105399262243,55.9634750844825,56.1794712291303,68.2285599254188,46.7100295086495,65.1937403637469,50.4961830489382,63.2888300669319,52.355909296512,62.4937263027756,66.9160704800855,67.3218176991676,61.5036552076916,63.3943479987387,57.935582662065,66.2173284932826,62.8570225847302,69.5342745525638,51.2334290928289,66.6320872063709,68.1605685951979,51.135460794814,69.5578969627928,47.1503432063139
60.2463318520018,66.815755012837,66.9093509733353,62.9803366942446,65.8400491106501,61.2600806319465,68.7512632573322,62.4105399262243,55.9634750844825,56.1804593186061,68.2285599254188,46.7100295086495,65.1937403637469,50.4961830489382,63.2888300669319,52.355909296512,62.4937263027756,66.9160704800855,67.3218176991676,61.5049435141658,63.3943479987387,57.935582662065,66.2173284932826,62.8570225847302,69.5342745525638,51.2338584438484,66.6320872063709,68.1605685951979,51.135460794814,69.5578969627928,47.1503432063139
60.2463318520018,66.815755012837,66.9093509733353,62.9803366942446,65.8400491106501,61.2600806319465,68.7512632573322,62.4105399262243,55.9634750844825,56.1804593186061,68.2285599254188,46.7100295086495,65.1937403637469,50.4961830489382,63.2888300669319,52.355909296512,62.4937263027756,66.9160704800855,67.3218176991676,61.5049435141658,63.3943479987387,57.935582662065,66.2173284932826,62.8570225847302,69.5342745525638,51.2338584438484,66.6320872063709,68.1605685951979,51.135460794814,69.5779729267307,47.1503432063139
60.2463318520018,66.815755012837,66.9093509733353,62.9803366942446,65.8400491106501,61.2600806319465,68.7512632573322,62.4105399262243,55.9634750844825,56.1804593186061,68.2285599254188,46.7100295086495,65.1937403637469,50.4961830489382,63.2888300669319,52.356363746559,62.4937263027756,66.9160704800855,67.3218176991676,61.5049435141658,63.3943479987387,57.935582662065,66.2173284932826,62.8570225847302,69.5342745525638,51.2338584438484,66.6320872063709,68.1605685951979,51.135460794814,69.5779729267307,47.1503432063139
60.2463318520018,66.815755012837,66.9093509733353,62.9803366942446,65.8400491106501,61.2600806319465,68.7514071728423,62.4105399262243,55.9634750844825,56.1804593186061,68.2285599254188,46.7100295086495,65.1937403637469,50.4961830489382,63.2888300669319,52.356363746559,62.4937263027756,66.9160704800855,67.3218176991676,61.5049435141658,63.3943479987387,57.935582662065,66.2173284932826,62.8570225847302,69.5342745525638,51.2338584438484,66.6320872063709,68.1605685951979,51.135460794814,69.5779729267307,47.1503432063139
60.2463318520018,66.815755012837,66.9093509733353,62.9803366942446,65.8409677133519,61.2600806319465,68.7514071728423,62.4105399262243,55.9634750844825,56.1804593186061,68.2285599254188,46.7100295086495,65.1937403637469,50.4961830489382,63.2888300669319,52.356363746559,62.4944741264622,66.9160704800855,67.3218176991676,61.5049435141658,63.3943479987387,57.9363019710011,66.2173284932826,62.8571132734246,69.5342745525638,51.2338584438484,66.6320872063709,68.1605685951979,51.135460794814,69.5779729267307,47.1503432063139
60.2463318520018,66.8186468930835,66.9093509733353,62.9803366942446,65.8409677133519,61.2600806319465,68.7514071728423,62.4105399262243,55.9634750844825,56.1804593186061,68.2285599254188,46.7100295086495,65.1937403637469,50.4961830489382,63.2888300669319,52.356363746559,62.4944741264622,66.9160704800855,67.3218176991676,61.5049435141658,63.3943479987387,57.9363019710011,66.2173284932826,62.8571132734246,69.5342745525638,51.2338584438484,66.6320872063709,68.1605685951979,51.135460794814,69.5779729267307,47.1503432063139
60.2463318520018,66.8186468930835,66.9093509733353,62.9803366942446,65.8409677133519,61.2600806319465,68.7514071728423,62.4105399262243,55.9634750844825,56.1804593186061,68.2285599254188,46.7100295086495,65.1937403637469,50.4961830489382,63.2888305807447,52.356363746559,62.4944741264622,66.9160704800855,67.3218176991676,61.5049435141658,63.3943479987387,57.9363019710011,66.2173284932826,62.8571132734246,69.5342745525638,51.2338584438484,66.6320872063709,68.1634729619623,51.135460794814,69.5779729267307,47.1503432063139
60.2463318520018,66.8186468930835,66.9093509733353,62.9803366942446,65.8409677133519,61.2756111258538,68.7514071728423,62.4105399262243,55.9634750844825,56.1804593186061,68.2285599254188,46.7100295086495,65.1937403637469,50.4983869560079,63.2888305807447,52.356363746559,62.4944741264622,66.9160704800855,67.3218176991676,61.5049435141658,63.3943479987387,57.9363019710011,66.2173284932826,62.8571132734246,69.5342745525638,51.2338584438484,66.6360457819583,68.1634729619623,51.135460794814,69.5779729267307,47.1503432063139
60.2463318520018,66.8186468930835,66.9093509733353,62.9803366942446,65.8409677133519,61.2756111258538,68.7514071728423,62.4105399262243,55.9634750844825,56.1804593186061,68.2285599254188,46.7100295086495,65.1937403637469,50.4983869560079,63.2888312153479,52.356363746559,62.4944741264622,66.9350633499838,67.3218176991676,61.5049435141658,63.3943479987387,57.936709760939,66.2173284932826,62.8571132734246,69.5342745525638,51.2338584438484,66.6360457819583,68.1634729619623,51.135460794814,69.5779729267307,47.1503432063139
60.2463318520018,66.8186468930835,66.9093509733353,62.9803366942446,65.8702549569072,61.2756111258538,68.7514071728423,62.4105399262243,55.9634750844825,56.1804593186061,68.2285599254188,46.7100295086495,65.1937403637469,50.4983869560079,63.2888312153479,52.356363746559,62.4946334114023,66.9350633499838,67.3218176991676,61.5053000498265,63.3943479987387,57.936709760939,66.2173284932826,62.8571132734246,69.5342745525638,51.2338584438484,66.6360457819583,68.1634729619623,51.135460794814,69.5779729267307,47.1503432063139
60.2463318520018,66.8186468930835,66.9093509733353,62.9870222014922,65.8702549569072,61.2756111258538,68.7514071728423,62.4105399262243,55.9634750844825,56.1804593186061,68.2285599254188,46.7100295086495,65.1937403637469,50.4983869560079,63.2888316454016,52.356363746559,62.4946334114023,66.9350633499838,67.3218176991676,61.5053000498265,63.3943479987387,57.936709760939,66.2173284932826,62.8576632467921,69.5342745525638,51.2338584438484,66.6360457819583,68.1634729619623,51.135460794814,69.5779729267307,47.1733336904913
60.2463318520018,66.8186468930835,66.9093509733353,62.9870222014922,65.8702549569072,61.2756111258538,68.7514071728423,62.6267204167694,55.9634750844825,56.1804593186061,68.2285599254188,46.7100295086495,65.1937403637469,50.4983869560079,63.2888316454016,52.356363746559,62.4946334114023,66.9350633499838,67.3218176991676,61.5053000498265,63.3943479987387,57.936709760939,66.2173284932826,62.8576632467921,69.5342745525638,51.2338584438484,66.6360457819583,68.1634729619623,51.135460794814,69.5779729267307,47.1733336904913
60.2463318520018,66.8186468930835,66.9093509733353,62.9870222014922,65.8702549569072,61.2756111258538,68.7514320979025,62.6267204167694,55.9634750844825,56.1814992004483,68.2285599254188,46.7100295086495,65.1937403637469,50.4983869560079,63.2888319842686,52.356363746559,62.4946334114023,66.9350633499838,67.3218176991676,61.5053000498265,63.3943479987387,57.936709760939,66.2173284932826,62.8576632467921,69.5342745525638,51.2338584438484,66.6360457819583,68.1634729619623,51.135460794814,69.5779729267307,47.1733336904913
60.2463318520018,66.8186468930835,66.9093509733353,62.9870222014922,65.8795518733314,61.2756111258538,68.7514320979025,62.6267204167694,55.9634750844825,56.1814992004483,68.2285599254188,46.7165639810481,65.1937403637469,50.4983869560079,63.2888319842686,52.356363746559,62.4946334114023,66.9350633499838,67.3218176991676,61.5054502730105,63.3943479987387,57.936709760939,66.2173284932826,62.8576632467921,69.5342745525638,51.2339860759808,66.6360457819583,68.1634729619623,51.135460794814,69.5864095953904,47.1733336904913
60.2479766288432,66.8186468930835,66.9093509733353,62.9870222014922,65.8795518733314,61.2756111258538,68.7514320979025,62.6267204167694,55.9634750844825,56.1814992004483,68.2285599254188,46.7165639810481,65.1937403637469,50.4983869560079,63.2888327004199,52.356363746559,62.4946334114023,66.9350633499838,67.3218176991676,61.5061018237337,63.3943479987387,57.936709760939,66.2173284932826,62.8576632467921,69.5342745525638,51.2339860759808,66.6360457819583,68.1634729619623,51.135460794814,69.5864095953904,47.1733336904913
60.2479766288432,66.8186468930835,66.9093509733353,62.9870222014922,65.8795518733314,61.2756111258538,68.7514320979025,62.6267204167694,55.9634750844825,56.1814992004483,68.2285599254188,46.7165639810481,65.1937403637469,50.4983869560079,63.2888334584158,52.356363746559,62.4950260319319,66.9350633499838,67.3218176991676,61.5061018237337,63.3943479987387,57.936709760939,66.2173284932826,62.8576632467921,69.5342745525638,51.2339860759808,66.6360457819583,68.1634729619623,51.1449677452575,69.5864095953904,47.1733336904913
60.2479766288432,66.8186468930835,66.912566504401,62.9870222014922,65.8795518733314,61.2756111258538,68.7514320979025,62.6267204167694,55.9634750844825,56.1814992004483,68.2285599254188,46.7165639810481,65.1937403637469,50.4983869560079,63.2888334584158,52.356363746559,62.4950260319319,66.9350633499838,67.3218176991676,61.5061018237337,63.3943479987387,57.936709760939,66.2173284932826,62.8576632467921,69.5342745525638,51.2339860759808,66.6360457819583,68.1634729619623,51.1449677452575,69.5864095953904,47.1733336904913
60.2479766288432,66.8186468930835,66.912566504401,62.9870222014922,65.8795518733314,61.2756111258538,68.7514320979025,62.6267204167694,55.9634750844825,56.1814992004483,68.2285599254188,46.7165639810481,65.1937403637469,50.4983869560079,63.2888353124872,52.3577578237913,62.4950260319319,66.9350633499838,67.3218176991676,61.5061018237337,63.3943479987387,57.936709760939,66.2173284932826,62.8576632467921,69.5342745525638,51.2339860759808,66.6360457819583,68.1634729619623,51.1449677452575,69.5864095953904,47.1733336904913
60.2479766288432,66.8186468930835,66.912566504401,62.9870222014922,65.8858793387698,61.2756111258538,68.7514320979025,62.6267204167694,55.9634750844825,56.1814992004483,68.2285599254188,46.7165639810481,65.1937403637469,50.4983869560079,63.2888353124872,52.3577578237913,62.4950260319319,66.9350633499838,67.3218176991676,61.5061018237337,63.3943479987387,57.936709760939,66.2173284932826,62.8576632467921,69.5342745525638,51.2340600975173,66.6360457819583,68.1634729619623,51.1449677452575,69.5864095953904,47.1733336904913
60.2479766288432,66.8186468930835,66.912566504401,62.9870222014922,65.8858793387698,61.2756111258538,68.7514320979025,62.6267204167694,55.9634750844825,56.1814992004483,68.2285599254188,46.7165639810481,65.1937403637469,50.4983869560079,63.2888356104904,52.3577578237913,62.4950260319319,66.9350633499838,67.3218176991676,61.5061018237337,63.3943479987387,57.936709760939,66.2173284932826,62.8576632467921,69.5342745525638,51.2340600975173,66.6360457819583,68.1634729619623,51.1449677452575,69.5864095953904,47.1733336904913
60.2586418855084,66.8186468930835,66.912566504401,62.9870222014922,65.8858793387698,61.2756111258538,68.7514320979025,62.6267204167694,55.9634750844825,56.1814992004483,68.2285599254188,46.7165639810481,65.1937403637469,50.4983869560079,63.2888356104904,52.3577578237913,62.4950433906969,66.9350633499838,67.3218176991676,61.5061018237337,63.3943479987387,57.936709760939,66.218462188223,62.8576632467921,69.5342745525638,51.2340600975173,66.6360457819583,68.1634729619623,51.1449677452575,69.5864095953904,47.1733336904913
60.2586418855084,66.8186468930835,66.912566504401,62.9870222014922,65.8858793387698,61.2756111258538,68.7514320979025,62.6267204167694,55.9634750844825,56.1814992004483,68.2285599254188,46.7165639810481,65.1937403637469,50.4983869560079,63.2888356104904,52.3577578237913,62.4950433906969,66.9350633499838,67.3294763067033,61.5061018237337,63.3943479987387,57.936709760939,66.218462188223,62.8576632467921,69.5342745525638,51.2340600975173,66.6360457819583,68.1634729619623,51.1449677452575,69.5864095953904,47.1733336904913
60.2586418855084,66.8216424891329,66.912566504401,62.9882750229883,65.8858793387698,61.2756111258538,68.7514320979025,62.6267204167694,55.9634750844825,56.1814992004483,68.2285599254188,46.7165639810481,65.1937403637469,50.4983869560079,63.2888356104904,52.3577578237913,62.4950433906969,66.9350633499838,67.3294763067033,61.5061018237337,63.3943479987387,57.9367503914815,66.218462188223,62.8576632467921,69.5342745525638,51.2341359429949,66.6360457819583,68.1634729619623,51.1449677452575,69.5864095953904,47.1733336904913
60.2586418855084,66.8216424891329,66.912566504401,62.9882750229883,65.8858793387698,61.2756111258538,68.7515608178225,62.6267204167694,55.9634750844825,56.1814992004483,68.2285599254188,46.7165639810481,65.1937403637469,50.4983869560079,63.2888356104904,52.3582868826752,62.4950433906969,66.9350633499838,67.3294763067033,61.5061018237337,63.3944648192848,57.9369181101039,66.218462188223,62.8576632467921,69.5342745525638,51.2341359429949,66.6360457819583,68.1634729619623,51.1449677452575,69.5864095953904,47.1733336904913
60.2586418855084,66.8216424891329,66.912566504401,62.9882750229883,65.8974951300437,61.2756111258538,68.7515642435612,62.6267204167694,55.9634750844825,56.1814992004483,68.2285599254188,46.7165639810481,65.1937403637469,50.4983869560079,63.288836568016,52.3582868826752,62.4950433906969,66.9350633499838,67.3294763067033,61.5061018237337,63.3944648192848,57.9369181101039,66.218462188223,62.8576632467921,69.5342745525638,51.2341359429949,66.6360457819583,68.1634729619623,51.1449677452575,69.5864095953904,47.1733336904913
60.2586418855084,66.8216424891329,66.912566504401,62.9882750229883,65.8974951300437,61.2756111258538,68.7515642435612,62.6267204167694,56.000887720757,56.1814992004483,68.2285599254188,46.7165639810481,65.1937403637469,50.4983869560079,63.288836568016,52.3582868826752,62.4950433906969,66.9350633499838,67.3294763067033,61.5061018237337,63.3944648192848,57.9369181101039,66.218462188223,62.8576632467921,69.5342745525638,51.2341359429949,66.6360457819583,68.1634729619623,51.1449677452575,69.5864095953904,47.1733336904913
60.2586418855084,66.8216424891329,66.912566504401,62.9882750229883,65.8974951300437,61.2756111258538,68.7515642435612,62.6267204167694,56.000887720757,56.1814992004483,68.2285599254188,46.7165639810481,65.1937403637469,50.4983869560079,63.288836568016,52.3582868826752,62.4950433906969,66.9350633499838,67.3294763067033,61.5061018237337,63.3944648192848,57.9369181101039,66.218462188223,62.8576632467921,69.5342745525638,51.2346090951398,66.6360457819583,68.1634729619623,51.1449677452575,69.6181306498339,47.1733336904913
60.2586418855084,66.8216424891329,66.912566504401,62.9882750229883,65.8974951300437,61.2756111258538,68.7515642435612,62.6267204167694,56.000887720757,56.1814992004483,68.2285599254188,46.7165639810481,65.1937403637469,50.4986308880711,63.288836568016,52.3582868826752,62.4950433906969,66.9350633499838,67.3294763067033,61.5061018237337,63.3944648192848,57.9369220722585,66.218462188223,62.8576632467921,69.5563230234675,51.2346090951398,66.6360457819583,68.1634729619623,51.1449677452575,69.6181306498339,47.1733336904913
60.2586418855084,66.8216424891329,66.912566504401,62.9882750229883,65.8974951300437,61.2756111258538,68.7515642435612,62.6267204167694,56.000887720757,56.1828994354354,68.2285599254188,46.7202199856925,65.1937403637469,50.4986308880711,63.288836828876,52.3582868826752,62.4950433906969,66.9350633499838,67.3294763067033,61.5061018237337,63.3944648192848,57.9369220722585,66.218462188223,62.8576632467921,69.5563230234675,51.2346090951398,66.6360457819583,68.1634729619623,51.1449677452575,69.6181306498339,47.1733336904913
60.2586418855084,66.8216424891329,66.912566504401,62.9882750229883,65.9048023562476,61.2756111258538,68.7515642435612,62.6267204167694,56.000887720757,56.1835687932265,68.2285599254188,46.7202199856925,65.1937403637469,50.4986308880711,63.288836828876,52.3582868826752,62.4950433906969,66.9350633499838,67.3294763067033,61.5061018237337,63.3944648192848,57.9369220722585,66.227309423313,62.8576632467921,69.5563230234675,51.2346090951398,66.6360457819583,68.1634729619623,51.1449677452575,69.6181306498339,47.1733336904913
60.2586418855084,66.8216424891329,66.912566504401,62.9882750229883,65.9097273349526,61.2756111258538,68.7515642435612,62.6267204167694,56.032051931886,56.1835687932265,68.2285599254188,46.7202199856925,65.1937403637469,50.4986308880711,63.288836828876,52.3582868826752,62.4950433906969,66.9350633499838,67.3294763067033,61.5061018237337,63.3944648192848,57.9369220722585,66.227309423313,62.8578010519777,69.5563230234675,51.2346090951398,66.6360457819583,68.1634729619623,51.1449677452575,69.6181306498339,47.1733336904913
60.2586418855084,66.8216424891329,66.912566504401,62.9882750229883,65.9097273349526,61.2756111258538,68.7515642435612,62.6267204167694,56.0727161659752,56.1835687932265,68.2285599254188,46.7202199856925,65.1937403637469,50.4986308880711,63.2888372906847,52.3582868826752,62.4950433906969,66.9619016340392,67.3294763067033,61.5066742919334,63.3944648192848,57.9369220722585,66.227309423313,62.8578010519777,69.5563230234675,51.2346090951398,66.6360457819583,68.1634729619623,51.1449677452575,69.6181306498339,47.1733336904913
60.2586418855084,66.8216424891329,66.912566504401,62.9882750229883,65.9097273349526,61.2756111258538,68.7515642435612,62.6267204167694,56.0727161659752,56.1835687932265,68.2285599254188,46.7202199856925,65.1937403637469,50.4986308880711,63.2888372906847,52.3582868826752,62.4950433906969,66.9619016340392,67.3294763067033,61.5066742919334,63.3944648192848,57.9369220722585,66.227309423313,62.8578010519777,69.5563230234675,51.2346090951398,66.6360457819583,68.1634729619623,51.1494791381861,69.6181306498339,47.1733336904913
60.2586418855084,66.8216424891329,66.912566504401,62.9882750229883,65.9097273349526,61.2756111258538,68.7515642435612,62.6267204167694,56.0727161659752,56.1866624085506,68.2285599254188,46.7202199856925,65.1937403637469,50.4986308880711,63.2888372906847,52.3582868826752,62.4950433906969,66.9619016340392,67.3294763067033,61.5066742919334,63.3947283180346,57.9369220722585,66.227309423313,62.8578010519777,69.5563230234675,51.2346090951398,66.6360457819583,68.1634729619623,51.1494791381861,69.6181306498339,47.1733336904913
60.2586418855084,66.8216424891329,66.912566504401,62.9917502633312,65.9097273349526,61.2756111258538,68.7522207918377,62.6267204167694,56.0727161659752,56.1866624085506,68.2285599254188,46.7202199856925,65.1937403637469,50.4986308880711,63.2888372906847,52.3591009341419,62.4950433906969,66.9619016340392,67.3294763067033,61.5066742919334,63.3947283180346,57.9369220722585,66.227309423313,62.8578010519777,69.5563230234675,51.2346090951398,66.6360457819583,68.1634729619623,51.1494791381861,69.6181306498339,47.1733336904913
60.2586418855084,66.8216424891329,66.912566504401,62.9917502633312,65.9253142097824,61.2756111258538,68.7522207918377,62.6267204167694,56.0727161659752,56.1866624085506,68.2285599254188,46.7202199856925,65.1937403637469,50.4986308880711,63.2888372906847,52.3591009341419,62.4951436588755,66.9619016340392,67.3294763067033,61.5066742919334,63.3947283180346,57.9369220722585,66.227309423313,62.8578010519777,69.5563230234675,51.2346090951398,66.6360457819583,68.1634729619623,51.1494791381861,69.6181306498339,47.1733336904913
60.2586418855084,66.8216424891329,66.912566504401,62.9917502633312,65.9253142097824,61.2822560089503,68.7522207918377,62.6267204167694,56.0727161659752,56.1866624085506,68.2285599254188,46.7202199856925,65.1937403637469,50.4986308880711,63.2888374907672,52.3591009341419,62.4952198010257,66.9619016340392,67.3294763067033,61.5066742919334,63.3947283180346,57.9369220722585,66.227309423313,62.8578010519777,69.5563230234675,51.2347477304872,66.6360457819583,68.1634729619623,51.1494791381861,69.6181306498339,47.1733336904913
60.2586418855084,66.8216424891329,66.9178372152904,62.9917502633312,65.9253142097824,61.2822560089503,68.7522207918377,62.6267204167694,56.0727161659752,56.187199953638,68.2285599254188,46.7202199856925,65.1937403637469,50.4986308880711,63.2888374907672,52.3591009341419,62.4952198010257,66.9619016340392,67.3294763067033,61.5066742919334,63.3947283180346,57.9369220722585,66.2296207513671,62.8578010519777,69.5574545409252,51.2347477304872,66.6360457819583,68.1634729619623,51.1494791381861,69.6181306498339,47.1733336904913
60.2586418855084,66.8216424891329,66.9178372152904,62.9917502633312,65.9253142097824,61.2822560089503,68.7522207918377,62.6267204167694,56.0727161659752,56.187199953638,68.2285599254188,46.7202199856925,65.1937403637469,50.4986308880711,63.2888374907672,52.3591009341419,62.4952198010257,66.9619016340392,67.3294763067033,61.5066742919334,63.3948615682289,57.9369220722585,66.2334528767083,62.8578259820254,69.5574545409252,51.2347477304872,66.6360457819583,68.1634729619623,51.1494791381861,69.6181306498339,47.1733336904913
60.2586418855084,66.8216424891329,66.9178372152904,62.9917502633312,65.9253142097824,61.2822560089503,68.7522207918377,62.6267204167694,56.0727161659752,56.187199953638,68.2285599254188,46.7202199856925,65.1937403637469,50.4986308880711,63.2888374907672,52.3591009341419,62.4952198010257,66.9619016340392,67.3294763067033,61.5066742919334,63.3948615682289,57.9369220722585,66.2334528767083,62.8578259820254,69.5574545409252,51.2347477304872,66.6360457819583,68.1634729619623,51.1494791381861,69.6202380215869,47.1733336904913
60.2603255482799,66.8216424891329,66.9178372152904,62.9917502633312,65.9253142097824,61.2822560089503,68.7522207918377,62.6267204167694,56.0727161659752,56.187199953638,68.2285599254188,46.7202199856925,65.1937403637469,50.4986308880711,63.288837572567,52.3591009341419,62.4952198010257,66.9619016340392,67.3294763067033,61.5066742919334,63.3948615682289,57.9369220722585,66.2334528767083,62.8578259820254,69.5574545409252,51.2347477304872,66.6360457819583,68.1634729619623,51.1494791381861,69.6202380215869,47.1733336904913
60.2603255482799,66.8216967671898,66.9178372152904,62.9917502633312,65.9253142097824,61.2822560089503,68.7522207918377,62.6267204167694,56.0727161659752,56.187199953638,68.2285599254188,46.7202199856925,65.1937403637469,50.4986308880711,63.288837572567,52.3591009341419,62.4952198010257,66.9619016340392,67.3294763067033,61.5066742919334,63.3948615682289,57.9369220722585,66.2334528767083,62.8578259820254,69.5574545409252,51.2347477304872,66.6360457819583,68.1634729619623,51.1494791381861,69.6202380215869,47.1733336904913
60.2603255482799,66.8216967671898,66.9178372152904,62.9917502633312,65.9253142097824,61.2822560089503,68.7522207918377,62.6267204167694,56.0727161659752,56.187199953638,68.2285599254188,46.7202199856925,65.1937403637469,50.5024839884861,63.288837572567,52.3591009341419,62.4952198010257,66.9619016340392,67.3395111904462,61.5066742919334,63.3948615682289,57.9369220722585,66.2334528767083,62.8578259820254,69.5574545409252,51.2347477304872,66.6360457819583,68.1634729619623,51.1494791381861,69.6202380215869,47.1761027131226
60.2603255482799,66.8216967671898,66.9178372152904,62.9917502633312,65.9253142097824,61.2822560089503,68.7522207918377,62.6267204167694,56.0727161659752,56.187199953638,68.2285599254188,46.7202199856925,65.1937403637469,50.5024839884861,63.2888384218183,52.3598883762681,62.4952198010257,66.9619016340392,67.3395111904462,61.5066742919334,63.3948868052844,57.9370238954982,66.2334528767083,62.8578259820254,69.5574545409252,51.2347477304872,66.6360457819583,68.1634729619623,51.1494791381861,69.6202380215869,47.1761027131226
60.2603255482799,66.8216967671898,66.9178372152904,62.9917502633312,65.9253142097824,61.2822560089503,68.7522207918377,62.6267204167694,56.0727161659752,56.187199953638,68.2285599254188,46.7202199856925,65.1937403637469,50.5024839884861,63.2888384218183,52.3598883762681,62.4952198010257,66.9619016340392,67.3395111904462,61.5067779052051,63.3948868052844,57.9370238954982,66.2334528767083,62.8578259820254,69.5574545409252,51.2348223549832,66.6360457819583,68.1634729619623,51.1494791381861,69.6202380215869,47.1761027131226
60.2603255482799,66.8216967671898,66.9178372152904,63.0008060468907,65.9253142097824,61.2822560089503,68.7522207918377,62.6267204167694,56.0727161659752,56.1876566005613,68.2285599254188,46.7202199856925,65.1937403637469,50.5024839884861,63.2888384218183,52.3598883762681,62.495670233448,66.9619016340392,67.3395111904462,61.5068429700615,63.3948868052844,57.9370238954982,66.2334528767083,62.8578259820254,69.5574545409252,51.2348223549832,66.6360457819583,68.1634729619623,51.1494791381861,69.6202380215869,47.1761027131226
60.260329910614,66.8216967671898,66.9178372152904,63.0008060468907,65.9270878938201,61.2822560089503,68.7522207918377,62.6267204167694,56.0727161659752,56.1876566005613,68.2285599254188,46.7236181688809,65.1937403637469,50.5024839884861,63.2888384218183,52.3598883762681,62.495670233448,66.9619016340392,67.3395111904462,61.5068429700615,63.3948868052844,57.937271090374,66.2334528767083,62.8578259820254,69.5584706566411,51.2348223549832,66.6360457819583,68.1634729619623,51.1494791381861,69.6202380215869,47.1761027131226
60.260329910614,66.8216967671898,66.9178372152904,63.0008060468907,65.9270878938201,61.2822560089503,68.7522207918377,62.6267204167694,56.0727161659752,56.1876566005613,68.2285599254188,46.7236181688809,65.1937403637469,50.5024839884861,63.2888384218183,52.3598883762681,62.495670233448,66.9619016340392,67.3395111904462,61.5068429700615,63.3949724803192,57.9374880641516,66.2334528767083,62.8578356133221,69.5584706566411,51.2348223549832,66.6360457819583,68.1634729619623,51.1494791381861,69.6202380215869,47.1761027131226
60.260329910614,66.8216967671898,66.9178372152904,63.0008060468907,65.9270878938201,61.2822560089503,68.7522207918377,62.6267204167694,56.0727161659752,56.1876566005613,68.2285599254188,46.7236181688809,65.1937403637469,50.5024839884861,63.2888384218183,52.3598883762681,62.495670233448,66.9619016340392,67.3395111904462,61.5068429700615,63.3949724803192,57.9374880641516,66.2334528767083,62.8578356133221,69.5584706566411,51.2348223549832,66.6360457819583,68.1675618609924,51.1494791381861,69.6202380215869,47.1761027131226
60.260329910614,66.8216967671898,66.9178372152904,63.0008060468907,65.9270878938201,61.2822560089503,68.7522207918377,62.6267204167694,56.0727161659752,56.1876566005613,68.2285599254188,46.7236181688809,65.1937403637469,50.5024839884861,63.2888388320274,52.3598883762681,62.495670233448,66.9619016340392,67.3395111904462,61.5068429700615,63.3949724803192,57.9374880641516,66.2334528767083,62.8578356133221,69.5584706566411,51.2348223549832,66.6360457819583,68.1675618609924,51.1494791381861,69.6202380215869,47.1761027131226
60.260329910614,66.8216967671898,66.9178372152904,63.0008060468907,65.9270878938201,61.2822560089503,68.7522207918377,62.8199365722861,56.0727161659752,56.1876566005613,68.2285599254188,46.7236181688809,65.1937403637469,50.5024839884861,63.2888388320274,52.3598883762681,62.495670233448,66.9619016340392,67.3395111904462,61.5068429700615,63.3949724803192,57.9374880641516,66.2334528767083,62.8578356133221,69.5584706566411,51.2348223549832,66.6360457819583,68.1675618609924,51.1494791381861,69.6202380215869,47.1761027131226
60.260329910614,66.8216967671898,66.9178372152904,63.0008060468907,65.9270878938201,61.2822560089503,68.7522900556255,62.8199365722861,56.0727161659752,56.1876566005613,68.2285599254188,46.7236181688809,65.1937403637469,50.5024839884861,63.2888388320274,52.3598883762681,62.495670233448,66.9619016340392,67.3395111904462,61.5068857111534,63.3949724803192,57.9375024334065,66.2334528767083,62.8578356133221,69.5584706566411,51.2348223549832,66.6360457819583,68.1675618609924,51.1627349667085,69.6202380215869,47.1761027131226
60.260329910614,66.8216967671898,66.9178372152904,63.0008060468907,65.9270878938201,61.2822560089503,68.7522900556255,62.8199365722861,56.0727161659752,56.1876566005613,68.2285599254188,46.7236181688809,65.1937403637469,50.5024839884861,63.288838952464,52.3598883762681,62.495670233448,66.9619016340392,67.3395111904462,61.5068857111534,63.3949724803192,57.9375429289947,66.2493160710211,62.8578356133221,69.5584706566411,51.2348223549832,66.6360457819583,68.1675618609924,51.1627349667085,69.6202380215869,47.1761027131226
60.2613125659714,66.8216967671898,66.9178372152904,63.0008060468907,65.9270878938201,61.2822560089503,68.7522900556255,62.8199365722861,56.0727161659752,56.1876566005613,68.2285599254188,46.7252793263079,65.1937403637469,50.5024839884861,63.288838952464,52.3598883762681,62.495670233448,66.9619016340392,67.3395111904462,61.5068857111534,63.3949724803192,57.9375429289947,66.2493160710211,62.8578356133221,69.5584706566411,51.2348223549832,66.6360457819583,68.1675618609924,51.1627349667085,69.6202380215869,47.1761027131226
60.2613125659714,66.8216967671898,66.9178372152904,63.0008060468907,65.9283632085702,61.2822560089503,68.7522900556255,62.8199365722861,56.0727161659752,56.1876566005613,68.2285599254188,46.7252793263079,65.1937403637469,50.5024839884861,63.2888390091157,52.3598883762681,62.495670233448,66.9619016340392,67.3395111904462,61.5068857111534,63.3949724803192,57.9375429289947,66.2493160710211,62.8578356133221,69.5584706566411,51.2348223549832,66.6360457819583,68.1675618609924,51.1627349667085,69.6202380215869,47.1761027131226
60.2613125659714,66.8216967671898,66.9178372152904,63.0008060468907,65.9283632085702,61.2822560089503,68.7525072742863,62.8199365722861,56.1065356690709,56.1876566005613,68.2285599254188,46.7252793263079,65.1937403637469,50.5024839884861,63.2888390091157,52.3598883762681,62.495670233448,66.9619016340392,67.3395111904462,61.5068857111534,63.3949724803192,57.9375429289947,66.2493160710211,62.8578356133221,69.5691961786536,51.2348223549832,66.6360457819583,68.1675618609924,51.1627349667085,69.6202380215869,47.1761027131226
60.2613125659714,66.8222991383603,66.9178372152904,63.0008060468907,65.9283632085702,61.2822560089503,68.7525072742863,62.8199365722861,56.1065356690709,56.1876566005613,68.2285599254188,46.7252793263079,65.1937403637469,50.5024839884861,63.2888390091157,52.3598883762681,62.495670233448,66.9619016340392,67.3421585053847,61.5068857111534,63.3949724803192,57.9375429289947,66.2493160710211,62.8578356133221,69.5706974110253,51.2348223549832,66.6360457819583,68.1691712827344,51.1627349667085,69.6202380215869,47.1761027131226
60.2613125659714,66.8222991383603,66.9178372152904,63.0008060468907,65.9283632085702,61.2822560089503,68.7525072742863,62.8199365722861,56.1065356690709,56.1876566005613,68.2285599254188,46.7252793263079,65.1937403637469,50.5024839884861,63.2888390091157,52.3598883762681,62.495670233448,66.9619016340392,67.3421585053847,61.5068857111534,63.3949724803192,57.9375429289947,66.2493160710211,62.8579923176083,69.5706974110253,51.2348622502706,66.6360457819583,68.1691712827344,51.1627349667085,69.6202380215869,47.1761027131226
60.2613125659714,66.8222991383603,66.9178372152904,63.0008060468907,65.9283632085702,61.2822560089503,68.7526136843977,62.8199365722861,56.1065356690709,56.1876566005613,68.2285599254188,46.7252793263079,65.1937403637469,50.5024839884861,63.2888390144659,52.3598883762681,62.495670233448,66.9619016340392,67.3421585053847,61.5068857111534,63.3949724803192,57.9375429289947,66.2493160710211,62.8579923176083,69.5706974110253,51.2348622502706,66.6360457819583,68.1691712827344,51.1627349667085,69.6202380215869,47.1761027131226
60.2626625918781,66.8222991383603,66.9178372152904,63.0008060468907,65.9283632085702,61.2822560089503,68.7526136843977,62.8199365722861,56.1065356690709,56.1876566005613,68.2285599254188,46.7252793263079,65.1937403637469,50.5024839884861,63.2888390271569,52.3598883762681,62.495670233448,66.9619016340392,67.3421585053847,61.5068857111534,63.3949724803192,57.9375429289947,66.2493160710211,62.8579923176083,69.5706974110253,51.2348622502706,66.6360457819583,68.1691712827344,51.1627349667085,69.6202380215869,47.1761027131226
60.2626625918781,66.8226881643226,66.9178372152904,63.0008060468907,65.9307149451363,61.2822560089503,68.7526136843977,62.8199365722861,56.1065356690709,56.1876566005613,68.2285599254188,46.7252793263079,65.1937403637469,50.5024839884861,63.2888390271569,52.3598883762681,62.495670233448,66.9619016340392,67.3421585053847,61.5068857111534,63.3949724803192,57.9375429289947,66.2493160710211,62.8579923176083,69.5706974110253,51.2348622502706,66.6360457819583,68.1691712827344,51.1627349667085,69.6202380215869,47.1761027131226
60.2626625918781,66.8226881643226,66.9178372152904,63.0008060468907,65.9307149451363,61.2822560089503,68.7526136843977,62.8199365722861,56.1065356690709,56.1876566005613,68.2285599254188,46.7252793263079,65.1937403637469,50.5024839884861,63.2888393406952,52.3598883762681,62.495670233448,66.9619016340392,67.3421585053847,61.5068857111534,63.3949724803192,57.937547012231,66.2493160710211,62.8579923176083,69.5706974110253,51.2348622502706,66.6361554289039,68.1691712827344,51.1627349667085,69.6202380215869,47.1761027131226
60.2626625918781,66.8226881643226,66.9178372152904,63.0008060468907,65.9307149451363,61.2822560089503,68.7526136843977,62.8199365722861,56.1280487401046,56.1876566005613,68.2285599254188,46.7252793263079,65.1937403637469,50.5024839884861,63.2888393406952,52.3598883762681,62.495670233448,66.9619016340392,67.3421585053847,61.5068857111534,63.395341812985,57.937547012231,66.2493160710211,62.8579923176083,69.5706974110253,51.2348656923136,66.6384828052217,68.1691712827344,51.1627349667085,69.6202380215869,47.1761027131226
60.2626625918781,66.8226881643226,66.9178372152904,63.0026941099506,65.9307149451363,61.2822560089503,68.7526136843977,62.8199365722861,56.1280487401046,56.1876566005613,68.2285599254188,46.7252793263079,65.2031527263868,50.5024839884861,63.2888393406952,52.3598883762681,62.495670233448,66.9619016340392,67.3421585053847,61.5072737422116,63.395341812985,57.937547012231,66.2493160710211,62.8579923176083,69.5706974110253,51.2348656923136,66.6384828052217,68.1691712827344,51.1627349667085,69.6202380215869,47.1761027131226
60.2626625918781,66.8226881643226,66.9193897033804,63.0026941099506,65.9307149451363,61.2822560089503,68.7526136843977,62.8199365722861,56.1280487401046,56.1876566005613,68.2285599254188,46.7252793263079,65.2315141248986,50.5024839884861,63.2888393406952,52.3598883762681,62.495670233448,66.9619016340392,67.3421585053847,61.5072737422116,63.395341812985,57.937547012231,66.2493160710211,62.8579923176083,69.5756799557622,51.2348656923136,66.6384828052217,68.1691712827344,51.1627349667085,69.6215790543651,47.1761027131226
60.2626625918781,66.8226881643226,66.9193897033804,63.0026941099506,65.9307149451363,61.2822560089503,68.7526136843977,62.8199365722861,56.1280487401046,56.1876566005613,68.2285599254188,46.7252793263079,65.2315141248986,50.5024839884861,63.2888393406952,52.3603513902213,62.495670233448,66.9619016340392,67.3421585053847,61.5072737422116,63.395341812985,57.937547012231,66.2493160710211,62.8579923176083,69.5756799557622,51.2348656923136,66.6384828052217,68.1691712827344,51.1627349667085,69.6215790543651,47.1761027131226
60.2626625918781,66.8226881643226,66.9193897033804,63.0026941099506,65.9307149451363,61.2822560089503,68.7526136843977,62.8199365722861,56.1280487401046,56.1876566005613,68.2285599254188,46.7252793263079,65.2315141248986,50.5024839884861,63.2888393406952,52.3603513902213,62.495670233448,66.9619016340392,67.3421585053847,61.5072737422116,63.395341812985,57.937547012231,66.2493160710211,62.8579923176083,69.5756799557622,51.2349703837139,66.6384828052217,68.1691712827344,51.1627349667085,69.6215790543651,47.1761027131226
60.2626625918781,66.8226881643226,66.9193897033804,63.0026941099506,65.9307149451363,61.2822560089503,68.7526182744252,62.9561839370996,56.1280487401046,56.1876566005613,68.2285599254188,46.7252793263079,65.2315141248986,50.5024839884861,63.2888393406952,52.3603513902213,62.495670233448,66.9619016340392,67.3421585053847,61.5072737422116,63.395341812985,57.937547012231,66.2493160710211,62.8579923176083,69.5756799557622,51.2349703837139,66.6384828052217,68.1691712827344,51.1627349667085,69.6215790543651,47.1761027131226
60.2626625918781,66.8226881643226,66.9193897033804,63.0026941099506,65.9307149451363,61.2822560089503,68.7526182744252,62.9561839370996,56.1280487401046,56.1876566005613,68.2285599254188,46.7252793263079,65.2315141248986,50.5024839884861,63.2888393406952,52.3603513902213,62.495670233448,66.9619016340392,67.3421585053847,61.5072737422116,63.395341812985,57.937547012231,66.2493160710211,62.8579923176083,69.5756799557622,51.2349703837139,66.6387332345772,68.1691712827344,51.1627349667085,69.6215790543651,47.1761027131226
60.2626625918781,66.8226881643226,66.9193897033804,63.0060101530974,65.9307149451363,61.2822560089503,68.7526182744252,62.9561839370996,56.1280487401046,56.1876566005613,68.2285599254188,46.7252793263079,65.2315141248986,50.5024839884861,63.2888393406952,52.3607904806137,62.495670233448,66.9769467556562,67.3421585053847,61.5072737422116,63.395341812985,57.937547012231,66.2493160710211,62.8579923176083,69.5756799557622,51.2349703837139,66.6412389582207,68.1691712827344,51.1627349667085,69.6215790543651,47.1761027131226
60.2626625918781,66.8226881643226,66.9193897033804,63.0060101530974,65.9307149451363,61.2822560089503,68.7526182744252,62.9561839370996,56.1280487401046,56.1877058863814,68.2285599254188,46.7252793263079,65.2315141248986,50.5024839884861,63.2888393406952,52.3607904806137,62.495670233448,66.9769467556562,67.3421585053847,61.5075845471593,63.395341812985,57.937547012231,66.2493160710211,62.8579923176083,69.5756799557622,51.2350042230289,66.6412389582207,68.1729017857996,51.1627349667085,69.6215790543651,47.1761027131226
60.2626625918781,66.8226881643226,66.9193897033804,63.0060101530974,65.9307149451363,61.2822560089503,68.7526182744252,62.9561839370996,56.1280487401046,56.1888196663738,68.2545600174713,46.7252793263079,65.2315141248986,50.5024839884861,63.2888393406952,52.3607904806137,62.495670233448,66.9769467556562,67.3421585053847,61.5075845471593,63.395341812985,57.9376147332261,66.2493160710211,62.8579923176083,69.5756799557622,51.2350042230289,66.6412389582207,68.1729017857996,51.1642164171389,69.6215790543651,47.1761027131226
60.2626625918781,66.8226881643226,66.9193897033804,63.0060101530974,65.9335769017183,61.2882314281486,68.7526182744252,62.9561839370996,56.1280487401046,56.1888196663738,68.2545600174713,46.7252793263079,65.2315141248986,50.5024839884861,63.2888393577999,52.3607904806137,62.495670233448,66.9769467556562,67.3421585053847,61.5075845471593,63.395341812985,57.9376147332261,66.2493160710211,62.8579923176083,69.5756799557622,51.2350042230289,66.6412389582207,68.1729017857996,51.1642164171389,69.6215790543651,47.1761027131226
60.2722418803076,66.8226881643226,66.9193897033804,63.0060101530974,65.9335769017183,61.2882314281486,68.7527008936362,62.9561839370996,56.1280487401046,56.1888196663738,68.2545600174713,46.7252793263079,65.2315141248986,50.5024839884861,63.2888393577999,52.3607904806137,62.495670233448,66.9769467556562,67.3421585053847,61.5075845471593,63.395341812985,57.9376147332261,66.2493160710211,62.8579923176083,69.5756799557622,51.2350042230289,66.6412389582207,68.1729017857996,51.1642164171389,69.6215790543651,47.1761027131226
60.2722418803076,66.8226881643226,66.9193897033804,63.0060101530974,65.9335769017183,61.2882314281486,68.7527008936362,62.9561839370996,56.1280487401046,56.1888196663738,68.2545600174713,46.7252793263079,65.2315141248986,50.5024839884861,63.2888393577999,52.3607904806137,62.495670233448,66.9769467556562,67.3421585053847,61.5075845471593,63.395341812985,57.9376147332261,66.2493160710211,62.8579923176083,69.5806372611299,51.2350042230289,66.6416626413679,68.1729017857996,51.1642164171389,69.6350366874505,47.1761027131226
60.2722418803076,66.8226881643226,66.9193897033804,63.0060101530974,65.9335769017183,61.2882314281486,68.7527008936362,62.9561839370996,56.1421975395395,56.1888196663738,68.2545600174713,46.7252793263079,65.2315141248986,50.5024839884861,63.2888393577999,52.3607904806137,62.495670233448,66.9769467556562,67.3421585053847,61.5075845471593,63.395341812985,57.9376536009348,66.2516572396966,62.8579923176083,69.5806372611299,51.2350471742154,66.6416626413679,68.1729017857996,51.1642164171389,69.6443875633101,47.1761027131226
60.2722418803076,66.8226881643226,66.9193897033804,63.0060101530974,65.9335769017183,61.2882314281486,68.7527008936362,62.9561839370996,56.1421975395395,56.1888196663738,68.2545600174713,46.7253883641222,65.2315141248986,50.5024839884861,63.2888393577999,52.3607904806137,62.495670233448,66.9769467556562,67.3421585053847,61.5075845471593,63.395341812985,57.9376536009348,66.2516572396966,62.8579923176083,69.5806372611299,51.2350471742154,66.6416626413679,68.1729017857996,51.1642164171389,69.6443875633101,47.1761027131226
60.2722418803076,66.8226881643226,66.9193897033804,63.0060101530974,65.9335769017183,61.2882314281486,68.7527008936362,62.9561839370996,56.1421975395395,56.1888196663738,68.2545600174713,46.7253883641222,65.2315141248986,50.5024839884861,63.2888393577999,52.3607904806137,62.495670233448,66.9769467556562,67.3421585053847,61.5075845471593,63.395341812985,57.9376536009348,66.2516572396966,62.8579923176083,69.5806372611299,51.2350471742154,66.6416626413679,68.1741917065447,51.1642164171389,69.6443875633101,47.1761027131226
60.2722418803076,66.823380605044,66.9193897033804,63.0060101530974,65.9335769017183,61.2882314281486,68.7527008936362,63.2877234996511,56.1421975395395,56.1888196663738,68.2545600174713,46.7253883641222,65.2315141248986,50.5024839884861,63.2888393577999,52.3609677059391,62.495670233448,66.9769467556562,67.3421585053847,61.5075845471593,63.395341812985,57.9376536009348,66.2516572396966,62.8579923176083,69.5806372611299,51.2350471742154,66.6416626413679,68.1741917065447,51.1642164171389,69.6443875633101,47.1761027131226
60.2722418803076,66.823380605044,66.9193897033804,63.0060101530974,65.9335769017183,61.2882314281486,68.7527157003733,63.2877234996511,56.1421975395395,56.1888196663738,68.2545600174713,46.7253883641222,65.2315141248986,50.5024839884861,63.2888393869686,52.3609677059391,62.495670233448,66.9769467556562,67.3421585053847,61.5075845471593,63.395341812985,57.9376536009348,66.2516572396966,62.8579923176083,69.5806372611299,51.2350471742154,66.6416626413679,68.1741917065447,51.1642164171389,69.6443875633101,47.1761027131226
60.2722418803076,66.823380605044,66.9193897033804,63.0093012491876,65.9335769017183,61.2969241896457,68.7527157003733,63.2877234996511,56.1421975395395,56.1888196663738,68.2545600174713,46.7253883641222,65.2315141248986,50.5024839884861,63.2888393869686,52.3609677059391,62.495670233448,66.9769467556562,67.3421585053847,61.5075845471593,63.395341812985,57.9376536009348,66.2516572396966,62.8579923176083,69.5806372611299,51.2350471742154,66.6416626413679,68.1741917065447,51.1642164171389,69.6443875633101,47.1761027131226
60.2722418803076,66.823380605044,66.9193897033804,63.0093012491876,65.9335769017183,61.299828103184,68.7527157003733,63.2877234996511,56.1421975395395,56.1888196663738,68.2545600174713,46.7253883641222,65.2315141248986,50.5024839884861,63.2888394308564,52.3609677059391,62.495670233448,66.9769467556562,67.3421585053847,61.5075845471593,63.3953513708734,57.9376536009348,66.2516572396966,62.8579923176083,69.5875881087094,51.2350471742154,66.6416626413679,68.1741917065447,51.1642164171389,69.6443875633101,47.1761027131226
60.2722418803076,66.823380605044,66.9193897033804,63.0093012491876,65.9335769017183,61.299828103184,68.7527157003733,63.2877234996511,56.1421975395395,56.1888196663738,68.2545600174713,46.7261450922907,65.2315141248986,50.5024839884861,63.2888394308564,52.3609677059391,62.495670233448,66.9769467556562,67.3421585053847,61.5075845471593,63.3953513708734,57.9376536009348,66.2516572396966,62.8579923176083,69.5875881087094,51.2350471742154,66.6416626413679,68.1741917065447,51.1642164171389,69.6443875633101,47.1944416445888
60.2722418803076,66.823380605044,66.9193897033804,63.0093012491876,65.9335769017183,61.299828103184,68.7527157003733,63.2877234996511,56.1421975395395,56.1888464903078,68.2545600174713,46.7261450922907,65.2315141248986,50.5024839884861,63.2888394308564,52.3609677059391,62.495670233448,66.9769467556562,67.3421585053847,61.5075845471593,63.3953513708734,57.9376536009348,66.2516572396966,62.8579923176083,69.5875881087094,51.2351291496852,66.6416626413679,68.1741917065447,51.1642164171389,69.6443875633101,47.1944416445888
60.2722418803076,66.823380605044,66.9193897033804,63.0093012491876,65.9335769017183,61.299828103184,68.7527157003733,63.2877234996511,56.1421975395395,56.1888464903078,68.2821865477956,46.7261450922907,65.243177918924,50.5024839884861,63.2888394308564,52.3609677059391,62.495670233448,66.9769467556562,67.3454625620741,61.5075845471593,63.3953513708734,57.9376536009348,66.2516572396966,62.8579923176083,69.5875881087094,51.2351291496852,66.6416626413679,68.1833046127594,51.1642164171389,69.6443875633101,47.1944416445888
60.2722418803076,66.823380605044,66.9193897033804,63.0117441485436,65.9335769017183,61.299828103184,68.7527157003733,63.2877234996511,56.1421975395395,56.1888464903078,68.2821865477956,46.7261450922907,65.243177918924,50.5024839884861,63.2888394308564,52.3609677059391,62.495670233448,66.9769467556562,67.3454625620741,61.5075845471593,63.3953513708734,57.9376772592033,66.2516572396966,62.8580321198269,69.5875881087094,51.2351291496852,66.6416626413679,68.1833046127594,51.1642164171389,69.6443875633101,47.1944416445888
60.2722418803076,66.823380605044,66.9193897033804,63.0117441485436,65.9335769017183,61.299828103184,68.7527157003733,63.2877234996511,56.1421975395395,56.1888464903078,68.2821865477956,46.7261450922907,65.243177918924,50.5024839884861,63.2888394308564,52.3609677059391,62.495670233448,66.9769467556562,67.3454625620741,61.5075845471593,63.3953914921558,57.9376772592033,66.2516572396966,62.8580321198269,69.5875881087094,51.2351291496852,66.6416626413679,68.1833046127594,51.1642164171389,69.6443875633101,47.1944416445888
60.2722418803076,66.823380605044,66.9193897033804,63.0117441485436,65.9335769017183,61.299828103184,68.7527157003733,63.2877234996511,56.1421975395395,56.1888464903078,68.2821865477956,46.7261450922907,65.243177918924,50.5024839884861,63.2888394308564,52.3609933074965,62.495670233448,66.9769467556562,67.3454625620741,61.5075845471593,63.3953914921558,57.9376772592033,66.2516572396966,62.8580321198269,69.5875881087094,51.2351291496852,66.6416626413679,68.1833046127594,51.1642164171389,69.6443875633101,47.1944416445888
60.2722418803076,66.823380605044,66.9197067503954,63.0117441485436,65.9335769017183,61.299828103184,68.7527157003733,63.7095170569813,56.1421975395395,56.1888464903078,68.2821865477956,46.7261450922907,65.243177918924,50.5024839884861,63.2888394308564,52.3616544143524,62.495670233448,66.9769467556562,67.3454625620741,61.5075845471593,63.3953914921558,57.9376772592033,66.2516572396966,62.8580321198269,69.5875881087094,51.2351472447739,66.6430560579789,68.1833046127594,51.1642164171389,69.6443875633101,47.1944416445888
60.2722418803076,66.823380605044,66.9197067503954,63.0117441485436,65.9335769017183,61.3014352515583,68.7527157003733,63.7095170569813,56.177237080079,56.1888464903078,68.2821865477956,46.7261450922907,65.243177918924,50.5024839884861,63.2888394308564,52.3616544143524,62.495670233448,66.9769467556562,67.3454625620741,61.5075845471593,63.3953914921558,57.9376772592033,66.2516572396966,62.8580321198269,69.5875881087094,51.2351472447739,66.6430560579789,68.1833046127594,51.1642164171389,69.6443875633101,47.1944416445888
60.2722418803076,66.8235066923232,66.9197067503954,63.0117441485436,65.9335769017183,61.3014352515583,68.7527157003733,63.7095170569813,56.177237080079,56.1888464903078,68.2821865477956,46.7264955523388,65.243177918924,50.5024839884861,63.2888394308564,52.3616544143524,62.495670233448,66.9769467556562,67.3454625620741,61.5075845471593,63.3954171769962,57.9376772592033,66.2516572396966,62.8580321198269,69.5875881087094,51.2351472447739,66.6430560579789,68.1833046127594,51.1642164171389,69.6443875633101,47.1944416445888
60.2722418803076,66.8235066923232,66.9197067503954,63.0117441485436,65.9335769017183,61.3014352515583,68.7527542846862,63.7095170569813,56.177237080079,56.1888464903078,68.2821865477956,46.7264955523388,65.243177918924,50.5024839884861,63.2888394399973,52.3616544143524,62.4957772647102,66.9769467556562,67.3454625620741,61.5075845471593,63.3954171769962,57.9376772592033,66.2516572396966,62.8580321198269,69.5875881087094,51.2351472447739,66.6430560579789,68.1833046127594,51.1642164171389,69.6443875633101,47.1944416445888
60.2722418803076,66.8235066923232,66.9197067503954,63.0117441485436,65.9335769017183,61.3014352515583,68.752766515753,63.7095170569813,56.177237080079,56.1888464903078,68.2821865477956,46.7264955523388,65.243177918924,50.5024839884861,63.2888394399973,52.3616544143524,62.4957772647102,67.0002954443763,67.3454625620741,61.5077577348202,63.3954171769962,57.9376772592033,66.2516572396966,62.8580321198269,69.5875881087094,51.2351474750115,66.6430560579789,68.1833046127594,51.1642164171389,69.6443875633101,47.1944416445888
60.2722418803076,66.8235066923232,66.9197067503954,63.0117441485436,65.9335769017183,61.3014352515583,68.752766515753,63.7095170569813,56.177237080079,56.1888464903078,68.2821865477956,46.7264955523388,65.243177918924,50.5024839884861,63.288839440886,52.3616544143524,62.4957772647102,67.0002954443763,67.3454625620741,61.5077577348202,63.3954171769962,57.9376772592033,66.2516572396966,62.8580321198269,69.5875881087094,51.2351474750115,66.6430560579789,68.1833046127594,51.1642164171389,69.6443875633101,47.1944416445888
60.2722418803076,66.8235066923232,66.9197067503954,63.0117441485436,65.9335769017183,61.3014352515583,68.752766515753,63.7095170569813,56.177237080079,56.1888464903078,68.2821865477956,46.7264955523388,65.243177918924,50.5024839884861,63.288839440886,52.3616544143524,62.4957772647102,67.0002954443763,67.3454625620741,61.5077577348202,63.3954171769962,57.9376772592033,66.2516572396966,62.8580321198269,69.5875881087094,51.2351474750115,66.6430560579789,68.1833046127594,51.1642164171389,69.6443875633101,47.1944416445888
60.2722418803076,66.8235066923232,66.9197067503954,63.0117441485436,65.9335769017183,61.3014352515583,68.752766515753,63.7095170569813,56.177237080079,56.1888464903078,68.2821865477956,46.7264955523388,65.243177918924,50.5024839884861,63.2888394444521,52.3616544143524,62.4957772647102,67.0002954443763,67.3454625620741,61.5077577348202,63.3954171769962,57.9376772592033,66.2516572396966,62.8580321198269,69.5875881087094,51.2351474750115,66.6430560579789,68.1833046127594,51.1643814275169,69.6443875633101,47.1944416445888
60.2722418803076,66.8235066923232,66.9197067503954,63.0117441485436,65.9335769017183,61.3014352515583,68.752766515753,63.7095170569813,56.2369901832048,56.1888464903078,68.2821865477956,46.7264955523388,65.243177918924,50.5024839884861,63.2888394444521,52.3616544143524,62.4957772647102,67.0002954443763,67.3454625620741,61.5077577348202,63.3954171769962,57.9376772592033,66.2516572396966,62.8580321198269,69.5875881087094,51.2351474750115,66.6430560579789,68.1833046127594,51.1643814275169,69.6443875633101,47.1944416445888
60.2722418803076,66.8235646162189,66.9202323407425,63.0134595841262,65.9335769017183,61.3014352515583,68.752766515753,63.7095170569813,56.2369901832048,56.1891247938572,68.3027099618865,46.7264955523388,65.243177918924,50.5024839884861,63.2888394444521,52.3616544143524,62.4957772647102,67.0002954443763,67.3454625620741,61.5080047106318,63.3954171769962,57.9376772592033,66.2516572396966,62.8580321198269,69.5875881087094,51.2351474750115,66.6430560579789,68.1833046127594,51.1643814275169,69.6567205155936,47.1944416445888
60.2722418803076,66.8235646162189,66.9202323407425,63.0134595841262,65.9335769017183,61.3014352515583,68.752766515753,63.7095170569813,56.2369901832048,56.1891247938572,68.3027099618865,46.7264955523388,65.2496761541197,50.5024839884861,63.288839448491,52.3616544143524,62.4957772647102,67.0002954443763,67.3454625620741,61.5080047106318,63.3954171769962,57.9376772592033,66.2516572396966,62.8580321198269,69.5985044908777,51.2351474750115,66.6430560579789,68.1833046127594,51.1643814275169,69.6567205155936,47.1944416445888
60.2760946297286,66.8235646162189,66.9202323407425,63.0134595841262,65.9335769017183,61.3061940737297,68.752766515753,63.7095170569813,56.2369901832048,56.1891247938572,68.3027099618865,46.7264955523388,65.2496761541197,50.5024839884861,63.288839448491,52.3616544143524,62.4957772647102,67.0002954443763,67.3454625620741,61.5080047106318,63.3954171769962,57.9377080970495,66.2567210694275,62.8580321198269,69.5985044908777,51.2351474750115,66.6430560579789,68.1833046127594,51.1643814275169,69.6567205155936,47.1944416445888
60.2760946297286,66.8235646162189,66.9202323407425,63.0134595841262,65.9335769017183,61.3061940737297,68.752766515753,63.7095170569813,56.2369901832048,56.1891247938572,68.3027099618865,46.7264955523388,65.2496761541197,50.5024839884861,63.2888394558941,52.3616544143524,62.4957772647102,67.0002954443763,67.3454625620741,61.5080047106318,63.3954171769962,57.9377080970495,66.2567210694275,62.8580321198269,69.5985044908777,51.2351474750115,66.6430560579789,68.1833046127594,51.1643814275169,69.6567205155936,47.1944416445888
60.2760946297286,66.8235646162189,66.9202323407425,63.0134595841262,65.9335769017183,61.3061940737297,68.752771511148,63.7095170569813,56.2369901832048,56.1891247938572,68.3027099618865,46.7264955523388,65.2496761541197,50.5024839884861,63.2888394558941,52.3616544143524,62.4957772647102,67.0002954443763,67.3454625620741,61.5080047106318,63.3954444456681,57.9377080970495,66.2567210694275,62.8580321198269,69.5985044908777,51.2351474750115,66.6430560579789,68.1833046127594,51.1643814275169,69.6567205155936,47.1944416445888
60.2760946297286,66.8235646162189,66.9202323407425,63.0134595841262,65.9335769017183,61.3061940737297,68.752771511148,63.7095170569813,56.2369901832048,56.1891247938572,68.3027099618865,46.7264955523388,65.2496761541197,50.5024839884861,63.2888394558941,54.1964124945345,62.4957772647102,67.0002954443763,67.3454625620741,61.5080047106318,63.3954444456681,57.9377080970495,66.2567210694275,62.8580321198269,69.5985044908777,51.2351474750115,66.6430560579789,68.1833046127594,51.1643814275169,69.6567205155936,47.1944416445888
60.2760946297286,66.8235646162189,66.9202323407425,63.0134595841262,65.9335769017183,61.3061940737297,68.752771511148,63.7095170569813,56.2369901832048,56.1891247938572,68.3027099618865,46.7264955523388,65.2496761541197,50.5024839884861,63.2888394558941,54.1964124945345,62.4957772647102,67.0002954443763,67.3454625620741,61.5080047106318,63.3954444456681,57.9377080970495,66.2567210694275,62.858097622501,69.5985044908777,51.2351474750115,66.6430560579789,68.1833046127594,51.1643814275169,69.6567205155936,47.1944416445888
60.2760946297286,66.8235646162189,66.9202323407425,63.0134595841262,65.9335769017183,61.3061940737297,68.752771511148,63.7095170569813,56.2369901832048,56.1891247938572,68.3027099618865,46.7264955523388,65.2496761541197,50.5024839884861,63.2888394700506,54.1964124945345,62.4957927811773,67.0002954443763,67.3454625620741,61.5080047106318,63.3954444456681,57.9377080970495,66.2567210694275,62.858097622501,69.5985044908777,51.2351474750115,66.6430560579789,68.1833046127594,51.1643814275169,69.6567205155936,47.1944416445888
60.2760946297286,66.8235646162189,66.9202323407425,63.0134595841262,65.9335769017183,61.3061940737297,68.752771511148,63.7095170569813,56.2369901832048,56.1891247938572,68.3027099618865,46.7264955523388,65.2496761541197,50.5024839884861,63.2888394700506,54.1964124945345,62.4957927811773,67.0002954443763,67.3454625620741,61.5080047106318,63.3954444456681,57.9377080970495,66.2567210694275,62.858097622501,69.5985044908777,51.2351474750115,66.6430618513034,68.1833046127594,51.1643814275169,69.6567205155936,47.1944416445888
60.2760946297286,66.8237723781748,66.9202323407425,63.0134595841262,65.9335769017183,61.3061940737297,68.752771511148,63.7095170569813,56.2369901832048,56.1891247938572,68.3027099618865,46.7264955523388,65.2496761541197,50.5024839884861,63.2888394700506,54.7387520685682,62.4957927811773,67.0002954443763,67.3454625620741,61.5080047106318,63.3954444456681,57.9377080970495,66.2567210694275,62.858097622501,69.5985044908777,51.2351474750115,66.6430618513034,68.1833046127594,51.1643814275169,69.6567205155936,47.1944416445888
60.2760946297286,66.8237723781748,66.9202323407425,63.0134595841262,65.9335769017183,61.3061940737297,68.7527844621574,63.7095170569813,56.2369901832048,56.1891247938572,68.3027099618865,46.7264955523388,65.2496761541197,50.5024839884861,63.288839473327,54.7387520685682,62.4957927811773,67.0002954443763,67.3454625620741,61.5080047106318,63.3954444456681,57.9377080970495,66.2567210694275,62.858097622501,69.5985044908777,51.2351474750115,66.6430618513034,68.1833046127594,51.1643814275169,69.6567205155936,47.1944416445888
60.2760946297286,66.8237723781748,66.9202323407425,63.0134595841262,65.9335769017183,61.3061940737297,68.7527844621574,63.7095170569813,56.2369901832048,56.1891247938572,68.3027099618865,46.7264955523388,65.2496761541197,50.5024839884861,63.288839473327,54.7387520685682,62.4957927811773,67.0002954443763,67.3454625620741,61.5080047106318,63.3954444456681,57.9377080970495,66.2567210694275,62.858097622501,69.5985044908777,51.2351474750115,66.6430618513034,68.1833046127594,51.1643814275169,69.6567205155936,47.1944416445888
60.2760946297286,66.8237723781748,66.9202323407425,63.0149604936129,65.9335769017183,61.3061940737297,68.7527844621574,63.7095170569813,56.2431949609004,56.1891247938572,68.3027099618865,46.7265430696187,65.2496761541197,50.5024839884861,63.2888394733777,54.7387520685682,62.495814942724,67.0002954443763,67.3454625620741,61.5080047106318,63.3954444456681,57.9377636089808,66.2567210694275,62.858097622501,69.5985044908777,51.2351474750115,66.6430618513034,68.1833046127594,51.1643814275169,69.6567205155936,47.1944416445888
60.2760946297286,66.8237723781748,66.9202323407425,63.0149604936129,65.9335769017183,61.3061940737297,68.7527844621574,63.7095170569813,56.2547681194563,56.1891247938572,68.3090752203569,46.7265430696187,65.2496761541197,50.5024839884861,63.2888394733777,54.7387520685682,62.4959812509234,67.0002954443763,67.3454625620741,61.5080047106318,63.3954774308241,57.9377636089808,66.2567210694275,62.858097622501,69.5985044908777,51.2351574620101,66.6430618513034,68.1833046127594,51.1643814275169,69.6567205155936,47.1944416445888
60.2760946297286,66.8237723781748,66.9202323407425,63.0149604936129,65.9335769017183,61.3061940737297,68.7527844621574,63.7095170569813,56.2547681194563,56.1891247938572,68.3220566222826,46.7265430696187,65.2496761541197,50.5024839884861,63.2888394733777,56.0180106770851,62.4959812509234,67.0002954443763,67.3454625620741,61.5080047106318,63.3954774308241,57.9377636089808,66.2567210694275,62.858097622501,69.5985044908777,51.2351574620101,66.6430618513034,68.1833046127594,51.1643814275169,69.6567205155936,47.1944416445888
60.2760946297286,66.8237723781748,66.9202323407425,63.0149604936129,65.9335769017183,61.3061940737297,68.7527844621574,63.7095170569813,56.2547681194563,56.1891247938572,68.3220566222826,46.7265430696187,65.2496761541197,50.5024839884861,63.2888394733777,56.0180106770851,62.4959812509234,67.0002954443763,67.3454625620741,61.5080047106318,63.3954774308241,57.9377636089808,66.2567210694275,62.8582637962245,69.5985044908777,51.2351574620101,66.6430618513034,68.1833046127594,51.1643814275169,69.6567205155936,47.1944416445888
60.2760946297286,66.8237723781748,66.9202323407425,63.0149604936129,65.9335769017183,61.3061940737297,68.7527844621574,63.7095170569813,56.2547681194563,56.1891247938572,68.3220566222826,46.7265430696187,65.2496761541197,50.5024839884861,63.2888394733777,56.0180106770851,62.4959812509234,67.0002954443763,67.3454625620741,61.5080047106318,63.3954774308241,57.9377636089808,66.2567210694275,62.8582637962245,69.5985044908777,51.2351574620101,66.6430618513034,68.1833046127594,51.1643814275169,69.6567205155936,47.1944416445888
60.2760946297286,66.8237723781748,66.9202323407425,63.0149604936129,65.9335769017183,61.3061940737297,68.752806147403,63.7095170569813,56.2547681194563,56.1891247938572,68.3220566222826,46.7265430696187,65.2496761541197,50.5024839884861,63.2888394756778,56.0180106770851,62.4959812509234,67.0002954443763,67.3454625620741,61.5080997595189,63.3954789445028,57.9377829873837,66.2598401500243,62.8582637962245,69.5985044908777,51.2351574620101,66.6430618513034,68.1833046127594,51.1643814275169,69.6567205155936,47.1944416445888
60.2766101506277,66.8237723781748,66.9202323407425,63.0149604936129,65.9335769017183,61.3061940737297,68.752806147403,63.7095170569813,56.2547681194563,56.1891247938572,68.3220566222826,46.7265430696187,65.2496761541197,50.5024839884861,63.2888394756778,56.0180106770851,62.4961449454144,67.0002954443763,67.3454625620741,61.5080997595189,63.3955387195791,57.9377829873837,66.2598401500243,62.8582637962245,69.5985044908777,51.2351574620101,66.6430618513034,68.1833046127594,51.1643814275169,69.6567205155936,47.1944416445888
60.2766101506277,66.8237723781748,66.9202323407425,63.0149604936129,65.9335769017183,61.3061940737297,68.752806147403,63.7095170569813,56.2547681194563,56.1891247938572,68.3220566222826,46.7265430696187,65.2496761541197,50.5024839884861,63.2888394756778,56.0180106770851,62.4961449454144,67.0127141046523,67.3454625620741,61.5080997595189,63.3955387195791,57.9377829873837,66.2598401500243,62.8582637962245,69.6007667806489,51.2351574620101,66.6430618513034,68.1833046127594,51.1643814275169,69.6567205155936,47.1944416445888
60.2766101506277,66.8237723781748,66.9202323407425,63.0149604936129,65.9335769017183,61.3061940737297,68.752806147403,63.7095170569813,56.2547681194563,56.1891247938572,68.3220566222826,46.7265430696187,65.2496761541197,50.5024839884861,63.2888394756778,56.0180106770851,62.4961449454144,67.0127141046523,67.3454625620741,61.5080997595189,63.3955387195791,57.9377829873837,66.2598401500243,62.8582637962245,69.6007667806489,51.2351574620101,66.6430618513034,68.1833046127594,51.1643814275169,69.6567205155936,47.1944416445888
60.2766101506277,66.8237723781748,66.9202323407425,63.0149604936129,65.9335769017183,61.3082828427799,68.752806147403,63.7095170569813,56.2547681194563,56.1891247938572,68.3220566222826,46.7265430696187,65.2496761541197,50.5024839884861,63.2888394756778,56.0180106770851,62.4961449454144,67.0127141046523,67.3454625620741,61.5080997595189,63.3955387195791,57.9377829873837,66.2598401500243,62.8582637962245,69.6007667806489,51.2351574620101,66.6430618513034,68.1833046127594,51.1643814275169,69.6567205155936,47.1944416445888
60.2766101506277,66.8237723781748,66.9202323407425,63.0149604936129,65.9335769017183,61.3082828427799,68.752806147403,63.7095170569813,56.2547681194563,56.1891247938572,68.3220566222826,46.7265430696187,65.2496761541197,50.5024839884861,63.2888394756778,56.0180106770851,62.4961449454144,67.0127141046523,67.3454625620741,61.5080997595189,63.3955615326658,57.9377977469568,66.2598401500243,62.8582637962245,69.6007667806489,51.2351574620101,66.6430618513034,68.1841853453409,51.1643814275169,69.6567205155936,47.1944416445888
60.2766101506277,66.8237723781748,66.9202323407425,63.015519720128,65.9335769017183,61.3082828427799,68.752806147403,63.7095170569813,56.2547681194563,56.1891247938572,68.3220566222826,46.7265430696187,65.2496761541197,50.5024839884861,63.2888394756778,56.0180106770851,62.4961449454144,67.0127141046523,67.3454625620741,61.5080997595189,63.3955615326658,57.9377977469568,66.2598401500243,62.8582637962245,69.6007667806489,51.2351574620101,66.6430618513034,68.1841853453409,51.1643814275169,69.6567205155936,47.1944416445888
60.2766101506277,66.8237973447361,66.9202323407425,63.015519720128,65.9335769017183,63.7563524267764,68.7528495219067,63.7095170569813,56.2547681194563,56.1891247938572,68.3220566222826,46.7265430696187,65.2496761541197,50.5024839884861,63.2888394777662,56.0180106770851,62.4961449454144,67.0127141046523,67.3454625620741,61.5080997595189,63.3955615326658,57.9377977469568,66.2598401500243,62.8582637962245,69.6007667806489,51.2351574620101,66.6430618513034,68.1841853453409,51.1643814275169,69.6567205155936,47.1944416445888
60.2772084947186,66.8237973447361,66.9202323407425,63.015519720128,65.9335769017183,63.7563524267764,68.7528495219067,63.7095170569813,56.2547681194563,56.1891247938572,68.3220566222826,46.7265430696187,65.2496761541197,50.5024839884861,63.2888394777662,56.0180106770851,62.4961449454144,67.0127141046523,67.3454625620741,61.5080997595189,63.3955615326658,57.9377977469568,66.260972997468,62.8582637962245,69.6007667806489,51.2351574620101,66.6430618513034,68.1841853453409,51.1643814275169,69.6567205155936,47.3287297710613
60.2780814388322,66.8237973447361,66.9202323407425,63.015519720128,65.9335769017183,63.7563524267764,68.7528495219067,63.7095170569813,56.2547681194563,56.1891247938572,68.3220566222826,46.7265430696187,65.2496761541197,50.5024839884861,63.2888394811445,56.0180106770851,62.4961449454144,67.0127141046523,67.3454625620741,61.5080997595189,63.3955615326658,57.9378377167134,66.260972997468,62.8584881152736,69.6007667806489,51.2351619682279,66.6430618513034,68.1841853453409,51.1649211691032,69.6567205155936,47.3287297710613
60.2780814388322,66.8237973447361,66.9202323407425,63.015519720128,65.9335769017183,63.7563524267764,68.7528495219067,63.7095170569813,56.2824152241621,56.1891247938572,68.3220566222826,46.7265430696187,65.2496761541197,50.5024839884861,63.2888394811445,56.0180106770851,62.4961449454144,67.0127141046523,67.3454625620741,61.5080997595189,63.3955694695146,57.9378377167134,66.260972997468,62.8584881152736,69.6007667806489,51.2351619682279,66.6430618513034,68.1841853453409,51.1649211691032,69.6567205155936,47.3287297710613
60.2780814388322,66.8237973447361,66.9202323407425,63.015519720128,65.9337520087575,63.7563524267764,68.7528495219067,63.7095170569813,56.2824152241621,56.1891897274631,68.3220566222826,46.7265430696187,65.2698405095333,50.5024839884861,63.2888394811445,56.0180106770851,62.4961449454144,67.0127141046523,67.3454625620741,61.5080997595189,63.3955694695146,57.9378377167134,66.260972997468,62.8584881152736,69.6007667806489,51.2351619682279,66.6430618513034,68.1841853453409,51.1649211691032,69.6567205155936,47.3287297710613
60.2780814388322,66.8237973447361,66.9202323407425,63.0160028328828,65.9337520087575,63.7563524267764,68.7528495219067,63.7095170569813,56.2824152241621,56.1891897274631,68.3220566222826,46.7265430696187,65.2698405095333,50.5024839884861,63.2888394811445,56.0180106770851,62.4961449454144,67.0127141046523,67.3454625620741,61.5080997595189,63.3955694695146,57.9378377167134,66.260972997468,62.8584881152736,69.6007667806489,51.2351619682279,66.6430618513034,68.1855654540918,51.1649211691032,69.6567205155936,47.3287297710613
60.2780814388322,66.8237973447361,66.9202323407425,63.0162996789728,65.9337520087575,63.7563524267764,68.7528495219067,63.7095170569813,56.2824152241621,56.1891897274631,68.3220566222826,46.7269879546369,65.2698405095333,50.5024839884861,63.2888394811445,56.0180106770851,62.4961449454144,67.0127141046523,67.3454625620741,61.5080997595189,63.3955694695146,57.9378377167134,66.260972997468,62.8584881152736,69.6056555938898,51.2351722699452,66.6430618513034,68.1855654540918,51.1649211691032,69.6567205155936,47.3287297710613
60.2780814388322,66.8237973447361,66.9202323407425,63.0162996789728,65.9337520087575,63.7563524267764,68.7528495219067,63.7095170569813,56.2824152241621,56.1891897274631,68.3220566222826,46.7271356087047,65.2698405095333,50.5024839884861,63.2888394811445,56.0180106770851,62.4961449454144,67.0127141046523,67.3454625620741,61.5080997595189,63.3955694695146,57.9378377167134,66.260972997468,62.8584881152736,69.6056555938898,51.2351722699452,66.6430618513034,68.1855654540918,51.1649211691032,69.6567205155936,47.3287297710613
60.2780814388322,66.8237973447361,66.9202323407425,63.0162996789728,65.9337520087575,63.7563524267764,68.7528495219067,63.7095170569813,56.2824152241621,56.1891897274631,68.3220566222826,46.7271356087047,65.2698405095333,50.5024839884861,63.2888394811445,56.0180106770851,62.4961449454144,67.0127141046523,67.3454625620741,61.5080997595189,63.3955703779154,57.9378377167134,66.260972997468,62.8584881152736,69.6056555938898,51.2351722699452,66.6430618513034,68.1855654540918,51.1649211691032,69.6567205155936,47.3287297710613
60.2780814388322,66.8237973447361,66.9202323407425,63.0162996789728,65.9337520087575,63.7563524267764,68.7528495219067,63.7095170569813,56.2824152241621,56.1891897274631,68.3220566222826,46.7271356087047,65.2698405095333,50.5024839884861,63.2888394811445,56.6771562197509,62.4961449454144,67.0127141046523,67.3454625620741,61.5081042006586,63.3955703779154,57.9378377167134,66.260972997468,62.8584881152736,69.6056555938898,51.2351722699452,66.6430618513034,68.1855654540918,51.1649211691032,69.6567205155936,47.3287297710613
60.2789664308744,66.8237973447361,66.9202323407425,63.0162996789728,65.9356851675851,63.7563524267764,68.7528495219067,63.7095170569813,56.2824152241621,56.1891897274631,68.3220566222826,46.7271356087047,65.2698405095333,50.5024839884861,63.2888394811445,56.6771562197509,62.4961449454144,67.0127141046523,67.3454625620741,61.508135233023,63.3955703779154,57.9378377167134,66.260972997468,62.8584881152736,69.6056555938898,51.2351722699452,66.6430618513034,68.1855654540918,51.1649211691032,69.6567205155936,47.3287297710613
60.2789664308744,66.8237973447361,66.9202323407425,63.0162996789728,65.9356851675851,63.7563524267764,68.7528495219067,63.7095170569813,56.2824152241621,56.189248876784,68.3220566222826,46.7271356087047,65.2698405095333,50.5024839884861,63.2888394814065,56.6771562197509,62.4961449454144,67.0127141046523,67.3454625620741,61.508135233023,63.3955703779154,57.9378377167134,66.260972997468,62.8584881152736,69.6056555938898,51.2351722699452,66.6430618513034,68.1855654540918,51.1649211691032,69.6567205155936,47.3287297710613
60.2789664308744,66.8237973447361,66.9204158503532,63.0162996789728,65.9356851675851,63.7563524267764,68.7528495219067,63.7095170569813,56.2824152241621,56.189248876784,68.3220566222826,46.7271356087047,65.2698405095333,50.5024839884861,63.2888394814065,56.6771562197509,62.4961449454144,67.0127141046523,67.3454625620741,61.508135233023,63.3955703779154,57.9378377167134,66.260972997468,62.8584881152736,69.6056555938898,51.2351722699452,66.6430618513034,68.1855654540918,51.1649211691032,69.6567205155936,47.3287297710613
60.2789664308744,66.8237973447361,66.9204158503532,63.0162996789728,65.9356851675851,63.7563524267764,68.7528495219067,63.7095170569813,56.2824152241621,56.189248876784,68.3276579401618,46.7271356087047,65.2698405095333,50.5024839884861,63.2888394814065,56.6771562197509,62.4961449454144,67.0127141046523,67.3454625620741,61.508135233023,63.3955703779154,57.9378377167134,66.260972997468,62.8584881152736,69.6056555938898,51.2351722699452,66.6430618513034,68.1855654540918,51.1649211691032,69.6567205155936,47.7376257157638
60.2789664308744,66.8237973447361,66.9204158503532,63.0162996789728,65.9356851675851,63.7563524267764,68.7528495219067,63.7095170569813,56.2824152241621,56.189248876784,68.3276579401618,46.7271356087047,65.2698405095333,50.5024839884861,63.2888394814065,57.3386855449217,62.4961449454144,67.0127141046523,67.3454625620741,61.508135233023,63.3955703779154,57.9378377167134,66.260972997468,62.8584881152736,69.6056555938898,51.2351722699452,66.6430618513034,68.1855654540918,51.1649211691032,69.6567205155936,47.7376257157638
60.2789664308744,66.8237973447361,66.9204158503532,63.0162996789728,65.9356851675851,63.7563524267764,68.7528495219067,63.7095170569813,56.2824152241621,56.189248876784,68.3276579401618,46.7276626810806,65.2698405095333,50.5024839884861,63.2888394814065,57.3386855449217,62.4961449454144,67.0127141046523,67.3454625620741,61.5081679270039,63.3955703779154,57.9378377167134,66.260972997468,62.8584881152736,69.6056555938898,51.2351722699452,66.6430618513034,68.1855654540918,51.1649211691032,69.6567205155936,47.7376257157638
60.2789664308744,66.8237973447361,66.9204158503532,63.0162996789728,65.9356851675851,63.7563524267764,68.7528495219067,63.7095170569813,56.2977866566063,56.189248876784,68.3276579401618,46.7279817220869,65.2698405095333,50.5024839884861,63.2888394814065,57.3386855449217,62.4961449454144,67.0127141046523,67.3454625620741,61.5081679270039,63.3955703779154,57.9378377167134,66.260972997468,62.8584881152736,69.6056555938898,51.2351739179695,66.6430618513034,68.1855654540918,51.1650688439356,69.6567205155936,47.7376257157638
60.2789664308744,66.8237973447361,66.9204158503532,63.0162996789728,65.9356851675851,63.7563524267764,68.7528495219067,63.7095170569813,56.2977866566063,56.189248876784,68.3276579401618,46.7279817220869,65.2698405095333,50.5024839884861,63.2888394814065,57.3386855449217,62.4961449454144,67.0127141046523,67.3454625620741,61.5081679270039,63.3955703779154,57.9378472809656,66.260972997468,62.8584881152736,69.6056555938898,51.2351739179695,66.6430618513034,68.1855654540918,51.1650688439356,69.6567205155936,47.7376257157638
60.2798213929445,66.8237973447361,66.9204158503532,63.0162996789728,65.9356851675851,63.7563524267764,68.7528495219067,63.7095170569813,56.2977866566063,56.189248876784,68.3276579401618,46.7279817220869,65.2698405095333,50.5024839884861,63.2888394817177,57.3386855449217,62.4961867468435,67.0127141046523,67.3454625620741,61.5081679270039,63.3955703779154,57.9378472809656,66.260972997468,62.8584881152736,69.6056555938898,51.2351739179695,66.6430618513034,68.1855654540918,51.1650688439356,69.6567205155936,47.7376257157638
60.2798213929445,66.8237973447361,66.9204847090974,63.0162996789728,65.9356851675851,63.7563524267764,68.7528495219067,63.7095170569813,56.2977866566063,56.189248876784,68.3276579401618,46.7279817220869,65.2698405095333,50.5028238927372,63.2888394817177,57.3386855449217,62.4961867468435,67.0127141046523,67.3454625620741,61.5081679270039,63.3955703779154,57.9378472809656,66.260972997468,62.8584881152736,69.6056555938898,51.2351739179695,66.6430618513034,68.1855654540918,51.1650688439356,69.6567205155936,47.7376257157638
60.2798213929445,66.8239577075923,66.9204847090974,63.0162996789728,65.9361985929695,63.7563524267764,68.7528495219067,63.7095170569813,56.2977866566063,56.189248876784,68.3276579401618,46.7279817220869,65.2698405095333,50.5028238927372,63.2888394817177,57.3386855449217,62.4961867468435,67.0127141046523,67.3454625620741,61.5081999190351,63.3955703779154,57.9378472809656,66.260972997468,62.8584881152736,69.6056555938898,51.2351754334597,66.6430618513034,68.1855654540918,51.1650688439356,69.6567205155936,47.7376257157638
60.2798213929445,66.8239577075923,66.9204847090974,63.0162996789728,65.9361985929695,63.7563524267764,68.7528495219067,63.7095170569813,56.2977866566063,56.1892838499006,68.3276579401618,46.7279817220869,65.2698405095333,50.5028238927372,63.2888394817177,57.3386855449217,62.4961867468435,67.0127141046523,67.3454625620741,61.5081999190351,63.3955703779154,57.9378472809656,66.260972997468,62.8584881152736,69.6056555938898,51.2351754334597,66.6430618513034,68.1855654540918,51.1650688439356,69.6567205155936,47.7376257157638
60.2798213929445,66.8239577075923,66.9204847090974,63.0166866268748,65.9361985929695,63.7563524267764,68.7528521424747,63.7095170569813,56.2977866566063,56.1892838499006,68.3276579401618,46.7279817220869,65.2698405095333,50.5028238927372,63.2888394817177,57.3386855449217,62.4961867468435,67.0127141046523,67.3454625620741,61.5081999190351,63.3955757458162,57.9378475343861,66.260972997468,62.8584881152736,69.6056555938898,51.2351754334597,66.6430618513034,68.1855654540918,51.1650688439356,69.6567205155936,47.7376257157638
60.2798213929445,66.8239577075923,66.9204847090974,63.0166866268748,65.9361985929695,63.7563524267764,68.7529221273397,63.7095170569813,56.3085817821492,56.1892838499006,68.3276579401618,46.7279817220869,65.2698405095333,50.5028238927372,63.2888394817177,57.3386855449217,62.4961867468435,67.0127141046523,67.3454625620741,61.5081999190351,63.3956009142465,57.9378475343861,66.260972997468,62.8584881152736,69.6056555938898,51.2351754334597,66.6430618513034,68.1855654540918,51.1666379205041,69.6567205155936,47.7376257157638
60.2798213929445,66.8239577075923,66.9204847090974,63.0166866268748,65.9361985929695,63.7563524267764,68.7529221273397,63.7095170569813,56.320164057528,56.1892838499006,68.3276579401618,46.7279817220869,65.2698405095333,50.5028238927372,63.2888394817177,57.3386855449217,62.4961867468435,67.0127141046523,67.3454625620741,61.5081999190351,63.3956009142465,57.9378475343861,66.260972997468,62.8584881152736,69.6056555938898,51.2351842167091,66.6431816125636,68.1855654540918,51.1666379205041,69.6567205155936,47.7376257157638
60.2798213929445,66.8239577075923,66.9214094345859,63.0166866268748,65.9361985929695,63.7563524267764,68.7529221273397,63.7095170569813,56.320164057528,56.1892838499006,68.3352231357072,46.7280333850214,65.2698405095333,50.5028238927372,63.288839481733,57.3386855449217,62.4961903211734,67.0127141046523,67.3454625620741,61.5081999190351,63.3956009142465,57.9378475343861,66.260972997468,62.8584881152736,69.6056555938898,51.2351842167091,66.6431816125636,68.1855654540918,51.1666379205041,69.6567205155936,47.7376257157638
60.2798213929445,66.8239577075923,66.9214094345859,63.0166866268748,65.9361985929695,63.7563524267764,68.7529221273397,63.7095170569813,56.320164057528,56.1892838499006,68.3996869651048,46.7280333850214,65.2698405095333,50.5028238927372,63.288839481733,57.3386855449217,62.4961903211734,67.0127141046523,67.3454625620741,61.5081999190351,63.3956009142465,57.9378506328052,66.260972997468,62.8584881152736,69.6056555938898,51.2351842167091,66.6431816125636,68.1855654540918,51.1666379205041,69.6567205155936,47.7376257157638
60.2798213929445,66.8239577075923,66.9214094345859,63.0166866268748,65.9369849830356,63.7563524267764,68.7529221273397,63.7095170569813,56.320164057528,56.1894048256183,68.3996869651048,46.7280333850214,65.2698405095333,50.5028238927372,63.2888394825015,57.3386855449217,62.4961903211734,67.0127141046523,67.3454625620741,61.5081999190351,63.3956067254137,57.9378712133775,66.260972997468,62.8584881152736,69.6056555938898,51.2351842167091,66.6431816125636,68.1855654540918,51.1666379205041,69.6567205155936,47.7376257157638
60.2798213929445,66.8239577075923,66.9214094345859,63.0166866268748,65.9369849830356,63.7563524267764,68.7529221273397,63.7095170569813,56.320164057528,56.1894048256183,68.3996869651048,46.7280333850214,65.2698405095333,50.5028238927372,63.2888394825015,57.3386855449217,62.4961903211734,67.0127141046523,67.3454625620741,61.5081999190351,63.3956067254137,57.9378712133775,66.260972997468,62.8584881152736,69.6056555938898,51.2351842167091,66.6431816125636,68.1855654540918,51.1666379205041,69.6567205155936,47.7376257157638
60.2798213929445,66.8239577075923,66.9214094345859,63.0166866268748,65.9369849830356,63.7563524267764,68.7529221273397,63.7095170569813,56.320164057528,56.1894048256183,68.3996869651048,46.7280333850214,65.2698405095333,50.5028238927372,63.2888394825015,57.3386855449217,62.4961903211734,67.0127141046523,67.3454625620741,61.5081999190351,63.3956067254137,57.9378712133775,66.260972997468,62.8584881152736,69.6056555938898,51.2351842167091,66.6431816125636,68.1855654540918,51.1666379205041,69.6567205155936,47.7376257157638
60.2798213929445,66.8239577075923,66.9214094345859,63.0166866268748,65.9369849830356,63.7563524267764,68.7529221273397,63.7095170569813,56.320164057528,56.1894048256183,68.3996869651048,46.7280333850214,65.2698405095333,50.5028238927372,63.2888394825015,58.2294035838186,62.4961903211734,67.0127141046523,67.3454625620741,61.5081999190351,63.3956067254137,57.9378712133775,66.260972997468,62.8584881152736,69.6056555938898,51.2351842167091,66.6431816125636,68.1855654540918,51.1666379205041,69.6567205155936,47.7376257157638
60.2798213929445,66.8239577075923,66.9214094345859,63.0166866268748,65.9369849830356,63.7563524267764,68.7529221273397,63.7095170569813,56.320164057528,56.1894048256183,68.3996869651048,46.7280333850214,65.2698405095333,50.5028238927372,63.2888394825015,58.2294035838186,62.4961903211734,67.0127141046523,67.3454625620741,61.5081999190351,63.3956067254137,57.9378712133775,66.260972997468,62.8584881152736,69.6056555938898,51.2351842167091,66.6432774682993,68.1855654540918,51.1666379205041,69.6567205155936,47.7376257157638
60.2798213929445,66.8239577075923,66.9214094345859,63.0166866268748,65.9369849830356,63.7563524267764,68.7529221273397,63.7095170569813,56.320164057528,56.1894048256183,68.3996869651048,46.7280333850214,65.2698405095333,50.5028238927372,63.2888394825015,58.2294035838186,62.4961903211734,67.0127141046523,67.3454625620741,61.5081999190351,63.3956067254137,57.9378712133775,66.260972997468,62.8584881152736,69.6056555938898,51.2351842167091,66.6432774682993,68.1855654540918,51.1673738005058,69.6567205155936,47.7376257157638
60.2798213929445,66.8239577075923,66.9214094345859,63.0166866268748,65.9369849830356,63.7563524267764,68.7529221273397,63.7095170569813,56.320164057528,56.1894048256183,68.3996869651048,46.7280333850214,65.2698405095333,50.5028238927372,63.2888394825015,58.2294035838186,62.4961903211734,67.0127141046523,67.3454625620741,61.5081999190351,63.3956067254137,57.9378712133775,66.260972997468,62.8584881152736,69.6056555938898,51.235184948673,66.6432774682993,68.1855654540918,51.1673738005058,69.6567205155936,47.7376257157638
60.2798213929445,66.8239577075923,66.9214094345859,63.0175264704237,65.9381474711682,63.7563524267764,68.7529297315016,63.7095170569813,56.320164057528,56.1894048256183,68.3996869651048,46.7283767268543,65.2698405095333,50.5028238927372,63.2888394825222,58.2294035838186,62.4961903211734,67.0127141046523,67.3454625620741,61.5081999190351,63.3956067254137,57.9378712133775,66.260972997468,62.8584881152736,69.6056555938898,51.235184948673,66.6432774682993,68.1881083808021,51.1673738005058,69.6567205155936,47.7376257157638
60.2798213929445,66.8239577075923,66.9214094345859,63.0175264704237,65.9381474711682,63.7563524267764,68.7529297315016,63.7095170569813,56.320164057528,56.1894048256183,68.3996869651048,46.729029462987,65.2698405095333,50.5028238927372,63.2888394825222,58.2294035838186,62.4961903211734,67.0127141046523,67.3454625620741,61.5081999190351,63.3956067254137,57.9378712133775,66.260972997468,62.8584881152736,69.6056555938898,51.235184948673,66.6432774682993,68.1881083808021,51.1673738005058,69.6567205155936,47.7376257157638
60.2798213929445,66.8239970088793,66.9214094345859,63.0175264704237,65.9381474711682,63.7563524267764,68.7529297315016,63.7095170569813,56.320164057528,56.1894048256183,68.3996869651048,46.729029462987,65.2698405095333,50.5028238927372,63.2888394825222,58.2294035838186,62.4961903211734,67.0127141046523,67.3454625620741,61.5081999190351,63.3956067254137,57.9378789328188,66.260972997468,62.8584881152736,69.6056555938898,51.235184948673,66.6432774682993,68.1881083808021,51.1673738005058,69.6567205155936,47.7376257157638
60.2798213929445,66.8239970088793,66.9214094345859,63.0175264704237,65.9381474711682,63.7563524267764,68.7529297315016,63.7095170569813,56.320164057528,56.1894048256183,68.4389541146343,46.729029462987,65.2698405095333,50.5028238927372,63.2888394825222,58.2294035838186,62.4961903211734,67.0127141046523,67.3454625620741,61.5081999190351,63.395627932588,57.9378789328188,66.261893704056,62.8584881152736,69.6056555938898,51.235184948673,66.6434437141055,68.1881083808021,51.1673738005058,69.6567205155936,47.7376257157638
60.2798213929445,66.8239970088793,66.9214094345859,63.0175264704237,65.9381474711682,64.5212070140768,68.7529297315016,63.7095170569813,56.320164057528,56.1894048256183,68.4389541146343,46.729029462987,65.2698405095333,50.5028238927372,63.2888394825222,58.2294035838186,62.4961903211734,67.0127141046523,67.3454625620741,61.5081999190351,63.395627932588,57.9378789328188,66.261893704056,62.8584881152736,69.6056555938898,51.235184948673,66.6434437141055,68.1881083808021,51.1673738005058,69.6567205155936,47.7376257157638
60.2798213929445,66.8239970088793,66.9214094345859,63.0175264704237,65.9381474711682,64.5212070140768,68.7529297315016,63.7095170569813,56.320164057528,56.1894048256183,68.4389541146343,46.729029462987,65.2698405095333,50.5028238927372,63.2888394828654,58.2294035838186,62.4961903211734,67.0127141046523,67.3454625620741,61.5081999190351,63.395627932588,57.9378789328188,66.261893704056,62.8584881152736,69.6056555938898,51.235184948673,66.6434437141055,68.1881083808021,51.1673738005058,69.6567205155936,47.7376257157638
60.2798213929445,66.8239970088793,66.9214094345859,63.0175264704237,65.9381474711682,64.5212070140768,68.7529297315016,63.7095170569813,56.320164057528,56.1894048256183,68.4389541146343,46.729029462987,65.2698405095333,50.5028238927372,63.2888394828654,58.2294035838186,62.4961903211734,67.0127141046523,67.3454625620741,61.5081999190351,63.395627932588,57.9378789328188,66.261893704056,62.8584881152736,69.6056555938898,51.235184948673,66.6434437141055,68.1881083808021,51.1673738005058,69.6567205155936,47.7376257157638
60.2798213929445,66.8239970088793,66.9214094345859,63.0175264704237,65.9381474711682,64.5212070140768,68.7529297315016,63.7095170569813,56.320164057528,56.1894048256183,68.4389541146343,46.729029462987,65.2698405095333,50.5028238927372,63.2888394829194,58.3826398355105,62.4961903211734,67.0127141046523,67.3454625620741,61.5081999190351,63.395627932588,57.9378789328188,66.261893704056,62.8584881152736,69.6056555938898,51.235184948673,66.6434437141055,68.1881083808021,51.1673738005058,69.6567205155936,47.7376257157638
60.2798213929445,66.8239970088793,66.9214094345859,63.0175264704237,65.9381474711682,64.5212070140768,68.7529297315016,63.7095170569813,56.320164057528,56.1894048256183,68.4389541146343,46.729029462987,65.2698405095333,50.5028238927372,63.2888394829194,58.3826398355105,62.4961903211734,67.0127141046523,67.3454625620741,61.5081999190351,63.395627932588,57.9378789328188,66.261893704056,62.8584881152736,69.6056555938898,51.235184948673,66.6434437141055,68.1881083808021,51.1673738005058,69.6567205155936,47.7376257157638
60.2798213929445,66.8239970088793,66.9214094345859,63.0175264704237,65.9381474711682,64.5212070140768,68.7529297315016,63.7095170569813,56.320164057528,56.1894048256183,68.4389541146343,46.729029462987,65.2698405095333,50.5028238927372,63.2888394829194,58.3826398355105,62.4961903211734,67.0127141046523,67.3454625620741,61.5081999190351,63.395627932588,57.9378789328188,66.261893704056,62.8584881152736,69.6056555938898,51.235184948673,66.6434863532353,68.1881083808021,51.1673738005058,69.6582166899091,47.7376257157638
60.2798213929445,66.8239970088793,66.9214094345859,63.0175264704237,65.9381474711682,64.5212070140768,68.7529297315016,63.7095170569813,56.320164057528,56.1894048256183,68.4389541146343,46.729029462987,65.2698405095333,50.5028238927372,63.2888394829194,58.3826398355105,62.4961903211734,67.0127141046523,67.3454625620741,61.5081999190351,63.395627932588,57.9378789328188,66.261893704056,62.8584881152736,69.6056555938898,51.235184948673,66.6435583606119,68.1881083808021,51.1673738005058,69.6582166899091,47.7376257157638
60.2798213929445,66.8239970088793,66.9214094345859,63.0175264704237,65.9381474711682,64.5212070140768,68.7529297315016,63.7095170569813,56.320164057528,56.1894048256183,68.4389541146343,46.729029462987,65.2698405095333,50.5028238927372,63.2888394829194,58.3826398355105,62.4961903211734,67.0127141046523,67.3454625620741,61.5081999190351,63.395627932588,57.9378789328188,66.261893704056,62.8584881152736,69.6056555938898,51.235184948673,66.6435583606119,68.1881083808021,51.1673738005058,69.6582166899091,47.7376257157638
60.2798213929445,66.8239970088793,66.9214094345859,63.0175264704237,65.9381474711682,64.5212070140768,68.7529297315016,63.7095170569813,56.320164057528,56.1894048256183,68.4389541146343,46.729029462987,65.2698405095333,50.5028238927372,63.2888394829194,58.3826398355105,62.4961903211734,67.0127141046523,67.3454625620741,61.5082012901748,63.395627932588,57.9378789328188,66.261893704056,62.8584881152736,69.6056555938898,51.235184948673,66.6435583606119,68.1881083808021,51.1673738005058,69.6582166899091,47.8810278131211
60.2798213929445,66.8239970088793,66.9214094345859,63.0175264704237,65.93890810701,64.5212070140768,68.7529297315016,63.7095170569813,56.320164057528,56.1894048256183,68.4389541146343,46.729029462987,65.2698405095333,50.5028238927372,63.2888394829194,58.6057086369293,62.4961903211734,67.0127141046523,67.3454625620741,61.5082012901748,63.395627932588,57.9378789328188,66.261893704056,62.8584881152736,69.6056555938898,51.235184948673,66.6435583606119,68.1881083808021,51.1673738005058,69.6582166899091,47.8810278131211
60.2798213929445,66.8239970088793,66.9214094345859,63.0175264704237,65.9391191108237,64.5212070140768,68.7529297315016,63.7095170569813,56.3287020219461,56.1894048256183,68.4389541146343,46.729029462987,65.2698405095333,50.5028238927372,63.2888394829194,58.6057086369293,62.4961903211734,67.0127141046523,67.3454625620741,61.5082012901748,63.395627932588,57.9378789328188,66.261893704056,62.8584881152736,69.6056555938898,51.235184948673,66.643755936829,68.1888019879752,51.1673738005058,69.6582166899091,47.8810278131211
60.2798213929445,66.8239970088793,66.9214094345859,63.0175264704237,65.9391191108237,64.5212070140768,68.7529297315016,63.7095170569813,56.3287020219461,56.1894761404126,68.4389541146343,46.729029462987,65.2698405095333,50.5028238927372,63.2888394829194,58.6057086369293,62.4961903211734,67.0127141046523,67.3454625620741,61.5082012901748,63.395627932588,57.9378789328188,66.261893704056,62.8584881152736,69.6056555938898,51.235184948673,66.643755936829,68.1888019879752,51.1673738005058,69.6582166899091,47.8810278131211
60.2798213929445,66.8239970088793,66.9214094345859,63.0175264704237,65.9391191108237,64.5212070140768,68.7529297315016,63.7095170569813,56.3287020219461,56.1894761404126,68.4389541146343,46.729029462987,65.2698405095333,50.5028238927372,63.2888394829194,58.6057086369293,62.4961903211734,67.0127141046523,67.3454625620741,61.5082012901748,63.395627932588,57.9378876345987,66.261893704056,62.8584881152736,69.6056555938898,51.235184948673,66.643755936829,68.1888019879752,51.1673738005058,69.6582166899091,47.8810278131211
60.2798213929445,66.8239970088793,66.921776194354,63.0175264704237,65.9391191108237,64.5212070140768,68.7529297315016,63.7095170569813,56.3287020219461,56.1894761404126,68.4389541146343,46.7292806833896,65.2698405095333,50.5028238927372,63.2888394829194,58.6057086369293,62.4961903211734,67.0127141046523,67.3454625620741,61.5082012901748,63.3956284919789,57.9378876345987,66.261893704056,62.8584881152736,69.6056555938898,51.235184948673,66.643755936829,68.1888019879752,51.1673738005058,69.6582166899091,47.8810278131211
60.2798213929445,66.8239970088793,66.921776194354,63.0175264704237,65.9391191108237,64.5212070140768,68.7529297315016,63.7095170569813,56.3287020219461,56.1894761404126,68.4389541146343,46.7292806833896,65.2698405095333,50.5028238927372,63.2888394829566,58.6057086369293,62.4961903211734,67.0127141046523,67.3458944336683,61.5082130810636,63.3956284919789,57.9378876345987,66.261893704056,62.8584881152736,69.6056555938898,51.235184948673,66.643755936829,68.1888019879752,51.1673738005058,69.6582166899091,47.8810278131211
60.2798213929445,66.8239970088793,66.921776194354,63.0175264704237,65.9391191108237,64.5212070140768,68.7529297315016,63.7095170569813,56.3287020219461,56.1894761404126,68.4389541146343,46.7292806833896,65.2765528778135,50.5028238927372,63.2888394829566,58.6057086369293,62.4961903211734,67.0127141046523,67.3458944336683,61.5082130810636,63.3956284919789,57.9378876345987,66.2623579001199,62.8584881152736,69.6056555938898,51.235184948673,66.643755936829,68.1888019879752,51.1673738005058,69.6582166899091,47.8810278131211
60.2798213929445,66.8239970088793,66.921776194354,63.0175264704237,65.9391191108237,64.5212070140768,68.7529492406237,63.7095170569813,56.3287020219461,56.1894761404126,68.4389541146343,46.7292806833896,65.2765528778135,50.5028238927372,63.2888394829566,58.6057086369293,62.4961903211734,67.0127141046523,67.3458944336683,61.5082130810636,63.3956284919789,57.9378876345987,66.2623579001199,62.8584881152736,69.6056555938898,51.235184948673,66.643755936829,68.1888019879752,51.1673738005058,69.6582166899091,47.8810278131211
60.2807711099668,66.8239970088793,66.921776194354,63.0175264704237,65.9391191108237,64.5212070140768,68.7529492406237,63.7095170569813,56.3351746762993,56.1894761404126,68.4389541146343,46.7292806833896,65.2765528778135,50.5028238927372,63.2888394829566,58.6057086369293,62.4961903211734,67.0127141046523,67.3458944336683,61.5082130810636,63.3956284919789,57.9378876345987,66.2623579001199,62.8584881152736,69.6056555938898,51.2351854411506,66.6439156966691,68.1888019879752,51.1673738005058,69.6582166899091,48.6694148631645
60.2807711099668,66.8239970088793,66.921776194354,63.0175264704237,65.9391191108237,64.5212070140768,68.7529492406237,63.7095170569813,56.3351746762993,56.1894761404126,68.4389541146343,46.7292806833896,65.2765528778135,50.5028238927372,63.2888394829566,58.6057086369293,62.4961903211734,67.0127141046523,67.3458944336683,61.5082130810636,63.3956353762096,57.9378876345987,66.2623579001199,62.8584987732404,69.6056555938898,51.2351854411506,66.644074432351,68.1890964879783,51.1673738005058,69.6582166899091,48.6694148631645
60.2807711099668,66.8239991675189,66.921776194354,63.0175680850599,65.9391191108237,64.5212070140768,68.7529492406237,63.7095170569813,56.3351746762993,56.1894761404126,68.4389541146343,46.7292806833896,65.2765528778135,50.5028238927372,63.2888394829976,58.6057086369293,62.4961903211734,67.0127141046523,67.3458944336683,61.5082130810636,63.3956353762096,57.9378876345987,66.2623579001199,62.8584987732404,69.6056555938898,51.2351854411506,66.644074432351,68.1890964879783,51.1673738005058,69.6582166899091,48.6694148631645
60.2807711099668,66.8239991675189,66.921776194354,63.0180666506491,65.9391191108237,64.5212070140768,68.7529492406237,63.7095170569813,56.3351746762993,56.1894761404126,68.4389541146343,46.7292806833896,65.2765528778135,50.5028238927372,63.2888394829976,58.6057086369293,62.4961903211734,67.0127141046523,67.3458944336683,61.5082130810636,63.3956353762096,57.9378876345987,66.2623579001199,62.8584987732404,69.6065893649737,51.2351854411506,66.644074432351,68.1890964879783,51.1673738005058,69.6582166899091,48.6694148631645
60.2807711099668,66.8239991675189,66.921776194354,63.0180666506491,65.9391191108237,64.5212070140768,68.7529492406237,63.7095170569813,56.3351746762993,56.1894761404126,68.4389541146343,46.7292806833896,65.2765528778135,50.5028238927372,63.2888394829976,59.0223164111806,62.4961903211734,67.0127141046523,67.3463635674586,61.5082130810636,63.3956353762096,57.9378876345987,66.2623579001199,62.8584987732404,69.6065893649737,51.2351866490018,66.644074432351,68.1890964879783,51.1673738005058,69.6582166899091,48.6694148631645
60.2807711099668,66.8239991675189,66.921776194354,63.0180666506491,65.9391191108237,64.5212070140768,68.7529648134112,63.7095170569813,56.3351746762993,56.1894761404126,68.4389541146343,46.7292806833896,65.2765528778135,50.5028584921294,63.2888394829976,59.0223164111806,62.4961903211734,67.0127141046523,67.3463635674586,61.5082130810636,63.3956353762096,57.9378944543386,66.2623579001199,62.8584987732404,69.6065893649737,51.2351871302823,66.644074432351,68.1890964879783,51.1673738005058,69.6582166899091,48.6694148631645
60.2807711099668,66.8239991675189,66.921776194354,63.0180666506491,65.9391191108237,64.5212070140768,68.7529648134112,63.7095170569813,56.3351746762993,56.1894761404126,68.4389541146343,46.7292806833896,65.2765528778135,50.5028584921294,63.2888394829976,59.0223164111806,62.4961903211734,67.0127141046523,67.3463635674586,61.5082130810636,63.3956353762096,57.9378944543386,66.2627023977778,62.8584987732404,69.6065893649737,51.2351871302823,66.644074432351,68.1890964879783,51.1673738005058,69.6582166899091,48.6694148631645
60.2807711099668,66.8239991675189,66.921776194354,63.0180666506491,65.9391191108237,64.5212070140768,68.7529648134112,63.7095170569813,56.3351746762993,56.1894761404126,68.4389541146343,46.7292806833896,65.2765528778135,50.5028584921294,63.2888394829998,59.0223164111806,62.4961903211734,67.0127141046523,67.3463635674586,61.5082130810636,63.3956353762096,57.9378944543386,66.2634589095711,62.8584987732404,69.6065893649737,51.2351871302823,66.644074432351,68.1902723948013,51.1673738005058,69.6582166899091,48.6694148631645
60.2807711099668,66.8239991675189,66.921776194354,63.018495179657,65.9392345197745,64.5212070140768,68.7529648134112,63.7148062836672,56.3351746762993,56.1894761404126,68.4389541146343,46.7300961910455,65.2765528778135,50.5028584921294,63.2888394829998,59.0223164111806,62.4961903211734,67.0179776303493,67.3463635674586,61.5082130810636,63.3956353762096,57.9378944543386,66.2634589095711,62.8584987732404,69.6065893649737,51.2351871302823,66.6442889069968,68.1902723948013,51.1673738005058,69.6582166899091,48.6694148631645
60.2807711099668,66.8239991675189,66.921776194354,63.018495179657,65.9392345197745,64.5212070140768,68.7529648134112,63.7148062836672,56.3351746762993,56.1894761404126,68.4389541146343,46.7300961910455,65.2765528778135,50.5028584921294,63.2888394830058,59.0223164111806,62.4961903211734,67.0179776303493,67.3463635674586,61.5082130810636,63.3956353762096,57.9378944543386,66.2634589095711,62.8584987732404,69.6065893649737,51.2351876089662,66.6442889069968,68.1902723948013,51.1673738005058,69.6582166899091,48.6694148631645
60.2807711099668,66.8239991675189,66.921776194354,63.018495179657,65.9392345197745,64.5212070140768,68.7529648134112,63.7148062836672,56.3351746762993,56.1894761404126,68.4389541146343,46.7300961910455,65.2765528778135,50.5028584921294,63.2888394830058,59.6268753363617,62.4961903211734,67.0179776303493,67.3463635674586,61.5082130810636,63.3956353762096,57.9378969000219,66.2634589095711,62.8584987732404,69.6065893649737,51.2351876089662,66.6442889069968,68.1902723948013,51.1673738005058,69.6582166899091,49.5767909344946
60.2807711099668,66.824006711423,66.921776194354,63.018495179657,65.9392345197745,64.5212070140768,68.7529648134112,63.7148062836672,56.3351746762993,56.1894761404126,68.4389541146343,46.7300961910455,65.2765528778135,50.5028584921294,63.2888394830622,59.6268753363617,62.4961990323227,67.0179776303493,67.3464978135936,61.5082130810636,63.3956353762096,57.9378969000219,66.2634589095711,62.8584987732404,69.6065893649737,51.2351876089662,66.6442889069968,68.1902723948013,51.1673738005058,69.6582166899091,49.5767909344946
60.2807711099668,66.824006711423,66.921776194354,63.018495179657,65.9392345197745,64.5212070140768,68.7529648134112,63.7148062836672,56.3351746762993,56.1894761404126,68.4389541146343,46.7300961910455,65.2765528778135,50.5028584921294,63.2888394830622,59.6268753363617,62.4961990323227,67.0179776303493,67.3464978135936,61.5082130810636,63.3956353762096,57.9378969000219,66.2634589095711,62.8584987732404,69.6065893649737,51.2351876089662,66.6442889069968,68.1902723948013,51.1673738005058,69.6582166899091,49.5767909344946
60.2807711099668,66.824006711423,66.9218796325903,63.018495179657,65.9392345197745,64.5212070140768,68.7529648134112,63.7148062836672,56.3351746762993,56.1894761404126,68.4389541146343,46.7300961910455,65.2765528778135,50.5028584921294,63.2888394830963,59.6268753363617,62.4961990323227,67.0179776303493,67.3464978135936,61.5082130810636,63.3956353762096,57.9378969000219,66.2636974970778,62.8584987732404,69.6065893649737,51.2351876089662,66.6442889069968,68.1902723948013,51.1673738005058,69.6582166899091,49.5767909344946
60.2807711099668,66.824006711423,66.922002574991,63.018495179657,65.9392345197745,64.5212070140768,68.7529648134112,63.7148062836672,56.3351746762993,56.1894761404126,68.4545144715422,46.7300961910455,65.2765528778135,50.5028584921294,63.2888394830963,59.6268753363617,62.4961990323227,67.0179776303493,67.3464978135936,61.5082130810636,63.3956353762096,57.9378969000219,66.2636974970778,62.8584987732404,69.6065893649737,51.2351885434053,66.6442889069968,68.1902723948013,51.1682130593683,69.6582166899091,49.5767909344946
60.2807711099668,66.824006711423,66.922002574991,63.018495179657,65.9392345197745,64.5212070140768,68.7529667852662,63.7313416505944,56.3351746762993,56.1894761404126,68.4545144715422,46.7300961910455,65.2765528778135,50.5028584921294,63.2888394830963,59.6268753363617,62.4961990323227,67.0179776303493,67.3464978135936,61.5082130810636,63.3956353762096,57.9378969000219,66.2636974970778,62.8584987732404,69.6065893649737,51.2351885434053,66.6442889069968,68.1902723948013,51.1682130593683,69.6582166899091,49.5767909344946
60.2807711099668,66.824006711423,66.922002574991,63.018495179657,65.9398142236147,64.5212070140768,68.7529667852662,63.7313416505944,56.3351746762993,56.1894761404126,68.4545144715422,46.7300961910455,65.2765528778135,50.5028584921294,63.2888394830963,59.6268753363617,62.4961990323227,67.0179776303493,67.3464978135936,61.5082130810636,63.3956353762096,57.9378969000219,66.2636974970778,62.8584987732404,69.6065893649737,51.2351885434053,66.6442889069968,68.1902723948013,51.1682130593683,69.6582166899091,49.5767909344946
60.2807711099668,66.824006711423,66.922002574991,63.018495179657,65.9398142236147,64.5212070140768,68.7529667852662,63.7313416505944,56.3351746762993,56.1894761404126,68.4545144715422,46.7300961910455,65.2765528778135,50.5029700164007,63.2888394830963,60.0131797021515,62.4961990323227,67.0179776303493,67.3464978135936,61.5082418394714,63.3956353762096,57.9378969000219,66.2636974970778,62.8584987732404,69.6065893649737,51.2351885434053,66.6442889069968,68.1902723948013,51.1682130593683,69.6582166899091,49.5767909344946
60.2807711099668,66.824006711423,66.922002574991,63.018495179657,65.9398142236147,64.5212070140768,68.7529667852662,63.7313416505944,56.3351746762993,56.1894761404126,68.4545144715422,46.7300961910455,65.2765528778135,50.5029700164007,63.2888394831672,60.0131797021515,62.4962168353146,67.0179776303493,67.3465103354453,61.5082418394714,63.3956353762096,57.9378969000219,66.2636974970778,62.8584987732404,69.6065893649737,51.2351885434053,66.6442889069968,68.1902723948013,51.1682130593683,69.6582166899091,49.5767909344946
