-86.5933698659789,-67.0463492609825,-118.653212620183,-178.028634867096,-85.3254355460252,-350.495525824246,-72.2958170688818,-79.8008906968447,-68.2699172954486,-81.7832108182666,-394.116405178696,-89.3035463501836,-106.903012462193,-49.7648393116276,-235.99322406676,-43.5686648933086,-79.5945266912943,-161.630033640628,-232.403226326094,-96.0402710282939,-321.394917789505,-94.5195302660024,-149.750223483858,-88.0973685678892,-169.36456002794,-107.605357927904,-169.568784471711,-178.12083920535,-85.9503630284931,-246.718842214842,-201.892609849564
-39.5160996531358,11.8162735564477,-18.2796330871023,-32.5401010216295,31.6161303248247,-53.0976041612312,34.2914195203341,-31.6983055551541,-39.0782724549914,-26.776684148064,-247.856781742741,-89.3035463501836,-56.6163084879513,21.2026188362267,-60.6956197414588,-38.0104915160262,-4.08714284290048,-87.3844146396777,-88.676270524644,7.02274577473229,-109.260153763025,5.41746483269101,-75.2066063377568,-18.4849285339532,-57.5029887726126,-62.236899715005,-84.9408570737068,-14.2497821489864,33.9031079666272,-131.762116474277,-139.958673398775
4.7023873588596,11.8162735564477,0.664411759407216,-32.5401010216295,31.6161303248247,-48.2177620122872,34.2914195203341,-22.8515886164954,-29.2324797505239,-9.36269021743506,-237.016310702831,-65.5848702165471,-33.7133751942907,21.2026188362267,-41.1570792771568,-28.9381977844063,-4.08714284290048,-82.4253546038569,-66.6221737410304,7.02274577473229,-109.260153763025,5.41746483269101,-51.5418208648456,-18.4849285339532,-57.5029887726126,7.13988633908516,-73.9668931381776,-14.2497821489864,33.9031079666272,-97.0036117085385,-139.958673398775
4.7023873588596,11.8162735564477,0.664411759407216,-22.5257732279698,31.6161303248247,-48.2177620122872,34.2914195203341,17.0560596122761,-5.47207383992085,-3.03462703158462,-59.7492332269985,-64.5835512284323,-32.8808934109222,34.5257048001081,-41.1570792771568,-17.8315500414985,15.0567589804423,-82.4253546038569,-29.8492572588582,7.02274577473229,-109.260153763025,5.41746483269101,-51.5418208648456,-6.81370588362532,-57.5029887726126,7.13988633908516,-63.7601126575848,-14.2497821489864,33.9031079666272,-96.1793477811955,-129.154354554945
4.7023873588596,11.8162735564477,0.664411759407216,-22.5257732279698,31.6161303248247,-48.2177620122872,34.2914195203341,17.0560596122761,-5.47207383992085,9.07509190899882,-59.7492332269985,-23.3897564026354,-32.8808934109222,34.5257048001081,-41.1570792771568,-17.8315500414985,15.0567589804423,-82.4253546038569,-29.8492572588582,7.02274577473229,-74.1278933197123,5.41746483269101,-51.5418208648456,4.57976634839832,-57.5029887726126,7.13988633908516,-37.4602610991035,-14.2497821489864,33.9031079666272,-96.1793477811955,-20.3087762089577
4.7023873588596,11.8162735564477,0.664411759407216,-22.5257732279698,31.6161303248247,-48.2177620122872,34.2914195203341,17.0560596122761,-5.47207383992085,9.07509190899882,-59.179686703382,-23.3897564026354,-32.8808934109222,34.5257048001081,-41.1570792771568,5.46651375026939,15.0567589804423,-82.4253546038569,-25.2561025699301,7.02274577473229,-74.1278933197123,15.6116593278734,-26.2286237822905,4.57976634839832,-41.1981721373961,7.13988633908516,-37.4602610991035,-14.2497821489864,33.9031079666272,-96.1793477811955,-20.3087762089577
4.7023873588596,15.4822353051402,0.664411759407216,-22.5257732279698,33.3653412241507,-47.1668337611864,34.2914195203341,17.0560596122761,-5.47207383992085,9.07509190899882,-59.179686703382,-23.3897564026354,-32.8808934109222,34.5257048001081,-41.1570792771568,5.46651375026939,15.0567589804423,-82.4253546038569,-25.2561025699301,11.0945775651276,-74.1278933197123,15.6116593278734,-26.2286237822905,20.560023793198,-41.1981721373961,7.13988633908516,-37.4602610991035,-14.2497821489864,35.4138080025948,-17.5814704089387,-20.3087762089577
4.7023873588596,15.4822353051402,0.664411759407216,-22.5257732279698,33.3653412241507,-47.1668337611864,40.6839027406159,17.0560596122761,-5.47207383992085,9.07509190899882,-59.179686703382,-23.3897564026354,-32.8808934109222,34.5257048001081,-41.1570792771568,5.46651375026939,15.0567589804423,-21.4100632937972,-25.2561025699301,11.0945775651276,-74.1278933197123,15.6116593278734,-26.2286237822905,20.560023793198,-41.1981721373961,7.13988633908516,-37.4602610991035,-10.0739342221237,35.4138080025948,-17.5814704089387,-20.3087762089577
6.36709293894846,15.4822353051402,0.664411759407216,-22.5257732279698,33.3653412241507,-45.1240881965161,40.6839027406159,17.0560596122761,-5.47207383992085,25.6814482856767,-59.179686703382,-23.3897564026354,-32.8808934109222,34.5257048001081,-37.1926624079378,5.46651375026939,15.0567589804423,-21.4100632937972,-25.2561025699301,11.0945775651276,-74.1278933197123,15.6116593278734,-26.2286237822905,20.560023793198,-40.7903366637527,7.13988633908516,-37.4602610991035,-10.0739342221237,35.4138080025948,-17.5814704089387,-20.3087762089577
6.36709293894846,15.4822353051402,38.7184888747144,-22.5257732279698,33.3653412241507,-45.1240881965161,40.6839027406159,17.0560596122761,-5.47207383992085,25.6814482856767,-59.179686703382,-23.3897564026354,-20.6724506765678,34.5257048001081,-37.1926624079378,5.46651375026939,15.0567589804423,-21.4100632937972,-25.2561025699301,11.0945775651276,-74.1278933197123,15.6116593278734,-26.2286237822905,20.560023793198,-34.769299720808,8.32588751043449,-37.4602610991035,-10.0739342221237,35.4138080025948,-17.5814704089387,-20.3087762089577
6.36709293894846,15.4822353051402,38.7184888747144,-22.5257732279698,33.3653412241507,-45.1240881965161,40.6839027406159,17.0560596122761,14.0665638384622,25.6814482856767,-59.179686703382,-23.3897564026354,-20.6724506765678,37.2107962101309,-37.1926624079378,5.46651375026939,16.5635364611247,-21.4100632937972,34.8802470479567,11.0945775651276,-74.1278933197123,15.6116593278734,-26.2286237822905,20.560023793198,-34.769299720808,8.32588751043449,-33.1734850195321,-10.0739342221237,35.4138080025948,-17.5814704089387,-20.3087762089577
6.36709293894846,15.4822353051402,38.7184888747144,-19.2455596271422,33.3653412241507,-45.1240881965161,40.6839027406159,30.1627106041922,14.0665638384622,25.6814482856767,-53.7440306450252,-23.3897564026354,-20.6724506765678,37.2107962101309,-37.1926624079378,11.551256514629,28.0312131853962,-21.4100632937972,34.8802470479567,11.0945775651276,-74.1278933197123,15.6116593278734,-26.2286237822905,20.560023793198,-33.8234389274624,8.32588751043449,-33.1734850195321,-10.0739342221237,35.4138080025948,-17.5814704089387,-20.3087762089577
6.36709293894846,15.4822353051402,38.7184888747144,-19.2455596271422,33.3653412241507,-45.1240881965161,40.6839027406159,30.1627106041922,14.0665638384622,25.6814482856767,-53.7440306450252,-18.4082995239564,-20.6724506765678,37.2107962101309,-37.1926624079378,11.551256514629,29.8363713676572,-21.4100632937972,34.8802470479567,11.0945775651276,-74.1278933197123,15.6116593278734,-26.2286237822905,20.560023793198,-33.8234389274624,8.32588751043449,-33.1734850195321,-10.0739342221237,35.4138080025948,-17.5814704089387,-20.3087762089577
6.36709293894846,15.4822353051402,38.7184888747144,-19.2455596271422,33.3653412241507,-45.1240881965161,40.6839027406159,40.9921972224507,14.0665638384622,25.6814482856767,-53.7440306450252,-18.4082995239564,-20.6724506765678,37.2107962101309,-37.1926624079378,35.9651200702011,29.8363713676572,-21.4100632937972,34.8802470479567,11.0945775651276,-62.0257453197806,15.6116593278734,-26.2286237822905,29.0698544740501,-33.8234389274624,8.32588751043449,10.4228478236709,-10.0739342221237,35.4138080025948,-17.5814704089387,-14.3952761455744
6.36709293894846,15.4822353051402,38.7184888747144,-19.2455596271422,33.3653412241507,-45.1240881965161,40.6839027406159,40.9921972224507,14.0665638384622,25.6814482856767,-53.7440306450252,-18.4082995239564,-20.6724506765678,37.2107962101309,14.0422344401432,35.9651200702011,29.8363713676572,-21.4100632937972,34.8802470479567,11.0945775651276,-62.0257453197806,26.9057418869662,-26.2286237822905,29.0698544740501,-19.3202691002512,8.32588751043449,10.4228478236709,-10.0739342221237,35.4138080025948,-17.5814704089387,-14.3952761455744
6.36709293894846,15.4822353051402,38.7184888747144,-19.2455596271422,33.3653412241507,-23.5173413631835,40.6839027406159,40.9921972224507,14.0665638384622,25.6814482856767,-53.7440306450252,-18.4082995239564,-20.6724506765678,37.2107962101309,14.0422344401432,35.9651200702011,29.8363713676572,-21.4100632937972,34.8802470479567,11.0945775651276,-62.0257453197806,26.9057418869662,-20.3919932614286,29.0698544740501,-19.3202691002512,8.32588751043449,10.4228478236709,-10.0739342221237,35.4138080025948,-17.5814704089387,-14.3952761455744
6.36709293894846,15.4822353051402,38.7184888747144,-12.3727501656967,33.3653412241507,-23.5173413631835,40.6839027406159,40.9921972224507,14.0665638384622,25.6814482856767,-53.7440306450252,-18.4082995239564,-20.6724506765678,37.2107962101309,14.0422344401432,35.9651200702011,29.8363713676572,-21.4100632937972,34.8802470479567,11.0945775651276,-62.0257453197806,26.9057418869662,-20.3919932614286,29.0698544740501,-18.2107557504313,8.32588751043449,10.4228478236709,-10.0739342221237,35.4138080025948,-15.0003132995918,-14.3952761455744
6.36709293894846,15.4822353051402,38.7184888747144,-12.3727501656967,37.4796836517512,-23.5173413631835,40.6839027406159,40.9921972224507,14.0665638384622,25.6814482856767,-53.7440306450252,-18.4082995239564,-20.6724506765678,37.2107962101309,14.0422344401432,35.9651200702011,29.8363713676572,-16.0729197931983,34.8802470479567,11.0945775651276,-62.0257453197806,26.9057418869662,-20.3919932614286,29.0698544740501,-17.2043820701681,8.32588751043449,10.4228478236709,-9.20557736609675,35.4138080025948,-9.49043690710933,-14.3952761455744
6.36709293894846,22.3160946596483,38.7184888747144,-12.3727501656967,37.4796836517512,-23.5173413631835,40.6839027406159,40.9921972224507,14.0665638384622,25.6814482856767,-53.7440306450252,-18.4082995239564,-20.6724506765678,37.2107962101309,14.0422344401432,35.9651200702011,29.8363713676572,-16.0729197931983,34.8802470479567,15.3005029838498,-62.0257453197806,26.9057418869662,-20.3919932614286,29.0698544740501,-13.8838658713847,8.32588751043449,10.4228478236709,-5.23049024524441,36.5980459847985,-9.49043690710933,-14.3952761455744
10.306159035272,22.3160946596483,38.7184888747144,-12.3727501656967,37.4796836517512,-23.5173413631835,40.6839027406159,40.9921972224507,14.0665638384622,25.6814482856767,-53.7440306450252,-18.4082995239564,-20.6724506765678,37.2107962101309,14.0422344401432,35.9651200702011,29.8363713676572,-16.0729197931983,34.8802470479567,15.3005029838498,-62.0257453197806,26.9057418869662,-16.2041094681304,29.0698544740501,-10.3753901288525,8.32588751043449,10.4228478236709,-5.23049024524441,36.5980459847985,-9.49043690710933,-14.3952761455744
10.306159035272,22.3160946596483,44.9546627994459,-12.3727501656967,37.4796836517512,-23.5173413631835,40.9343200883355,40.9921972224507,14.0665638384622,26.8548545534096,-53.7440306450252,-18.4082995239564,-20.3061052458868,37.2107962101309,14.0422344401432,35.9651200702011,29.8363713676572,-16.0729197931983,34.8802470479567,15.3005029838498,-62.0257453197806,26.9057418869662,-8.94590596369563,29.0698544740501,-10.3753901288525,8.32588751043449,10.4228478236709,-5.23049024524441,36.5980459847985,-9.49043690710933,-14.3952761455744
16.6265537309911,22.3160946596483,44.9546627994459,-12.3727501656967,37.4796836517512,-23.5173413631835,42.046752464543,40.9921972224507,17.1577898532522,26.8548545534096,-53.7440306450252,-16.2399991094997,-20.3061052458868,37.2107962101309,14.0422344401432,35.9651200702011,29.8363713676572,-16.0729197931983,34.8802470479567,15.3005029838498,-62.0257453197806,26.9057418869662,-7.78320510180583,29.0698544740501,-10.3753901288525,11.9502124732404,10.4228478236709,-5.23049024524441,36.5980459847985,-9.49043690710933,-14.3952761455744
16.6265537309911,22.3160946596483,44.9546627994459,-8.55667950742563,37.4796836517512,-23.5173413631835,42.046752464543,40.9921972224507,24.5385334997185,26.8548545534096,-48.8893373183567,6.5490175804629,-18.9068928449248,40.4459083247199,14.0422344401432,35.9651200702011,29.8363713676572,-16.0729197931983,34.8802470479567,15.3005029838498,-62.0257453197806,26.9057418869662,-6.50911025975175,29.0698544740501,-10.3753901288525,11.9502124732404,10.4228478236709,-5.23049024524441,36.5980459847985,-9.49043690710933,-14.3952761455744
16.6265537309911,22.3160946596483,44.9546627994459,-8.55667950742563,37.4796836517512,-23.5173413631835,42.046752464543,40.9921972224507,24.6181116807178,26.8548545534096,-48.8893373183567,7.77333559913826,-18.9068928449248,40.4459083247199,14.0422344401432,35.9651200702011,30.5012947646769,-16.0729197931983,34.8802470479567,15.3005029838498,-62.0257453197806,26.9057418869662,-6.50911025975175,29.0698544740501,-10.3753901288525,11.9502124732404,18.9118389742232,-5.23049024524441,36.5980459847985,-9.49043690710933,-14.3952761455744
16.6265537309911,22.3160946596483,44.9546627994459,-8.55667950742563,37.4796836517512,-23.5173413631835,42.046752464543,42.6667252381016,24.6181116807178,26.8548545534096,-48.8893373183567,7.77333559913826,-18.9068928449248,40.4459083247199,14.0422344401432,35.9651200702011,30.5012947646769,-16.0729197931983,34.8802470479567,15.3005029838498,-55.9633917173497,26.9057418869662,-6.50911025975175,33.863593844725,-10.3753901288525,11.9502124732404,24.3415766779436,-5.23049024524441,36.5980459847985,-9.49043690710933,-7.76127870248375
16.6265537309911,22.3160946596483,44.9546627994459,-8.55667950742563,37.4796836517512,-23.5173413631835,42.046752464543,42.6667252381016,24.6181116807178,26.8548545534096,-48.8893373183567,7.77333559913826,-18.9068928449248,40.4459083247199,22.4330338107588,35.9651200702011,30.5012947646769,-16.0729197931983,34.8802470479567,15.3005029838498,-55.9633917173497,29.4333138032351,-6.50911025975175,35.6891890010682,-10.3753901288525,11.9502124732404,24.3415766779436,-5.23049024524441,36.5980459847985,-9.49043690710933,-7.76127870248375
16.6265537309911,22.3160946596483,44.9546627994459,-8.55667950742563,37.4796836517512,-23.5173413631835,42.046752464543,42.6667252381016,24.6181116807178,26.8548545534096,-48.8893373183567,7.77333559913826,-7.46641880635049,40.4459083247199,22.4330338107588,36.285805280326,30.5012947646769,-16.0729197931983,34.8802470479567,15.3005029838498,-55.9633917173497,29.4333138032351,-6.50911025975175,35.6891890010682,-10.3753901288525,11.9502124732404,24.3415766779436,-5.23049024524441,36.5980459847985,-9.49043690710933,-7.76127870248375
16.6265537309911,22.3160946596483,44.9546627994459,-8.55667950742563,37.4796836517512,-21.8718818843522,42.046752464543,42.6667252381016,24.6181116807178,26.8548545534096,-48.8893373183567,7.77333559913826,-7.46641880635049,40.4459083247199,22.4330338107588,36.285805280326,30.5012947646769,-16.0729197931983,34.8802470479567,15.3005029838498,-55.9633917173497,29.4333138032351,-6.50911025975175,35.6891890010682,-10.3753901288525,11.9502124732404,24.3415766779436,26.4534080239105,36.5980459847985,4.63786564802516,-7.76127870248375
16.6265537309911,22.3160946596483,44.9546627994459,-8.55667950742563,37.9766042230809,-21.8718818843522,42.046752464543,42.6667252381016,24.6181116807178,26.8548545534096,-48.8893373183567,7.77333559913826,-7.46641880635049,40.4459083247199,22.4330338107588,36.285805280326,30.5012947646769,-16.0729197931983,34.8802470479567,16.3071746624204,-55.9633917173497,29.4333138032351,-6.50911025975175,35.6891890010682,-10.3753901288525,11.9502124732404,24.3415766779436,29.0111391393127,36.5980459847985,4.63786564802516,-7.76127870248375
16.6265537309911,22.3160946596483,44.9546627994459,1.70776109978376,37.9766042230809,-21.8718818843522,42.046752464543,42.6667252381016,24.6181116807178,26.8548545534096,-48.8893373183567,7.77333559913826,-7.46641880635049,40.4459083247199,22.4330338107588,36.285805280326,30.5012947646769,4.22996405066052,34.8802470479567,16.3071746624204,-9.75890653073792,29.4333138032351,-6.50911025975175,35.6891890010682,-10.3753901288525,11.9502124732404,24.3415766779436,29.0111391393127,39.8901148876602,4.63786564802516,-7.76127870248375
16.6265537309911,24.2611082253415,44.9546627994459,7.75678771605636,37.9766042230809,-21.8718818843522,42.046752464543,42.6667252381016,24.6181116807178,26.8548545534096,-48.8893373183567,7.77333559913826,3.51380217783071,40.4459083247199,22.4330338107588,36.285805280326,30.5012947646769,4.22996405066052,34.8802470479567,16.7059355815575,-5.74743557119249,29.4333138032351,-6.50911025975175,35.6891890010682,-10.3753901288525,11.9502124732404,24.3415766779436,29.0111391393127,39.8901148876602,4.63786564802516,-7.76127870248375
29.4791473928165,24.2611082253415,46.3913632776513,7.75678771605636,37.9766042230809,-21.8718818843522,42.046752464543,42.6667252381016,24.6181116807178,26.8548545534096,-48.8893373183567,7.77333559913826,3.51380217783071,40.4459083247199,22.4330338107588,36.285805280326,30.5012947646769,4.22996405066052,34.8802470479567,19.7423576826514,-5.74743557119249,29.4333138032351,-2.73444266953181,35.6891890010682,2.11658081231339,22.0605763611369,24.3415766779436,29.0111391393127,39.8901148876602,4.63786564802516,-7.76127870248375
29.4791473928165,24.2611082253415,46.3913632776513,7.75678771605636,37.9766042230809,-21.8718818843522,42.046752464543,42.6667252381016,24.6181116807178,45.4842509969582,-20.8143620435149,7.77333559913826,3.51380217783071,40.4459083247199,22.4330338107588,36.285805280326,30.5012947646769,4.22996405066052,37.064641247453,19.7423576826514,-5.74743557119249,29.4333138032351,-2.73444266953181,38.1415351533354,4.10759135565731,22.0605763611369,24.3415766779436,29.0111391393127,39.8901148876602,4.63786564802516,-7.76127870248375
29.4791473928165,24.2611082253415,46.3913632776513,7.75678771605636,37.9766042230809,-21.8718818843522,42.046752464543,42.6667252381016,24.6181116807178,45.4842509969582,-20.8143620435149,7.77333559913826,3.51380217783071,40.4459083247199,22.4330338107588,36.285805280326,30.5012947646769,4.22996405066052,37.064641247453,19.7423576826514,-5.74743557119249,29.4333138032351,-2.73444266953181,38.1415351533354,4.10759135565731,22.0605763611369,27.5767906498443,29.0111391393127,39.8901148876602,4.63786564802516,-7.76127870248375
29.4791473928165,24.2611082253415,46.3913632776513,7.75678771605636,37.9766042230809,-21.8718818843522,42.046752464543,43.8508371630083,24.6181116807178,45.4842509969582,-20.8143620435149,9.57174025778638,3.51380217783071,42.2744898086776,22.4330338107588,36.285805280326,31.1132585841798,4.22996405066052,37.064641247453,19.7423576826514,-5.74743557119249,32.2736031170543,-2.73444266953181,38.1415351533354,4.10759135565731,22.0605763611369,29.2768752338302,29.0111391393127,39.8901148876602,4.63786564802516,-7.76127870248375
29.4791473928165,24.2611082253415,46.3913632776513,7.75678771605636,37.9766042230809,-21.8718818843522,42.672930310835,43.8508371630083,24.9241207150134,45.4842509969582,-20.8143620435149,9.57174025778638,3.51380217783071,42.2744898086776,22.4330338107588,36.285805280326,31.3481003117012,4.22996405066052,37.064641247453,19.7423576826514,-5.74743557119249,32.2736031170543,-2.73444266953181,42.9490599499093,4.10759135565731,22.0605763611369,29.2768752338302,29.0111391393127,39.8901148876602,4.63786564802516,-5.80989787522459
29.4791473928165,24.2611082253415,46.3913632776513,7.75678771605636,37.9766042230809,-21.8718818843522,42.672930310835,43.8508371630083,24.9241207150134,45.4842509969582,-20.8143620435149,9.57174025778638,3.51380217783071,42.2744898086776,29.100565184708,36.285805280326,31.3481003117012,4.22996405066052,37.064641247453,19.7423576826514,-5.74743557119249,32.2736031170543,-2.73444266953181,42.9490599499093,4.10759135565731,22.0605763611369,29.2768752338302,29.0111391393127,39.8901148876602,4.63786564802516,-5.80989787522459
29.4791473928165,24.2611082253415,46.3913632776513,7.75678771605636,37.9766042230809,-21.8718818843522,42.672930310835,43.8508371630083,24.9241207150134,45.4842509969582,-20.8143620435149,9.57174025778638,3.51380217783071,42.2744898086776,29.100565184708,37.820778937716,31.3481003117012,4.22996405066052,37.064641247453,19.7423576826514,-5.74743557119249,32.2736031170543,-2.73444266953181,42.9490599499093,13.1197444504471,22.0605763611369,29.2768752338302,29.0111391393127,39.8901148876602,7.86756785655355,-5.80989787522459
29.4791473928165,24.2611082253415,46.3913632776513,7.75678771605636,37.9766042230809,3.16547102352795,42.672930310835,43.8508371630083,24.9241207150134,45.4842509969582,-20.8143620435149,9.57174025778638,3.51380217783071,42.2744898086776,29.100565184708,37.820778937716,31.3481003117012,4.22996405066052,37.064641247453,21.9112964938458,-5.74743557119249,32.2736031170543,-2.73444266953181,42.9490599499093,13.1197444504471,22.0605763611369,29.2768752338302,29.0111391393127,39.8901148876602,7.86756785655355,-5.80989787522459
29.4791473928165,24.2611082253415,46.3913632776513,7.75678771605636,37.9766042230809,3.16547102352795,42.672930310835,43.8508371630083,24.9241207150134,45.4842509969582,-20.8143620435149,9.57174025778638,3.51380217783071,42.2744898086776,29.100565184708,37.820778937716,31.3481003117012,7.97883603893632,37.064641247453,24.0462294987539,-5.74743557119249,32.2736031170543,-2.73444266953181,42.9490599499093,13.1197444504471,22.0605763611369,29.2768752338302,29.0111391393127,39.8901148876602,7.86756785655355,-5.80989787522459
29.4791473928165,31.9492497909563,46.3913632776513,7.75678771605636,37.9766042230809,3.16547102352795,42.672930310835,43.8508371630083,24.9241207150134,45.4842509969582,-20.8143620435149,9.57174025778638,3.51380217783071,42.2744898086776,29.100565184708,37.820778937716,31.3481003117012,7.97883603893632,37.064641247453,24.0462294987539,-5.74743557119249,32.2736031170543,-2.73444266953181,42.9490599499093,13.1197444504471,22.0605763611369,29.2768752338302,29.0111391393127,40.0684453427014,7.86756785655355,-5.80989787522459
29.4791473928165,31.9492497909563,46.3913632776513,7.75678771605636,37.9766042230809,3.16547102352795,42.672930310835,43.8508371630083,24.9241207150134,45.4842509969582,-20.8143620435149,9.57174025778638,3.51380217783071,42.2744898086776,29.100565184708,37.820778937716,31.3481003117012,7.97883603893632,37.064641247453,24.0462294987539,-2.36504869396074,32.2736031170543,-2.73444266953181,42.9490599499093,13.1197444504471,22.0605763611369,29.2768752338302,33.6511860884082,41.468342741096,7.86756785655355,-5.80989787522459
32.3484820870631,31.9492497909563,46.8166750064458,7.75678771605636,37.9766042230809,3.16547102352795,42.672930310835,43.8508371630083,24.9241207150134,45.4842509969582,-20.8143620435149,9.57174025778638,42.5496403291852,42.2744898086776,29.100565184708,37.820778937716,31.3481003117012,7.97883603893632,37.064641247453,24.0462294987539,-2.36504869396074,32.2736031170543,2.66390065377094,42.9490599499093,13.1197444504471,22.0605763611369,29.2768752338302,33.6511860884082,41.468342741096,7.86756785655355,-5.80989787522459
32.3484820870631,31.9492497909563,46.8166750064458,13.2595498409105,37.9766042230809,3.16547102352795,42.672930310835,43.8508371630083,24.9241207150134,45.4842509969582,-16.446567769016,9.57174025778638,42.5496403291852,42.2744898086776,29.100565184708,37.820778937716,31.3481003117012,7.97883603893632,50.3651207023076,24.0462294987539,-2.36504869396074,32.2736031170543,2.66390065377094,42.9490599499093,13.1197444504471,28.6110400255054,29.2768752338302,33.6511860884082,41.468342741096,7.86756785655355,-5.80989787522459
32.3484820870631,31.9492497909563,46.8166750064458,13.2595498409105,37.9766042230809,3.16547102352795,42.672930310835,43.8508371630083,24.9241207150134,46.1622668314304,-16.446567769016,9.57174025778638,42.5496403291852,42.2744898086776,29.100565184708,37.820778937716,31.3481003117012,7.97883603893632,50.3651207023076,24.0462294987539,-2.36504869396074,32.2736031170543,2.66390065377094,42.9490599499093,13.1197444504471,28.6110400255054,29.2768752338302,33.6511860884082,41.468342741096,7.86756785655355,-5.80989787522459
32.3484820870631,31.9492497909563,46.8166750064458,13.2595498409105,37.9766042230809,3.16547102352795,42.672930310835,43.8508371630083,30.0514373165794,46.1622668314304,-16.446567769016,16.894043152222,42.5496403291852,42.2744898086776,29.100565184708,37.820778937716,31.3481003117012,7.97883603893632,50.3651207023076,24.0462294987539,-2.36504869396074,33.6288894997144,2.66390065377094,42.9490599499093,13.1197444504471,28.6110400255054,36.3537966621633,33.6511860884082,41.468342741096,7.86756785655355,-5.80989787522459
32.3484820870631,31.9492497909563,46.8166750064458,13.2595498409105,37.9766042230809,3.16547102352795,42.672930310835,46.0360404723909,30.0514373165794,46.1622668314304,-16.446567769016,16.894043152222,42.5496403291852,42.2744898086776,29.100565184708,37.820778937716,32.6286228798471,7.97883603893632,50.3651207023076,24.0462294987539,-2.36504869396074,33.6288894997144,2.66390065377094,42.9490599499093,13.1197444504471,28.6110400255054,36.3537966621633,33.6511860884082,41.468342741096,7.86756785655355,3.49082457434455
32.3484820870631,31.9492497909563,46.8166750064458,13.2595498409105,37.9766042230809,3.16547102352795,43.9460327571565,46.0360404723909,30.0514373165794,46.1622668314304,-16.446567769016,16.894043152222,42.5496403291852,42.5230710935271,29.9603436228257,38.593232799173,32.6286228798471,7.97883603893632,50.3651207023076,24.0462294987539,-2.36504869396074,33.6288894997144,2.66390065377094,42.9490599499093,13.8147787717883,28.6110400255054,36.3537966621633,33.6511860884082,41.468342741096,7.86756785655355,3.49082457434455
32.3484820870631,31.9492497909563,46.8166750064458,13.2595498409105,37.9766042230809,3.16547102352795,43.9460327571565,46.0360404723909,30.0514373165794,46.1622668314304,-16.446567769016,16.894043152222,42.5496403291852,42.5230710935271,29.9603436228257,38.593232799173,32.6286228798471,7.97883603893632,50.3651207023076,24.0462294987539,-2.36504869396074,33.6288894997144,2.66390065377094,43.8619498306647,16.9875690160783,28.6110400255054,36.3537966621633,33.6511860884082,41.468342741096,11.4282685502398,3.49082457434455
32.3484820870631,31.9492497909563,46.8166750064458,13.2595498409105,37.9766042230809,3.16547102352795,43.9460327571565,46.0360404723909,30.0514373165794,46.1622668314304,-16.446567769016,16.894043152222,42.5496403291852,42.5230710935271,29.9603436228257,38.593232799173,32.6286228798471,7.97883603893632,50.3651207023076,24.0462294987539,-2.36504869396074,33.6288894997144,2.66390065377094,43.8619498306647,16.9875690160783,28.6110400255054,36.3537966621633,33.6511860884082,41.468342741096,11.4282685502398,3.49082457434455
32.3484820870631,31.9492497909563,46.8166750064458,13.2595498409105,37.9766042230809,6.11087000467601,43.9460327571565,46.0360404723909,30.0514373165794,46.1622668314304,-16.446567769016,16.894043152222,42.5496403291852,42.5230710935271,29.9603436228257,38.593232799173,32.6286228798471,7.97883603893632,50.3651207023076,24.0462294987539,-2.36504869396074,33.6288894997144,2.66390065377094,43.8619498306647,16.9875690160783,28.6110400255054,36.3537966621633,33.6511860884082,41.468342741096,11.4282685502398,3.49082457434455
32.3484820870631,41.7932881594873,46.8166750064458,13.2595498409105,39.423505160632,6.11087000467601,43.9460327571565,46.0360404723909,30.0514373165794,46.1622668314304,-16.446567769016,16.894043152222,42.5496403291852,42.5230710935271,29.9603436228257,38.593232799173,32.6286228798471,10.5936897765147,50.3651207023076,30.4553838858661,0.601932970524935,37.000528340725,28.258141630072,43.8619498306647,16.9875690160783,28.6110400255054,36.3537966621633,36.3680141785097,50.9900596029205,11.4282685502398,3.49082457434455
32.3484820870631,41.7932881594873,46.9580991041295,13.2595498409105,39.423505160632,6.11087000467601,43.9460327571565,46.0360404723909,30.0514373165794,46.1622668314304,-16.446567769016,16.894043152222,42.5496403291852,42.5230710935271,29.9603436228257,38.593232799173,32.6286228798471,10.5936897765147,50.3651207023076,30.4553838858661,4.60380808370785,37.000528340725,32.4809763590397,43.8619498306647,16.9875690160783,28.6110400255054,36.3537966621633,36.3680141785097,52.7371160343766,11.4282685502398,3.49082457434455
36.9429927550242,41.7932881594873,46.9580991041295,18.6529038014227,39.423505160632,6.11087000467601,43.9460327571565,46.0360404723909,30.0514373165794,46.1622668314304,-10.4796656177275,16.894043152222,42.5496403291852,42.5230710935271,29.9603436228257,38.593232799173,32.6286228798471,10.5936897765147,50.3651207023076,30.4553838858661,4.60380808370785,37.000528340725,32.4809763590397,43.8619498306647,16.9875690160783,29.0663454555574,36.3537966621633,36.3680141785097,52.7371160343766,11.4282685502398,3.49082457434455
36.9429927550242,41.7932881594873,46.9580991041295,18.6529038014227,39.423505160632,6.11087000467601,43.9460327571565,46.0360404723909,30.0514373165794,46.2237618113109,-10.4796656177275,16.894043152222,44.5179830109767,42.5230710935271,29.9603436228257,38.593232799173,32.6286228798471,10.5936897765147,54.7860423955996,30.4553838858661,4.60380808370785,37.000528340725,32.4809763590397,43.8619498306647,16.9875690160783,29.0663454555574,36.3537966621633,36.3680141785097,52.7371160343766,11.4282685502398,3.49082457434455
36.9429927550242,41.7932881594873,46.9580991041295,18.6529038014227,39.423505160632,14.4325112363622,43.9460327571565,46.0360404723909,30.0514373165794,46.2237618113109,-10.4796656177275,16.894043152222,44.5179830109767,42.5230710935271,29.9603436228257,38.593232799173,32.6286228798471,10.5936897765147,54.7860423955996,30.4553838858661,4.60380808370785,37.000528340725,32.4809763590397,43.8619498306647,16.9875690160783,29.0663454555574,36.3537966621633,36.3680141785097,52.7371160343766,11.4282685502398,3.49082457434455
36.9429927550242,41.7932881594873,46.9580991041295,18.6529038014227,39.423505160632,14.4325112363622,43.9460327571565,46.0360404723909,30.0514373165794,46.2237618113109,-10.4796656177275,24.6995126599064,44.5179830109767,42.5230710935271,29.9603436228257,38.593232799173,32.6286228798471,10.5936897765147,54.7860423955996,30.4553838858661,4.60380808370785,37.000528340725,32.4809763590397,43.8619498306647,16.9875690160783,29.0663454555574,44.9823886954372,36.3680141785097,52.7371160343766,11.4282685502398,3.49082457434455
36.9429927550242,41.7932881594873,46.9580991041295,18.6529038014227,39.423505160632,14.4325112363622,43.9460327571565,46.058720796687,30.0514373165794,46.2237618113109,-10.4796656177275,24.6995126599064,44.5179830109767,42.5230710935271,29.9603436228257,38.593232799173,33.9186921739917,10.5936897765147,54.7860423955996,30.4553838858661,11.2959387928843,37.000528340725,32.4809763590397,43.8619498306647,16.9875690160783,29.0663454555574,44.9823886954372,36.3680141785097,52.7371160343766,11.4282685502398,3.49082457434455
36.9429927550242,41.7932881594873,46.9580991041295,18.6529038014227,39.423505160632,14.4325112363622,43.9460327571565,46.4912961950659,30.2945605357363,46.2237618113109,-10.4796656177275,24.6995126599064,44.5179830109767,42.5230710935271,29.9603436228257,41.2349810826226,33.9186921739917,10.5936897765147,54.7860423955996,30.4553838858661,11.2959387928843,37.000528340725,32.4809763590397,43.8619498306647,19.5455540210842,29.0663454555574,44.9823886954372,36.3680141785097,52.7371160343766,31.7204186297422,8.81256915676381
36.9429927550242,41.7932881594873,46.9580991041295,18.6529038014227,39.423505160632,14.4325112363622,44.6805996049351,46.4912961950659,30.2945605357363,46.2237618113109,-10.4796656177275,24.6995126599064,44.5179830109767,49.896615310996,39.3635716511301,41.2349810826226,33.9186921739917,10.5936897765147,54.7860423955996,30.4553838858661,11.2959387928843,37.000528340725,32.4809763590397,44.7834256784195,19.5455540210842,29.0663454555574,44.9823886954372,36.3680141785097,52.7371160343766,31.7204186297422,8.81256915676381
36.9429927550242,41.7932881594873,46.9580991041295,18.6529038014227,39.423505160632,14.4325112363622,45.3217457703512,46.4912961950659,30.2945605357363,46.2237618113109,-10.4796656177275,24.6995126599064,44.5179830109767,49.896615310996,39.3635716511301,41.2349810826226,33.9186921739917,10.5936897765147,54.7860423955996,30.4553838858661,11.2959387928843,37.000528340725,32.4809763590397,44.7834256784195,19.5455540210842,29.0663454555574,44.9823886954372,36.3680141785097,52.7371160343766,31.7204186297422,8.81256915676381
36.9429927550242,41.7932881594873,46.9580991041295,18.6529038014227,39.423505160632,14.4325112363622,45.3217457703512,46.4912961950659,30.2945605357363,46.2237618113109,-10.4796656177275,24.6995126599064,44.5179830109767,49.896615310996,39.3635716511301,41.2349810826226,33.9186921739917,16.953486130439,54.7860423955996,30.4553838858661,15.5700928538784,37.000528340725,32.4809763590397,44.7834256784195,19.5455540210842,29.0663454555574,44.9823886954372,36.3680141785097,52.7371160343766,31.7204186297422,8.81256915676381
36.9429927550242,41.7932881594873,46.9580991041295,18.6529038014227,39.423505160632,14.4325112363622,45.3217457703512,46.4912961950659,30.2945605357363,46.2237618113109,-10.4796656177275,24.6995126599064,44.5179830109767,49.896615310996,39.3635716511301,41.2349810826226,33.9186921739917,16.953486130439,54.7860423955996,30.4553838858661,20.392885732778,40.9703806167314,35.9909798452112,44.7834256784195,19.5455540210842,29.0663454555574,44.9823886954372,43.7474404184355,52.7371160343766,31.7204186297422,8.81256915676381
43.8452550099731,52.3347114048606,46.9580991041295,21.6562731092796,41.9367245512253,14.4325112363622,45.3217457703512,46.4912961950659,30.2945605357363,46.2237618113109,-10.4796656177275,24.6995126599064,44.5179830109767,49.896615310996,39.3635716511301,41.2349810826226,33.9186921739917,16.953486130439,54.7860423955996,30.4553838858661,20.392885732778,41.8957663997624,35.9909798452112,44.7834256784195,19.5455540210842,34.1060703287605,44.9823886954372,43.7474404184355,53.7699768182735,31.7204186297422,8.81256915676381
43.8452550099731,52.3347114048606,47.6669879025553,21.6562731092796,41.9367245512253,14.4325112363622,45.3217457703512,46.4912961950659,30.2945605357363,46.2237618113109,-10.4796656177275,24.6995126599064,44.5179830109767,49.896615310996,39.3635716511301,41.2349810826226,33.9186921739917,16.953486130439,54.7860423955996,40.5550099266813,20.392885732778,41.8957663997624,35.9909798452112,44.7834256784195,19.5455540210842,34.1060703287605,44.9823886954372,43.7474404184355,53.7699768182735,31.7204186297422,8.81256915676381
43.8452550099731,52.3347114048606,48.3379797700123,21.6562731092796,41.9367245512253,14.4325112363622,45.3217457703512,46.4912961950659,30.2945605357363,46.3215101376751,-10.4796656177275,24.6995126599064,44.5568940578201,49.896615310996,39.3635716511301,41.2349810826226,33.9186921739917,16.953486130439,54.7860423955996,40.5550099266813,20.392885732778,41.8957663997624,35.9909798452112,44.7834256784195,19.5455540210842,34.1060703287605,44.9823886954372,43.7474404184355,53.7699768182735,31.7204186297422,8.81256915676381
43.8452550099731,52.3347114048606,48.3379797700123,21.6562731092796,41.9367245512253,18.7926901211751,45.3217457703512,46.4912961950659,30.2945605357363,46.3215101376751,-5.15967984149938,24.6995126599064,44.5568940578201,49.896615310996,39.3635716511301,41.2349810826226,33.9186921739917,16.953486130439,54.7860423955996,40.5550099266813,23.7048928217991,41.8957663997624,35.9909798452112,44.7834256784195,19.5455540210842,34.1060703287605,45.8526723772819,43.7474404184355,53.7699768182735,31.7204186297422,8.81256915676381
43.8452550099731,52.3347114048606,48.3379797700123,21.6562731092796,41.9367245512253,18.7926901211751,45.3217457703512,46.4912961950659,30.2945605357363,46.3215101376751,-5.15967984149938,24.6995126599064,44.5568940578201,49.896615310996,39.3635716511301,41.2349810826226,33.9186921739917,16.953486130439,54.7860423955996,40.5550099266813,39.8602218351983,41.8957663997624,35.9909798452112,44.7834256784195,19.5455540210842,34.1060703287605,48.7924580759929,43.7474404184355,53.7699768182735,31.7204186297422,8.81256915676381
43.8452550099731,52.3347114048606,48.3379797700123,21.6562731092796,41.9367245512253,18.7926901211751,45.3217457703512,46.4912961950659,30.2945605357363,46.3215101376751,-5.15967984149938,32.3251570674531,44.5568940578201,49.896615310996,39.3635716511301,41.2349810826226,33.9186921739917,16.953486130439,54.7860423955996,40.5550099266813,39.8602218351983,41.8957663997624,35.9909798452112,44.7834256784195,19.5455540210842,34.1060703287605,48.7924580759929,43.7474404184355,53.7699768182735,31.7204186297422,29.8874293071232
43.8452550099731,52.3347114048606,48.3379797700123,21.6562731092796,41.9367245512253,18.7926901211751,45.3217457703512,46.4912961950659,33.9232351504216,46.3215101376751,-5.15967984149938,32.3251570674531,44.5568940578201,49.896615310996,39.3635716511301,41.2349810826226,36.309425106078,16.953486130439,54.7860423955996,40.5550099266813,39.8602218351983,41.8957663997624,35.9909798452112,47.884907899918,19.5455540210842,34.1060703287605,48.7924580759929,43.7474404184355,53.7699768182735,31.7204186297422,29.8874293071232
43.8452550099731,52.3347114048606,48.3379797700123,21.6562731092796,41.9367245512253,18.7926901211751,45.3217457703512,46.591244275864,33.9232351504216,46.3215101376751,-5.15967984149938,32.3251570674531,44.5568940578201,49.896615310996,39.3635716511301,41.6573603938059,36.309425106078,16.953486130439,54.7860423955996,40.5550099266813,39.8602218351983,41.8957663997624,35.9909798452112,48.2868602903005,22.0139484481494,34.1060703287605,48.7924580759929,43.7474404184355,53.7699768182735,31.7204186297422,29.8874293071232
43.8452550099731,52.3347114048606,48.3379797700123,21.6562731092796,41.9367245512253,18.7926901211751,46.0951548850188,46.591244275864,33.9232351504216,46.3215101376751,-5.15967984149938,32.3251570674531,44.5568940578201,49.896615310996,39.3635716511301,41.6573603938059,36.309425106078,45.3213384125167,54.7860423955996,40.5550099266813,39.8602218351983,41.8957663997624,35.9909798452112,48.2868602903005,22.0139484481494,34.1060703287605,48.7924580759929,43.7474404184355,53.7699768182735,31.7204186297422,29.8874293071232
43.8452550099731,52.3347114048606,48.3379797700123,21.6562731092796,41.9367245512253,18.7926901211751,46.0951548850188,46.591244275864,33.9232351504216,46.3215101376751,-5.15967984149938,32.3251570674531,44.5568940578201,51.6750501846723,39.3635716511301,41.6573603938059,36.309425106078,45.3213384125167,54.7860423955996,40.5550099266813,39.8602218351983,41.8957663997624,35.9909798452112,48.2868602903005,22.0139484481494,34.1060703287605,48.7924580759929,43.7474404184355,53.7699768182735,31.7204186297422,29.8874293071232
43.8452550099731,52.3347114048606,48.3379797700123,21.6562731092796,41.9367245512253,18.7926901211751,46.0951548850188,46.591244275864,33.9232351504216,46.3215101376751,-5.15967984149938,32.3251570674531,44.5568940578201,51.6750501846723,39.3635716511301,41.6573603938059,36.309425106078,45.3213384125167,54.7860423955996,40.5550099266813,39.8602218351983,41.8957663997624,35.9909798452112,48.2868602903005,22.0139484481494,34.1060703287605,48.7924580759929,43.7474404184355,53.7699768182735,31.7204186297422,29.8874293071232
45.740592276845,52.3347114048606,48.3379797700123,24.1189923698304,43.6932142123012,18.7926901211751,46.0951548850188,46.591244275864,33.9232351504216,46.3215101376751,-5.15967984149938,32.3251570674531,44.5568940578201,51.6750501846723,39.3635716511301,41.6573603938059,36.309425106078,45.3213384125167,54.7860423955996,40.5550099266813,39.8602218351983,41.8957663997624,35.9909798452112,48.2868602903005,22.0139484481494,34.1060703287605,48.7924580759929,45.2748639582585,53.7699768182735,31.7204186297422,29.8874293071232
45.740592276845,54.4497689512135,48.3379797700123,24.1189923698304,43.6932142123012,18.7926901211751,46.0951548850188,46.591244275864,33.9232351504216,46.3215101376751,-5.15967984149938,32.3251570674531,44.5568940578201,51.6750501846723,39.3635716511301,41.6573603938059,36.309425106078,45.3213384125167,54.7860423955996,48.8891635627073,39.8602218351983,45.0109180587302,39.571308066452,48.2868602903005,22.0139484481494,34.1144632406036,48.7924580759929,45.2748639582585,55.0597476454783,31.7204186297422,29.8874293071232
45.740592276845,57.3890013299465,49.4184463422678,24.1189923698304,43.6932142123012,18.7926901211751,46.0951548850188,46.591244275864,33.9232351504216,49.8620074652661,-5.15967984149938,32.3251570674531,45.5123752410909,51.6750501846723,39.3635716511301,41.6573603938059,36.309425106078,45.3213384125167,56.1960373987242,48.8891635627073,39.8602218351983,45.0109180587302,39.571308066452,48.2868602903005,26.2451353213033,34.1144632406036,48.7924580759929,45.2748639582585,55.0597476454783,31.7204186297422,29.8874293071232
45.740592276845,57.3890013299465,49.4184463422678,24.4203888592392,43.6932142123012,20.8951321585879,46.0951548850188,46.591244275864,33.9232351504216,49.8620074652661,-0.508856822446276,32.3251570674531,45.5123752410909,51.6750501846723,39.3635716511301,41.6573603938059,36.309425106078,45.3213384125167,56.1960373987242,48.8891635627073,39.8602218351983,45.0109180587302,39.571308066452,48.2868602903005,26.2451353213033,34.1144632406036,48.7924580759929,45.2748639582585,55.0597476454783,31.7204186297422,29.8874293071232
45.740592276845,57.3890013299465,49.4184463422678,24.4203888592392,43.6932142123012,20.8951321585879,46.0951548850188,46.591244275864,33.9232351504216,49.8620074652661,-0.508856822446276,32.3251570674531,45.5123752410909,51.6750501846723,39.3635716511301,41.6573603938059,36.309425106078,45.3213384125167,56.1960373987242,48.8891635627073,39.8602218351983,45.0109180587302,39.571308066452,48.2868602903005,26.2451353213033,34.1144632406036,51.1819207230653,45.2748639582585,55.0597476454783,31.7204186297422,29.8874293071232
45.740592276845,57.3890013299465,49.4184463422678,24.4203888592392,43.6932142123012,20.8951321585879,46.0951548850188,46.591244275864,33.9232351504216,49.8620074652661,-0.508856822446276,34.9860954233073,45.5123752410909,51.6750501846723,39.3635716511301,41.6573603938059,36.309425106078,45.3213384125167,56.1960373987242,48.8891635627073,39.8602218351983,45.0109180587302,39.571308066452,48.2868602903005,26.2451353213033,34.1144632406036,51.1819207230653,45.2748639582585,55.0597476454783,31.7204186297422,29.8874293071232
45.740592276845,57.3890013299465,49.4184463422678,24.4203888592392,43.6932142123012,20.8951321585879,46.0951548850188,46.591244275864,33.9232351504216,49.8620074652661,-0.508856822446276,34.9860954233073,45.5123752410909,51.6750501846723,39.3635716511301,41.6573603938059,36.309425106078,45.3213384125167,56.1960373987242,48.8891635627073,39.8602218351983,45.0109180587302,39.571308066452,48.2868602903005,26.2451353213033,34.1144632406036,51.1819207230653,45.2748639582585,55.0597476454783,31.7204186297422,36.6018097430532
45.740592276845,57.3890013299465,49.4184463422678,24.4203888592392,43.6932142123012,20.8951321585879,46.0951548850188,46.591244275864,34.3974592709943,49.8620074652661,-0.508856822446276,34.9860954233073,45.5123752410909,51.6750501846723,39.3635716511301,41.6573603938059,36.7536805115646,45.3213384125167,56.1960373987242,48.8891635627073,39.8602218351983,45.0109180587302,39.571308066452,50.4098652557403,26.2451353213033,34.1144632406036,51.1819207230653,45.2748639582585,55.236545191907,31.7204186297422,36.6018097430532
45.740592276845,57.3890013299465,49.4184463422678,24.4203888592392,43.6932142123012,20.8951321585879,46.0951548850188,47.1845138725991,34.3974592709943,49.8620074652661,-0.508856822446276,34.9860954233073,45.5123752410909,51.6750501846723,39.3635716511301,41.6573603938059,36.7536805115646,45.3213384125167,56.1960373987242,48.8891635627073,39.8602218351983,45.0109180587302,39.571308066452,51.1991515965117,26.2451353213033,34.1144632406036,51.1819207230653,45.2748639582585,55.236545191907,31.7204186297422,36.6018097430532
45.740592276845,57.3890013299465,49.4184463422678,24.4203888592392,43.6932142123012,20.8951321585879,46.8110100914731,47.1845138725991,34.3974592709943,49.8620074652661,-0.508856822446276,34.9860954233073,45.5123752410909,53.5787666591311,39.3635716511301,44.8478702162518,36.7536805115646,45.3213384125167,56.1960373987242,48.8891635627073,39.8602218351983,45.0109180587302,39.571308066452,51.1991515965117,26.2451353213033,34.1144632406036,51.1819207230653,45.2748639582585,55.236545191907,40.0935838520116,36.6018097430532
45.740592276845,57.3890013299465,49.4184463422678,24.4203888592392,43.6932142123012,20.8951321585879,47.1544514218972,47.1845138725991,34.3974592709943,49.8620074652661,-0.508856822446276,34.9860954233073,45.5123752410909,53.5787666591311,39.3635716511301,44.8478702162518,36.7536805115646,46.6988456974642,56.1960373987242,48.8891635627073,39.8602218351983,45.0109180587302,39.571308066452,51.1991515965117,26.2451353213033,34.1144632406036,51.1819207230653,45.2748639582585,55.236545191907,40.0935838520116,36.6018097430532
45.740592276845,57.3890013299465,49.4184463422678,24.4203888592392,44.4817443823715,20.8951321585879,47.1544514218972,47.1845138725991,34.3974592709943,49.8620074652661,-0.508856822446276,34.9860954233073,45.5123752410909,53.5787666591311,39.3635716511301,44.8478702162518,36.7536805115646,46.6988456974642,56.1960373987242,48.8891635627073,39.8602218351983,45.0109180587302,39.571308066452,51.1991515965117,26.2451353213033,34.1144632406036,51.1819207230653,47.5450656995676,55.236545191907,40.0935838520116,36.6018097430532
48.1637869491974,58.1719408012176,49.4184463422678,24.4203888592392,44.4817443823715,20.8951321585879,47.1544514218972,47.1845138725991,34.3974592709943,49.8620074652661,-0.508856822446276,34.9860954233073,45.5123752410909,53.5787666591311,39.3635716511301,44.8478702162518,36.7536805115646,46.6988456974642,56.1960373987242,50.6068588564817,39.8602218351983,48.8171486013417,40.2276821806141,51.1991515965117,26.2451353213033,34.7203962175912,51.1819207230653,47.5450656995676,55.236545191907,40.0935838520116,36.6018097430532
48.1637869491974,58.1719408012176,49.4184463422678,25.2028355622704,44.4817443823715,20.8951321585879,47.1544514218972,47.1845138725991,34.3974592709943,50.6678989241131,-0.508856822446276,34.9860954233073,46.3143455368808,53.5787666591311,39.3635716511301,44.8478702162518,36.7536805115646,46.6988456974642,56.1960373987242,50.6068588564817,39.8602218351983,48.8171486013417,40.2276821806141,51.1991515965117,26.2451353213033,34.7203962175912,51.1819207230653,47.5450656995676,55.236545191907,40.0935838520116,36.6018097430532
48.1637869491974,58.1719408012176,50.3986868256387,26.860043107337,44.4817443823715,26.9780338225076,47.1544514218972,47.1845138725991,34.3974592709943,50.6678989241131,-0.508856822446276,34.9860954233073,46.3143455368808,53.5787666591311,39.3635716511301,44.8478702162518,36.7536805115646,46.6988456974642,56.1960373987242,50.6068588564817,40.1996471584199,48.8171486013417,40.2276821806141,51.1991515965117,43.1349236296644,34.7203962175912,51.1819207230653,47.5450656995676,55.236545191907,40.0935838520116,36.6018097430532
48.1637869491974,58.1719408012176,50.3986868256387,26.860043107337,44.4817443823715,26.9780338225076,47.1544514218972,47.1845138725991,34.3974592709943,50.6678989241131,6.70794355277673,34.9860954233073,46.3143455368808,53.5787666591311,39.3635716511301,44.8478702162518,36.7536805115646,46.6988456974642,56.1960373987242,50.6068588564817,40.1996471584199,48.8171486013417,40.2276821806141,51.1991515965117,43.1349236296644,34.7203962175912,51.1819207230653,47.5450656995676,55.236545191907,40.0935838520116,36.6018097430532
48.1637869491974,58.1719408012176,50.3986868256387,26.860043107337,44.4817443823715,26.9780338225076,47.1544514218972,47.1845138725991,34.3974592709943,50.6678989241131,6.70794355277673,36.0675339847072,46.3143455368808,53.5787666591311,39.3635716511301,44.8478702162518,36.7536805115646,46.6988456974642,56.1960373987242,50.6068588564817,40.1996471584199,48.8171486013417,40.2276821806141,51.1991515965117,43.1349236296644,34.7203962175912,52.9221359511155,47.5450656995676,55.236545191907,40.0935838520116,36.6018097430532
48.1637869491974,58.1719408012176,50.3986868256387,26.860043107337,44.4817443823715,26.9780338225076,47.1544514218972,47.1845138725991,34.3974592709943,50.6678989241131,6.70794355277673,36.0675339847072,46.3143455368808,53.5787666591311,39.3635716511301,44.8478702162518,36.8892365812682,46.6988456974642,56.1960373987242,50.6068588564817,40.1996471584199,48.8171486013417,40.2276821806141,51.1991515965117,43.1349236296644,34.7203962175912,52.9221359511155,47.5450656995676,55.236545191907,40.0935838520116,36.6018097430532
48.1637869491974,58.1719408012176,50.3986868256387,26.860043107337,44.4817443823715,26.9780338225076,47.1544514218972,47.1845138725991,34.3974592709943,50.6678989241131,6.70794355277673,36.0675339847072,46.3143455368808,53.5787666591311,39.3635716511301,44.8478702162518,37.1731176219669,46.6988456974642,56.1960373987242,50.6068588564817,40.1996471584199,48.8171486013417,40.2276821806141,51.1991515965117,43.1349236296644,34.7203962175912,52.9221359511155,47.5450656995676,55.236545191907,40.0935838520116,36.7117746771875
48.1637869491974,58.1719408012176,50.3986868256387,26.860043107337,44.4817443823715,26.9780338225076,47.1544514218972,49.0821794850711,34.5764589665599,50.6678989241131,6.70794355277673,36.0675339847072,46.3143455368808,53.5787666591311,39.3635716511301,44.8478702162518,37.1731176219669,46.6988456974642,56.1960373987242,50.6068588564817,40.1996471584199,48.8171486013417,40.2276821806141,51.1991515965117,43.1349236296644,34.7203962175912,52.9221359511155,47.5450656995676,56.6375889577396,44.829397030247,36.7117746771875
48.1637869491974,58.1719408012176,50.3986868256387,26.860043107337,44.4817443823715,26.9780338225076,47.1544514218972,49.0821794850711,34.5764589665599,50.6678989241131,6.70794355277673,36.0675339847072,46.3143455368808,60.0882510404987,39.3635716511301,45.5201870780324,37.1731176219669,46.6988456974642,56.1960373987242,50.6068588564817,40.1996471584199,48.8171486013417,40.2276821806141,51.7650399360371,43.1349236296644,34.7203962175912,52.9221359511155,47.5450656995676,56.6375889577396,52.8299772428754,36.7117746771875
48.1637869491974,58.1719408012176,50.3986868256387,26.860043107337,44.4817443823715,26.9780338225076,47.1544514218972,49.0821794850711,34.5764589665599,50.6678989241131,6.70794355277673,36.0675339847072,46.3143455368808,65.3401408782656,39.3635716511301,45.5201870780324,37.1731176219669,48.9448082545079,56.1960373987242,50.6068588564817,40.1996471584199,48.8171486013417,40.2276821806141,51.7650399360371,43.1349236296644,34.7203962175912,52.9221359511155,49.479442775469,56.6375889577396,52.8299772428754,36.7117746771875
48.1637869491974,58.7120266115108,50.3986868256387,26.860043107337,44.4817443823715,26.9780338225076,47.6136880082189,49.0821794850711,34.5764589665599,50.6678989241131,6.70794355277673,36.0675339847072,46.3143455368808,65.3401408782656,39.3635716511301,45.5201870780324,37.1731176219669,48.9448082545079,56.1960373987242,50.6068588564817,40.1996471584199,48.8171486013417,44.0370643113539,51.7650399360371,43.1349236296644,34.7203962175912,52.9221359511155,49.479442775469,56.6375889577396,52.8299772428754,36.7117746771875
48.1637869491974,58.7120266115108,50.3986868256387,26.860043107337,46.4031024775675,26.9780338225076,47.6136880082189,49.0821794850711,34.5764589665599,50.6678989241131,6.70794355277673,36.0675339847072,46.3143455368808,65.3401408782656,39.3635716511301,45.5201870780324,37.1731176219669,48.9448082545079,56.1960373987242,54.5393586048564,40.1996471584199,48.8171486013417,44.0370643113539,51.7650399360371,43.1349236296644,35.4322775473304,52.9221359511155,49.479442775469,56.6375889577396,52.8299772428754,36.7117746771875
48.3145293600079,58.7120266115108,50.3986868256387,26.860043107337,46.4031024775675,31.0021849145745,47.6136880082189,49.0821794850711,34.5764589665599,50.6678989241131,6.70794355277673,36.0675339847072,46.3143455368808,65.3401408782656,39.3635716511301,45.5201870780324,37.1731176219669,48.9448082545079,56.1960373987242,54.5393586048564,40.1996471584199,51.2422349283338,44.0370643113539,51.7650399360371,43.1349236296644,35.4322775473304,52.9221359511155,49.479442775469,56.6375889577396,52.8299772428754,36.7117746771875
48.3145293600079,58.7120266115108,50.3986868256387,26.860043107337,46.4031024775675,31.0021849145745,47.6136880082189,49.0821794850711,34.5764589665599,50.6678989241131,14.9259137049235,36.0675339847072,47.1293561504407,65.3401408782656,39.3635716511301,45.5201870780324,37.1731176219669,48.9448082545079,56.1960373987242,54.5393586048564,40.1996471584199,51.2422349283338,44.0370643113539,51.7650399360371,43.1349236296644,35.4322775473304,52.9221359511155,49.479442775469,56.6375889577396,52.8299772428754,36.7117746771875
48.3145293600079,58.7120266115108,50.3986868256387,30.2774936317567,46.4031024775675,31.0021849145745,47.6136880082189,49.0821794850711,34.5764589665599,52.6493770093238,14.9259137049235,36.0675339847072,47.1293561504407,65.3401408782656,39.3635716511301,45.5201870780324,37.1731176219669,48.9448082545079,56.1960373987242,54.5393586048564,40.1996471584199,51.2422349283338,44.0370643113539,51.7650399360371,43.1349236296644,35.4322775473304,54.1959834403549,49.479442775469,56.6375889577396,52.8299772428754,37.1434939532402
48.3145293600079,58.7120266115108,50.3986868256387,30.2774936317567,46.4031024775675,31.0021849145745,47.6136880082189,49.0821794850711,34.5764589665599,52.6493770093238,14.9259137049235,38.5628275556372,47.1293561504407,65.3401408782656,39.3635716511301,45.5201870780324,37.1731176219669,48.9448082545079,56.1960373987242,54.5393586048564,40.1996471584199,51.2422349283338,44.0370643113539,51.7650399360371,43.1349236296644,35.4322775473304,54.1959834403549,49.479442775469,56.6375889577396,52.8299772428754,37.1434939532402
48.3145293600079,58.7120266115108,50.3986868256387,30.2774936317567,46.4031024775675,31.0021849145745,47.6136880082189,49.0821794850711,34.5764589665599,52.6493770093238,14.9259137049235,38.5628275556372,47.1293561504407,65.3401408782656,39.3635716511301,45.5201870780324,37.1731176219669,48.9448082545079,56.1960373987242,54.5393586048564,40.1996471584199,51.2422349283338,44.0370643113539,51.7650399360371,43.1349236296644,35.4322775473304,54.1959834403549,49.479442775469,56.6375889577396,52.8299772428754,37.1434939532402
48.3145293600079,58.7120266115108,50.3986868256387,30.2774936317567,46.4031024775675,31.0021849145745,47.6136880082189,49.0821794850711,34.5764589665599,52.6493770093238,14.9259137049235,38.5628275556372,47.1293561504407,65.3401408782656,39.3635716511301,45.5201870780324,40.0129512446963,48.9448082545079,56.1960373987242,54.5393586048564,40.1996471584199,51.2422349283338,44.0370643113539,51.7650399360371,43.1349236296644,35.4322775473304,54.1959834403549,49.479442775469,56.9208307278961,52.8299772428754,37.1434939532402
48.3145293600079,58.7120266115108,50.3986868256387,30.2774936317567,46.4031024775675,31.0021849145745,47.6136880082189,49.0821794850711,34.5764589665599,52.6493770093238,14.9259137049235,38.5628275556372,47.1293561504407,65.3401408782656,39.3635716511301,45.5201870780324,40.6014368624314,48.9448082545079,56.1960373987242,54.5393586048564,40.1996471584199,51.2422349283338,44.0370643113539,51.7650399360371,43.1349236296644,35.4322775473304,54.1959834403549,49.479442775469,56.9208307278961,52.8299772428754,37.1434939532402
48.3145293600079,58.7120266115108,50.3986868256387,30.2774936317567,46.4031024775675,31.0021849145745,47.6136880082189,49.6986349737772,34.5764589665599,52.6493770093238,14.9259137049235,38.5628275556372,47.1293561504407,65.3401408782656,39.3635716511301,46.2755063069374,40.6014368624314,48.9448082545079,56.1960373987242,54.5393586048564,40.1996471584199,51.2422349283338,44.0370643113539,54.7532763520584,43.1349236296644,35.4322775473304,54.1959834403549,49.479442775469,56.9208307278961,56.100340061655,37.1434939532402
48.3145293600079,58.7120266115108,50.3986868256387,30.2774936317567,46.4031024775675,31.0021849145745,47.6136880082189,49.6986349737772,34.5764589665599,52.6493770093238,14.9259137049235,38.5628275556372,47.1293561504407,65.3401408782656,39.3635716511301,46.2755063069374,40.6014368624314,53.4413973318405,56.1960373987242,54.5393586048564,40.1996471584199,51.2422349283338,44.0370643113539,54.7532763520584,43.1349236296644,35.4322775473304,54.1959834403549,49.479442775469,56.9208307278961,56.100340061655,37.1434939532402
48.3145293600079,58.8590932042975,50.3986868256387,30.2774936317567,46.4031024775675,31.0021849145745,47.6136880082189,49.6986349737772,34.5764589665599,52.6493770093238,14.9259137049235,38.5628275556372,47.1293561504407,65.7993523579647,39.3635716511301,46.2755063069374,40.6014368624314,53.4413973318405,56.1960373987242,54.5393586048564,40.1996471584199,51.2422349283338,44.0370643113539,54.7532763520584,43.1349236296644,35.4322775473304,54.1959834403549,53.1362489886826,56.9208307278961,56.100340061655,37.1434939532402
48.3145293600079,58.8590932042975,50.3986868256387,30.2774936317567,47.1717958864841,31.0021849145745,47.6136880082189,49.6986349737772,34.5764589665599,52.6493770093238,14.9259137049235,38.5628275556372,47.1293561504407,65.7993523579647,39.3635716511301,46.2755063069374,40.6014368624314,53.4413973318405,56.1960373987242,55.857526749077,40.1996471584199,53.7134301170106,50.5037442057877,54.7532763520584,43.1349236296644,35.4322775473304,54.1959834403549,53.1362489886826,56.9208307278961,56.100340061655,37.1434939532402
48.3145293600079,58.8590932042975,50.3986868256387,30.2774936317567,47.1717958864841,31.0021849145745,48.7883553580585,49.6986349737772,34.5764589665599,52.6493770093238,19.5842051962181,38.5628275556372,47.1293561504407,65.7993523579647,39.3635716511301,46.2755063069374,40.6014368624314,53.4413973318405,56.1960373987242,55.857526749077,40.1996471584199,53.7134301170106,50.5037442057877,54.7532763520584,43.1349236296644,35.4322775473304,54.1959834403549,53.1362489886826,56.9208307278961,56.100340061655,37.1434939532402
48.3145293600079,58.8590932042975,51.9336775512192,30.2774936317567,47.1717958864841,32.090720569416,48.7883553580585,49.6986349737772,34.5764589665599,52.6493770093238,22.7581699300445,38.5628275556372,47.7350919509632,65.7993523579647,39.3635716511301,46.2755063069374,40.6014368624314,53.4413973318405,56.1960373987242,55.857526749077,40.305597655082,53.7134301170106,50.5037442057877,54.7532763520584,43.1349236296644,35.4322775473304,54.1959834403549,53.1362489886826,56.9208307278961,56.100340061655,37.1434939532402
48.3145293600079,58.8590932042975,54.5380269857393,36.912105323906,47.1717958864841,32.090720569416,48.7883553580585,49.6986349737772,34.5764589665599,53.3669629489395,22.7581699300445,38.5628275556372,47.7350919509632,65.7993523579647,39.3635716511301,46.2755063069374,40.6014368624314,53.4413973318405,56.1960373987242,55.857526749077,40.305597655082,53.7134301170106,50.5037442057877,54.7532763520584,43.1349236296644,35.4322775473304,56.2114568744759,53.1362489886826,56.9208307278961,56.100340061655,38.510510597088
48.3145293600079,58.8590932042975,54.5380269857393,36.912105323906,47.1717958864841,32.090720569416,48.7883553580585,49.6986349737772,34.5764589665599,53.3669629489395,22.7581699300445,42.2846094406468,47.7350919509632,65.7993523579647,39.3635716511301,46.2755063069374,40.6014368624314,53.4413973318405,56.1960373987242,55.857526749077,40.305597655082,53.7134301170106,50.5037442057877,54.7532763520584,44.7993733958441,35.4322775473304,56.2114568744759,53.1362489886826,56.9208307278961,56.100340061655,38.510510597088
48.3145293600079,58.8590932042975,54.5380269857393,36.912105323906,49.6647596428887,32.090720569416,48.7883553580585,49.6986349737772,34.5764589665599,53.3669629489395,22.7581699300445,42.2846094406468,47.7350919509632,65.7993523579647,39.3635716511301,46.2755063069374,40.6014368624314,53.4413973318405,56.1960373987242,55.857526749077,40.305597655082,53.7134301170106,50.5037442057877,54.7532763520584,44.7993733958441,35.4322775473304,56.2114568744759,53.1362489886826,56.9208307278961,56.100340061655,38.6661344340156
48.3145293600079,58.8590932042975,54.5380269857393,36.912105323906,49.6647596428887,32.090720569416,48.7883553580585,49.6986349737772,34.5764589665599,53.3669629489395,22.7581699300445,42.2846094406468,47.7350919509632,65.7993523579647,39.3635716511301,46.2755063069374,40.6014368624314,53.4413973318405,56.1960373987242,55.857526749077,40.305597655082,53.7134301170106,50.5037442057877,54.7532763520584,44.7993733958441,35.4322775473304,56.2114568744759,53.1362489886826,58.5347380850117,56.100340061655,38.6661344340156
48.3145293600079,58.8590932042975,54.5380269857393,36.912105323906,49.6647596428887,32.090720569416,48.7883553580585,49.8690479414249,34.5764589665599,53.3669629489395,22.7581699300445,42.2846094406468,47.7350919509632,65.7993523579647,39.3635716511301,46.2755063069374,40.6014368624314,53.4413973318405,56.1960373987242,55.857526749077,54.9213385017693,53.7134301170106,50.5037442057877,54.7532763520584,44.7993733958441,35.4322775473304,56.2114568744759,53.1362489886826,58.5347380850117,56.100340061655,38.6661344340156
48.3145293600079,58.8590932042975,54.5380269857393,36.912105323906,49.6647596428887,32.090720569416,48.7883553580585,49.8690479414249,34.5764589665599,53.3669629489395,22.7581699300445,42.2846094406468,47.7350919509632,65.7993523579647,39.3635716511301,46.2755063069374,40.6014368624314,56.7698983538013,56.1960373987242,55.857526749077,54.9213385017693,53.7134301170106,50.5037442057877,54.7532763520584,44.7993733958441,35.4322775473304,56.2114568744759,53.1362489886826,58.5347380850117,56.100340061655,38.6661344340156
48.3145293600079,58.8590932042975,54.5380269857393,36.912105323906,49.6647596428887,32.090720569416,48.7883553580585,49.8690479414249,34.5764589665599,53.3669629489395,22.7581699300445,42.2846094406468,47.7350919509632,65.7993523579647,39.3635716511301,47.1280674359908,40.6014368624314,56.7698983538013,56.1960373987242,55.857526749077,54.9213385017693,53.7134301170106,50.5037442057877,58.9212678832944,44.7993733958441,35.4322775473304,56.2114568744759,54.4945119617103,58.5347380850117,56.100340061655,38.6661344340156
48.3145293600079,60.8347159778593,54.5380269857393,36.912105323906,49.6647596428887,32.090720569416,48.7883553580585,49.8690479414249,34.5764589665599,53.3669629489395,22.7581699300445,42.2846094406468,47.7350919509632,65.7993523579647,39.3635716511301,47.1280674359908,40.6014368624314,56.7698983538013,56.1960373987242,55.857526749077,54.9213385017693,53.7134301170106,50.5037442057877,58.9212678832944,44.7993733958441,35.4322775473304,56.2114568744759,54.4945119617103,58.5347380850117,56.100340061655,38.6661344340156
48.7562338801681,60.8347159778593,54.5380269857393,36.912105323906,49.6647596428887,32.090720569416,48.7883553580585,49.8690479414249,34.5764589665599,53.3669629489395,22.7581699300445,42.2846094406468,47.7350919509632,65.7993523579647,39.3635716511301,47.1280674359908,40.6014368624314,56.7698983538013,56.1960373987242,55.857526749077,54.9213385017693,55.8711691342697,52.3458156565871,58.9212678832944,44.7993733958441,35.4322775473304,56.2114568744759,54.4945119617103,58.5347380850117,56.100340061655,38.6661344340156
48.7562338801681,60.8347159778593,54.5380269857393,36.912105323906,49.6647596428887,32.090720569416,48.7883553580585,49.8690479414249,34.5764589665599,53.3669629489395,22.7581699300445,42.2846094406468,47.7350919509632,67.7557559489128,39.3635716511301,47.1280674359908,40.6014368624314,56.7698983538013,56.1960373987242,55.857526749077,54.9213385017693,55.8711691342697,52.3458156565871,58.9212678832944,44.7993733958441,35.4322775473304,56.2114568744759,54.4945119617103,58.5347380850117,56.100340061655,38.6661344340156
48.7562338801681,60.8347159778593,54.5380269857393,36.912105323906,49.6647596428887,39.5295310585113,50.5903949747874,49.8690479414249,34.5764589665599,54.4511139638257,24.1611449049046,42.2846094406468,47.7350919509632,67.7557559489128,39.3635716511301,47.1280674359908,40.6014368624314,56.7698983538013,56.1960373987242,55.857526749077,54.9213385017693,55.8711691342697,52.3458156565871,58.9212678832944,44.7993733958441,35.4322775473304,56.2114568744759,54.4945119617103,58.5347380850117,56.100340061655,38.6661344340156
48.7562338801681,60.8347159778593,55.3141943676002,38.3496981661907,49.6647596428887,39.5295310585113,50.5903949747874,49.8690479414249,34.5764589665599,54.4511139638257,24.1611449049046,42.2846094406468,49.3804688570024,67.7557559489128,39.3635716511301,47.1280674359908,40.7138562474643,56.7698983538013,56.1960373987242,55.857526749077,54.9213385017693,55.8711691342697,52.3458156565871,58.9212678832944,44.7993733958441,35.4322775473304,56.2114568744759,54.4945119617103,58.5347380850117,56.100340061655,38.6661344340156
48.7562338801681,60.8347159778593,55.3141943676002,38.3496981661907,49.6647596428887,39.5295310585113,50.5903949747874,49.8690479414249,34.5764589665599,54.4511139638257,24.1611449049046,45.2450578982503,49.3804688570024,67.7557559489128,39.3635716511301,47.1280674359908,40.7138562474643,56.7698983538013,56.1960373987242,55.857526749077,54.9213385017693,55.8711691342697,52.3458156565871,58.9212678832944,44.7993733958441,35.4322775473304,59.7135510941023,54.4945119617103,58.5347380850117,56.100340061655,38.6661344340156
48.7562338801681,60.8347159778593,55.3141943676002,38.3496981661907,49.6647596428887,39.5295310585113,50.5903949747874,49.8690479414249,34.5764589665599,54.4511139638257,24.1611449049046,45.2450578982503,49.3804688570024,67.7557559489128,39.3635716511301,47.1280674359908,40.7138562474643,56.7698983538013,56.1960373987242,55.857526749077,54.9213385017693,55.8711691342697,52.3458156565871,58.9212678832944,44.7993733958441,35.4322775473304,60.8501910318954,54.4945119617103,58.5347380850117,56.100340061655,38.6661344340156
48.7562338801681,60.8347159778593,55.3141943676002,38.3496981661907,54.5668876487471,39.5295310585113,50.5903949747874,49.8690479414249,34.5764589665599,54.4511139638257,24.1611449049046,45.2450578982503,49.3804688570024,67.7557559489128,39.3635716511301,47.1280674359908,40.7138562474643,56.7698983538013,56.1960373987242,55.857526749077,54.9213385017693,55.8711691342697,52.3458156565871,58.9212678832944,44.7993733958441,35.4322775473304,60.8501910318954,54.4945119617103,60.263972074856,56.100340061655,38.6661344340156
48.7562338801681,60.8347159778593,55.3141943676002,38.3496981661907,54.5668876487471,39.5295310585113,50.5903949747874,49.8690479414249,34.5764589665599,54.4511139638257,24.1611449049046,45.2450578982503,49.3804688570024,67.7557559489128,39.3635716511301,47.1280674359908,40.7138562474643,56.7698983538013,56.1960373987242,55.857526749077,55.6443368812414,55.8711691342697,52.3458156565871,58.9212678832944,44.7993733958441,35.4322775473304,60.8501910318954,54.4945119617103,60.263972074856,56.100340061655,38.6661344340156
48.7562338801681,60.8347159778593,55.3141943676002,38.3496981661907,54.5668876487471,39.5295310585113,50.5903949747874,49.8690479414249,34.5764589665599,54.4511139638257,24.1611449049046,45.2450578982503,49.3804688570024,67.7557559489128,39.6416901278001,47.1280674359908,40.9549757947278,60.565275820893,56.1960373987242,55.857526749077,55.6443368812414,55.8711691342697,52.3458156565871,59.6049857519272,44.7993733958441,35.4322775473304,60.8501910318954,54.4945119617103,60.263972074856,56.100340061655,38.6661344340156
48.7562338801681,60.8347159778593,55.3141943676002,38.3496981661907,54.5668876487471,39.5295310585113,50.5903949747874,49.8690479414249,34.9062556320881,54.4511139638257,24.1611449049046,45.2450578982503,49.3804688570024,67.7557559489128,39.6416901278001,47.1280674359908,40.9549757947278,60.565275820893,56.1960373987242,55.857526749077,55.6443368812414,55.8711691342697,52.3458156565871,59.6049857519272,44.7993733958441,35.4322775473304,60.8501910318954,54.4945119617103,60.263972074856,56.100340061655,38.6661344340156
48.7562338801681,60.9849433721824,55.3141943676002,38.3496981661907,54.5668876487471,39.5295310585113,50.5903949747874,49.8690479414249,34.9062556320881,54.4511139638257,24.8636498626964,45.2450578982503,49.3804688570024,67.7557559489128,39.6416901278001,48.3765283344903,40.9549757947278,60.565275820893,56.1960373987242,55.857526749077,55.6443368812414,56.2304988616624,55.8813791360679,59.6049857519272,44.7993733958441,35.4322775473304,60.8501910318954,54.4945119617103,60.263972074856,56.100340061655,38.6661344340156
48.7562338801681,60.9849433721824,55.3141943676002,38.3496981661907,54.5668876487471,39.5295310585113,50.5903949747874,49.8690479414249,34.9062556320881,54.4511139638257,24.8636498626964,45.2450578982503,49.3804688570024,67.7557559489128,39.6416901278001,48.3765283344903,40.9549757947278,60.565275820893,56.1960373987242,55.857526749077,55.6443368812414,56.9535152130601,55.8813791360679,59.6049857519272,44.7993733958441,35.4322775473304,60.8501910318954,54.4945119617103,60.263972074856,56.100340061655,38.6661344340156
48.7562338801681,60.9849433721824,55.3141943676002,38.3496981661907,54.5668876487471,39.5295310585113,50.5903949747874,49.8690479414249,34.9062556320881,54.4511139638257,24.8636498626964,45.2450578982503,49.3804688570024,67.7557559489128,39.6416901278001,48.3765283344903,40.9549757947278,60.565275820893,56.1960373987242,55.857526749077,55.6443368812414,56.9535152130601,55.8813791360679,59.6049857519272,44.7993733958441,35.4322775473304,60.8501910318954,54.4945119617103,60.263972074856,56.100340061655,38.6661344340156
48.7562338801681,60.9849433721824,55.3141943676002,38.3496981661907,54.5668876487471,41.7668285099062,50.5903949747874,49.8690479414249,34.9062556320881,57.3263690208335,30.8444661825429,45.2450578982503,49.3804688570024,67.7557559489128,39.6416901278001,48.3765283344903,40.9549757947278,60.565275820893,56.1960373987242,55.857526749077,55.6443368812414,56.9535152130601,55.8813791360679,59.6049857519272,44.7993733958441,35.4322775473304,60.8501910318954,54.4945119617103,60.263972074856,56.100340061655,38.6661344340156
48.7562338801681,60.9849433721824,56.27164638514,38.9057510951187,54.5668876487471,41.7668285099062,52.0370107242026,49.8690479414249,34.9062556320881,57.3263690208335,30.8444661825429,45.2450578982503,49.9595521133392,67.7557559489128,39.6416901278001,48.3765283344903,40.9549757947278,60.565275820893,56.1960373987242,55.857526749077,55.6443368812414,56.9535152130601,55.8813791360679,59.6049857519272,44.7993733958441,35.4322775473304,60.8501910318954,54.4945119617103,60.263972074856,56.100340061655,38.6661344340156
48.7562338801681,60.9849433721824,56.27164638514,38.9057510951187,54.5668876487471,41.7668285099062,52.0370107242026,49.8690479414249,34.9062556320881,57.3263690208335,30.8444661825429,45.2450578982503,49.9595521133392,67.7557559489128,39.6416901278001,48.3765283344903,43.6784500987384,60.565275820893,56.1960373987242,55.857526749077,55.6443368812414,56.9535152130601,55.8813791360679,59.6049857519272,44.7993733958441,35.4322775473304,60.8501910318954,54.4945119617103,60.263972074856,56.100340061655,39.2089005082374
48.7562338801681,60.9849433721824,56.27164638514,38.9057510951187,54.5668876487471,41.7668285099062,52.0370107242026,49.8690479414249,34.9062556320881,57.3263690208335,30.8444661825429,47.1826895871987,49.9595521133392,67.7557559489128,39.6416901278001,48.3765283344903,43.6784500987384,60.565275820893,56.1960373987242,55.857526749077,55.6443368812414,56.9535152130601,55.8813791360679,59.6049857519272,44.7993733958441,35.4322775473304,61.0416355098446,54.4945119617103,60.263972074856,56.100340061655,39.2089005082374
48.7562338801681,60.9849433721824,56.27164638514,38.9057510951187,54.5668876487471,41.7668285099062,52.0370107242026,49.8690479414249,34.9062556320881,57.3263690208335,30.8444661825429,47.1826895871987,49.9595521133392,67.7557559489128,39.6416901278001,48.3765283344903,43.6784500987384,60.565275820893,56.1960373987242,55.857526749077,57.466894625223,56.9535152130601,55.8813791360679,59.6049857519272,44.7993733958441,35.4322775473304,61.0416355098446,54.4945119617103,60.8491879178454,56.100340061655,39.2089005082374
48.7562338801681,60.9849433721824,56.27164638514,38.9057510951187,54.5668876487471,41.7668285099062,52.0370107242026,50.2645075458317,34.9062556320881,57.3263690208335,30.8444661825429,47.1826895871987,49.9595521133392,67.7557559489128,39.6416901278001,48.3765283344903,43.6784500987384,60.565275820893,56.1960373987242,55.857526749077,57.466894625223,56.9535152130601,55.8813791360679,59.6049857519272,44.7993733958441,35.4322775473304,61.0416355098446,54.4945119617103,60.8491879178454,56.9683883033289,39.2089005082374
48.7562338801681,60.9849433721824,56.27164638514,38.9057510951187,54.5668876487471,41.7668285099062,52.0370107242026,50.2645075458317,34.9062556320881,57.3263690208335,30.8444661825429,47.1826895871987,49.9595521133392,67.7557559489128,39.6416901278001,48.3765283344903,44.3118458937086,60.565275820893,56.1960373987242,55.857526749077,57.466894625223,56.9535152130601,55.8813791360679,59.6049857519272,44.7993733958441,35.4322775473304,61.0416355098446,54.5638769663174,60.8491879178454,56.9683883033289,39.2089005082374
48.7562338801681,60.9849433721824,56.27164638514,38.9057510951187,54.5668876487471,41.7668285099062,52.0370107242026,50.2645075458317,35.5211704918031,57.3263690208335,30.8444661825429,47.1826895871987,49.9595521133392,67.7557559489128,39.6416901278001,50.1493997499334,45.9758683710631,60.565275820893,56.1960373987242,55.857526749077,57.466894625223,56.9535152130601,55.8813791360679,60.665576266418,44.7993733958441,35.4322775473304,61.0416355098446,54.5638769663174,60.8491879178454,56.9683883033289,39.2089005082374
48.7562338801681,61.7258914137738,56.27164638514,38.9057510951187,54.5668876487471,41.7668285099062,52.0370107242026,50.2645075458317,35.5211704918031,57.3263690208335,30.8444661825429,47.1826895871987,49.9595521133392,67.7557559489128,39.6416901278001,50.1493997499334,45.9758683710631,60.565275820893,56.1960373987242,55.857526749077,57.466894625223,56.9535152130601,55.8813791360679,60.665576266418,44.7993733958441,35.4322775473304,61.0416355098446,54.5638769663174,60.8491879178454,56.9683883033289,39.2089005082374
48.7562338801681,61.7258914137738,56.27164638514,38.9057510951187,54.5668876487471,41.7668285099062,52.0370107242026,50.2645075458317,35.5211704918031,57.3263690208335,30.8444661825429,47.1826895871987,49.9595521133392,67.7557559489128,39.6416901278001,50.1493997499334,45.9758683710631,60.565275820893,56.1960373987242,55.857526749077,57.466894625223,56.9535152130601,58.0178616836463,60.665576266418,44.7993733958441,35.4322775473304,61.0416355098446,54.5638769663174,60.8491879178454,56.9683883033289,39.2089005082374
48.7562338801681,61.7258914137738,56.27164638514,38.9057510951187,54.5668876487471,41.7668285099062,52.0370107242026,50.2645075458317,35.5211704918031,57.3263690208335,30.8444661825429,47.1826895871987,49.9595521133392,67.7557559489128,39.6416901278001,50.1493997499334,45.9758683710631,60.565275820893,56.1960373987242,55.857526749077,57.466894625223,57.2286654350601,58.0178616836463,60.665576266418,44.7993733958441,35.4322775473304,61.0416355098446,54.5638769663174,60.8491879178454,56.9683883033289,39.2089005082374
48.7562338801681,61.7258914137738,56.27164638514,38.9057510951187,54.5668876487471,41.7668285099062,52.0370107242026,50.2645075458317,35.5211704918031,57.3263690208335,31.7572000052497,47.1826895871987,50.8678430500848,67.7557559489128,39.6416901278001,50.1493997499334,45.9758683710631,60.565275820893,56.1960373987242,55.857526749077,57.466894625223,57.2286654350601,58.0178616836463,60.665576266418,44.7993733958441,35.6633257002156,61.0416355098446,54.5638769663174,60.8491879178454,57.1673612432912,40.3157649757679
48.7562338801681,61.7258914137738,56.27164638514,38.9057510951187,54.5668876487471,41.9519992956321,52.0370107242026,50.2645075458317,35.5211704918031,59.7409615671409,31.7572000052497,47.1826895871987,50.8678430500848,67.7557559489128,39.6416901278001,50.1493997499334,45.9758683710631,60.565275820893,56.1960373987242,55.857526749077,57.466894625223,57.2286654350601,58.0178616836463,60.665576266418,44.7993733958441,35.6633257002156,61.0416355098446,54.5638769663174,60.8491879178454,57.1673612432912,40.3157649757679
48.7562338801681,61.7258914137738,56.27164638514,38.9057510951187,54.5668876487471,41.9519992956321,52.0370107242026,50.2645075458317,35.5211704918031,59.7409615671409,31.7572000052497,49.2027644070408,50.8678430500848,67.7557559489128,39.6416901278001,50.1493997499334,45.9758683710631,60.565275820893,56.1960373987242,55.857526749077,57.466894625223,57.2286654350601,58.0178616836463,60.665576266418,44.7993733958441,36.9926308075574,61.0416355098446,54.5638769663174,60.8491879178454,57.1673612432912,40.3157649757679
48.7562338801681,61.7258914137738,56.27164638514,38.9057510951187,54.5668876487471,41.9519992956321,52.0370107242026,50.2645075458317,35.5211704918031,59.7409615671409,31.7572000052497,49.2027644070408,50.8678430500848,67.7557559489128,39.6416901278001,50.1493997499334,45.9758683710631,60.565275820893,56.1960373987242,55.857526749077,59.0764424899665,57.2286654350601,58.0178616836463,60.665576266418,44.7993733958441,36.9926308075574,61.0416355098446,54.5638769663174,60.8491879178454,57.1673612432912,40.3157649757679
48.7562338801681,61.7258914137738,56.27164638514,38.9057510951187,54.5668876487471,41.9519992956321,52.0370107242026,50.2645075458317,35.5211704918031,59.7409615671409,31.7572000052497,49.2027644070408,50.8678430500848,67.7557559489128,39.6416901278001,50.1493997499334,45.9758683710631,60.565275820893,56.1960373987242,55.857526749077,59.0764424899665,57.2286654350601,58.0178616836463,60.665576266418,44.7993733958441,36.9926308075574,63.0146363940303,54.5638769663174,60.8491879178454,57.1673612432912,40.3157649757679
48.7562338801681,61.7258914137738,56.27164638514,40.6713229222947,54.5668876487471,41.9519992956321,52.0370107242026,50.7119788702704,35.5211704918031,59.7409615671409,31.7572000052497,49.2027644070408,50.8678430500848,67.7557559489128,39.6416901278001,50.1493997499334,45.9758683710631,60.565275820893,56.1960373987242,55.857526749077,59.0764424899665,57.2286654350601,58.0178616836463,60.665576266418,44.7993733958441,36.9926308075574,63.0146363940303,54.5638769663174,60.8491879178454,58.4189729356252,40.3157649757679
48.7562338801681,61.7258914137738,56.27164638514,40.6713229222947,54.5668876487471,41.9519992956321,52.0370107242026,50.7119788702704,35.5211704918031,59.7409615671409,31.7572000052497,49.2027644070408,50.8678430500848,67.7557559489128,39.6416901278001,50.1493997499334,45.9758683710631,60.565275820893,56.1960373987242,55.857526749077,59.0764424899665,57.2286654350601,58.0178616836463,60.665576266418,44.7993733958441,36.9926308075574,63.0146363940303,54.5638769663174,60.8491879178454,58.4189729356252,40.3157649757679
48.7562338801681,61.7258914137738,56.27164638514,40.6713229222947,54.5668876487471,41.9519992956321,52.0370107242026,50.7119788702704,35.5211704918031,59.7409615671409,31.7572000052497,49.2027644070408,50.8678430500848,67.7557559489128,39.6416901278001,50.1493997499334,45.9758683710631,60.565275820893,56.1960373987242,55.857526749077,59.0764424899665,57.2286654350601,58.0178616836463,60.665576266418,44.7993733958441,36.9926308075574,63.0146363940303,55.054355318052,60.8491879178454,58.4189729356252,40.3157649757679
48.7562338801681,61.7258914137738,56.27164638514,40.6713229222947,54.5668876487471,41.9519992956321,52.0370107242026,50.7119788702704,35.5211704918031,59.7409615671409,31.7572000052497,49.2027644070408,50.8678430500848,67.7557559489128,39.6416901278001,51.5821026391097,45.9758683710631,60.565275820893,56.1960373987242,55.857526749077,59.0764424899665,57.2286654350601,58.0178616836463,60.665576266418,44.7993733958441,36.9926308075574,63.0146363940303,55.054355318052,60.8491879178454,58.4189729356252,40.3157649757679
48.7562338801681,61.7258914137738,56.27164638514,40.6713229222947,54.5668876487471,41.9519992956321,52.0370107242026,50.7119788702704,35.5211704918031,59.7409615671409,31.7572000052497,49.2027644070408,50.8678430500848,67.7557559489128,39.6416901278001,51.5821026391097,45.9758683710631,60.565275820893,56.1960373987242,55.857526749077,59.0764424899665,57.2286654350601,58.0178616836463,60.665576266418,44.7993733958441,36.9926308075574,63.0146363940303,55.054355318052,60.8491879178454,58.4189729356252,40.3157649757679
48.7562338801681,61.7258914137738,56.27164638514,40.6713229222947,54.5668876487471,41.9519992956321,52.0370107242026,50.7119788702704,35.5211704918031,59.7409615671409,31.7572000052497,49.2027644070408,50.8678430500848,67.7557559489128,39.6416901278001,51.5821026391097,45.9758683710631,60.565275820893,56.1960373987242,55.857526749077,59.0764424899665,57.2286654350601,58.0178616836463,60.665576266418,44.7993733958441,36.9926308075574,63.0146363940303,55.054355318052,60.8491879178454,58.4189729356252,40.3157649757679
48.7562338801681,61.7258914137738,56.27164638514,40.6713229222947,54.5668876487471,41.9519992956321,52.0370107242026,50.7119788702704,35.5211704918031,59.7409615671409,33.9952016182522,49.2027644070408,50.8678430500848,67.7557559489128,39.6416901278001,51.5821026391097,45.9758683710631,60.565275820893,56.1960373987242,55.857526749077,59.0764424899665,57.2286654350601,58.0178616836463,60.665576266418,44.7993733958441,36.9926308075574,63.0146363940303,55.054355318052,60.8491879178454,58.4189729356252,45.621790368067
48.7562338801681,61.7258914137738,56.27164638514,40.6713229222947,54.5668876487471,44.9162327216375,52.0370107242026,50.7119788702704,35.5211704918031,59.7409615671409,33.9952016182522,49.2027644070408,50.8678430500848,67.7557559489128,39.6416901278001,51.5821026391097,45.9758683710631,60.565275820893,56.1960373987242,55.857526749077,59.0764424899665,58.5139920227215,58.0178616836463,60.665576266418,44.7993733958441,36.9926308075574,63.0146363940303,55.054355318052,60.8491879178454,58.4189729356252,45.621790368067
48.7562338801681,61.7258914137738,56.27164638514,40.6713229222947,54.5668876487471,44.9162327216375,53.4680377218215,50.7119788702704,35.5211704918031,59.7409615671409,33.9952016182522,49.2027644070408,50.8678430500848,67.7557559489128,39.6416901278001,51.5821026391097,46.5931472561979,60.565275820893,56.1960373987242,55.857526749077,59.0764424899665,58.5139920227215,58.0178616836463,60.665576266418,44.7993733958441,36.9926308075574,63.0146363940303,55.054355318052,60.8491879178454,58.4189729356252,45.621790368067
48.7562338801681,61.7258914137738,56.27164638514,40.6713229222947,54.5668876487471,44.9162327216375,53.4680377218215,50.7119788702704,35.5211704918031,59.7409615671409,33.9952016182522,50.2630160011713,50.8678430500848,67.7557559489128,39.6416901278001,51.5821026391097,46.5931472561979,60.565275820893,56.1960373987242,55.857526749077,59.0764424899665,58.5139920227215,58.0178616836463,60.665576266418,44.7993733958441,36.9926308075574,63.0146363940303,55.054355318052,60.8491879178454,58.4189729356252,45.621790368067
48.7562338801681,61.7258914137738,56.27164638514,40.6713229222947,54.5668876487471,44.9162327216375,53.4680377218215,50.7119788702704,35.5211704918031,62.0582122613734,33.9952016182522,50.2630160011713,50.8678430500848,67.7557559489128,39.6416901278001,51.5821026391097,46.5931472561979,60.565275820893,56.1960373987242,55.857526749077,59.0764424899665,58.5139920227215,58.0178616836463,60.665576266418,48.2801636302465,36.9926308075574,63.0146363940303,55.054355318052,60.8491879178454,58.4189729356252,45.621790368067
48.7562338801681,61.7258914137738,56.27164638514,40.6713229222947,54.5668876487471,44.9162327216375,53.4680377218215,52.4413461315784,35.5211704918031,62.0582122613734,33.9952016182522,50.2630160011713,50.8678430500848,67.7557559489128,39.6416901278001,51.5821026391097,46.5931472561979,60.565275820893,56.1960373987242,55.857526749077,59.0764424899665,58.5139920227215,58.0178616836463,60.665576266418,48.2801636302465,36.9926308075574,63.0146363940303,55.054355318052,60.8491879178454,58.4189729356252,45.621790368067
48.7562338801681,61.7258914137738,56.27164638514,45.7331738061083,54.5668876487471,44.9162327216375,53.4680377218215,52.4413461315784,35.5211704918031,62.0582122613734,33.9952016182522,50.2630160011713,50.8678430500848,67.7557559489128,39.6416901278001,51.5821026391097,46.5931472561979,60.565275820893,56.1960373987242,55.857526749077,59.0764424899665,58.5139920227215,58.0178616836463,60.665576266418,48.2801636302465,36.9926308075574,63.0146363940303,55.054355318052,60.8491879178454,58.4189729356252,45.621790368067
48.7562338801681,61.7258914137738,56.27164638514,45.7331738061083,54.5668876487471,44.9162327216375,53.4680377218215,52.4413461315784,35.5211704918031,62.0582122613734,33.9952016182522,50.2630160011713,50.8678430500848,67.7557559489128,39.6416901278001,51.5821026391097,47.5220109170597,60.565275820893,56.1960373987242,55.857526749077,59.0764424899665,58.5139920227215,58.0178616836463,62.4804982918593,48.2801636302465,36.9926308075574,63.0146363940303,55.054355318052,60.8491879178454,58.4189729356252,45.621790368067
48.7562338801681,61.7258914137738,56.27164638514,45.7331738061083,54.5668876487471,44.9162327216375,53.4680377218215,52.4413461315784,35.5211704918031,62.0582122613734,34.1938185233654,50.2630160011713,50.8678430500848,67.7557559489128,39.6416901278001,51.5821026391097,47.5220109170597,60.565275820893,56.1960373987242,55.857526749077,59.0764424899665,58.5139920227215,59.4608184470603,62.4804982918593,48.2801636302465,36.9926308075574,63.0146363940303,55.054355318052,60.8491879178454,58.4189729356252,45.621790368067
48.7562338801681,61.7258914137738,56.27164638514,45.7331738061083,54.5668876487471,44.9162327216375,53.4680377218215,52.4413461315784,35.5211704918031,62.0582122613734,34.1938185233654,50.2630160011713,50.8678430500848,67.7557559489128,39.6416901278001,52.8338988762669,47.5220109170597,60.565275820893,56.1960373987242,55.857526749077,59.0764424899665,58.5139920227215,59.4608184470603,62.4804982918593,48.2801636302465,36.9926308075574,63.0146363940303,55.054355318052,60.8491879178454,58.4189729356252,45.621790368067
48.7562338801681,61.7258914137738,56.27164638514,45.7331738061083,54.5668876487471,44.9162327216375,53.4680377218215,52.4413461315784,35.5211704918031,62.0582122613734,34.1938185233654,50.2630160011713,50.8678430500848,67.7557559489128,39.6416901278001,52.8338988762669,47.5220109170597,60.565275820893,56.2998382341364,55.857526749077,59.0764424899665,58.5139920227215,59.4608184470603,62.4804982918593,48.2801636302465,36.9926308075574,63.0146363940303,55.054355318052,60.8491879178454,58.4189729356252,47.7686559222956
48.7562338801681,61.7258914137738,56.2755011071648,45.7331738061083,54.5668876487471,44.9162327216375,53.4680377218215,52.4413461315784,35.5211704918031,62.0582122613734,35.1129234523597,50.2630160011713,50.8678430500848,67.7557559489128,39.6416901278001,52.8338988762669,47.5220109170597,60.565275820893,56.2998382341364,55.857526749077,59.0764424899665,58.5139920227215,59.4608184470603,62.4804982918593,48.2801636302465,36.9926308075574,63.0146363940303,55.054355318052,60.8491879178454,58.4189729356252,47.7686559222956
48.7562338801681,61.7258914137738,56.2755011071648,45.7331738061083,54.5668876487471,44.9162327216375,53.4680377218215,52.4413461315784,35.5211704918031,62.0582122613734,35.1129234523597,50.2630160011713,50.8678430500848,67.7557559489128,39.6416901278001,52.8338988762669,47.5220109170597,60.565275820893,56.2998382341364,55.857526749077,59.0764424899665,58.9862699868608,59.4608184470603,62.4804982918593,48.2801636302465,36.9926308075574,63.0146363940303,55.054355318052,60.8491879178454,58.4189729356252,47.7686559222956
48.7562338801681,61.7258914137738,56.2755011071648,45.7331738061083,54.5668876487471,44.9162327216375,53.4680377218215,52.4413461315784,35.5211704918031,62.0582122613734,35.1129234523597,50.2630160011713,50.8678430500848,67.7557559489128,39.6416901278001,52.8338988762669,47.5220109170597,60.565275820893,56.2998382341364,55.857526749077,59.0764424899665,58.9862699868608,59.4608184470603,62.4804982918593,48.2801636302465,37.5940005939435,63.0146363940303,55.054355318052,60.8491879178454,58.4189729356252,47.7686559222956
48.7562338801681,61.7258914137738,56.2755011071648,45.7331738061083,54.5668876487471,44.9162327216375,53.4680377218215,52.4413461315784,35.5211704918031,62.0582122613734,35.1129234523597,52.2107691612612,50.8678430500848,67.7557559489128,39.6416901278001,52.8338988762669,47.5220109170597,60.565275820893,56.2998382341364,55.857526749077,59.8442466883435,58.9862699868608,59.4608184470603,62.4804982918593,48.2801636302465,37.5940005939435,63.0146363940303,55.054355318052,60.8491879178454,58.4189729356252,47.7686559222956
48.7562338801681,61.7258914137738,56.2755011071648,45.7331738061083,57.7644872562766,44.9162327216375,53.4680377218215,54.9536672445227,35.5211704918031,62.0582122613734,35.1129234523597,52.2107691612612,50.8678430500848,67.7557559489128,39.6416901278001,52.8338988762669,47.5220109170597,61.0957976247844,56.2998382341364,55.857526749077,59.8442466883435,58.9862699868608,59.4608184470603,62.4804982918593,48.6382372486129,37.5940005939435,63.0146363940303,55.054355318052,60.8491879178454,58.4189729356252,47.7686559222956
48.7562338801681,61.7258914137738,56.2755011071648,45.7331738061083,57.7644872562766,44.9162327216375,53.4680377218215,57.8083074647716,35.5211704918031,63.4050838027593,35.1129234523597,52.2107691612612,50.8678430500848,67.7557559489128,39.6416901278001,52.8338988762669,47.5220109170597,63.8866621152681,56.2998382341364,55.857526749077,59.8442466883435,58.9862699868608,59.4608184470603,62.4804982918593,48.6382372486129,37.5940005939435,63.0146363940303,55.054355318052,60.8491879178454,58.4189729356252,47.7686559222956
48.7562338801681,61.7258914137738,56.2755011071648,45.7331738061083,57.7644872562766,44.9162327216375,53.4680377218215,57.8083074647716,35.5211704918031,63.4050838027593,35.1129234523597,52.2107691612612,50.8678430500848,67.7557559489128,39.6416901278001,52.8338988762669,47.5220109170597,63.8866621152681,56.2998382341364,55.857526749077,59.8442466883435,58.9862699868608,59.4608184470603,62.4804982918593,48.6382372486129,37.5940005939435,63.0146363940303,55.054355318052,60.8491879178454,58.4189729356252,47.7686559222956
48.7562338801681,61.7258914137738,56.2755011071648,45.7331738061083,57.7644872562766,44.9162327216375,53.4680377218215,57.8083074647716,35.5211704918031,63.4050838027593,35.1129234523597,52.2107691612612,50.8678430500848,67.7557559489128,39.6416901278001,52.8338988762669,48.2433712071598,63.8866621152681,56.2998382341364,55.857526749077,59.8442466883435,58.9862699868608,59.4608184470603,63.2654642596199,48.6382372486129,37.5940005939435,63.0146363940303,55.054355318052,60.8491879178454,58.4189729356252,47.7686559222956
48.7562338801681,61.7258914137738,56.2755011071648,45.7331738061083,57.7644872562766,44.9162327216375,53.4680377218215,57.8083074647716,35.5211704918031,63.4050838027593,35.1129234523597,52.2107691612612,50.8678430500848,67.7557559489128,39.6416901278001,52.8338988762669,48.2433712071598,63.8866621152681,56.2998382341364,55.857526749077,59.8442466883435,58.9862699868608,59.8445301664572,63.2654642596199,48.6382372486129,37.5940005939435,63.0146363940303,55.054355318052,60.8491879178454,58.4189729356252,47.7686559222956
48.7562338801681,61.7258914137738,56.2755011071648,45.7331738061083,57.7644872562766,44.9162327216375,53.4680377218215,57.8083074647716,35.5211704918031,63.4050838027593,35.1129234523597,52.2107691612612,50.8678430500848,67.7557559489128,39.6416901278001,52.8338988762669,48.2433712071598,63.8866621152681,56.2998382341364,55.857526749077,59.8442466883435,58.9862699868608,59.8445301664572,63.2654642596199,48.6382372486129,37.5940005939435,63.0146363940303,55.054355318052,60.8491879178454,58.4189729356252,47.7686559222956
48.7562338801681,61.7258914137738,56.5188084181018,45.7331738061083,57.7644872562766,44.9162327216375,53.4680377218215,57.8083074647716,35.5893968961576,63.4050838027593,35.1129234523597,52.2107691612612,50.8678430500848,67.7557559489128,39.6416901278001,52.8338988762669,48.2433712071598,63.8866621152681,56.2998382341364,55.857526749077,59.8442466883435,58.9862699868608,59.8445301664572,63.2654642596199,48.6382372486129,37.5940005939435,63.0146363940303,55.054355318052,60.8491879178454,58.4189729356252,47.7686559222956
48.7562338801681,61.7258914137738,56.5188084181018,45.7331738061083,57.7644872562766,44.9162327216375,53.4680377218215,57.8083074647716,35.5893968961576,63.4050838027593,35.1129234523597,52.2107691612612,50.8678430500848,67.7557559489128,39.6416901278001,52.873363417819,48.2433712071598,63.8866621152681,56.2998382341364,55.857526749077,59.8442466883435,58.9862699868608,59.8445301664572,63.2654642596199,48.6382372486129,37.5940005939435,63.0146363940303,55.054355318052,60.8491879178454,58.4189729356252,47.7686559222956
48.7562338801681,61.7258914137738,56.5188084181018,45.7331738061083,57.7644872562766,45.7946560291785,53.4680377218215,57.8083074647716,35.5893968961576,63.4050838027593,35.1129234523597,52.2107691612612,50.8678430500848,67.7557559489128,39.6416901278001,52.873363417819,48.2433712071598,63.8866621152681,56.2998382341364,55.857526749077,59.8442466883435,58.9862699868608,59.8445301664572,63.2654642596199,48.6382372486129,37.5940005939435,63.0146363940303,55.054355318052,60.8491879178454,58.4189729356252,47.7686559222956
48.7562338801681,61.7258914137738,56.5188084181018,45.7331738061083,57.7644872562766,45.7946560291785,53.4680377218215,57.8083074647716,35.5893968961576,63.4050838027593,35.1129234523597,52.2107691612612,50.8678430500848,67.7557559489128,39.6416901278001,52.873363417819,48.2433712071598,63.8866621152681,56.2998382341364,55.857526749077,59.8442466883435,59.3323753236484,59.8445301664572,63.2654642596199,48.6382372486129,37.5940005939435,63.0146363940303,55.054355318052,60.8491879178454,58.4189729356252,47.7686559222956
48.7562338801681,61.7258914137738,56.5188084181018,45.7331738061083,57.7644872562766,45.7946560291785,53.4680377218215,57.8083074647716,35.5893968961576,63.4050838027593,35.1129234523597,52.2107691612612,50.8678430500848,67.7557559489128,39.6416901278001,52.873363417819,48.2433712071598,63.8866621152681,56.2998382341364,55.857526749077,60.2034563086039,59.3323753236484,59.8445301664572,63.2654642596199,48.6382372486129,37.5940005939435,63.0146363940303,55.054355318052,60.8491879178454,58.4189729356252,47.7686559222956
48.7562338801681,61.7258914137738,56.5188084181018,45.7331738061083,57.7644872562766,45.7946560291785,53.4680377218215,57.8083074647716,35.5893968961576,63.4050838027593,35.1129234523597,52.2107691612612,50.8678430500848,67.7557559489128,39.6416901278001,52.873363417819,48.2433712071598,63.8866621152681,59.7298996401931,55.857526749077,60.2034563086039,59.3323753236484,59.8445301664572,63.2654642596199,48.6382372486129,37.5940005939435,63.0146363940303,55.054355318052,60.8491879178454,58.5056923068791,47.7686559222956
48.7562338801681,61.7258914137738,56.5188084181018,45.7331738061083,57.7644872562766,45.7946560291785,53.4680377218215,57.8083074647716,35.5893968961576,65.278018349143,35.1129234523597,52.2107691612612,50.8678430500848,67.7557559489128,39.6416901278001,52.873363417819,48.2433712071598,63.8866621152681,59.7298996401931,55.857526749077,60.2034563086039,59.3323753236484,59.8445301664572,63.2654642596199,53.8684312525839,37.5940005939435,63.0146363940303,55.054355318052,60.8491879178454,58.5056923068791,47.7686559222956
48.7562338801681,61.7258914137738,56.5188084181018,45.7331738061083,57.7644872562766,45.7946560291785,53.4680377218215,57.8083074647716,35.5893968961576,65.278018349143,42.2255694545439,52.2107691612612,50.8678430500848,67.7557559489128,39.6416901278001,52.873363417819,48.2433712071598,63.8866621152681,59.7298996401931,55.857526749077,60.2034563086039,59.3323753236484,59.8445301664572,63.2654642596199,53.8684312525839,37.5940005939435,63.0146363940303,55.054355318052,60.8491879178454,58.5056923068791,47.7686559222956
48.7562338801681,61.7258914137738,56.5188084181018,45.7331738061083,57.7644872562766,45.7946560291785,53.4680377218215,57.8083074647716,35.5893968961576,65.278018349143,42.2255694545439,52.2107691612612,50.8678430500848,67.7557559489128,39.6416901278001,52.873363417819,48.2433712071598,63.8866621152681,59.7298996401931,55.857526749077,60.2034563086039,59.3323753236484,59.8445301664572,64.6762482658699,53.8684312525839,37.5940005939435,63.0146363940303,55.054355318052,60.8491879178454,58.5056923068791,47.7686559222956
48.7562338801681,61.7258914137738,56.5188084181018,45.7331738061083,57.7644872562766,45.7946560291785,53.4680377218215,57.8083074647716,35.5893968961576,65.278018349143,42.2255694545439,52.2107691612612,50.8678430500848,67.7557559489128,39.6416901278001,52.873363417819,48.2433712071598,63.8866621152681,59.7298996401931,55.857526749077,60.2034563086039,59.3323753236484,61.5888400095603,64.6762482658699,53.8684312525839,37.5940005939435,63.0146363940303,55.054355318052,60.8491879178454,58.5056923068791,47.7686559222956
48.7562338801681,61.7258914137738,56.5188084181018,45.7331738061083,57.7644872562766,45.7946560291785,53.4680377218215,57.8083074647716,35.7101527114503,65.278018349143,42.2255694545439,52.2107691612612,50.8678430500848,67.7557559489128,39.6416901278001,52.873363417819,48.2433712071598,63.8866621152681,59.7298996401931,55.857526749077,60.2034563086039,59.3323753236484,61.5888400095603,64.6762482658699,53.8684312525839,37.5940005939435,63.0146363940303,55.054355318052,60.8491879178454,58.5056923068791,47.7686559222956
48.7562338801681,61.7258914137738,56.5188084181018,45.7331738061083,57.7644872562766,45.7946560291785,53.4680377218215,57.8083074647716,35.7101527114503,65.278018349143,42.2255694545439,52.2107691612612,50.8678430500848,67.7557559489128,39.6416901278001,52.873363417819,48.2433712071598,63.8866621152681,59.7298996401931,55.857526749077,60.2034563086039,59.3323753236484,61.5888400095603,64.6762482658699,53.8684312525839,37.5940005939435,63.0146363940303,55.054355318052,60.8491879178454,58.5056923068791,47.7686559222956
48.7562338801681,61.7258914137738,56.5188084181018,45.7331738061083,57.7644872562766,45.7946560291785,53.4680377218215,57.8083074647716,35.7101527114503,65.278018349143,42.2255694545439,52.2107691612612,50.8678430500848,68.4299649320604,40.407512535407,52.873363417819,48.2433712071598,63.8866621152681,59.7298996401931,55.857526749077,60.2034563086039,59.3323753236484,61.5888400095603,64.6762482658699,53.8684312525839,37.5940005939435,63.0146363940303,55.054355318052,60.8491879178454,58.5056923068791,47.7686559222956
48.7562338801681,61.7258914137738,56.5188084181018,45.7331738061083,57.7644872562766,45.7946560291785,53.4680377218215,57.8083074647716,35.7101527114503,65.278018349143,42.2255694545439,52.2107691612612,50.8678430500848,68.4299649320604,40.407512535407,52.873363417819,48.2433712071598,63.8866621152681,59.7298996401931,55.857526749077,60.2034563086039,59.3323753236484,61.5888400095603,64.6762482658699,53.8684312525839,37.5940005939435,63.0146363940303,55.054355318052,60.8491879178454,58.5056923068791,47.7686559222956
48.7562338801681,61.7258914137738,56.5188084181018,45.7331738061083,57.7644872562766,45.7946560291785,53.4680377218215,57.8083074647716,35.7101527114503,65.278018349143,42.2255694545439,52.2107691612612,50.8678430500848,68.4299649320604,40.407512535407,52.873363417819,48.2433712071598,63.8866621152681,59.7298996401931,55.857526749077,60.2034563086039,59.3323753236484,61.5888400095603,64.6762482658699,53.8684312525839,37.5940005939435,63.0146363940303,55.054355318052,60.8491879178454,58.5056923068791,47.7686559222956
48.7562338801681,61.7258914137738,56.5188084181018,45.7331738061083,57.7644872562766,45.7946560291785,53.4680377218215,57.8083074647716,35.7101527114503,65.278018349143,42.2255694545439,53.3703870115339,50.8678430500848,68.4299649320604,40.407512535407,52.873363417819,48.2433712071598,63.8866621152681,61.0099908645904,55.857526749077,60.2034563086039,59.3323753236484,61.5888400095603,64.6762482658699,53.8684312525839,37.5940005939435,63.0146363940303,55.054355318052,60.8491879178454,58.5056923068791,47.7686559222956
48.7562338801681,61.7258914137738,56.5188084181018,45.7331738061083,57.7644872562766,45.7946560291785,53.4680377218215,57.8083074647716,35.7101527114503,66.6939004515649,42.2255694545439,53.3703870115339,50.8678430500848,68.4299649320604,40.407512535407,52.873363417819,48.2433712071598,63.8866621152681,61.0099908645904,55.857526749077,60.2034563086039,59.3323753236484,61.5888400095603,64.6762482658699,53.8684312525839,37.5940005939435,63.0146363940303,55.054355318052,60.8491879178454,60.1818935310308,47.7686559222956
48.7562338801681,61.7258914137738,56.5188084181018,45.7331738061083,57.7644872562766,45.7946560291785,53.4680377218215,57.8083074647716,35.7101527114503,66.6939004515649,42.9577756228273,53.3703870115339,50.8678430500848,68.4299649320604,40.407512535407,52.873363417819,48.2433712071598,63.8866621152681,61.0099908645904,55.857526749077,60.2034563086039,59.3323753236484,61.5888400095603,64.6762482658699,53.8684312525839,37.5940005939435,63.0146363940303,55.2100153545286,60.8491879178454,60.1818935310308,47.7686559222956
48.7562338801681,61.7258914137738,56.5188084181018,45.7331738061083,57.7644872562766,45.7946560291785,53.4680377218215,59.1269926940704,35.7101527114503,66.6939004515649,42.9577756228273,53.3703870115339,50.8678430500848,68.4299649320604,40.407512535407,52.873363417819,48.2433712071598,63.8866621152681,61.0099908645904,55.857526749077,60.2034563086039,59.3323753236484,61.5888400095603,64.6762482658699,53.8684312525839,37.5940005939435,63.1173877965224,55.2100153545286,60.9010385192556,60.1818935310308,47.7686559222956
48.7562338801681,61.7258914137738,56.5188084181018,45.7331738061083,57.7644872562766,45.7946560291785,53.508507484023,59.1269926940704,35.7101527114503,66.6939004515649,42.9577756228273,53.3703870115339,50.8678430500848,68.4299649320604,40.407512535407,52.873363417819,48.2433712071598,63.8866621152681,61.0099908645904,55.857526749077,60.2034563086039,59.3323753236484,61.5888400095603,64.6762482658699,53.8684312525839,37.5940005939435,63.1173877965224,55.2100153545286,60.9010385192556,60.1818935310308,47.7686559222956
48.7562338801681,61.7258914137738,56.5188084181018,45.7331738061083,57.7644872562766,45.7946560291785,53.508507484023,59.1269926940704,35.7101527114503,66.6939004515649,42.9577756228273,53.3703870115339,50.8678430500848,68.4299649320604,40.407512535407,52.873363417819,48.3500140725893,63.8866621152681,61.0099908645904,55.857526749077,60.2034563086039,59.3323753236484,61.5888400095603,64.6762482658699,53.8684312525839,37.5940005939435,63.1173877965224,55.2100153545286,60.9010385192556,60.1818935310308,47.7686559222956
48.7562338801681,61.7258914137738,56.5188084181018,45.7331738061083,57.7644872562766,45.7946560291785,53.508507484023,59.1269926940704,35.7101527114503,66.6939004515649,42.9577756228273,53.3703870115339,50.8678430500848,68.4299649320604,40.407512535407,52.873363417819,48.3500140725893,63.8866621152681,61.0099908645904,55.857526749077,60.2034563086039,59.3323753236484,61.5888400095603,64.6762482658699,53.8684312525839,37.5940005939435,63.1173877965224,55.2100153545286,60.9010385192556,60.1818935310308,47.7686559222956
48.7562338801681,61.7258914137738,57.0452835927687,45.7331738061083,57.7644872562766,45.7946560291785,53.508507484023,59.1269926940704,36.2676812051155,66.6939004515649,42.9577756228273,53.3703870115339,50.8678430500848,68.4299649320604,40.407512535407,52.873363417819,48.3500140725893,63.8866621152681,61.0099908645904,55.857526749077,60.2034563086039,59.3323753236484,61.5888400095603,64.6762482658699,53.8684312525839,37.5940005939435,63.1173877965224,55.2100153545286,60.9010385192556,60.1818935310308,48.6657238230777
48.7562338801681,61.7258914137738,57.0452835927687,45.7331738061083,57.7644872562766,45.9586009624352,53.508507484023,59.1269926940704,36.2676812051155,66.6939004515649,42.9577756228273,53.3703870115339,50.8678430500848,68.4299649320604,40.7229518423059,53.1880429014034,48.3500140725893,63.8866621152681,61.0099908645904,55.857526749077,60.2034563086039,59.3323753236484,61.5888400095603,64.6762482658699,53.8684312525839,37.5940005939435,63.1173877965224,55.2100153545286,60.9010385192556,60.1818935310308,48.6657238230777
48.7562338801681,61.7258914137738,57.0452835927687,45.7331738061083,57.7644872562766,45.9586009624352,53.508507484023,59.1269926940704,36.2676812051155,66.6939004515649,42.9577756228273,53.3703870115339,50.8678430500848,68.4299649320604,40.7229518423059,53.1880429014034,48.3500140725893,63.8866621152681,61.0099908645904,55.857526749077,60.2034563086039,59.3323753236484,61.5888400095603,64.6762482658699,53.8684312525839,37.5940005939435,63.1173877965224,55.2100153545286,60.9010385192556,60.1818935310308,48.6657238230777
48.7562338801681,61.7258914137738,57.0452835927687,45.7331738061083,57.7644872562766,45.9586009624352,53.508507484023,59.1269926940704,36.2676812051155,66.6939004515649,42.9577756228273,53.3703870115339,50.8678430500848,68.4299649320604,40.7229518423059,53.1880429014034,48.3500140725893,64.9978763215408,61.0099908645904,55.857526749077,60.6832399101823,59.3323753236484,61.5888400095603,64.6762482658699,53.8684312525839,37.595092666894,63.1173877965224,55.2100153545286,60.9010385192556,60.1818935310308,48.6657238230777
48.7562338801681,61.7258914137738,57.0452835927687,45.7331738061083,57.7644872562766,45.9586009624352,53.508507484023,59.1269926940704,36.2676812051155,66.6939004515649,42.9577756228273,53.4181979285463,50.8678430500848,68.4299649320604,40.7229518423059,53.1880429014034,48.3500140725893,64.9978763215408,61.0099908645904,55.857526749077,60.6832399101823,59.3323753236484,61.5888400095603,64.6762482658699,53.8684312525839,37.595092666894,63.1173877965224,55.2100153545286,60.9010385192556,60.1818935310308,48.6657238230777
48.7562338801681,61.7258914137738,57.0452835927687,45.7331738061083,57.7644872562766,45.9586009624352,53.508507484023,59.1269926940704,36.2676812051155,66.6939004515649,42.9577756228273,53.4181979285463,50.8678430500848,68.4299649320604,40.7229518423059,53.1880429014034,48.3500140725893,64.9978763215408,61.0099908645904,55.857526749077,60.6832399101823,59.3323753236484,61.5888400095603,64.6762482658699,53.8684312525839,37.595092666894,63.1173877965224,55.2100153545286,60.9010385192556,60.1818935310308,48.6657238230777
48.7562338801681,61.7258914137738,57.0452835927687,45.7331738061083,57.7644872562766,45.9586009624352,53.508507484023,59.1269926940704,36.2676812051155,66.6939004515649,42.9577756228273,53.4181979285463,50.8678430500848,68.4299649320604,40.7229518423059,53.1880429014034,48.3500140725893,64.9978763215408,61.0099908645904,55.857526749077,60.6832399101823,59.3323753236484,61.5888400095603,64.6762482658699,53.8684312525839,37.595092666894,63.5380750659536,55.2100153545286,60.9010385192556,60.1818935310308,48.6657238230777
48.7562338801681,61.7258914137738,57.0452835927687,45.7331738061083,57.7644872562766,45.9586009624352,53.508507484023,59.1269926940704,36.2676812051155,66.6939004515649,42.9577756228273,53.4181979285463,50.8678430500848,68.4299649320604,40.7229518423059,53.1880429014034,48.3500140725893,64.9978763215408,61.0099908645904,55.857526749077,60.6832399101823,59.3323753236484,61.5888400095603,64.6762482658699,53.8684312525839,37.595092666894,63.5380750659536,55.2100153545286,60.9010385192556,60.1818935310308,48.6657238230777
48.7562338801681,61.7258914137738,57.0452835927687,45.7331738061083,57.7644872562766,45.9586009624352,53.508507484023,60.4153149665452,36.2676812051155,66.6939004515649,42.9577756228273,53.4181979285463,50.8678430500848,68.4299649320604,40.7229518423059,53.1880429014034,48.3500140725893,64.9978763215408,61.0099908645904,55.857526749077,60.6832399101823,59.3323753236484,61.5888400095603,64.6762482658699,53.8684312525839,37.595092666894,63.5380750659536,55.2100153545286,60.9010385192556,60.1818935310308,48.6657238230777
48.7562338801681,61.7258914137738,57.0452835927687,45.7331738061083,57.7644872562766,45.9586009624352,53.508507484023,60.4153149665452,36.2676812051155,66.6939004515649,42.9577756228273,53.4181979285463,50.8678430500848,68.4299649320604,40.7229518423059,53.1880429014034,48.4053525653957,64.9978763215408,61.0099908645904,55.857526749077,60.6832399101823,59.3323753236484,61.5888400095603,64.6762482658699,53.8684312525839,37.595092666894,63.5380750659536,55.2100153545286,60.9010385192556,60.1818935310308,48.6657238230777
48.7562338801681,61.7258914137738,57.2564996041022,45.7331738061083,57.7644872562766,45.9586009624352,53.508507484023,60.4153149665452,36.2676812051155,66.6939004515649,42.9577756228273,53.4181979285463,50.8678430500848,68.4299649320604,40.7229518423059,53.1880429014034,48.4053525653957,64.9978763215408,61.0099908645904,55.857526749077,60.6832399101823,59.3323753236484,61.5888400095603,66.2644778943268,53.8684312525839,37.595092666894,63.5380750659536,55.2100153545286,60.9010385192556,60.1818935310308,48.6657238230777
48.7562338801681,61.7258914137738,57.2564996041022,45.7331738061083,57.7644872562766,45.9586009624352,53.508507484023,60.4153149665452,36.2676812051155,66.6939004515649,42.9577756228273,53.4181979285463,50.8678430500848,68.4299649320604,40.7229518423059,53.1880429014034,48.4053525653957,64.9978763215408,61.0099908645904,55.857526749077,60.6832399101823,59.3323753236484,61.5888400095603,66.2644778943268,53.8684312525839,37.595092666894,63.5380750659536,55.2100153545286,60.9010385192556,60.1818935310308,50.3289852983058
48.7562338801681,61.7258914137738,57.2564996041022,45.7331738061083,57.7644872562766,45.9586009624352,53.508507484023,60.4153149665452,36.2676812051155,66.6939004515649,42.9577756228273,53.4181979285463,50.8678430500848,68.4299649320604,40.7229518423059,53.1880429014034,48.4053525653957,64.9978763215408,61.0099908645904,55.857526749077,60.6832399101823,59.3323753236484,61.5888400095603,66.2644778943268,53.8684312525839,37.595092666894,63.5380750659536,55.2100153545286,60.9010385192556,60.1818935310308,50.3289852983058
48.7562338801681,61.7258914137738,57.2564996041022,45.7331738061083,57.7644872562766,47.1765036113834,53.508507484023,60.4153149665452,36.2676812051155,66.6939004515649,42.9577756228273,53.4181979285463,50.8678430500848,68.4299649320604,41.135918039971,53.1880429014034,48.4053525653957,64.9978763215408,61.0099908645904,55.857526749077,60.6832399101823,59.3323753236484,61.5888400095603,66.2644778943268,53.8684312525839,37.6922895328121,63.5380750659536,55.2100153545286,60.9010385192556,60.1818935310308,50.3289852983058
48.7562338801681,61.7258914137738,57.2564996041022,45.7331738061083,57.7644872562766,47.1765036113834,53.508507484023,60.4153149665452,36.2676812051155,66.6939004515649,42.9577756228273,53.4181979285463,50.8678430500848,68.4299649320604,41.135918039971,53.6746844901906,48.4053525653957,64.9978763215408,61.0099908645904,55.857526749077,60.6832399101823,59.3323753236484,61.5888400095603,66.2644778943268,53.8684312525839,37.6922895328121,63.5380750659536,55.2100153545286,60.9010385192556,60.1818935310308,50.3289852983058
48.7562338801681,61.7258914137738,57.2564996041022,45.7331738061083,57.7644872562766,47.1765036113834,53.508507484023,60.4153149665452,36.2676812051155,66.6939004515649,42.9577756228273,53.6556966319933,50.8678430500848,68.4299649320604,41.135918039971,53.6746844901906,48.4053525653957,64.9978763215408,61.0099908645904,55.857526749077,60.6832399101823,59.3323753236484,61.5888400095603,66.2644778943268,53.8684312525839,37.6922895328121,63.5380750659536,55.2100153545286,60.9010385192556,60.1818935310308,50.3289852983058
48.7562338801681,61.7258914137738,57.2564996041022,45.7331738061083,57.7644872562766,47.1765036113834,53.508507484023,60.4153149665452,36.2676812051155,66.6939004515649,42.9577756228273,53.6556966319933,50.8678430500848,68.4299649320604,41.135918039971,53.6746844901906,48.4053525653957,64.9978763215408,61.0099908645904,55.857526749077,60.6832399101823,59.3323753236484,61.5888400095603,66.2644778943268,53.8684312525839,37.6922895328121,63.5380750659536,55.2100153545286,60.9010385192556,60.1818935310308,50.3289852983058
48.7562338801681,61.7258914137738,57.2564996041022,45.7331738061083,57.7644872562766,47.1765036113834,53.508507484023,60.4153149665452,36.2676812051155,66.6939004515649,45.8319357428172,53.6556966319933,50.8678430500848,68.4299649320604,41.135918039971,53.6746844901906,48.4053525653957,64.9978763215408,61.0099908645904,55.857526749077,60.6832399101823,60.0345911064451,61.5888400095603,66.2644778943268,53.8684312525839,37.6922895328121,63.5380750659536,55.2100153545286,60.9010385192556,60.1818935310308,50.3289852983058
48.7562338801681,61.7258914137738,57.2564996041022,45.7331738061083,57.7644872562766,47.1765036113834,53.508507484023,60.4153149665452,36.2676812051155,67.5133356511318,45.8319357428172,53.6556966319933,50.8678430500848,68.4299649320604,41.135918039971,53.6746844901906,48.4053525653957,64.9978763215408,61.0099908645904,55.857526749077,60.6832399101823,60.0345911064451,61.5888400095603,66.2644778943268,53.8684312525839,37.6922895328121,63.5380750659536,55.2100153545286,60.9010385192556,60.1818935310308,50.3289852983058
48.7562338801681,61.7258914137738,57.2564996041022,47.7631171831391,57.7644872562766,47.1765036113834,53.508507484023,60.4153149665452,36.2676812051155,67.5133356511318,45.8319357428172,53.6556966319933,50.8678430500848,68.4299649320604,41.135918039971,53.6746844901906,48.4053525653957,64.9978763215408,61.0099908645904,55.857526749077,60.6832399101823,60.0345911064451,61.5888400095603,66.2644778943268,53.8684312525839,37.6922895328121,63.5380750659536,55.2100153545286,60.9010385192556,60.1818935310308,50.3289852983058
48.7562338801681,61.7258914137738,57.2564996041022,47.7631171831391,57.7644872562766,47.1765036113834,53.508507484023,60.4153149665452,36.2676812051155,67.5133356511318,45.8319357428172,53.6556966319933,50.8678430500848,68.4299649320604,41.135918039971,53.6746844901906,48.4053525653957,64.9978763215408,61.0099908645904,55.857526749077,60.6832399101823,60.0345911064451,61.5888400095603,66.2644778943268,53.8684312525839,37.6922895328121,63.5380750659536,55.2100153545286,60.9010385192556,60.1818935310308,50.3289852983058
48.7562338801681,61.7258914137738,57.2564996041022,47.7631171831391,57.7644872562766,47.1765036113834,53.508507484023,62.3157546209412,36.2676812051155,67.5133356511318,45.8319357428172,53.6556966319933,50.8678430500848,68.4299649320604,41.135918039971,53.6746844901906,48.4053525653957,64.9978763215408,61.0099908645904,55.857526749077,60.6832399101823,60.0345911064451,61.5888400095603,66.2644778943268,53.8684312525839,37.6922895328121,63.5380750659536,55.2100153545286,60.9010385192556,60.1818935310308,50.3289852983058
48.7562338801681,61.7258914137738,57.2564996041022,47.7631171831391,57.7644872562766,47.1765036113834,53.508507484023,62.3157546209412,36.2676812051155,67.5133356511318,45.8319357428172,53.6556966319933,50.8678430500848,68.4299649320604,41.135918039971,53.6746844901906,48.4053525653957,64.9978763215408,61.0099908645904,55.857526749077,60.6832399101823,60.0345911064451,61.5888400095603,66.2644778943268,53.8684312525839,37.6922895328121,63.5380750659536,55.2100153545286,60.9010385192556,60.1818935310308,50.3289852983058
48.7562338801681,61.7258914137738,57.2564996041022,47.7631171831391,57.7644872562766,47.1765036113834,53.508507484023,62.3157546209412,36.2676812051155,67.5133356511318,45.8319357428172,53.6556966319933,50.8678430500848,68.4299649320604,41.135918039971,53.6746844901906,48.4053525653957,64.9978763215408,61.0099908645904,55.857526749077,60.6832399101823,60.0345911064451,61.5888400095603,66.2644778943268,53.8684312525839,37.6922895328121,63.5380750659536,55.2100153545286,60.9010385192556,60.1818935310308,50.7342821508517
48.7562338801681,61.7258914137738,57.2564996041022,47.7631171831391,57.7644872562766,47.1765036113834,53.508507484023,62.3157546209412,36.2676812051155,67.5133356511318,45.8319357428172,53.6556966319933,50.8678430500848,68.4299649320604,41.2280562530845,53.6746844901906,48.4053525653957,64.9978763215408,61.0099908645904,55.857526749077,60.6832399101823,60.0345911064451,61.5888400095603,66.2644778943268,53.8684312525839,37.6922895328121,63.5380750659536,55.2100153545286,60.9010385192556,60.1818935310308,50.7342821508517
48.7562338801681,61.8430521654775,57.2564996041022,47.7631171831391,57.7644872562766,47.1765036113834,53.508507484023,62.3157546209412,36.2676812051155,67.5133356511318,45.8319357428172,53.6556966319933,50.8678430500848,68.4299649320604,41.2280562530845,53.6746844901906,48.4053525653957,64.9978763215408,61.0099908645904,55.857526749077,60.6832399101823,60.0345911064451,61.5888400095603,66.2644778943268,53.8684312525839,37.6922895328121,63.5380750659536,55.2100153545286,60.9010385192556,60.1818935310308,50.7342821508517
48.7562338801681,61.8430521654775,57.2564996041022,47.7631171831391,57.7644872562766,47.1765036113834,53.508507484023,62.3157546209412,36.2676812051155,67.5133356511318,45.8319357428172,53.6556966319933,50.8678430500848,68.4299649320604,41.2280562530845,53.6746844901906,48.4053525653957,64.9978763215408,61.0099908645904,55.857526749077,60.6832399101823,60.0345911064451,61.5888400095603,66.2644778943268,53.8684312525839,37.6922895328121,63.5380750659536,55.2100153545286,60.9010385192556,60.1818935310308,50.7342821508517
48.7562338801681,61.8430521654775,57.2564996041022,47.7631171831391,57.7644872562766,47.1765036113834,53.508507484023,62.3157546209412,36.2676812051155,67.5133356511318,48.4940979449008,53.6556966319933,50.8678430500848,68.4299649320604,41.2280562530845,53.6746844901906,48.4053525653957,64.9978763215408,61.0099908645904,55.857526749077,60.6832399101823,60.0345911064451,61.5888400095603,66.2644778943268,53.8684312525839,37.6922895328121,63.5380750659536,55.2100153545286,60.9010385192556,60.1818935310308,50.7342821508517
48.7562338801681,61.8430521654775,57.2564996041022,47.7631171831391,57.7644872562766,47.1765036113834,53.508507484023,62.3157546209412,36.2676812051155,67.7944680508237,48.4940979449008,53.6556966319933,50.8678430500848,68.4299649320604,41.2280562530845,53.6746844901906,48.4053525653957,64.9978763215408,61.0099908645904,55.857526749077,60.6832399101823,60.0345911064451,61.5888400095603,66.2644778943268,53.8684312525839,37.6922895328121,63.5380750659536,55.2100153545286,60.9010385192556,60.1818935310308,50.7342821508517
48.7562338801681,61.8430521654775,57.2564996041022,47.7631171831391,57.7644872562766,47.1765036113834,53.508507484023,62.3157546209412,36.2676812051155,67.7944680508237,48.4940979449008,53.6556966319933,50.8678430500848,68.4299649320604,41.2280562530845,53.6746844901906,48.4053525653957,64.9978763215408,61.0099908645904,55.857526749077,60.6832399101823,60.0345911064451,61.5888400095603,66.2644778943268,53.8684312525839,37.6922895328121,63.5380750659536,55.2100153545286,60.9010385192556,60.1818935310308,50.7342821508517
48.7562338801681,61.8430521654775,57.2564996041022,47.7631171831391,57.7644872562766,47.1765036113834,53.508507484023,62.3157546209412,36.2676812051155,67.7944680508237,48.4940979449008,53.6556966319933,50.8678430500848,68.4299649320604,41.2280562530845,53.6746844901906,48.4053525653957,64.9978763215408,61.0099908645904,55.857526749077,60.6832399101823,60.0345911064451,61.5888400095603,66.2644778943268,53.8684312525839,37.6922895328121,63.5380750659536,55.2100153545286,60.9010385192556,60.1818935310308,50.7342821508517
48.7562338801681,61.8430521654775,57.2564996041022,47.7631171831391,57.7644872562766,47.1765036113834,53.508507484023,62.3157546209412,36.2676812051155,67.7944680508237,48.4940979449008,53.6556966319933,50.8678430500848,68.4299649320604,41.2280562530845,53.6746844901906,48.4053525653957,64.9978763215408,61.0099908645904,55.857526749077,60.6832399101823,60.0345911064451,61.5888400095603,66.2644778943268,53.8684312525839,37.6922895328121,63.5380750659536,55.2100153545286,60.9010385192556,60.1818935310308,50.7342821508517
48.7562338801681,61.8430521654775,57.2564996041022,47.7631171831391,57.7644872562766,47.1765036113834,53.8271457714381,62.3157546209412,36.2676812051155,67.7944680508237,48.4940979449008,53.6556966319933,50.8678430500848,68.4299649320604,41.2280562530845,53.6746844901906,48.4053525653957,64.9978763215408,61.0099908645904,55.857526749077,60.6832399101823,60.0345911064451,61.5888400095603,66.2644778943268,53.8684312525839,37.6922895328121,63.5380750659536,55.2100153545286,60.9010385192556,60.1818935310308,50.7342821508517
48.7562338801681,61.8430521654775,57.2564996041022,47.7631171831391,57.7644872562766,47.1765036113834,53.8271457714381,62.3157546209412,36.2676812051155,67.7944680508237,48.4940979449008,53.6556966319933,50.8678430500848,68.4299649320604,41.2280562530845,53.6746844901906,48.4053525653957,64.9978763215408,61.0099908645904,55.857526749077,60.6832399101823,60.0345911064451,61.5888400095603,66.2644778943268,53.8684312525839,37.6922895328121,63.5380750659536,55.2100153545286,60.9010385192556,60.1818935310308,50.7342821508517
48.7562338801681,61.8430521654775,57.2564996041022,47.7631171831391,57.7644872562766,47.1765036113834,53.8271457714381,62.3157546209412,36.2676812051155,67.7944680508237,48.4940979449008,53.6556966319933,50.8678430500848,68.4299649320604,41.2280562530845,53.6746844901906,48.5457148794949,64.9978763215408,61.0099908645904,55.857526749077,60.6832399101823,60.0345911064451,61.5888400095603,66.2644778943268,53.8684312525839,37.6922895328121,63.5380750659536,55.2100153545286,60.9010385192556,60.1818935310308,50.7342821508517
48.7562338801681,61.8430521654775,57.2564996041022,47.7631171831391,57.7644872562766,47.1765036113834,53.8271457714381,62.3157546209412,36.2676812051155,67.7944680508237,48.4940979449008,53.6556966319933,50.8678430500848,68.4299649320604,41.2280562530845,53.6746844901906,48.5457148794949,64.9978763215408,61.0099908645904,55.857526749077,60.6832399101823,60.0345911064451,61.5888400095603,66.2644778943268,53.8684312525839,37.6922895328121,63.5380750659536,55.2100153545286,60.9010385192556,60.1818935310308,50.7342821508517
48.7562338801681,61.8430521654775,57.2564996041022,47.7631171831391,57.7644872562766,47.1765036113834,53.8271457714381,62.3157546209412,36.2676812051155,67.7944680508237,48.4940979449008,53.6556966319933,50.8678430500848,68.4299649320604,41.2280562530845,53.6746844901906,48.5457148794949,65.2624386235007,61.0099908645904,55.857526749077,60.6832399101823,60.0345911064451,61.5888400095603,66.2644778943268,53.8684312525839,37.6922895328121,63.5380750659536,55.2100153545286,60.9010385192556,60.1818935310308,50.7342821508517
48.7562338801681,61.8430521654775,57.2564996041022,47.7631171831391,57.7644872562766,47.1765036113834,53.8271457714381,62.3157546209412,36.2676812051155,67.7944680508237,48.4940979449008,53.6556966319933,50.8678430500848,68.4299649320604,41.2280562530845,53.6746844901906,48.5457148794949,65.2624386235007,61.0099908645904,55.857526749077,60.6832399101823,60.0345911064451,61.5888400095603,66.2644778943268,53.8684312525839,37.6922895328121,63.5380750659536,55.2100153545286,60.9010385192556,60.1818935310308,50.7342821508517
48.7562338801681,61.8430521654775,57.2564996041022,47.7631171831391,57.7644872562766,47.1765036113834,53.8271457714381,62.3157546209412,36.2676812051155,67.7944680508237,48.4940979449008,53.6556966319933,50.8678430500848,68.4299649320604,41.2280562530845,53.6746844901906,48.5457148794949,65.2624386235007,61.0099908645904,55.857526749077,60.6832399101823,60.0345911064451,61.5888400095603,66.2644778943268,53.8684312525839,37.6922895328121,63.5380750659536,55.59241564523,60.9010385192556,60.1818935310308,50.7342821508517
48.7562338801681,61.8430521654775,57.2564996041022,47.7631171831391,57.7644872562766,47.1765036113834,53.8271457714381,62.3157546209412,36.2676812051155,67.7944680508237,48.4940979449008,53.6556966319933,50.8678430500848,68.4299649320604,41.2280562530845,53.6746844901906,48.5457148794949,65.2624386235007,61.0099908645904,55.857526749077,60.6832399101823,60.0345911064451,61.5888400095603,66.2644778943268,53.8684312525839,37.6922895328121,63.5380750659536,55.59241564523,60.9010385192556,60.1818935310308,50.7342821508517
48.7562338801681,61.8430521654775,57.2564996041022,47.7631171831391,57.7644872562766,47.1765036113834,53.8271457714381,62.3157546209412,36.2676812051155,67.7944680508237,48.4940979449008,53.6556966319933,50.8678430500848,68.4299649320604,41.2280562530845,53.6746844901906,48.5457148794949,65.2624386235007,61.0099908645904,55.857526749077,60.6832399101823,60.0345911064451,61.5888400095603,66.2644778943268,53.8684312525839,37.6922895328121,63.5380750659536,55.59241564523,60.9010385192556,60.1818935310308,50.7342821508517
48.7562338801681,61.8430521654775,57.2564996041022,50.2318398122709,57.7644872562766,47.1765036113834,53.8271457714381,62.3157546209412,36.2676812051155,67.7944680508237,48.4940979449008,53.6556966319933,50.8678430500848,68.4299649320604,41.2280562530845,53.6746844901906,48.5457148794949,65.2624386235007,61.0099908645904,55.857526749077,60.6832399101823,60.0345911064451,62.5362184678522,66.2644778943268,53.8684312525839,37.6922895328121,63.5380750659536,55.59241564523,60.9010385192556,60.1818935310308,50.7342821508517
48.7562338801681,64.634422879558,57.2564996041022,50.2318398122709,57.7644872562766,47.1765036113834,54.0802517207998,62.3157546209412,36.2676812051155,67.7944680508237,48.4940979449008,53.6556966319933,50.8678430500848,68.4299649320604,41.2280562530845,53.6746844901906,48.5457148794949,65.2624386235007,61.0099908645904,55.857526749077,60.6832399101823,60.0345911064451,62.5362184678522,66.2644778943268,53.8684312525839,37.6922895328121,63.5380750659536,55.59241564523,60.9010385192556,60.1818935310308,50.7342821508517
48.7562338801681,64.634422879558,57.2564996041022,50.2318398122709,57.7644872562766,47.1765036113834,54.0802517207998,62.3157546209412,36.2676812051155,67.7944680508237,48.4940979449008,53.6556966319933,50.8678430500848,68.4299649320604,41.2280562530845,53.6746844901906,48.5457148794949,65.2624386235007,61.0099908645904,55.857526749077,60.6832399101823,60.0345911064451,62.5362184678522,66.2644778943268,53.8684312525839,37.6922895328121,63.5380750659536,55.59241564523,60.9010385192556,60.1818935310308,50.7342821508517
48.7562338801681,64.634422879558,57.2564996041022,50.2318398122709,57.7644872562766,47.1765036113834,54.0802517207998,62.3157546209412,36.2676812051155,67.7944680508237,48.4940979449008,53.6556966319933,50.8678430500848,68.4299649320604,41.2280562530845,53.6746844901906,48.5457148794949,65.2624386235007,61.0099908645904,55.857526749077,60.6832399101823,60.0345911064451,62.5362184678522,66.2644778943268,53.8684312525839,37.6922895328121,63.5380750659536,55.59241564523,60.9010385192556,60.1818935310308,50.7342821508517
48.7562338801681,64.634422879558,57.2564996041022,50.2318398122709,57.7644872562766,47.1765036113834,54.0802517207998,62.7283988595354,36.2676812051155,67.7944680508237,48.4940979449008,53.6556966319933,50.8678430500848,68.4299649320604,41.2280562530845,53.6746844901906,48.5457148794949,65.2624386235007,61.0099908645904,55.857526749077,60.6832399101823,60.0345911064451,62.5362184678522,66.3614450890943,53.8684312525839,37.6922895328121,63.5380750659536,55.59241564523,60.9010385192556,60.1818935310308,50.7342821508517
48.7562338801681,64.634422879558,57.2564996041022,50.2318398122709,57.7644872562766,47.1765036113834,54.0802517207998,62.7283988595354,36.2676812051155,67.7944680508237,48.4940979449008,53.6556966319933,50.8678430500848,68.4299649320604,41.2280562530845,53.6746844901906,48.5457148794949,66.5496241242891,61.0099908645904,55.857526749077,60.6832399101823,60.0345911064451,62.5362184678522,66.3614450890943,53.8684312525839,37.7357691359001,63.5380750659536,55.59241564523,60.9010385192556,60.1818935310308,50.7342821508517
48.7562338801681,64.634422879558,57.2564996041022,50.2318398122709,57.7644872562766,47.1765036113834,54.0802517207998,62.7283988595354,36.2676812051155,67.7944680508237,48.4940979449008,53.6556966319933,50.8678430500848,68.4299649320604,41.9657920738777,53.6746844901906,48.7471676380753,66.5496241242891,61.0099908645904,55.857526749077,60.6832399101823,60.0345911064451,62.5362184678522,66.3614450890943,53.8684312525839,37.7357691359001,63.5380750659536,55.59241564523,60.9010385192556,60.1818935310308,50.7342821508517
48.7562338801681,64.634422879558,57.2564996041022,50.2318398122709,57.7644872562766,47.1765036113834,54.0802517207998,62.7283988595354,36.2676812051155,67.7944680508237,52.0094581343325,53.6556966319933,50.8678430500848,68.4299649320604,41.9657920738777,53.6746844901906,48.7471676380753,66.5496241242891,61.0099908645904,55.857526749077,60.6832399101823,60.0345911064451,62.5362184678522,66.3614450890943,53.8684312525839,37.7357691359001,63.5380750659536,55.59241564523,60.9010385192556,60.1818935310308,50.7342821508517
48.7562338801681,64.634422879558,57.2564996041022,50.2318398122709,57.7644872562766,47.1765036113834,54.0802517207998,62.7283988595354,36.2676812051155,67.7944680508237,52.0094581343325,53.6556966319933,50.8678430500848,68.4299649320604,41.9657920738777,53.6746844901906,48.7471676380753,66.5496241242891,61.0099908645904,55.857526749077,60.6832399101823,60.0345911064451,62.5362184678522,66.3614450890943,53.8684312525839,37.7357691359001,63.5380750659536,55.59241564523,60.9010385192556,60.1818935310308,50.7342821508517
48.7562338801681,64.634422879558,57.2564996041022,50.2318398122709,57.7644872562766,47.1765036113834,54.0802517207998,62.7283988595354,36.2676812051155,67.7944680508237,52.0094581343325,53.6556966319933,50.8678430500848,68.4299649320604,41.9657920738777,53.6746844901906,48.7471676380753,66.5496241242891,61.0099908645904,55.857526749077,60.6832399101823,60.0345911064451,62.5362184678522,66.3614450890943,53.8684312525839,37.7357691359001,63.5380750659536,55.59241564523,60.9010385192556,60.1818935310308,50.7342821508517
48.7562338801681,64.634422879558,57.2564996041022,50.2318398122709,57.7644872562766,47.1765036113834,54.0802517207998,62.7283988595354,36.2676812051155,67.7944680508237,52.0094581343325,53.6556966319933,50.8678430500848,68.4299649320604,41.9657920738777,53.6746844901906,48.7471676380753,66.5496241242891,61.0099908645904,55.857526749077,60.6832399101823,60.0345911064451,62.5362184678522,66.3614450890943,53.8684312525839,37.7357691359001,63.5380750659536,55.59241564523,60.9010385192556,60.1818935310308,50.7342821508517
48.7562338801681,64.634422879558,57.2564996041022,50.2318398122709,57.7644872562766,47.1765036113834,54.0802517207998,62.7283988595354,36.2676812051155,67.7944680508237,52.0094581343325,53.6556966319933,50.8678430500848,68.4299649320604,41.9657920738777,53.6746844901906,48.7471676380753,66.5496241242891,61.0099908645904,55.857526749077,60.6832399101823,60.0345911064451,62.5362184678522,66.3614450890943,53.8684312525839,37.7357691359001,63.5380750659536,55.59241564523,61.00893289767,60.1818935310308,50.7342821508517
48.7562338801681,64.634422879558,57.2564996041022,50.2318398122709,57.7644872562766,47.1765036113834,54.0802517207998,62.7283988595354,36.2676812051155,67.7944680508237,52.0094581343325,53.6556966319933,50.8678430500848,68.4299649320604,41.9657920738777,53.6746844901906,48.7471676380753,66.5496241242891,61.0099908645904,55.857526749077,60.6832399101823,60.0345911064451,62.5362184678522,66.3614450890943,53.8684312525839,37.7357691359001,63.5380750659536,55.59241564523,61.00893289767,60.1818935310308,50.7342821508517
48.7562338801681,64.634422879558,57.2564996041022,50.2318398122709,57.7644872562766,47.1765036113834,54.0802517207998,62.7283988595354,36.2676812051155,67.7944680508237,52.0094581343325,53.6556966319933,50.8678430500848,68.4299649320604,41.9657920738777,53.6746844901906,48.7471676380753,66.5496241242891,61.0099908645904,55.857526749077,60.6832399101823,60.0345911064451,62.5362184678522,66.3614450890943,53.8684312525839,37.7357691359001,63.5380750659536,55.59241564523,61.00893289767,60.1818935310308,50.7342821508517
48.7562338801681,64.634422879558,57.2564996041022,50.2318398122709,57.7644872562766,47.1765036113834,54.0802517207998,62.7283988595354,36.2676812051155,67.7944680508237,52.0094581343325,53.6556966319933,50.8678430500848,68.4299649320604,41.9657920738777,53.6746844901906,48.7471676380753,66.5496241242891,61.0099908645904,55.857526749077,60.6832399101823,60.0345911064451,62.5362184678522,66.3614450890943,53.8684312525839,37.7357691359001,63.5380750659536,55.59241564523,61.00893289767,60.1818935310308,50.7342821508517
48.7562338801681,64.634422879558,57.2564996041022,50.2318398122709,57.7644872562766,47.1765036113834,54.0802517207998,63.7963498405106,36.2676812051155,67.7944680508237,52.0094581343325,53.6556966319933,50.8678430500848,68.4299649320604,41.9657920738777,53.6746844901906,48.7471676380753,66.5496241242891,61.0099908645904,55.857526749077,60.6832399101823,60.0345911064451,62.5362184678522,66.3614450890943,53.8684312525839,37.7357691359001,63.5380750659536,55.59241564523,61.00893289767,60.1818935310308,50.7342821508517
48.7562338801681,64.634422879558,57.2564996041022,50.2318398122709,57.7644872562766,47.1765036113834,54.0802517207998,63.7963498405106,36.2676812051155,67.7944680508237,52.0094581343325,53.6556966319933,50.8678430500848,68.4299649320604,41.9657920738777,53.6746844901906,48.7471676380753,66.5496241242891,61.0099908645904,55.857526749077,60.6832399101823,60.0345911064451,62.5362184678522,66.3614450890943,53.8684312525839,37.7357691359001,63.5380750659536,55.59241564523,61.00893289767,60.1818935310308,50.7342821508517
48.7562338801681,64.634422879558,57.2564996041022,50.2318398122709,57.7644872562766,47.1765036113834,54.0802517207998,63.7963498405106,36.2676812051155,67.7944680508237,52.0094581343325,53.6556966319933,50.8678430500848,68.4299649320604,41.9657920738777,53.6746844901906,48.7471676380753,66.5496241242891,61.0099908645904,55.857526749077,60.6832399101823,60.0345911064451,62.5362184678522,66.3614450890943,53.8684312525839,37.7357691359001,63.5380750659536,55.59241564523,61.00893289767,60.1818935310308,50.7342821508517
48.7562338801681,64.634422879558,57.2564996041022,50.2318398122709,57.7644872562766,47.1765036113834,54.0802517207998,63.7963498405106,36.2676812051155,67.7944680508237,52.0094581343325,53.6556966319933,50.8678430500848,68.4299649320604,42.2317547171603,53.6746844901906,49.1068624315777,66.5496241242891,61.0099908645904,55.857526749077,60.6832399101823,60.0345911064451,62.5362184678522,66.3614450890943,53.8684312525839,37.7357691359001,63.5380750659536,55.59241564523,61.00893289767,60.1818935310308,50.7342821508517
48.7562338801681,64.634422879558,57.2564996041022,50.2318398122709,57.7644872562766,47.1765036113834,54.0802517207998,63.7963498405106,36.2676812051155,67.7944680508237,52.0094581343325,53.6556966319933,50.8678430500848,68.4299649320604,42.2317547171603,53.6746844901906,49.1068624315777,66.5496241242891,61.0099908645904,55.857526749077,60.6832399101823,60.0345911064451,62.5362184678522,66.3614450890943,53.8684312525839,37.7357691359001,63.5380750659536,55.59241564523,61.00893289767,60.1818935310308,50.7342821508517
48.7562338801681,64.634422879558,57.2564996041022,50.2318398122709,57.7644872562766,47.1765036113834,54.0802517207998,63.7963498405106,36.2676812051155,67.7944680508237,52.0094581343325,53.6556966319933,50.8678430500848,68.4299649320604,42.2317547171603,53.6746844901906,49.1068624315777,66.5496241242891,61.0099908645904,55.857526749077,60.6832399101823,60.0839671612416,62.5362184678522,66.3614450890943,53.8684312525839,37.7357691359001,63.6197741313241,55.59241564523,61.00893289767,60.1818935310308,50.7342821508517
48.7562338801681,64.634422879558,57.2564996041022,50.2318398122709,57.7644872562766,47.1765036113834,54.0802517207998,63.7963498405106,36.2676812051155,67.891163803635,52.0094581343325,53.6556966319933,50.8678430500848,68.4299649320604,42.2317547171603,53.8714885807441,49.1068624315777,66.5496241242891,61.0099908645904,55.857526749077,60.6832399101823,60.0839671612416,62.5362184678522,66.3614450890943,53.8684312525839,37.7357691359001,63.6197741313241,55.59241564523,61.00893289767,60.1818935310308,50.7342821508517
48.7562338801681,64.634422879558,57.3808527421244,50.2318398122709,57.7644872562766,47.1765036113834,54.0802517207998,63.7963498405106,36.2676812051155,68.0169725673284,52.0094581343325,53.6556966319933,50.8678430500848,68.4299649320604,42.2317547171603,53.8714885807441,49.1068624315777,66.5496241242891,61.0099908645904,55.857526749077,60.6832399101823,60.0839671612416,62.5362184678522,66.3614450890943,53.8684312525839,37.7357691359001,63.6197741313241,55.59241564523,61.00893289767,60.1818935310308,50.7342821508517
48.7562338801681,64.634422879558,57.3808527421244,50.2318398122709,57.7644872562766,47.1765036113834,54.0802517207998,63.7963498405106,36.2676812051155,68.0169725673284,52.0094581343325,53.6556966319933,50.8678430500848,68.4299649320604,42.2317547171603,53.8714885807441,49.1068624315777,66.5496241242891,61.0099908645904,55.857526749077,60.6832399101823,60.0839671612416,62.5362184678522,66.3614450890943,53.8684312525839,37.7357691359001,63.6197741313241,55.59241564523,61.00893289767,60.1818935310308,50.7342821508517
48.7562338801681,64.634422879558,57.3808527421244,50.2318398122709,57.7644872562766,47.1765036113834,54.0802517207998,63.7963498405106,36.2676812051155,68.0169725673284,52.0094581343325,53.6556966319933,50.8678430500848,68.4299649320604,42.2317547171603,53.8714885807441,49.1068624315777,66.5496241242891,61.0099908645904,55.857526749077,60.6832399101823,60.0839671612416,62.5362184678522,66.3614450890943,53.8684312525839,37.7357691359001,63.6197741313241,55.59241564523,61.00893289767,60.1818935310308,50.7342821508517
48.7562338801681,64.634422879558,57.3808527421244,50.2318398122709,57.7644872562766,47.1765036113834,54.0802517207998,63.7963498405106,36.2676812051155,68.0169725673284,52.0094581343325,53.6556966319933,50.8678430500848,68.4299649320604,42.2317547171603,53.8714885807441,49.1068624315777,66.5496241242891,61.0099908645904,55.857526749077,60.6832399101823,60.0839671612416,62.5362184678522,66.3614450890943,53.8684312525839,37.7357691359001,63.6197741313241,55.59241564523,61.00893289767,60.1818935310308,52.0232528412089
48.7562338801681,64.634422879558,57.3808527421244,50.2318398122709,57.7644872562766,47.1765036113834,54.0802517207998,63.7963498405106,36.2676812051155,68.0169725673284,52.0094581343325,53.6556966319933,50.8678430500848,68.4299649320604,42.2317547171603,53.8714885807441,49.1068624315777,66.8980456719794,61.0099908645904,55.857526749077,60.6832399101823,60.0839671612416,62.5362184678522,66.3614450890943,53.8684312525839,37.7357691359001,63.6197741313241,55.59241564523,61.00893289767,60.1818935310308,52.0232528412089
48.7562338801681,64.634422879558,57.3808527421244,50.2318398122709,57.7644872562766,47.1765036113834,54.0802517207998,63.7963498405106,36.2676812051155,68.0169725673284,52.0094581343325,53.6556966319933,50.8678430500848,68.4299649320604,42.2317547171603,53.8714885807441,49.1068624315777,66.8980456719794,61.0099908645904,55.857526749077,60.6832399101823,60.0839671612416,62.5362184678522,66.3614450890943,53.8684312525839,37.7357691359001,63.6197741313241,55.59241564523,61.00893289767,60.1818935310308,52.0232528412089
48.7562338801681,64.634422879558,57.3808527421244,50.2318398122709,57.7644872562766,47.1765036113834,54.0802517207998,65.9579709139963,36.2676812051155,68.0169725673284,52.0094581343325,53.6556966319933,50.8678430500848,68.4299649320604,42.2317547171603,53.8714885807441,49.1068624315777,66.8980456719794,61.0099908645904,55.857526749077,60.6832399101823,60.0839671612416,62.5362184678522,66.3614450890943,53.8684312525839,38.186288909431,63.6197741313241,55.59241564523,61.00893289767,60.1818935310308,52.0232528412089
48.7562338801681,64.634422879558,57.3808527421244,50.2318398122709,57.7644872562766,47.1765036113834,54.0802517207998,65.9579709139963,36.2676812051155,68.0169725673284,52.0094581343325,53.6556966319933,50.8678430500848,68.4299649320604,42.2317547171603,53.8714885807441,49.1068624315777,66.8980456719794,61.0099908645904,55.857526749077,60.6832399101823,60.0839671612416,62.5362184678522,66.3614450890943,53.8684312525839,38.186288909431,63.6197741313241,55.59241564523,61.00893289767,60.1818935310308,52.0232528412089
48.7562338801681,64.634422879558,57.3808527421244,50.2318398122709,57.7644872562766,47.1765036113834,54.0802517207998,65.9579709139963,36.2676812051155,68.0169725673284,52.0094581343325,53.6556966319933,50.8678430500848,68.4299649320604,42.2317547171603,53.8714885807441,49.1068624315777,66.8980456719794,61.0099908645904,55.857526749077,60.6832399101823,60.0839671612416,62.5362184678522,66.3614450890943,53.8684312525839,38.186288909431,63.6197741313241,55.59241564523,61.00893289767,60.1818935310308,52.0232528412089
48.7562338801681,64.634422879558,57.3808527421244,50.2318398122709,57.7644872562766,47.1765036113834,54.0802517207998,65.9579709139963,36.2676812051155,68.0169725673284,52.0094581343325,53.6556966319933,50.8678430500848,68.4299649320604,42.2317547171603,53.8714885807441,49.1068624315777,66.8980456719794,61.0099908645904,55.857526749077,60.6832399101823,60.0839671612416,62.5362184678522,66.3614450890943,53.8684312525839,38.186288909431,64.3594161805805,55.59241564523,61.00893289767,60.1818935310308,52.0232528412089
48.7562338801681,64.634422879558,57.3808527421244,50.2318398122709,57.7644872562766,47.1765036113834,54.0802517207998,65.9579709139963,36.2676812051155,68.0169725673284,52.0094581343325,53.6556966319933,50.8678430500848,68.4299649320604,42.2317547171603,53.8714885807441,49.1068624315777,66.8980456719794,61.0099908645904,55.857526749077,60.6832399101823,60.0839671612416,62.5362184678522,66.3614450890943,53.8684312525839,38.186288909431,64.3594161805805,55.59241564523,61.1410049295478,60.2146817520976,52.0232528412089
48.8209431396505,64.634422879558,57.3808527421244,50.2318398122709,57.7644872562766,47.1765036113834,54.0802517207998,65.9579709139963,36.2676812051155,68.0169725673284,52.0094581343325,53.6556966319933,50.8678430500848,68.4299649320604,42.2317547171603,53.8714885807441,49.1068624315777,66.8980456719794,61.0099908645904,55.857526749077,60.6832399101823,60.0839671612416,62.5362184678522,66.3614450890943,53.8684312525839,38.186288909431,64.3594161805805,55.59241564523,61.1410049295478,60.2146817520976,52.0232528412089
49.352406198966,64.634422879558,57.3808527421244,50.2318398122709,57.7644872562766,47.1765036113834,54.0802517207998,65.9579709139963,36.2676812051155,68.0169725673284,52.0094581343325,53.6556966319933,50.8678430500848,68.4299649320604,42.2317547171603,53.8714885807441,49.1068624315777,66.8980456719794,61.0099908645904,55.857526749077,60.6832399101823,60.0839671612416,62.5362184678522,66.3614450890943,53.8684312525839,38.186288909431,64.3594161805805,55.59241564523,61.1410049295478,60.2146817520976,52.0232528412089
49.352406198966,64.634422879558,57.3808527421244,50.2318398122709,57.7644872562766,47.1765036113834,54.0802517207998,65.9579709139963,36.2676812051155,68.0169725673284,52.0094581343325,53.6556966319933,50.8678430500848,68.4299649320604,42.2317547171603,53.8714885807441,49.1068624315777,66.8980456719794,61.0099908645904,55.857526749077,60.6832399101823,60.0839671612416,62.5362184678522,66.3614450890943,53.8684312525839,38.186288909431,64.3594161805805,55.59241564523,61.1410049295478,60.2146817520976,52.0232528412089
49.352406198966,64.634422879558,57.3808527421244,50.2318398122709,57.7644872562766,47.1765036113834,54.0802517207998,65.9579709139963,36.2676812051155,68.0169725673284,52.0094581343325,53.6556966319933,50.8678430500848,68.4299649320604,42.2317547171603,53.8714885807441,49.1068624315777,66.8980456719794,61.0099908645904,55.857526749077,60.6832399101823,60.0839671612416,62.5362184678522,66.3614450890943,53.8684312525839,38.186288909431,64.3594161805805,55.59241564523,61.1410049295478,60.2146817520976,53.723292361037
49.352406198966,64.634422879558,57.3808527421244,50.2318398122709,57.7644872562766,47.1765036113834,54.0802517207998,65.9579709139963,36.2676812051155,68.0169725673284,52.0094581343325,53.6556966319933,50.8678430500848,68.4299649320604,42.2317547171603,53.8714885807441,49.1068624315777,66.8980456719794,61.0099908645904,55.857526749077,60.6832399101823,60.0839671612416,62.5362184678522,66.3614450890943,53.8684312525839,38.186288909431,64.3594161805805,55.59241564523,61.1410049295478,60.2146817520976,55.5971702715581
49.352406198966,64.634422879558,57.3808527421244,50.2318398122709,57.7644872562766,47.1765036113834,54.0802517207998,65.9579709139963,36.2676812051155,68.0169725673284,52.0094581343325,53.6556966319933,50.8678430500848,68.4299649320604,42.2317547171603,53.8714885807441,49.1068624315777,66.8980456719794,61.0099908645904,55.857526749077,60.6832399101823,60.0839671612416,62.5362184678522,66.6361219449555,53.8684312525839,38.186288909431,64.3594161805805,55.59241564523,61.1410049295478,60.2146817520976,55.5971702715581
49.352406198966,64.634422879558,57.3808527421244,50.2318398122709,57.7644872562766,47.1765036113834,54.0802517207998,65.9579709139963,36.5150458681867,68.0169725673284,52.0094581343325,53.6556966319933,50.8678430500848,68.4299649320604,42.2317547171603,53.8714885807441,49.1068624315777,66.8980456719794,61.0099908645904,55.857526749077,60.6832399101823,60.0839671612416,62.5362184678522,66.6361219449555,53.8684312525839,38.186288909431,64.3594161805805,55.59241564523,61.1410049295478,60.2146817520976,55.5971702715581
49.352406198966,64.634422879558,57.3808527421244,50.2318398122709,57.7644872562766,47.1765036113834,54.0802517207998,65.9579709139963,36.5150458681867,68.0169725673284,52.0094581343325,53.6556966319933,50.8678430500848,68.4299649320604,42.2317547171603,53.8714885807441,49.1068624315777,66.8980456719794,61.0099908645904,56.8928444322677,60.6832399101823,60.0839671612416,62.5362184678522,66.6361219449555,53.8684312525839,38.186288909431,64.3594161805805,55.834309672561,61.1410049295478,60.2146817520976,55.5971702715581
49.352406198966,64.634422879558,57.3808527421244,50.2318398122709,57.7644872562766,47.1765036113834,54.0802517207998,65.9579709139963,36.5150458681867,68.0169725673284,52.0094581343325,54.0691699689984,50.8678430500848,68.4299649320604,42.2317547171603,53.8714885807441,49.1068624315777,66.8980456719794,61.0099908645904,56.8928444322677,60.6832399101823,60.0839671612416,62.5362184678522,66.6361219449555,53.8684312525839,38.186288909431,64.3594161805805,55.834309672561,61.1410049295478,60.2146817520976,55.5971702715581
49.352406198966,64.634422879558,57.3808527421244,50.2318398122709,57.7644872562766,47.1765036113834,54.0802517207998,65.9579709139963,36.5150458681867,68.0169725673284,52.0094581343325,54.0691699689984,50.8678430500848,68.4299649320604,42.2317547171603,53.8714885807441,49.1068624315777,66.8980456719794,61.0099908645904,56.8928444322677,60.6832399101823,60.0839671612416,62.5362184678522,66.6361219449555,53.8684312525839,38.186288909431,64.3594161805805,55.834309672561,61.1410049295478,60.2146817520976,55.5971702715581
49.352406198966,64.634422879558,57.3808527421244,50.2318398122709,57.7644872562766,47.1765036113834,54.0802517207998,65.9579709139963,36.5150458681867,68.0169725673284,52.0094581343325,54.0691699689984,50.8678430500848,68.4299649320604,42.2317547171603,53.8714885807441,49.1068624315777,66.8980456719794,61.0099908645904,56.8928444322677,60.6832399101823,60.0839671612416,62.5362184678522,66.6361219449555,54.2934217620973,38.186288909431,64.3594161805805,55.834309672561,61.1410049295478,60.2146817520976,55.5971702715581
51.3111800757819,64.634422879558,57.3808527421244,50.2318398122709,57.7644872562766,47.1765036113834,54.0802517207998,65.9579709139963,36.5150458681867,68.0169725673284,52.0094581343325,54.0691699689984,50.8678430500848,68.4299649320604,42.2317547171603,53.8714885807441,49.1068624315777,66.8980456719794,61.0099908645904,56.8928444322677,60.6832399101823,60.0839671612416,62.5362184678522,66.6361219449555,54.2934217620973,38.186288909431,64.3594161805805,55.834309672561,61.1410049295478,60.2146817520976,55.5971702715581
52.4513508826577,64.634422879558,57.3808527421244,51.6989905415388,57.7644872562766,47.1765036113834,54.0802517207998,65.9579709139963,36.5150458681867,68.0169725673284,52.0094581343325,54.0691699689984,50.8678430500848,68.4299649320604,42.2317547171603,53.8714885807441,49.1068624315777,66.8980456719794,61.0099908645904,56.8928444322677,60.6832399101823,60.0839671612416,62.5362184678522,66.6361219449555,54.2934217620973,38.186288909431,64.3594161805805,55.834309672561,61.1410049295478,60.2146817520976,55.5971702715581
52.4513508826577,64.634422879558,57.3808527421244,51.6989905415388,57.7644872562766,47.1765036113834,54.0802517207998,65.9579709139963,36.5150458681867,68.0169725673284,52.0094581343325,54.0691699689984,50.8678430500848,68.4299649320604,42.2317547171603,53.8714885807441,49.1068624315777,66.8980456719794,61.0099908645904,56.8928444322677,60.6832399101823,60.0839671612416,62.5362184678522,66.6361219449555,54.2934217620973,38.186288909431,64.3594161805805,55.834309672561,61.1410049295478,60.2146817520976,55.5971702715581
52.4513508826577,64.634422879558,57.3808527421244,51.6989905415388,57.7644872562766,47.1765036113834,54.0802517207998,65.9579709139963,36.5150458681867,68.0169725673284,52.0094581343325,54.0691699689984,50.8678430500848,68.4299649320604,42.2317547171603,53.8714885807441,49.1068624315777,66.8980456719794,61.0099908645904,56.8928444322677,60.70292570326,60.0839671612416,62.5362184678522,66.6361219449555,54.2934217620973,38.186288909431,64.3594161805805,55.834309672561,61.1410049295478,60.2146817520976,55.5971702715581
52.4513508826577,64.634422879558,57.3808527421244,51.6989905415388,57.7644872562766,47.1765036113834,54.0802517207998,65.9579709139963,36.5150458681867,68.0169725673284,52.0094581343325,54.0691699689984,50.8678430500848,68.4299649320604,42.2317547171603,53.8714885807441,49.1068624315777,66.8980456719794,61.0099908645904,56.8928444322677,60.70292570326,60.0839671612416,62.5362184678522,66.6361219449555,54.2934217620973,38.186288909431,64.3594161805805,55.834309672561,61.1410049295478,60.2146817520976,55.5971702715581
52.4513508826577,64.634422879558,57.3808527421244,51.6989905415388,57.7644872562766,47.1765036113834,54.0802517207998,65.9579709139963,36.5150458681867,68.0169725673284,52.0094581343325,54.0691699689984,50.8678430500848,68.4299649320604,42.2317547171603,53.8714885807441,49.1068624315777,66.8980456719794,61.0099908645904,56.8928444322677,60.70292570326,60.0839671612416,62.5362184678522,66.6361219449555,54.2934217620973,38.186288909431,64.3594161805805,55.834309672561,61.1410049295478,60.2146817520976,55.5971702715581
52.4513508826577,64.634422879558,57.3808527421244,51.6989905415388,57.7644872562766,47.1765036113834,54.0802517207998,65.9579709139963,36.5150458681867,68.0169725673284,52.0094581343325,54.0691699689984,50.8678430500848,68.4299649320604,42.2317547171603,53.8714885807441,49.1068624315777,66.8980456719794,61.0099908645904,56.8928444322677,60.70292570326,60.0839671612416,62.5362184678522,66.6361219449555,54.2934217620973,38.186288909431,64.3594161805805,55.834309672561,61.1410049295478,60.2146817520976,55.5971702715581
52.4513508826577,64.634422879558,57.3808527421244,51.6989905415388,57.7644872562766,47.1765036113834,54.0802517207998,65.9579709139963,36.5150458681867,68.0169725673284,52.0094581343325,54.0691699689984,50.8678430500848,68.4299649320604,42.2317547171603,53.8714885807441,49.1068624315777,66.8980456719794,61.0099908645904,56.8928444322677,60.70292570326,60.0839671612416,62.5362184678522,66.6361219449555,54.2934217620973,38.186288909431,64.3594161805805,55.834309672561,61.1410049295478,60.2146817520976,55.5971702715581
52.4513508826577,64.634422879558,57.3808527421244,51.6989905415388,57.7644872562766,47.1765036113834,54.0802517207998,65.9579709139963,36.5150458681867,68.0169725673284,52.0094581343325,54.0691699689984,50.8678430500848,69.3600849570426,42.2317547171603,53.8714885807441,49.1068624315777,66.8980456719794,61.0099908645904,56.8928444322677,60.70292570326,60.0839671612416,62.5362184678522,66.6361219449555,54.2934217620973,38.186288909431,64.3594161805805,55.834309672561,61.1410049295478,60.2146817520976,55.5971702715581
52.4513508826577,64.634422879558,57.3808527421244,51.6989905415388,57.7644872562766,51.2376475164212,54.0802517207998,65.9579709139963,36.5150458681867,68.0169725673284,52.0094581343325,54.0691699689984,50.8678430500848,69.3600849570426,42.2317547171603,53.8714885807441,49.1068624315777,66.8980456719794,61.0099908645904,56.8928444322677,60.70292570326,60.0839671612416,62.5362184678522,66.6361219449555,54.2934217620973,38.186288909431,64.3594161805805,55.834309672561,61.1410049295478,60.2146817520976,55.5971702715581
52.4513508826577,64.634422879558,57.3808527421244,51.6989905415388,57.7644872562766,51.2376475164212,54.0802517207998,65.9579709139963,36.5150458681867,68.0169725673284,52.0094581343325,54.0691699689984,50.8678430500848,69.3600849570426,42.2317547171603,53.8714885807441,49.1068624315777,66.8980456719794,61.0099908645904,56.8928444322677,60.70292570326,60.0839671612416,62.5362184678522,66.6361219449555,54.2934217620973,38.186288909431,64.3594161805805,55.834309672561,61.1410049295478,60.2146817520976,55.5971702715581
52.4513508826577,64.634422879558,57.3808527421244,51.6989905415388,57.7644872562766,51.2376475164212,54.0802517207998,65.9579709139963,36.5150458681867,68.0169725673284,52.0094581343325,54.0691699689984,50.8678430500848,69.3600849570426,42.2317547171603,53.8714885807441,49.1068624315777,66.8980456719794,61.0099908645904,56.8928444322677,60.70292570326,60.0839671612416,62.5362184678522,66.6361219449555,54.2934217620973,38.186288909431,64.3594161805805,55.834309672561,61.1410049295478,60.2146817520976,55.5971702715581
52.4513508826577,64.634422879558,57.3808527421244,51.6989905415388,59.3439561509817,51.2376475164212,54.0802517207998,65.9579709139963,36.5150458681867,68.0169725673284,52.0094581343325,54.0691699689984,50.8678430500848,69.3600849570426,42.2317547171603,53.8714885807441,49.1068624315777,66.8980456719794,61.0099908645904,56.8928444322677,60.70292570326,60.0839671612416,62.5362184678522,66.6361219449555,54.2934217620973,38.186288909431,64.3594161805805,55.834309672561,61.1410049295478,60.2146817520976,55.5971702715581
52.4513508826577,64.634422879558,57.3808527421244,51.6989905415388,59.3439561509817,51.2376475164212,54.0802517207998,65.9579709139963,36.5150458681867,68.0169725673284,52.0094581343325,54.0691699689984,50.8678430500848,69.3600849570426,42.9353282423834,53.8714885807441,49.1068624315777,66.8980456719794,61.0099908645904,56.8928444322677,60.70292570326,60.0839671612416,62.5362184678522,66.6361219449555,54.2934217620973,38.186288909431,64.3594161805805,55.834309672561,61.1410049295478,60.2146817520976,55.5971702715581
52.4513508826577,64.634422879558,57.3808527421244,51.6989905415388,59.3439561509817,51.2376475164212,54.0802517207998,65.9579709139963,36.5150458681867,68.0169725673284,52.0094581343325,54.0691699689984,50.8678430500848,69.3600849570426,42.9353282423834,53.8714885807441,49.1068624315777,66.8980456719794,61.0099908645904,56.8928444322677,60.70292570326,60.0839671612416,62.5362184678522,66.6361219449555,54.2934217620973,38.186288909431,64.3594161805805,55.834309672561,61.1410049295478,60.2146817520976,56.058326396171
52.4513508826577,64.634422879558,57.3808527421244,51.6989905415388,59.3439561509817,51.2376475164212,54.0802517207998,65.9579709139963,36.5150458681867,68.0169725673284,52.0094581343325,54.0691699689984,50.8678430500848,69.3600849570426,42.9353282423834,53.8714885807441,49.1068624315777,66.8980456719794,61.0099908645904,56.8928444322677,60.70292570326,60.0839671612416,62.5362184678522,66.6361219449555,54.2934217620973,38.186288909431,64.3594161805805,55.834309672561,61.1410049295478,60.2146817520976,56.058326396171
52.4513508826577,64.634422879558,57.3808527421244,51.6989905415388,59.3439561509817,51.2376475164212,54.0802517207998,65.9579709139963,36.5150458681867,68.0169725673284,52.0094581343325,54.0691699689984,50.8678430500848,69.3600849570426,42.9353282423834,53.8714885807441,49.1068624315777,66.8980456719794,61.0099908645904,56.8928444322677,60.70292570326,60.0839671612416,62.5362184678522,66.6361219449555,54.2934217620973,38.186288909431,64.3594161805805,55.834309672561,61.1410049295478,60.2146817520976,56.058326396171
52.4513508826577,64.634422879558,57.3808527421244,51.6989905415388,59.3439561509817,51.2376475164212,54.0802517207998,65.9579709139963,36.5150458681867,68.0169725673284,52.0094581343325,54.0691699689984,50.8678430500848,69.3600849570426,42.9353282423834,53.8714885807441,49.1068624315777,66.8980456719794,61.0099908645904,56.8928444322677,60.70292570326,60.0839671612416,62.5362184678522,66.6361219449555,54.2934217620973,38.186288909431,64.3594161805805,55.834309672561,61.1410049295478,60.2146817520976,56.058326396171
52.4513508826577,64.634422879558,57.3808527421244,51.6989905415388,59.3439561509817,51.2376475164212,54.0802517207998,65.9579709139963,36.5150458681867,68.0169725673284,52.0094581343325,54.0691699689984,50.8678430500848,69.3600849570426,42.9353282423834,53.8714885807441,49.1068624315777,66.8980456719794,61.0099908645904,56.8928444322677,60.70292570326,60.0839671612416,62.5362184678522,66.6361219449555,54.2934217620973,38.186288909431,64.3594161805805,56.219381247124,61.1410049295478,60.2146817520976,56.058326396171
52.4513508826577,64.634422879558,57.3808527421244,51.6989905415388,59.3439561509817,51.2376475164212,54.0802517207998,65.9579709139963,36.5150458681867,68.0169725673284,52.0094581343325,54.0691699689984,50.8678430500848,69.3600849570426,42.9353282423834,53.8714885807441,49.1068624315777,66.8980456719794,61.0099908645904,56.8928444322677,60.70292570326,60.0839671612416,62.5362184678522,66.6361219449555,54.2934217620973,38.186288909431,64.3594161805805,56.219381247124,61.1410049295478,60.2146817520976,56.058326396171
52.4513508826577,64.634422879558,57.3808527421244,51.6989905415388,59.3439561509817,57.3134733848684,54.2021056160164,65.9579709139963,36.5150458681867,68.0169725673284,52.0094581343325,54.0691699689984,50.8678430500848,69.3600849570426,42.9353282423834,53.8714885807441,49.1068624315777,66.8980456719794,61.0099908645904,56.8928444322677,60.70292570326,60.0839671612416,62.5362184678522,66.6361219449555,54.2934217620973,38.186288909431,64.3594161805805,56.219381247124,61.1410049295478,60.2146817520976,56.058326396171
52.4513508826577,64.634422879558,57.3808527421244,51.6989905415388,59.3439561509817,57.3134733848684,54.2021056160164,65.9579709139963,36.5150458681867,68.0169725673284,52.0094581343325,54.0691699689984,50.8678430500848,69.3600849570426,42.9353282423834,53.8714885807441,49.1068624315777,66.8980456719794,62.980149283952,56.8928444322677,60.70292570326,60.0839671612416,62.5362184678522,66.6361219449555,54.2934217620973,38.186288909431,64.3594161805805,56.219381247124,61.1410049295478,60.2146817520976,56.058326396171
52.4513508826577,64.634422879558,57.3808527421244,51.6989905415388,59.3439561509817,57.3134733848684,54.2021056160164,65.9579709139963,36.5150458681867,68.0169725673284,52.0094581343325,54.0691699689984,50.8678430500848,69.3600849570426,42.9353282423834,53.8714885807441,49.1068624315777,66.8980456719794,62.980149283952,56.8928444322677,60.70292570326,60.0839671612416,62.5362184678522,66.6361219449555,54.3459685401905,38.186288909431,64.3594161805805,56.219381247124,61.1410049295478,60.2146817520976,56.058326396171
53.4924228383738,64.634422879558,57.3808527421244,51.6989905415388,59.3439561509817,57.3134733848684,54.2021056160164,65.9579709139963,36.5150458681867,68.0169725673284,52.0094581343325,54.0691699689984,50.8678430500848,69.3600849570426,42.9353282423834,53.8714885807441,49.1068624315777,67.0214889175026,62.980149283952,56.8928444322677,60.70292570326,60.0839671612416,62.5362184678522,66.6361219449555,54.3459685401905,38.186288909431,64.3594161805805,56.219381247124,61.1410049295478,60.2146817520976,56.058326396171
53.4924228383738,64.634422879558,57.3808527421244,51.6989905415388,59.3439561509817,57.3134733848684,54.2021056160164,65.9579709139963,36.5150458681867,68.0169725673284,52.0094581343325,54.0691699689984,50.8678430500848,69.3600849570426,42.9353282423834,53.8714885807441,49.1068624315777,67.0214889175026,62.980149283952,56.8928444322677,60.70292570326,60.0839671612416,62.5362184678522,66.6361219449555,54.3459685401905,38.186288909431,64.3594161805805,56.219381247124,61.1410049295478,60.2146817520976,56.058326396171
53.4924228383738,64.634422879558,57.428808311305,51.6989905415388,59.3439561509817,57.3134733848684,54.2021056160164,65.9579709139963,36.5150458681867,68.0169725673284,52.0094581343325,54.0691699689984,50.8678430500848,69.3600849570426,46.0206058054311,53.8714885807441,49.1068624315777,67.0214889175026,62.980149283952,56.8928444322677,60.70292570326,60.0839671612416,62.5362184678522,66.6361219449555,54.3459685401905,38.186288909431,64.3594161805805,56.219381247124,61.1410049295478,60.2146817520976,56.058326396171
53.4924228383738,64.634422879558,57.428808311305,51.6989905415388,59.3439561509817,57.3134733848684,54.2021056160164,65.9579709139963,36.5150458681867,68.0169725673284,52.0094581343325,54.0691699689984,50.8678430500848,69.3600849570426,46.0206058054311,53.8714885807441,49.1068624315777,67.0214889175026,62.980149283952,56.8928444322677,60.70292570326,60.0839671612416,62.5362184678522,66.6361219449555,54.3459685401905,38.186288909431,64.3594161805805,56.219381247124,61.1410049295478,60.2146817520976,56.058326396171
53.4924228383738,64.634422879558,57.428808311305,51.6989905415388,59.3439561509817,57.3134733848684,54.2021056160164,65.9579709139963,36.5150458681867,68.0169725673284,52.0094581343325,54.0691699689984,50.8678430500848,69.3600849570426,46.0206058054311,53.8714885807441,49.1068624315777,67.0214889175026,62.980149283952,56.8928444322677,60.70292570326,60.0839671612416,62.5362184678522,66.6361219449555,54.3459685401905,38.186288909431,64.3594161805805,56.219381247124,61.1410049295478,60.2146817520976,56.058326396171
53.4924228383738,64.634422879558,57.428808311305,51.6989905415388,59.3439561509817,57.3134733848684,54.2021056160164,65.9579709139963,36.5150458681867,68.0169725673284,52.0094581343325,54.0691699689984,50.8678430500848,69.3600849570426,46.0206058054311,53.8714885807441,49.1068624315777,67.0214889175026,62.980149283952,56.8928444322677,60.70292570326,60.0839671612416,62.5362184678522,66.6804842209989,54.3459685401905,38.186288909431,64.3594161805805,56.219381247124,61.1410049295478,60.2146817520976,56.058326396171
53.4924228383738,64.634422879558,57.428808311305,51.6989905415388,59.3439561509817,57.3134733848684,54.2021056160164,65.9579709139963,36.5150458681867,68.0169725673284,52.0094581343325,54.0691699689984,50.8678430500848,69.3600849570426,46.0206058054311,53.8714885807441,49.1068624315777,67.0214889175026,62.980149283952,56.8928444322677,60.70292570326,60.0839671612416,62.5362184678522,66.6804842209989,54.3459685401905,38.186288909431,64.3594161805805,56.4839506084117,61.1410049295478,60.2146817520976,56.058326396171
53.4924228383738,64.634422879558,57.428808311305,51.6989905415388,59.3439561509817,57.3134733848684,54.2021056160164,66.2073762262117,36.5150458681867,68.0169725673284,52.0094581343325,54.0691699689984,50.8678430500848,69.3600849570426,46.0206058054311,53.8714885807441,49.1068624315777,67.0214889175026,62.980149283952,56.8928444322677,60.70292570326,60.0839671612416,62.5362184678522,66.6804842209989,54.3459685401905,38.186288909431,64.3594161805805,56.4839506084117,61.1410049295478,60.2146817520976,56.058326396171
53.4924228383738,64.634422879558,57.428808311305,51.6989905415388,59.3439561509817,57.3134733848684,54.2021056160164,66.2073762262117,36.5150458681867,68.0169725673284,52.0094581343325,54.0691699689984,50.8678430500848,69.3600849570426,46.0206058054311,53.8714885807441,49.1068624315777,67.0214889175026,62.980149283952,56.8928444322677,60.70292570326,60.0839671612416,62.5362184678522,66.6804842209989,54.3459685401905,38.186288909431,64.3594161805805,56.4839506084117,61.1410049295478,60.2146817520976,56.058326396171
53.4924228383738,64.634422879558,57.428808311305,51.6989905415388,59.3439561509817,57.3134733848684,54.2021056160164,66.2073762262117,36.5150458681867,68.0169725673284,52.0094581343325,54.0691699689984,50.8678430500848,69.3600849570426,46.0206058054311,53.8714885807441,49.1885048806784,67.0214889175026,62.980149283952,56.8928444322677,60.70292570326,60.0839671612416,62.5362184678522,66.6804842209989,54.3459685401905,38.186288909431,64.3594161805805,56.4839506084117,61.1410049295478,60.2146817520976,56.058326396171
53.4924228383738,64.634422879558,57.428808311305,51.6989905415388,59.3439561509817,57.3134733848684,54.2021056160164,66.2073762262117,36.5150458681867,68.0169725673284,52.0094581343325,54.0691699689984,50.8678430500848,69.3600849570426,46.0206058054311,53.8714885807441,49.1885048806784,67.0214889175026,62.980149283952,56.8928444322677,60.70292570326,60.0839671612416,62.5362184678522,66.6804842209989,54.3459685401905,38.186288909431,64.3594161805805,56.4839506084117,61.1410049295478,60.2146817520976,56.058326396171
53.4924228383738,64.634422879558,57.428808311305,51.6989905415388,59.3439561509817,57.3134733848684,54.2021056160164,66.2073762262117,36.5150458681867,68.0169725673284,52.0094581343325,54.0691699689984,50.8678430500848,69.3600849570426,46.0206058054311,53.8714885807441,49.1885048806784,67.0214889175026,62.980149283952,56.8928444322677,60.70292570326,60.0839671612416,62.5362184678522,66.6804842209989,54.3459685401905,38.186288909431,64.3594161805805,56.4839506084117,61.1410049295478,60.2146817520976,56.058326396171
53.4924228383738,64.634422879558,57.428808311305,51.6989905415388,59.3439561509817,57.3134733848684,54.2021056160164,66.2073762262117,36.5150458681867,68.0169725673284,52.0094581343325,54.0691699689984,50.8678430500848,69.3600849570426,48.6244982834,53.8714885807441,49.1885048806784,67.0214889175026,62.980149283952,56.8928444322677,60.70292570326,60.0839671612416,62.5362184678522,66.6804842209989,54.3459685401905,38.186288909431,64.3594161805805,56.4839506084117,61.1410049295478,60.2146817520976,56.058326396171
53.4924228383738,64.634422879558,57.428808311305,51.6989905415388,59.3439561509817,57.3134733848684,54.2021056160164,66.2073762262117,36.5150458681867,68.0169725673284,52.0094581343325,54.0691699689984,50.8678430500848,69.3600849570426,48.6244982834,53.8714885807441,49.1885048806784,67.0214889175026,62.980149283952,56.8928444322677,60.70292570326,60.0839671612416,62.5362184678522,66.6804842209989,54.3459685401905,38.186288909431,64.3594161805805,56.4839506084117,61.1410049295478,60.2146817520976,56.058326396171
53.4924228383738,64.634422879558,57.428808311305,51.6989905415388,59.3439561509817,57.3134733848684,54.2021056160164,66.2073762262117,36.5150458681867,68.0169725673284,52.0094581343325,54.0691699689984,50.8678430500848,69.3600849570426,48.6244982834,53.8714885807441,49.1885048806784,67.0214889175026,62.980149283952,56.8928444322677,60.70292570326,60.0839671612416,62.5362184678522,66.6804842209989,54.3459685401905,38.186288909431,64.3594161805805,56.4839506084117,61.1410049295478,60.2146817520976,56.058326396171
53.4924228383738,64.634422879558,57.428808311305,51.6989905415388,59.3439561509817,57.3134733848684,54.2021056160164,66.2073762262117,36.5150458681867,68.0169725673284,52.0094581343325,54.0691699689984,50.8678430500848,69.3600849570426,48.6244982834,53.8714885807441,49.1885048806784,67.0214889175026,62.980149283952,56.8928444322677,60.70292570326,60.0839671612416,62.5362184678522,66.6804842209989,54.3459685401905,38.186288909431,64.3594161805805,56.4839506084117,61.1410049295478,60.2146817520976,56.058326396171
53.4924228383738,64.634422879558,57.428808311305,51.6989905415388,59.3439561509817,57.3134733848684,54.2021056160164,66.2073762262117,36.5150458681867,68.0169725673284,52.0094581343325,54.0691699689984,50.8678430500848,69.3600849570426,48.6244982834,53.8714885807441,49.1885048806784,67.0214889175026,62.980149283952,56.8928444322677,60.70292570326,60.0839671612416,62.5362184678522,66.6804842209989,54.3459685401905,38.186288909431,64.3594161805805,56.4839506084117,61.1410049295478,60.2146817520976,56.058326396171
53.4924228383738,64.634422879558,57.428808311305,51.6989905415388,59.3439561509817,57.3134733848684,54.2021056160164,66.2073762262117,36.5150458681867,68.0169725673284,52.0094581343325,54.0691699689984,50.8678430500848,69.3600849570426,48.6244982834,53.8714885807441,49.1885048806784,67.0214889175026,62.980149283952,56.8928444322677,60.70292570326,60.0839671612416,62.5362184678522,66.6804842209989,54.3459685401905,38.186288909431,64.3594161805805,56.4839506084117,61.1410049295478,60.2146817520976,56.058326396171
53.4924228383738,64.634422879558,57.428808311305,51.6989905415388,59.3439561509817,57.3134733848684,54.2021056160164,66.2073762262117,36.5150458681867,68.0169725673284,52.0094581343325,54.0691699689984,50.8678430500848,69.3600849570426,48.6244982834,53.8714885807441,49.1885048806784,67.0214889175026,62.980149283952,56.8928444322677,60.70292570326,60.0839671612416,62.5362184678522,66.6804842209989,54.3459685401905,38.186288909431,64.3594161805805,56.4839506084117,61.1410049295478,60.2146817520976,56.058326396171
53.4924228383738,64.634422879558,57.428808311305,51.6989905415388,59.3439561509817,57.3134733848684,54.2021056160164,66.2073762262117,36.5150458681867,68.0169725673284,52.0094581343325,54.3334272534396,50.8678430500848,69.3600849570426,48.6244982834,53.8714885807441,49.1885048806784,67.0214889175026,62.980149283952,56.8928444322677,60.70292570326,60.0839671612416,62.5362184678522,66.6804842209989,54.3459685401905,38.186288909431,64.3594161805805,56.4839506084117,61.1410049295478,60.2146817520976,56.058326396171
53.4924228383738,64.634422879558,57.428808311305,51.6989905415388,59.3439561509817,57.3134733848684,54.2021056160164,66.2073762262117,36.5150458681867,68.0169725673284,52.0094581343325,54.3334272534396,50.8678430500848,69.3600849570426,48.6244982834,53.8714885807441,49.1885048806784,67.0214889175026,62.980149283952,56.8928444322677,60.70292570326,60.0839671612416,62.5362184678522,66.6804842209989,54.3459685401905,38.186288909431,64.3594161805805,56.4839506084117,61.1410049295478,60.2146817520976,56.058326396171
53.4924228383738,64.634422879558,57.428808311305,51.6989905415388,59.3439561509817,57.3134733848684,54.2021056160164,66.2073762262117,36.5150458681867,68.0169725673284,52.0094581343325,54.3334272534396,50.8678430500848,69.3600849570426,48.6244982834,53.8714885807441,49.1885048806784,67.2259528787972,62.980149283952,56.8928444322677,60.70292570326,60.0839671612416,62.5362184678522,66.6804842209989,54.3459685401905,38.186288909431,64.3594161805805,56.4839506084117,61.1410049295478,60.2146817520976,56.058326396171
53.4924228383738,64.634422879558,57.428808311305,51.6989905415388,59.3439561509817,57.3134733848684,54.2021056160164,66.2073762262117,36.5150458681867,68.0169725673284,52.0094581343325,54.3334272534396,50.8678430500848,69.3600849570426,48.6244982834,53.8714885807441,49.1885048806784,67.2259528787972,62.980149283952,56.8928444322677,60.70292570326,60.0839671612416,62.5362184678522,66.6804842209989,54.3459685401905,38.186288909431,64.3594161805805,56.4839506084117,61.1410049295478,60.2146817520976,56.058326396171
53.4924228383738,64.634422879558,57.428808311305,52.8601860554211,59.3439561509817,57.3134733848684,54.2021056160164,66.2073762262117,36.5150458681867,68.0169725673284,52.0094581343325,54.3334272534396,50.8678430500848,69.3600849570426,48.6244982834,53.8714885807441,49.1885048806784,67.2259528787972,62.980149283952,56.8928444322677,60.70292570326,60.0839671612416,62.5362184678522,66.6804842209989,54.3459685401905,38.186288909431,64.3594161805805,56.4839506084117,61.1410049295478,60.2146817520976,56.058326396171
53.4924228383738,64.634422879558,57.428808311305,52.8601860554211,59.3439561509817,57.3134733848684,54.2021056160164,66.2073762262117,36.5150458681867,68.0169725673284,52.0094581343325,54.3334272534396,50.8678430500848,69.3600849570426,52.9296856872468,53.8714885807441,49.1885048806784,67.2259528787972,62.980149283952,56.8928444322677,60.70292570326,60.0839671612416,62.5362184678522,66.6804842209989,54.3459685401905,38.186288909431,64.3594161805805,56.4839506084117,61.1410049295478,60.2146817520976,56.058326396171
53.4924228383738,64.634422879558,57.428808311305,52.8601860554211,59.3439561509817,57.3134733848684,54.2021056160164,66.2073762262117,36.5150458681867,68.0169725673284,52.0094581343325,54.3334272534396,50.8678430500848,69.3600849570426,52.9296856872468,53.8940895082503,49.1885048806784,67.2259528787972,62.980149283952,56.8928444322677,60.70292570326,60.0839671612416,62.5362184678522,66.6804842209989,54.3459685401905,38.186288909431,64.3594161805805,56.4839506084117,61.1410049295478,60.2146817520976,56.058326396171
53.4924228383738,64.634422879558,57.428808311305,52.8601860554211,59.3439561509817,57.3134733848684,54.2021056160164,66.2073762262117,36.5150458681867,68.0169725673284,53.638553958946,54.3334272534396,50.8678430500848,69.3600849570426,52.9296856872468,53.8940895082503,49.1885048806784,67.2259528787972,62.980149283952,56.8928444322677,60.70292570326,60.0839671612416,62.5362184678522,66.6804842209989,54.3459685401905,38.186288909431,64.3594161805805,56.484462554128,61.1410049295478,60.2146817520976,56.058326396171
53.4924228383738,66.1419415784239,57.428808311305,52.8601860554211,59.3439561509817,57.3134733848684,54.2021056160164,66.2073762262117,36.5150458681867,68.0169725673284,53.638553958946,54.3334272534396,50.8678430500848,69.3600849570426,52.9296856872468,53.8940895082503,49.1885048806784,67.2259528787972,62.980149283952,56.8928444322677,60.70292570326,60.0839671612416,62.5362184678522,66.6804842209989,54.3459685401905,38.186288909431,64.3594161805805,56.484462554128,61.1410049295478,60.2146817520976,56.058326396171
53.4924228383738,66.1419415784239,57.428808311305,52.8601860554211,59.3439561509817,57.3134733848684,54.2021056160164,66.2073762262117,36.5150458681867,68.0169725673284,53.638553958946,54.3334272534396,50.8678430500848,69.3600849570426,52.9296856872468,53.8940895082503,49.1885048806784,67.2259528787972,62.980149283952,56.8928444322677,60.70292570326,60.0839671612416,62.5362184678522,66.6804842209989,54.3459685401905,38.186288909431,64.3594161805805,56.484462554128,61.1410049295478,60.2146817520976,56.058326396171
53.4924228383738,66.1419415784239,57.428808311305,52.8601860554211,59.3439561509817,57.3134733848684,54.2021056160164,66.2073762262117,36.5150458681867,68.0169725673284,53.638553958946,54.3334272534396,50.8678430500848,69.3600849570426,52.9296856872468,53.8940895082503,49.1885048806784,67.2259528787972,62.980149283952,56.8928444322677,60.70292570326,60.0839671612416,62.5362184678522,66.6804842209989,54.3459685401905,38.186288909431,64.3594161805805,56.484462554128,61.1410049295478,60.2146817520976,56.058326396171
53.4924228383738,66.1419415784239,57.428808311305,52.8601860554211,59.3439561509817,57.3134733848684,54.2021056160164,66.2073762262117,36.5150458681867,68.0169725673284,53.638553958946,54.3334272534396,50.8678430500848,69.3600849570426,52.9296856872468,53.8940895082503,49.1885048806784,67.2259528787972,62.980149283952,56.8928444322677,60.70292570326,60.0839671612416,62.5362184678522,66.6804842209989,54.3459685401905,38.186288909431,64.3594161805805,56.484462554128,61.1410049295478,60.2146817520976,56.058326396171
53.4924228383738,66.1419415784239,57.428808311305,52.8601860554211,59.3439561509817,57.3134733848684,54.2021056160164,66.2073762262117,36.5150458681867,68.0169725673284,53.638553958946,54.3334272534396,50.8678430500848,69.3600849570426,52.9296856872468,53.8940895082503,49.1885048806784,67.2259528787972,62.980149283952,56.8928444322677,60.70292570326,60.0839671612416,62.5362184678522,66.6804842209989,54.3459685401905,38.186288909431,64.3594161805805,56.484462554128,61.1410049295478,60.2146817520976,56.058326396171
53.4924228383738,66.1419415784239,57.428808311305,52.8601860554211,59.3439561509817,57.3134733848684,54.2021056160164,66.2073762262117,36.5150458681867,68.0169725673284,53.638553958946,54.3334272534396,50.8678430500848,69.3600849570426,52.9296856872468,53.8940895082503,49.1885048806784,67.2259528787972,62.980149283952,56.8928444322677,60.70292570326,60.0839671612416,62.5362184678522,66.6804842209989,54.3459685401905,38.186288909431,64.3594161805805,56.484462554128,61.1410049295478,60.2146817520976,56.058326396171
53.4924228383738,66.1419415784239,57.428808311305,52.8601860554211,59.3439561509817,57.3134733848684,54.2021056160164,66.2073762262117,36.5150458681867,68.0169725673284,53.638553958946,54.3334272534396,50.8678430500848,69.3600849570426,52.9296856872468,53.8940895082503,49.1885048806784,67.2259528787972,62.980149283952,56.8928444322677,60.70292570326,60.0839671612416,62.5362184678522,66.6804842209989,54.3459685401905,38.186288909431,64.3594161805805,56.484462554128,61.1410049295478,60.2146817520976,56.058326396171
53.4924228383738,66.1419415784239,57.428808311305,52.8601860554211,59.3439561509817,57.3134733848684,54.2021056160164,66.2073762262117,36.5150458681867,68.6034397110445,53.638553958946,54.3334272534396,50.8678430500848,69.3600849570426,52.9296856872468,53.8940895082503,49.1885048806784,67.2259528787972,62.980149283952,56.8928444322677,60.70292570326,60.0839671612416,62.5362184678522,66.6804842209989,54.3459685401905,38.186288909431,64.3594161805805,56.484462554128,61.1410049295478,60.2146817520976,56.058326396171
53.4924228383738,66.1419415784239,57.428808311305,52.8601860554211,61.4064514040799,57.3134733848684,54.2021056160164,66.2073762262117,36.5150458681867,68.6034397110445,53.638553958946,54.3334272534396,50.8678430500848,69.3600849570426,58.1932478796265,53.8940895082503,49.1885048806784,67.2259528787972,62.980149283952,56.8928444322677,60.70292570326,60.0839671612416,62.5362184678522,66.6804842209989,54.3459685401905,38.186288909431,64.3594161805805,56.484462554128,61.1410049295478,60.2146817520976,56.058326396171
53.4924228383738,66.1419415784239,57.428808311305,52.8601860554211,61.4064514040799,57.3134733848684,54.2021056160164,66.2073762262117,36.5150458681867,68.6034397110445,53.638553958946,54.3334272534396,50.8678430500848,69.3600849570426,58.1932478796265,53.8940895082503,49.1885048806784,67.2259528787972,62.980149283952,56.8928444322677,60.70292570326,60.0839671612416,62.5362184678522,66.6804842209989,54.3459685401905,38.186288909431,64.3594161805805,56.484462554128,61.1410049295478,60.2146817520976,56.058326396171
53.4924228383738,66.1419415784239,57.428808311305,52.8601860554211,61.4064514040799,57.3134733848684,54.2021056160164,66.2073762262117,36.5150458681867,68.6034397110445,53.638553958946,54.3334272534396,50.8678430500848,69.3600849570426,58.1932478796265,53.8940895082503,49.1885048806784,67.2259528787972,62.980149283952,56.8928444322677,60.70292570326,60.0839671612416,62.5362184678522,66.6804842209989,54.3459685401905,38.186288909431,64.3594161805805,56.49051200816,61.1410049295478,60.2146817520976,56.058326396171
53.4924228383738,66.1419415784239,57.428808311305,52.8601860554211,61.4064514040799,57.3134733848684,54.2021056160164,66.2073762262117,36.5150458681867,68.6034397110445,53.638553958946,54.3334272534396,50.8678430500848,69.3600849570426,58.1932478796265,53.8940895082503,49.1885048806784,67.2259528787972,62.980149283952,56.8928444322677,60.70292570326,60.0839671612416,62.5362184678522,66.6804842209989,54.3459685401905,38.186288909431,64.3594161805805,56.49051200816,61.1410049295478,60.2146817520976,56.058326396171
53.4924228383738,66.1419415784239,57.428808311305,52.8601860554211,61.4064514040799,57.3134733848684,54.2021056160164,66.2073762262117,36.5150458681867,68.6034397110445,53.638553958946,54.3334272534396,50.8678430500848,69.3600849570426,58.1932478796265,53.8940895082503,49.1885048806784,67.2259528787972,62.980149283952,56.8928444322677,60.70292570326,60.0839671612416,62.5362184678522,66.6804842209989,54.3459685401905,38.3388759452501,64.3594161805805,56.49051200816,61.1410049295478,60.2146817520976,56.058326396171
53.4924228383738,66.1419415784239,57.428808311305,52.8601860554211,61.4064514040799,57.3134733848684,54.2021056160164,66.2073762262117,36.5150458681867,68.6034397110445,53.638553958946,54.3334272534396,50.8678430500848,69.3600849570426,58.1932478796265,53.8940895082503,49.1885048806784,67.2259528787972,62.980149283952,56.8928444322677,60.70292570326,60.0839671612416,62.5362184678522,66.6804842209989,54.3459685401905,38.3388759452501,64.3594161805805,56.49051200816,61.1410049295478,60.2146817520976,56.058326396171
53.4924228383738,66.1419415784239,57.428808311305,52.8601860554211,61.4064514040799,57.3134733848684,54.2021056160164,66.2073762262117,36.5150458681867,68.6034397110445,53.638553958946,54.3334272534396,50.8678430500848,69.3600849570426,58.1932478796265,53.8940895082503,49.1885048806784,67.2259528787972,62.980149283952,56.8928444322677,60.70292570326,60.0839671612416,62.5362184678522,66.6804842209989,54.3459685401905,38.3388759452501,64.3594161805805,56.49051200816,61.1410049295478,60.2146817520976,56.058326396171
53.4924228383738,66.1419415784239,57.428808311305,52.8601860554211,61.4064514040799,57.3134733848684,54.2021056160164,66.2073762262117,36.5150458681867,68.6034397110445,53.638553958946,54.3334272534396,50.8678430500848,69.3600849570426,58.1932478796265,53.8940895082503,49.1885048806784,67.2259528787972,62.980149283952,56.8928444322677,60.70292570326,60.0839671612416,62.5362184678522,66.6804842209989,54.3459685401905,38.3388759452501,64.3594161805805,56.49051200816,61.1410049295478,60.2146817520976,56.058326396171
53.4924228383738,66.1419415784239,57.428808311305,52.8601860554211,61.4064514040799,57.3134733848684,54.2021056160164,66.2073762262117,36.5150458681867,68.6034397110445,53.638553958946,54.3334272534396,50.8678430500848,69.3600849570426,58.1932478796265,53.8940895082503,49.1885048806784,67.2259528787972,62.980149283952,56.8928444322677,60.70292570326,60.0839671612416,62.5362184678522,66.6804842209989,54.3459685401905,38.3388759452501,64.3594161805805,56.49051200816,61.1410049295478,60.2146817520976,56.058326396171
53.4924228383738,66.1419415784239,57.428808311305,52.8601860554211,61.4064514040799,57.3134733848684,54.6124765502301,66.2073762262117,36.5150458681867,68.6034397110445,53.638553958946,54.3334272534396,50.8678430500848,69.3600849570426,58.1932478796265,53.8940895082503,49.1885048806784,67.2259528787972,62.980149283952,56.8928444322677,60.70292570326,60.0839671612416,62.5362184678522,66.6804842209989,54.3459685401905,38.3388759452501,64.3594161805805,56.49051200816,61.1410049295478,60.2146817520976,56.058326396171
53.4924228383738,66.1419415784239,57.428808311305,52.8601860554211,61.4064514040799,57.3134733848684,54.6124765502301,66.2073762262117,36.5150458681867,68.6034397110445,53.638553958946,54.3334272534396,50.8678430500848,69.3600849570426,58.1932478796265,53.8940895082503,49.1885048806784,67.2259528787972,62.980149283952,56.8928444322677,60.70292570326,60.0839671612416,62.5362184678522,66.6804842209989,54.3459685401905,38.3388759452501,64.3594161805805,56.49051200816,61.1410049295478,60.2146817520976,56.058326396171
53.4924228383738,66.1419415784239,57.428808311305,52.8601860554211,61.4064514040799,57.3134733848684,54.6124765502301,66.2073762262117,36.5150458681867,68.6034397110445,53.638553958946,54.3334272534396,50.8678430500848,69.3600849570426,58.1932478796265,53.8940895082503,49.1885048806784,67.2259528787972,62.980149283952,56.8928444322677,60.70292570326,60.0839671612416,62.5362184678522,66.6804842209989,54.3459685401905,38.3388759452501,64.3594161805805,56.49051200816,61.1410049295478,60.2146817520976,56.058326396171
53.4924228383738,66.1419415784239,57.428808311305,52.8601860554211,61.4064514040799,57.3134733848684,54.6124765502301,66.2073762262117,36.5150458681867,68.6034397110445,53.638553958946,54.3334272534396,50.8678430500848,69.3600849570426,58.1932478796265,53.8940895082503,49.1885048806784,67.2259528787972,62.980149283952,56.8928444322677,60.70292570326,60.0839671612416,62.5362184678522,66.6804842209989,54.3459685401905,38.3388759452501,64.3594161805805,56.49051200816,61.1410049295478,60.2146817520976,56.058326396171
53.4924228383738,66.1419415784239,57.428808311305,52.8601860554211,61.4064514040799,57.3134733848684,54.6124765502301,66.2073762262117,36.5150458681867,68.6034397110445,53.638553958946,54.3334272534396,50.8678430500848,69.3600849570426,58.1932478796265,53.8940895082503,49.1885048806784,67.2259528787972,62.980149283952,56.8928444322677,60.70292570326,60.0839671612416,62.5362184678522,66.6804842209989,54.3459685401905,38.3388759452501,64.3594161805805,56.49051200816,61.1410049295478,60.2146817520976,56.058326396171
53.4924228383738,66.1419415784239,57.428808311305,52.8601860554211,61.4064514040799,57.3134733848684,54.6124765502301,66.2073762262117,36.5150458681867,68.6034397110445,53.638553958946,54.3334272534396,50.8678430500848,69.3600849570426,58.1932478796265,53.8940895082503,49.1885048806784,67.2259528787972,62.980149283952,56.8928444322677,60.70292570326,60.0839671612416,62.5362184678522,66.6804842209989,54.3459685401905,38.3388759452501,64.3594161805805,56.49051200816,61.1410049295478,60.2146817520976,56.058326396171
53.4924228383738,66.1419415784239,57.428808311305,52.8601860554211,61.4064514040799,57.3134733848684,54.6124765502301,66.2073762262117,36.5150458681867,68.6034397110445,53.638553958946,54.3334272534396,50.8678430500848,69.3600849570426,58.1932478796265,53.8940895082503,49.1885048806784,67.2259528787972,62.980149283952,56.8928444322677,60.70292570326,60.0839671612416,62.5362184678522,66.8899797616409,54.3459685401905,38.3388759452501,64.3594161805805,56.49051200816,61.1410049295478,60.2146817520976,56.058326396171
53.4924228383738,66.1419415784239,57.428808311305,52.8601860554211,61.4064514040799,57.3134733848684,54.6124765502301,66.2073762262117,36.5150458681867,68.6034397110445,53.638553958946,54.3334272534396,50.8678430500848,69.3600849570426,58.1932478796265,53.8940895082503,49.1885048806784,67.2259528787972,62.980149283952,56.8928444322677,60.70292570326,60.0839671612416,62.5362184678522,66.8899797616409,54.3459685401905,38.3388759452501,64.3594161805805,56.49051200816,61.1410049295478,60.2146817520976,56.058326396171
53.4924228383738,66.1419415784239,57.428808311305,52.8601860554211,61.4064514040799,57.3134733848684,54.6124765502301,66.2073762262117,36.5150458681867,68.6034397110445,53.638553958946,54.3334272534396,50.8678430500848,69.3600849570426,58.1932478796265,53.8940895082503,49.1885048806784,67.2259528787972,62.980149283952,56.8928444322677,60.70292570326,60.0839671612416,62.5362184678522,66.8899797616409,54.3459685401905,38.3388759452501,64.3594161805805,56.49051200816,61.1410049295478,60.2146817520976,56.058326396171
53.4924228383738,66.1419415784239,57.428808311305,52.8601860554211,61.4064514040799,57.3134733848684,54.6124765502301,66.2073762262117,36.5150458681867,68.6034397110445,53.638553958946,54.3334272534396,50.8678430500848,69.3600849570426,58.1932478796265,53.8940895082503,49.1885048806784,67.2259528787972,62.980149283952,56.8928444322677,60.70292570326,60.1076130112385,62.5362184678522,66.8899797616409,54.3459685401905,38.3388759452501,64.3594161805805,56.49051200816,65.3202457244466,60.2146817520976,56.058326396171
53.4924228383738,66.1419415784239,57.428808311305,52.8601860554211,61.4064514040799,57.3134733848684,54.6124765502301,66.2073762262117,36.5150458681867,68.6034397110445,53.638553958946,54.3334272534396,50.8678430500848,69.3600849570426,58.1932478796265,53.8940895082503,49.1885048806784,67.2259528787972,62.980149283952,56.8928444322677,60.70292570326,60.1076130112385,62.5362184678522,66.8899797616409,54.3459685401905,38.3388759452501,64.3594161805805,56.49051200816,65.3202457244466,60.2146817520976,56.4621040196382
53.4924228383738,66.1419415784239,57.428808311305,52.8601860554211,61.4064514040799,57.3134733848684,54.6124765502301,66.2073762262117,36.5150458681867,68.6034397110445,53.638553958946,54.3334272534396,50.8678430500848,69.3600849570426,58.1932478796265,53.8940895082503,49.1885048806784,67.2259528787972,62.980149283952,56.8928444322677,60.70292570326,60.1076130112385,62.5362184678522,66.8899797616409,54.3459685401905,38.3388759452501,64.3594161805805,56.49051200816,65.3202457244466,60.2146817520976,56.4621040196382
53.4924228383738,66.1419415784239,57.428808311305,52.8601860554211,61.4064514040799,57.3134733848684,54.6222100881176,66.2073762262117,36.5150458681867,68.6034397110445,53.638553958946,54.3334272534396,50.8678430500848,69.3600849570426,58.1932478796265,53.8940895082503,49.1885048806784,67.2259528787972,62.980149283952,56.8928444322677,60.70292570326,60.1076130112385,62.5362184678522,66.8899797616409,54.3459685401905,38.3388759452501,64.3594161805805,56.49051200816,65.3202457244466,60.2146817520976,56.4621040196382
53.4924228383738,66.1419415784239,57.428808311305,52.8601860554211,61.4064514040799,57.3134733848684,54.6222100881176,66.2073762262117,36.5150458681867,68.6034397110445,53.638553958946,54.3334272534396,50.8678430500848,69.3600849570426,58.1932478796265,53.8940895082503,49.1885048806784,67.2259528787972,63.4497680461406,56.8928444322677,60.70292570326,60.1076130112385,62.5362184678522,66.8899797616409,54.3459685401905,38.3388759452501,64.3594161805805,56.49051200816,65.3202457244466,60.2146817520976,56.4621040196382
53.4924228383738,66.1419415784239,57.428808311305,52.8601860554211,61.4064514040799,57.3134733848684,54.6222100881176,66.2073762262117,36.5150458681867,68.6034397110445,53.638553958946,54.3334272534396,50.8678430500848,69.3600849570426,58.1932478796265,53.8940895082503,49.1885048806784,67.2259528787972,63.4497680461406,56.8928444322677,60.70292570326,60.1076130112385,62.5362184678522,66.8899797616409,54.3459685401905,38.3388759452501,64.3594161805805,56.49051200816,65.3202457244466,60.2146817520976,56.4621040196382
53.4924228383738,66.1419415784239,57.428808311305,52.8601860554211,61.4064514040799,57.3134733848684,54.6222100881176,66.2073762262117,36.5150458681867,68.6034397110445,53.638553958946,54.3334272534396,50.8678430500848,69.3600849570426,58.1932478796265,53.8940895082503,49.1885048806784,67.2259528787972,63.4497680461406,56.8928444322677,60.70292570326,60.1076130112385,62.5362184678522,66.8899797616409,54.3459685401905,38.3388759452501,64.3594161805805,56.49051200816,65.3202457244466,60.2146817520976,56.4621040196382
53.4924228383738,66.1419415784239,57.428808311305,52.8601860554211,61.4064514040799,57.3134733848684,54.6222100881176,66.2073762262117,36.5150458681867,68.6034397110445,53.638553958946,54.3334272534396,50.8678430500848,69.3600849570426,58.1932478796265,53.8940895082503,49.1885048806784,67.2259528787972,63.4497680461406,56.8928444322677,60.70292570326,60.1076130112385,62.5362184678522,66.8899797616409,54.3459685401905,38.3388759452501,64.3594161805805,56.49051200816,65.3202457244466,60.2146817520976,56.4621040196382
53.4924228383738,66.1419415784239,57.428808311305,52.8601860554211,61.4064514040799,57.3134733848684,54.6222100881176,66.2073762262117,36.5150458681867,68.6034397110445,53.638553958946,54.3334272534396,50.8678430500848,69.3600849570426,58.1932478796265,53.8940895082503,49.1885048806784,67.2259528787972,63.4497680461406,56.8928444322677,60.70292570326,60.1076130112385,62.5362184678522,66.8899797616409,54.3459685401905,38.3388759452501,64.3594161805805,56.49051200816,65.3202457244466,60.2146817520976,56.4621040196382
53.4924228383738,66.1419415784239,57.428808311305,52.8601860554211,61.4064514040799,57.3134733848684,54.6222100881176,66.2073762262117,36.5150458681867,68.6034397110445,53.638553958946,54.3334272534396,50.8678430500848,69.3600849570426,58.1932478796265,53.8940895082503,49.1885048806784,67.2259528787972,63.4497680461406,56.8928444322677,60.70292570326,60.1076130112385,62.5362184678522,66.8899797616409,54.3459685401905,38.3388759452501,64.3594161805805,56.49051200816,65.3202457244466,60.2146817520976,56.4621040196382
53.4924228383738,66.1419415784239,57.428808311305,52.8601860554211,61.4064514040799,57.3134733848684,54.6222100881176,66.2073762262117,36.5150458681867,68.6034397110445,53.638553958946,54.3334272534396,50.8678430500848,69.3600849570426,58.1932478796265,53.8940895082503,49.1885048806784,67.2259528787972,63.4497680461406,56.8928444322677,60.70292570326,60.1076130112385,62.5362184678522,66.8899797616409,54.3459685401905,38.3388759452501,64.3594161805805,56.49051200816,65.3202457244466,60.2146817520976,56.70508378642
53.4924228383738,66.1419415784239,57.428808311305,52.8601860554211,61.4064514040799,57.3134733848684,54.6222100881176,66.2073762262117,36.5150458681867,68.6034397110445,53.638553958946,54.3334272534396,50.8678430500848,69.3600849570426,58.1932478796265,53.8940895082503,49.1885048806784,67.2259528787972,63.4497680461406,56.8928444322677,60.70292570326,60.1076130112385,62.5362184678522,66.8899797616409,54.3459685401905,38.3388759452501,64.3594161805805,56.49051200816,65.3202457244466,60.2146817520976,56.70508378642
53.4924228383738,66.1419415784239,57.428808311305,52.8601860554211,61.4064514040799,57.3134733848684,54.6222100881176,66.2073762262117,36.5150458681867,68.6034397110445,53.638553958946,54.3334272534396,50.8678430500848,69.3634616342465,58.1932478796265,53.8940895082503,49.1885048806784,67.2259528787972,63.4497680461406,56.8928444322677,60.70292570326,60.1076130112385,62.5362184678522,66.8899797616409,54.3459685401905,38.3388759452501,64.3594161805805,56.49051200816,65.3202457244466,60.2146817520976,56.70508378642
53.4924228383738,66.1419415784239,57.428808311305,52.8601860554211,61.4064514040799,57.3134733848684,54.6222100881176,66.2073762262117,36.5150458681867,68.6034397110445,53.638553958946,54.3334272534396,50.8678430500848,69.3634616342465,58.1932478796265,53.8940895082503,49.1885048806784,67.2259528787972,63.4497680461406,56.8928444322677,61.1838437143544,60.1076130112385,62.5362184678522,66.8899797616409,54.3459685401905,38.3388759452501,64.3594161805805,56.49051200816,65.3202457244466,60.2146817520976,56.70508378642
53.4924228383738,66.1419415784239,57.428808311305,52.8601860554211,61.4064514040799,57.3134733848684,54.6222100881176,66.2073762262117,36.5150458681867,68.6034397110445,53.638553958946,54.3334272534396,50.8678430500848,69.3634616342465,58.1932478796265,53.8940895082503,49.1885048806784,67.2259528787972,63.4497680461406,56.8928444322677,61.1838437143544,60.1076130112385,62.5362184678522,66.8899797616409,54.3459685401905,38.3388759452501,64.3594161805805,56.49051200816,65.3202457244466,60.2146817520976,56.70508378642
53.4924228383738,66.1419415784239,57.428808311305,52.8601860554211,61.4064514040799,57.3134733848684,54.6222100881176,66.2073762262117,36.5150458681867,68.6034397110445,53.638553958946,54.3334272534396,50.8678430500848,69.3634616342465,58.1932478796265,53.8940895082503,49.1885048806784,67.2259528787972,63.4497680461406,56.8928444322677,61.1838437143544,60.1076130112385,62.5362184678522,66.8899797616409,54.3459685401905,38.3388759452501,64.3594161805805,56.49051200816,65.3202457244466,60.2146817520976,56.70508378642
53.4924228383738,66.1419415784239,57.428808311305,52.8601860554211,61.4064514040799,57.3134733848684,54.6222100881176,66.2073762262117,36.5150458681867,68.6034397110445,53.638553958946,54.3334272534396,50.8678430500848,69.3634616342465,58.1932478796265,53.8940895082503,49.1885048806784,67.2259528787972,63.4497680461406,56.8928444322677,61.1838437143544,60.1076130112385,62.5362184678522,66.8899797616409,54.3459685401905,38.3388759452501,64.3594161805805,56.4951200018177,65.3202457244466,60.2146817520976,56.70508378642
53.4924228383738,66.1419415784239,57.428808311305,52.8601860554211,61.4064514040799,57.3134733848684,54.6222100881176,66.2073762262117,36.5150458681867,68.6034397110445,53.638553958946,54.3334272534396,50.8678430500848,69.3634616342465,58.1932478796265,53.8940895082503,49.1885048806784,67.2259528787972,63.4497680461406,56.8928444322677,61.1838437143544,60.1076130112385,62.5362184678522,66.8899797616409,54.3459685401905,38.3388759452501,64.3594161805805,56.4951200018177,65.3202457244466,60.2146817520976,56.70508378642
53.4924228383738,66.1419415784239,57.428808311305,52.8601860554211,61.4064514040799,57.3134733848684,54.6222100881176,66.2073762262117,36.5150458681867,68.6034397110445,53.638553958946,54.3334272534396,50.8678430500848,69.3634616342465,58.1932478796265,53.8940895082503,49.1885048806784,67.9929699419572,63.4497680461406,56.8928444322677,61.1838437143544,60.1076130112385,62.5362184678522,66.8899797616409,54.3459685401905,38.3388759452501,64.3594161805805,56.4951200018177,65.3202457244466,60.2146817520976,56.70508378642
53.4924228383738,66.1419415784239,57.428808311305,52.8601860554211,61.4064514040799,57.3134733848684,54.6222100881176,66.2073762262117,36.5150458681867,68.6034397110445,53.638553958946,54.3334272534396,50.8678430500848,69.3634616342465,58.1932478796265,53.8940895082503,49.1885048806784,67.9929699419572,63.4497680461406,56.8928444322677,61.1838437143544,60.1076130112385,62.5362184678522,67.1485707211618,54.3459685401905,38.3388759452501,64.3594161805805,56.4951200018177,65.3202457244466,60.4019595488624,56.70508378642
53.4924228383738,66.1419415784239,57.428808311305,52.8601860554211,61.4064514040799,57.3134733848684,54.6222100881176,66.2073762262117,36.5150458681867,68.6034397110445,53.638553958946,54.3334272534396,50.8678430500848,69.3634616342465,58.1932478796265,53.8940895082503,49.1885048806784,67.9929699419572,63.4497680461406,56.8928444322677,61.1838437143544,60.1076130112385,62.5362184678522,67.1485707211618,54.3459685401905,38.3388759452501,64.3594161805805,56.4951200018177,65.3202457244466,60.4019595488624,56.70508378642
53.4924228383738,66.1419415784239,57.428808311305,52.8601860554211,61.4064514040799,57.3134733848684,54.6222100881176,66.3754632720454,36.5150458681867,68.6034397110445,53.638553958946,54.3334272534396,50.8678430500848,69.3634616342465,58.1932478796265,53.8940895082503,49.1885048806784,67.9929699419572,63.4497680461406,56.8928444322677,61.1838437143544,60.1076130112385,62.5362184678522,67.1485707211618,54.3459685401905,38.3388759452501,64.3594161805805,56.4951200018177,65.3202457244466,60.4019595488624,56.70508378642
53.4924228383738,66.1419415784239,57.428808311305,52.8601860554211,61.4064514040799,57.3134733848684,54.6222100881176,66.3754632720454,36.5150458681867,68.6034397110445,53.638553958946,54.3334272534396,50.8678430500848,69.3634616342465,58.1932478796265,53.8940895082503,49.1885048806784,67.9929699419572,63.4497680461406,56.8928444322677,61.1838437143544,60.2761731737545,62.5362184678522,67.1485707211618,54.3459685401905,38.3388759452501,64.3594161805805,56.4951200018177,65.3202457244466,60.4019595488624,56.70508378642
53.4924228383738,66.1419415784239,57.428808311305,52.8601860554211,61.4064514040799,57.3134733848684,54.6222100881176,66.3754632720454,36.5150458681867,68.6034397110445,53.638553958946,54.3334272534396,50.8678430500848,69.3634616342465,58.1932478796265,53.8940895082503,49.1885048806784,67.9929699419572,63.4497680461406,56.8928444322677,61.1838437143544,60.2761731737545,62.5362184678522,67.1485707211618,54.3459685401905,38.3388759452501,64.3594161805805,56.4951200018177,65.3202457244466,60.4019595488624,56.70508378642
53.4924228383738,66.1419415784239,57.428808311305,52.8601860554211,61.4064514040799,57.3134733848684,54.6222100881176,66.3754632720454,36.5150458681867,68.6034397110445,53.638553958946,54.3334272534396,50.8678430500848,69.3634616342465,58.1932478796265,53.8940895082503,49.1885048806784,67.9929699419572,63.4497680461406,56.8928444322677,61.1838437143544,60.2761731737545,62.5362184678522,67.1485707211618,54.3459685401905,38.3388759452501,64.3594161805805,56.4951200018177,65.3202457244466,60.4019595488624,56.70508378642
53.4924228383738,66.1419415784239,57.428808311305,53.2635436714773,61.4064514040799,57.3134733848684,54.6222100881176,66.3754632720454,36.5150458681867,68.6034397110445,53.638553958946,54.3334272534396,50.8678430500848,69.3634616342465,58.1932478796265,53.8940895082503,49.1885048806784,67.9929699419572,63.4497680461406,56.8928444322677,61.1838437143544,60.2761731737545,62.5362184678522,67.1485707211618,54.3459685401905,38.3388759452501,64.3594161805805,56.4951200018177,65.3202457244466,60.4019595488624,56.70508378642
53.4924228383738,66.1419415784239,57.428808311305,53.2635436714773,61.4064514040799,57.3134733848684,54.6222100881176,66.3754632720454,36.5150458681867,68.6034397110445,53.638553958946,54.3334272534396,50.8678430500848,69.3634616342465,58.1932478796265,53.8940895082503,49.1885048806784,67.9929699419572,63.4497680461406,56.8928444322677,61.1838437143544,60.2761731737545,62.5362184678522,67.1485707211618,54.3459685401905,38.3388759452501,64.3594161805805,56.4951200018177,65.3202457244466,60.4019595488624,56.70508378642
53.4924228383738,66.1419415784239,57.428808311305,53.2635436714773,61.4064514040799,57.3134733848684,54.6222100881176,66.3754632720454,36.5150458681867,68.6034397110445,53.638553958946,54.3334272534396,50.8678430500848,69.3634616342465,58.1932478796265,53.8940895082503,49.1885048806784,67.9929699419572,63.4497680461406,56.8928444322677,61.1838437143544,60.2761731737545,62.5362184678522,67.1485707211618,54.3459685401905,38.3388759452501,64.3594161805805,56.4951200018177,65.3202457244466,60.4019595488624,56.70508378642
53.4924228383738,66.1419415784239,57.428808311305,53.2635436714773,61.4064514040799,57.3134733848684,54.6346316460264,66.3754632720454,36.5150458681867,68.6034397110445,53.638553958946,54.3334272534396,50.8678430500848,69.3634616342465,58.1932478796265,53.8940895082503,49.1885048806784,67.9929699419572,63.4497680461406,56.8928444322677,61.1838437143544,60.2761731737545,62.5362184678522,67.1485707211618,54.3459685401905,38.3388759452501,64.3594161805805,56.4951200018177,65.3202457244466,60.4019595488624,56.70508378642
53.4924228383738,66.1419415784239,57.428808311305,53.2635436714773,61.4064514040799,57.3134733848684,54.6346316460264,66.3754632720454,36.5150458681867,68.6034397110445,53.638553958946,54.3334272534396,50.8678430500848,69.3634616342465,58.1932478796265,53.8940895082503,49.1885048806784,67.9929699419572,63.4497680461406,56.8928444322677,61.1838437143544,60.2761731737545,62.5362184678522,67.1485707211618,54.3459685401905,38.3388759452501,64.3594161805805,56.4951200018177,65.3202457244466,60.4019595488624,56.70508378642
53.4924228383738,66.1419415784239,57.428808311305,53.2635436714773,61.4064514040799,57.3134733848684,54.6346316460264,66.3754632720454,36.5150458681867,68.6034397110445,53.638553958946,54.3334272534396,50.8678430500848,69.3634616342465,58.1932478796265,53.8940895082503,49.1885048806784,67.9929699419572,63.4497680461406,56.8928444322677,61.1838437143544,60.2761731737545,62.5362184678522,67.1485707211618,54.3459685401905,38.3388759452501,64.3594161805805,56.4951200018177,65.3202457244466,60.4019595488624,57.0722424510133
53.4924228383738,66.1419415784239,57.428808311305,53.2635436714773,61.4064514040799,57.3134733848684,54.6346316460264,66.3754632720454,36.5150458681867,68.6034397110445,53.638553958946,54.3334272534396,50.8678430500848,69.3634616342465,58.1932478796265,53.8940895082503,49.1885048806784,67.9929699419572,63.4497680461406,56.8928444322677,61.1838437143544,60.2761731737545,62.5362184678522,67.1485707211618,54.3459685401905,38.3388759452501,64.3594161805805,56.4951200018177,65.3202457244466,60.4019595488624,57.0722424510133
53.4924228383738,66.1419415784239,57.428808311305,53.2635436714773,61.4064514040799,57.3134733848684,54.6346316460264,66.3754632720454,36.5150458681867,68.6034397110445,53.638553958946,54.3334272534396,50.8678430500848,69.3634616342465,58.1932478796265,53.8940895082503,49.1885048806784,67.9929699419572,63.4497680461406,56.8928444322677,61.1838437143544,60.2761731737545,62.5362184678522,67.1485707211618,54.3459685401905,38.3388759452501,64.3594161805805,56.4951200018177,66.1037773796758,60.4019595488624,57.0722424510133
53.4924228383738,66.1419415784239,57.428808311305,53.2635436714773,61.4064514040799,57.3134733848684,54.6346316460264,66.3754632720454,36.5150458681867,68.6034397110445,53.638553958946,54.3334272534396,50.8678430500848,69.3634616342465,58.1932478796265,53.8940895082503,49.1885048806784,67.9929699419572,63.4497680461406,57.8653008911001,61.1838437143544,60.2761731737545,62.5362184678522,67.1485707211618,54.3459685401905,38.3388759452501,64.3594161805805,56.4951200018177,66.1037773796758,60.4019595488624,57.0722424510133
53.4924228383738,66.1419415784239,57.428808311305,53.2635436714773,61.4064514040799,57.3134733848684,54.6346316460264,66.3754632720454,36.5150458681867,68.6034397110445,53.638553958946,54.3334272534396,50.8678430500848,69.3634616342465,58.1932478796265,53.8940895082503,49.1885048806784,67.9929699419572,63.4497680461406,57.8653008911001,61.1838437143544,60.2761731737545,62.5362184678522,67.1485707211618,54.3459685401905,38.3388759452501,64.3594161805805,56.4951200018177,66.1037773796758,60.4019595488624,57.0722424510133
53.4924228383738,66.1419415784239,57.428808311305,53.2635436714773,61.4064514040799,57.3134733848684,54.6346316460264,66.3754632720454,36.5150458681867,68.6034397110445,53.638553958946,54.3334272534396,50.8678430500848,69.3634616342465,58.1932478796265,53.8940895082503,49.1885048806784,67.9929699419572,63.4497680461406,57.8653008911001,61.1838437143544,60.2761731737545,62.5362184678522,67.1485707211618,54.3459685401905,38.3388759452501,64.3594161805805,56.4951200018177,66.1037773796758,60.4019595488624,57.0722424510133
53.4924228383738,66.1419415784239,57.428808311305,53.2635436714773,61.4064514040799,57.3134733848684,54.6346316460264,66.3754632720454,36.5150458681867,68.6034397110445,53.638553958946,54.3334272534396,50.8678430500848,69.3634616342465,58.1932478796265,53.8940895082503,49.1885048806784,67.9929699419572,63.4497680461406,57.8653008911001,61.1838437143544,60.2761731737545,62.5362184678522,67.1485707211618,54.3459685401905,38.3388759452501,64.3594161805805,56.4951200018177,66.1037773796758,60.4019595488624,57.0722424510133
53.4924228383738,66.1419415784239,57.428808311305,53.2635436714773,61.4064514040799,57.3134733848684,54.6346316460264,66.3754632720454,36.5150458681867,68.6034397110445,54.4644364421062,54.3334272534396,50.8986412787848,69.3634616342465,58.1932478796265,53.8940895082503,49.1885048806784,67.9929699419572,63.4497680461406,57.8653008911001,61.1838437143544,60.2761731737545,62.5362184678522,67.1485707211618,54.3459685401905,38.3388759452501,64.3594161805805,56.6455830530206,66.1037773796758,60.4019595488624,57.0722424510133
53.4924228383738,66.1419415784239,57.428808311305,53.2635436714773,61.4064514040799,57.3134733848684,54.6346316460264,66.3754632720454,36.5150458681867,68.6034397110445,54.4644364421062,54.3334272534396,50.8986412787848,69.3634616342465,58.1932478796265,53.8940895082503,49.1885048806784,67.9929699419572,63.4497680461406,57.8653008911001,61.1838437143544,60.2761731737545,62.5362184678522,67.1485707211618,54.3459685401905,38.3388759452501,64.3594161805805,56.6455830530206,66.1037773796758,60.4019595488624,57.0722424510133
53.4924228383738,66.1419415784239,57.428808311305,53.2635436714773,61.4064514040799,57.3134733848684,54.6346316460264,66.3754632720454,36.5150458681867,68.6034397110445,54.4644364421062,54.3334272534396,50.8986412787848,69.3634616342465,58.1932478796265,53.8940895082503,49.1885048806784,67.9929699419572,63.4497680461406,57.8653008911001,61.1838437143544,60.2761731737545,62.5362184678522,67.1485707211618,54.3459685401905,38.3388759452501,64.3594161805805,56.6455830530206,66.1037773796758,60.4019595488624,57.0722424510133
53.4924228383738,66.1419415784239,57.428808311305,53.2635436714773,61.4064514040799,57.3134733848684,54.6346316460264,66.3754632720454,36.5150458681867,68.6034397110445,54.4644364421062,54.3334272534396,50.8986412787848,69.3634616342465,58.1932478796265,53.8940895082503,49.1885048806784,67.9929699419572,63.4497680461406,57.8653008911001,61.1838437143544,60.2761731737545,62.5362184678522,67.1485707211618,54.3459685401905,38.3388759452501,64.3594161805805,56.6455830530206,66.1037773796758,60.4019595488624,57.0722424510133
53.4924228383738,66.1419415784239,57.428808311305,53.2635436714773,61.4064514040799,57.3134733848684,54.6346316460264,66.3754632720454,36.5150458681867,68.6034397110445,54.4644364421062,54.3334272534396,50.8986412787848,69.3634616342465,58.1932478796265,53.8940895082503,49.1885048806784,67.9929699419572,63.4497680461406,57.8653008911001,61.1838437143544,60.2761731737545,62.5362184678522,67.1485707211618,54.3459685401905,38.3388759452501,64.3594161805805,56.6455830530206,66.1037773796758,60.4019595488624,57.0722424510133
53.4924228383738,66.1419415784239,57.428808311305,53.2635436714773,61.4064514040799,57.3134733848684,54.6346316460264,66.7484391067402,36.5150458681867,68.6034397110445,54.4644364421062,54.3334272534396,50.8986412787848,69.3634616342465,58.1932478796265,53.8940895082503,49.1885048806784,67.9929699419572,63.4497680461406,57.8653008911001,61.1838437143544,60.2761731737545,62.5362184678522,67.1485707211618,54.3459685401905,38.3388759452501,64.3594161805805,56.6455830530206,66.1037773796758,60.4019595488624,57.0722424510133
53.4924228383738,66.1419415784239,57.428808311305,53.2635436714773,61.4064514040799,57.3134733848684,54.6346316460264,66.7484391067402,36.5150458681867,68.6034397110445,54.4644364421062,54.3334272534396,50.8986412787848,69.3634616342465,58.1932478796265,53.8940895082503,49.1885048806784,67.9929699419572,63.4497680461406,57.8653008911001,61.1838437143544,60.2761731737545,62.5362184678522,67.1485707211618,54.3459685401905,38.3388759452501,64.3594161805805,56.6455830530206,66.1037773796758,60.4019595488624,57.0722424510133
53.4924228383738,66.1419415784239,57.428808311305,53.2635436714773,61.4064514040799,57.3134733848684,54.6346316460264,66.7484391067402,41.4797495733723,68.6034397110445,54.4644364421062,54.3334272534396,50.8986412787848,69.3634616342465,58.1932478796265,53.8940895082503,49.1885048806784,67.9929699419572,63.4497680461406,57.8653008911001,61.1838437143544,60.2761731737545,62.5362184678522,67.1485707211618,54.3459685401905,38.3388759452501,64.3594161805805,56.6455830530206,66.1037773796758,60.4019595488624,57.0722424510133
53.4924228383738,66.1419415784239,57.428808311305,53.2635436714773,61.4064514040799,57.3134733848684,54.6346316460264,66.7484391067402,41.4797495733723,68.6034397110445,54.4644364421062,54.3334272534396,50.8986412787848,69.3634616342465,58.1932478796265,53.8940895082503,49.223537137175,67.9929699419572,63.4497680461406,57.8653008911001,61.1838437143544,60.2761731737545,62.5362184678522,67.1485707211618,54.3459685401905,38.3388759452501,64.3594161805805,56.6455830530206,66.1037773796758,60.4019595488624,57.0722424510133
53.4924228383738,66.1419415784239,57.428808311305,53.2635436714773,61.4064514040799,57.3134733848684,54.6346316460264,66.7484391067402,41.4797495733723,68.6034397110445,54.4644364421062,54.3334272534396,50.8986412787848,69.3634616342465,58.1932478796265,53.8940895082503,49.223537137175,67.9929699419572,63.4497680461406,57.8653008911001,61.1838437143544,60.2761731737545,62.5362184678522,67.1485707211618,54.3459685401905,38.3388759452501,64.3594161805805,56.6455830530206,66.1037773796758,60.4019595488624,57.0722424510133
53.4924228383738,66.1419415784239,57.428808311305,53.2635436714773,61.4064514040799,57.3134733848684,54.6346316460264,66.7484391067402,41.4797495733723,68.6034397110445,54.4644364421062,54.3334272534396,50.8986412787848,69.3634616342465,58.1932478796265,53.8940895082503,49.223537137175,67.9929699419572,63.4497680461406,57.8653008911001,61.1838437143544,60.2761731737545,62.5362184678522,67.1485707211618,54.3459685401905,38.3388759452501,64.3594161805805,56.6455830530206,66.1037773796758,60.4019595488624,57.0722424510133
53.4924228383738,66.1419415784239,57.428808311305,53.2635436714773,61.4064514040799,57.3134733848684,54.6346316460264,66.7484391067402,41.4797495733723,68.6034397110445,54.4644364421062,54.3334272534396,50.8986412787848,69.3634616342465,58.1932478796265,53.8940895082503,49.223537137175,67.9929699419572,63.4497680461406,57.8653008911001,61.1838437143544,60.2761731737545,62.5362184678522,67.1485707211618,54.3459685401905,38.3388759452501,64.3594161805805,56.6455830530206,66.1037773796758,60.4019595488624,57.0722424510133
53.4924228383738,66.1419415784239,57.428808311305,53.2635436714773,61.4064514040799,57.3134733848684,54.6346316460264,66.7484391067402,41.4797495733723,68.6034397110445,54.4644364421062,54.3334272534396,50.8986412787848,69.3634616342465,58.1932478796265,53.8940895082503,49.223537137175,67.9929699419572,63.4497680461406,57.8653008911001,61.1838437143544,60.2761731737545,62.5362184678522,67.1485707211618,54.3459685401905,38.3388759452501,64.3594161805805,56.6455830530206,66.1037773796758,60.4019595488624,57.0722424510133
53.4924228383738,66.1419415784239,57.428808311305,53.2635436714773,61.4064514040799,57.3134733848684,54.6346316460264,66.7484391067402,41.4797495733723,68.6034397110445,54.4644364421062,54.3334272534396,50.8986412787848,69.3634616342465,58.1932478796265,53.8940895082503,49.223537137175,67.9929699419572,63.4497680461406,57.8653008911001,61.1838437143544,60.2761731737545,62.5362184678522,67.1485707211618,54.3459685401905,38.3388759452501,64.3594161805805,56.6455830530206,66.1037773796758,60.4019595488624,57.0722424510133
53.4924228383738,66.1419415784239,57.428808311305,53.2635436714773,61.4064514040799,57.3134733848684,54.6346316460264,66.7484391067402,41.4797495733723,68.6034397110445,54.4644364421062,54.3334272534396,50.8986412787848,69.3634616342465,58.1932478796265,53.8940895082503,49.223537137175,67.9929699419572,63.4497680461406,57.8653008911001,61.1838437143544,60.2761731737545,62.5362184678522,67.1485707211618,54.3459685401905,38.3388759452501,64.3594161805805,56.6455830530206,66.1037773796758,60.4019595488624,57.0722424510133
53.4924228383738,66.1419415784239,57.428808311305,53.2635436714773,61.4064514040799,57.3134733848684,54.6346316460264,66.7484391067402,41.4797495733723,68.6034397110445,54.4644364421062,54.3334272534396,50.8986412787848,69.3634616342465,58.1932478796265,53.8940895082503,49.223537137175,67.9929699419572,63.4497680461406,57.8653008911001,61.1838437143544,60.2761731737545,62.5362184678522,67.1485707211618,54.3459685401905,38.3388759452501,64.3594161805805,56.6455830530206,66.1037773796758,60.4019595488624,57.0722424510133
53.4924228383738,66.1419415784239,57.428808311305,53.2635436714773,61.4064514040799,57.3134733848684,54.6346316460264,66.7484391067402,41.4797495733723,68.6034397110445,54.4644364421062,54.3334272534396,50.8986412787848,69.3634616342465,58.1932478796265,53.8940895082503,49.223537137175,67.9929699419572,63.4497680461406,57.8653008911001,61.1838437143544,60.2761731737545,62.5362184678522,67.1485707211618,54.3459685401905,38.3388759452501,64.3594161805805,56.6455830530206,66.1037773796758,60.4019595488624,57.0722424510133
53.4924228383738,66.1419415784239,57.428808311305,53.2635436714773,61.4064514040799,57.3134733848684,54.6346316460264,66.7484391067402,41.4797495733723,68.6034397110445,54.4644364421062,54.3334272534396,50.8986412787848,69.3634616342465,58.1932478796265,53.8940895082503,49.223537137175,67.9929699419572,63.4497680461406,57.8653008911001,61.1838437143544,60.2761731737545,62.5362184678522,67.1485707211618,54.3459685401905,38.3388759452501,64.3594161805805,56.6455830530206,66.1037773796758,60.4019595488624,57.0722424510133
53.4924228383738,66.1419415784239,57.428808311305,53.2635436714773,61.4064514040799,57.3134733848684,54.6346316460264,66.7484391067402,44.2639492631629,68.6034397110445,54.4644364421062,54.3334272534396,50.8986412787848,69.3634616342465,58.1932478796265,53.8940895082503,49.223537137175,67.9929699419572,63.4497680461406,57.8653008911001,61.1838437143544,60.2761731737545,62.5362184678522,67.1485707211618,54.3459685401905,38.3388759452501,64.3594161805805,56.6455830530206,66.1037773796758,60.4019595488624,57.0722424510133
53.4924228383738,66.1419415784239,58.2966556427265,53.2635436714773,61.4064514040799,57.3134733848684,54.6346316460264,66.7484391067402,44.2639492631629,68.6034397110445,54.4644364421062,54.3334272534396,50.8986412787848,69.3634616342465,58.1932478796265,53.8940895082503,49.223537137175,67.9929699419572,63.4497680461406,57.8653008911001,61.1838437143544,60.2761731737545,62.5362184678522,67.1485707211618,54.3459685401905,38.3388759452501,64.3594161805805,56.6455830530206,66.1037773796758,60.4019595488624,57.0722424510133
53.4924228383738,66.1419415784239,58.2966556427265,53.2635436714773,61.4064514040799,57.3134733848684,54.6346316460264,66.7484391067402,44.2639492631629,68.6034397110445,54.4644364421062,54.3334272534396,50.8986412787848,69.3634616342465,58.1932478796265,53.8940895082503,49.223537137175,67.9929699419572,63.4497680461406,57.8653008911001,61.1838437143544,60.2761731737545,62.5362184678522,67.1485707211618,54.3459685401905,38.3388759452501,64.3594161805805,56.6497074911211,66.1037773796758,60.4019595488624,57.0722424510133
53.4924228383738,66.1419415784239,58.2966556427265,53.2635436714773,61.4064514040799,57.3134733848684,54.6346316460264,66.7484391067402,44.2639492631629,68.6034397110445,54.4644364421062,54.3334272534396,50.8986412787848,69.4364987025341,58.1932478796265,53.8940895082503,49.223537137175,67.9929699419572,63.4497680461406,57.8653008911001,61.1838437143544,60.2761731737545,62.5362184678522,67.1485707211618,54.3459685401905,38.3388759452501,64.3594161805805,56.6497074911211,66.1037773796758,60.4019595488624,57.0722424510133
53.4924228383738,66.1419415784239,58.2966556427265,53.2635436714773,61.4064514040799,57.3134733848684,54.6346316460264,66.7484391067402,44.2639492631629,68.6034397110445,55.6896619351945,54.3334272534396,50.8986412787848,69.4364987025341,58.1932478796265,53.8940895082503,49.223537137175,67.9929699419572,63.4497680461406,57.8653008911001,61.1838437143544,60.2761731737545,62.5362184678522,67.1485707211618,54.3459685401905,38.3388759452501,64.3594161805805,56.6497074911211,66.1037773796758,60.4019595488624,57.0722424510133
53.4924228383738,66.1419415784239,58.2966556427265,53.2635436714773,61.4064514040799,57.3134733848684,54.6346316460264,66.7484391067402,44.2639492631629,68.6034397110445,55.6896619351945,54.3334272534396,50.8986412787848,69.4364987025341,58.1932478796265,53.8940895082503,49.223537137175,67.9929699419572,63.4497680461406,57.8653008911001,61.1838437143544,60.2761731737545,62.5362184678522,67.1485707211618,54.3459685401905,38.3388759452501,64.3594161805805,56.6497074911211,66.1037773796758,60.4019595488624,57.0722424510133
53.4924228383738,66.1419415784239,58.2966556427265,53.2635436714773,61.4064514040799,57.3134733848684,54.6346316460264,66.7484391067402,44.2639492631629,68.6034397110445,55.6896619351945,54.3334272534396,50.8986412787848,69.4364987025341,58.1932478796265,53.8940895082503,49.223537137175,67.9929699419572,63.4497680461406,57.8653008911001,61.1838437143544,60.2761731737545,62.5362184678522,67.1485707211618,54.3459685401905,38.3388759452501,64.3594161805805,56.6497074911211,66.1037773796758,60.4019595488624,57.0722424510133
53.4924228383738,66.1419415784239,58.2966556427265,53.2635436714773,61.4064514040799,57.3134733848684,54.6346316460264,66.7484391067402,44.2639492631629,68.6034397110445,55.6896619351945,54.3334272534396,50.8986412787848,69.4364987025341,58.1932478796265,53.8940895082503,49.223537137175,67.9929699419572,63.4497680461406,57.8653008911001,61.1838437143544,60.2761731737545,62.5362184678522,67.1485707211618,54.3459685401905,38.3388759452501,64.3594161805805,56.6497074911211,66.1037773796758,60.4019595488624,57.0722424510133
53.4924228383738,66.1419415784239,58.2966556427265,53.2635436714773,61.4064514040799,57.3134733848684,54.6346316460264,66.7484391067402,44.2639492631629,68.6034397110445,55.6896619351945,54.3334272534396,50.8986412787848,69.4364987025341,58.1932478796265,53.8940895082503,49.223537137175,67.9929699419572,63.4497680461406,57.8653008911001,61.1838437143544,60.2761731737545,62.5362184678522,67.5359941472304,54.3459685401905,38.3388759452501,64.3889337714574,56.6497074911211,66.1037773796758,60.4019595488624,57.0722424510133
53.4924228383738,66.1419415784239,58.2966556427265,53.2635436714773,61.4064514040799,57.3134733848684,54.6346316460264,66.8767467138606,44.2639492631629,68.6034397110445,55.6896619351945,54.3334272534396,50.8986412787848,69.4364987025341,58.1932478796265,53.8940895082503,49.223537137175,67.9929699419572,63.4497680461406,57.8653008911001,61.1838437143544,60.2761731737545,62.5362184678522,67.5359941472304,54.3459685401905,38.3388759452501,64.3889337714574,56.6497074911211,66.1037773796758,60.4019595488624,57.0722424510133
53.4924228383738,66.1419415784239,58.2966556427265,53.2635436714773,61.4064514040799,57.3134733848684,54.6346316460264,66.8767467138606,44.2639492631629,68.6034397110445,55.6896619351945,54.3334272534396,50.8986412787848,69.4364987025341,58.1932478796265,53.8940895082503,49.223537137175,67.9929699419572,63.4497680461406,57.8653008911001,61.2175485434475,60.2761731737545,62.5362184678522,67.5359941472304,54.3459685401905,38.3388759452501,64.3889337714574,56.6497074911211,66.1037773796758,60.4019595488624,57.0722424510133
53.4924228383738,66.1419415784239,58.2966556427265,53.2635436714773,61.4064514040799,57.3134733848684,54.6346316460264,66.8767467138606,44.2639492631629,68.6034397110445,55.6896619351945,54.3334272534396,50.8986412787848,69.4364987025341,58.1932478796265,53.8940895082503,49.223537137175,67.9929699419572,63.4497680461406,57.8653008911001,61.2175485434475,60.2761731737545,62.5362184678522,67.5359941472304,54.3459685401905,38.3388759452501,64.3889337714574,56.6497074911211,66.1037773796758,60.4019595488624,57.0722424510133
53.4924228383738,66.1419415784239,58.2966556427265,53.2635436714773,61.4064514040799,57.3134733848684,54.6346316460264,66.8767467138606,44.2639492631629,68.8134366361571,55.6896619351945,54.3334272534396,50.8986412787848,69.4364987025341,58.1932478796265,53.8940895082503,49.223537137175,67.9929699419572,63.4497680461406,57.8653008911001,61.2175485434475,60.2761731737545,62.5362184678522,67.5359941472304,54.3459685401905,38.3388759452501,64.3889337714574,56.6497074911211,66.1037773796758,60.4019595488624,57.0722424510133
53.4924228383738,66.1419415784239,58.2966556427265,53.2635436714773,61.4064514040799,57.3134733848684,54.6346316460264,66.8767467138606,44.2639492631629,68.8134366361571,55.6896619351945,54.3334272534396,50.8986412787848,69.4364987025341,58.1932478796265,53.8940895082503,49.223537137175,67.9929699419572,63.4497680461406,57.8653008911001,61.2175485434475,60.2761731737545,62.5362184678522,67.5359941472304,54.3459685401905,38.3388759452501,64.3889337714574,56.6497074911211,66.1037773796758,60.4019595488624,57.0722424510133
53.4924228383738,66.1419415784239,58.2966556427265,53.2635436714773,61.4064514040799,57.3134733848684,54.6346316460264,66.8767467138606,44.2639492631629,68.8134366361571,55.6896619351945,54.3334272534396,50.8986412787848,69.5098307368202,58.1932478796265,53.8940895082503,49.223537137175,67.9929699419572,63.4497680461406,57.8653008911001,61.2175485434475,60.2761731737545,62.5362184678522,67.5359941472304,54.3459685401905,38.3388759452501,64.3889337714574,56.6497074911211,66.1037773796758,60.4019595488624,57.0722424510133
53.4924228383738,66.1419415784239,58.2966556427265,53.2635436714773,61.4064514040799,57.3134733848684,54.6346316460264,66.8767467138606,44.2639492631629,68.8134366361571,55.6896619351945,54.3334272534396,50.8986412787848,69.5098307368202,58.1932478796265,53.8940895082503,49.2351112279706,68.217360259514,63.4497680461406,57.8653008911001,61.2175485434475,60.2761731737545,62.5362184678522,67.5359941472304,54.3459685401905,38.3388759452501,64.3889337714574,56.6497074911211,66.1037773796758,60.4019595488624,57.0722424510133
53.4924228383738,66.1419415784239,58.2966556427265,53.2635436714773,61.4064514040799,57.3134733848684,54.6346316460264,66.8767467138606,44.2639492631629,68.8134366361571,55.6896619351945,54.3334272534396,50.8986412787848,69.5098307368202,58.1932478796265,53.8940895082503,49.2351112279706,68.217360259514,63.4497680461406,57.8653008911001,61.2175485434475,60.2761731737545,62.5362184678522,67.5359941472304,54.3459685401905,38.3388759452501,64.3889337714574,56.6497074911211,66.1037773796758,60.4019595488624,57.0722424510133
53.4924228383738,66.1419415784239,58.2966556427265,53.2635436714773,61.4064514040799,57.3134733848684,54.6346316460264,66.8767467138606,44.2639492631629,68.8134366361571,55.6896619351945,54.3334272534396,50.8986412787848,69.5098307368202,58.1932478796265,53.8940895082503,49.2351112279706,68.217360259514,63.4497680461406,57.8653008911001,61.2175485434475,60.2761731737545,62.5362184678522,67.5359941472304,54.3459685401905,38.3388759452501,64.3889337714574,56.6497074911211,66.1037773796758,60.4019595488624,57.0722424510133
53.4924228383738,66.1419415784239,58.2966556427265,53.2635436714773,61.4064514040799,57.3134733848684,54.6346316460264,66.8767467138606,44.2639492631629,68.8134366361571,55.6896619351945,54.3334272534396,50.8986412787848,69.5098307368202,58.1932478796265,53.8940895082503,49.2351112279706,68.217360259514,63.4497680461406,57.8653008911001,61.2175485434475,60.2761731737545,62.5362184678522,67.5359941472304,54.3459685401905,38.3388759452501,64.3889337714574,56.6497074911211,66.1037773796758,60.4019595488624,57.0722424510133
53.4924228383738,66.1419415784239,58.2966556427265,53.2635436714773,61.4064514040799,57.3134733848684,54.6346316460264,66.8767467138606,44.2639492631629,68.8134366361571,55.6896619351945,54.3334272534396,50.8986412787848,69.5098307368202,58.1932478796265,53.8940895082503,49.2351112279706,68.217360259514,63.4497680461406,57.8653008911001,61.2175485434475,60.2761731737545,62.5362184678522,67.5359941472304,54.3459685401905,38.3388759452501,64.3889337714574,56.6497074911211,66.1037773796758,60.4019595488624,57.0722424510133
53.4924228383738,66.1419415784239,58.2966556427265,53.2635436714773,61.4064514040799,57.3134733848684,54.6346316460264,66.8767467138606,44.2639492631629,68.8134366361571,55.6896619351945,54.3334272534396,50.8986412787848,69.5098307368202,58.1932478796265,53.8940895082503,49.2351112279706,68.217360259514,63.4497680461406,57.8653008911001,61.2175485434475,60.2761731737545,62.5362184678522,67.5359941472304,54.3459685401905,38.3388759452501,64.3889337714574,56.6497074911211,66.1037773796758,60.4019595488624,57.0722424510133
53.4924228383738,66.1419415784239,58.2966556427265,53.2635436714773,61.4064514040799,57.3134733848684,54.6346316460264,66.8767467138606,44.2639492631629,68.8134366361571,55.6896619351945,54.3334272534396,50.8986412787848,69.5098307368202,58.1932478796265,53.8940895082503,49.2351112279706,68.217360259514,63.4497680461406,57.8653008911001,61.2175485434475,60.2761731737545,62.5362184678522,67.5359941472304,54.3459685401905,38.3388759452501,64.3889337714574,56.6497074911211,66.1037773796758,60.4019595488624,57.0722424510133
53.4924228383738,66.1419415784239,58.2966556427265,53.2635436714773,61.4064514040799,57.3134733848684,54.6346316460264,66.8767467138606,47.1077946709595,68.8134366361571,55.6896619351945,54.3334272534396,50.8986412787848,69.5098307368202,58.1932478796265,53.8940895082503,49.2351112279706,68.217360259514,63.4497680461406,57.8653008911001,61.2175485434475,60.2761731737545,62.5362184678522,67.5359941472304,54.3459685401905,38.3388759452501,64.3889337714574,56.6497074911211,66.1037773796758,60.4019595488624,57.0722424510133
53.4924228383738,66.1419415784239,58.2966556427265,53.2635436714773,61.4064514040799,57.3134733848684,54.6346316460264,66.8767467138606,47.1077946709595,68.8134366361571,55.6896619351945,54.3334272534396,50.8986412787848,69.5098307368202,58.1932478796265,53.8940895082503,49.2351112279706,68.217360259514,63.4497680461406,57.8653008911001,61.2175485434475,60.2761731737545,62.5362184678522,67.5359941472304,54.3459685401905,38.3388759452501,64.3889337714574,56.6497074911211,66.1037773796758,60.4019595488624,57.0722424510133
53.4924228383738,66.1419415784239,58.2966556427265,53.2635436714773,61.4064514040799,57.3134733848684,54.6346316460264,66.8767467138606,47.1077946709595,68.8134366361571,55.6896619351945,54.3334272534396,50.8986412787848,69.5098307368202,58.1932478796265,53.8940895082503,49.2351112279706,68.217360259514,63.4497680461406,57.8653008911001,61.2175485434475,60.2761731737545,62.5362184678522,67.5359941472304,54.3459685401905,38.3388759452501,64.3889337714574,56.6507415876042,66.1037773796758,60.4019595488624,57.0722424510133
53.4924228383738,66.1419415784239,58.2966556427265,53.2635436714773,61.4064514040799,57.3134733848684,54.6346316460264,66.8767467138606,47.1077946709595,68.8134366361571,55.6896619351945,54.3334272534396,50.8986412787848,69.5098307368202,58.1932478796265,53.8940895082503,49.2351112279706,68.217360259514,63.4497680461406,57.8653008911001,61.2175485434475,60.2761731737545,62.5362184678522,67.5359941472304,54.3459685401905,38.3388759452501,64.3889337714574,56.6507415876042,66.1037773796758,60.4019595488624,57.0722424510133
53.4924228383738,66.1419415784239,58.2966556427265,53.2635436714773,61.4064514040799,57.3134733848684,54.6346316460264,66.8767467138606,47.1077946709595,68.8134366361571,55.6896619351945,54.3334272534396,50.8986412787848,69.5498674912406,58.1932478796265,53.8940895082503,49.2351112279706,68.217360259514,63.4497680461406,57.8653008911001,61.2175485434475,60.2761731737545,62.5362184678522,67.5359941472304,54.3459685401905,38.3388759452501,64.3889337714574,56.6507415876042,66.1037773796758,60.4019595488624,57.0722424510133
53.4924228383738,66.1419415784239,58.2966556427265,53.2635436714773,61.4064514040799,57.3134733848684,54.6346316460264,66.8767467138606,47.1077946709595,68.8134366361571,55.6896619351945,54.3334272534396,50.8986412787848,69.5498674912406,58.1932478796265,53.8940895082503,49.2351112279706,68.217360259514,63.4497680461406,57.8653008911001,61.2175485434475,60.2761731737545,62.5362184678522,67.5359941472304,54.3459685401905,38.3388759452501,64.3889337714574,56.6507415876042,66.1037773796758,60.4019595488624,57.41681820886
53.4924228383738,66.1419415784239,58.2966556427265,53.2635436714773,61.4064514040799,57.3134733848684,54.6346316460264,66.8767467138606,47.1077946709595,68.8134366361571,55.6896619351945,54.3334272534396,50.8986412787848,69.5498674912406,58.1932478796265,53.8940895082503,49.2351112279706,68.217360259514,63.4497680461406,57.8653008911001,61.2175485434475,60.2761731737545,62.5362184678522,67.5359941472304,54.3459685401905,38.3388759452501,64.3889337714574,56.6507415876042,66.1037773796758,60.4019595488624,57.41681820886
53.4924228383738,66.1419415784239,58.2966556427265,53.2635436714773,61.4064514040799,57.3134733848684,54.6346316460264,66.8767467138606,47.1077946709595,68.8134366361571,55.6896619351945,54.3334272534396,50.8986412787848,69.5498674912406,58.1932478796265,53.8940895082503,49.2351112279706,68.217360259514,63.4497680461406,57.8653008911001,61.2175485434475,60.2761731737545,62.5362184678522,67.5359941472304,54.3459685401905,38.3388759452501,64.3889337714574,56.6507415876042,66.1037773796758,60.4019595488624,57.41681820886
53.4924228383738,66.1419415784239,58.2966556427265,53.2635436714773,61.4064514040799,57.3134733848684,54.6346316460264,66.8767467138606,47.1077946709595,68.8134366361571,55.6896619351945,54.3334272534396,50.8986412787848,69.5498674912406,58.1932478796265,53.8940895082503,49.2351112279706,68.217360259514,63.4497680461406,57.8653008911001,61.2175485434475,60.2761731737545,62.5362184678522,67.5359941472304,54.3459685401905,38.3388759452501,64.3889337714574,56.6507415876042,66.1037773796758,60.4019595488624,57.41681820886
53.4924228383738,66.1419415784239,58.2966556427265,53.2635436714773,61.4064514040799,57.3134733848684,54.6346316460264,66.8767467138606,47.1077946709595,68.8134366361571,55.6896619351945,54.3334272534396,50.8986412787848,69.5498674912406,58.1932478796265,53.8940895082503,49.2351112279706,68.217360259514,63.4497680461406,57.8653008911001,61.2368411151161,60.2761731737545,62.5362184678522,67.5359941472304,54.3459685401905,38.3388759452501,64.3889337714574,56.6507415876042,66.1037773796758,60.4019595488624,57.41681820886
53.4924228383738,66.1419415784239,58.2966556427265,53.2635436714773,61.4064514040799,57.3134733848684,54.6346316460264,66.8767467138606,50.3907394498485,68.8134366361571,56.683072095101,54.3334272534396,50.8986412787848,69.5498674912406,58.1932478796265,53.8940895082503,49.2351112279706,68.217360259514,63.4497680461406,57.8653008911001,61.2368411151161,60.2761731737545,62.5362184678522,67.5359941472304,54.3459685401905,38.3388759452501,64.3889337714574,56.6507415876042,66.1037773796758,60.4019595488624,57.41681820886
53.4924228383738,66.1419415784239,58.2966556427265,53.2635436714773,61.4064514040799,57.3134733848684,54.6346316460264,66.8767467138606,50.3907394498485,68.8134366361571,56.683072095101,54.3334272534396,50.8986412787848,69.5498674912406,58.1932478796265,53.8940895082503,49.2351112279706,68.217360259514,63.4497680461406,57.8653008911001,61.2368411151161,60.2761731737545,62.5362184678522,67.5359941472304,54.3459685401905,38.3388759452501,64.3889337714574,56.6507415876042,66.1037773796758,60.4019595488624,57.41681820886
53.4924228383738,66.1419415784239,58.2966556427265,53.2635436714773,61.4064514040799,57.3134733848684,54.6346316460264,66.8767467138606,50.3907394498485,68.8134366361571,56.683072095101,54.3334272534396,50.8986412787848,69.5498674912406,58.1932478796265,53.8940895082503,49.2351112279706,68.217360259514,63.4497680461406,57.8653008911001,61.2368411151161,60.2761731737545,62.5362184678522,67.5359941472304,54.3459685401905,38.3388759452501,64.3889337714574,56.6656075396178,66.1037773796758,60.4019595488624,57.41681820886
53.4924228383738,66.1419415784239,58.2966556427265,53.2635436714773,61.4064514040799,57.3134733848684,54.6346316460264,66.8767467138606,50.3907394498485,68.8134366361571,56.683072095101,54.3334272534396,50.8986412787848,69.5498674912406,58.1932478796265,53.8940895082503,49.2351112279706,68.3888622019754,63.4497680461406,57.8653008911001,61.2368411151161,60.2761731737545,62.5362184678522,67.5359941472304,54.3459685401905,38.3388759452501,64.3889337714574,56.6656075396178,66.1037773796758,60.4019595488624,57.41681820886
53.4924228383738,66.1419415784239,58.2966556427265,53.2635436714773,61.4064514040799,57.3134733848684,54.6346316460264,66.8767467138606,50.3907394498485,68.8134366361571,56.683072095101,54.3334272534396,50.8986412787848,69.5498674912406,58.1932478796265,53.8940895082503,49.2351112279706,68.3888622019754,63.4497680461406,57.8653008911001,61.2368411151161,60.2761731737545,62.5362184678522,67.5359941472304,54.3459685401905,38.3388759452501,64.3889337714574,56.6656075396178,66.1037773796758,60.4019595488624,57.41681820886
53.4924228383738,66.1419415784239,58.2966556427265,53.2635436714773,61.4064514040799,57.3134733848684,54.6346316460264,66.8767467138606,50.3907394498485,68.8134366361571,56.683072095101,54.3334272534396,50.8986412787848,69.5682848352583,58.1932478796265,53.8940895082503,49.2351112279706,68.3888622019754,63.4497680461406,57.8653008911001,61.2368411151161,60.2761731737545,62.5362184678522,67.5359941472304,54.3459685401905,38.3388759452501,64.3889337714574,56.6656075396178,66.1037773796758,60.4019595488624,57.41681820886
53.4924228383738,66.1419415784239,58.2966556427265,53.2635436714773,61.4064514040799,57.3134733848684,54.6346316460264,66.8767467138606,50.3907394498485,68.8134366361571,56.683072095101,54.3334272534396,50.8986412787848,69.5682848352583,58.1932478796265,53.8940895082503,49.2351112279706,68.3888622019754,63.4497680461406,57.8653008911001,61.2368411151161,60.2761731737545,62.5362184678522,67.5359941472304,54.3459685401905,38.3388759452501,64.3889337714574,56.6656075396178,66.1037773796758,60.4896068700369,57.41681820886
53.4924228383738,66.1419415784239,58.2966556427265,53.2635436714773,61.4064514040799,57.3134733848684,54.6346316460264,66.8767467138606,50.3907394498485,68.8134366361571,56.683072095101,54.3334272534396,50.8986412787848,69.5682848352583,58.1932478796265,53.8940895082503,49.2351112279706,68.3888622019754,63.4497680461406,57.8653008911001,61.2368411151161,60.2761731737545,62.5362184678522,67.5359941472304,54.3459685401905,38.3388759452501,64.3889337714574,56.6656075396178,66.1037773796758,60.4896068700369,57.41681820886
53.4924228383738,66.1419415784239,58.2966556427265,53.2635436714773,61.4064514040799,57.3134733848684,54.6346316460264,66.8767467138606,50.3907394498485,68.8134366361571,56.683072095101,54.3334272534396,50.8986412787848,69.5682848352583,58.1932478796265,53.8940895082503,49.2351112279706,68.3888622019754,63.4497680461406,57.8653008911001,61.2368411151161,60.2761731737545,62.5362184678522,67.5359941472304,54.3459685401905,38.3388759452501,64.3889337714574,56.6656075396178,66.1037773796758,60.4896068700369,57.41681820886
53.4924228383738,66.1419415784239,58.2966556427265,53.2635436714773,61.4064514040799,57.3134733848684,54.8230159094804,66.8767467138606,50.3907394498485,68.8134366361571,56.683072095101,54.3334272534396,50.8986412787848,69.5682848352583,58.1932478796265,53.8940895082503,49.2351112279706,68.3888622019754,63.4497680461406,57.8653008911001,61.2368411151161,60.2761731737545,62.5362184678522,67.5359941472304,54.3459685401905,38.3388759452501,64.3889337714574,56.6656075396178,66.1037773796758,60.4896068700369,57.41681820886
53.4924228383738,66.1419415784239,58.2966556427265,53.2635436714773,61.4064514040799,57.3134733848684,54.8230159094804,66.8767467138606,50.3907394498485,68.8134366361571,56.683072095101,54.3334272534396,50.8986412787848,69.5682848352583,58.1932478796265,53.8940895082503,49.2351112279706,68.3888622019754,63.4497680461406,57.8653008911001,61.2368411151161,60.3682261393718,62.5362184678522,67.5359941472304,54.3459685401905,38.3388759452501,64.3889337714574,56.6656075396178,66.1037773796758,60.4896068700369,57.41681820886
53.4924228383738,66.1419415784239,58.2966556427265,53.2635436714773,61.4064514040799,57.3134733848684,54.8230159094804,66.8767467138606,50.3907394498485,68.8679765714177,56.683072095101,54.3334272534396,50.8986412787848,69.5682848352583,58.1932478796265,53.8940895082503,49.2351112279706,68.3888622019754,63.4497680461406,57.8653008911001,61.2368411151161,60.3682261393718,62.5362184678522,67.5359941472304,54.3459685401905,38.3388759452501,64.3889337714574,56.6656075396178,66.1037773796758,60.4896068700369,57.41681820886
53.4924228383738,66.1419415784239,58.2966556427265,53.2635436714773,61.4064514040799,57.3134733848684,54.8230159094804,66.8767467138606,50.3907394498485,68.8679765714177,56.683072095101,54.3334272534396,50.8986412787848,69.5682848352583,58.1932478796265,53.8940895082503,49.2351112279706,68.3888622019754,63.4497680461406,57.8653008911001,61.2368411151161,60.3682261393718,62.5362184678522,67.5359941472304,54.3459685401905,38.3388759452501,64.3889337714574,56.6710939472091,66.1037773796758,60.4896068700369,57.41681820886
53.4924228383738,66.1419415784239,58.2966556427265,53.2635436714773,61.4064514040799,57.3134733848684,54.8230159094804,66.8767467138606,50.3907394498485,68.8679765714177,56.683072095101,54.3334272534396,50.8986412787848,69.5682848352583,58.1932478796265,53.8940895082503,49.2351112279706,68.3888622019754,63.4497680461406,57.8653008911001,61.2368411151161,60.3682261393718,62.5362184678522,67.5359941472304,54.3459685401905,38.3388759452501,64.3889337714574,56.6710939472091,66.1037773796758,60.4896068700369,57.41681820886
53.4924228383738,66.1419415784239,58.2966556427265,53.2635436714773,61.4064514040799,57.3134733848684,54.8230159094804,66.8767467138606,50.3907394498485,68.8679765714177,56.683072095101,54.3334272534396,50.8986412787848,69.5682848352583,58.1932478796265,53.8940895082503,49.2351112279706,68.3888622019754,63.4497680461406,57.8653008911001,61.2368411151161,60.3682261393718,62.5362184678522,67.5359941472304,54.3459685401905,38.3388759452501,64.3889337714574,56.6710939472091,66.1037773796758,60.4896068700369,57.41681820886
53.4924228383738,66.1419415784239,58.2966556427265,53.2635436714773,61.4064514040799,57.3134733848684,54.8230159094804,66.8767467138606,50.3907394498485,68.8679765714177,56.683072095101,54.3334272534396,50.8986412787848,69.5682848352583,58.1932478796265,53.8940895082503,49.2351112279706,68.3888622019754,63.4497680461406,57.8653008911001,61.2368411151161,60.3682261393718,62.5362184678522,67.5359941472304,54.3459685401905,38.3388759452501,64.3889337714574,56.6710939472091,66.1037773796758,61.8138249170856,57.41681820886
53.4924228383738,66.1419415784239,58.2966556427265,53.2635436714773,61.4064514040799,57.3134733848684,54.8230159094804,66.8767467138606,50.3907394498485,68.8679765714177,56.683072095101,54.3334272534396,50.8986412787848,69.5745663517734,58.1932478796265,53.8940895082503,49.2351112279706,68.3888622019754,63.4497680461406,57.8653008911001,61.2368411151161,60.3682261393718,62.5362184678522,67.5359941472304,54.3459685401905,38.3388759452501,64.3889337714574,56.6710939472091,66.1037773796758,61.8138249170856,57.41681820886
53.4924228383738,66.1419415784239,58.2966556427265,53.2635436714773,61.4064514040799,57.3134733848684,54.8230159094804,66.8767467138606,50.3907394498485,68.8679765714177,56.683072095101,54.3334272534396,50.8986412787848,69.5745663517734,58.1932478796265,53.8940895082503,49.2351112279706,68.3888622019754,63.4497680461406,57.8653008911001,61.2368411151161,60.3682261393718,62.5362184678522,67.5359941472304,54.3459685401905,38.3388759452501,64.3889337714574,56.6710939472091,66.1037773796758,61.8138249170856,57.41681820886
53.4924228383738,66.1419415784239,58.2966556427265,53.2635436714773,61.4064514040799,57.3134733848684,54.8230159094804,66.8767467138606,50.3907394498485,68.8679765714177,56.683072095101,54.3334272534396,50.8986412787848,69.5745663517734,58.1932478796265,53.8940895082503,49.2351112279706,68.3888622019754,63.4497680461406,57.8653008911001,61.2368411151161,60.3682261393718,62.5362184678522,67.5359941472304,54.3459685401905,38.3388759452501,64.3889337714574,56.6710939472091,66.1037773796758,61.8138249170856,57.41681820886
53.4924228383738,66.1419415784239,58.2966556427265,53.2635436714773,61.4064514040799,57.3134733848684,54.8230159094804,66.8767467138606,50.3907394498485,68.8679765714177,56.683072095101,54.3334272534396,50.8986412787848,69.5745663517734,58.1932478796265,53.8940895082503,49.2351112279706,68.3888622019754,63.4497680461406,57.8653008911001,61.2368411151161,60.3682261393718,62.5362184678522,67.5359941472304,54.3459685401905,38.3388759452501,64.3889337714574,56.6710939472091,66.1037773796758,61.8138249170856,57.41681820886
53.4924228383738,66.1419415784239,58.2966556427265,53.2635436714773,61.4064514040799,57.3134733848684,54.8230159094804,66.8767467138606,50.3907394498485,68.8679765714177,56.683072095101,54.3334272534396,50.8986412787848,69.5745663517734,58.1932478796265,53.8940895082503,49.2351112279706,68.3888622019754,63.4497680461406,57.8653008911001,61.2368411151161,60.3682261393718,62.5362184678522,67.5359941472304,54.7514748581657,39.2203479979536,64.5347515904326,56.6710939472091,66.1037773796758,61.8138249170856,57.41681820886
53.4924228383738,66.1419415784239,58.2966556427265,53.2635436714773,61.4064514040799,57.3134733848684,54.8230159094804,66.8767467138606,50.3907394498485,68.8679765714177,56.683072095101,54.3334272534396,50.8986412787848,69.5745663517734,58.1932478796265,53.8940895082503,49.2351112279706,68.3888622019754,63.4497680461406,57.8653008911001,61.2368411151161,60.3682261393718,62.5362184678522,67.5359941472304,54.7514748581657,40.5182923559188,64.5347515904326,56.6710939472091,66.1037773796758,61.8138249170856,57.41681820886
53.4924228383738,66.1419415784239,58.2966556427265,53.2635436714773,61.4064514040799,57.3134733848684,54.8230159094804,66.8767467138606,50.3907394498485,68.8679765714177,57.9269465419856,54.3334272534396,50.8986412787848,69.5745663517734,58.1932478796265,53.8940895082503,49.2351112279706,68.3888622019754,63.4497680461406,57.8653008911001,61.2368411151161,60.3682261393718,62.5362184678522,67.5359941472304,54.7514748581657,40.5182923559188,64.5347515904326,56.672041835538,66.1037773796758,61.8138249170856,57.41681820886
53.4924228383738,66.1419415784239,58.2966556427265,53.2635436714773,61.4064514040799,57.3134733848684,54.8230159094804,66.8767467138606,50.3907394498485,68.8679765714177,57.9269465419856,54.3334272534396,50.8986412787848,69.5745663517734,58.1932478796265,53.8940895082503,49.2351112279706,68.3888622019754,64.8955889906168,57.8653008911001,61.2368411151161,60.3682261393718,62.5362184678522,67.5359941472304,54.7514748581657,40.5182923559188,64.5347515904326,56.672041835538,66.1037773796758,61.8138249170856,57.41681820886
53.4924228383738,66.1419415784239,58.2966556427265,53.2635436714773,61.4064514040799,57.3134733848684,54.8230159094804,66.8767467138606,50.3907394498485,68.8679765714177,57.9269465419856,54.3334272534396,50.8986412787848,69.5745663517734,58.1932478796265,53.8940895082503,49.2351112279706,68.3888622019754,64.8955889906168,57.8653008911001,61.2368411151161,60.3682261393718,62.5362184678522,67.5359941472304,54.7514748581657,40.5182923559188,64.5347515904326,56.672041835538,66.1037773796758,61.8138249170856,57.41681820886
53.4924228383738,66.1419415784239,58.2966556427265,53.2635436714773,61.4064514040799,57.3134733848684,54.8230159094804,66.8767467138606,51.1792988197881,68.8679765714177,57.9269465419856,54.3334272534396,50.8986412787848,69.5745663517734,58.1932478796265,53.8940895082503,49.2351112279706,68.3888622019754,64.8955889906168,57.8653008911001,61.2368411151161,60.3682261393718,62.9931568411232,67.5359941472304,54.7514748581657,40.5182923559188,64.5347515904326,56.672041835538,66.1037773796758,61.8138249170856,57.41681820886
53.4924228383738,66.1419415784239,58.2966556427265,53.2635436714773,61.4064514040799,57.3134733848684,54.8230159094804,66.8767467138606,51.1792988197881,68.8679765714177,57.9269465419856,54.3334272534396,50.8986412787848,69.5745663517734,58.1932478796265,53.8940895082503,49.2351112279706,68.3888622019754,64.8955889906168,57.8653008911001,61.2368411151161,60.3682261393718,62.9931568411232,67.5359941472304,54.7514748581657,40.5182923559188,64.5347515904326,56.672041835538,66.1037773796758,61.8138249170856,57.41681820886
53.4924228383738,66.1419415784239,58.2966556427265,53.7215539352208,61.4064514040799,57.3134733848684,54.8230159094804,66.8767467138606,51.1792988197881,68.8679765714177,57.9269465419856,54.3334272534396,50.8986412787848,69.5745663517734,58.1932478796265,53.8940895082503,49.2351112279706,68.3888622019754,64.8955889906168,57.8653008911001,61.2368411151161,60.3682261393718,62.9931568411232,67.5359941472304,54.7514748581657,40.5182923559188,64.5347515904326,56.672041835538,66.1037773796758,61.8138249170856,57.41681820886
53.4924228383738,66.1419415784239,58.2966556427265,53.7215539352208,61.4064514040799,57.3134733848684,54.8230159094804,66.8767467138606,51.1792988197881,68.8679765714177,57.9269465419856,54.3334272534396,50.8986412787848,69.5749971731338,58.1932478796265,53.8940895082503,49.2351112279706,68.3888622019754,64.8955889906168,57.8653008911001,61.2368411151161,60.3682261393718,62.9931568411232,67.5359941472304,54.7514748581657,40.5182923559188,64.5347515904326,56.672041835538,66.1037773796758,61.8138249170856,57.41681820886
53.4924228383738,66.1419415784239,58.2966556427265,53.7215539352208,61.4064514040799,57.3134733848684,54.8230159094804,66.8767467138606,51.1792988197881,68.8679765714177,57.9269465419856,54.3334272534396,50.8986412787848,69.5749971731338,58.1932478796265,53.8940895082503,49.2476530156351,68.3888622019754,64.8955889906168,57.8653008911001,61.2368411151161,60.3682261393718,62.9931568411232,67.5359941472304,54.7514748581657,40.5182923559188,64.5347515904326,56.672041835538,66.1037773796758,61.8138249170856,57.41681820886
53.4924228383738,66.1419415784239,58.2966556427265,53.7215539352208,61.4252356893021,57.3134733848684,54.8230159094804,66.8767467138606,51.1792988197881,68.8679765714177,57.9269465419856,54.3334272534396,50.8986412787848,69.5749971731338,58.1932478796265,53.8940895082503,49.2476530156351,68.3888622019754,64.8955889906168,57.8653008911001,61.2368411151161,60.3682261393718,62.9931568411232,67.5359941472304,55.1404098940735,40.5182923559188,64.6567868135424,56.672041835538,66.1037773796758,61.8138249170856,57.41681820886
53.4924228383738,66.1419415784239,58.2966556427265,53.7215539352208,61.4252356893021,57.3134733848684,54.8230159094804,66.8767467138606,51.1792988197881,68.8679765714177,57.9269465419856,54.3334272534396,50.8986412787848,69.5749971731338,58.1932478796265,53.8940895082503,49.2476530156351,68.3888622019754,64.8955889906168,57.8653008911001,61.2368411151161,60.3682261393718,62.9931568411232,67.5359941472304,55.1404098940735,40.5182923559188,64.6567868135424,56.672041835538,66.1037773796758,61.8138249170856,57.41681820886
53.4924228383738,66.1419415784239,58.2966556427265,53.7215539352208,61.4252356893021,57.3134733848684,54.8230159094804,66.8767467138606,51.1792988197881,68.8679765714177,57.9269465419856,54.3334272534396,50.8986412787848,69.5749971731338,58.1932478796265,53.8940895082503,49.2476530156351,68.3888622019754,64.8955889906168,57.8653008911001,61.2368411151161,60.3682261393718,62.9931568411232,67.5359941472304,55.1404098940735,48.9727218212491,64.6567868135424,56.672041835538,66.1037773796758,61.8138249170856,57.41681820886
53.4924228383738,66.1419415784239,58.2966556427265,53.7215539352208,61.4252356893021,57.3134733848684,54.8230159094804,66.8767467138606,51.1792988197881,68.8679765714177,57.9269465419856,54.3334272534396,50.8986412787848,69.5749971731338,58.1932478796265,53.8940895082503,49.2476530156351,68.3888622019754,64.8955889906168,57.8653008911001,61.2368411151161,60.3682261393718,62.9931568411232,67.5359941472304,55.1404098940735,48.9727218212491,64.6567868135424,56.672041835538,66.1037773796758,61.8138249170856,57.41681820886
53.4924228383738,66.1419415784239,58.2966556427265,53.7215539352208,61.4252356893021,57.3134733848684,54.8230159094804,66.8767467138606,51.1792988197881,68.8679765714177,57.9269465419856,54.3334272534396,50.8986412787848,69.5749971731338,58.1932478796265,53.8940895082503,49.2476530156351,68.3888622019754,64.8955889906168,57.8653008911001,61.2368411151161,60.3682261393718,62.9931568411232,67.5359941472304,55.1404098940735,48.9727218212491,64.6567868135424,56.672041835538,66.1037773796758,61.8138249170856,57.41681820886
53.4924228383738,66.1419415784239,58.2966556427265,53.7215539352208,61.4252356893021,57.3134733848684,54.8230159094804,66.8767467138606,53.7646556307039,68.8679765714177,57.9269465419856,54.3334272534396,50.8986412787848,69.5749971731338,58.1932478796265,53.8940895082503,49.2476530156351,68.3888622019754,64.8955889906168,57.8653008911001,61.2368411151161,60.3682261393718,62.9931568411232,67.5359941472304,55.1404098940735,48.9727218212491,64.6567868135424,56.672041835538,66.1037773796758,61.8138249170856,57.4402041588777
53.4924228383738,66.1419415784239,58.2966556427265,53.7215539352208,61.4252356893021,57.3134733848684,54.8230159094804,66.8767467138606,53.7646556307039,68.8679765714177,57.9269465419856,54.3334272534396,50.8986412787848,69.5749971731338,58.1932478796265,53.8940895082503,49.2476530156351,68.3888622019754,64.8955889906168,57.8653008911001,61.2368411151161,60.3682261393718,62.9931568411232,67.5359941472304,55.1404098940735,48.9727218212491,64.6567868135424,56.672041835538,66.1037773796758,61.8138249170856,57.4402041588777
53.4924228383738,66.1419415784239,58.2966556427265,53.7215539352208,61.4252356893021,57.3134733848684,54.8230159094804,66.8767467138606,53.7646556307039,68.8679765714177,57.9269465419856,54.3334272534396,50.8986412787848,69.5749971731338,58.1932478796265,53.8940895082503,49.2476530156351,68.3888622019754,64.8955889906168,57.8653008911001,61.2368411151161,60.3682261393718,62.9931568411232,67.5359941472304,55.1404098940735,48.9727218212491,64.6567868135424,56.672041835538,66.1037773796758,61.8138249170856,57.4402041588777
53.4924228383738,66.1419415784239,58.2966556427265,53.7215539352208,61.4252356893021,57.3134733848684,54.8230159094804,66.8767467138606,53.7646556307039,68.8679765714177,57.9269465419856,54.3334272534396,50.8986412787848,69.5749971731338,58.1932478796265,53.8940895082503,49.2476530156351,68.3888622019754,64.8955889906168,57.8653008911001,61.2368411151161,60.3682261393718,62.9931568411232,67.5359941472304,55.1404098940735,48.9727218212491,64.6567868135424,56.672041835538,66.1037773796758,61.8138249170856,57.4402041588777
53.4924228383738,66.1419415784239,58.2966556427265,53.7215539352208,61.4252356893021,57.3134733848684,54.8230159094804,66.8767467138606,53.7646556307039,68.8679765714177,57.9269465419856,54.3334272534396,50.8986412787848,69.5749971731338,58.1932478796265,53.8940895082503,49.2476530156351,68.3888622019754,64.8955889906168,57.8653008911001,61.2368411151161,60.3682261393718,62.9931568411232,67.5359941472304,55.1404098940735,48.9727218212491,64.6567868135424,56.672041835538,66.1037773796758,61.8138249170856,57.4402041588777
53.5735025642305,66.1419415784239,58.2966556427265,53.7215539352208,61.4252356893021,57.3134733848684,54.8230159094804,66.8767467138606,53.7646556307039,68.8679765714177,57.9269465419856,54.3334272534396,50.8986412787848,69.5749971731338,58.1932478796265,53.8940895082503,49.2837147937159,68.3888622019754,64.8955889906168,57.8653008911001,61.2368411151161,60.3682261393718,62.9931568411232,67.5359941472304,55.1404098940735,48.9727218212491,64.6567868135424,56.672041835538,66.1037773796758,61.8138249170856,57.4402041588777
53.5735025642305,66.1419415784239,58.2966556427265,53.7215539352208,61.4252356893021,57.3134733848684,54.8230159094804,66.8767467138606,53.7646556307039,68.8679765714177,57.9269465419856,54.3334272534396,50.8986412787848,69.5749971731338,58.1932478796265,53.8940895082503,49.2837147937159,68.3888622019754,64.8955889906168,57.8653008911001,61.2368411151161,60.3682261393718,62.9931568411232,67.5359941472304,55.1404098940735,48.9727218212491,64.6567868135424,56.672041835538,66.1037773796758,61.8138249170856,57.4402041588777
53.5735025642305,66.1419415784239,58.2966556427265,53.7215539352208,61.4252356893021,57.3134733848684,54.8230159094804,66.8767467138606,53.7646556307039,68.8679765714177,57.9269465419856,54.3334272534396,58.4873814878828,69.5749971731338,58.1932478796265,53.8940895082503,49.2837147937159,68.3888622019754,64.8955889906168,57.8653008911001,61.2368411151161,60.3682261393718,62.9931568411232,67.5359941472304,55.1404098940735,48.9727218212491,64.6567868135424,56.672041835538,66.1037773796758,61.8138249170856,57.4402041588777
53.5735025642305,66.1419415784239,58.2966556427265,53.7215539352208,61.4252356893021,57.3134733848684,54.8230159094804,66.8767467138606,53.7646556307039,68.8679765714177,57.9269465419856,54.3334272534396,58.4873814878828,69.5749971731338,58.1932478796265,53.8940895082503,49.2837147937159,68.3888622019754,64.8955889906168,57.8653008911001,61.2368411151161,60.3682261393718,62.9931568411232,67.5359941472304,55.1404098940735,48.9727218212491,64.6567868135424,56.672041835538,66.1037773796758,61.8138249170856,57.4402041588777
53.5735025642305,66.1419415784239,58.2966556427265,53.7215539352208,61.4252356893021,57.3134733848684,54.8230159094804,66.8767467138606,53.7646556307039,68.8679765714177,57.9269465419856,54.3334272534396,58.4873814878828,69.5749971731338,58.1932478796265,53.8940895082503,49.2837147937159,68.3888622019754,64.9118352266966,57.8653008911001,61.2368411151161,60.3682261393718,62.9931568411232,67.5359941472304,55.1404098940735,48.9727218212491,64.6567868135424,56.672041835538,66.1037773796758,61.8138249170856,57.4402041588777
53.5735025642305,66.1419415784239,58.2966556427265,53.7215539352208,61.4252356893021,57.3134733848684,54.8230159094804,66.8767467138606,53.7646556307039,68.8679765714177,57.9269465419856,54.3334272534396,58.4873814878828,69.5749971731338,58.1932478796265,53.8940895082503,49.2837147937159,68.3888622019754,64.9118352266966,57.8653008911001,61.2368411151161,60.3682261393718,62.9931568411232,67.5359941472304,55.1404098940735,48.9727218212491,64.6567868135424,56.672041835538,66.1037773796758,61.8138249170856,57.4402041588777
53.5735025642305,66.1419415784239,58.2966556427265,53.7215539352208,61.4252356893021,57.3134733848684,54.8230159094804,66.8767467138606,56.9664311204874,68.8679765714177,57.9269465419856,54.3334272534396,58.4873814878828,69.5749971731338,58.1932478796265,53.8940895082503,49.2837147937159,68.3888622019754,64.9118352266966,57.8653008911001,61.2368411151161,60.3682261393718,62.9931568411232,67.5359941472304,55.1404098940735,48.9727218212491,64.6567868135424,56.672041835538,66.1037773796758,61.8138249170856,57.4402041588777
53.5735025642305,66.1419415784239,58.2966556427265,53.7215539352208,61.4252356893021,57.3134733848684,54.8230159094804,66.8767467138606,56.9664311204874,68.8679765714177,57.9269465419856,54.3334272534396,58.4873814878828,69.5749971731338,58.1932478796265,53.8940895082503,49.2837147937159,68.3888622019754,64.9118352266966,57.8653008911001,61.2368411151161,60.3682261393718,62.9931568411232,67.5359941472304,55.1404098940735,48.9727218212491,64.6567868135424,56.672041835538,66.1037773796758,61.8138249170856,57.4402041588777
53.5735025642305,66.1419415784239,58.2966556427265,53.7215539352208,61.4252356893021,57.3134733848684,54.8230159094804,66.8767467138606,56.9664311204874,68.8679765714177,57.9269465419856,54.3334272534396,58.4873814878828,69.5749971731338,58.1932478796265,53.8940895082503,49.2837147937159,68.3888622019754,64.9118352266966,57.8653008911001,61.2368411151161,60.3682261393718,62.9931568411232,67.5359941472304,55.1404098940735,48.9727218212491,64.6567868135424,56.672041835538,66.1037773796758,61.8138249170856,57.4402041588777
53.5735025642305,66.1419415784239,58.2966556427265,53.7215539352208,61.4252356893021,57.3134733848684,54.8230159094804,66.8767467138606,56.9664311204874,68.8679765714177,57.9269465419856,54.3334272534396,58.4873814878828,69.5749971731338,58.1932478796265,53.8940895082503,49.2837147937159,68.3888622019754,64.9118352266966,57.8653008911001,61.2368411151161,60.3682261393718,62.9931568411232,67.5359941472304,55.1404098940735,48.9727218212491,64.6567868135424,56.672041835538,66.1037773796758,61.8138249170856,57.4402041588777
53.5735025642305,66.1419415784239,58.2966556427265,53.7215539352208,61.4252356893021,57.3134733848684,54.8230159094804,66.8767467138606,56.9664311204874,68.8679765714177,57.9269465419856,54.3334272534396,58.4873814878828,69.5749971731338,58.1932478796265,53.8940895082503,49.2837147937159,68.3888622019754,64.9118352266966,57.8653008911001,61.5917259888952,60.3682261393718,62.9931568411232,67.5359941472304,55.1404098940735,48.9727218212491,64.6567868135424,56.672041835538,66.1037773796758,61.8138249170856,57.4402041588777
53.5735025642305,66.1419415784239,58.2966556427265,53.7215539352208,61.4252356893021,57.3134733848684,54.8230159094804,66.8767467138606,56.9664311204874,68.8679765714177,57.9269465419856,54.3334272534396,58.4873814878828,69.5749971731338,58.1932478796265,53.8940895082503,49.295402937955,68.3888622019754,64.9118352266966,57.8653008911001,61.5917259888952,60.3682261393718,62.9931568411232,67.5359941472304,55.1404098940735,48.9727218212491,64.6567868135424,56.672041835538,66.1037773796758,61.8138249170856,57.4402041588777
53.5735025642305,66.1419415784239,58.2966556427265,53.7215539352208,61.4252356893021,57.3134733848684,54.8230159094804,66.8767467138606,56.9664311204874,68.8679765714177,57.9269465419856,54.3334272534396,58.4873814878828,69.5749971731338,58.1932478796265,53.8940895082503,49.295402937955,68.3888622019754,64.9118352266966,57.8653008911001,61.5917259888952,60.3682261393718,62.9931568411232,67.5359941472304,55.1404098940735,48.9727218212491,64.6567868135424,56.672041835538,66.1037773796758,61.8138249170856,57.4402041588777
53.5735025642305,66.1419415784239,58.2966556427265,53.7215539352208,61.4252356893021,57.3134733848684,54.8230159094804,66.8767467138606,56.9664311204874,68.8679765714177,57.9269465419856,54.3334272534396,58.4873814878828,69.5749971731338,58.1932478796265,53.8940895082503,49.295402937955,68.7250373208716,64.9118352266966,57.8653008911001,61.5917259888952,60.3682261393718,62.9931568411232,67.5359941472304,55.1404098940735,48.9727218212491,64.6567868135424,56.672041835538,66.1037773796758,61.8138249170856,57.4402041588777
53.5735025642305,66.1419415784239,58.2966556427265,53.7215539352208,61.8747018430138,57.3134733848684,54.8230159094804,66.8767467138606,56.9664311204874,68.8679765714177,57.9269465419856,54.3334272534396,60.4138849404693,69.5749971731338,58.1932478796265,53.8940895082503,49.295402937955,68.7250373208716,64.9118352266966,57.8653008911001,61.5917259888952,60.3682261393718,62.9931568411232,67.7329026973873,55.1404098940735,48.9727218212491,64.6567868135424,56.6817576441141,66.1037773796758,61.8138249170856,57.4402041588777
53.5735025642305,66.1419415784239,58.2966556427265,53.7215539352208,61.8747018430138,57.3134733848684,55.0465649425688,66.8767467138606,56.9664311204874,68.8679765714177,57.9269465419856,54.3334272534396,60.4138849404693,69.5749971731338,58.1932478796265,53.8940895082503,49.295402937955,68.7250373208716,64.9118352266966,57.8653008911001,61.5917259888952,60.3682261393718,62.9931568411232,67.7329026973873,55.1404098940735,50.0656476598051,64.6567868135424,56.6817576441141,66.1037773796758,61.8138249170856,57.4402041588777
36.5422623604249,63.73444707634,66.206600337661,-28.13820549618,57.4419290066502,-120.227681645233,10.5615059607339,-26.2372356430638,36.9721207960434,-32.5400715321542,54.630446676845,7.53289601341675,-167.362515143805,37.1159525289137,4.42794151426784,-114.295659312539,-52.2389957429394,51.9064335327205,40.2529792838554,-21.2046694186219,30.0849630292625,-30.9399230480088,20.8964666547979,-11.3104290876717,-121.567410430146,-14.5693465864475,-47.9399479960719,-173.932560271526,48.459632608741,52.7375312335801,-142.407814679521
42.8808580486573,63.73444707634,66.4656882834292,52.7856325190207,57.4419290066502,12.1614988195181,64.2962461761725,-23.697898574691,38.9087907612999,56.983259836555,56.2170963249915,34.0192002589507,-44.684707149283,65.3236387872323,47.5603882696354,-38.1317987768496,53.1360355436802,52.1652810017618,46.1373830243605,53.0671273064493,35.8076323334421,7.45168807264543,44.2596477407497,-11.3104290876717,16.2458178673364,40.8972402145115,-35.6418641719664,47.7324993526101,48.4665045344093,52.9790818461988,31.896031397137
54.444743233764,63.73444707634,66.4656882834292,52.7856325190207,57.4419290066502,45.9056048881792,64.2962461761725,31.8151526505505,38.9087907612999,60.8495574907984,56.2170963249915,34.0192002589507,45.0659223695723,65.3236387872323,47.5603882696354,-30.574355148315,53.1360355436802,58.5055421955005,46.1373830243605,53.0671273064493,63.7668828305305,65.4611268286636,46.6754278281898,58.3575473689087,49.1629161486496,41.7289733398614,55.0449127752169,47.7324993526101,48.4665045344093,59.0599927449688,31.896031397137
54.444743233764,63.73444707634,66.4656882834292,53.2185110755168,57.4419290066502,45.9056048881792,64.2962461761725,31.8151526505505,39.0026701051517,60.8495574907984,56.2170963249915,34.0192002589507,45.0659223695723,65.3236387872323,53.7039881727188,-28.071996190016,53.1360355436802,58.5055421955005,46.1373830243605,53.0671273064493,63.7668828305305,65.4611268286636,60.5176110641948,58.3575473689087,62.4399426293111,41.7289733398614,55.0449127752169,50.6012697278166,48.4665045344093,59.0599927449688,44.9341518790257
54.444743233764,63.73444707634,66.4656882834292,53.2185110755168,57.4419290066502,59.569892868948,64.2962461761725,62.5228397961892,50.6048225824109,60.8495574907984,56.2170963249915,47.8688725874234,45.0659223695723,65.3236387872323,53.7039881727188,48.7069934560575,56.5203965817612,58.5055421955005,46.8111655217604,53.7965824521582,63.7668828305305,65.4611268286636,60.5176110641948,64.7007438043202,62.4399426293111,41.7289733398614,59.5937497782632,50.6012697278166,50.2713088332612,59.0599927449688,56.8258590954325
54.444743233764,63.73444707634,66.4656882834292,53.2185110755168,57.4419290066502,59.569892868948,64.2962461761725,62.5228397961892,50.6048225824109,60.8495574907984,56.2170963249915,47.8688725874234,45.0659223695723,65.3236387872323,53.7039881727188,48.7069934560575,56.5203965817612,58.5055421955005,49.7730393932254,53.7965824521582,63.7668828305305,65.4611268286636,60.5176110641948,66.1785031559245,62.4399426293111,41.7289733398614,59.5937497782632,51.2364844731754,53.5999332889215,62.6411359817037,56.8258590954325
54.444743233764,63.73444707634,67.6865974927917,53.2185110755168,57.929967479553,59.569892868948,64.2962461761725,62.5228397961892,50.6048225824109,60.8495574907984,57.2640211421794,47.8688725874234,45.0659223695723,65.3236387872323,53.7039881727188,48.7069934560575,56.5203965817612,58.5055421955005,49.7730393932254,53.7965824521582,63.7668828305305,65.4611268286636,60.5176110641948,66.1785031559245,62.4399426293111,41.7289733398614,59.5937497782632,51.2364844731754,53.5999332889215,62.6411359817037,56.8258590954325
54.444743233764,63.73444707634,67.6865974927917,53.7476174109097,57.929967479553,59.569892868948,64.2962461761725,62.5228397961892,50.6048225824109,62.118069628747,57.2640211421794,47.8688725874234,45.0659223695723,66.3384529294564,53.7039881727188,48.7069934560575,56.5203965817612,58.5055421955005,49.7730393932254,57.7732281235454,63.7668828305305,65.4611268286636,60.5176110641948,66.1785031559245,62.4399426293111,47.6530883711314,59.5937497782632,51.2364844731754,53.5999332889215,62.6411359817037,56.8258590954325
54.444743233764,63.73444707634,67.6865974927917,53.7476174109097,57.929967479553,59.569892868948,64.2962461761725,62.5228397961892,50.6048225824109,62.118069628747,57.2640211421794,47.8688725874234,45.0659223695723,66.3384529294564,53.7039881727188,48.7069934560575,56.5203965817612,59.2659391521356,49.7730393932254,57.7732281235454,63.7668828305305,65.4611268286636,60.5176110641948,66.1785031559245,62.4399426293111,47.6530883711314,59.5937497782632,51.2364844731754,53.5999332889215,62.6411359817037,56.8258590954325
54.444743233764,63.73444707634,67.6865974927917,53.7476174109097,57.929967479553,59.569892868948,64.2962461761725,62.5228397961892,50.6048225824109,62.118069628747,57.2640211421794,47.8688725874234,45.6064407642691,66.3384529294564,53.7039881727188,48.7069934560575,56.5203965817612,59.2659391521356,49.7730393932254,57.7732281235454,63.7668828305305,65.7864494703443,60.5176110641948,66.1785031559245,62.4399426293111,47.6530883711314,59.5937497782632,51.2364844731754,53.5999332889215,63.5374081613584,56.8258590954325
54.444743233764,63.73444707634,67.6865974927917,53.7476174109097,57.929967479553,59.569892868948,64.2962461761725,62.5228397961892,50.6048225824109,62.118069628747,57.2640211421794,47.8688725874234,45.6064407642691,66.3384529294564,54.9583468709622,48.7069934560575,56.5203965817612,59.2659391521356,49.7730393932254,57.7732281235454,63.7668828305305,65.7864494703443,60.5176110641948,66.1785031559245,63.7279353804653,47.6530883711314,59.5937497782632,52.9978036255629,53.5999332889215,63.5374081613584,56.8258590954325
54.444743233764,63.73444707634,67.6865974927917,53.7476174109097,57.929967479553,59.569892868948,64.2962461761725,62.5228397961892,50.6048225824109,62.118069628747,57.2640211421794,47.8688725874234,45.6064407642691,66.3384529294564,54.9583468709622,48.7069934560575,56.5203965817612,59.2659391521356,49.7730393932254,57.7732281235454,63.7668828305305,65.7864494703443,60.5176110641948,66.1785031559245,63.7279353804653,47.6530883711314,59.5937497782632,52.9978036255629,53.5999332889215,63.5374081613584,56.8258590954325
54.444743233764,63.73444707634,67.6865974927917,53.7476174109097,57.929967479553,59.569892868948,64.2962461761725,65.4968498973426,50.6048225824109,62.118069628747,57.2640211421794,47.8688725874234,45.6064407642691,66.3384529294564,54.9583468709622,48.7069934560575,56.8811189496227,59.2659391521356,49.7730393932254,57.7732281235454,63.7668828305305,65.7864494703443,60.5176110641948,66.1785031559245,63.7279353804653,47.6530883711314,59.5937497782632,52.9978036255629,53.5999332889215,63.5374081613584,58.509101537215
54.444743233764,63.73444707634,67.6865974927917,53.7476174109097,57.929967479553,59.569892868948,64.2962461761725,65.4968498973426,50.6048225824109,62.118069628747,57.2640211421794,47.8688725874234,45.6064407642691,66.3384529294564,54.9583468709622,48.7069934560575,56.8811189496227,59.2659391521356,49.7730393932254,57.7732281235454,63.7668828305305,65.7864494703443,60.5176110641948,66.1785031559245,63.7279353804653,47.6530883711314,59.78726087951,52.9978036255629,53.5999332889215,63.5374081613584,58.509101537215
54.444743233764,63.73444707634,67.6865974927917,53.7476174109097,57.929967479553,59.569892868948,64.2962461761725,65.4968498973426,50.6048225824109,62.118069628747,57.2640211421794,47.8688725874234,45.6064407642691,66.3384529294564,54.9583468709622,48.7069934560575,56.8811189496227,59.2659391521356,49.7730393932254,57.7732281235454,63.7668828305305,65.7864494703443,60.5176110641948,66.1785031559245,63.7279353804653,47.6530883711314,59.78726087951,52.9978036255629,53.5999332889215,63.5374081613584,58.509101537215
54.444743233764,63.73444707634,67.6865974927917,53.7476174109097,57.929967479553,59.569892868948,64.2962461761725,65.4968498973426,50.6048225824109,62.118069628747,57.2640211421794,47.8688725874234,49.9180072577114,66.3384529294564,54.9583468709622,48.7069934560575,56.8811189496227,59.2659391521356,49.7730393932254,57.7732281235454,63.7668828305305,65.7864494703443,60.5176110641948,66.1785031559245,63.7279353804653,47.6530883711314,59.78726087951,52.9978036255629,53.6849396990227,63.6701339803699,58.509101537215
54.444743233764,63.73444707634,67.6865974927917,53.7476174109097,57.929967479553,59.569892868948,64.2962461761725,65.4968498973426,50.6048225824109,62.118069628747,57.2640211421794,47.8688725874234,49.9180072577114,66.3384529294564,54.9583468709622,48.7069934560575,56.8811189496227,59.2659391521356,49.7730393932254,57.7732281235454,63.7668828305305,65.7864494703443,60.5176110641948,66.1785031559245,63.7279353804653,47.6530883711314,59.78726087951,52.9978036255629,53.6849396990227,63.6701339803699,58.509101537215
54.444743233764,63.73444707634,67.6865974927917,53.7476174109097,58.2443916221503,59.569892868948,64.8165409507501,65.4968498973426,50.6048225824109,62.118069628747,57.2640211421794,47.8688725874234,49.9180072577114,66.3384529294564,54.9583468709622,48.7069934560575,56.8811189496227,59.2659391521356,49.7730393932254,57.7732281235454,63.7668828305305,65.7864494703443,60.5176110641948,66.1785031559245,63.7279353804653,47.6530883711314,59.78726087951,52.9978036255629,53.6849396990227,63.6701339803699,58.509101537215
54.444743233764,64.1518386695363,67.6865974927917,54.2564576973449,58.2443916221503,59.569892868948,64.8165409507501,65.4968498973426,50.6048225824109,62.118069628747,57.2640211421794,47.8688725874234,49.9180072577114,66.3384529294564,54.9583468709622,48.7069934560575,56.8811189496227,60.4448825626319,49.7730393932254,57.7732281235454,64.1492756929398,65.7864494703443,60.5176110641948,66.1785031559245,63.7279353804653,47.6530883711314,59.78726087951,52.9978036255629,53.6849396990227,63.6701339803699,58.509101537215
54.444743233764,64.1518386695363,67.6865974927917,54.2564576973449,58.2443916221503,59.569892868948,64.8165409507501,65.4968498973426,50.6048225824109,62.118069628747,57.2640211421794,47.8688725874234,49.9180072577114,66.8110094796502,54.9583468709622,48.7069934560575,56.8811189496227,60.4448825626319,49.7730393932254,57.7732281235454,64.1492756929398,65.7864494703443,60.5176110641948,66.1785031559245,63.7279353804653,47.6530883711314,59.78726087951,52.9978036255629,53.6849396990227,63.6701339803699,58.509101537215
54.444743233764,64.1518386695363,67.6865974927917,54.2564576973449,58.2443916221503,59.569892868948,64.8165409507501,65.4968498973426,50.6048225824109,62.118069628747,57.2640211421794,47.8688725874234,49.9180072577114,66.8110094796502,54.9583468709622,48.7069934560575,56.8811189496227,60.4448825626319,49.7730393932254,58.3510850025327,64.1492756929398,65.7864494703443,60.5176110641948,66.1785031559245,63.7279353804653,47.6530883711314,59.78726087951,52.9978036255629,53.6849396990227,63.6701339803699,58.509101537215
54.444743233764,64.1518386695363,67.6865974927917,54.2564576973449,58.2443916221503,59.569892868948,64.8165409507501,65.4968498973426,50.6048225824109,62.118069628747,57.2640211421794,47.8688725874234,49.9180072577114,66.8110094796502,54.9583468709622,48.7069934560575,56.8811189496227,60.4448825626319,49.7730393932254,58.3510850025327,64.1492756929398,65.7864494703443,61.7936429564666,66.1785031559245,63.7279353804653,47.6530883711314,59.78726087951,52.9978036255629,53.6849396990227,64.1517897394145,58.509101537215
54.444743233764,64.1518386695363,67.6865974927917,54.2564576973449,58.2443916221503,59.569892868948,64.8165409507501,65.4968498973426,50.6048225824109,62.118069628747,57.2640211421794,47.8688725874234,49.9180072577114,66.8110094796502,54.9583468709622,48.7069934560575,56.8811189496227,60.4448825626319,49.7730393932254,58.3510850025327,64.1492756929398,65.7864494703443,61.7936429564666,66.1785031559245,63.7279353804653,47.6530883711314,59.78726087951,52.9978036255629,53.6849396990227,64.1517897394145,58.5809269554426
54.444743233764,64.1518386695363,67.6865974927917,54.2564576973449,58.2443916221503,59.569892868948,64.8165409507501,65.4968498973426,50.6048225824109,62.118069628747,57.2640211421794,47.8688725874234,49.9180072577114,66.8110094796502,54.9583468709622,48.7069934560575,56.8811189496227,60.4448825626319,49.7730393932254,58.3510850025327,64.1492756929398,65.7864494703443,61.7936429564666,66.1785031559245,63.7279353804653,47.6530883711314,59.78726087951,52.9978036255629,53.6849396990227,64.1517897394145,58.5809269554426
54.444743233764,64.1518386695363,67.6865974927917,54.2564576973449,58.2443916221503,61.7634847670437,64.8165409507501,65.4968498973426,51.9591482292346,62.118069628747,57.2640211421794,47.8688725874234,49.9180072577114,66.8110094796502,54.9583468709622,48.7069934560575,56.8811189496227,60.4448825626319,49.7730393932254,58.3510850025327,64.1492756929398,65.7864494703443,61.7936429564666,66.1785031559245,63.7279353804653,47.6530883711314,59.78726087951,52.9978036255629,53.6849396990227,64.1517897394145,58.5809269554426
54.444743233764,64.1518386695363,67.6865974927917,54.2564576973449,58.2443916221503,61.7634847670437,64.8165409507501,65.4968498973426,51.9591482292346,62.118069628747,61.7793523000769,47.8688725874234,49.9180072577114,66.8110094796502,54.9583468709622,48.7069934560575,56.8811189496227,60.4448825626319,51.5551430778336,58.3510850025327,64.1492756929398,65.7864494703443,61.7936429564666,66.1785031559245,63.7279353804653,47.6530883711314,59.8711340667394,52.9978036255629,53.8183715068751,64.1517897394145,58.5809269554426
54.444743233764,64.1518386695363,67.6865974927917,54.2564576973449,58.2443916221503,61.7634847670437,64.8165409507501,65.4968498973426,51.9591482292346,62.118069628747,61.7793523000769,47.8688725874234,49.9180072577114,66.8110094796502,54.9583468709622,48.7069934560575,56.8811189496227,60.4448825626319,51.5551430778336,58.3510850025327,64.1492756929398,65.7864494703443,61.7936429564666,66.1785031559245,63.7279353804653,47.6530883711314,59.8711340667394,52.9978036255629,53.8183715068751,64.1517897394145,58.5809269554426
54.444743233764,64.1518386695363,67.6865974927917,54.2564576973449,58.2443916221503,61.7634847670437,64.8165409507501,65.4968498973426,51.9591482292346,62.118069628747,61.7793523000769,47.8688725874234,49.9180072577114,66.8110094796502,54.9583468709622,48.7069934560575,56.8811189496227,60.4448825626319,51.5551430778336,58.3510850025327,64.1492756929398,65.7864494703443,61.7936429564666,66.1785031559245,63.7279353804653,47.6530883711314,59.8711340667394,52.9978036255629,53.8183715068751,64.1517897394145,58.5809269554426
54.444743233764,64.1518386695363,67.6865974927917,54.2564576973449,58.2443916221503,61.7634847670437,64.8165409507501,65.4968498973426,51.9591482292346,62.118069628747,61.7793523000769,47.8688725874234,49.9180072577114,66.8110094796502,54.9583468709622,48.7069934560575,56.8811189496227,61.0112885970462,51.5551430778336,58.3510850025327,64.1492756929398,65.7864494703443,61.7936429564666,66.1785031559245,63.7279353804653,47.6530883711314,59.8711340667394,52.9978036255629,53.8183715068751,64.1517897394145,58.5809269554426
54.444743233764,64.1518386695363,67.6865974927917,54.2564576973449,58.2443916221503,61.7634847670437,64.8165409507501,65.4968498973426,51.9591482292346,62.118069628747,61.7793523000769,47.8688725874234,49.9180072577114,66.8110094796502,54.9583468709622,48.7069934560575,56.8811189496227,61.0112885970462,51.5551430778336,58.3510850025327,64.9436397717755,65.7864494703443,61.7936429564666,66.1785031559245,63.7279353804653,47.6530883711314,59.8711340667394,52.9978036255629,53.8183715068751,64.1517897394145,58.5809269554426
57.6326279485388,64.1518386695363,67.6865974927917,54.2564576973449,58.2443916221503,61.7634847670437,64.8165409507501,65.4968498973426,51.9591482292346,62.118069628747,61.7793523000769,47.8688725874234,49.9180072577114,66.8110094796502,54.9583468709622,48.7069934560575,56.8811189496227,61.0112885970462,51.5551430778336,58.3510850025327,64.9436397717755,65.7864494703443,61.7936429564666,66.1785031559245,63.7279353804653,47.6530883711314,59.8711340667394,52.9978036255629,53.8183715068751,64.1517897394145,58.5809269554426
57.6326279485388,64.8599705200713,67.6865974927917,54.2564576973449,58.2443916221503,61.7634847670437,64.8165409507501,65.4968498973426,51.9591482292346,62.118069628747,61.7793523000769,47.8688725874234,49.9180072577114,66.8110094796502,54.9583468709622,48.7069934560575,56.8811189496227,61.0112885970462,51.5551430778336,59.8308677829578,64.9436397717755,65.7864494703443,61.7936429564666,66.1785031559245,63.7279353804653,47.6530883711314,59.8711340667394,52.9978036255629,53.8183715068751,64.1517897394145,58.5809269554426
57.6326279485388,64.8599705200713,67.6865974927917,54.2564576973449,58.2443916221503,61.7634847670437,64.8165409507501,65.4968498973426,51.9591482292346,62.118069628747,61.7793523000769,47.8688725874234,49.9180072577114,66.8110094796502,54.9583468709622,48.7069934560575,56.8811189496227,61.0112885970462,51.5551430778336,59.8308677829578,64.9436397717755,65.7864494703443,61.7936429564666,66.1785031559245,63.7615196143097,47.6530883711314,59.8711340667394,52.9978036255629,53.8183715068751,64.1517897394145,58.5809269554426
57.6326279485388,64.8599705200713,67.6865974927917,54.2564576973449,58.2443916221503,61.7634847670437,64.8165409507501,65.4968498973426,51.9591482292346,62.118069628747,61.7793523000769,47.8688725874234,49.9180072577114,66.8110094796502,54.9583468709622,48.7069934560575,56.8811189496227,61.0112885970462,51.5551430778336,59.8308677829578,64.9436397717755,65.7864494703443,61.7936429564666,66.1785031559245,63.7615196143097,47.6530883711314,59.8711340667394,52.9978036255629,53.8183715068751,64.1517897394145,58.5809269554426
57.6326279485388,64.8599705200713,67.6865974927917,54.2564576973449,58.2443916221503,61.7634847670437,64.8165409507501,65.4968498973426,51.9591482292346,62.118069628747,61.7793523000769,47.8688725874234,49.9180072577114,66.8110094796502,54.9583468709622,48.7069934560575,57.0642317257255,61.0112885970462,51.5551430778336,59.8308677829578,64.9436397717755,65.7864494703443,61.7936429564666,66.1785031559245,63.7615196143097,47.6530883711314,59.8711340667394,52.9978036255629,53.8183715068751,64.1517897394145,58.5809269554426
57.6326279485388,64.8599705200713,67.6865974927917,54.2564576973449,58.2443916221503,61.7634847670437,64.8165409507501,65.4968498973426,59.4562041097844,62.118069628747,61.7793523000769,48.4813901669241,49.9180072577114,66.8110094796502,54.9583468709622,48.7069934560575,57.0642317257255,61.0112885970462,52.2877967413615,59.8308677829578,64.9436397717755,65.7864494703443,61.7936429564666,66.1785031559245,63.7615196143097,47.6530883711314,59.8711340667394,52.9978036255629,53.8183715068751,64.1517897394145,58.5809269554426
57.6326279485388,64.8599705200713,67.6865974927917,54.2564576973449,58.2443916221503,61.7634847670437,64.8165409507501,65.4968498973426,59.4562041097844,62.118069628747,61.7793523000769,48.4813901669241,49.9180072577114,66.8110094796502,54.9583468709622,48.7069934560575,57.0642317257255,61.0112885970462,52.2877967413615,59.8308677829578,64.9436397717755,65.7864494703443,61.7936429564666,66.1785031559245,63.7615196143097,47.6530883711314,60.0281711469857,52.9978036255629,53.8183715068751,64.1517897394145,58.5809269554426
57.6326279485388,64.8599705200713,67.6865974927917,54.2564576973449,58.2443916221503,61.7634847670437,64.8165409507501,65.4968498973426,59.4562041097844,62.118069628747,61.7793523000769,48.4813901669241,49.9180072577114,66.8110094796502,54.9583468709622,48.7069934560575,57.0642317257255,61.0112885970462,52.2877967413615,59.8308677829578,64.9436397717755,65.7864494703443,61.7936429564666,66.1785031559245,63.7615196143097,47.6530883711314,60.0281711469857,52.9978036255629,53.8183715068751,64.1517897394145,58.5809269554426
57.6326279485388,64.8599705200713,67.6865974927917,54.2564576973449,58.2443916221503,61.7634847670437,64.8165409507501,65.4968498973426,59.4562041097844,62.118069628747,61.7793523000769,48.4813901669241,49.9180072577114,66.8110094796502,54.9583468709622,48.7069934560575,57.0642317257255,61.1515391319288,52.2877967413615,59.8308677829578,64.9436397717755,65.7864494703443,61.7936429564666,66.1785031559245,63.7615196143097,47.6530883711314,60.0281711469857,52.9978036255629,53.8183715068751,64.1517897394145,58.5809269554426
57.6326279485388,64.8599705200713,67.6865974927917,54.2564576973449,58.2443916221503,61.7634847670437,64.8165409507501,65.4968498973426,59.4562041097844,62.118069628747,61.7793523000769,48.4813901669241,49.9180072577114,66.8110094796502,54.9583468709622,48.8242532504833,57.0642317257255,61.1515391319288,52.2877967413615,59.8308677829578,65.7245518201028,65.7864494703443,61.7936429564666,66.1785031559245,63.7615196143097,47.6530883711314,60.0281711469857,52.9978036255629,53.8183715068751,64.1517897394145,58.5809269554426
57.6326279485388,64.8599705200713,67.6865974927917,54.5781439571043,58.2443916221503,61.7634847670437,64.8165409507501,65.4968498973426,59.4562041097844,62.118069628747,61.7793523000769,48.4813901669241,49.9180072577114,66.8110094796502,54.9583468709622,48.8242532504833,57.0642317257255,61.1515391319288,52.2877967413615,59.8308677829578,65.7245518201028,65.7864494703443,61.7936429564666,66.1785031559245,63.7615196143097,47.6530883711314,60.0281711469857,52.9978036255629,53.8183715068751,64.1517897394145,58.5809269554426
57.6326279485388,64.8599705200713,67.6865974927917,54.5781439571043,58.2443916221503,61.7634847670437,64.8165409507501,65.4968498973426,59.4562041097844,62.118069628747,61.7793523000769,48.4813901669241,49.9180072577114,66.9935352718119,54.9583468709622,48.8242532504833,57.0642317257255,61.1515391319288,52.2877967413615,59.8308677829578,65.7245518201028,65.7864494703443,61.7936429564666,66.1785031559245,63.7615196143097,47.6530883711314,60.0281711469857,56.6688537132001,53.8183715068751,64.1517897394145,58.5809269554426
57.6326279485388,64.8599705200713,67.6865974927917,54.5781439571043,58.2443916221503,61.7634847670437,64.8165409507501,65.4968498973426,59.4562041097844,62.118069628747,61.7793523000769,48.4813901669241,49.9180072577114,66.9935352718119,54.9583468709622,48.8242532504833,57.0642317257255,61.1515391319288,52.2877967413615,59.8308677829578,65.7245518201028,65.7864494703443,61.7936429564666,66.1785031559245,63.7615196143097,47.6530883711314,60.0281711469857,56.6688537132001,53.8183715068751,64.3356042765372,58.5809269554426
57.6326279485388,64.8599705200713,67.6865974927917,54.5781439571043,58.2443916221503,61.7634847670437,64.8165409507501,65.4968498973426,59.4562041097844,62.118069628747,61.7793523000769,48.4813901669241,49.9180072577114,66.9935352718119,55.3594650646732,48.8242532504833,57.0642317257255,61.1515391319288,52.2877967413615,59.8308677829578,65.7245518201028,65.7864494703443,63.4801804624285,66.1785031559245,63.7615196143097,47.6530883711314,60.0281711469857,56.6688537132001,53.8183715068751,64.3356042765372,59.3412368641249
57.6326279485388,64.8599705200713,67.6865974927917,54.5781439571043,58.2443916221503,61.7634847670437,64.8165409507501,65.4968498973426,59.4562041097844,62.118069628747,61.7793523000769,48.4813901669241,49.9180072577114,66.9935352718119,55.3594650646732,48.8242532504833,57.0642317257255,61.1515391319288,52.2877967413615,59.8308677829578,65.7245518201028,65.7864494703443,63.4801804624285,66.1785031559245,64.2929700094363,47.6530883711314,60.0281711469857,56.6688537132001,53.8183715068751,64.3356042765372,59.3412368641249
57.6326279485388,64.8599705200713,67.6865974927917,54.5781439571043,58.2443916221503,61.7634847670437,64.8165409507501,65.4968498973426,59.4562041097844,62.118069628747,61.7793523000769,48.4813901669241,49.9180072577114,66.9935352718119,55.3594650646732,48.8242532504833,57.0642317257255,61.1515391319288,52.2877967413615,59.8308677829578,65.7245518201028,65.7864494703443,63.4801804624285,66.1785031559245,64.2929700094363,47.6530883711314,60.0281711469857,56.6688537132001,53.8183715068751,64.3356042765372,59.3412368641249
57.6326279485388,64.8599705200713,67.6865974927917,54.5781439571043,58.2443916221503,61.7634847670437,64.8165409507501,65.4968498973426,59.4562041097844,62.118069628747,61.7793523000769,48.4813901669241,49.9180072577114,66.9935352718119,55.3594650646732,48.8242532504833,57.0773751889714,61.1515391319288,52.3583883564431,59.8308677829578,65.7245518201028,65.7864494703443,63.4801804624285,66.1785031559245,64.2929700094363,47.6530883711314,60.0281711469857,56.6688537132001,54.1630378622195,64.3356042765372,59.3412368641249
57.6326279485388,64.8599705200713,67.6865974927917,54.5781439571043,58.2443916221503,61.7634847670437,64.8165409507501,65.4968498973426,59.4562041097844,62.118069628747,61.7793523000769,48.4813901669241,49.9180072577114,66.9935352718119,55.3594650646732,48.8242532504833,57.0773751889714,61.1515391319288,52.3583883564431,59.8308677829578,65.7245518201028,65.7864494703443,63.4801804624285,66.1785031559245,64.2929700094363,47.6530883711314,60.2015862970508,56.6688537132001,54.5755429407018,64.3356042765372,59.3412368641249
57.6326279485388,64.8599705200713,67.6865974927917,54.5781439571043,58.2443916221503,61.7634847670437,64.8165409507501,65.4968498973426,59.4562041097844,62.118069628747,61.7793523000769,48.4813901669241,49.9180072577114,66.9935352718119,55.3594650646732,48.8242532504833,57.0773751889714,61.660924746547,52.3583883564431,59.8308677829578,65.7245518201028,65.7864494703443,63.4801804624285,66.1785031559245,64.2929700094363,47.6530883711314,60.2015862970508,56.6688537132001,54.5755429407018,64.9171452202711,59.3412368641249
57.6326279485388,64.8599705200713,67.6865974927917,54.5781439571043,58.2443916221503,61.7634847670437,64.8165409507501,65.4968498973426,59.4562041097844,62.118069628747,61.7793523000769,48.4813901669241,52.0869674686482,66.9935352718119,55.3594650646732,48.9429380978051,57.0773751889714,61.660924746547,52.3583883564431,59.8308677829578,65.7245518201028,65.7864494703443,63.4801804624285,66.1785031559245,64.2929700094363,47.6530883711314,60.2015862970508,56.6688537132001,54.5755429407018,64.9171452202711,59.3412368641249
57.6326279485388,64.8599705200713,68.0885008440227,54.5781439571043,58.2443916221503,61.7634847670437,64.8165409507501,65.4968498973426,59.4562041097844,62.118069628747,61.7793523000769,48.4813901669241,52.0869674686482,66.9935352718119,55.3594650646732,48.9429380978051,57.0773751889714,61.660924746547,52.3583883564431,59.8308677829578,65.7245518201028,65.7864494703443,63.4801804624285,66.1785031559245,64.2929700094363,47.6530883711314,60.2015862970508,56.6688537132001,54.5755429407018,64.9171452202711,59.3412368641249
57.6326279485388,64.8599705200713,68.0885008440227,54.5781439571043,58.2443916221503,61.7634847670437,64.8165409507501,65.4968498973426,59.4562041097844,63.1154782596767,61.7793523000769,48.4813901669241,52.0869674686482,66.9935352718119,55.3594650646732,48.9429380978051,57.0773751889714,61.660924746547,52.3583883564431,59.8308677829578,65.7245518201028,65.7864494703443,63.4801804624285,66.1785031559245,64.2929700094363,47.6530883711314,60.2015862970508,56.6688537132001,54.5755429407018,64.9171452202711,59.3412368641249
57.6326279485388,64.8599705200713,68.0885008440227,54.5781439571043,58.2443916221503,61.7634847670437,65.0769997303011,65.4968498973426,59.4562041097844,63.1154782596767,61.7793523000769,48.4813901669241,52.0869674686482,66.9935352718119,55.3594650646732,48.9429380978051,57.0773751889714,61.660924746547,52.3583883564431,59.8308677829578,65.7245518201028,65.7864494703443,63.4801804624285,66.1785031559245,64.2929700094363,47.6530883711314,60.2015862970508,56.6688537132001,54.5755429407018,64.9171452202711,59.3412368641249
57.6326279485388,64.8599705200713,68.0885008440227,54.5781439571043,58.2443916221503,61.7634847670437,65.0769997303011,65.4968498973426,59.4562041097844,63.1154782596767,61.7793523000769,48.4813901669241,52.0869674686482,66.9935352718119,55.3594650646732,48.9429380978051,57.0773751889714,61.660924746547,52.3583883564431,59.8308677829578,65.7245518201028,65.7864494703443,63.4801804624285,66.1785031559245,64.2929700094363,47.6530883711314,60.2015862970508,58.6866372230055,54.5755429407018,64.9171452202711,60.1460535056352
57.6326279485388,64.8599705200713,68.0885008440227,54.5781439571043,58.2443916221503,61.7634847670437,65.0769997303011,65.4968498973426,59.4562041097844,63.1154782596767,61.7793523000769,48.4813901669241,52.0869674686482,66.9935352718119,55.3594650646732,48.9429380978051,57.0773751889714,61.660924746547,52.3583883564431,59.8308677829578,65.7245518201028,65.7864494703443,64.3328260641442,66.1785031559245,64.2929700094363,47.6530883711314,60.2015862970508,58.6866372230055,54.5755429407018,64.9171452202711,60.1460535056352
57.6326279485388,64.8599705200713,68.0885008440227,54.5781439571043,58.2443916221503,61.7634847670437,65.0769997303011,65.4968498973426,59.4562041097844,63.1154782596767,61.7793523000769,48.4813901669241,52.0869674686482,66.9935352718119,55.3594650646732,48.9429380978051,57.0773751889714,61.660924746547,52.3583883564431,59.8308677829578,65.7245518201028,65.7864494703443,64.3328260641442,66.1785031559245,64.2929700094363,47.6530883711314,60.2015862970508,58.6866372230055,54.5755429407018,64.9171452202711,60.1460535056352
57.6326279485388,64.8599705200713,68.0885008440227,54.5781439571043,58.2443916221503,61.7634847670437,65.0769997303011,65.4968498973426,59.4562041097844,63.1154782596767,61.7793523000769,48.6377946550367,52.0869674686482,66.9935352718119,55.3594650646732,48.9429380978051,57.0773751889714,61.660924746547,52.3583883564431,59.8308677829578,65.7245518201028,65.7864494703443,64.3328260641442,66.1785031559245,64.2929700094363,47.6530883711314,60.2015862970508,58.6866372230055,54.5755429407018,64.9171452202711,60.1460535056352
57.6326279485388,64.8599705200713,68.0885008440227,54.5781439571043,58.2443916221503,61.7634847670437,65.0769997303011,65.4968498973426,59.5536920747297,63.1154782596767,61.7793523000769,48.6377946550367,52.0869674686482,66.9935352718119,55.3594650646732,48.9429380978051,57.1469540469291,61.660924746547,52.3583883564431,59.8308677829578,65.7245518201028,65.7864494703443,64.3328260641442,66.1785031559245,64.2929700094363,47.6530883711314,60.3042047534398,58.6866372230055,54.5755429407018,64.9171452202711,60.1460535056352
57.6326279485388,64.8599705200713,68.0885008440227,54.5781439571043,58.2443916221503,61.7634847670437,65.0769997303011,65.4968498973426,59.5536920747297,63.1154782596767,61.7793523000769,48.6377946550367,52.0869674686482,66.9935352718119,55.3594650646732,48.9429380978051,57.1469540469291,61.660924746547,52.3583883564431,59.8308677829578,65.7245518201028,65.7864494703443,64.3328260641442,66.1785031559245,64.2929700094363,47.6530883711314,60.3042047534398,58.6866372230055,55.1328397456972,64.9171452202711,60.1460535056352
57.6326279485388,64.8599705200713,68.0885008440227,54.5781439571043,58.2443916221503,61.7634847670437,65.0769997303011,65.4968498973426,59.5536920747297,63.1154782596767,61.7793523000769,48.6377946550367,52.0869674686482,66.9935352718119,55.3594650646732,48.9429380978051,57.1469540469291,61.660924746547,52.3583883564431,59.8308677829578,65.7245518201028,65.7864494703443,64.3328260641442,66.1785031559245,64.2929700094363,47.6530883711314,60.3042047534398,58.6866372230055,55.1328397456972,64.9171452202711,60.1460535056352
57.6326279485388,64.8599705200713,68.0885008440227,54.5781439571043,58.2443916221503,61.7634847670437,65.0769997303011,65.4968498973426,59.5536920747297,63.1154782596767,61.7793523000769,48.6377946550367,54.8694937038437,66.9935352718119,55.3594650646732,48.9429380978051,57.1469540469291,61.660924746547,52.3583883564431,59.8308677829578,65.7245518201028,65.7864494703443,64.3328260641442,66.1785031559245,64.2929700094363,47.6530883711314,60.3042047534398,58.6866372230055,55.1328397456972,64.9171452202711,60.1460535056352
57.6326279485388,64.8599705200713,68.0885008440227,54.5781439571043,58.2443916221503,61.7634847670437,65.0769997303011,65.4968498973426,59.5536920747297,63.1154782596767,61.7793523000769,48.6377946550367,54.8694937038437,66.9935352718119,55.3594650646732,48.9429380978051,57.1469540469291,61.660924746547,52.3583883564431,59.8308677829578,66.1170823228116,65.7864494703443,64.3328260641442,66.1785031559245,64.2929700094363,47.6530883711314,60.3042047534398,58.6866372230055,55.1328397456972,64.9171452202711,60.1460535056352
57.6326279485388,64.8599705200713,68.0885008440227,54.680372611248,58.2443916221503,61.7634847670437,65.0769997303011,65.4968498973426,59.5536920747297,63.1154782596767,61.7793523000769,48.6377946550367,54.8694937038437,66.9935352718119,55.3594650646732,48.9429380978051,57.1469540469291,61.660924746547,52.3583883564431,59.8308677829578,66.1170823228116,65.7864494703443,64.3328260641442,66.1785031559245,64.2929700094363,47.6530883711314,60.3042047534398,58.6866372230055,55.1328397456972,64.9171452202711,60.1460535056352
57.6326279485388,64.8599705200713,68.0885008440227,54.680372611248,58.2443916221503,61.7634847670437,65.0769997303011,65.4968498973426,59.5536920747297,63.1154782596767,61.7793523000769,48.6377946550367,54.8694937038437,66.9935352718119,55.3594650646732,48.9429380978051,57.1469540469291,61.660924746547,52.3583883564431,59.8308677829578,66.1170823228116,65.7864494703443,64.3328260641442,66.1785031559245,64.2929700094363,47.6530883711314,60.3042047534398,58.6866372230055,55.1328397456972,64.9171452202711,60.6561526985282
57.6326279485388,64.8599705200713,68.0885008440227,54.680372611248,58.2443916221503,61.7634847670437,65.0998793207882,65.4968498973426,59.5536920747297,63.1154782596767,61.7793523000769,48.6377946550367,54.8694937038437,66.9935352718119,55.3594650646732,48.9429380978051,57.1469540469291,61.660924746547,52.3583883564431,59.8308677829578,66.1170823228116,65.7864494703443,64.3328260641442,66.1785031559245,64.3566489722686,47.6530883711314,60.3042047534398,58.6866372230055,55.1328397456972,64.9171452202711,60.6561526985282
57.6326279485388,64.8599705200713,68.0885008440227,54.680372611248,58.2443916221503,61.7634847670437,65.0998793207882,65.4968498973426,59.5536920747297,63.1154782596767,61.7793523000769,48.6377946550367,54.8694937038437,66.9935352718119,55.3594650646732,48.9429380978051,57.1469540469291,61.660924746547,52.3583883564431,59.8308677829578,66.1170823228116,65.7864494703443,64.3328260641442,66.1785031559245,64.3566489722686,47.6530883711314,60.3042047534398,58.6866372230055,55.1328397456972,64.9171452202711,60.6561526985282
57.6326279485388,64.8599705200713,68.0885008440227,54.680372611248,58.2443916221503,61.7634847670437,65.0998793207882,65.4968498973426,59.5536920747297,63.1154782596767,61.7793523000769,48.6377946550367,54.8694937038437,66.9935352718119,55.3594650646732,48.9429380978051,57.1469540469291,61.660924746547,52.3583883564431,59.8308677829578,66.1170823228116,65.7882563111224,64.3328260641442,66.1785031559245,64.3566489722686,47.6530883711314,60.3042047534398,58.6866372230055,55.1328397456972,64.9171452202711,60.6561526985282
57.6326279485388,64.8599705200713,68.0885008440227,54.680372611248,58.2443916221503,61.7634847670437,65.0998793207882,65.4968498973426,59.5536920747297,63.1154782596767,61.7793523000769,48.6377946550367,54.8694937038437,66.9935352718119,55.3594650646732,48.9429380978051,57.1469540469291,61.660924746547,52.3583883564431,59.8308677829578,66.1170823228116,65.7882563111224,64.3328260641442,66.1785031559245,64.3566489722686,47.6530883711314,60.3042047534398,58.6866372230055,55.1328397456972,64.9171452202711,60.6561526985282
57.6326279485388,64.8599705200713,68.0885008440227,54.680372611248,58.2443916221503,61.7634847670437,65.0998793207882,65.4968498973426,61.0675224603116,63.1154782596767,61.7793523000769,48.6990856805304,54.8694937038437,66.9935352718119,55.3594650646732,48.9429380978051,57.1469540469291,61.660924746547,52.3583883564431,59.8308677829578,66.1170823228116,65.7882563111224,64.3328260641442,66.1785031559245,64.3566489722686,47.6530883711314,60.3042047534398,58.6866372230055,55.1328397456972,64.9171452202711,60.6561526985282
57.6326279485388,64.8599705200713,68.0885008440227,54.680372611248,58.2443916221503,61.7634847670437,65.0998793207882,65.4968498973426,61.0675224603116,63.1154782596767,61.7793523000769,48.6990856805304,54.8694937038437,66.9935352718119,55.9724043168885,48.9429380978051,57.1469540469291,61.660924746547,52.3583883564431,59.8308677829578,66.1170823228116,65.7882563111224,64.3328260641442,66.1785031559245,64.3566489722686,47.6530883711314,60.3042047534398,58.6866372230055,55.1328397456972,64.9171452202711,60.6561526985282
57.6326279485388,64.8599705200713,68.0885008440227,54.680372611248,58.2443916221503,61.7634847670437,65.0998793207882,65.4968498973426,61.0675224603116,63.1154782596767,61.7793523000769,48.6990856805304,54.8694937038437,66.9935352718119,55.9724043168885,48.9429380978051,57.1469540469291,61.660924746547,52.3583883564431,59.8308677829578,66.1170823228116,65.7882563111224,64.3328260641442,66.1785031559245,64.3566489722686,47.6530883711314,60.3042047534398,58.6866372230055,55.1328397456972,64.9171452202711,60.6561526985282
57.6326279485388,64.8599705200713,68.0885008440227,54.680372611248,58.2443916221503,61.7634847670437,65.0998793207882,65.4968498973426,61.0675224603116,63.1154782596767,61.7793523000769,48.6990856805304,54.8694937038437,66.9935352718119,55.9724043168885,48.9429380978051,57.1469540469291,61.660924746547,52.3583883564431,59.8308677829578,66.1170823228116,65.7882563111224,64.3328260641442,66.1785031559245,64.3566489722686,47.6530883711314,60.3042047534398,58.6866372230055,55.1328397456972,64.9171452202711,60.6561526985282
57.6326279485388,64.8599705200713,68.0885008440227,54.680372611248,58.2443916221503,61.7634847670437,65.0998793207882,65.4968498973426,61.0675224603116,63.1154782596767,61.7793523000769,48.6990856805304,54.8694937038437,66.9935352718119,55.9724043168885,48.9429380978051,57.1469540469291,61.660924746547,52.3583883564431,59.8308677829578,66.1170823228116,65.7882563111224,64.3328260641442,66.1785031559245,64.3566489722686,47.6530883711314,60.3042047534398,58.6866372230055,55.1328397456972,64.9171452202711,60.6561526985282
57.6326279485388,64.8599705200713,68.0885008440227,54.680372611248,58.2443916221503,61.7634847670437,65.0998793207882,65.4968498973426,61.0675224603116,63.1154782596767,61.7793523000769,48.6990856805304,54.8694937038437,66.9935352718119,55.9724043168885,48.9429380978051,57.1469540469291,61.660924746547,52.3583883564431,59.8308677829578,66.1170823228116,65.7882563111224,64.3328260641442,66.1785031559245,64.3566489722686,47.6530883711314,60.3042047534398,60.2837542806852,55.1328397456972,64.9171452202711,60.6561526985282
57.6326279485388,64.8599705200713,68.0885008440227,54.680372611248,58.2443916221503,61.7634847670437,65.0998793207882,65.4968498973426,61.0675224603116,63.1154782596767,61.7793523000769,48.6990856805304,54.8694937038437,66.9935352718119,55.9724043168885,48.9429380978051,57.1469540469291,61.660924746547,52.3583883564431,59.8308677829578,66.1170823228116,65.7882563111224,64.3328260641442,66.1785031559245,64.3566489722686,47.6530883711314,60.3042047534398,60.2837542806852,55.1328397456972,64.9171452202711,60.8854286447136
57.6326279485388,64.8599705200713,68.0885008440227,54.680372611248,58.2443916221503,61.7634847670437,65.0998793207882,65.4968498973426,61.0675224603116,63.1154782596767,61.7793523000769,48.6990856805304,54.8694937038437,66.9935352718119,55.9724043168885,48.9429380978051,57.1469540469291,61.660924746547,52.3583883564431,59.8308677829578,66.1170823228116,65.7882563111224,64.3328260641442,66.1785031559245,64.3566489722686,47.6530883711314,60.3042047534398,60.2837542806852,55.1328397456972,64.9171452202711,60.8854286447136
57.6326279485388,64.8599705200713,68.0885008440227,54.680372611248,58.265929180271,61.7634847670437,65.0998793207882,65.4968498973426,61.0675224603116,63.1154782596767,61.7793523000769,48.6990856805304,54.8694937038437,66.9935352718119,55.9724043168885,48.9429380978051,57.1469540469291,61.660924746547,52.3583883564431,59.8308677829578,66.1170823228116,65.7882563111224,64.3328260641442,66.1785031559245,64.3566489722686,47.6530883711314,60.3042047534398,60.2837542806852,55.1328397456972,64.9171452202711,60.8854286447136
57.6326279485388,64.8599705200713,68.0885008440227,54.680372611248,58.265929180271,61.7634847670437,65.0998793207882,65.4968498973426,61.0675224603116,63.1154782596767,61.7793523000769,48.6990856805304,54.8694937038437,67.0378345673211,55.9724043168885,48.9429380978051,57.1469540469291,61.660924746547,52.3583883564431,59.8308677829578,66.1170823228116,65.7995134320768,64.4811468321876,66.1785031559245,64.3566489722686,47.6530883711314,60.3042047534398,60.2837542806852,55.1328397456972,64.9171452202711,60.8854286447136
57.6326279485388,64.8599705200713,68.0885008440227,54.680372611248,58.265929180271,61.7634847670437,65.0998793207882,65.4968498973426,61.0675224603116,63.1154782596767,61.7793523000769,48.6990856805304,54.8694937038437,67.0378345673211,55.9724043168885,48.9429380978051,57.1469540469291,61.660924746547,52.3583883564431,59.8308677829578,66.1170823228116,65.7995134320768,64.4811468321876,66.1785031559245,64.3566489722686,47.6530883711314,60.3626589344469,60.2837542806852,55.1328397456972,64.9171452202711,60.8854286447136
57.6326279485388,64.8599705200713,68.0885008440227,54.680372611248,58.265929180271,62.0909240243805,65.0998793207882,65.4968498973426,61.0675224603116,63.1154782596767,61.7793523000769,48.6990856805304,54.8694937038437,67.0378345673211,55.9724043168885,48.9429380978051,57.1469540469291,61.660924746547,52.3583883564431,59.8308677829578,66.1170823228116,65.7995134320768,64.4811468321876,66.1785031559245,64.3566489722686,47.6530883711314,60.3626589344469,60.2837542806852,55.1328397456972,64.9171452202711,60.8854286447136
57.6326279485388,64.8599705200713,68.0885008440227,54.680372611248,58.265929180271,62.0909240243805,65.0998793207882,65.4968498973426,61.0675224603116,63.1154782596767,61.7793523000769,48.6990856805304,54.8694937038437,67.0378345673211,55.9724043168885,48.9429380978051,57.1469540469291,61.660924746547,53.039090512713,59.8308677829578,66.1170823228116,65.7995134320768,64.4811468321876,66.1785031559245,64.3566489722686,47.6530883711314,60.3626589344469,60.2837542806852,55.1328397456972,64.9171452202711,60.8854286447136
57.6326279485388,64.8599705200713,68.0885008440227,54.680372611248,58.265929180271,62.0909240243805,65.0998793207882,65.4968498973426,61.0675224603116,63.1154782596767,61.7793523000769,48.6990856805304,54.8694937038437,67.0378345673211,55.9724043168885,48.9429380978051,57.1469540469291,61.660924746547,53.039090512713,59.8308677829578,66.1170823228116,65.7995134320768,64.4811468321876,67.0622122336868,64.3566489722686,47.6530883711314,60.3626589344469,60.2837542806852,55.1328397456972,64.9171452202711,60.8854286447136
57.6326279485388,64.8599705200713,68.0885008440227,54.680372611248,58.265929180271,62.0909240243805,65.0998793207882,65.4968498973426,61.0675224603116,63.1154782596767,61.7793523000769,48.6990856805304,54.8694937038437,67.0378345673211,55.9724043168885,48.9429380978051,57.1469540469291,61.660924746547,53.039090512713,59.8308677829578,66.1170823228116,65.7995134320768,64.4811468321876,67.0622122336868,64.3566489722686,47.6530883711314,60.3626589344469,60.2837542806852,55.1328397456972,64.9171452202711,60.8854286447136
57.6326279485388,64.8599705200713,68.0885008440227,54.680372611248,58.265929180271,62.0909240243805,65.0998793207882,65.4968498973426,61.0675224603116,63.1154782596767,61.7793523000769,48.6990856805304,56.9216100744002,67.0378345673211,55.9724043168885,48.9429380978051,57.1469540469291,61.660924746547,53.039090512713,59.8308677829578,66.1170823228116,65.7995134320768,64.4811468321876,67.0622122336868,64.3566489722686,47.6530883711314,60.3626589344469,60.2837542806852,55.1328397456972,64.9171452202711,60.8854286447136
57.6326279485388,64.8599705200713,68.0885008440227,54.680372611248,58.265929180271,62.0909240243805,65.0998793207882,65.4968498973426,61.0675224603116,63.1154782596767,61.7793523000769,48.6990856805304,56.9216100744002,67.0378345673211,55.9724043168885,49.0483353232033,57.1469540469291,61.660924746547,53.039090512713,59.8308677829578,66.1170823228116,65.7995134320768,64.4811468321876,67.0622122336868,64.3566489722686,47.6530883711314,60.3626589344469,60.2837542806852,55.1328397456972,64.9171452202711,61.2456423997029
57.6326279485388,64.8876225184064,68.0885008440227,54.680372611248,58.265929180271,62.0909240243805,65.0998793207882,65.4968498973426,61.0675224603116,63.1154782596767,61.7793523000769,48.6990856805304,56.9216100744002,67.0378345673211,55.9724043168885,49.0483353232033,57.1469540469291,61.660924746547,53.039090512713,59.8308677829578,66.1170823228116,65.7995134320768,64.4811468321876,67.0622122336868,64.3566489722686,47.6530883711314,60.3626589344469,60.2837542806852,55.1328397456972,64.9171452202711,61.2456423997029
57.6326279485388,64.8876225184064,68.0885008440227,54.680372611248,58.265929180271,62.0909240243805,65.0998793207882,65.4968498973426,61.0675224603116,63.6665795391136,61.7793523000769,48.6990856805304,56.9216100744002,67.0378345673211,55.9724043168885,49.0483353232033,57.1469540469291,61.660924746547,53.039090512713,59.8308677829578,66.1170823228116,65.7995134320768,64.4811468321876,67.0622122336868,64.3877005750907,47.6530883711314,60.3626589344469,60.2837542806852,55.1328397456972,64.9171452202711,61.2456423997029
57.6326279485388,64.8876225184064,68.0885008440227,54.680372611248,58.265929180271,62.0909240243805,65.0998793207882,65.4968498973426,61.0675224603116,63.6665795391136,61.7793523000769,48.6990856805304,56.9216100744002,67.0378345673211,55.9724043168885,49.0483353232033,57.1469540469291,61.660924746547,53.039090512713,59.8308677829578,66.1170823228116,65.7995134320768,64.4907174004529,67.0622122336868,64.3877005750907,47.6530883711314,60.3626589344469,60.2837542806852,55.1328397456972,64.9171452202711,61.2456423997029
57.6326279485388,64.8876225184064,68.0885008440227,54.680372611248,58.265929180271,62.0909240243805,65.0998793207882,65.4968498973426,61.0675224603116,63.6665795391136,61.7793523000769,48.6990856805304,56.9216100744002,67.1740787334576,55.9724043168885,49.0483353232033,57.1469540469291,61.660924746547,53.039090512713,59.8308677829578,66.1170823228116,65.7995134320768,64.4907174004529,67.0622122336868,64.3877005750907,47.6530883711314,60.3626589344469,60.2837542806852,55.1328397456972,64.9171452202711,61.2456423997029
57.6326279485388,64.8876225184064,68.0885008440227,54.680372611248,58.265929180271,62.0909240243805,65.0998793207882,65.4968498973426,61.0675224603116,63.6665795391136,61.7793523000769,48.6990856805304,56.9216100744002,67.1740787334576,55.9724043168885,49.0483353232033,57.1469540469291,61.660924746547,53.039090512713,59.8308677829578,66.1170823228116,65.7995134320768,64.4907174004529,67.0622122336868,64.3877005750907,47.6530883711314,60.3626589344469,60.2837542806852,55.1328397456972,64.9171452202711,61.2456423997029
57.6326279485388,64.8876225184064,68.0885008440227,54.680372611248,58.265929180271,62.0909240243805,65.0998793207882,65.4968498973426,61.0675224603116,63.6665795391136,61.7793523000769,48.6990856805304,56.9216100744002,67.1740787334576,55.9724043168885,49.0483353232033,57.1469540469291,61.660924746547,53.039090512713,59.8308677829578,66.1170823228116,65.7995134320768,64.4907174004529,67.0622122336868,64.3877005750907,47.6530883711314,60.3626589344469,60.2837542806852,55.1328397456972,64.9171452202711,61.2456423997029
57.6326279485388,64.8876225184064,68.0885008440227,54.680372611248,58.265929180271,62.0909240243805,65.0998793207882,65.4968498973426,61.0675224603116,63.6665795391136,61.7793523000769,48.6990856805304,56.9216100744002,67.1740787334576,55.9724043168885,49.0483353232033,57.1469540469291,61.660924746547,53.039090512713,59.8308677829578,66.1170823228116,65.7995134320768,64.4907174004529,67.0622122336868,64.3877005750907,47.6530883711314,60.3702069086709,60.2837542806852,55.1328397456972,64.9171452202711,61.2456423997029
57.6326279485388,64.8876225184064,68.0885008440227,54.680372611248,58.265929180271,62.0909240243805,65.0998793207882,65.4968498973426,61.0675224603116,63.6665795391136,61.7793523000769,48.6990856805304,56.9216100744002,67.1740787334576,55.9724043168885,49.0483353232033,57.2685117769014,61.660924746547,53.3614334413868,59.8308677829578,66.1170823228116,65.7995134320768,64.4907174004529,67.0622122336868,64.3877005750907,47.6530883711314,60.3702069086709,60.2837542806852,55.1328397456972,65.2203360756072,61.2456423997029
57.6326279485388,64.8876225184064,68.0885008440227,54.680372611248,58.265929180271,62.0909240243805,65.0998793207882,65.4968498973426,61.0675224603116,63.6665795391136,61.7793523000769,48.6990856805304,56.9216100744002,67.1740787334576,55.9724043168885,49.0483353232033,57.2685117769014,61.660924746547,53.3614334413868,59.8308677829578,66.1170823228116,65.7995134320768,64.4907174004529,67.0622122336868,64.3877005750907,47.6530883711314,60.3702069086709,60.2837542806852,55.1328397456972,65.2203360756072,61.2456423997029
57.6326279485388,64.8876225184064,68.0885008440227,54.680372611248,58.265929180271,62.0909240243805,65.0998793207882,65.4968498973426,61.0675224603116,63.6665795391136,61.7793523000769,48.6990856805304,56.9216100744002,67.1740787334576,55.9724043168885,49.0483353232033,57.2685117769014,61.660924746547,53.3614334413868,59.8308677829578,66.1170823228116,65.7995134320768,64.4907174004529,67.0622122336868,64.3877005750907,47.6530883711314,60.3702069086709,60.2837542806852,55.1328397456972,65.2203360756072,61.479786862786
58.0935282890614,64.8876225184064,68.0885008440227,54.680372611248,58.265929180271,62.0909240243805,65.0998793207882,65.4968498973426,61.0675224603116,63.6665795391136,61.7793523000769,48.6990856805304,56.9216100744002,67.1740787334576,55.9724043168885,49.0483353232033,57.2685117769014,61.660924746547,53.3614334413868,59.8308677829578,66.1170823228116,65.7995134320768,64.4907174004529,67.0622122336868,64.3877005750907,47.6530883711314,60.3702069086709,60.2837542806852,55.1328397456972,65.2203360756072,61.479786862786
58.0935282890614,64.8876225184064,68.0885008440227,54.680372611248,58.265929180271,62.0909240243805,65.0998793207882,65.4968498973426,61.0675224603116,63.6665795391136,61.7793523000769,48.6990856805304,56.9216100744002,67.1740787334576,55.9724043168885,49.3246897708076,57.2685117769014,61.660924746547,53.3614334413868,59.8308677829578,66.1170823228116,65.7995134320768,64.4907174004529,67.0622122336868,64.3877005750907,49.8537755692688,60.3702069086709,60.2837542806852,55.1328397456972,65.2203360756072,61.479786862786
58.0935282890614,64.8876225184064,68.0885008440227,54.680372611248,58.265929180271,62.0909240243805,65.0998793207882,65.4968498973426,61.0675224603116,63.6665795391136,61.7793523000769,48.6990856805304,56.9216100744002,67.1740787334576,55.9724043168885,49.3246897708076,57.2685117769014,61.660924746547,53.3614334413868,59.8308677829578,66.1170823228116,65.7995134320768,64.4907174004529,67.0622122336868,64.3877005750907,49.8537755692688,60.3735459749106,60.2837542806852,55.1328397456972,65.2203360756072,61.479786862786
58.0935282890614,64.8876225184064,68.0885008440227,54.680372611248,58.265929180271,62.0909240243805,65.0998793207882,65.4968498973426,61.0675224603116,63.6665795391136,61.7793523000769,48.6990856805304,56.9216100744002,67.1740787334576,55.9724043168885,49.3246897708076,57.2685117769014,61.8407755934236,53.3614334413868,59.8308677829578,66.1170823228116,65.7995134320768,64.4907174004529,67.0622122336868,64.3877005750907,49.8537755692688,60.3735459749106,60.2837542806852,55.1328397456972,65.2203360756072,61.479786862786
58.0935282890614,64.8876225184064,68.0885008440227,54.680372611248,58.265929180271,62.0909240243805,65.1573930972583,65.4968498973426,61.0675224603116,63.6665795391136,61.7793523000769,48.6990856805304,56.9216100744002,67.1740787334576,55.9724043168885,49.3246897708076,57.2685117769014,61.8407755934236,53.3614334413868,59.8308677829578,66.1170823228116,65.9047161352057,64.4907174004529,67.0622122336868,64.3877005750907,49.8537755692688,60.3735459749106,60.2837542806852,55.1328397456972,65.2203360756072,61.479786862786
58.0935282890614,64.8876225184064,68.0885008440227,54.680372611248,58.2955458934411,62.0909240243805,65.1573930972583,65.4968498973426,61.0675224603116,63.6665795391136,61.7793523000769,48.6990856805304,56.9216100744002,67.1740787334576,55.9724043168885,49.3246897708076,57.2685117769014,61.8407755934236,53.3614334413868,59.8308677829578,66.1170823228116,65.9047161352057,64.4907174004529,67.0622122336868,64.3877005750907,49.8537755692688,60.3735459749106,60.2837542806852,55.1328397456972,65.2203360756072,61.479786862786
58.0935282890614,64.8876225184064,68.0885008440227,54.680372611248,58.2955458934411,62.0909240243805,65.1573930972583,65.4968498973426,61.0675224603116,63.6665795391136,61.7793523000769,48.6990856805304,56.9216100744002,67.1740787334576,56.7417255872124,49.3246897708076,57.2685117769014,61.8407755934236,53.3614334413868,59.8308677829578,66.1170823228116,65.9047161352057,64.4907174004529,67.0622122336868,64.3877005750907,49.8537755692688,60.3735459749106,60.2837542806852,55.1328397456972,65.2203360756072,61.479786862786
58.0935282890614,64.8876225184064,68.0885008440227,54.680372611248,58.2955458934411,62.0909240243805,65.1573930972583,65.4968498973426,61.0675224603116,63.6665795391136,61.7793523000769,48.6990856805304,56.9216100744002,67.1740787334576,56.7417255872124,49.3246897708076,57.2685117769014,61.8407755934236,53.3614334413868,59.8308677829578,66.1170823228116,65.9047161352057,64.4907174004529,67.0622122336868,64.3877005750907,49.8537755692688,60.3735459749106,60.2837542806852,55.2561761056761,65.2203360756072,61.479786862786
58.0935282890614,64.8876225184064,68.0885008440227,54.680372611248,58.2955458934411,62.0909240243805,65.1573930972583,65.4968498973426,61.0675224603116,63.6665795391136,61.7793523000769,48.6990856805304,56.9216100744002,67.1740787334576,56.7417255872124,49.3246897708076,57.2685117769014,61.8407755934236,53.3614334413868,59.8308677829578,66.1170823228116,65.9047161352057,64.4907174004529,67.0622122336868,64.3877005750907,49.8537755692688,60.3735459749106,60.2837542806852,55.2561761056761,65.2203360756072,61.479786862786
58.0935282890614,64.8876225184064,68.0885008440227,54.680372611248,58.2955458934411,62.0909240243805,65.1573930972583,65.4968498973426,61.0675224603116,63.6665795391136,61.7793523000769,48.6990856805304,56.9216100744002,67.1740787334576,56.7417255872124,49.3246897708076,57.3116596370311,61.8407755934236,53.3614334413868,59.8308677829578,66.1170823228116,65.9047161352057,64.4907174004529,67.0622122336868,64.3877005750907,49.8537755692688,60.3735459749106,60.2837542806852,55.2561761056761,65.2203360756072,61.7656173640339
58.0935282890614,64.8876225184064,68.0885008440227,54.680372611248,58.2955458934411,62.0909240243805,65.1573930972583,65.4968498973426,61.0675224603116,63.6665795391136,61.7793523000769,48.6990856805304,56.9216100744002,67.1740787334576,56.7417255872124,49.3246897708076,57.3116596370311,61.8407755934236,53.3614334413868,59.8308677829578,66.1170823228116,65.9047161352057,64.4907174004529,67.0622122336868,64.3877005750907,49.8537755692688,60.3735459749106,60.2837542806852,55.2561761056761,65.2203360756072,61.7656173640339
58.0935282890614,64.8876225184064,68.0885008440227,54.7585863647624,58.2955458934411,62.0909240243805,65.1573930972583,65.4968498973426,61.0675224603116,63.6665795391136,61.7793523000769,48.6990856805304,56.9216100744002,67.1740787334576,56.7417255872124,49.3246897708076,57.3116596370311,61.8407755934236,53.3614334413868,59.8308677829578,66.1170823228116,65.9047161352057,64.4907174004529,67.0622122336868,64.3877005750907,49.8537755692688,60.3735459749106,60.2837542806852,55.2561761056761,65.2203360756072,61.7656173640339
58.0935282890614,64.8876225184064,68.0885008440227,54.7585863647624,58.2955458934411,62.0909240243805,65.1573930972583,65.4968498973426,61.0675224603116,63.6665795391136,62.9202264998915,48.6990856805304,56.9216100744002,67.1740787334576,56.7417255872124,49.3246897708076,57.3116596370311,61.8407755934236,53.3614334413868,59.8308677829578,66.1170823228116,65.9047161352057,64.4907174004529,67.0622122336868,64.6766783138919,49.8537755692688,60.3735459749106,60.2837542806852,55.2561761056761,65.2203360756072,61.7656173640339
58.0935282890614,64.8876225184064,68.0885008440227,54.7585863647624,58.2955458934411,62.0909240243805,65.1573930972583,65.4968498973426,61.0675224603116,63.6665795391136,62.9202264998915,48.6990856805304,56.9216100744002,67.1740787334576,56.7417255872124,49.3246897708076,57.3116596370311,61.8407755934236,53.3614334413868,59.8308677829578,66.1170823228116,65.9047161352057,64.4907174004529,67.0622122336868,64.6766783138919,49.8537755692688,60.4820561514793,60.2837542806852,55.2561761056761,65.2203360756072,61.7656173640339
58.0935282890614,64.8876225184064,68.0885008440227,54.7585863647624,58.2955458934411,62.0909240243805,65.1573930972583,65.4968498973426,61.0675224603116,63.6665795391136,62.9202264998915,48.6990856805304,56.9216100744002,67.1740787334576,56.7417255872124,49.3246897708076,57.3116596370311,61.8407755934236,53.3614334413868,59.8308677829578,66.1170823228116,65.9047161352057,64.4907174004529,67.0622122336868,64.6766783138919,49.8537755692688,60.4820561514793,60.2837542806852,55.2561761056761,65.2203360756072,61.7656173640339
58.0935282890614,64.9319315691053,68.0885008440227,54.7585863647624,58.2955458934411,62.0909240243805,65.1573930972583,65.4968498973426,61.0675224603116,63.6665795391136,62.9202264998915,48.6990856805304,56.9216100744002,67.2405720076156,56.7417255872124,49.3246897708076,57.3116596370311,61.8407755934236,53.3614334413868,59.8308677829578,66.1170823228116,65.9171082459004,65.3339510588992,67.0622122336868,64.6766783138919,49.8537755692688,60.4820561514793,60.2837542806852,55.2561761056761,65.2203360756072,61.7656173640339
58.0935282890614,64.9319315691053,68.0885008440227,54.7585863647624,58.2955458934411,62.0909240243805,65.2048716657942,65.4968498973426,61.0675224603116,63.6665795391136,62.9202264998915,48.6990856805304,56.9216100744002,67.2405720076156,56.7417255872124,49.3246897708076,57.3116596370311,61.8407755934236,53.3614334413868,59.8308677829578,66.1170823228116,65.9171082459004,65.3339510588992,67.0622122336868,64.6766783138919,49.8537755692688,60.4820561514793,60.2837542806852,55.2561761056761,65.2203360756072,61.7656173640339
58.0935282890614,64.9319315691053,68.0885008440227,54.7585863647624,58.2955458934411,62.0909240243805,65.2048716657942,65.4968498973426,61.0675224603116,63.6665795391136,62.9202264998915,48.6990856805304,56.9216100744002,67.2405720076156,56.7417255872124,49.3246897708076,57.3116596370311,61.8407755934236,53.3614334413868,59.8308677829578,66.1170823228116,65.9171082459004,65.3339510588992,67.0622122336868,64.6766783138919,49.8537755692688,60.4820561514793,60.2837542806852,55.2561761056761,65.2203360756072,61.7656173640339
58.0935282890614,64.9319315691053,68.0885008440227,54.7585863647624,58.2955458934411,62.0909240243805,65.2048716657942,65.4968498973426,61.0675224603116,63.6665795391136,62.9202264998915,48.6990856805304,56.9216100744002,67.2405720076156,56.7417255872124,49.3246897708076,57.3116596370311,61.8407755934236,53.3614334413868,59.8308677829578,66.1170823228116,65.9171082459004,65.3339510588992,67.0622122336868,64.6766783138919,49.8537755692688,60.4820561514793,60.2837542806852,55.2561761056761,65.3763191105543,61.7656173640339
58.0935282890614,64.9319315691053,68.0885008440227,54.7585863647624,58.2955458934411,62.0909240243805,65.2048716657942,65.6079806356431,61.0675224603116,63.6665795391136,62.9202264998915,48.6990856805304,56.9216100744002,67.2405720076156,56.8953919791433,49.3246897708076,57.3116596370311,61.8407755934236,53.4940601938117,59.8308677829578,66.1170823228116,65.9171082459004,65.3339510588992,67.0622122336868,64.6766783138919,49.8537755692688,60.4820561514793,60.2837542806852,55.2561761056761,65.3763191105543,61.8932433806563
58.0935282890614,64.9319315691053,68.1528161377223,54.7585863647624,58.2955458934411,62.0909240243805,65.2048716657942,65.6079806356431,61.0675224603116,63.6665795391136,62.9202264998915,48.6990856805304,56.9216100744002,67.2405720076156,56.8953919791433,49.3246897708076,57.3116596370311,61.8407755934236,53.4940601938117,59.8308677829578,66.4397252581031,65.9171082459004,65.3339510588992,67.0622122336868,64.6766783138919,49.8537755692688,60.4820561514793,60.2837542806852,55.2561761056761,65.3763191105543,61.8932433806563
58.0935282890614,64.9319315691053,68.1528161377223,54.7585863647624,58.2955458934411,62.0909240243805,65.2048716657942,65.6079806356431,61.0675224603116,63.6665795391136,62.9202264998915,48.6990856805304,56.9216100744002,67.2405720076156,56.8953919791433,49.3246897708076,57.4023708309268,61.8407755934236,53.4940601938117,59.8308677829578,66.4397252581031,65.9171082459004,65.3339510588992,67.0622122336868,64.6766783138919,49.8537755692688,60.4820561514793,60.2837542806852,55.2561761056761,65.3763191105543,61.8932433806563
58.0935282890614,64.9319315691053,68.1528161377223,54.7585863647624,58.2955458934411,62.0909240243805,65.2048716657942,65.6079806356431,61.0675224603116,63.6665795391136,64.8055562607575,48.6990856805304,56.9216100744002,67.2405720076156,56.8953919791433,49.3246897708076,57.4023708309268,61.8407755934236,53.4940601938117,59.8308677829578,66.4397252581031,65.9171082459004,65.3339510588992,67.0622122336868,64.6766783138919,49.8537755692688,60.4820561514793,60.2837542806852,55.2561761056761,65.3763191105543,61.8932433806563
58.0935282890614,64.9319315691053,68.1528161377223,54.7585863647624,58.2955458934411,62.0909240243805,65.2048716657942,65.6079806356431,61.0675224603116,63.6665795391136,64.8055562607575,48.6990856805304,56.9216100744002,67.2405720076156,56.8953919791433,49.3246897708076,57.4023708309268,62.2173109201054,53.4940601938117,59.8308677829578,66.4397252581031,65.9171082459004,65.3339510588992,67.0622122336868,64.6766783138919,49.8537755692688,60.4820561514793,60.2837542806852,55.2561761056761,65.3763191105543,61.8932433806563
58.0935282890614,64.9319315691053,68.1528161377223,54.7585863647624,58.2955458934411,62.0909240243805,65.2048716657942,65.6079806356431,61.0675224603116,63.6665795391136,64.8055562607575,48.6990856805304,56.9216100744002,67.2405720076156,56.8953919791433,49.3246897708076,57.4023708309268,62.2173109201054,53.4940601938117,59.8308677829578,66.4397252581031,65.9171082459004,65.3339510588992,67.0622122336868,64.6766783138919,49.8537755692688,60.4820561514793,60.2837542806852,55.2561761056761,65.846692251589,61.8932433806563
58.0935282890614,64.9319315691053,68.1528161377223,54.7585863647624,58.2955458934411,62.0909240243805,65.2048716657942,65.6079806356431,61.0675224603116,63.6665795391136,64.8055562607575,48.6990856805304,56.9216100744002,67.2405720076156,56.8953919791433,49.3246897708076,57.4023708309268,62.2173109201054,53.4940601938117,59.8308677829578,66.4397252581031,65.9171082459004,65.3339510588992,67.0622122336868,64.6766783138919,49.8537755692688,60.4820561514793,60.2837542806852,55.2561761056761,65.846692251589,61.8932433806563
58.0935282890614,64.9319315691053,68.1528161377223,54.7585863647624,58.2955458934411,62.0909240243805,65.2048716657942,65.6079806356431,61.0675224603116,63.6665795391136,64.8055562607575,48.6990856805304,56.9216100744002,67.2405720076156,56.8953919791433,49.3246897708076,57.4023708309268,62.2173109201054,53.4940601938117,60.3735567921113,66.4397252581031,65.9919850978624,65.3339510588992,67.0622122336868,64.6766783138919,49.8537755692688,60.4820561514793,60.2837542806852,55.2561761056761,65.846692251589,61.8932433806563
58.0935282890614,64.9319315691053,68.1528161377223,54.7585863647624,58.2955458934411,62.0909240243805,65.2169135206208,65.6079806356431,61.0675224603116,63.6665795391136,64.8055562607575,49.1311670671873,56.9216100744002,67.2405720076156,56.8953919791433,49.3246897708076,57.4023708309268,62.2173109201054,53.4940601938117,60.3735567921113,66.4397252581031,65.9919850978624,65.3339510588992,67.0622122336868,64.6766783138919,49.8537755692688,60.4820561514793,60.2837542806852,55.2561761056761,65.846692251589,61.8932433806563
58.0935282890614,64.9319315691053,68.1528161377223,54.7585863647624,58.2955458934411,62.0909240243805,65.2169135206208,65.6079806356431,61.0675224603116,63.6665795391136,64.8055562607575,49.1311670671873,56.9216100744002,67.2405720076156,56.8953919791433,49.3246897708076,57.4023708309268,62.2173109201054,53.4940601938117,60.3735567921113,66.4397252581031,65.9919850978624,65.3339510588992,67.0622122336868,64.6766783138919,49.8537755692688,60.4820561514793,60.2837542806852,55.2561761056761,65.846692251589,61.8932433806563
58.0935282890614,64.9319315691053,68.1528161377223,54.7585863647624,58.3339182045149,62.0909240243805,65.2169135206208,65.6079806356431,61.0675224603116,63.6665795391136,64.8055562607575,49.1311670671873,56.9216100744002,67.2405720076156,56.8953919791433,49.3246897708076,57.4023708309268,62.2173109201054,53.4940601938117,60.3735567921113,66.4397252581031,65.9919850978624,65.3339510588992,67.0622122336868,64.6766783138919,49.8537755692688,60.4820561514793,60.2837542806852,55.3585001049783,65.846692251589,61.9319698962214
58.0935282890614,64.9319315691053,68.1528161377223,54.7585863647624,58.3339182045149,62.0909240243805,65.2169135206208,65.6079806356431,61.0675224603116,63.6665795391136,64.8055562607575,49.1311670671873,56.9216100744002,67.2405720076156,57.7729345888206,49.3246897708076,57.4023708309268,62.2173109201054,53.4940601938117,60.3735567921113,66.4560190084038,65.9919850978624,65.3339510588992,67.0622122336868,64.6766783138919,49.8537755692688,60.4820561514793,60.2837542806852,55.3585001049783,65.846692251589,61.9319698962214
58.0935282890614,64.9319315691053,68.1528161377223,54.7585863647624,58.3339182045149,62.0909240243805,65.2169135206208,65.6079806356431,61.0675224603116,63.6665795391136,64.8055562607575,49.1311670671873,56.9216100744002,67.2405720076156,57.7729345888206,49.3246897708076,57.4023708309268,62.2173109201054,53.4940601938117,60.3735567921113,66.4560190084038,65.9919850978624,65.3339510588992,67.0622122336868,64.6766783138919,49.8537755692688,60.4820561514793,60.2837542806852,55.3585001049783,65.846692251589,61.9319698962214
58.0935282890614,64.9319315691053,68.1528161377223,54.7585863647624,58.3339182045149,62.0909240243805,65.2169135206208,65.6079806356431,61.0675224603116,63.6665795391136,64.8055562607575,49.1311670671873,56.9216100744002,67.2405720076156,57.7729345888206,49.3246897708076,57.4023708309268,62.2173109201054,53.4940601938117,60.3735567921113,66.4560190084038,65.9919850978624,65.3339510588992,67.0622122336868,64.6766783138919,49.8537755692688,60.4820561514793,60.2837542806852,55.3585001049783,65.846692251589,61.9319698962214
58.0935282890614,64.9319315691053,68.1528161377223,54.7585863647624,58.3339182045149,62.0909240243805,65.2169135206208,65.6079806356431,61.0675224603116,63.6665795391136,64.8055562607575,49.1311670671873,56.9216100744002,67.2405720076156,57.7729345888206,49.3246897708076,57.4023708309268,62.2173109201054,53.4940601938117,60.3735567921113,66.4560190084038,65.9919850978624,65.3339510588992,67.0622122336868,64.6766783138919,49.8537755692688,60.4820561514793,60.2837542806852,55.3585001049783,65.846692251589,61.9319698962214
58.0935282890614,64.9319315691053,68.1528161377223,54.7585863647624,58.3339182045149,62.0909240243805,65.2169135206208,65.6079806356431,61.0675224603116,63.6665795391136,64.8055562607575,49.1311670671873,56.9216100744002,67.2405720076156,57.7729345888206,49.3246897708076,57.4023708309268,62.2173109201054,53.4940601938117,60.3735567921113,66.4560190084038,65.9919850978624,65.3339510588992,67.0622122336868,64.6766783138919,49.8537755692688,60.4820561514793,60.2837542806852,55.3585001049783,65.846692251589,61.9319698962214
58.0935282890614,64.9319315691053,68.1528161377223,54.7740751507053,58.3339182045149,62.0909240243805,65.2169135206208,65.6079806356431,61.0675224603116,63.6665795391136,64.8055562607575,49.1311670671873,56.9216100744002,67.2405720076156,57.7729345888206,49.3246897708076,57.4023708309268,62.2173109201054,53.4940601938117,60.3735567921113,66.4560190084038,65.9919850978624,65.3339510588992,67.0622122336868,64.6766783138919,49.8537755692688,60.4820561514793,60.2837542806852,55.3585001049783,65.846692251589,61.9319698962214
58.0935282890614,64.9319315691053,68.1528161377223,54.7740751507053,58.3339182045149,62.0909240243805,65.2169135206208,65.6079806356431,61.0675224603116,63.6665795391136,64.8055562607575,49.1311670671873,56.9216100744002,67.2405720076156,57.7729345888206,49.3246897708076,57.4023708309268,62.2173109201054,53.4940601938117,60.3735567921113,66.4560190084038,65.9919850978624,65.469174302734,67.0622122336868,64.6766783138919,49.8537755692688,60.4820561514793,60.2837542806852,55.3585001049783,65.846692251589,61.9319698962214
58.0935282890614,64.9319315691053,68.1528161377223,54.7740751507053,58.3339182045149,62.0909240243805,65.2169135206208,65.6079806356431,61.0675224603116,63.6665795391136,64.8055562607575,49.1311670671873,56.9216100744002,67.2405720076156,57.7729345888206,49.4251580803997,57.4023708309268,62.2173109201054,53.4940601938117,60.3735567921113,66.4560190084038,66.0807085412083,65.469174302734,67.0622122336868,64.6766783138919,49.8537755692688,60.4820561514793,60.2837542806852,55.3585001049783,65.846692251589,61.9319698962214
58.0935282890614,64.9319315691053,68.1528161377223,54.7740751507053,58.3339182045149,62.0909240243805,65.2873810010637,65.6079806356431,61.0675224603116,63.6665795391136,64.8055562607575,49.1311670671873,56.9216100744002,67.2405720076156,57.7729345888206,49.4251580803997,57.4023708309268,62.2173109201054,53.4940601938117,60.3735567921113,66.4560190084038,66.0807085412083,65.469174302734,67.0622122336868,64.6766783138919,49.8537755692688,60.4820561514793,60.2837542806852,55.3585001049783,65.846692251589,61.9319698962214
58.0935282890614,64.9319315691053,68.1528161377223,54.7740751507053,58.3339182045149,62.0909240243805,65.2873810010637,65.6079806356431,61.0675224603116,63.6665795391136,64.8055562607575,49.1311670671873,56.9216100744002,67.2405720076156,57.7729345888206,49.4251580803997,57.4023708309268,62.2173109201054,53.4940601938117,60.3735567921113,66.4560190084038,66.0807085412083,65.469174302734,67.0622122336868,64.6766783138919,49.8537755692688,60.4820561514793,60.2837542806852,55.3585001049783,65.846692251589,62.7581473265847
58.0935282890614,64.9319315691053,68.1528161377223,54.7740751507053,58.3339182045149,62.0909240243805,65.2873810010637,65.6079806356431,61.0675224603116,63.6665795391136,64.8055562607575,49.1311670671873,56.9216100744002,67.2405720076156,57.7729345888206,49.4251580803997,57.4023708309268,62.2173109201054,54.0921327857203,60.3735567921113,66.4560190084038,66.0807085412083,65.469174302734,67.0622122336868,64.6766783138919,49.8537755692688,60.4820561514793,60.2837542806852,55.3585001049783,65.846692251589,62.7581473265847
58.0935282890614,64.9319315691053,68.1528161377223,54.7740751507053,58.3339182045149,62.0909240243805,65.2873810010637,65.6079806356431,61.0675224603116,63.6665795391136,64.8055562607575,49.1311670671873,56.9216100744002,67.2405720076156,57.7729345888206,49.4251580803997,57.4023708309268,62.2173109201054,54.0921327857203,60.3735567921113,66.4560190084038,66.0807085412083,65.469174302734,67.0622122336868,64.6766783138919,49.8537755692688,60.4820561514793,60.2837542806852,55.3585001049783,65.846692251589,62.7581473265847
59.0623211049753,64.9319315691053,68.1528161377223,54.7740751507053,58.3339182045149,62.0909240243805,65.2873810010637,65.6079806356431,61.0675224603116,63.6665795391136,64.8055562607575,49.1311670671873,56.9739551781292,67.2405720076156,57.7729345888206,49.4251580803997,57.4023708309268,62.2173109201054,54.0921327857203,60.3735567921113,66.4560190084038,66.0807085412083,65.469174302734,67.0622122336868,64.6766783138919,49.8537755692688,60.4820561514793,60.3327321255853,55.3585001049783,65.846692251589,62.7581473265847
59.0623211049753,64.9319315691053,68.1528161377223,54.7740751507053,58.3339182045149,62.0909240243805,65.2873810010637,65.6079806356431,61.0675224603116,63.6665795391136,65.2709531877968,49.1311670671873,57.2915932553064,67.2405720076156,57.7729345888206,49.4251580803997,57.4023708309268,62.2173109201054,54.0921327857203,60.3735567921113,66.4560190084038,66.0807085412083,65.469174302734,67.0622122336868,65.0494734602233,49.8537755692688,60.4820561514793,60.3327321255853,55.3585001049783,65.846692251589,62.7581473265847
59.0623211049753,64.9319315691053,68.1528161377223,54.7740751507053,58.3339182045149,62.0909240243805,65.2873810010637,65.6079806356431,61.0675224603116,63.6665795391136,65.2709531877968,49.1311670671873,57.2915932553064,67.2405720076156,57.7729345888206,49.4251580803997,57.4023708309268,62.2173109201054,54.0921327857203,60.3735567921113,66.4560190084038,66.0807085412083,65.469174302734,67.0622122336868,65.0494734602233,49.8537755692688,60.4820561514793,60.3327321255853,55.3585001049783,65.846692251589,62.7581473265847
59.0623211049753,64.9319315691053,68.1528161377223,54.7740751507053,58.3339182045149,62.0909240243805,65.2873810010637,65.6079806356431,61.0675224603116,63.6665795391136,65.2709531877968,49.1311670671873,57.2915932553064,67.2405720076156,57.7729345888206,49.4251580803997,57.4023708309268,62.2173109201054,54.0921327857203,60.3735567921113,66.4560190084038,66.0807085412083,65.469174302734,67.0622122336868,65.0494734602233,49.8537755692688,60.4820561514793,60.3327321255853,55.3585001049783,65.846692251589,62.7581473265847
59.0623211049753,64.9319315691053,68.1528161377223,55.0062157829868,58.3339182045149,62.0909240243805,65.2873810010637,65.6079806356431,61.0675224603116,63.6665795391136,65.2709531877968,49.1311670671873,57.2915932553064,67.2405720076156,57.7729345888206,49.4251580803997,57.5280910949523,62.2173109201054,54.0921327857203,60.3735567921113,66.4560190084038,66.0807085412083,65.469174302734,67.0622122336868,65.0494734602233,49.8537755692688,60.4820561514793,60.3327321255853,55.3585001049783,66.0950608020989,62.7581473265847
59.0623211049753,64.9319315691053,68.1528161377223,55.0062157829868,58.3339182045149,62.0909240243805,65.2873810010637,65.6079806356431,61.0675224603116,63.6665795391136,65.2709531877968,49.1311670671873,57.2915932553064,67.2405720076156,57.7729345888206,49.4251580803997,57.5280910949523,62.2173109201054,54.0921327857203,60.3735567921113,66.4560190084038,66.0807085412083,65.469174302734,67.0622122336868,65.0494734602233,49.8537755692688,60.4820561514793,60.3327321255853,55.3585001049783,66.0950608020989,62.7581473265847
59.0623211049753,64.9319315691053,68.1528161377223,55.0062157829868,58.3339182045149,62.6500984205252,65.2873810010637,65.6079806356431,61.0675224603116,63.6665795391136,65.2709531877968,49.1311670671873,57.2915932553064,67.2537454581992,57.7729345888206,49.4251580803997,57.5280910949523,62.2173109201054,54.0921327857203,60.3735567921113,66.4560190084038,66.0807085412083,65.469174302734,67.0622122336868,65.0494734602233,49.8537755692688,60.4820561514793,60.3327321255853,55.3585001049783,66.0950608020989,62.7581473265847
59.0623211049753,64.9319315691053,68.1528161377223,55.0062157829868,58.3339182045149,62.6500984205252,65.3644681884168,65.6079806356431,61.0675224603116,63.6665795391136,65.2709531877968,49.862903806599,57.2915932553064,67.2537454581992,57.7729345888206,49.4251580803997,57.5280910949523,62.2173109201054,54.0921327857203,60.3735567921113,66.4560190084038,66.2474208301204,65.469174302734,67.0622122336868,65.0494734602233,49.8537755692688,60.4820561514793,60.3327321255853,55.3585001049783,66.0950608020989,62.9182762519292
59.0623211049753,64.9319315691053,68.1528161377223,55.0062157829868,58.3339182045149,62.6500984205252,65.3644681884168,65.6079806356431,61.0675224603116,63.6665795391136,65.2709531877968,49.862903806599,57.2915932553064,67.2537454581992,57.7729345888206,49.4251580803997,57.5280910949523,62.2173109201054,54.0921327857203,60.3735567921113,66.4560190084038,66.2474208301204,65.469174302734,67.0622122336868,65.0494734602233,49.8537755692688,60.4820561514793,60.3327321255853,55.3585001049783,66.0950608020989,62.9182762519292
59.0623211049753,64.9319315691053,68.1528161377223,55.0062157829868,58.3339182045149,62.6500984205252,65.3644681884168,65.6079806356431,61.0675224603116,63.6665795391136,65.2709531877968,49.862903806599,57.2915932553064,67.2537454581992,57.7729345888206,49.4251580803997,57.5280910949523,62.2173109201054,54.2085831883348,60.3735567921113,66.5020029788699,66.2474208301204,65.469174302734,67.0622122336868,65.0494734602233,49.8537755692688,60.4820561514793,60.3327321255853,55.3585001049783,66.0950608020989,62.9182762519292
59.0623211049753,64.9319315691053,68.1528161377223,55.0062157829868,58.3339182045149,62.6500984205252,65.3644681884168,65.7697470512447,61.0675224603116,63.6665795391136,65.2709531877968,49.862903806599,57.2915932553064,67.2537454581992,57.7729345888206,49.4251580803997,57.5280910949523,62.2173109201054,54.2085831883348,60.3735567921113,66.5020029788699,66.2474208301204,65.469174302734,67.0622122336868,65.0494734602233,49.8537755692688,60.4820561514793,60.3327321255853,55.7721004473043,66.0950608020989,62.9182762519292
59.0623211049753,64.9319315691053,68.1528161377223,55.0062157829868,58.3359523043938,62.6500984205252,65.3644681884168,65.7697470512447,61.0675224603116,63.6665795391136,65.2709531877968,49.862903806599,57.2915932553064,67.2537454581992,57.7729345888206,49.4251580803997,57.5280910949523,62.2173109201054,54.2085831883348,60.3735567921113,66.5020029788699,66.2474208301204,65.469174302734,67.0622122336868,65.0494734602233,49.8537755692688,60.4820561514793,60.3327321255853,55.7721004473043,66.0950608020989,62.9182762519292
59.0623211049753,64.9319315691053,68.445279681792,55.0062157829868,58.3359523043938,62.6500984205252,65.3644681884168,65.7697470512447,61.0675224603116,63.6665795391136,65.2709531877968,49.862903806599,57.2915932553064,67.2537454581992,57.7729345888206,49.4251580803997,57.5280910949523,62.2173109201054,54.2085831883348,60.3735567921113,66.5020029788699,66.2474208301204,65.469174302734,67.0622122336868,65.0494734602233,49.8537755692688,60.4820561514793,60.3327321255853,55.7721004473043,66.0950608020989,62.9182762519292
59.0623211049753,64.9319315691053,68.445279681792,55.0062157829868,58.3359523043938,62.6500984205252,65.3644681884168,65.7697470512447,61.0675224603116,63.6665795391136,65.2709531877968,49.862903806599,57.2915932553064,67.2537454581992,57.7729345888206,49.4251580803997,57.5280910949523,62.2173109201054,54.2085831883348,60.3735567921113,66.5020029788699,66.2474208301204,65.469174302734,67.0622122336868,65.0494734602233,49.8537755692688,60.4820561514793,60.3327321255853,55.7721004473043,66.0950608020989,62.9182762519292
59.0623211049753,64.9319315691053,68.445279681792,55.0062157829868,58.3359523043938,62.6500984205252,65.3644681884168,65.7697470512447,61.0675224603116,63.6665795391136,65.2709531877968,49.862903806599,57.2915932553064,67.2537454581992,57.7729345888206,49.4251580803997,57.5280910949523,62.2173109201054,54.5061835631058,60.3735567921113,66.5020029788699,66.2474208301204,65.469174302734,67.0622122336868,65.0494734602233,49.8537755692688,60.4820561514793,60.3327321255853,55.7721004473043,66.0950608020989,62.9182762519292
59.0623211049753,64.9319315691053,68.445279681792,55.1728712588628,58.3359523043938,62.6500984205252,65.3644681884168,65.7697470512447,61.0675224603116,63.6665795391136,65.2709531877968,49.862903806599,57.2915932553064,67.2537454581992,57.7729345888206,49.4251580803997,57.5280910949523,62.2173109201054,54.5061835631058,60.3735567921113,66.5020029788699,66.2474208301204,65.6443552333336,67.0622122336868,65.0494734602233,49.8537755692688,60.4820561514793,60.3327321255853,55.7721004473043,66.0950608020989,62.9182762519292
59.0623211049753,64.9319315691053,68.445279681792,55.1728712588628,58.3359523043938,62.6500984205252,65.3644681884168,65.7697470512447,61.0675224603116,63.6665795391136,65.2709531877968,49.862903806599,57.2915932553064,67.2537454581992,57.7729345888206,49.5590676947767,57.5280910949523,62.2173109201054,54.5061835631058,60.3735567921113,66.5020029788699,66.2474208301204,65.6443552333336,67.0622122336868,65.0494734602233,49.8537755692688,60.4820561514793,60.3327321255853,55.7721004473043,66.0950608020989,62.9182762519292
59.0623211049753,64.9319315691053,68.445279681792,55.1728712588628,58.3359523043938,62.6500984205252,65.3644681884168,65.7697470512447,61.0675224603116,63.6665795391136,65.2709531877968,49.862903806599,57.2915932553064,67.2537454581992,57.7729345888206,49.5590676947767,57.5280910949523,62.2173109201054,54.5061835631058,60.3735567921113,66.5020029788699,66.2474208301204,65.6443552333336,67.0622122336868,65.0494734602233,49.8537755692688,60.4820561514793,60.3327321255853,55.7721004473043,66.0950608020989,62.9182762519292
59.0623211049753,64.9319315691053,68.445279681792,55.1728712588628,58.3359523043938,62.6500984205252,65.3644681884168,65.7697470512447,61.0675224603116,63.6665795391136,65.2709531877968,49.862903806599,57.2915932553064,67.2537454581992,57.7729345888206,49.5590676947767,57.5280910949523,62.2173109201054,54.5061835631058,60.3735567921113,66.5020029788699,66.2474208301204,65.6443552333336,67.0622122336868,65.0494734602233,49.8537755692688,60.4820561514793,60.3327321255853,55.7721004473043,66.0950608020989,62.9182762519292
59.0623211049753,64.9319315691053,68.445279681792,55.1728712588628,58.3359523043938,62.6500984205252,65.3644681884168,65.7697470512447,61.0675224603116,63.6665795391136,65.2709531877968,49.862903806599,57.2915932553064,67.2537454581992,57.7729345888206,49.5590676947767,57.5280910949523,62.2173109201054,54.5061835631058,60.3735567921113,66.5020029788699,66.2474208301204,65.6443552333336,67.0622122336868,65.0494734602233,49.8537755692688,60.4820561514793,60.3327321255853,55.7721004473043,66.0950608020989,62.9182762519292
59.0623211049753,64.9319315691053,68.445279681792,55.1728712588628,58.3359523043938,62.6500984205252,65.3644681884168,65.7697470512447,61.0675224603116,63.6665795391136,65.2709531877968,49.862903806599,57.2915932553064,67.2537454581992,57.7729345888206,49.5590676947767,57.5280910949523,62.2173109201054,54.5061835631058,60.3735567921113,66.6570302991098,66.2474208301204,65.6443552333336,67.0622122336868,65.0494734602233,49.8537755692688,60.4820561514793,65.0857620862944,55.7721004473043,66.0950608020989,62.9182762519292
59.0623211049753,64.9319315691053,68.445279681792,55.1728712588628,58.3359523043938,62.6500984205252,65.3644681884168,65.7697470512447,61.0675224603116,63.6665795391136,65.2709531877968,49.862903806599,57.2915932553064,67.2537454581992,57.7729345888206,49.5590676947767,57.5280910949523,62.2173109201054,54.5061835631058,60.3735567921113,66.6570302991098,66.2474208301204,65.6443552333336,67.0622122336868,65.0494734602233,49.8537755692688,60.4820561514793,65.0857620862944,55.7721004473043,66.0950608020989,62.9182762519292
59.0623211049753,65.0016628178071,68.445279681792,55.1728712588628,58.3359523043938,62.6500984205252,65.3644681884168,65.8559674374163,61.0675224603116,63.6665795391136,65.2709531877968,49.862903806599,57.2915932553064,67.2537454581992,57.7743810364251,49.5590676947767,57.5280910949523,62.224864560295,54.5061835631058,60.3735567921113,66.6570302991098,66.2474208301204,65.6443552333336,67.0622122336868,65.0494734602233,49.8537755692688,60.4820561514793,65.0857620862944,55.7721004473043,66.0950608020989,62.9182762519292
59.0623211049753,65.0016628178071,68.445279681792,55.1728712588628,58.3359523043938,62.6500984205252,65.3644681884168,65.8559674374163,61.0675224603116,63.6665795391136,65.2709531877968,49.862903806599,57.2915932553064,67.2537454581992,57.7743810364251,49.5590676947767,57.5280910949523,62.224864560295,54.5061835631058,60.3735567921113,66.6570302991098,66.2474208301204,65.6443552333336,67.0622122336868,65.0494734602233,49.8537755692688,60.4820561514793,65.0857620862944,55.7721004473043,66.0950608020989,62.9182762519292
59.0623211049753,65.0016628178071,68.445279681792,55.1728712588628,58.3359523043938,62.6500984205252,65.3644681884168,65.8559674374163,61.0675224603116,63.6665795391136,65.2709531877968,49.862903806599,57.2915932553064,67.2537454581992,57.7743810364251,49.5590676947767,57.5280910949523,62.224864560295,54.5061835631058,60.3735567921113,66.6570302991098,66.2474208301204,65.6443552333336,67.0622122336868,65.0494734602233,49.8537755692688,60.4820561514793,65.0857620862944,55.7721004473043,66.0950608020989,62.9182762519292
59.0623211049753,65.0016628178071,68.445279681792,55.1728712588628,58.3359523043938,62.6500984205252,65.3644681884168,65.8559674374163,61.0675224603116,63.6665795391136,65.2709531877968,49.862903806599,57.2915932553064,67.2537454581992,57.7743810364251,49.5590676947767,57.5455531895866,62.224864560295,54.5061835631058,60.3735567921113,66.6570302991098,66.2474208301204,65.6443552333336,67.0622122336868,65.0494734602233,49.8537755692688,60.4820561514793,65.0857620862944,55.7721004473043,66.2883194188878,62.9182762519292
59.0623211049753,65.0016628178071,68.445279681792,55.1728712588628,58.3359523043938,62.6500984205252,65.3644681884168,65.8559674374163,61.0675224603116,63.6665795391136,65.2709531877968,49.862903806599,57.2915932553064,67.2537454581992,57.7743810364251,49.5590676947767,57.5455531895866,62.224864560295,54.5061835631058,60.3735567921113,66.6570302991098,66.2474208301204,65.6443552333336,67.0622122336868,65.0494734602233,49.8537755692688,60.4820561514793,65.0857620862944,55.7721004473043,66.2883194188878,62.9182762519292
59.0623211049753,65.0016628178071,68.445279681792,55.1728712588628,58.3359523043938,62.6500984205252,65.3644681884168,65.8559674374163,61.0675224603116,63.6665795391136,65.2709531877968,49.862903806599,57.2915932553064,67.2537454581992,57.7743810364251,49.5590676947767,57.5455531895866,62.224864560295,54.5061835631058,60.3735567921113,66.6570302991098,66.2474208301204,65.6443552333336,67.0622122336868,65.0494734602233,49.8537755692688,60.4820561514793,65.0857620862944,55.7721004473043,66.2883194188878,62.9182762519292
59.0623211049753,65.0016628178071,68.445279681792,55.1728712588628,58.3359523043938,62.6500984205252,65.3644681884168,65.8559674374163,61.0675224603116,63.7146765496221,65.2709531877968,49.862903806599,57.2915932553064,67.2537454581992,57.7743810364251,49.5590676947767,57.5455531895866,62.224864560295,54.5061835631058,60.3735567921113,66.6570302991098,66.2474208301204,65.6443552333336,67.0622122336868,65.0494734602233,49.8537755692688,60.4820561514793,65.0857620862944,55.7721004473043,66.2883194188878,62.9182762519292
59.0623211049753,65.0016628178071,68.445279681792,55.1728712588628,58.3359523043938,62.6500984205252,65.3644681884168,65.8559674374163,61.0675224603116,63.7146765496221,65.2709531877968,49.862903806599,57.2915932553064,67.2537454581992,57.7743810364251,49.5590676947767,57.5455531895866,62.224864560295,54.5061835631058,60.3735567921113,66.6570302991098,66.2474208301204,65.6443552333336,67.0622122336868,65.0494734602233,49.8537755692688,60.4820561514793,65.0857620862944,55.7721004473043,66.2883194188878,62.9182762519292
59.0623211049753,65.0016628178071,68.445279681792,55.1728712588628,58.3359523043938,62.6500984205252,65.3644681884168,65.8559674374163,61.0675224603116,63.7146765496221,65.2709531877968,49.862903806599,57.2915932553064,67.2597254932456,57.7743810364251,49.6683274743716,57.5455531895866,62.224864560295,54.5061835631058,60.3735567921113,66.6570302991098,66.2474208301204,65.6443552333336,67.0622122336868,65.0494734602233,49.8537755692688,60.4820561514793,65.0857620862944,55.7721004473043,66.2883194188878,62.9182762519292
59.0623211049753,65.0016628178071,68.445279681792,55.1728712588628,58.3359523043938,62.6500984205252,65.3644681884168,65.8559674374163,61.0675224603116,63.7146765496221,65.2709531877968,49.862903806599,57.2915932553064,67.2597254932456,57.7743810364251,49.6683274743716,57.5455531895866,62.224864560295,54.5061835631058,60.3735567921113,66.6570302991098,66.2474208301204,65.6443552333336,67.0622122336868,65.0494734602233,49.8537755692688,60.4820561514793,65.0857620862944,55.7721004473043,66.2883194188878,62.9182762519292
59.4386723952758,65.0016628178071,68.6991221308335,55.1728712588628,58.3359523043938,62.6500984205252,65.3644681884168,65.8559674374163,61.0675224603116,63.7146765496221,65.2709531877968,49.862903806599,57.2915932553064,67.2597254932456,57.7743810364251,49.6683274743716,57.5455531895866,62.3932192050493,54.5061835631058,60.3735567921113,66.6570302991098,66.2474208301204,65.6443552333336,67.0622122336868,65.0494734602233,49.8537755692688,60.4820561514793,65.0857620862944,55.7721004473043,66.2883194188878,62.9182762519292
59.4386723952758,65.0016628178071,68.6991221308335,55.1728712588628,58.3359523043938,62.6500984205252,65.3644681884168,65.8559674374163,61.0675224603116,63.7146765496221,65.4538584953967,49.862903806599,58.1737301635894,67.2597254932456,57.7743810364251,49.6683274743716,57.5455531895866,62.3932192050493,54.5061835631058,60.3735567921113,66.6570302991098,66.2474208301204,65.6443552333336,67.0622122336868,65.0494734602233,49.8537755692688,60.4820561514793,65.0857620862944,55.7721004473043,66.2883194188878,62.9182762519292
59.4386723952758,65.0016628178071,68.6991221308335,55.1728712588628,58.3359523043938,62.6500984205252,65.3644681884168,65.8559674374163,61.0675224603116,63.7146765496221,65.4538584953967,49.862903806599,58.1737301635894,67.2597254932456,57.7743810364251,49.6683274743716,57.5455531895866,62.3932192050493,54.5061835631058,60.3735567921113,66.6570302991098,66.2474208301204,65.6443552333336,67.0622122336868,65.0494734602233,49.8537755692688,60.4938695485774,65.0857620862944,55.7721004473043,66.2883194188878,62.9182762519292
59.4386723952758,65.1041086187561,68.6991221308335,55.1728712588628,58.3359523043938,62.6500984205252,65.3644681884168,65.8559674374163,61.0675224603116,63.7146765496221,65.4538584953967,49.862903806599,58.1737301635894,67.2597254932456,57.7743810364251,49.6683274743716,57.6976435968498,62.3932192050493,54.5061835631058,60.3735567921113,66.6570302991098,66.2474208301204,65.6443552333336,67.0622122336868,65.0494734602233,49.8537755692688,60.4938695485774,65.0857620862944,55.7721004473043,66.2883194188878,62.9182762519292
59.4386723952758,65.1041086187561,68.6991221308335,55.1728712588628,58.3359523043938,62.6500984205252,65.3644681884168,65.8559674374163,61.0675224603116,63.7146765496221,65.4538584953967,49.862903806599,58.1737301635894,67.2597254932456,57.7743810364251,49.6683274743716,57.6976435968498,62.3932192050493,54.5061835631058,60.3735567921113,66.6570302991098,66.2474208301204,65.6443552333336,67.0622122336868,65.0494734602233,49.8537755692688,60.4938695485774,65.0857620862944,55.7721004473043,66.2883194188878,62.9182762519292
59.4386723952758,65.1041086187561,68.6991221308335,55.1728712588628,58.3359523043938,62.6500984205252,65.3644681884168,65.8559674374163,61.0675224603116,63.7146765496221,65.4538584953967,49.862903806599,58.1737301635894,67.2597254932456,57.7743810364251,49.6683274743716,57.6976435968498,62.3932192050493,54.5061835631058,60.3735567921113,66.6570302991098,66.2474208301204,65.6443552333336,67.0622122336868,65.0494734602233,49.8537755692688,60.4938695485774,65.0857620862944,55.7721004473043,66.2883194188878,62.9182762519292
59.4386723952758,65.1041086187561,68.6991221308335,55.2385518607335,58.3359523043938,62.6500984205252,65.3644681884168,65.8559674374163,61.0675224603116,63.7146765496221,65.4538584953967,49.862903806599,58.1737301635894,67.2597254932456,57.7743810364251,49.6683274743716,57.6976435968498,62.3932192050493,54.5061835631058,60.3735567921113,66.6570302991098,66.2474208301204,65.6443552333336,67.0622122336868,65.0494734602233,49.8537755692688,60.4938695485774,65.0857620862944,55.7721004473043,66.2883194188878,62.9182762519292
59.4386723952758,65.1041086187561,68.6991221308335,55.2385518607335,58.3359523043938,62.6500984205252,65.3644681884168,65.8559674374163,61.0675224603116,63.7146765496221,65.4538584953967,49.862903806599,58.1737301635894,67.2597254932456,57.7743810364251,49.6683274743716,57.6976435968498,62.3932192050493,54.5061835631058,60.3735567921113,66.6570302991098,66.2474208301204,65.6443552333336,67.0622122336868,65.0494734602233,49.8537755692688,60.4938695485774,65.0857620862944,55.7721004473043,66.2883194188878,62.9182762519292
59.4386723952758,65.1041086187561,68.6991221308335,55.2385518607335,58.3359523043938,62.6500984205252,65.3644681884168,65.8559674374163,61.0675224603116,63.7146765496221,65.4538584953967,49.862903806599,58.1737301635894,67.2597254932456,57.7743810364251,49.6683274743716,57.6976435968498,62.3932192050493,54.5061835631058,60.3735567921113,66.6570302991098,66.2474208301204,65.6443552333336,67.0622122336868,65.0494734602233,49.8537755692688,60.4938695485774,65.0857620862944,55.7721004473043,66.2883194188878,62.9182762519292
59.4386723952758,65.1041086187561,68.6991221308335,55.2385518607335,58.3359523043938,62.6500984205252,65.3644681884168,65.8559674374163,61.0675224603116,63.7146765496221,65.4538584953967,49.862903806599,58.1737301635894,67.2597254932456,57.7743810364251,49.6683274743716,57.6976435968498,62.3932192050493,54.5061835631058,60.3735567921113,66.6570302991098,66.2474208301204,65.6443552333336,67.0622122336868,65.0494734602233,49.8537755692688,60.4938695485774,65.0857620862944,55.7721004473043,66.2883194188878,62.9182762519292
59.4386723952758,65.1041086187561,68.6991221308335,55.2385518607335,58.3359523043938,62.6500984205252,65.3644681884168,65.8559674374163,61.0675224603116,63.7146765496221,65.4538584953967,49.862903806599,58.1737301635894,67.2597254932456,57.7743810364251,49.6683274743716,57.6976435968498,62.3932192050493,54.5061835631058,60.3735567921113,66.6570302991098,66.2474208301204,65.6443552333336,67.0622122336868,65.0494734602233,49.8537755692688,60.4938695485774,65.0857620862944,55.7721004473043,66.2883194188878,62.9182762519292
59.4386723952758,65.1041086187561,68.6991221308335,55.2385518607335,58.3359523043938,62.6500984205252,65.3644681884168,65.8559674374163,61.0675224603116,63.7146765496221,65.4538584953967,49.862903806599,58.1737301635894,67.2597254932456,57.7743810364251,49.6683274743716,57.6976435968498,62.3932192050493,54.5061835631058,60.3735567921113,66.6570302991098,66.2474208301204,65.6443552333336,67.0622122336868,65.0494734602233,49.8537755692688,60.4938695485774,65.0857620862944,55.7721004473043,66.2883194188878,62.9182762519292
59.4386723952758,65.1041086187561,68.6991221308335,55.2385518607335,58.3359523043938,62.6500984205252,65.3644681884168,65.8559674374163,61.0675224603116,63.7146765496221,65.4538584953967,49.862903806599,58.3917694556404,67.2597254932456,57.7743810364251,49.6683274743716,57.6976435968498,62.3932192050493,54.5061835631058,60.3735567921113,66.6570302991098,66.2474208301204,65.6443552333336,67.0622122336868,65.0494734602233,49.8537755692688,60.4938695485774,65.0857620862944,55.7721004473043,66.2883194188878,62.9182762519292
59.4386723952758,65.1041086187561,68.6991221308335,55.2385518607335,58.3820079281426,62.6500984205252,65.3644681884168,65.8559674374163,61.0675224603116,63.7146765496221,65.4538584953967,49.862903806599,58.3917694556404,67.2597254932456,57.7743810364251,49.6683274743716,57.6976435968498,62.3932192050493,54.5061835631058,60.3735567921113,66.6570302991098,66.2474208301204,65.6443552333336,67.3726244198102,65.0494734602233,49.8537755692688,61.0806142298823,65.0857620862944,55.7721004473043,66.2883194188878,62.9182762519292
59.4386723952758,65.1510166900729,68.6991221308335,55.2385518607335,58.3820079281426,62.6500984205252,65.3644681884168,65.8559674374163,61.0675224603116,63.7146765496221,65.4538584953967,49.862903806599,58.3917694556404,67.2597254932456,57.7743810364251,49.6683274743716,57.7546994370674,62.3932192050493,54.5505682178366,60.3735567921113,66.6570302991098,66.2474208301204,65.7457353392728,67.3726244198102,65.0494734602233,49.8537755692688,61.0806142298823,65.0857620862944,55.7721004473043,66.2883194188878,62.9182762519292
59.4386723952758,65.1510166900729,68.6991221308335,55.2385518607335,58.3820079281426,62.6500984205252,65.3644681884168,65.8559674374163,61.0675224603116,63.7146765496221,65.4538584953967,49.862903806599,58.3917694556404,67.2597254932456,57.7743810364251,49.6683274743716,57.7546994370674,62.3932192050493,54.5505682178366,60.3735567921113,66.6570302991098,66.2474208301204,65.7457353392728,67.3726244198102,65.0494734602233,49.8537755692688,61.0806142298823,65.0857620862944,55.7721004473043,66.2883194188878,63.0071128380848
59.4386723952758,65.1510166900729,68.6991221308335,55.2385518607335,58.3820079281426,62.6500984205252,65.3644681884168,65.8559674374163,61.0675224603116,63.7146765496221,65.4538584953967,49.862903806599,58.3917694556404,67.2597254932456,57.7743810364251,49.6683274743716,57.7546994370674,62.3932192050493,54.5505682178366,60.3735567921113,66.6570302991098,66.2474208301204,65.7457353392728,67.3726244198102,65.0494734602233,49.8537755692688,61.0806142298823,65.0857620862944,55.7721004473043,66.2883194188878,63.0071128380848
59.4386723952758,65.1510166900729,68.6991221308335,55.2385518607335,58.3820079281426,62.6500984205252,65.3644681884168,65.8559674374163,61.0675224603116,63.7146765496221,65.4538584953967,49.862903806599,58.3917694556404,67.2597254932456,57.7743810364251,49.6683274743716,57.7546994370674,62.3932192050493,54.5505682178366,60.3735567921113,66.6570302991098,66.2474208301204,65.7457353392728,67.3726244198102,65.0494734602233,49.8537755692688,61.0806142298823,65.0857620862944,55.7721004473043,66.2883194188878,63.0071128380848
59.4386723952758,65.1510166900729,68.6991221308335,55.2385518607335,58.3820079281426,62.6500984205252,65.3644681884168,65.8559674374163,61.0675224603116,63.7146765496221,65.4538584953967,49.862903806599,58.3917694556404,67.2597254932456,57.7743810364251,49.6683274743716,57.7546994370674,62.3932192050493,54.5505682178366,60.3735567921113,66.6570302991098,66.2668210140378,65.7457353392728,67.3726244198102,65.0494734602233,49.8537755692688,61.0806142298823,65.0857620862944,55.7721004473043,66.2883194188878,63.0071128380848
59.4386723952758,65.1510166900729,68.6991221308335,55.2385518607335,58.3820079281426,62.6500984205252,65.3644681884168,65.8559674374163,61.0675224603116,63.7146765496221,65.4538584953967,49.862903806599,58.3917694556404,67.2597254932456,57.7743810364251,49.6683274743716,57.7546994370674,62.3932192050493,54.5505682178366,60.3735567921113,66.6570302991098,66.2668210140378,65.7457353392728,67.3726244198102,65.0494734602233,49.8537755692688,61.0806142298823,65.0857620862944,55.7721004473043,66.2883194188878,63.0071128380848
59.4386723952758,65.1510166900729,68.6991221308335,55.2385518607335,58.3820079281426,62.6500984205252,65.3644681884168,65.8559674374163,61.0675224603116,63.7146765496221,65.4538584953967,49.862903806599,58.3917694556404,67.2597254932456,57.7743810364251,49.6683274743716,57.7546994370674,62.8682538377767,54.5505682178366,60.3735567921113,66.6570302991098,66.2668210140378,65.7457353392728,67.3726244198102,65.0494734602233,49.8537755692688,61.0806142298823,65.0857620862944,55.7721004473043,66.2883194188878,63.0071128380848
59.4386723952758,65.1510166900729,68.6991221308335,55.2385518607335,58.3820079281426,62.6500984205252,65.3644681884168,65.8559674374163,61.0675224603116,63.7146765496221,65.4538584953967,49.862903806599,58.3917694556404,67.2597254932456,57.7743810364251,50.0046560470924,57.7546994370674,62.8682538377767,54.5505682178366,60.3735567921113,66.6570302991098,66.2668210140378,65.7457353392728,67.3726244198102,65.0494734602233,49.8537755692688,61.0806142298823,65.0857620862944,55.7721004473043,66.2883194188878,63.0071128380848
59.4386723952758,65.1510166900729,68.6991221308335,55.2385518607335,58.3820079281426,62.6500984205252,65.3644681884168,65.8559674374163,61.0675224603116,63.7146765496221,65.4538584953967,49.862903806599,58.6095975472749,67.2597254932456,58.2684344490307,50.0046560470924,57.7546994370674,62.8682538377767,54.5505682178366,60.3735567921113,66.6570302991098,66.2668210140378,65.7457353392728,67.3726244198102,65.0494734602233,49.8537755692688,61.0806142298823,65.0857620862944,55.7721004473043,66.2883194188878,63.0071128380848
59.4386723952758,65.1510166900729,68.6991221308335,55.2385518607335,58.3820079281426,62.6500984205252,65.3644681884168,65.8559674374163,61.0675224603116,63.7146765496221,65.4538584953967,49.862903806599,58.6095975472749,67.2597254932456,58.2684344490307,50.0046560470924,57.7546994370674,62.8682538377767,54.5505682178366,60.3735567921113,66.6570302991098,66.2668210140378,65.7457353392728,67.3726244198102,65.4615862795942,49.8537755692688,61.0806142298823,65.0857620862944,55.7721004473043,66.2883194188878,63.0071128380848
59.4386723952758,65.1510166900729,68.6991221308335,55.2385518607335,58.3820079281426,62.6500984205252,65.3644681884168,65.8559674374163,61.0675224603116,63.7146765496221,65.4538584953967,49.862903806599,58.6095975472749,67.2597254932456,58.2684344490307,50.0046560470924,57.7546994370674,62.8682538377767,54.5505682178366,60.3735567921113,66.6570302991098,66.2668210140378,65.7457353392728,67.3726244198102,65.4615862795942,49.8537755692688,61.0806142298823,65.0857620862944,55.7721004473043,66.2883194188878,63.0071128380848
59.4386723952758,65.1658905122446,68.6991221308335,55.2385518607335,58.3820079281426,62.6500984205252,65.3644681884168,65.8559674374163,61.0675224603116,63.7146765496221,65.4538584953967,49.862903806599,58.6095975472749,67.2597254932456,58.2684344490307,50.0046560470924,57.7546994370674,62.8682538377767,54.5505682178366,60.3735567921113,66.6570302991098,66.2668210140378,65.7457353392728,67.3726244198102,65.4615862795942,49.8537755692688,61.0806142298823,65.0857620862944,55.7721004473043,66.2883194188878,63.0071128380848
59.4386723952758,65.1658905122446,68.6991221308335,55.2385518607335,58.3820079281426,62.6500984205252,65.3644681884168,65.8559674374163,61.0675224603116,63.7146765496221,65.4538584953967,49.862903806599,58.6095975472749,67.2597254932456,58.2684344490307,50.0046560470924,57.7546994370674,62.8682538377767,54.5505682178366,60.3735567921113,66.6570302991098,66.2668210140378,65.7457353392728,67.3726244198102,65.4615862795942,49.8537755692688,61.0806142298823,65.0857620862944,55.7721004473043,66.2883194188878,63.0071128380848
59.4386723952758,65.1658905122446,68.6991221308335,55.2385518607335,58.3820079281426,62.6500984205252,65.3644681884168,65.8559674374163,61.0675224603116,63.7146765496221,65.4538584953967,49.862903806599,58.6095975472749,67.2597254932456,58.2684344490307,50.0046560470924,57.7546994370674,62.8682538377767,54.5505682178366,60.3735567921113,66.6570302991098,66.2668210140378,65.7457353392728,67.3726244198102,65.4615862795942,49.8537755692688,61.0806142298823,65.0857620862944,55.7721004473043,66.2883194188878,63.0071128380848
59.4386723952758,65.1658905122446,68.6991221308335,55.2385518607335,58.3820079281426,62.6500984205252,65.3644681884168,65.8559674374163,61.0675224603116,63.7146765496221,65.4538584953967,49.862903806599,58.6095975472749,67.2597254932456,58.2684344490307,50.0046560470924,57.7546994370674,62.8682538377767,54.5505682178366,60.3735567921113,66.6570302991098,66.2668210140378,65.7457353392728,67.3726244198102,65.4615862795942,49.8537755692688,61.0806142298823,65.0857620862944,55.7721004473043,66.2883194188878,63.0071128380848
59.4386723952758,65.1658905122446,68.6991221308335,55.2385518607335,58.3820079281426,62.6500984205252,65.3644681884168,65.8559674374163,61.0675224603116,64.1895365811614,65.4538584953967,49.862903806599,58.6095975472749,67.2597254932456,58.2684344490307,50.0046560470924,57.7546994370674,62.8682538377767,54.5505682178366,60.3735567921113,66.6570302991098,66.2668210140378,65.7457353392728,67.3726244198102,65.4615862795942,49.8537755692688,61.0806142298823,65.0857620862944,55.7721004473043,66.2883194188878,63.0071128380848
59.4386723952758,65.1658905122446,68.6991221308335,55.2385518607335,58.3820079281426,62.6500984205252,65.3644681884168,65.8559674374163,61.0675224603116,64.1895365811614,65.4538584953967,49.862903806599,58.6095975472749,67.2597254932456,58.2684344490307,50.0046560470924,57.7546994370674,62.8682538377767,54.5505682178366,60.3735567921113,66.6570302991098,66.2668210140378,65.7457353392728,67.3726244198102,65.4615862795942,49.8537755692688,61.0806142298823,65.0857620862944,55.7721004473043,66.2883194188878,63.0071128380848
59.4386723952758,65.1658905122446,68.6991221308335,55.2385518607335,58.3820079281426,62.6500984205252,65.3644681884168,65.8559674374163,61.0675224603116,64.1895365811614,65.4538584953967,49.862903806599,58.6095975472749,67.2597254932456,58.2684344490307,50.0046560470924,57.7546994370674,62.8682538377767,54.5505682178366,60.3735567921113,66.6570302991098,66.2668210140378,65.7457353392728,67.3726244198102,65.4615862795942,49.8537755692688,61.0806142298823,65.0857620862944,55.7721004473043,66.2883194188878,63.0071128380848
59.4386723952758,65.1658905122446,68.6991221308335,55.2385518607335,58.3820079281426,62.6500984205252,65.3644681884168,65.8559674374163,61.0675224603116,64.1895365811614,65.4538584953967,49.862903806599,58.6095975472749,67.2597254932456,58.2684344490307,50.0046560470924,57.7546994370674,62.8682538377767,54.5505682178366,60.3735567921113,66.6570302991098,66.2668210140378,65.7457353392728,67.3726244198102,65.4615862795942,49.8537755692688,61.0806142298823,65.0857620862944,55.7721004473043,66.2883194188878,63.0071128380848
59.4464117540712,65.1658905122446,68.6991221308335,55.2385518607335,58.3820079281426,62.6500984205252,65.3644681884168,65.8743491639837,61.0675224603116,64.1895365811614,65.4538584953967,49.862903806599,58.6095975472749,67.2597254932456,58.2684344490307,50.0046560470924,57.7546994370674,62.8682538377767,54.5505682178366,60.3735567921113,66.6570302991098,66.2668210140378,65.7457353392728,67.3726244198102,65.539498437559,49.8537755692688,61.0806142298823,65.0857620862944,55.7721004473043,66.2883194188878,63.0071128380848
59.4464117540712,65.1658905122446,68.6991221308335,55.2385518607335,58.3820079281426,62.6500984205252,65.3644681884168,65.8743491639837,61.0675224603116,64.1895365811614,65.4538584953967,49.862903806599,58.6095975472749,67.2597254932456,58.2684344490307,50.2487314312026,57.7546994370674,62.8682538377767,54.5505682178366,60.3735567921113,66.6570302991098,66.2668210140378,65.7457353392728,67.3726244198102,65.539498437559,49.8537755692688,61.0806142298823,65.0857620862944,56.0117008697767,66.2883194188878,63.0071128380848
59.4464117540712,65.1658905122446,68.6991221308335,55.2385518607335,58.3820079281426,62.6500984205252,65.37059614243,65.8743491639837,61.0675224603116,64.1895365811614,65.4538584953967,49.862903806599,58.6095975472749,67.2597254932456,58.2684344490307,50.2487314312026,57.7546994370674,62.8682538377767,54.5505682178366,60.3735567921113,66.6570302991098,66.2668210140378,65.7457353392728,67.3726244198102,65.539498437559,49.8537755692688,61.0806142298823,65.0857620862944,56.0117008697767,66.2883194188878,63.0071128380848
59.4464117540712,65.1658905122446,68.6991221308335,55.2385518607335,58.3858441885952,62.6500984205252,65.37059614243,65.8743491639837,61.0675224603116,64.1895365811614,65.4538584953967,49.862903806599,58.6095975472749,67.2597254932456,58.2684344490307,50.2487314312026,57.7546994370674,62.8682538377767,54.5505682178366,60.3735567921113,66.6570302991098,66.2668210140378,65.7457353392728,67.3726244198102,65.539498437559,49.8537755692688,61.0806142298823,65.0857620862944,56.0117008697767,66.2883194188878,63.0071128380848
59.4464117540712,65.1658905122446,68.6991221308335,55.2385518607335,58.3858441885952,62.6500984205252,65.37059614243,65.8743491639837,61.0675224603116,64.1895365811614,65.4538584953967,49.862903806599,58.6095975472749,67.2597254932456,58.2684344490307,50.2487314312026,57.7639444492337,62.8682538377767,54.5505682178366,60.3735567921113,66.6570302991098,66.2668210140378,65.7457353392728,67.3726244198102,65.539498437559,49.8537755692688,61.0806142298823,65.0857620862944,56.0117008697767,66.2883194188878,63.0071128380848
59.4464117540712,65.2148106485301,68.6991221308335,55.2385518607335,58.3858441885952,62.6500984205252,65.37059614243,65.8743491639837,61.0675224603116,64.1895365811614,65.4538584953967,49.862903806599,58.6095975472749,67.2597254932456,58.2684344490307,50.2487314312026,57.7639444492337,62.8682538377767,54.5505682178366,60.3735567921113,66.6570302991098,66.2668210140378,65.7457353392728,67.3726244198102,65.539498437559,49.8537755692688,61.0806142298823,65.0857620862944,56.0117008697767,66.2883194188878,63.0071128380848
59.4464117540712,65.2148106485301,68.6991221308335,55.2385518607335,58.3858441885952,62.6500984205252,65.37059614243,65.8743491639837,61.0675224603116,64.1895365811614,65.4538584953967,49.862903806599,58.6095975472749,67.2597254932456,58.2684344490307,50.2487314312026,57.7639444492337,62.8682538377767,54.5505682178366,60.3735567921113,66.6570302991098,66.2668210140378,65.7457353392728,67.3726244198102,65.539498437559,49.8537755692688,61.0806142298823,65.0857620862944,56.0117008697767,66.2883194188878,63.0071128380848
59.4464117540712,65.2148106485301,68.6991221308335,55.2385518607335,58.3858441885952,62.6500984205252,65.37059614243,65.8743491639837,61.0675224603116,64.1895365811614,65.4538584953967,49.862903806599,58.6095975472749,67.2597254932456,58.2684344490307,50.2487314312026,57.7639444492337,62.8682538377767,54.5505682178366,60.3735567921113,66.6570302991098,66.2668210140378,65.7457353392728,67.3726244198102,65.539498437559,49.8537755692688,61.0806142298823,65.0857620862944,56.0117008697767,66.2883194188878,63.0071128380848
59.4464117540712,65.2148106485301,68.6991221308335,55.2385518607335,58.3858441885952,62.6500984205252,65.37059614243,65.8743491639837,61.0675224603116,64.1895365811614,65.4538584953967,50.3730034141634,58.6095975472749,67.2597254932456,58.2684344490307,50.2487314312026,57.7639444492337,62.8682538377767,54.5505682178366,60.3735567921113,66.6570302991098,66.529790730463,65.7457353392728,67.3726244198102,65.539498437559,49.8537755692688,61.0806142298823,65.0857620862944,56.0117008697767,66.2883194188878,63.0071128380848
59.4464117540712,65.2148106485301,68.6991221308335,55.2385518607335,58.3858441885952,62.6500984205252,65.37059614243,65.8743491639837,61.0675224603116,64.1895365811614,65.8264658056526,50.3730034141634,58.6095975472749,67.2597254932456,58.2684344490307,50.2487314312026,57.7639444492337,62.8682538377767,54.5505682178366,60.3735567921113,66.6570302991098,66.529790730463,65.7457353392728,67.3726244198102,65.539498437559,49.8537755692688,61.0806142298823,65.0857620862944,56.0117008697767,66.2883194188878,63.0071128380848
59.7083837392189,65.2148106485301,68.6991221308335,55.2385518607335,58.3858441885952,62.6500984205252,65.37059614243,65.8743491639837,61.0675224603116,64.1895365811614,65.8264658056526,50.3730034141634,58.6095975472749,67.2597254932456,58.2684344490307,50.2487314312026,57.7639444492337,62.8682538377767,54.5505682178366,60.3735567921113,66.6570302991098,66.529790730463,65.7457353392728,67.3726244198102,65.539498437559,49.8537755692688,61.0806142298823,65.0857620862944,56.0117008697767,66.2883194188878,63.0071128380848
59.7083837392189,65.2148106485301,68.6991221308335,55.2385518607335,58.3858441885952,62.6500984205252,65.37059614243,65.8743491639837,61.0675224603116,64.1895365811614,65.8264658056526,50.3730034141634,58.8153490074189,67.2597254932456,58.2684344490307,50.2487314312026,57.7639444492337,62.8682538377767,54.5505682178366,60.3735567921113,66.6570302991098,66.529790730463,65.7457353392728,67.3726244198102,65.5826495681725,49.8537755692688,61.0806142298823,65.0857620862944,56.0117008697767,66.380991615311,63.0071128380848
59.7083837392189,65.2148106485301,68.6991221308335,55.2385518607335,58.3858441885952,62.6500984205252,65.37059614243,65.8743491639837,61.0675224603116,64.1895365811614,65.8264658056526,50.3730034141634,58.8153490074189,67.316726633716,58.2684344490307,50.2487314312026,57.7639444492337,62.8682538377767,54.5505682178366,60.3735567921113,66.6570302991098,66.529790730463,65.7457353392728,67.3726244198102,65.5826495681725,49.8537755692688,61.7320734602918,65.0857620862944,56.0117008697767,66.380991615311,63.0071128380848
59.7083837392189,65.2148106485301,68.6991221308335,55.2385518607335,58.3858441885952,62.6500984205252,65.37059614243,65.8743491639837,61.0675224603116,64.1895365811614,65.8264658056526,50.3730034141634,58.8153490074189,67.316726633716,58.2684344490307,50.2487314312026,57.7639444492337,62.8682538377767,54.5505682178366,60.3735567921113,66.6570302991098,66.529790730463,65.7457353392728,67.3726244198102,65.5826495681725,49.8537755692688,61.7320734602918,65.0857620862944,56.0117008697767,66.380991615311,63.0071128380848
59.7083837392189,65.2148106485301,68.6991221308335,55.2385518607335,58.3858441885952,62.6500984205252,65.37059614243,65.8743491639837,61.0675224603116,64.1895365811614,65.8264658056526,50.3730034141634,58.8153490074189,67.316726633716,58.2684344490307,50.2487314312026,57.7639444492337,62.8682538377767,54.5505682178366,60.3735567921113,66.6570302991098,66.529790730463,65.9210861284972,67.3726244198102,65.5826495681725,49.8537755692688,61.7320734602918,65.0857620862944,56.0117008697767,66.380991615311,63.0071128380848
59.7083837392189,65.2148106485301,68.6991221308335,55.2385518607335,58.3858441885952,62.6500984205252,65.3877339891722,65.8743491639837,61.0675224603116,64.1895365811614,65.8264658056526,50.3730034141634,58.8153490074189,67.316726633716,58.2684344490307,50.2487314312026,57.7639444492337,62.8682538377767,54.5505682178366,60.3735567921113,66.6570302991098,66.529790730463,65.9210861284972,67.3726244198102,65.5826495681725,49.8537755692688,61.7320734602918,65.0857620862944,56.0117008697767,66.380991615311,63.0071128380848
59.7083837392189,65.2148106485301,68.6991221308335,55.2385518607335,58.3858441885952,62.6500984205252,65.3877339891722,65.8743491639837,61.0675224603116,64.1895365811614,65.8264658056526,50.3730034141634,58.8153490074189,67.316726633716,58.2684344490307,50.2487314312026,57.7639444492337,62.8682538377767,54.5505682178366,60.3735567921113,66.6570302991098,66.529790730463,65.9210861284972,67.3726244198102,65.5826495681725,49.8537755692688,61.7320734602918,65.0857620862944,56.0117008697767,66.380991615311,63.0071128380848
59.7083837392189,65.2148106485301,68.6991221308335,55.2385518607335,58.3858441885952,62.6500984205252,65.3877339891722,65.8743491639837,61.0675224603116,64.1895365811614,65.8264658056526,50.3730034141634,58.8153490074189,67.316726633716,58.2684344490307,50.2487314312026,57.7639444492337,62.8682538377767,54.5505682178366,60.3735567921113,66.6570302991098,66.529790730463,65.9210861284972,67.3726244198102,65.5826495681725,49.8537755692688,61.7320734602918,65.0857620862944,56.0117008697767,66.380991615311,63.0071128380848
59.7083837392189,65.2583962977616,68.6991221308335,55.2385518607335,58.3858441885952,62.6500984205252,65.3877339891722,65.8743491639837,61.0675224603116,64.1895365811614,65.8264658056526,50.3730034141634,58.8153490074189,67.316726633716,58.2684344490307,50.2487314312026,57.7639444492337,62.8682538377767,54.5505682178366,60.3735567921113,66.6570302991098,66.529790730463,65.9210861284972,67.3726244198102,65.5826495681725,49.8537755692688,61.7320734602918,65.0857620862944,56.0117008697767,66.380991615311,63.0071128380848
59.7083837392189,65.2583962977616,68.6991221308335,55.2385518607335,58.3858441885952,62.6500984205252,65.3877339891722,65.8743491639837,61.0675224603116,64.1895365811614,65.8264658056526,50.3730034141634,58.8153490074189,67.316726633716,58.2684344490307,50.2487314312026,57.7639444492337,62.8682538377767,54.5505682178366,60.3735567921113,66.6570302991098,66.529790730463,65.9210861284972,67.3726244198102,65.5826495681725,49.8537755692688,61.7320734602918,65.0857620862944,56.0117008697767,66.380991615311,63.0071128380848
59.7083837392189,65.2583962977616,68.6991221308335,55.2385518607335,58.3858441885952,62.6500984205252,65.3877339891722,65.8743491639837,61.0675224603116,64.1895365811614,65.8264658056526,50.3730034141634,58.8153490074189,67.316726633716,58.2684344490307,50.2487314312026,57.7639444492337,62.8682538377767,54.5505682178366,60.3735567921113,66.6570302991098,66.529790730463,65.9210861284972,67.3726244198102,65.5826495681725,49.8537755692688,61.7320734602918,65.0857620862944,56.0117008697767,66.380991615311,63.0071128380848
59.7083837392189,65.2583962977616,68.6991221308335,55.2385518607335,58.3858441885952,62.6500984205252,65.3877339891722,65.8743491639837,61.0675224603116,64.1895365811614,65.8264658056526,50.3730034141634,58.8153490074189,67.316726633716,58.2684344490307,50.2487314312026,57.7639444492337,62.8682538377767,54.5505682178366,60.3735567921113,66.6570302991098,66.529790730463,65.9210861284972,67.3726244198102,65.5826495681725,49.8537755692688,61.7320734602918,65.0857620862944,56.0117008697767,66.380991615311,63.0071128380848
59.7083837392189,65.2583962977616,68.6991221308335,55.2385518607335,58.3858441885952,62.6500984205252,65.3877339891722,65.8743491639837,61.0675224603116,64.1895365811614,65.8264658056526,50.3730034141634,58.8153490074189,67.316726633716,58.2684344490307,50.2487314312026,57.7639444492337,62.8682538377767,54.5505682178366,60.3735567921113,66.6570302991098,66.529790730463,65.9210861284972,67.3726244198102,65.5826495681725,49.8537755692688,61.7320734602918,65.0857620862944,56.0117008697767,66.380991615311,63.1777024150752
59.7083837392189,65.2583962977616,68.6991221308335,55.2385518607335,58.3858441885952,62.6500984205252,65.3877339891722,65.9076163181623,61.0675224603116,64.1895365811614,65.8264658056526,50.3730034141634,58.8153490074189,67.316726633716,58.3089080058073,50.2487314312026,57.7639444492337,62.8682538377767,54.603553547376,60.3735567921113,66.6570302991098,66.529790730463,65.9210861284972,67.3726244198102,65.5826495681725,49.8537755692688,61.7320734602918,65.0857620862944,56.0117008697767,66.380991615311,63.1777024150752
59.7083837392189,65.2583962977616,68.6991221308335,55.2385518607335,58.3858441885952,62.6500984205252,65.3877339891722,65.9076163181623,61.0675224603116,64.1895365811614,65.8264658056526,50.3730034141634,58.8153490074189,67.316726633716,58.3089080058073,50.2487314312026,57.7639444492337,62.8682538377767,54.603553547376,60.3735567921113,66.6570302991098,66.529790730463,65.9210861284972,67.3726244198102,65.5826495681725,49.8537755692688,61.7320734602918,65.0857620862944,56.0117008697767,66.380991615311,63.1777024150752
59.7083837392189,65.2583962977616,68.6991221308335,55.2385518607335,58.3858441885952,62.6500984205252,65.3877339891722,65.9076163181623,61.0675224603116,64.1895365811614,65.8264658056526,50.3730034141634,58.8153490074189,67.316726633716,58.3089080058073,50.2487314312026,57.7639444492337,62.8682538377767,54.603553547376,60.3735567921113,66.6570302991098,66.529790730463,65.9210861284972,67.3726244198102,65.5826495681725,49.8537755692688,61.7320734602918,65.0857620862944,56.0117008697767,66.380991615311,63.1777024150752
59.7083837392189,65.2583962977616,68.6991221308335,55.2385518607335,58.3862393877384,62.6500984205252,65.3877339891722,65.9076163181623,61.0675224603116,64.1895365811614,65.8264658056526,50.3730034141634,58.8153490074189,67.316726633716,58.3089080058073,50.2487314312026,57.7639444492337,62.8682538377767,54.603553547376,60.3735567921113,66.6570302991098,66.529790730463,65.9210861284972,67.3726244198102,65.5826495681725,49.8537755692688,61.7320734602918,65.0857620862944,56.0117008697767,66.380991615311,63.1777024150752
59.7083837392189,65.2583962977616,68.6991221308335,55.2385518607335,58.3862393877384,62.6500984205252,65.3877339891722,65.9076163181623,61.0675224603116,64.1895365811614,65.8264658056526,50.3730034141634,58.8153490074189,67.316726633716,58.3089080058073,50.2487314312026,57.7639444492337,62.8682538377767,54.603553547376,60.3735567921113,66.6570302991098,66.529790730463,65.9210861284972,67.3726244198102,65.5826495681725,49.8537755692688,61.7320734602918,65.0857620862944,56.0117008697767,66.380991615311,63.1777024150752
59.7083837392189,65.2583962977616,68.6991221308335,55.2385518607335,58.3862393877384,62.6500984205252,65.3877339891722,65.9076163181623,61.0675224603116,64.1895365811614,65.8264658056526,50.3730034141634,58.8153490074189,67.316726633716,58.3089080058073,50.2487314312026,57.7639444492337,62.8682538377767,54.603553547376,60.3735567921113,66.6570302991098,66.529790730463,65.9210861284972,67.3726244198102,65.5826495681725,49.8537755692688,61.7320734602918,65.0857620862944,56.0117008697767,66.380991615311,63.1777024150752
59.7083837392189,65.2583962977616,68.6991221308335,55.2385518607335,58.3862393877384,62.6500984205252,65.3877339891722,65.9076163181623,61.0675224603116,64.1895365811614,65.8855054878587,50.3730034141634,58.8153490074189,67.316726633716,58.3089080058073,50.2487314312026,57.7639444492337,62.8682538377767,54.603553547376,60.3735567921113,66.6570302991098,66.529790730463,65.9210861284972,67.3726244198102,65.5826495681725,49.8537755692688,61.7320734602918,65.0857620862944,56.0117008697767,66.380991615311,63.1777024150752
59.7083837392189,65.2702612080811,68.6991221308335,55.2915087844022,58.3862393877384,62.6500984205252,65.3877339891722,65.9076163181623,61.0675224603116,64.1895365811614,65.8855054878587,50.3730034141634,58.8153490074189,67.316726633716,58.3089080058073,50.2487314312026,57.7639444492337,62.8682538377767,54.603553547376,60.3735567921113,66.6570302991098,66.5386313485228,65.9210861284972,67.3726244198102,65.5826495681725,49.8537755692688,61.7320734602918,65.0857620862944,56.0117008697767,66.380991615311,63.1777024150752
59.7083837392189,65.2702612080811,68.6991221308335,55.2915087844022,58.3862393877384,62.6500984205252,65.3877339891722,65.9076163181623,61.0675224603116,64.1895365811614,65.8855054878587,50.3730034141634,58.8153490074189,67.316726633716,58.3089080058073,50.2487314312026,57.7639444492337,62.8682538377767,54.603553547376,60.3735567921113,66.6570302991098,66.5386313485228,65.9210861284972,67.3726244198102,65.5826495681725,49.8537755692688,61.7320734602918,65.0857620862944,56.0117008697767,66.380991615311,63.1777024150752
59.7083837392189,65.2702612080811,68.6991221308335,55.2915087844022,58.3862393877384,62.6500984205252,65.3877339891722,65.9076163181623,61.0675224603116,64.1895365811614,65.8855054878587,50.3730034141634,58.8153490074189,67.316726633716,58.3089080058073,50.2487314312026,57.7639444492337,62.8682538377767,54.603553547376,60.3735567921113,66.6570302991098,66.5386313485228,65.9210861284972,67.3726244198102,65.5826495681725,49.8537755692688,61.7320734602918,65.0857620862944,56.0117008697767,66.380991615311,63.1777024150752
59.7083837392189,65.2702612080811,68.6991221308335,55.2915087844022,58.3862393877384,62.6500984205252,65.3877339891722,65.9076163181623,61.0675224603116,64.1895365811614,65.8855054878587,50.3730034141634,58.8153490074189,67.316726633716,58.3089080058073,50.2487314312026,57.7639444492337,62.8682538377767,54.603553547376,60.3735567921113,66.6570302991098,66.5386313485228,65.9210861284972,67.3726244198102,65.5826495681725,49.8537755692688,61.7320734602918,65.0857620862944,56.0117008697767,66.380991615311,63.1777024150752
59.7083837392189,65.2702612080811,68.6991221308335,55.2915087844022,58.3862393877384,62.6500984205252,65.3877339891722,65.9207976719636,61.0675224603116,64.1895365811614,65.8855054878587,50.3730034141634,58.8153490074189,67.3206154433982,58.3089080058073,50.2487314312026,57.7639444492337,62.8682538377767,54.603553547376,60.3735567921113,66.6570302991098,66.5386313485228,65.9210861284972,67.3726244198102,65.5826495681725,49.8537755692688,61.7320734602918,65.0857620862944,56.0117008697767,66.380991615311,63.1777024150752
59.7083837392189,65.2702612080811,68.6991221308335,55.2915087844022,58.3862393877384,62.6500984205252,65.3877339891722,65.9207976719636,61.0675224603116,64.1895365811614,65.8855054878587,50.3730034141634,58.8153490074189,67.3206154433982,58.4380238918887,50.9877489977999,57.7639444492337,62.8682538377767,54.603553547376,60.3735567921113,66.6570302991098,66.5386313485228,65.9210861284972,67.3726244198102,65.5826495681725,49.8537755692688,61.7320734602918,65.0857620862944,56.0117008697767,66.380991615311,63.1777024150752
59.7083837392189,65.2702612080811,68.6991221308335,55.2915087844022,58.3862393877384,62.6500984205252,65.3877339891722,65.9207976719636,61.0675224603116,64.1895365811614,65.8855054878587,50.3730034141634,58.8153490074189,67.3206154433982,58.4380238918887,50.9877489977999,57.7639444492337,62.8682538377767,54.603553547376,60.3735567921113,66.6570302991098,66.5386313485228,65.9210861284972,67.3726244198102,65.5826495681725,49.8537755692688,61.7320734602918,65.0857620862944,56.0117008697767,66.380991615311,63.1777024150752
59.7083837392189,65.2702612080811,68.6991221308335,55.2915087844022,58.3862393877384,62.6500984205252,65.3877339891722,65.9207976719636,61.0675224603116,64.1895365811614,65.8855054878587,50.3730034141634,58.8153490074189,67.3206154433982,58.4380238918887,50.9877489977999,57.7921891194461,62.8682538377767,54.603553547376,60.3735567921113,66.6570302991098,66.5386313485228,65.9210861284972,67.3726244198102,65.5826495681725,49.8537755692688,61.7320734602918,65.0857620862944,56.0117008697767,66.380991615311,63.1777024150752
59.7083837392189,65.2702612080811,68.6991221308335,55.2915087844022,58.3862393877384,62.6500984205252,65.3937370133788,65.9207976719636,61.0675224603116,64.1895365811614,65.8855054878587,50.3730034141634,58.8153490074189,67.3206154433982,58.4380238918887,50.9877489977999,57.7921891194461,62.8682538377767,54.603553547376,60.3735567921113,66.6570302991098,66.5386313485228,65.9210861284972,67.3726244198102,65.5826495681725,49.8537755692688,61.7320734602918,65.0857620862944,56.0117008697767,66.380991615311,63.1777024150752
59.7083837392189,65.2702612080811,68.6991221308335,55.2915087844022,58.3862393877384,62.6500984205252,65.3937370133788,65.9207976719636,61.0675224603116,64.1895365811614,65.8855054878587,50.3730034141634,58.8153490074189,67.3206154433982,58.4380238918887,50.9877489977999,57.7921891194461,62.8682538377767,54.603553547376,60.3735567921113,66.6570302991098,66.5386313485228,65.9210861284972,67.3726244198102,65.5826495681725,49.8537755692688,61.7320734602918,65.0857620862944,56.0117008697767,66.380991615311,63.1777024150752
59.7083837392189,65.2702612080811,68.6991221308335,55.2915087844022,58.3862393877384,62.6500984205252,65.3937370133788,65.9207976719636,61.4690320564061,64.1903241521322,65.8855054878587,50.5425057162803,58.8153490074189,67.3206154433982,58.4380238918887,50.9877489977999,57.7921891194461,62.8682538377767,54.603553547376,60.3735567921113,66.6570302991098,66.5386313485228,65.9210861284972,67.3726244198102,65.5826495681725,49.8537755692688,61.7320734602918,65.0857620862944,56.0117008697767,66.380991615311,63.1777024150752
59.7083837392189,65.2702612080811,68.6991221308335,55.2915087844022,58.3862393877384,62.6500984205252,65.3937370133788,65.9207976719636,61.4690320564061,64.1903241521322,65.8855054878587,50.5425057162803,58.8153490074189,67.3206154433982,58.4380238918887,50.9877489977999,57.7921891194461,62.8682538377767,54.603553547376,60.3735567921113,66.8869755669444,66.5386313485228,65.9210861284972,67.3726244198102,65.5826495681725,49.8537755692688,61.7320734602918,65.0857620862944,56.0117008697767,66.380991615311,63.1777024150752
59.7083837392189,65.2702612080811,68.6991221308335,55.3868969623858,58.3862393877384,62.6500984205252,65.3937370133788,65.9207976719636,61.4690320564061,64.1903241521322,65.8855054878587,50.5425057162803,58.8153490074189,67.3206154433982,58.4380238918887,50.9877489977999,57.7921891194461,62.8682538377767,54.603553547376,60.3735567921113,66.8869755669444,66.5386313485228,65.9210861284972,67.3726244198102,65.5826495681725,49.8537755692688,61.7320734602918,65.0857620862944,56.0117008697767,66.380991615311,63.1777024150752
59.7083837392189,65.2702612080811,68.6991221308335,55.3868969623858,58.3862393877384,62.6500984205252,65.3937370133788,65.9207976719636,61.4690320564061,64.1903241521322,65.8855054878587,50.5425057162803,58.8153490074189,67.3206154433982,58.4380238918887,50.9877489977999,57.7921891194461,62.8682538377767,54.603553547376,60.3735567921113,66.8869755669444,66.5386313485228,65.9210861284972,67.3726244198102,66.0086572837721,49.8537755692688,61.7320734602918,65.0857620862944,56.0117008697767,66.380991615311,63.1777024150752
59.7083837392189,65.2702612080811,68.6991221308335,55.3868969623858,58.3862393877384,62.6500984205252,65.3937370133788,65.9207976719636,61.4690320564061,64.1903241521322,65.8855054878587,50.5425057162803,58.8153490074189,67.3206154433982,58.4380238918887,50.9877489977999,57.7921891194461,62.8682538377767,54.603553547376,60.3735567921113,66.8869755669444,66.5386313485228,65.9210861284972,67.3726244198102,66.0086572837721,49.8537755692688,61.7320734602918,65.0857620862944,56.0527892277064,66.380991615311,63.1777024150752
59.7083837392189,65.2702612080811,68.9530808850118,55.3868969623858,58.3862393877384,62.6500984205252,65.3937370133788,65.9207976719636,61.4690320564061,64.1903241521322,65.8855054878587,50.5425057162803,58.8153490074189,67.3206154433982,58.4380238918887,50.9877489977999,57.7921891194461,62.8682538377767,54.603553547376,60.3735567921113,66.8869755669444,66.5386313485228,65.9210861284972,67.3726244198102,66.0086572837721,49.8537755692688,61.7320734602918,65.0857620862944,56.0527892277064,66.380991615311,63.1777024150752
59.7083837392189,65.2702612080811,68.9530808850118,55.3868969623858,58.3862393877384,62.6500984205252,65.3937370133788,65.9207976719636,61.4690320564061,64.1903241521322,65.8855054878587,50.5425057162803,58.8153490074189,67.3206154433982,58.4380238918887,50.9877489977999,57.7921891194461,62.8682538377767,54.603553547376,60.3735567921113,66.8869755669444,66.5386313485228,65.9210861284972,67.3726244198102,66.0086572837721,49.8537755692688,61.7320734602918,65.0857620862944,56.0527892277064,66.380991615311,63.1777024150752
59.7083837392189,65.2702612080811,68.9530808850118,55.3868969623858,58.3862393877384,62.6500984205252,65.3937370133788,65.9207976719636,61.4690320564061,64.1903241521322,65.8855054878587,50.5425057162803,58.8153490074189,67.3206154433982,58.4380238918887,50.9877489977999,57.7921891194461,62.8682538377767,54.603553547376,60.3735567921113,66.8869755669444,66.5386313485228,65.9210861284972,67.3726244198102,66.0086572837721,49.8537755692688,61.7320734602918,65.0857620862944,56.0527892277064,66.380991615311,63.1777024150752
59.7083837392189,65.2702612080811,68.9530808850118,55.3868969623858,58.3862393877384,62.6500984205252,65.4049487864731,65.9207976719636,61.4690320564061,64.1903241521322,65.8855054878587,50.5425057162803,58.8153490074189,67.3206154433982,58.4380238918887,50.9877489977999,57.7921891194461,63.0437984524374,54.603553547376,60.3735567921113,66.8869755669444,66.5386313485228,65.9210861284972,67.3726244198102,66.0086572837721,49.8537755692688,61.7320734602918,65.0857620862944,56.0527892277064,66.380991615311,63.1777024150752
59.7083837392189,65.2702612080811,68.9530808850118,55.3868969623858,58.3862393877384,62.6500984205252,65.4049487864731,65.9207976719636,61.4690320564061,64.1903241521322,65.8855054878587,50.5425057162803,58.8153490074189,67.3206154433982,58.4380238918887,50.9877489977999,57.7921891194461,63.0437984524374,54.603553547376,60.3735567921113,66.8869755669444,66.5386313485228,65.9210861284972,67.3726244198102,66.0086572837721,49.8537755692688,61.7320734602918,65.0857620862944,56.0527892277064,66.380991615311,63.1777024150752
59.7083837392189,65.2702612080811,68.9530808850118,55.3868969623858,58.3862393877384,62.6500984205252,65.4049487864731,65.9207976719636,61.4690320564061,64.1903241521322,65.8855054878587,50.5425057162803,58.8153490074189,67.3206154433982,58.4380238918887,50.9877489977999,57.7921891194461,63.0437984524374,54.603553547376,60.3735567921113,66.8869755669444,66.5386313485228,65.9210861284972,67.3726244198102,66.0086572837721,49.8537755692688,61.7320734602918,65.0857620862944,56.0527892277064,66.380991615311,63.1777024150752
59.7083837392189,65.279949506531,68.9530808850118,55.3868969623858,58.3862393877384,62.6500984205252,65.4049487864731,65.9207976719636,61.4690320564061,64.1903241521322,65.8855054878587,50.5425057162803,58.8153490074189,67.3206154433982,58.4380238918887,50.9877489977999,57.7921891194461,63.0437984524374,54.603553547376,60.3735567921113,67.1486424053352,66.5386313485228,65.9210861284972,67.3726244198102,66.0086572837721,49.8537755692688,61.7320734602918,65.0857620862944,56.0527892277064,66.380991615311,63.1777024150752
59.7105702261275,65.279949506531,68.9530808850118,55.3868969623858,58.3862393877384,62.6500984205252,65.4049487864731,65.9207976719636,61.4690320564061,64.1903241521322,65.8855054878587,50.5425057162803,58.8153490074189,67.3206154433982,58.4380238918887,50.9877489977999,57.7921891194461,63.0437984524374,54.603553547376,60.3735567921113,67.1486424053352,66.5386313485228,65.9210861284972,67.3726244198102,66.0086572837721,49.8537755692688,61.7320734602918,65.0857620862944,56.0527892277064,66.380991615311,63.1777024150752
59.7105702261275,65.279949506531,68.9530808850118,55.3868969623858,58.3862393877384,62.6500984205252,65.4049487864731,65.9207976719636,61.4690320564061,64.1903241521322,65.8855054878587,50.5425057162803,58.8153490074189,67.3206154433982,58.4380238918887,50.9877489977999,57.7921891194461,63.0437984524374,54.603553547376,60.3735567921113,67.1486424053352,66.5386313485228,65.9210861284972,67.3726244198102,66.0086572837721,49.8537755692688,61.7320734602918,65.0857620862944,56.0527892277064,66.4119345626668,63.1869233701966
59.7105702261275,65.279949506531,68.9530808850118,55.3868969623858,58.3862393877384,62.6500984205252,65.4049487864731,65.9207976719636,61.4690320564061,64.1903241521322,65.8855054878587,50.5425057162803,58.8153490074189,67.3206154433982,58.4380238918887,50.9877489977999,57.7921891194461,63.0437984524374,54.603553547376,60.3735567921113,67.1486424053352,66.5386313485228,65.9210861284972,67.3726244198102,66.0086572837721,49.8537755692688,61.7320734602918,65.0857620862944,56.0527892277064,66.4119345626668,63.1869233701966
59.7105702261275,65.279949506531,68.9530808850118,55.3868969623858,58.3862393877384,62.6500984205252,65.4049487864731,65.9207976719636,61.4690320564061,64.1903241521322,65.8855054878587,50.5425057162803,58.8153490074189,67.3365248686903,58.4380238918887,50.9877489977999,57.7921891194461,63.0437984524374,54.603553547376,60.3735567921113,67.1486424053352,66.5386313485228,65.9210861284972,67.3726244198102,66.0086572837721,49.8537755692688,61.7320734602918,65.0857620862944,56.0527892277064,66.4119345626668,63.1869233701966
59.7105702261275,65.279949506531,69.0282285967107,55.3868969623858,58.3862393877384,62.6500984205252,65.4049487864731,65.9207976719636,61.4690320564061,64.1903241521322,65.8855054878587,50.5425057162803,58.8153490074189,67.3365248686903,58.4380238918887,50.9877489977999,57.7921891194461,63.0437984524374,54.603553547376,60.3735567921113,67.1486424053352,66.5386313485228,65.9210861284972,67.3726244198102,66.0086572837721,49.8537755692688,61.7320734602918,65.0857620862944,56.0527892277064,66.4119345626668,63.1869233701966
59.7105702261275,65.279949506531,69.0282285967107,55.3868969623858,58.3862393877384,62.6500984205252,65.4049487864731,65.9207976719636,61.4690320564061,64.1903241521322,65.8855054878587,50.5425057162803,58.8153490074189,67.3365248686903,58.4380238918887,50.9877489977999,57.7921891194461,63.0437984524374,54.603553547376,60.3735567921113,67.1486424053352,66.5386313485228,65.9210861284972,67.3726244198102,66.0086572837721,49.8537755692688,61.7320734602918,65.0857620862944,56.0527892277064,66.4119345626668,63.1869233701966
59.7105702261275,65.279949506531,69.0282285967107,55.3868969623858,58.3862393877384,62.6500984205252,65.4049487864731,65.9207976719636,61.4690320564061,64.1903241521322,65.8855054878587,50.5425057162803,58.8153490074189,67.3365248686903,58.4380238918887,50.9877489977999,57.7921891194461,63.0869009424939,54.603553547376,60.3735567921113,67.1486424053352,66.5386313485228,65.9210861284972,67.3726244198102,66.0086572837721,50.6697064061708,61.7320734602918,65.0857620862944,56.0527892277064,66.4119345626668,63.1869233701966
59.7105702261275,65.279949506531,69.0282285967107,55.3868969623858,58.3862393877384,62.6500984205252,65.4128008799147,65.9207976719636,61.4690320564061,64.1903241521322,65.8855054878587,50.5425057162803,58.8153490074189,67.3365248686903,58.4380238918887,50.9877489977999,57.7921891194461,63.0869009424939,54.603553547376,60.3735567921113,67.1486424053352,66.5386313485228,65.9210861284972,67.3726244198102,66.0086572837721,50.6697064061708,61.7320734602918,65.0857620862944,56.0527892277064,66.4119345626668,63.1869233701966
59.7105702261275,65.279949506531,69.0282285967107,55.3868969623858,58.3862393877384,62.6500984205252,65.4128008799147,65.9207976719636,61.4690320564061,64.1903241521322,65.8855054878587,50.5425057162803,58.8153490074189,67.3365248686903,58.4380238918887,50.9877489977999,57.7921891194461,63.0869009424939,54.603553547376,60.3735567921113,67.1486424053352,66.5386313485228,65.9391925448018,67.3726244198102,66.0086572837721,50.6697064061708,61.7320734602918,65.0857620862944,56.0527892277064,66.4119345626668,63.1869233701966
59.7105702261275,65.279949506531,69.0282285967107,55.3868969623858,58.3862393877384,62.6500984205252,65.4128008799147,65.9207976719636,61.4690320564061,64.1903241521322,65.8855054878587,50.5425057162803,58.8153490074189,67.3365248686903,58.4380238918887,50.9877489977999,57.7921891194461,63.0869009424939,54.603553547376,60.3735567921113,67.1486424053352,66.5386313485228,65.9391925448018,67.3726244198102,66.0086572837721,50.6697064061708,61.7320734602918,65.0857620862944,56.0527892277064,66.4119345626668,63.1869233701966
59.7105702261275,65.279949506531,69.0282285967107,55.3868969623858,58.4133240284258,62.6500984205252,65.4128008799147,65.9207976719636,61.902854513763,64.1903241521322,65.8855054878587,50.5425057162803,58.8153490074189,67.3365248686903,58.4380238918887,50.9877489977999,57.7921891194461,63.0869009424939,54.603553547376,60.3735567921113,67.2762086363849,66.5386313485228,65.9391925448018,67.3726244198102,66.0086572837721,50.6697064061708,61.7320734602918,65.0857620862944,56.0527892277064,66.4119345626668,63.1869233701966
59.7105702261275,65.279949506531,69.0282285967107,55.3868969623858,58.4133240284258,62.6500984205252,65.4128008799147,65.9207976719636,61.902854513763,64.1903241521322,65.8855054878587,50.5425057162803,58.8153490074189,67.3365248686903,58.4380238918887,50.9877489977999,57.7921891194461,63.0869009424939,54.603553547376,60.3735567921113,67.2762086363849,66.5386313485228,65.9391925448018,67.3726244198102,66.0086572837721,50.6697064061708,61.7320734602918,65.0857620862944,56.0527892277064,66.4119345626668,63.1869233701966
59.7105702261275,65.279949506531,69.0282285967107,55.4052388360617,58.4133240284258,62.6500984205252,65.4128008799147,65.9207976719636,61.902854513763,64.1903241521322,65.8855054878587,50.5425057162803,58.8153490074189,67.3365248686903,58.4380238918887,50.9877489977999,57.7921891194461,63.0869009424939,54.603553547376,60.3735567921113,67.2762086363849,66.5386313485228,65.9391925448018,67.3726244198102,66.0086572837721,50.6697064061708,61.7320734602918,65.0857620862944,56.0527892277064,66.5039602852004,63.1869233701966
59.7105702261275,65.279949506531,69.0282285967107,55.4052388360617,58.4133240284258,62.6500984205252,65.4128008799147,65.9207976719636,61.902854513763,64.1903241521322,65.8855054878587,50.5425057162803,58.8153490074189,67.3490716974485,58.4380238918887,50.9877489977999,57.7921891194461,63.0869009424939,54.603553547376,60.3735567921113,67.2762086363849,66.5386313485228,65.9391925448018,67.3726244198102,66.0086572837721,50.6697064061708,61.7320734602918,65.0857620862944,56.0527892277064,66.5039602852004,63.1869233701966
59.7105702261275,65.279949506531,69.0282285967107,55.4052388360617,58.4133240284258,62.6500984205252,65.4128008799147,65.9207976719636,61.902854513763,64.1903241521322,65.8855054878587,50.5425057162803,58.8153490074189,67.3490716974485,58.4380238918887,50.9877489977999,57.7921891194461,63.0869009424939,54.613416971851,60.3735567921113,67.2762086363849,66.5386313485228,65.9391925448018,67.3726244198102,66.0086572837721,50.6697064061708,61.7320734602918,65.0857620862944,56.0527892277064,66.5039602852004,63.1869233701966
59.7105702261275,65.279949506531,69.0282285967107,55.4052388360617,58.4133240284258,62.6500984205252,65.4128008799147,65.9207976719636,61.902854513763,64.1903241521322,65.8855054878587,50.5425057162803,58.8153490074189,67.3490716974485,58.4380238918887,50.9877489977999,57.7921891194461,63.0869009424939,54.613416971851,60.3735567921113,67.2762086363849,66.5386313485228,65.9391925448018,67.3726244198102,66.0086572837721,50.6697064061708,61.7320734602918,65.0857620862944,56.0527892277064,66.5039602852004,63.1869233701966
59.7105702261275,65.279949506531,69.0282285967107,55.4052388360617,58.4133240284258,62.6500984205252,65.4128008799147,65.9207976719636,61.902854513763,64.1903241521322,65.8855054878587,50.5425057162803,58.8153490074189,67.3490716974485,58.4380238918887,50.9877489977999,57.7921891194461,63.0869009424939,54.613416971851,60.3735567921113,67.2762086363849,66.5386313485228,65.9391925448018,67.3726244198102,66.0086572837721,50.6697064061708,61.7320734602918,65.0857620862944,56.0527892277064,66.5039602852004,63.1869233701966
59.7105702261275,65.279949506531,69.0282285967107,55.4052388360617,58.4133240284258,62.6500984205252,65.4128008799147,65.9207976719636,61.902854513763,64.1903241521322,65.8855054878587,50.5425057162803,58.8153490074189,67.3490716974485,58.4380238918887,51.1647457903946,57.7921891194461,63.0869009424939,54.613416971851,60.3735567921113,67.2762086363849,66.5386313485228,65.9391925448018,67.3726244198102,66.0086572837721,50.6697064061708,61.7320734602918,65.0857620862944,56.0527892277064,66.5039602852004,63.1869233701966
59.7105702261275,65.279949506531,69.0282285967107,55.4052388360617,58.4133240284258,62.6500984205252,65.4128008799147,65.9207976719636,61.902854513763,64.1903241521322,65.8855054878587,50.5425057162803,58.8153490074189,67.3490716974485,58.4380238918887,51.1647457903946,57.7921891194461,63.0869009424939,54.613416971851,60.3735567921113,67.2762086363849,66.5386313485228,65.9391925448018,67.3726244198102,66.0086572837721,50.6697064061708,61.7320734602918,65.0857620862944,56.0527892277064,66.5039602852004,63.1869233701966
59.7105702261275,65.279949506531,69.0282285967107,55.4052388360617,58.4133240284258,62.6500984205252,65.4128008799147,65.9207976719636,61.902854513763,64.1903241521322,65.8855054878587,50.5425057162803,58.8153490074189,67.3490716974485,58.4380238918887,51.1647457903946,57.864426002252,63.0869009424939,54.613416971851,60.3735567921113,67.2762086363849,66.5386313485228,65.9391925448018,67.3726244198102,66.0086572837721,50.6697064061708,61.7320734602918,65.0857620862944,56.0527892277064,66.5039602852004,63.1869233701966
59.7105702261275,65.279949506531,69.0282285967107,55.4052388360617,58.4133240284258,62.6500984205252,65.4128008799147,65.9207976719636,61.902854513763,64.1903241521322,65.8855054878587,50.5425057162803,58.8153490074189,67.3490716974485,58.4380238918887,51.1647457903946,57.864426002252,63.0869009424939,54.613416971851,60.3735567921113,67.3349412442546,66.5386313485228,66.0197290725904,67.3726244198102,66.0086572837721,50.6697064061708,61.7320734602918,65.0857620862944,56.0527892277064,66.5039602852004,63.1869233701966
59.7105702261275,65.279949506531,69.0282285967107,55.4052388360617,58.4133240284258,62.6500984205252,65.4128008799147,65.9207976719636,61.902854513763,64.1903241521322,65.8855054878587,50.5425057162803,58.8153490074189,67.3490716974485,58.4380238918887,51.1647457903946,57.864426002252,63.0869009424939,54.613416971851,60.3735567921113,67.3349412442546,66.5386313485228,66.0197290725904,67.3726244198102,66.0086572837721,50.6697064061708,61.7320734602918,65.0857620862944,56.0527892277064,66.5039602852004,63.1869233701966
59.7105702261275,65.279949506531,69.0282285967107,55.4052388360617,58.4133240284258,62.6500984205252,65.4128008799147,65.9207976719636,61.902854513763,64.1903241521322,65.8855054878587,50.5425057162803,58.8153490074189,67.3490716974485,58.4380238918887,51.1647457903946,57.864426002252,63.0869009424939,54.613416971851,60.3735567921113,67.3349412442546,66.5386313485228,66.0197290725904,67.3726244198102,66.3679371507611,50.6697064061708,61.7320734602918,65.0857620862944,56.0527892277064,66.5039602852004,63.1869233701966
59.7105702261275,65.279949506531,69.0282285967107,55.4052388360617,58.4401879537945,62.6500984205252,65.4128008799147,65.9207976719636,61.902854513763,64.1903241521322,65.8855054878587,50.5425057162803,58.8153490074189,67.3490716974485,58.4380238918887,51.1647457903946,57.864426002252,63.0869009424939,54.613416971851,60.4551670557907,67.3349412442546,66.5386313485228,66.0197290725904,67.3726244198102,66.3679371507611,50.6697064061708,61.7320734602918,65.0857620862944,56.0527892277064,66.5039602852004,63.1869233701966
59.7105702261275,65.279949506531,69.0282285967107,55.4052388360617,58.4401879537945,62.6500984205252,65.4128008799147,65.9207976719636,61.902854513763,64.5206362665427,65.8855054878587,50.5425057162803,59.3459280473679,67.3490716974485,58.4380238918887,51.1647457903946,57.864426002252,63.0869009424939,54.6228626487549,60.4551670557907,67.3349412442546,66.5386313485228,66.0197290725904,67.3726244198102,66.3679371507611,50.6697064061708,61.7320734602918,65.0857620862944,56.0527892277064,66.5039602852004,63.1869233701966
59.7105702261275,65.279949506531,69.0282285967107,55.4052388360617,58.4401879537945,62.6500984205252,65.4128008799147,65.9207976719636,61.902854513763,64.5206362665427,65.8855054878587,50.5425057162803,59.3459280473679,67.3490716974485,58.4380238918887,51.1647457903946,57.864426002252,63.0869009424939,54.6228626487549,60.4551670557907,67.3349412442546,66.5386313485228,66.0197290725904,67.3874080737346,66.3679371507611,50.6697064061708,61.7320734602918,65.0857620862944,56.0527892277064,66.5039602852004,63.1869233701966
59.7105702261275,65.279949506531,69.0282285967107,55.4052388360617,58.4401879537945,62.6500984205252,65.4128008799147,65.9207976719636,61.902854513763,64.5206362665427,65.8855054878587,50.5425057162803,59.3459280473679,67.3490716974485,58.4380238918887,51.1647457903946,57.864426002252,63.5631848560365,54.6228626487549,60.4551670557907,67.3349412442546,66.5386313485228,66.0197290725904,67.3874080737346,66.3679371507611,50.6697064061708,61.7320734602918,65.0857620862944,56.0527892277064,66.5039602852004,63.1869233701966
59.7105702261275,65.279949506531,69.0282285967107,55.4052388360617,58.4401879537945,62.6500984205252,65.4128008799147,65.9497681816209,61.902854513763,64.5206362665427,65.8855054878587,50.5425057162803,59.3459280473679,67.3490716974485,58.4380238918887,51.1647457903946,57.864426002252,63.5631848560365,54.6228626487549,60.4551670557907,67.3349412442546,66.5386313485228,66.0197290725904,67.3874080737346,66.3679371507611,50.6697064061708,61.7320734602918,65.0857620862944,56.0527892277064,66.5039602852004,63.1869233701966
59.7105702261275,65.279949506531,69.0282285967107,55.4052388360617,58.4401879537945,62.6500984205252,65.4128008799147,65.9497681816209,61.902854513763,64.5206362665427,65.8855054878587,50.5425057162803,59.3459280473679,67.3490716974485,58.4380238918887,51.1647457903946,57.864426002252,63.5631848560365,54.6228626487549,60.4551670557907,67.3349412442546,66.5386313485228,66.0197290725904,67.3874080737346,66.3679371507611,50.6697064061708,61.7320734602918,65.0857620862944,56.0527892277064,66.5039602852004,63.1869233701966
59.7105702261275,65.279949506531,69.0282285967107,55.4052388360617,58.4401879537945,62.6500984205252,65.4128008799147,65.9497681816209,61.902854513763,64.5206362665427,65.8855054878587,50.5425057162803,59.3459280473679,67.3490716974485,58.4380238918887,51.1647457903946,57.9218144820037,63.5631848560365,54.6228626487549,60.4551670557907,67.3349412442546,66.5386313485228,66.0197290725904,67.3874080737346,66.3679371507611,50.6697064061708,61.7320734602918,65.0857620862944,56.0527892277064,66.5039602852004,63.1869233701966
59.7105702261275,65.279949506531,69.0282285967107,55.4052388360617,58.4401879537945,62.6500984205252,65.4128008799147,65.9497681816209,61.902854513763,64.5206362665427,65.8855054878587,50.5425057162803,59.3459280473679,67.3490716974485,58.4380238918887,51.1647457903946,57.9218144820037,63.5631848560365,54.6228626487549,60.4551670557907,67.3349412442546,66.5386313485228,66.2445002943659,67.3874080737346,66.3679371507611,50.6697064061708,61.7320734602918,65.0857620862944,56.0527892277064,66.5039602852004,63.1869233701966
59.7105702261275,65.279949506531,69.0282285967107,55.4052388360617,58.4401879537945,62.6500984205252,65.4128008799147,65.9497681816209,61.902854513763,64.5206362665427,65.8855054878587,50.5425057162803,59.3459280473679,67.3490716974485,58.4380238918887,51.1647457903946,57.9218144820037,63.5631848560365,54.6228626487549,60.4551670557907,67.3349412442546,66.5386313485228,66.2445002943659,67.3874080737346,66.3679371507611,50.6697064061708,61.7320734602918,65.0857620862944,56.0527892277064,66.5039602852004,63.2218311809387
59.7898701266403,65.279949506531,69.0282285967107,55.4052388360617,58.4401879537945,62.6500984205252,65.4128008799147,65.9497681816209,61.902854513763,64.5206362665427,65.8855054878587,50.5425057162803,59.3459280473679,67.3490716974485,58.4380238918887,51.1647457903946,57.9218144820037,63.5631848560365,54.6228626487549,60.4551670557907,67.3349412442546,66.5386313485228,66.2445002943659,67.3874080737346,66.7820688692909,50.6697064061708,61.7320734602918,65.0857620862944,56.0527892277064,66.5039602852004,63.2218311809387
59.7898701266403,65.279949506531,69.0282285967107,55.4052388360617,58.4401879537945,62.6500984205252,65.4128008799147,65.9497681816209,61.902854513763,64.5206362665427,65.8855054878587,50.5425057162803,59.3459280473679,67.3490716974485,58.4380238918887,51.1647457903946,57.9218144820037,63.5631848560365,54.6228626487549,60.4551670557907,67.3349412442546,66.5386313485228,66.2445002943659,67.3874080737346,66.7820688692909,50.6697064061708,61.7320734602918,65.0857620862944,56.0527892277064,66.5039602852004,63.2218311809387
59.7898701266403,65.279949506531,69.0282285967107,55.4052388360617,58.49171987198,62.6500984205252,65.4128008799147,65.9497681816209,61.902854513763,64.5206362665427,65.8855054878587,50.5425057162803,59.3459280473679,67.3490716974485,58.4380238918887,51.1647457903946,57.9218144820037,63.5631848560365,54.6228626487549,60.4551670557907,67.3349412442546,66.5386313485228,66.2445002943659,67.3874080737346,66.7820688692909,50.6697064061708,61.7320734602918,65.0857620862944,56.0527892277064,66.5039602852004,63.2218311809387
59.7898701266403,65.279949506531,69.0282285967107,55.4052388360617,58.49171987198,62.8033802299692,65.4128008799147,65.9497681816209,61.902854513763,64.5446461304503,65.8855054878587,50.5425057162803,59.3459280473679,67.3490716974485,58.4380238918887,51.1647457903946,57.9218144820037,63.5631848560365,54.6228626487549,60.4551670557907,67.3349412442546,66.5386313485228,66.2445002943659,67.3874080737346,66.7820688692909,50.6697064061708,61.7320734602918,65.0857620862944,56.0527892277064,66.5039602852004,63.2218311809387
59.7898701266403,65.279949506531,69.0282285967107,55.4052388360617,58.49171987198,62.8033802299692,65.4128008799147,65.9497681816209,61.902854513763,64.5446461304503,65.8855054878587,50.5425057162803,59.3459280473679,67.3490716974485,58.4380238918887,51.1647457903946,57.9218144820037,63.5631848560365,54.6228626487549,60.4551670557907,67.3349412442546,66.5386313485228,66.2445002943659,67.4407333581825,66.7820688692909,50.6697064061708,61.7320734602918,65.0857620862944,56.0527892277064,66.5039602852004,63.2218311809387
59.7898701266403,65.279949506531,69.0282285967107,55.4052388360617,58.49171987198,62.8033802299692,65.4128008799147,65.9497681816209,61.902854513763,64.5446461304503,65.8855054878587,50.5425057162803,59.3459280473679,67.3490716974485,58.4380238918887,51.1647457903946,57.9218144820037,63.5631848560365,54.6228626487549,60.4551670557907,67.3349412442546,66.5386313485228,66.2445002943659,67.4407333581825,66.7820688692909,50.6697064061708,61.7320734602918,65.0857620862944,56.0527892277064,66.5039602852004,63.2218311809387
59.7898701266403,65.279949506531,69.0282285967107,55.4052388360617,58.49171987198,62.8033802299692,65.4128008799147,65.9497681816209,61.902854513763,64.5446461304503,66.1901727065429,50.5425057162803,59.3459280473679,67.3490716974485,58.4380238918887,51.1647457903946,57.9218144820037,63.5631848560365,54.6228626487549,60.4551670557907,67.3349412442546,66.5386313485228,66.2445002943659,67.4407333581825,66.7820688692909,50.6697064061708,61.7320734602918,65.0857620862944,56.0527892277064,66.5039602852004,63.2218311809387
59.7898701266403,65.279949506531,69.0282285967107,55.4052388360617,58.49171987198,62.8033802299692,65.4128008799147,65.9497681816209,61.902854513763,64.5446461304503,66.1901727065429,50.5425057162803,59.3459280473679,67.3490716974485,58.4380238918887,52.7470265842061,57.9218144820037,63.5631848560365,54.6228626487549,60.4551670557907,67.3349412442546,66.5386313485228,66.2445002943659,67.4407333581825,66.7820688692909,51.5349149393553,61.7320734602918,65.0857620862944,56.0527892277064,66.5039602852004,63.2218311809387
59.7898701266403,65.279949506531,69.0282285967107,55.4052388360617,58.49171987198,62.8033802299692,65.4128008799147,65.9497681816209,61.902854513763,64.5446461304503,66.1901727065429,50.5425057162803,59.3459280473679,67.3490716974485,58.4380238918887,52.7470265842061,57.9742393255674,63.5631848560365,54.6228626487549,60.4551670557907,67.3349412442546,66.5386313485228,66.2445002943659,67.4407333581825,66.7820688692909,51.5349149393553,61.7320734602918,65.0857620862944,56.0527892277064,66.5039602852004,63.2218311809387
59.7898701266403,65.279949506531,69.0282285967107,55.4052388360617,58.49171987198,62.8033802299692,65.4128008799147,65.9497681816209,61.902854513763,64.5446461304503,66.1901727065429,50.5425057162803,59.3459280473679,67.3490716974485,58.4380238918887,52.7470265842061,57.9742393255674,63.5631848560365,54.6228626487549,60.4551670557907,67.3349412442546,66.5386313485228,66.2445002943659,67.4407333581825,66.7820688692909,51.5349149393553,61.7320734602918,65.0857620862944,56.0527892277064,66.5039602852004,63.2218311809387
60.6190373469316,65.279949506531,69.0282285967107,55.4052388360617,58.49171987198,62.8033802299692,65.4128008799147,65.9497681816209,61.902854513763,64.5446461304503,66.1901727065429,50.5425057162803,59.3459280473679,67.3490716974485,58.4380238918887,52.7470265842061,57.9742393255674,63.5631848560365,54.6228626487549,60.4551670557907,67.3349412442546,66.5386313485228,66.2445002943659,67.4407333581825,66.7820688692909,51.5349149393553,61.7320734602918,65.0857620862944,56.0527892277064,66.5039602852004,63.2218311809387
60.6190373469316,65.279949506531,69.0282285967107,55.4052388360617,58.49171987198,62.8033802299692,65.4128008799147,65.9497681816209,61.902854513763,64.5446461304503,66.1901727065429,50.6944627931927,59.3459280473679,67.3490716974485,58.4380238918887,52.7470265842061,57.9742393255674,63.5631848560365,54.6228626487549,60.4551670557907,67.3349412442546,66.5386313485228,66.2445002943659,67.4407333581825,66.8407540566407,51.5349149393553,61.7320734602918,65.0857620862944,56.0527892277064,66.5039602852004,63.2218311809387
60.6190373469316,65.279949506531,69.0282285967107,55.4052388360617,58.49171987198,62.8033802299692,65.4128008799147,65.9497681816209,61.902854513763,64.5446461304503,66.1901727065429,50.6944627931927,59.3459280473679,67.3490716974485,58.4380238918887,52.7470265842061,57.9742393255674,63.5631848560365,54.6228626487549,60.4551670557907,67.3349412442546,66.5386313485228,66.2445002943659,67.4407333581825,66.8407540566407,51.5349149393553,61.7320734602918,65.0857620862944,56.0527892277064,66.5039602852004,63.2218311809387
60.6190373469316,65.2920381242847,69.0282285967107,55.4052388360617,58.49171987198,62.8033802299692,65.4128008799147,65.9497681816209,61.902854513763,64.5446461304503,66.1901727065429,50.6944627931927,59.4370897900921,67.3490716974485,58.4380238918887,52.7470265842061,57.9742393255674,63.5631848560365,54.6228626487549,60.4551670557907,67.3349412442546,66.5386313485228,66.2445002943659,67.4407333581825,66.8407540566407,51.5349149393553,61.7320734602918,65.0857620862944,56.0527892277064,66.5039602852004,63.2218311809387
60.6190373469316,65.2920381242847,69.0282285967107,55.4052388360617,58.49171987198,62.8033802299692,65.4128008799147,65.9497681816209,61.902854513763,64.6540563627991,66.1901727065429,50.6944627931927,59.4370897900921,67.3490716974485,58.4380238918887,52.7470265842061,57.9742393255674,63.5631848560365,54.6228626487549,60.4551670557907,67.3349412442546,66.5386313485228,66.2445002943659,67.4407333581825,66.8407540566407,51.5349149393553,61.7320734602918,65.0857620862944,56.0527892277064,66.5039602852004,63.2218311809387
60.6190373469316,65.2920381242847,69.0282285967107,55.4052388360617,58.49171987198,62.8033802299692,65.4128008799147,65.9497681816209,61.902854513763,64.6540563627991,66.1901727065429,50.6944627931927,59.4370897900921,67.3490716974485,58.4380238918887,52.7470265842061,57.9742393255674,63.5631848560365,54.6228626487549,60.4551670557907,67.3349412442546,66.5386313485228,66.2445002943659,67.4407333581825,66.8407540566407,51.5349149393553,61.7320734602918,65.0857620862944,56.0527892277064,66.5039602852004,63.2218311809387
60.6190373469316,65.2920381242847,69.0282285967107,55.4052388360617,58.49171987198,62.8033802299692,65.4128008799147,65.9497681816209,61.902854513763,64.6540563627991,66.1901727065429,50.6944627931927,59.4370897900921,67.3547078847184,58.4380238918887,52.7470265842061,57.9742393255674,63.5631848560365,54.6228626487549,60.4551670557907,67.3349412442546,66.5386313485228,66.2445002943659,67.4407333581825,66.8407540566407,54.7145292344485,61.7320734602918,65.0857620862944,56.0527892277064,66.5039602852004,63.2218311809387
60.6190373469316,65.2920381242847,69.0282285967107,55.4052388360617,58.49171987198,62.8033802299692,65.4128008799147,65.9497681816209,61.902854513763,64.6540563627991,66.1901727065429,50.6944627931927,59.4370897900921,67.3547078847184,58.4380238918887,52.7470265842061,57.9742393255674,63.5631848560365,54.6228626487549,60.4551670557907,67.3349412442546,66.5386313485228,66.2445002943659,67.4407333581825,66.8407540566407,54.7145292344485,61.7320734602918,65.0857620862944,56.0527892277064,66.5039602852004,63.2218311809387
60.6190373469316,65.2920381242847,69.0282285967107,55.4052388360617,58.49171987198,62.8033802299692,65.4128008799147,65.9497681816209,61.902854513763,64.6540563627991,66.1901727065429,50.6944627931927,59.4370897900921,67.3547078847184,58.4380238918887,52.7470265842061,57.9742393255674,63.5631848560365,54.6228626487549,60.4551670557907,67.3349412442546,66.5386313485228,66.2445002943659,67.4407333581825,66.8407540566407,54.7145292344485,61.7320734602918,65.0857620862944,56.0527892277064,66.5039602852004,63.2218311809387
60.6190373469316,65.2920381242847,69.0282285967107,55.4052388360617,58.49171987198,62.8033802299692,65.441159767222,65.9497681816209,61.902854513763,64.6540563627991,66.1901727065429,50.6944627931927,59.4370897900921,67.3547078847184,58.7133458259304,52.7470265842061,57.9742393255674,63.5631848560365,54.6228626487549,60.4551670557907,67.3349412442546,66.5386313485228,66.2445002943659,67.4407333581825,66.8407540566407,54.7145292344485,61.7320734602918,65.0857620862944,56.0527892277064,66.5039602852004,63.2786188681747
60.6190373469316,65.2920381242847,69.0282285967107,55.4052388360617,58.49171987198,62.8033802299692,65.441159767222,65.9497681816209,61.902854513763,64.6540563627991,66.1901727065429,50.6944627931927,59.4370897900921,67.3547078847184,58.7133458259304,52.7470265842061,58.0494601126766,63.5631848560365,54.6228626487549,60.4551670557907,67.3349412442546,66.5386313485228,66.2445002943659,67.4407333581825,66.8407540566407,54.7145292344485,61.7320734602918,65.0857620862944,56.0527892277064,66.5039602852004,63.2786188681747
60.6190373469316,65.2920381242847,69.0282285967107,55.4052388360617,58.49171987198,62.8033802299692,65.441159767222,65.9497681816209,61.902854513763,64.6540563627991,66.1901727065429,50.6944627931927,59.4370897900921,67.3547078847184,58.7133458259304,52.7470265842061,58.0494601126766,63.5631848560365,54.6600121166503,60.4551670557907,67.3349412442546,66.5386313485228,66.2445002943659,67.4407333581825,66.8407540566407,54.7145292344485,61.7320734602918,65.0857620862944,56.0527892277064,66.5146092486446,63.2786188681747
60.6190373469316,65.2920381242847,69.0282285967107,55.4052388360617,58.49171987198,62.8033802299692,65.441159767222,65.9497681816209,61.902854513763,64.6540563627991,66.1901727065429,50.7195529673914,59.4370897900921,67.3547078847184,58.7133458259304,52.7470265842061,58.0494601126766,63.5631848560365,54.6600121166503,60.4551670557907,67.3349412442546,66.5386313485228,66.2445002943659,67.4407333581825,66.8407540566407,54.7145292344485,61.7320734602918,65.0857620862944,56.0527892277064,66.5146092486446,63.2786188681747
60.6190373469316,65.2920381242847,69.0282285967107,55.4052388360617,58.49171987198,62.8033802299692,65.441159767222,65.9497681816209,61.902854513763,64.6540563627991,66.1901727065429,50.7195529673914,59.4370897900921,67.3547078847184,58.7133458259304,52.7470265842061,58.0494601126766,63.5631848560365,54.6600121166503,60.4551670557907,67.3349412442546,66.5386313485228,66.2445002943659,67.4407333581825,66.8407540566407,54.7145292344485,61.7320734602918,65.0857620862944,56.0527892277064,66.5146092486446,63.2786188681747
60.6190373469316,65.2920381242847,69.0282285967107,55.4052388360617,58.49171987198,62.8033802299692,65.441159767222,65.9497681816209,61.902854513763,64.6540563627991,66.1901727065429,50.7195529673914,59.4370897900921,67.3547078847184,58.7133458259304,52.7470265842061,58.0494601126766,63.5631848560365,54.6600121166503,60.4551670557907,67.3349412442546,66.5386313485228,66.2445002943659,67.4407333581825,66.8407540566407,54.7145292344485,61.7320734602918,65.0857620862944,56.0527892277064,66.5146092486446,63.2786188681747
60.6190373469316,65.3069540551538,69.0282285967107,55.4052388360617,58.49171987198,62.8033802299692,65.441159767222,65.9497681816209,61.902854513763,64.6540563627991,66.1901727065429,50.7195529673914,60.0810968733144,67.3547078847184,58.7133458259304,52.7470265842061,58.0494601126766,63.5631848560365,54.6600121166503,60.4551670557907,67.3349412442546,66.5386313485228,66.2445002943659,67.4407333581825,66.8407540566407,54.7145292344485,61.7320734602918,65.0857620862944,56.0527892277064,66.5146092486446,63.2786188681747
60.6190373469316,65.3069540551538,69.0282285967107,55.4052388360617,58.49171987198,62.8033802299692,65.441159767222,65.9894687083945,61.902854513763,64.6540563627991,66.1901727065429,50.7195529673914,60.0810968733144,67.3547078847184,58.7133458259304,52.7470265842061,58.0494601126766,63.5631848560365,54.6600121166503,60.4551670557907,67.3349412442546,66.5386313485228,66.2445002943659,67.4407333581825,66.8407540566407,54.7145292344485,61.7320734602918,65.0857620862944,56.1502523117901,66.5146092486446,63.2786188681747
60.6190373469316,65.3069540551538,69.0282285967107,55.4052388360617,58.49171987198,62.8033802299692,65.441159767222,65.9894687083945,61.902854513763,64.6540563627991,66.1901727065429,50.7195529673914,60.0810968733144,67.3620678243953,58.7133458259304,52.7470265842061,58.0494601126766,63.5631848560365,54.6600121166503,60.4551670557907,67.3349412442546,66.5386313485228,66.2445002943659,67.4407333581825,66.8407540566407,55.7299075653332,61.7320734602918,65.0857620862944,56.1502523117901,66.5146092486446,63.2786188681747
60.6190373469316,65.3069540551538,69.0282285967107,55.4052388360617,58.49171987198,62.8033802299692,65.441159767222,65.9894687083945,61.902854513763,64.6540563627991,66.199537532581,50.7195529673914,60.0810968733144,67.3620678243953,58.7133458259304,52.7470265842061,58.0494601126766,63.5631848560365,54.6600121166503,60.4551670557907,67.3349412442546,66.5386313485228,66.2445002943659,67.4407333581825,66.8407540566407,55.7299075653332,61.7320734602918,65.0857620862944,56.1502523117901,66.5146092486446,63.2786188681747
60.6190373469316,65.3069540551538,69.0282285967107,55.4052388360617,58.49171987198,62.8033802299692,65.441159767222,65.9894687083945,61.902854513763,64.6540563627991,66.199537532581,50.7195529673914,60.0810968733144,67.3620678243953,58.7133458259304,52.7470265842061,58.0494601126766,63.5631848560365,54.6600121166503,60.4551670557907,67.3349412442546,66.5386313485228,66.2445002943659,67.4407333581825,66.8407540566407,55.7299075653332,61.7320734602918,65.0857620862944,56.1502523117901,66.5146092486446,63.2786188681747
60.6190373469316,65.3069540551538,69.0282285967107,55.4052388360617,58.49171987198,62.8033802299692,65.441159767222,65.9894687083945,61.902854513763,64.6540563627991,66.199537532581,50.7195529673914,60.0810968733144,67.3620678243953,58.7133458259304,52.7470265842061,58.0494601126766,63.5631848560365,54.6600121166503,60.4551670557907,67.3349412442546,66.5386313485228,66.2445002943659,67.4407333581825,66.8407540566407,55.7299075653332,61.7320734602918,65.0857620862944,56.1502523117901,66.5146092486446,63.2786188681747
60.6190373469316,65.3069540551538,69.0282285967107,55.4052388360617,58.49171987198,62.8033802299692,65.441159767222,65.9894687083945,61.902854513763,64.6540563627991,66.199537532581,50.7195529673914,60.0810968733144,67.3620678243953,58.7133458259304,52.7470265842061,58.0494601126766,63.5631848560365,54.6600121166503,60.4551670557907,67.3349412442546,66.5386313485228,66.2445002943659,67.4407333581825,66.8407540566407,55.7299075653332,61.7320734602918,65.0857620862944,56.1502523117901,66.5219908547072,63.2786188681747
60.6190373469316,65.3069540551538,69.0282285967107,55.4052388360617,58.49171987198,62.8033802299692,65.441159767222,65.9894687083945,61.902854513763,64.6540563627991,66.199537532581,50.7195529673914,60.0810968733144,67.3620678243953,58.7133458259304,52.7470265842061,58.0494601126766,63.5631848560365,54.6600121166503,60.4551670557907,67.3349412442546,66.5386313485228,66.2445002943659,67.4407333581825,66.8407540566407,55.7299075653332,61.7320734602918,65.0857620862944,56.1502523117901,66.5219908547072,63.2786188681747
60.6190373469316,65.3069540551538,69.0282285967107,55.4052388360617,58.49171987198,62.8033802299692,65.441159767222,65.9894687083945,61.902854513763,64.6540563627991,66.199537532581,50.7553755183938,60.0810968733144,67.3620678243953,58.7133458259304,52.7470265842061,58.0494601126766,63.5631848560365,54.6600121166503,60.4551670557907,67.3349412442546,66.5386313485228,66.2445002943659,67.4407333581825,66.8407540566407,55.7299075653332,61.7320734602918,65.0857620862944,56.1502523117901,66.5219908547072,63.2786188681747
60.6190373469316,65.3069540551538,69.0282285967107,55.49785746665,58.49171987198,62.8033802299692,65.441159767222,65.9894687083945,61.902854513763,64.6540563627991,66.199537532581,50.7553755183938,60.0810968733144,67.3620678243953,58.7133458259304,52.7470265842061,58.0494601126766,63.5631848560365,54.6600121166503,60.4551670557907,67.3349412442546,66.5386313485228,66.2445002943659,67.4407333581825,66.8407540566407,55.7299075653332,61.7320734602918,65.0857620862944,56.1502523117901,66.5219908547072,63.2786188681747
60.6190373469316,65.3069540551538,69.0282285967107,55.49785746665,58.49171987198,62.919253373399,65.441159767222,65.9894687083945,61.902854513763,64.6540563627991,66.199537532581,50.7553755183938,60.2359074293632,67.3620678243953,58.7133458259304,52.7470265842061,58.0494601126766,63.5631848560365,54.6600121166503,60.4551670557907,67.3349412442546,66.5386313485228,66.2445002943659,67.4407333581825,66.8407540566407,55.7299075653332,61.7320734602918,65.0857620862944,56.1502523117901,66.5219908547072,63.2786188681747
60.6190373469316,65.3176395087535,69.0375225436517,55.49785746665,58.49171987198,62.919253373399,65.441159767222,65.9894687083945,61.902854513763,64.6540563627991,66.199537532581,50.7553755183938,60.2359074293632,67.3620678243953,58.7133458259304,52.7470265842061,58.0494601126766,63.5631848560365,54.6600121166503,60.4551670557907,67.3349412442546,66.5806717767348,66.2445002943659,67.4407333581825,66.8407540566407,55.7299075653332,61.7320734602918,65.0857620862944,56.1502523117901,66.5219908547072,63.2786188681747
60.6190373469316,65.3176395087535,69.0375225436517,55.49785746665,58.49171987198,62.919253373399,65.441159767222,65.9894687083945,61.902854513763,64.7384931569907,66.199537532581,50.7553755183938,60.2359074293632,67.3620678243953,58.7133458259304,52.7470265842061,58.0494601126766,63.5631848560365,54.6600121166503,60.4551670557907,67.3349412442546,66.5806717767348,66.2445002943659,67.4407333581825,66.8407540566407,55.7299075653332,61.7320734602918,65.0857620862944,56.1502523117901,66.5219908547072,63.2786188681747
60.6190373469316,65.3176395087535,69.0375225436517,55.49785746665,58.49171987198,62.919253373399,65.441159767222,65.9894687083945,61.902854513763,64.7384931569907,66.199537532581,50.7553755183938,60.2359074293632,67.3620678243953,58.7133458259304,52.7470265842061,58.0494601126766,63.5631848560365,54.6600121166503,60.4551670557907,67.3349412442546,66.5806717767348,66.2445002943659,67.4407333581825,66.8407540566407,55.7299075653332,61.7320734602918,65.0857620862944,56.1502523117901,66.5219908547072,63.2786188681747
60.6190373469316,65.3176395087535,69.0375225436517,55.49785746665,58.49171987198,62.919253373399,65.441159767222,65.9894687083945,61.902854513763,64.7384931569907,66.199537532581,50.7553755183938,60.2359074293632,67.3620678243953,58.7133458259304,52.7470265842061,58.0494601126766,63.5631848560365,54.6600121166503,60.4551670557907,67.3349412442546,66.5806717767348,66.2445002943659,67.4407333581825,66.8407540566407,55.7299075653332,61.7320734602918,65.0857620862944,56.1502523117901,66.5219908547072,63.2913149801281
60.6190373469316,65.3176395087535,69.0375225436517,55.49785746665,58.49171987198,62.919253373399,65.441159767222,65.9894687083945,61.902854513763,64.7384931569907,66.199537532581,50.7553755183938,60.2359074293632,67.3620678243953,58.714313250548,52.7470265842061,58.0494601126766,63.5631848560365,54.6600121166503,60.4551670557907,67.3349412442546,66.5806717767348,66.2445002943659,67.4407333581825,66.8407540566407,55.7299075653332,61.7320734602918,65.0857620862944,56.1502523117901,66.5219908547072,63.2913149801281
60.6190373469316,65.3176395087535,69.0375225436517,55.49785746665,58.49171987198,62.919253373399,65.441159767222,65.9894687083945,61.902854513763,64.7384931569907,66.199537532581,50.7553755183938,60.2359074293632,67.3620678243953,58.714313250548,52.7470265842061,58.0494601126766,63.5631848560365,54.6600121166503,60.4551670557907,67.3349412442546,66.5806717767348,66.2445002943659,67.4407333581825,66.884832286035,55.7299075653332,61.7320734602918,65.0857620862944,56.1502523117901,66.5219908547072,63.2913149801281
60.8876438898575,65.3176395087535,69.0375225436517,55.49785746665,58.49171987198,62.919253373399,65.441159767222,65.9894687083945,61.902854513763,64.7384931569907,66.199537532581,50.7553755183938,60.2359074293632,67.3620678243953,58.714313250548,52.7470265842061,58.0494601126766,63.5631848560365,54.6600121166503,60.4551670557907,67.3349412442546,66.5806717767348,66.2445002943659,67.4407333581825,66.884832286035,55.7299075653332,61.7320734602918,65.0857620862944,56.1502523117901,66.5219908547072,63.2913149801281
60.8876438898575,65.3176395087535,69.0375225436517,55.49785746665,58.49171987198,62.919253373399,65.441159767222,65.9894687083945,61.902854513763,64.7384931569907,66.199537532581,50.8025316259591,60.2359074293632,67.3620678243953,58.714313250548,52.7470265842061,58.0508714663907,63.5631848560365,54.6600121166503,60.4551670557907,67.3349412442546,66.5806717767348,66.3016077203502,67.4407333581825,66.884832286035,55.7299075653332,61.7320734602918,65.0857620862944,56.1502523117901,66.5219908547072,63.2913149801281
60.8876438898575,65.3176395087535,69.0375225436517,55.5877323306326,58.49171987198,62.919253373399,65.441159767222,65.9894687083945,61.902854513763,64.7384931569907,66.199537532581,50.8025316259591,60.2359074293632,67.3620678243953,58.714313250548,52.7470265842061,58.0508714663907,63.5808224896341,54.6600121166503,60.4551670557907,67.3349412442546,66.5806717767348,66.3016077203502,67.4407333581825,66.884832286035,55.7299075653332,61.7320734602918,65.0857620862944,56.1502523117901,66.5219908547072,63.2913149801281
60.8876438898575,65.3176395087535,69.0375225436517,55.5877323306326,58.49171987198,62.919253373399,65.441159767222,65.9894687083945,61.902854513763,64.7384931569907,66.199537532581,50.8025316259591,60.2359074293632,67.3620678243953,58.714313250548,52.7470265842061,58.0508714663907,63.5808224896341,54.6600121166503,60.4551670557907,67.3349412442546,66.5806717767348,66.3016077203502,67.4407333581825,66.884832286035,55.7299075653332,61.7320734602918,65.0857620862944,56.1502523117901,66.5219908547072,63.2913149801281
60.8876438898575,65.3253213252981,69.0375225436517,55.5877323306326,58.49171987198,62.919253373399,65.441159767222,65.9894687083945,61.902854513763,64.7384931569907,66.199537532581,50.8025316259591,60.2359074293632,67.3620678243953,58.714313250548,52.7470265842061,58.0508714663907,63.5808224896341,54.6600121166503,60.4551670557907,67.3349412442546,66.5806717767348,66.3016077203502,67.4407333581825,66.884832286035,55.7299075653332,61.7320734602918,65.0857620862944,56.1502523117901,66.5219908547072,63.2913149801281
60.8876438898575,65.3253213252981,69.0375225436517,55.5877323306326,58.49171987198,62.919253373399,65.441159767222,65.9894687083945,61.902854513763,64.7384931569907,66.199537532581,50.8025316259591,60.2359074293632,67.3620678243953,58.714313250548,52.7470265842061,58.0508714663907,63.5808224896341,54.6600121166503,60.4551670557907,67.3349412442546,66.5806717767348,66.3016077203502,67.4407333581825,66.884832286035,55.7299075653332,61.7320734602918,65.0857620862944,56.1502523117901,66.5219908547072,63.2913149801281
60.8876438898575,65.3253213252981,69.0720111018215,55.5877323306326,58.5208167287133,62.919253373399,65.441159767222,65.9894687083945,61.902854513763,64.7384931569907,66.199537532581,50.8025316259591,60.2359074293632,67.3620678243953,58.714313250548,52.7470265842061,58.0508714663907,63.5808224896341,54.6600121166503,60.4551670557907,67.3349412442546,66.5806717767348,66.3016077203502,67.4407333581825,66.884832286035,55.7299075653332,61.7320734602918,65.0857620862944,56.1502523117901,66.5219908547072,63.2913149801281
60.8876438898575,65.3253213252981,69.0720111018215,55.5877323306326,58.5208167287133,62.919253373399,65.441159767222,65.9894687083945,61.902854513763,64.7384931569907,66.199537532581,50.8025316259591,60.2359074293632,67.3800504400406,58.714313250548,52.7470265842061,58.0508714663907,63.5808224896341,54.6600121166503,60.4551670557907,67.3349412442546,66.5806717767348,66.3016077203502,67.4407333581825,66.884832286035,55.7299075653332,61.7320734602918,65.0857620862944,56.1502523117901,66.5219908547072,63.2913149801281
60.8876438898575,65.3253213252981,69.0720111018215,55.5877323306326,58.5208167287133,62.919253373399,65.441159767222,65.9894687083945,61.902854513763,64.7384931569907,66.199537532581,50.8025316259591,60.2359074293632,67.3800504400406,58.714313250548,52.7470265842061,58.0508714663907,63.5808224896341,54.6600121166503,60.4551670557907,67.3349412442546,66.5806717767348,66.3016077203502,67.4407333581825,66.884832286035,55.7299075653332,61.7320734602918,65.0857620862944,56.1502523117901,66.5219908547072,63.2913149801281
60.8876438898575,65.3253213252981,69.0720111018215,55.5877323306326,58.5208167287133,62.919253373399,65.441159767222,65.9894687083945,61.902854513763,64.7384931569907,66.199537532581,50.8025316259591,60.2359074293632,67.3800504400406,58.7995897916207,52.7470265842061,58.0508714663907,63.5808224896341,54.6600121166503,60.4551670557907,67.3349412442546,66.5806717767348,66.3016077203502,67.4407333581825,66.884832286035,55.7299075653332,61.7320734602918,65.0857620862944,56.1502523117901,66.5219908547072,63.2913149801281
60.913891167015,65.3253213252981,69.0720111018215,55.5877323306326,58.5208167287133,62.919253373399,65.441159767222,65.9894687083945,62.0043688339109,64.7384931569907,66.199537532581,50.8025316259591,60.2359074293632,67.3800504400406,58.7995897916207,52.7470265842061,58.0508714663907,63.5808224896341,54.8364972625524,60.4551670557907,67.3349412442546,66.5806717767348,66.3016077203502,67.4407333581825,66.884832286035,55.7299075653332,61.7320734602918,65.0857620862944,56.1502523117901,66.5323174093733,63.2913149801281
60.913891167015,65.3253213252981,69.0720111018215,55.5877323306326,58.5208167287133,62.919253373399,65.441159767222,65.9894687083945,62.0043688339109,64.7384931569907,66.199537532581,50.8025316259591,60.2359074293632,67.3800504400406,58.7995897916207,52.7470265842061,58.0508714663907,63.5808224896341,54.8364972625524,60.4551670557907,67.3349412442546,66.5806717767348,66.3016077203502,67.4407333581825,66.884832286035,55.7299075653332,61.7320734602918,65.0857620862944,56.1502523117901,66.5323174093733,63.2913149801281
60.913891167015,65.3253213252981,69.0720111018215,55.5877323306326,58.5208167287133,62.919253373399,65.441159767222,65.9894687083945,62.0043688339109,64.7384931569907,66.199537532581,50.8025316259591,60.2359074293632,67.3800504400406,58.7995897916207,52.7470265842061,58.0627189710583,63.5808224896341,54.8364972625524,60.4551670557907,67.3349412442546,66.5806717767348,66.5636789017963,67.4407333581825,66.884832286035,55.7299075653332,61.7320734602918,65.0857620862944,56.1502523117901,66.5323174093733,63.2913149801281
60.913891167015,65.3253213252981,69.0720111018215,55.5877323306326,58.5208167287133,62.9932018547245,65.441159767222,65.9894687083945,62.0043688339109,64.7384931569907,66.199537532581,50.8025316259591,60.2359074293632,67.3800504400406,58.7995897916207,52.7470265842061,58.0627189710583,63.5808224896341,54.8364972625524,60.4551670557907,67.3349412442546,66.5806717767348,66.5636789017963,67.4407333581825,66.884832286035,55.7299075653332,61.7320734602918,65.0857620862944,56.1502523117901,66.5323174093733,63.2913149801281
60.913891167015,65.3308613748194,69.0720111018215,55.5877323306326,58.5208167287133,62.9932018547245,65.441159767222,65.9894687083945,62.0043688339109,64.7384931569907,66.199537532581,50.8025316259591,60.2359074293632,67.3800504400406,58.7995897916207,52.7470265842061,58.0627189710583,63.5808224896341,55.2894844938578,60.4551670557907,67.3349412442546,66.5806717767348,66.5636789017963,67.4407333581825,66.884832286035,55.7299075653332,61.7320734602918,66.2276883646125,56.1502523117901,66.5323174093733,63.2913149801281
60.913891167015,65.3308613748194,69.0720111018215,55.5877323306326,58.5208167287133,62.9932018547245,65.441159767222,65.9894687083945,62.0043688339109,64.7384931569907,66.199537532581,50.8025316259591,60.2359074293632,67.3800504400406,58.7995897916207,52.7470265842061,58.0627189710583,63.5808224896341,55.2894844938578,60.4551670557907,67.3349412442546,66.5961126782003,66.5636789017963,67.4407333581825,66.884832286035,55.7299075653332,61.7320734602918,66.2276883646125,56.1502523117901,66.5323174093733,63.2913149801281
60.913891167015,65.3308613748194,69.0720111018215,55.5877323306326,58.5208167287133,62.9932018547245,65.441159767222,65.9894687083945,62.0043688339109,64.7384931569907,66.199537532581,50.8025316259591,60.2359074293632,67.3800504400406,58.7995897916207,52.7470265842061,58.0627189710583,63.5808224896341,55.2894844938578,60.4551670557907,67.3349412442546,66.5961126782003,66.5636789017963,67.4407333581825,66.884832286035,55.7299075653332,61.7320734602918,66.2276883646125,56.1502523117901,66.5323174093733,63.2913149801281
60.913891167015,65.3308613748194,69.1123998705016,55.5877323306326,58.5208167287133,62.9932018547245,65.441159767222,65.9894687083945,62.0043688339109,64.7384931569907,66.199537532581,50.8025316259591,60.2359074293632,67.3800504400406,58.7995897916207,52.7470265842061,58.0627189710583,63.5808224896341,55.2894844938578,60.4551670557907,67.3349412442546,66.5961126782003,66.5636789017963,67.4407333581825,66.884832286035,55.7299075653332,61.7320734602918,66.2276883646125,56.1502523117901,66.5323174093733,63.2973685046215
60.913891167015,65.3308613748194,69.1123998705016,55.5877323306326,58.5208167287133,62.9932018547245,65.441159767222,66.1769250726113,62.0043688339109,64.7384931569907,66.199537532581,50.8025316259591,60.2359074293632,67.3800504400406,58.7995897916207,52.7470265842061,58.0627189710583,63.5808224896341,55.2894844938578,60.4551670557907,67.3349412442546,66.5961126782003,66.5636789017963,67.4407333581825,66.884832286035,55.7299075653332,61.7320734602918,66.2276883646125,56.1502523117901,66.5323174093733,63.2973685046215
60.913891167015,65.3308613748194,69.1123998705016,55.5877323306326,58.5208167287133,62.9932018547245,65.441159767222,66.1769250726113,62.0043688339109,64.7384931569907,66.199537532581,50.8025316259591,60.2359074293632,67.3800504400406,58.7995897916207,52.7470265842061,58.0627189710583,63.5808224896341,55.2894844938578,60.4551670557907,67.3349412442546,66.5961126782003,66.5636789017963,67.4407333581825,66.884832286035,55.7299075653332,61.7320734602918,66.2276883646125,56.1502523117901,66.5323174093733,63.2973685046215
60.913891167015,65.3308613748194,69.1123998705016,55.5877323306326,58.5208167287133,62.9932018547245,65.441159767222,66.1769250726113,62.0043688339109,64.7384931569907,66.199537532581,50.8025316259591,60.2359074293632,67.3800504400406,58.7995897916207,52.7470265842061,58.0627189710583,63.5808224896341,55.2894844938578,60.4551670557907,67.3932949855889,66.5961126782003,66.5636789017963,67.4407333581825,66.8908546309739,55.7299075653332,61.7320734602918,66.2276883646125,56.1502523117901,66.5323174093733,63.2973685046215
60.968264025573,65.3308613748194,69.1123998705016,55.5877323306326,58.5208167287133,62.9932018547245,65.441159767222,66.1769250726113,62.0043688339109,64.7384931569907,66.199537532581,50.8025316259591,60.2359074293632,67.3800504400406,58.7995897916207,52.7470265842061,58.0627189710583,63.5808224896341,55.2894844938578,60.4551670557907,67.3932949855889,66.5961126782003,66.5636789017963,67.4407333581825,66.8908546309739,55.7299075653332,61.7320734602918,66.2276883646125,56.1502523117901,66.5323174093733,63.2973685046215
60.968264025573,65.3308613748194,69.1123998705016,55.5877323306326,58.5208167287133,62.9932018547245,65.441159767222,66.1769250726113,62.0043688339109,64.7384931569907,66.199537532581,50.8025316259591,60.2359074293632,67.3800504400406,58.7995897916207,52.7470265842061,58.0627189710583,63.5808224896341,55.2894844938578,60.4551670557907,67.3932949855889,66.5961126782003,66.5636789017963,67.4407333581825,66.8908546309739,55.7299075653332,61.7320734602918,66.2276883646125,56.1502523117901,66.5323174093733,63.2973685046215
60.968264025573,65.3308613748194,69.1123998705016,55.6325236497564,58.5208167287133,62.9932018547245,65.441159767222,66.1769250726113,62.0043688339109,64.7384931569907,66.199537532581,50.8260057659869,60.2359074293632,67.3800504400406,58.7995897916207,52.7470265842061,58.100555706351,63.5808224896341,55.2894844938578,60.4551670557907,67.3932949855889,66.5961126782003,66.6851476394868,67.4407333581825,66.8908546309739,55.7299075653332,61.7320734602918,66.2276883646125,56.1502523117901,66.5323174093733,63.2973685046215
60.968264025573,65.3308613748194,69.1123998705016,55.6325236497564,58.5208167287133,63.2609585224953,65.441159767222,66.1769250726113,62.0043688339109,64.7384931569907,66.199537532581,50.8260057659869,60.2359074293632,67.3800504400406,58.7995897916207,52.7470265842061,58.100555706351,63.5808224896341,55.2894844938578,60.4551670557907,67.3932949855889,66.5961126782003,66.6851476394868,67.4407333581825,66.8908546309739,55.7299075653332,61.7320734602918,66.2276883646125,56.1502523117901,66.5323174093733,63.2973685046215
60.968264025573,65.3348675897791,69.1123998705016,55.6325236497564,58.5208167287133,63.2609585224953,65.441159767222,66.1769250726113,62.0043688339109,64.7384931569907,66.199537532581,50.8260057659869,60.6026208491332,67.3800504400406,58.7995897916207,52.7470265842061,58.100555706351,63.5808224896341,55.2894844938578,60.4551670557907,67.3932949855889,66.5961126782003,66.6851476394868,67.4407333581825,66.8908546309739,55.7299075653332,61.7320734602918,66.2276883646125,56.1502523117901,66.5323174093733,63.2973685046215
60.968264025573,65.3348675897791,69.1123998705016,55.6325236497564,58.5208167287133,63.2609585224953,65.441159767222,66.1769250726113,62.0043688339109,64.7384931569907,66.199537532581,50.8260057659869,60.6026208491332,67.3800504400406,58.7995897916207,52.7470265842061,58.100555706351,63.5808224896341,55.2894844938578,60.4551670557907,67.3932949855889,66.5961126782003,66.6851476394868,67.4407333581825,66.8908546309739,55.7299075653332,61.7320734602918,66.2276883646125,56.1502523117901,66.5323174093733,63.2973685046215
60.968264025573,65.3348675897791,69.1142124161973,55.6325236497564,58.5208167287133,63.2609585224953,65.441159767222,66.1769250726113,62.0043688339109,64.7384931569907,66.199537532581,50.8260057659869,60.6026208491332,67.3800504400406,58.7995897916207,52.7470265842061,58.100555706351,63.5808224896341,55.2894844938578,60.4551670557907,67.3932949855889,66.5961126782003,66.6851476394868,67.4407333581825,66.8908546309739,55.7299075653332,61.7320734602918,66.2276883646125,56.1502523117901,66.5323174093733,63.2973685046215
60.968264025573,65.3348675897791,69.1142124161973,55.6325236497564,58.5208167287133,63.2609585224953,65.441159767222,66.1769250726113,62.0043688339109,64.7384931569907,66.199537532581,50.8260057659869,60.6026208491332,67.3800504400406,58.7995897916207,53.8019580025204,58.100555706351,63.5808224896341,55.2894844938578,60.4551670557907,67.3932949855889,66.5961126782003,66.6851476394868,67.4570875134498,66.8908546309739,55.7299075653332,61.7320734602918,66.2276883646125,56.1502523117901,66.5323174093733,63.2973685046215
60.968264025573,65.3348675897791,69.1142124161973,55.6325236497564,58.5208167287133,63.2609585224953,65.441159767222,66.1769250726113,62.0043688339109,64.7384931569907,66.199537532581,50.8260057659869,60.6026208491332,67.3800504400406,58.7995897916207,53.8019580025204,58.100555706351,63.5808224896341,55.2894844938578,60.4551670557907,67.3932949855889,66.5961126782003,66.6851476394868,67.4570875134498,66.8908546309739,55.7299075653332,61.7320734602918,66.2276883646125,56.1502523117901,66.5323174093733,63.2973685046215
60.968264025573,65.3348675897791,69.1142124161973,55.6325236497564,58.5208167287133,63.2609585224953,65.441159767222,66.1769250726113,62.0043688339109,64.7384931569907,66.199537532581,50.8260057659869,60.6026208491332,67.3800504400406,58.7995897916207,53.8019580025204,58.100555706351,63.5808224896341,55.2894844938578,60.4551670557907,67.3932949855889,66.5961126782003,66.6851476394868,67.4570875134498,66.929056014436,55.7299075653332,61.7320734602918,66.2276883646125,56.1502523117901,66.5323174093733,63.2973685046215
60.968264025573,65.3348675897791,69.1142124161973,55.6325236497564,58.5208167287133,63.2609585224953,65.441159767222,66.1769250726113,62.0043688339109,64.7384931569907,66.199537532581,50.8260057659869,60.6026208491332,67.3800504400406,58.7995897916207,53.8019580025204,58.100555706351,63.5808224896341,55.2894844938578,60.4551670557907,67.4186350321689,66.5961126782003,66.6851476394868,67.4570875134498,66.929056014436,55.7299075653332,61.7320734602918,66.2276883646125,56.1502523117901,66.5323174093733,63.2973685046215
60.968264025573,65.3348675897791,69.1142124161973,55.6325236497564,58.5208167287133,63.2609585224953,65.441159767222,66.1769250726113,62.160553768636,64.7384931569907,66.199537532581,50.8260057659869,60.6026208491332,67.3800504400406,58.7995897916207,53.8019580025204,58.100555706351,63.5808224896341,55.2894844938578,60.4551670557907,67.4186350321689,66.5961126782003,66.6851476394868,67.4570875134498,66.929056014436,55.7299075653332,61.7320734602918,66.2276883646125,56.1502523117901,66.5323174093733,63.2973685046215
60.968264025573,65.3348675897791,69.1142124161973,55.6325236497564,58.5208167287133,63.2609585224953,65.441159767222,66.1769250726113,62.160553768636,64.7384931569907,66.199537532581,50.8260057659869,60.6026208491332,67.3800504400406,58.7995897916207,53.8019580025204,58.100555706351,63.6114046966656,55.2894844938578,60.4551670557907,67.4186350321689,66.5961126782003,66.6851476394868,67.4570875134498,66.929056014436,55.7299075653332,61.7320734602918,66.2276883646125,56.1502523117901,66.5323174093733,63.2973685046215
60.968264025573,65.3348675897791,69.1142124161973,55.6325236497564,58.5208167287133,63.2609585224953,65.441159767222,66.1769250726113,62.160553768636,64.7384931569907,66.199537532581,50.8260057659869,60.6026208491332,67.3800504400406,58.7995897916207,53.8019580025204,58.100555706351,63.6114046966656,55.2894844938578,60.4551670557907,67.4186350321689,66.5961126782003,66.6851476394868,67.4570875134498,66.929056014436,55.7299075653332,61.7320734602918,66.2276883646125,56.1502523117901,66.5323174093733,63.2973685046215
60.968264025573,65.3348675897791,69.1142124161973,55.6325236497564,58.5208167287133,63.2748448090152,65.441159767222,66.1769250726113,62.160553768636,64.7384931569907,66.199537532581,50.8260057659869,60.6026208491332,67.3800504400406,58.7995897916207,53.8019580025204,58.1065649367462,63.6114046966656,55.2894844938578,60.4551670557907,67.4186350321689,66.5961126782003,66.7650127724988,67.4570875134498,66.929056014436,55.7299075653332,61.7320734602918,66.2276883646125,56.1502523117901,66.5323174093733,63.2973685046215
60.968264025573,65.3377709978589,69.1142124161973,55.6325236497564,58.5208167287133,63.2748448090152,65.441159767222,66.1769250726113,62.160553768636,64.7384931569907,66.199537532581,50.8260057659869,60.6026208491332,67.3800504400406,58.7995897916207,53.8019580025204,58.1065649367462,63.6114046966656,55.2894844938578,60.4551670557907,67.4186350321689,66.5961126782003,66.7650127724988,67.4570875134498,66.929056014436,55.7299075653332,61.7320734602918,66.2276883646125,56.1502523117901,66.5323174093733,63.2973685046215
60.968264025573,65.3377709978589,69.1142124161973,55.6325236497564,58.5208167287133,63.2748448090152,65.441159767222,66.1769250726113,62.160553768636,64.7384931569907,66.199537532581,50.8260057659869,60.6026208491332,67.3800504400406,58.7995897916207,53.8019580025204,58.1065649367462,63.6114046966656,55.2894844938578,60.4551670557907,67.4186350321689,66.6163748020047,66.7650127724988,67.4570875134498,66.929056014436,55.7299075653332,61.7436098338129,66.2276883646125,56.1502523117901,66.5323174093733,63.3004646467187
60.968264025573,65.3377709978589,69.1142124161973,55.6325236497564,58.5208167287133,63.2748448090152,65.441159767222,66.1769250726113,62.160553768636,64.7384931569907,66.199537532581,50.8260057659869,60.6026208491332,67.3800504400406,58.7995897916207,53.8019580025204,58.1065649367462,63.6114046966656,55.2894844938578,60.4551670557907,67.4186350321689,66.6163748020047,66.7650127724988,67.4570875134498,66.929056014436,55.7299075653332,61.7436098338129,66.2276883646125,56.1502523117901,66.5323174093733,63.3004646467187
60.968264025573,65.3377709978589,69.1142124161973,55.6325236497564,58.5281421078587,63.2748448090152,65.441159767222,66.1769250726113,62.160553768636,64.7384931569907,66.199537532581,50.8260057659869,60.6026208491332,67.3800504400406,58.7995897916207,53.8019580025204,58.1065649367462,63.6114046966656,55.2894844938578,60.4551670557907,67.4186350321689,66.6163748020047,66.7650127724988,67.4570875134498,66.929056014436,56.1799590085986,61.7436098338129,66.2276883646125,56.1502523117901,66.5323174093733,63.3004646467187
60.968264025573,65.3377709978589,69.1142124161973,55.6325236497564,58.5281421078587,63.2748448090152,65.441159767222,66.1769250726113,62.160553768636,64.7384931569907,66.199537532581,50.8260057659869,60.6026208491332,67.3800504400406,58.7995897916207,54.1932363879226,58.1065649367462,63.6114046966656,55.2894844938578,60.4551670557907,67.4186350321689,66.6163748020047,66.7650127724988,67.4570875134498,66.9580703581057,56.1799590085986,61.7436098338129,66.2276883646125,56.1502523117901,66.5323174093733,63.3004646467187
60.968264025573,65.3377709978589,69.1142124161973,55.6325236497564,58.5281421078587,63.2748448090152,65.441159767222,66.1769250726113,62.160553768636,64.7384931569907,66.199537532581,50.8260057659869,60.6026208491332,67.3800504400406,58.7995897916207,54.1932363879226,58.1065649367462,63.6114046966656,55.2894844938578,60.4551670557907,67.4186350321689,66.6163748020047,66.7650127724988,67.4570875134498,66.9580703581057,56.1799590085986,61.7436098338129,66.2276883646125,56.1502523117901,66.5451050058758,63.3004646467187
60.968264025573,65.3377709978589,69.1142124161973,55.6325236497564,58.5281421078587,63.2748448090152,65.441159767222,66.1769250726113,62.160553768636,64.7384931569907,66.199537532581,50.8260057659869,60.6026208491332,67.3800504400406,58.7995897916207,54.1932363879226,58.1065649367462,63.6114046966656,55.2894844938578,60.4551670557907,67.4186350321689,66.6163748020047,66.7650127724988,67.4570875134498,66.9580703581057,56.1799590085986,61.7436098338129,66.2276883646125,56.1502523117901,66.5451050058758,63.3004646467187
60.968264025573,65.3377709978589,69.1142124161973,55.6325236497564,58.5281421078587,63.2748448090152,65.441159767222,66.1769250726113,62.160553768636,64.7384931569907,66.199537532581,50.8260057659869,60.6026208491332,67.3800504400406,58.7995897916207,54.1932363879226,58.1065649367462,63.7360289077851,55.2894844938578,60.4551670557907,67.4186350321689,66.6163748020047,66.7650127724988,67.4570875134498,66.9580703581057,56.1799590085986,61.7436098338129,66.2276883646125,56.1502523117901,66.5451050058758,63.3004646467187
60.968264025573,65.3377709978589,69.1142124161973,55.6325236497564,58.5281421078587,63.2748448090152,65.441159767222,66.1769250726113,62.160553768636,64.7384931569907,66.199537532581,50.8260057659869,60.6026208491332,67.3800504400406,58.7995897916207,54.1932363879226,58.1065649367462,63.7360289077851,55.2894844938578,60.4551670557907,67.4186350321689,66.6163748020047,66.7650127724988,67.4570875134498,66.9580703581057,56.1799590085986,61.7436098338129,66.2276883646125,56.1502523117901,66.5451050058758,63.3004646467187
60.968264025573,65.3377709978589,69.1142124161973,55.6805989697559,58.5281421078587,63.2748448090152,65.441159767222,66.1769250726113,62.160553768636,64.7384931569907,66.199537532581,50.8260057659869,60.6026208491332,67.3800504400406,58.7995897916207,54.1932363879226,58.1065649367462,63.7360289077851,55.2894844938578,60.4551670557907,67.4186350321689,66.6163748020047,66.7650127724988,67.4570875134498,66.9580703581057,56.1799590085986,61.7436098338129,66.2276883646125,56.1502523117901,66.5451050058758,63.3004646467187
60.968264025573,65.3377709978589,69.1142124161973,55.6805989697559,58.5281421078587,63.4155268616034,65.441159767222,66.1769250726113,62.160553768636,64.7384931569907,66.199537532581,50.8323935292909,60.6026208491332,67.3800504400406,58.7995897916207,54.1932363879226,58.1065649367462,63.7360289077851,55.2894844938578,60.4551670557907,67.4186350321689,66.6163748020047,66.7650127724988,67.4570875134498,66.9580703581057,56.1799590085986,61.7436098338129,66.2276883646125,56.1502523117901,66.5451050058758,63.3004646467187
60.968264025573,65.4097145250882,69.1142124161973,55.6805989697559,58.5281421078587,63.4155268616034,65.441159767222,66.1769250726113,62.160553768636,64.7384931569907,66.199537532581,50.8323935292909,60.6026208491332,67.3800504400406,58.7995897916207,54.1932363879226,58.1065649367462,63.7360289077851,55.2894844938578,60.4551670557907,67.4186350321689,66.6163748020047,66.7650127724988,67.4570875134498,66.9580703581057,61.7188485525949,61.7436098338129,66.2276883646125,56.1502523117901,66.5451050058758,63.3130140916094
60.968264025573,65.4097145250882,69.1142124161973,55.6805989697559,58.5281421078587,63.4155268616034,65.441159767222,66.1769250726113,62.160553768636,64.7384931569907,66.199537532581,50.8323935292909,60.6026208491332,67.3800504400406,58.7995897916207,54.1932363879226,58.1065649367462,63.7360289077851,55.2894844938578,60.4551670557907,67.4186350321689,66.6163748020047,66.7650127724988,67.4570875134498,66.9580703581057,61.7188485525949,61.7436098338129,66.2276883646125,56.1502523117901,66.5451050058758,63.3130140916094
60.968264025573,65.4097145250882,69.1142124161973,55.6805989697559,58.5281421078587,63.4155268616034,65.441159767222,66.1769250726113,62.160553768636,64.7384931569907,66.199537532581,50.8323935292909,60.6026208491332,67.3800504400406,58.7995897916207,54.1932363879226,58.1065649367462,63.7360289077851,55.2894844938578,60.4551670557907,67.4186350321689,66.6163748020047,66.7650127724988,67.4570875134498,66.9580703581057,61.7188485525949,61.7436098338129,66.2276883646125,56.1502523117901,66.5451050058758,63.3130140916094
60.968264025573,65.4097145250882,69.1142124161973,55.6805989697559,58.5281421078587,63.4155268616034,65.441159767222,66.1769250726113,62.160553768636,64.7384931569907,66.199537532581,50.8323935292909,60.6026208491332,67.3800504400406,58.7995897916207,54.1932363879226,58.1065649367462,63.7360289077851,55.2894844938578,60.4551670557907,67.4186350321689,66.6163748020047,66.7650127724988,67.4570875134498,66.9580703581057,61.7188485525949,61.7436098338129,66.2276883646125,56.1502523117901,66.5451050058758,63.3130140916094
60.968264025573,65.4097145250882,69.1142124161973,55.6805989697559,58.5281421078587,63.4155268616034,65.4458453830368,66.1769250726113,62.160553768636,64.7384931569907,66.199537532581,50.8323935292909,60.6026208491332,67.3800504400406,58.7995897916207,54.1932363879226,58.1065649367462,63.7360289077851,55.2894844938578,60.4551670557907,67.4186350321689,66.6163748020047,66.7650127724988,67.4570875134498,66.9580703581057,61.7188485525949,61.7436098338129,66.2276883646125,56.1994551879504,66.5535475430878,63.3130140916094
60.968264025573,65.4097145250882,69.1142124161973,55.6805989697559,58.5281421078587,63.4155268616034,65.4458453830368,66.1769250726113,62.160553768636,64.7384931569907,66.199537532581,50.8323935292909,60.6026208491332,67.3800504400406,58.7995897916207,57.3459358030367,58.1065649367462,63.7360289077851,55.2894844938578,60.6613370953376,67.4186350321689,66.6163748020047,66.7650127724988,67.4570875134498,66.9580703581057,61.7188485525949,61.7436098338129,66.2276883646125,56.1994551879504,66.5535475430878,63.3130140916094
61.0058722456697,65.4097145250882,69.1142124161973,55.6805989697559,58.5281421078587,63.4155268616034,65.4458453830368,66.1769250726113,62.160553768636,64.7384931569907,66.199537532581,50.8323935292909,60.6026208491332,67.3800504400406,58.8881705493674,57.3459358030367,58.1065649367462,63.7360289077851,55.2894844938578,60.6613370953376,67.4186350321689,66.6163748020047,66.7650127724988,67.4570875134498,66.9580703581057,61.7188485525949,61.7436098338129,66.2276883646125,56.1994551879504,66.5535475430878,63.3130140916094
61.0058722456697,65.4097145250882,69.1142124161973,55.6805989697559,58.5281421078587,63.4155268616034,65.4458453830368,66.1769250726113,62.160553768636,64.7384931569907,66.199537532581,50.8323935292909,60.6026208491332,67.3800504400406,58.8881705493674,57.3459358030367,58.1065649367462,63.7360289077851,55.2894844938578,60.6613370953376,67.4186350321689,66.6163748020047,66.7650127724988,67.4570875134498,66.9580703581057,61.7188485525949,61.7436098338129,66.2276883646125,56.1994551879504,66.5535475430878,63.3130140916094
61.0058722456697,65.4097145250882,69.1142124161973,55.6805989697559,58.5281421078587,63.4155268616034,65.4458453830368,66.1769250726113,62.160553768636,64.7384931569907,66.199537532581,50.8323935292909,60.6026208491332,67.3800504400406,58.8881705493674,57.3459358030367,58.1065649367462,63.7360289077851,55.2894844938578,60.6613370953376,67.4186350321689,66.6163748020047,66.7650127724988,67.4570875134498,66.9580703581057,61.7188485525949,61.7436098338129,66.2276883646125,56.1994551879504,66.5535475430878,63.3130140916094
61.0058722456697,65.4097145250882,69.1142124161973,55.6805989697559,58.5281421078587,63.4155268616034,65.4458453830368,66.1769250726113,62.160553768636,64.7384931569907,66.199537532581,50.8323935292909,60.6026208491332,67.3800504400406,58.8881705493674,57.3459358030367,58.1065649367462,63.7360289077851,55.2894844938578,60.6613370953376,67.4186350321689,66.6163748020047,66.7650127724988,67.4570875134498,66.9580703581057,61.7188485525949,61.7436098338129,66.2276883646125,56.1994551879504,66.5535475430878,63.3130140916094
61.0058722456697,65.4097145250882,69.1142124161973,55.6805989697559,58.5281421078587,63.4155268616034,65.4458453830368,66.1769250726113,62.160553768636,64.7384931569907,66.199537532581,50.8323935292909,60.6026208491332,67.3800504400406,58.8881705493674,57.3459358030367,58.1071435849334,63.7360289077851,55.2894844938578,60.6613370953376,67.4186350321689,66.6163748020047,66.7650127724988,67.4570875134498,66.9580703581057,61.7188485525949,61.7436098338129,66.2276883646125,56.1994551879504,66.5535475430878,63.3130140916094
61.0058722456697,65.4097145250882,69.1169789664227,55.6805989697559,58.5281421078587,63.4155268616034,65.4458453830368,66.1769250726113,62.160553768636,64.7384931569907,66.199537532581,50.8323935292909,60.6026208491332,67.3800504400406,58.8881705493674,57.3459358030367,58.1071435849334,63.7360289077851,55.2894844938578,60.6613370953376,67.4186350321689,66.6163748020047,66.7650127724988,67.4570875134498,66.9580703581057,63.1569231974644,61.7436098338129,66.2276883646125,56.1994551879504,66.5535475430878,63.3130140916094
61.0058722456697,65.4413146042601,69.1169789664227,55.6805989697559,58.5281421078587,63.4155268616034,65.4458453830368,66.1769250726113,62.160553768636,64.7384931569907,66.199537532581,50.8323935292909,60.6026208491332,67.3800504400406,58.8881705493674,57.3459358030367,58.1071435849334,63.7360289077851,55.2894844938578,60.6613370953376,67.4186350321689,66.6163748020047,66.7650127724988,67.4570875134498,66.9580703581057,63.1569231974644,61.7436098338129,66.2276883646125,56.1994551879504,66.5535475430878,63.3130140916094
61.0058722456697,65.4413146042601,69.1169789664227,55.6805989697559,58.5281421078587,63.4155268616034,65.4458453830368,66.1769250726113,62.160553768636,64.7384931569907,66.199537532581,50.8323935292909,60.6026208491332,67.3800504400406,58.8881705493674,57.3459358030367,58.1071435849334,63.7360289077851,55.2894844938578,60.6613370953376,67.4186350321689,66.6163748020047,66.7650127724988,67.4570875134498,66.9580703581057,63.1569231974644,61.7436098338129,66.2276883646125,56.1994551879504,66.5535475430878,63.3130140916094
61.0058722456697,65.4413146042601,69.1169789664227,55.6805989697559,58.5281421078587,63.4155268616034,65.4458453830368,66.1769250726113,62.160553768636,64.7384931569907,66.199537532581,50.8323935292909,60.6026208491332,67.3800504400406,58.8881705493674,57.3459358030367,58.1071435849334,63.7360289077851,55.2894844938578,60.6613370953376,67.4186350321689,66.6163748020047,66.7650127724988,67.4570875134498,67.2608934472449,63.1569231974644,61.7436098338129,66.2276883646125,56.1994551879504,66.5535475430878,63.3130140916094
61.0058722456697,65.4413146042601,69.1169789664227,55.6805989697559,58.5281421078587,63.4155268616034,65.4458453830368,66.1769250726113,62.160553768636,64.7384931569907,66.199537532581,50.8323935292909,60.6026208491332,67.3800504400406,58.8881705493674,57.3459358030367,58.1071435849334,63.7360289077851,55.2894844938578,60.6613370953376,67.4444993559805,66.6317459282643,66.7650127724988,67.4570875134498,67.2608934472449,63.1569231974644,61.7436098338129,66.2276883646125,56.1994551879504,66.5535475430878,63.3130140916094
61.0058722456697,65.4413146042601,69.1169789664227,55.6805989697559,58.5281421078587,63.4155268616034,65.4458453830368,66.1769250726113,62.160553768636,64.7384931569907,66.199537532581,50.8323935292909,60.6026208491332,67.380964013871,58.8881705493674,57.3459358030367,58.1071435849334,63.7360289077851,55.2894844938578,60.6613370953376,67.4444993559805,66.6317459282643,66.7650127724988,67.4570875134498,67.2608934472449,63.1569231974644,61.7436098338129,66.2276883646125,56.1994551879504,66.5535475430878,63.3130140916094
61.0058722456697,65.4413146042601,69.1169789664227,55.6805989697559,58.5281421078587,63.4155268616034,65.4458453830368,66.1769250726113,63.0632525693987,64.7384931569907,66.199537532581,50.8323935292909,60.6026208491332,67.380964013871,59.2436206943887,57.3459358030367,58.1071435849334,63.7634415182845,55.2894844938578,60.6613370953376,67.4444993559805,66.6317459282643,66.7650127724988,67.4570875134498,67.2608934472449,63.1569231974644,61.7436098338129,66.2276883646125,56.1994551879504,66.5535475430878,63.3130140916094
61.0058722456697,65.4413146042601,69.1169789664227,55.6805989697559,58.5281421078587,63.4155268616034,65.4458453830368,66.1769250726113,63.0632525693987,64.7384931569907,66.199537532581,50.8323935292909,60.6026208491332,67.380964013871,59.2436206943887,57.3459358030367,58.1071435849334,63.7634415182845,55.2894844938578,60.6613370953376,67.4444993559805,66.6317459282643,66.7650127724988,67.4570875134498,67.2608934472449,63.1569231974644,61.7436098338129,66.2276883646125,56.1994551879504,66.5535475430878,63.3130140916094
61.0058722456697,65.4413146042601,69.1169789664227,55.6805989697559,58.5281421078587,63.6491990334951,65.4458453830368,66.1769250726113,63.0632525693987,64.7384931569907,66.199537532581,50.8560849852811,60.6026208491332,67.380964013871,59.2436206943887,57.3459358030367,58.1071435849334,63.7634415182845,55.59845830143,60.6613370953376,67.4444993559805,66.6317459282643,66.7650127724988,67.4570875134498,67.2608934472449,63.1569231974644,61.7436098338129,66.2276883646125,56.1994551879504,66.5535475430878,63.3130140916094
61.0058722456697,65.4413146042601,69.1169789664227,55.6805989697559,58.5281421078587,63.6491990334951,65.4458453830368,66.1769250726113,63.0632525693987,64.7384931569907,66.199537532581,50.8560849852811,60.6026208491332,67.380964013871,59.2436206943887,57.3459358030367,58.1071435849334,63.7634415182845,55.59845830143,60.6613370953376,67.4444993559805,66.6317459282643,66.7845923176886,67.4570875134498,67.2608934472449,63.1569231974644,61.7436098338129,66.2276883646125,56.1994551879504,66.5535475430878,63.3140490417828
61.0058722456697,65.4413146042601,69.1169789664227,55.6805989697559,58.5281421078587,63.6491990334951,65.4458453830368,66.1769250726113,63.0632525693987,64.7384931569907,66.199537532581,50.8560849852811,60.6026208491332,67.380964013871,59.2436206943887,57.3459358030367,58.1071435849334,63.7634415182845,55.59845830143,60.6613370953376,67.4444993559805,66.6317459282643,66.7845923176886,67.4570875134498,67.2608934472449,63.1569231974644,61.7436098338129,66.2276883646125,56.1994551879504,66.5535475430878,63.3140490417828
61.0058722456697,65.4413146042601,69.1169789664227,55.6805989697559,58.5281421078587,63.6491990334951,65.4458453830368,66.1769250726113,63.0632525693987,64.7384931569907,66.199537532581,50.8560849852811,60.6026208491332,67.380964013871,59.2436206943887,57.3459358030367,58.1071435849334,63.7634415182845,55.59845830143,60.6613370953376,67.4444993559805,66.6317459282643,66.7845923176886,67.4570875134498,67.2608934472449,63.1569231974644,61.7436098338129,66.2276883646125,56.1994551879504,66.5535475430878,63.3140490417828
61.0058722456697,65.4413146042601,69.1169789664227,55.6805989697559,58.5281421078587,63.6491990334951,65.4458453830368,66.1769250726113,63.0632525693987,64.7384931569907,66.199537532581,50.8560849852811,60.6026208491332,67.380964013871,59.2436206943887,57.3459358030367,58.1071435849334,63.7634415182845,55.59845830143,60.6613370953376,67.4444993559805,66.6317459282643,66.7845923176886,67.4570875134498,67.2608934472449,63.1569231974644,62.5672395337347,66.2276883646125,56.1994551879504,66.5535475430878,63.3140490417828
61.0058722456697,65.4413146042601,69.1169789664227,55.6805989697559,58.5281421078587,63.6491990334951,65.4458453830368,66.1769250726113,63.0632525693987,64.7384931569907,66.199537532581,50.8560849852811,60.6026208491332,67.380964013871,59.2436206943887,57.3459358030367,58.1071435849334,63.7634415182845,55.59845830143,60.6613370953376,67.4444993559805,66.6317459282643,66.7845923176886,67.4570875134498,67.2608934472449,63.1569231974644,62.5672395337347,66.2276883646125,56.1994551879504,66.5535475430878,63.3140490417828
61.0058722456697,65.4413146042601,69.1169789664227,55.6805989697559,58.5281421078587,63.6491990334951,65.4458453830368,66.1769250726113,63.0632525693987,64.7384931569907,66.199537532581,50.8560849852811,60.6026208491332,67.380964013871,59.2436206943887,57.3459358030367,58.1071435849334,63.7634415182845,55.59845830143,60.6613370953376,67.4444993559805,66.6317459282643,66.7845923176886,67.4570875134498,67.2608934472449,63.1569231974644,62.5672395337347,66.2276883646125,56.1994551879504,66.5535475430878,63.3140490417828
61.0058722456697,65.4413146042601,69.1169789664227,55.6805989697559,58.5281421078587,63.6491990334951,65.4458453830368,66.1769250726113,63.0632525693987,64.7384931569907,66.199537532581,50.8560849852811,60.6026208491332,67.380964013871,59.2436206943887,57.3459358030367,58.1071435849334,63.7634415182845,55.59845830143,60.6613370953376,67.4444993559805,66.6317459282643,66.7845923176886,67.4570875134498,67.2608934472449,63.1569231974644,62.5672395337347,66.2276883646125,56.2049071552467,66.5535475430878,63.3140490417828
61.0685825737171,65.4413146042601,69.1169789664227,55.6805989697559,58.5281421078587,63.6491990334951,65.4458453830368,66.1769250726113,63.0632525693987,64.7384931569907,66.199537532581,50.8560849852811,60.6026208491332,67.3809812702137,59.2436206943887,57.3459358030367,58.1071435849334,63.7634415182845,55.59845830143,60.6613370953376,67.4444993559805,66.6317459282643,66.7845923176886,67.4570875134498,67.2608934472449,63.1569231974644,62.5672395337347,66.2276883646125,56.2049071552467,66.5535475430878,63.3140490417828
61.0685825737171,65.4413146042601,69.1169789664227,55.6805989697559,58.5281421078587,63.6491990334951,65.4458453830368,66.1769250726113,63.0632525693987,64.7384931569907,66.199537532581,50.8560849852811,60.6026208491332,67.3809812702137,59.2436206943887,57.3459358030367,58.1071435849334,63.7634415182845,55.59845830143,60.6613370953376,67.4444993559805,66.6317459282643,66.7845923176886,67.4570875134498,67.2608934472449,63.1569231974644,62.5672395337347,66.2276883646125,56.2049071552467,66.5535475430878,63.3140490417828
61.0685825737171,65.4413146042601,69.1169789664227,55.6805989697559,58.5281421078587,63.6491990334951,65.4458453830368,66.1769250726113,63.0632525693987,64.7384931569907,66.199537532581,50.8560849852811,60.6026208491332,67.3809812702137,59.7319149749296,57.3459358030367,58.1071435849334,63.7634415182845,55.59845830143,60.6613370953376,67.4444993559805,66.6317459282643,66.7845923176886,67.4570875134498,67.2608934472449,63.1569231974644,62.5672395337347,66.2276883646125,56.2049071552467,66.5535475430878,63.3140490417828
61.0685825737171,65.4413146042601,69.1169789664227,55.7091288046111,58.5281421078587,63.6491990334951,65.4458453830368,66.1769250726113,63.0632525693987,64.7384931569907,66.199537532581,50.8560849852811,60.6026208491332,67.3809812702137,59.7319149749296,57.3459358030367,58.1071435849334,63.7634415182845,55.59845830143,60.6613370953376,67.4444993559805,66.6317459282643,66.7845923176886,67.4570875134498,67.2608934472449,63.1569231974644,62.5672395337347,66.2276883646125,56.2049071552467,66.5535475430878,63.3140490417828
61.0685825737171,65.4413146042601,69.1169789664227,55.7091288046111,58.5281421078587,63.6491990334951,65.4458453830368,66.1769250726113,63.0632525693987,64.7384931569907,66.199537532581,50.8593719709103,60.6026208491332,67.3809812702137,59.7319149749296,57.3459358030367,58.1071435849334,63.7634415182845,55.59845830143,60.6613370953376,67.4444993559805,66.6317459282643,66.7845923176886,67.4570875134498,67.2608934472449,63.1569231974644,62.5672395337347,66.2276883646125,56.2049071552467,66.5535475430878,63.3140490417828
61.0685825737171,65.4413146042601,69.1169789664227,55.7091288046111,58.5281421078587,63.6491990334951,65.4458453830368,66.1769250726113,63.0632525693987,64.7384931569907,66.199537532581,50.8593719709103,60.6026208491332,67.3809812702137,59.7319149749296,57.3459358030367,58.1638578028066,63.7634415182845,55.59845830143,60.6613370953376,67.4444993559805,66.6317459282643,66.7845923176886,67.4570875134498,67.2608934472449,63.1569231974644,62.5672395337347,66.2276883646125,56.2049071552467,66.6449089916809,63.3140490417828
61.0685825737171,65.4413146042601,69.1169789664227,55.7091288046111,58.5281421078587,63.6491990334951,65.4458453830368,66.1769250726113,63.0632525693987,64.7384931569907,66.199537532581,50.8593719709103,60.6026208491332,67.3809812702137,59.7319149749296,57.3459358030367,58.1638578028066,63.7634415182845,55.59845830143,60.6613370953376,67.4444993559805,66.6317459282643,66.7845923176886,67.4570875134498,67.2608934472449,63.1569231974644,62.5672395337347,66.2276883646125,56.2049071552467,66.6449089916809,63.3140490417828
61.0685825737171,65.4413146042601,69.1169789664227,55.7091288046111,58.5281421078587,63.6491990334951,65.4458453830368,66.1769250726113,63.0632525693987,64.7384931569907,66.199537532581,50.8593719709103,60.6026208491332,67.3809812702137,59.7319149749296,57.3459358030367,58.1638578028066,63.7634415182845,55.59845830143,60.6613370953376,67.4444993559805,66.6317459282643,66.7845923176886,67.4570875134498,67.2608934472449,63.1569231974644,62.5672395337347,66.2276883646125,56.2049071552467,66.6449089916809,63.3140490417828
61.0685825737171,65.4413146042601,69.1169789664227,55.7091288046111,58.5281421078587,63.6491990334951,65.4458453830368,66.1769250726113,63.0632525693987,64.7384931569907,66.199537532581,50.8593719709103,60.6026208491332,67.3809812702137,59.7319149749296,57.3459358030367,58.1638578028066,63.7634415182845,55.59845830143,60.6613370953376,67.4444993559805,66.6317459282643,66.7845923176886,67.4570875134498,67.2608934472449,63.1569231974644,62.5672395337347,66.2276883646125,56.2049071552467,66.6449089916809,63.3140490417828
61.0685825737171,65.4413146042601,69.1169789664227,55.7091288046111,58.5281421078587,63.6491990334951,65.4458453830368,66.1769250726113,63.0632525693987,64.7384931569907,66.199537532581,50.8593719709103,60.6026208491332,67.3809812702137,59.7319149749296,57.3459358030367,58.1638578028066,63.7634415182845,55.59845830143,60.6613370953376,67.4444993559805,66.6317459282643,66.7845923176886,67.4570875134498,67.2608934472449,63.1569231974644,62.5672395337347,66.2276883646125,56.2049071552467,66.6449089916809,63.3140490417828
61.0685825737171,65.4413146042601,69.1169789664227,55.7091288046111,58.5281421078587,63.6491990334951,65.4458453830368,66.1769250726113,63.0632525693987,64.7384931569907,66.199537532581,50.8593719709103,60.6026208491332,67.3809812702137,59.7319149749296,57.3459358030367,58.1638578028066,63.7634415182845,55.59845830143,60.6613370953376,67.4817217380291,66.6317459282643,66.7845923176886,67.4570875134498,67.2608934472449,63.1569231974644,62.5672395337347,66.2276883646125,56.2049071552467,66.6449089916809,63.3140490417828
61.0685825737171,65.4413146042601,69.1169789664227,55.7091288046111,58.5281421078587,63.6491990334951,65.4458453830368,66.1769250726113,63.0632525693987,64.7384931569907,66.199537532581,50.8593719709103,60.6026208491332,67.3809812702137,59.7319149749296,57.3459358030367,58.1638578028066,63.7634415182845,55.59845830143,60.6919877340389,67.4817217380291,66.6317459282643,66.7845923176886,67.4570875134498,67.2608934472449,63.1569231974644,62.5672395337347,66.2276883646125,56.2049071552467,66.6449089916809,63.3140490417828
61.0685825737171,65.4413146042601,69.1169789664227,55.7091288046111,58.5281421078587,63.6491990334951,65.4458453830368,66.1769250726113,63.0632525693987,64.7384931569907,66.199537532581,50.8593719709103,60.6026208491332,67.3809812702137,59.7319149749296,57.3459358030367,58.1638578028066,63.7634415182845,55.59845830143,60.6919877340389,67.4817217380291,66.6317459282643,66.7845923176886,67.4570875134498,67.2608934472449,63.1569231974644,62.5672395337347,66.2276883646125,56.2049071552467,66.6449089916809,63.3140490417828
61.0685825737171,65.4413146042601,69.1169789664227,55.7091288046111,58.5281421078587,63.6491990334951,65.4550309687715,66.1769250726113,63.0632525693987,64.7384931569907,66.199537532581,50.8593719709103,60.6026208491332,67.3809812702137,59.7319149749296,57.3459358030367,58.1638578028066,63.7634415182845,55.59845830143,60.6919877340389,67.4817217380291,66.6318558512488,66.7845923176886,67.4570875134498,67.2608934472449,63.1569231974644,62.5672395337347,66.2276883646125,56.2049071552467,66.6449089916809,63.3140490417828
61.0685825737171,65.4413146042601,69.1169789664227,55.7091288046111,58.5281421078587,63.6491990334951,65.4550309687715,66.1769250726113,63.0632525693987,64.7384931569907,66.199537532581,50.8593719709103,60.6026208491332,67.3809812702137,59.7319149749296,57.3459358030367,58.1638578028066,63.7634415182845,55.59845830143,60.6919877340389,67.4817217380291,66.6318558512488,66.7845923176886,67.4570875134498,67.2608934472449,63.1569231974644,62.5672395337347,66.2276883646125,56.2049071552467,66.6449089916809,63.3140490417828
61.0685825737171,65.4413146042601,69.1169789664227,55.7091288046111,58.5281421078587,63.6491990334951,65.4550309687715,66.1769250726113,63.0632525693987,64.7384931569907,66.199537532581,50.8593719709103,60.6026208491332,67.3809812702137,59.7319149749296,57.3459358030367,58.1638578028066,63.7634415182845,55.59845830143,60.6919877340389,67.4817217380291,66.6318558512488,66.7845923176886,67.4570875134498,67.2608934472449,63.1569231974644,62.5672395337347,66.2276883646125,56.2049071552467,66.6644052142983,63.3140490417828
61.0685825737171,65.4413146042601,69.1169789664227,55.7091288046111,58.5281421078587,63.6491990334951,65.4550309687715,66.1769250726113,63.0632525693987,64.7384931569907,66.199537532581,50.8593719709103,60.6026208491332,67.3809812702137,59.7319149749296,57.3459358030367,58.1638578028066,63.7634415182845,55.59845830143,60.6919877340389,67.4817217380291,66.6318558512488,66.7845923176886,67.4570875134498,67.2608934472449,63.1569231974644,62.5960481051674,66.2276883646125,56.2049071552467,66.6644052142983,63.3140490417828
61.0685825737171,65.4413146042601,69.1169789664227,55.7091288046111,58.5281421078587,63.6491990334951,65.4550309687715,66.1769250726113,63.0632525693987,64.7384931569907,66.199537532581,50.8593719709103,60.6026208491332,67.3809812702137,59.7319149749296,57.3459358030367,58.1638578028066,63.7634415182845,55.59845830143,60.6919877340389,67.4817217380291,66.6318558512488,66.7845923176886,67.4570875134498,67.2608934472449,63.1569231974644,62.5960481051674,66.2276883646125,56.2049071552467,66.6644052142983,63.3140490417828
61.0685825737171,65.4413146042601,69.1169789664227,55.7091288046111,58.5281421078587,63.6491990334951,65.4550309687715,66.1769250726113,63.0632525693987,64.7384931569907,66.199537532581,50.8593719709103,60.6026208491332,67.3809812702137,59.7319149749296,57.3459358030367,58.1730328509511,63.7634415182845,55.59845830143,60.6919877340389,67.4817217380291,66.6318558512488,66.7845923176886,67.4570875134498,67.2608934472449,63.1569231974644,62.5960481051674,66.2276883646125,56.2049071552467,66.6644052142983,63.3140490417828
61.0685825737171,65.4413146042601,69.1169789664227,55.7091288046111,58.5281421078587,63.6491990334951,65.4550309687715,66.1769250726113,63.0632525693987,64.7384931569907,66.199537532581,50.8593719709103,60.6026208491332,67.3809812702137,59.7319149749296,57.3459358030367,58.1730328509511,63.7634415182845,55.59845830143,60.6919877340389,67.4817217380291,66.6318558512488,66.7845923176886,67.4570875134498,67.2608934472449,63.1569231974644,62.5960481051674,66.2276883646125,56.2049071552467,66.6644052142983,63.3140490417828
61.0685825737171,65.4413146042601,69.1169789664227,55.7091288046111,58.5281421078587,63.6491990334951,65.4550309687715,66.1769250726113,63.0632525693987,64.7384931569907,66.199537532581,50.8593719709103,60.6026208491332,67.3809812702137,59.7319149749296,57.3459358030367,58.1730328509511,63.7634415182845,55.59845830143,60.6919877340389,67.5571594580111,66.6318558512488,66.7845923176886,67.4570875134498,67.2608934472449,63.1569231974644,62.5960481051674,66.2276883646125,56.2049071552467,66.6644052142983,63.3140490417828
61.0685825737171,65.5772721134737,69.1169789664227,55.7091288046111,58.5281421078587,63.6491990334951,65.4550309687715,66.1953520903599,63.0632525693987,64.7384931569907,66.199537532581,50.8593719709103,60.6026208491332,67.3809812702137,59.7319149749296,57.3459358030367,58.1730328509511,63.7634415182845,55.59845830143,60.6919877340389,67.5571594580111,66.6318558512488,66.7845923176886,67.4570875134498,67.2608934472449,63.1569231974644,62.5960481051674,66.2276883646125,56.2049071552467,66.6644052142983,63.3140490417828
61.0685825737171,65.5772721134737,69.1169789664227,55.7091288046111,58.5281421078587,63.6491990334951,65.4550309687715,66.1953520903599,63.0632525693987,64.7384931569907,66.199537532581,50.8593719709103,60.6026208491332,67.3809812702137,59.7319149749296,57.3459358030367,58.1730328509511,63.7634415182845,55.59845830143,60.6919877340389,67.5571594580111,66.6318558512488,66.7845923176886,67.4570875134498,67.2608934472449,63.1569231974644,62.5960481051674,66.2276883646125,56.2049071552467,66.6644052142983,63.3140490417828
61.0685825737171,65.5772721134737,69.1169789664227,55.7091288046111,58.5281421078587,63.6491990334951,65.4550309687715,66.1953520903599,63.0632525693987,64.7384931569907,66.199537532581,50.8593719709103,60.6026208491332,67.3809812702137,60.0111510892264,57.3459358030367,58.1730328509511,63.8577280574764,55.59845830143,60.6919877340389,67.5571594580111,66.6318558512488,66.7845923176886,67.4570875134498,67.2608934472449,63.1569231974644,62.5960481051674,66.2276883646125,56.2049071552467,66.6644052142983,63.3140490417828
61.0685825737171,65.5772721134737,69.1169789664227,55.7091288046111,58.5281421078587,63.6524989459508,65.4550309687715,66.1953520903599,63.0632525693987,64.7384931569907,66.199537532581,50.8593719709103,60.6026208491332,67.3809812702137,60.0111510892264,57.3459358030367,58.1730328509511,63.8577280574764,55.59845830143,60.6919877340389,67.5571594580111,66.6318558512488,66.7845923176886,67.4570875134498,67.2608934472449,63.1569231974644,62.5960481051674,66.2276883646125,56.2049071552467,66.6644052142983,63.3140490417828
61.0685825737171,65.5772721134737,69.1169789664227,55.7091288046111,58.5281421078587,63.6524989459508,65.4550309687715,66.1953520903599,63.0632525693987,64.7384931569907,66.199537532581,50.8593719709103,60.6026208491332,67.3809812702137,60.0111510892264,57.3459358030367,58.1730328509511,63.8577280574764,55.59845830143,60.6919877340389,67.5571594580111,66.6318558512488,66.7845923176886,67.4570875134498,67.2608934472449,63.1569231974644,62.5960481051674,66.2276883646125,56.2049071552467,66.6644052142983,63.3140490417828
61.0685825737171,65.5772721134737,69.1169789664227,55.7091288046111,58.5281421078587,63.6524989459508,65.4550309687715,66.1953520903599,63.0632525693987,64.7384931569907,66.199537532581,50.8593719709103,60.6026208491332,67.3809812702137,60.0111510892264,57.3459358030367,58.1730328509511,63.8577280574764,55.59845830143,60.6919877340389,67.5571594580111,66.6318558512488,66.7845923176886,67.4570875134498,67.2608934472449,63.1569231974644,62.5960481051674,66.2276883646125,56.2049071552467,66.7509655755814,63.3140490417828
61.0685825737171,65.5772721134737,69.1517711007633,55.7091288046111,58.5281421078587,63.6524989459508,65.4550309687715,66.1953520903599,63.0632525693987,64.7384931569907,66.199537532581,50.8593719709103,60.6026208491332,67.3809812702137,60.0111510892264,57.3459358030367,58.1730328509511,63.8577280574764,55.59845830143,60.6919877340389,67.5571594580111,66.6318558512488,66.7845923176886,67.4570875134498,67.2608934472449,63.1569231974644,62.7764354093939,66.2276883646125,56.2049071552467,66.7509655755814,63.3140490417828
61.0685825737171,65.5772721134737,69.1517711007633,55.7091288046111,58.5281421078587,63.6524989459508,65.4550309687715,66.1953520903599,63.0632525693987,64.7384931569907,66.199537532581,50.8593719709103,60.6026208491332,67.3809812702137,60.0111510892264,57.3459358030367,58.1730328509511,63.8577280574764,55.59845830143,60.6919877340389,67.5571594580111,66.6318558512488,66.7845923176886,67.4570875134498,67.2608934472449,63.1569231974644,62.7764354093939,66.2276883646125,56.2049071552467,66.7509655755814,63.3140490417828
61.0685825737171,65.5772721134737,69.1517711007633,55.7091288046111,58.5281421078587,63.6524989459508,65.4550309687715,66.1953520903599,63.0632525693987,64.7384931569907,66.199537532581,50.8593719709103,60.6026208491332,67.3809812702137,60.0111510892264,57.3459358030367,58.1730328509511,63.8577280574764,55.59845830143,60.6919877340389,67.5571594580111,66.6318558512488,66.7845923176886,67.4570875134498,67.2608934472449,63.1569231974644,62.7764354093939,66.2276883646125,56.2049071552467,66.7509655755814,63.3140490417828
61.0685825737171,65.5772721134737,69.1517711007633,55.7091288046111,58.5281421078587,63.6524989459508,65.4550309687715,66.1953520903599,63.0632525693987,64.7384931569907,66.199537532581,50.8593719709103,60.6026208491332,67.3809812702137,60.0111510892264,57.3459358030367,58.1730328509511,63.8577280574764,55.59845830143,60.6919877340389,67.5571594580111,66.6318558512488,66.7845923176886,67.4570875134498,67.2608934472449,63.1569231974644,62.7764354093939,66.2276883646125,56.2049071552467,66.7509655755814,63.3140490417828
61.0685825737171,65.5772721134737,69.1517711007633,55.7091288046111,58.5281421078587,63.6524989459508,65.4550309687715,66.1953520903599,63.0632525693987,64.7384931569907,66.199537532581,50.8593719709103,60.6026208491332,67.3809812702137,60.0111510892264,57.3459358030367,58.1730328509511,63.8595026126506,55.59845830143,60.6919877340389,67.5571594580111,66.6318558512488,66.7845923176886,67.46109750519,67.2608934472449,63.1569231974644,62.7764354093939,66.2276883646125,56.2049071552467,66.7509655755814,63.3140490417828
61.0685825737171,65.5772721134737,69.1517711007633,55.7091288046111,58.5281421078587,63.6524989459508,65.4550309687715,66.1953520903599,63.0632525693987,64.7384931569907,66.199537532581,50.8593719709103,60.6026208491332,67.3809812702137,60.0111510892264,57.3459358030367,58.193714481933,63.8595026126506,55.59845830143,60.6919877340389,67.5571594580111,66.6318558512488,66.7845923176886,67.46109750519,67.2608934472449,63.1569231974644,62.7764354093939,66.2276883646125,56.2049071552467,66.7509655755814,63.3140490417828
61.0685825737171,65.5772721134737,69.1517711007633,55.7091288046111,58.5281421078587,63.6524989459508,65.4550309687715,66.1953520903599,63.0632525693987,64.7384931569907,66.199537532581,50.8593719709103,60.6026208491332,67.3809812702137,60.0111510892264,57.3459358030367,58.193714481933,64.2918898523747,55.59845830143,60.6919877340389,67.5571594580111,66.6318558512488,66.7845923176886,67.46109750519,67.2608934472449,63.1569231974644,62.7764354093939,66.2276883646125,56.2049071552467,66.7509655755814,63.3140490417828
61.0685825737171,65.5772721134737,69.1517711007633,55.7091288046111,58.5281421078587,63.6524989459508,65.4550309687715,66.1953520903599,63.0632525693987,64.7384931569907,66.3739913052411,50.8593719709103,60.6026208491332,67.3814308419888,60.0111510892264,57.3459358030367,58.193714481933,64.2918898523747,55.59845830143,60.6919877340389,67.5571594580111,66.6318558512488,66.7845923176886,67.46109750519,67.2608934472449,63.1569231974644,62.7764354093939,66.2276883646125,56.2049071552467,66.7509655755814,63.3277430593059
61.0685825737171,65.5772721134737,69.1517711007633,55.7091288046111,58.5281421078587,63.6524989459508,65.4550309687715,66.1953520903599,63.0632525693987,64.7384931569907,66.3739913052411,50.8593719709103,60.7514108513597,67.3814308419888,60.0111510892264,57.3459358030367,58.193714481933,64.2918898523747,55.59845830143,60.6919877340389,67.5571594580111,66.6318558512488,66.7845923176886,67.46109750519,67.2608934472449,63.1569231974644,62.7764354093939,66.2276883646125,56.2049071552467,66.7509655755814,63.3277430593059
61.0685825737171,65.5772721134737,69.1517711007633,55.7091288046111,58.5281421078587,63.6524989459508,65.4550309687715,66.1953520903599,63.0632525693987,64.7384931569907,66.3739913052411,50.8706880968146,60.7514108513597,67.3814308419888,60.0111510892264,57.3459358030367,58.193714481933,64.2918898523747,55.59845830143,60.6919877340389,67.5571594580111,66.6318558512488,66.7845923176886,67.46109750519,67.2608934472449,63.1569231974644,62.7764354093939,66.2276883646125,56.2049071552467,66.7884305498095,63.3277430593059
61.0685825737171,65.5772721134737,69.1659234248201,55.7091288046111,58.5281421078587,63.6524989459508,65.4550309687715,66.1953520903599,63.0632525693987,64.7384931569907,66.3739913052411,50.8706880968146,60.7514108513597,67.3814308419888,60.0111510892264,57.3459358030367,58.193714481933,64.2918898523747,55.59845830143,60.6919877340389,67.5571594580111,66.6318558512488,66.7845923176886,67.46109750519,67.2608934472449,63.1569231974644,62.7764354093939,66.2276883646125,56.2049071552467,66.7884305498095,63.3277430593059
61.0685825737171,65.5772721134737,69.1659234248201,56.4319304267315,58.5281421078587,63.6524989459508,65.4550309687715,66.1953520903599,63.0632525693987,64.7384931569907,66.3739913052411,50.8706880968146,60.7514108513597,67.3814308419888,60.0111510892264,57.3459358030367,58.193714481933,64.2918898523747,55.59845830143,60.6919877340389,67.5571594580111,66.6318558512488,66.7845923176886,67.46109750519,67.2671930774015,63.1569231974644,62.7764354093939,66.2276883646125,56.2049071552467,66.7884305498095,63.3277430593059
61.0685825737171,65.5772721134737,69.1659234248201,56.4319304267315,58.5281421078587,63.6524989459508,65.4550309687715,66.1953520903599,63.0632525693987,64.740903461304,66.3739913052411,50.8706880968146,60.7514108513597,67.3814308419888,60.0111510892264,57.3459358030367,58.193714481933,64.2918898523747,55.59845830143,60.6919877340389,67.5571594580111,66.6318558512488,66.7845923176886,67.46109750519,67.2671930774015,63.1569231974644,62.7764354093939,66.2276883646125,56.2049071552467,66.7884305498095,63.3277430593059
61.0685825737171,65.5772721134737,69.1659234248201,56.4319304267315,58.5281421078587,63.6524989459508,65.4550309687715,66.1953520903599,63.0632525693987,64.740903461304,66.3739913052411,50.8706880968146,60.7514108513597,67.3814308419888,60.0111510892264,57.3459358030367,58.193714481933,64.2918898523747,55.59845830143,60.6919877340389,67.5571594580111,66.6318558512488,66.7845923176886,67.46109750519,67.2671930774015,63.1569231974644,62.7764354093939,66.2276883646125,56.2049071552467,66.7884305498095,63.3277430593059
61.0685825737171,65.5772721134737,69.1659234248201,56.4319304267315,58.5281421078587,63.6524989459508,65.4550309687715,66.1953520903599,63.0632525693987,64.740903461304,66.3739913052411,50.8706880968146,60.7514108513597,67.3814308419888,60.0111510892264,57.3459358030367,58.193714481933,64.2918898523747,55.59845830143,60.6919877340389,67.566144828113,66.6318558512488,66.7845923176886,67.46109750519,67.2671930774015,63.1569231974644,62.7764354093939,66.2276883646125,56.2049071552467,66.7884305498095,63.3277430593059
61.0685825737171,65.5772721134737,69.1659234248201,56.4319304267315,58.5281421078587,63.6524989459508,65.4550309687715,66.1953520903599,63.0632525693987,64.740903461304,66.3739913052411,50.8706880968146,60.7514108513597,67.3814308419888,60.0111510892264,57.3459358030367,58.193714481933,64.2918898523747,55.59845830143,60.6919877340389,67.566144828113,66.6318558512488,66.7845923176886,67.46109750519,67.2671930774015,63.1569231974644,62.7764354093939,66.2276883646125,56.2049071552467,66.7884305498095,63.3277430593059
61.0685825737171,65.5772721134737,69.1659234248201,56.4319304267315,58.5281421078587,63.6524989459508,65.4550309687715,66.1953520903599,63.0632525693987,64.740903461304,66.3739913052411,50.8706880968146,60.7514108513597,67.3814308419888,60.0111510892264,57.3459358030367,58.193714481933,64.2918898523747,55.59845830143,60.6919877340389,67.566144828113,66.6318558512488,66.7845923176886,67.46109750519,67.2671930774015,63.1569231974644,62.7764354093939,66.2276883646125,56.2049071552467,66.7884305498095,63.3277430593059
61.0685825737171,65.5772721134737,69.1659234248201,56.4319304267315,58.5281421078587,63.6524989459508,65.4550309687715,66.1953520903599,63.0632525693987,64.740903461304,66.3739913052411,50.8706880968146,60.7514108513597,67.3814308419888,60.0111510892264,57.3459358030367,58.193714481933,64.2918898523747,55.59845830143,60.6919877340389,67.566144828113,66.6318558512488,66.7845923176886,67.46109750519,67.2671930774015,63.1569231974644,62.7764354093939,66.2276883646125,56.2049071552467,66.7884305498095,63.3297162336331
61.0685825737171,65.5772721134737,69.1659234248201,56.4319304267315,58.5281421078587,63.7815452347314,65.4550309687715,66.1953520903599,63.0632525693987,64.740903461304,66.3739913052411,50.8706880968146,60.7514108513597,67.3814308419888,60.0111510892264,57.3459358030367,58.193714481933,64.2918898523747,55.59845830143,60.6919877340389,67.566144828113,66.6318558512488,66.7845923176886,67.46109750519,67.2671930774015,63.1569231974644,62.7764354093939,66.2276883646125,56.2049071552467,66.7884305498095,63.3297162336331
61.0685825737171,65.5772721134737,69.1659234248201,56.4319304267315,58.5281421078587,63.7815452347314,65.4550309687715,66.1953520903599,63.0632525693987,64.740903461304,66.3739913052411,50.8706880968146,60.7514108513597,67.3814308419888,60.0111510892264,57.3459358030367,58.193714481933,64.2918898523747,55.59845830143,60.6919877340389,67.566144828113,66.6318558512488,66.7845923176886,67.46109750519,67.2671930774015,63.1569231974644,62.7764354093939,66.2276883646125,56.2049071552467,66.7970097698626,63.3297162336331
61.0685825737171,65.5772721134737,69.1659234248201,56.4319304267315,58.5281421078587,63.7815452347314,65.4550309687715,66.1953520903599,63.0632525693987,64.740903461304,66.3739913052411,50.9078903169587,60.7514108513597,67.3814308419888,60.0111510892264,57.3459358030367,58.193714481933,64.2918898523747,55.59845830143,60.6919877340389,67.566144828113,66.6351909302834,66.7845923176886,67.46109750519,67.2671930774015,63.1569231974644,62.7764354093939,66.3016899000109,56.2049071552467,66.7970097698626,63.3297162336331
61.0685825737171,65.5772721134737,69.1933926366452,56.4319304267315,58.5281421078587,63.7815452347314,65.4550309687715,66.1953520903599,63.0632525693987,64.740903461304,66.3739913052411,50.9078903169587,60.7514108513597,67.3814308419888,60.0111510892264,57.3459358030367,58.193714481933,64.2918898523747,55.59845830143,60.6919877340389,67.566144828113,66.6351909302834,66.7845923176886,67.46109750519,67.2671930774015,63.1569231974644,62.7764354093939,66.3016899000109,56.2049071552467,66.7970097698626,63.3297162336331
61.0685825737171,65.5772721134737,69.1933926366452,56.4319304267315,58.5281421078587,63.7815452347314,65.4550309687715,66.1953520903599,63.0632525693987,64.740903461304,66.3739913052411,50.9078903169587,60.7514108513597,67.3814308419888,60.0111510892264,57.3459358030367,58.193714481933,64.2918898523747,55.59845830143,60.6919877340389,67.566144828113,66.6351909302834,66.7845923176886,67.46109750519,67.2671930774015,63.1569231974644,62.7764354093939,66.3016899000109,56.2049071552467,66.7970097698626,63.3297162336331
61.0685825737171,65.5772721134737,69.1933926366452,56.4319304267315,58.5281421078587,63.7815452347314,65.4550309687715,66.1953520903599,63.0632525693987,64.7888676692242,66.3739913052411,50.9078903169587,60.7514108513597,67.3814308419888,60.0111510892264,57.3459358030367,58.193714481933,64.2918898523747,55.59845830143,60.6919877340389,67.566144828113,66.6351909302834,66.7845923176886,67.46109750519,67.2671930774015,63.1569231974644,62.7764354093939,66.3016899000109,56.2049071552467,66.7970097698626,63.3297162336331
61.3566489708002,65.5772721134737,69.1933926366452,56.4319304267315,58.5281421078587,63.7815452347314,65.4550309687715,66.1953520903599,63.0632525693987,64.7888676692242,66.3739913052411,50.9078903169587,60.7514108513597,67.3814308419888,60.0111510892264,57.3459358030367,58.193714481933,64.2918898523747,55.59845830143,60.6919877340389,67.566144828113,66.6351909302834,66.7845923176886,67.46109750519,67.2671930774015,63.1569231974644,62.7764354093939,66.3016899000109,56.2049071552467,66.7970097698626,63.3297162336331
61.3566489708002,65.5772721134737,69.1933926366452,56.4319304267315,58.5281421078587,63.7815452347314,65.4550309687715,66.1953520903599,64.7515920571727,64.7888676692242,66.3739913052411,50.9078903169587,60.7514108513597,67.3814308419888,60.0111510892264,57.3459358030367,58.193714481933,64.2918898523747,55.59845830143,60.6919877340389,67.566144828113,66.6351909302834,66.7845923176886,67.46109750519,67.2671930774015,63.1569231974644,62.7764354093939,66.3016899000109,56.422162272119,66.7970097698626,63.3297162336331
61.3566489708002,65.5772721134737,69.1933926366452,56.4319304267315,58.5281421078587,63.7815452347314,65.4550309687715,66.1953520903599,64.7515920571727,64.7888676692242,66.3739913052411,50.9078903169587,60.7514108513597,67.3814308419888,60.0111510892264,57.3459358030367,58.193714481933,64.2918898523747,55.59845830143,60.6919877340389,67.566144828113,66.6351909302834,66.7845923176886,67.4660404363487,67.2671930774015,63.1569231974644,62.7764354093939,66.3016899000109,56.422162272119,66.7970097698626,63.3297162336331
61.3566489708002,65.5772721134737,69.1933926366452,56.4319304267315,58.5281421078587,63.7815452347314,65.4550309687715,66.3151319355761,64.7515920571727,64.7888676692242,66.446765395998,50.9078903169587,60.7514108513597,67.3814308419888,60.0111510892264,57.3459358030367,58.193714481933,64.2918898523747,55.59845830143,60.6919877340389,67.566144828113,66.6351909302834,66.7845923176886,67.4660404363487,67.2671930774015,63.1569231974644,62.7764354093939,66.3016899000109,56.422162272119,66.7970097698626,63.3336331543174
61.3566489708002,65.5772721134737,69.1933926366452,56.4319304267315,58.5281421078587,63.8942023071283,65.4550309687715,66.3151319355761,64.7515920571727,64.7888676692242,66.446765395998,50.9078903169587,60.7514108513597,67.3814308419888,60.0111510892264,57.3459358030367,58.193714481933,64.2918898523747,55.59845830143,60.6919877340389,67.566144828113,66.6351909302834,66.7845923176886,67.4660404363487,67.2671930774015,63.1569231974644,62.7764354093939,66.3016899000109,56.422162272119,66.7970097698626,63.3336331543174
61.3566489708002,65.5772721134737,69.1933926366452,56.4319304267315,58.5281421078587,63.8942023071283,65.4550309687715,66.3151319355761,64.7515920571727,64.7888676692242,66.446765395998,50.9078903169587,60.7514108513597,67.3814308419888,60.0111510892264,57.3459358030367,58.193714481933,64.2918898523747,55.59845830143,60.6919877340389,67.566144828113,66.6351909302834,66.7845923176886,67.4660404363487,67.2671930774015,63.1569231974644,62.7764354093939,66.3016899000109,56.422162272119,66.7970097698626,63.3336331543174
61.3566489708002,65.5772721134737,69.1933926366452,56.4319304267315,58.5281421078587,63.8942023071283,65.4550309687715,66.3151319355761,64.7515920571727,64.7888676692242,66.446765395998,50.9369160316038,60.7514108513597,67.3814308419888,60.0111510892264,57.3459358030367,58.193714481933,64.2918898523747,55.59845830143,60.6919877340389,67.566144828113,66.6351909302834,66.7845923176886,67.4660404363487,67.2671930774015,63.1569231974644,62.7764354093939,66.3016899000109,56.422162272119,66.7970097698626,63.3336331543174
61.3566489708002,65.5772721134737,69.2049316204299,56.4319304267315,58.5281421078587,63.8942023071283,65.4550309687715,66.3151319355761,64.7515920571727,64.7888676692242,66.446765395998,50.9369160316038,60.7514108513597,67.3814308419888,60.0111510892264,57.3459358030367,58.193714481933,64.2918898523747,55.59845830143,60.6919877340389,67.566144828113,66.6407509486084,66.7845923176886,67.4660404363487,67.2671930774015,63.1569231974644,62.7764354093939,66.3016899000109,56.422162272119,66.7970097698626,63.3336331543174
61.3566489708002,65.5772721134737,69.2049316204299,56.4319304267315,58.5281421078587,63.8942023071283,65.4550309687715,66.3151319355761,64.7515920571727,64.7888676692242,66.446765395998,50.9369160316038,60.7514108513597,67.3814308419888,60.0111510892264,57.3459358030367,58.193714481933,64.2918898523747,55.59845830143,60.6919877340389,67.566144828113,66.6407509486084,66.7845923176886,67.4660404363487,67.2671930774015,63.1569231974644,62.7764354093939,66.3016899000109,56.422162272119,66.7970097698626,63.3336331543174
61.3566489708002,65.5772721134737,69.2049316204299,56.4319304267315,58.5281421078587,63.8942023071283,65.4550309687715,66.3151319355761,64.7515920571727,64.7888676692242,66.446765395998,50.9369160316038,60.7514108513597,67.3814308419888,60.0111510892264,57.3459358030367,58.193714481933,64.2918898523747,55.59845830143,60.6919877340389,67.566144828113,66.6407509486084,66.7845923176886,67.4660404363487,67.2671930774015,63.1569231974644,62.7764354093939,66.3016899000109,56.422162272119,66.7970097698626,63.3336331543174
61.3566489708002,65.5772721134737,69.2049316204299,56.4319304267315,58.5281421078587,63.8942023071283,65.4550309687715,66.3151319355761,64.7515920571727,64.7888676692242,66.446765395998,50.9369160316038,60.7514108513597,67.3814308419888,60.0111510892264,57.3459358030367,58.193714481933,64.2918898523747,55.59845830143,60.6919877340389,67.566144828113,66.6407509486084,66.7845923176886,67.4660404363487,67.2671930774015,63.1569231974644,62.7764354093939,66.3016899000109,56.422162272119,66.7970097698626,63.3336331543174
61.3566489708002,65.5772721134737,69.2049316204299,56.4319304267315,58.5281421078587,63.8942023071283,65.4550309687715,66.3151319355761,64.7515920571727,64.7888676692242,66.446765395998,50.9369160316038,60.7514108513597,67.3814308419888,60.0111510892264,57.3459358030367,58.193714481933,64.2918898523747,55.59845830143,60.6919877340389,67.566144828113,66.6407509486084,66.7845923176886,67.4660404363487,67.2671930774015,63.1569231974644,62.7764354093939,66.3016899000109,56.422162272119,66.7970097698626,63.3336331543174
61.3566489708002,65.5772721134737,69.2049316204299,56.4319304267315,58.5281421078587,63.8942023071283,65.4550309687715,66.3151319355761,64.7515920571727,64.7888676692242,66.446765395998,50.9369160316038,60.7514108513597,67.3814308419888,60.0111510892264,57.3459358030367,58.193714481933,64.2918898523747,55.59845830143,60.6919877340389,67.566144828113,66.6407509486084,66.7845923176886,67.4660404363487,67.2671930774015,63.1569231974644,62.7764354093939,66.3016899000109,56.422162272119,66.7970097698626,63.3336331543174
61.3566489708002,65.5772721134737,69.2049316204299,56.4319304267315,58.5281421078587,63.8942023071283,65.4550309687715,66.3151319355761,64.7515920571727,64.7888676692242,66.446765395998,50.9369160316038,60.7514108513597,67.3814308419888,60.0111510892264,57.3459358030367,58.193714481933,64.2918898523747,55.59845830143,60.6919877340389,67.566144828113,66.6407509486084,66.7845923176886,67.4699469309052,67.2671930774015,63.1569231974644,62.7764354093939,66.3016899000109,56.422162272119,66.7970097698626,63.3336331543174
61.3566489708002,65.5772721134737,69.2049316204299,56.4319304267315,58.5281421078587,63.8942023071283,65.4550309687715,66.3151319355761,64.7515920571727,64.7888676692242,66.446765395998,50.9369160316038,60.7514108513597,67.3814308419888,60.0111510892264,57.3459358030367,58.193714481933,64.2918898523747,55.59845830143,60.6919877340389,67.566144828113,66.6407509486084,66.7845923176886,67.4699469309052,67.2671930774015,63.1569231974644,62.7764354093939,66.3016899000109,56.422162272119,66.7970097698626,63.3336331543174
61.3566489708002,65.5772721134737,69.2049316204299,56.4319304267315,58.5281421078587,63.8942023071283,65.4550309687715,66.3151319355761,64.7515920571727,64.7888676692242,66.446765395998,50.9369160316038,60.7514108513597,67.3814308419888,60.0111510892264,57.3459358030367,58.193714481933,64.2918898523747,55.59845830143,60.6919877340389,67.566144828113,66.6407509486084,66.7845923176886,67.4699469309052,67.2671930774015,63.1569231974644,62.7764354093939,66.3016899000109,56.422162272119,66.7970097698626,63.3336331543174
61.3566489708002,65.5884263844242,69.2049316204299,56.4319304267315,58.5281421078587,63.8942023071283,65.4550309687715,66.3151319355761,64.7515920571727,64.7888676692242,66.446765395998,50.9369160316038,60.7514108513597,67.3814308419888,60.0111510892264,57.3459358030367,58.193714481933,64.2918898523747,55.59845830143,60.7657758914514,67.566144828113,66.6407509486084,66.7845923176886,67.4699469309052,67.2671930774015,63.1569231974644,62.7764354093939,66.3016899000109,56.422162272119,66.7970097698626,63.3336331543174
61.3566489708002,65.5884263844242,69.2049316204299,56.4319304267315,58.5281421078587,63.8942023071283,65.4550309687715,66.3151319355761,64.7515920571727,64.7888676692242,66.446765395998,50.9536081094038,60.7514108513597,67.3814308419888,60.0111510892264,57.3459358030367,58.193714481933,64.2918898523747,55.59845830143,60.7657758914514,67.566144828113,66.6407509486084,66.7845923176886,67.4699469309052,67.2671930774015,63.1569231974644,62.7764354093939,66.4782024157414,56.422162272119,66.7970097698626,63.3336331543174
61.3566489708002,65.5884263844242,69.2079170081912,56.4319304267315,58.5281421078587,63.8942023071283,65.4550309687715,66.3151319355761,64.7515920571727,64.7888676692242,66.446765395998,50.9536081094038,60.7514108513597,67.3814308419888,60.0111510892264,57.3459358030367,58.193714481933,64.2918898523747,55.59845830143,60.7657758914514,67.566144828113,66.6407509486084,66.7845923176886,67.4699469309052,67.2692415492365,63.1569231974644,62.7764354093939,66.4782024157414,56.422162272119,66.7970097698626,63.3336331543174
61.3566489708002,65.5884263844242,69.2079170081912,56.4319304267315,58.5281421078587,63.8942023071283,65.4550309687715,66.3151319355761,64.7515920571727,64.7888676692242,66.446765395998,50.9536081094038,60.7514108513597,67.3814308419888,60.0111510892264,57.3459358030367,58.193714481933,64.2918898523747,55.59845830143,60.7657758914514,67.566144828113,66.6407509486084,66.7845923176886,67.4699469309052,67.2692415492365,63.1569231974644,62.7764354093939,66.4782024157414,56.422162272119,66.7970097698626,63.3336331543174
61.3566489708002,65.5884263844242,69.2079170081912,56.4319304267315,58.5281421078587,63.8942023071283,65.4550309687715,66.3151319355761,64.7515920571727,64.7888676692242,66.446765395998,50.9536081094038,60.7514108513597,67.3814308419888,60.0111510892264,57.3459358030367,58.193714481933,64.2918898523747,55.59845830143,60.7657758914514,67.566144828113,66.6407509486084,66.7845923176886,67.4699469309052,67.2692415492365,63.1569231974644,62.7764354093939,66.4782024157414,56.422162272119,66.7970097698626,63.3336331543174
61.3566489708002,65.5884263844242,69.2079170081912,56.4319304267315,58.5281421078587,63.8942023071283,65.4550309687715,66.3151319355761,64.7515920571727,64.7888676692242,66.446765395998,50.9536081094038,60.7514108513597,67.3814308419888,60.0111510892264,57.3459358030367,58.193714481933,64.2918898523747,55.59845830143,60.7657758914514,67.566144828113,66.6407509486084,66.7845923176886,67.4699469309052,67.2692415492365,63.1569231974644,62.7764354093939,66.4782024157414,56.422162272119,66.7970097698626,63.3336331543174
61.3566489708002,65.5884263844242,69.2079170081912,56.4319304267315,58.5281421078587,63.8942023071283,65.4550309687715,66.3151319355761,64.7515920571727,64.7888676692242,66.446765395998,50.9536081094038,60.7514108513597,67.3814308419888,60.0111510892264,57.3459358030367,58.193714481933,64.331899157549,55.59845830143,60.7657758914514,67.5917227563034,66.6407509486084,66.7845923176886,67.4699469309052,67.2692415492365,63.1569231974644,62.7764354093939,66.4782024157414,56.422162272119,66.7970097698626,63.3336331543174
61.3566489708002,65.5884263844242,69.2079170081912,56.4319304267315,58.5281421078587,63.8942023071283,65.4550309687715,66.3151319355761,64.7515920571727,64.8877659206979,66.5217646964308,50.9536081094038,60.7514108513597,67.3814308419888,60.0111510892264,57.3459358030367,58.193714481933,64.331899157549,55.59845830143,60.7657758914514,67.5917227563034,66.6407509486084,66.7845923176886,67.4699469309052,67.2692415492365,63.1569231974644,62.7764354093939,66.4782024157414,56.422162272119,66.7970097698626,63.3336331543174
61.3566489708002,65.5884263844242,69.2079170081912,56.4319304267315,58.5281421078587,63.8942023071283,65.4550309687715,66.3151319355761,64.7515920571727,64.8877659206979,66.5217646964308,50.9536081094038,60.7514108513597,67.3814308419888,60.0283661071642,57.3459358030367,58.193714481933,64.331899157549,55.59845830143,60.7657758914514,67.5917227563034,66.6407509486084,66.7845923176886,67.4723817556538,67.2692415492365,63.1569231974644,62.7764354093939,66.4782024157414,56.422162272119,66.7970097698626,63.3336331543174
61.3566489708002,65.5884263844242,69.2079170081912,56.4319304267315,58.5281421078587,63.8942023071283,65.4550309687715,66.3151319355761,64.7515920571727,64.8877659206979,66.5217646964308,50.9536081094038,60.7514108513597,67.3814308419888,60.0283661071642,57.3459358030367,58.193714481933,64.331899157549,55.59845830143,60.7657758914514,67.5917227563034,66.6407509486084,66.7845923176886,67.4723817556538,67.2692415492365,63.1569231974644,62.7764354093939,66.4782024157414,56.422162272119,66.8234127406865,63.3336331543174
61.3566489708002,65.5884263844242,69.2079170081912,56.4319304267315,58.5281421078587,63.8942023071283,65.4550309687715,66.3151319355761,64.7515920571727,64.8877659206979,66.5217646964308,50.9536081094038,60.7514108513597,67.3814308419888,60.0283661071642,57.3459358030367,58.193714481933,64.331899157549,55.59845830143,60.7657758914514,67.5917227563034,66.6407509486084,66.7845923176886,67.4723817556538,67.2692415492365,63.1569231974644,62.7764354093939,66.4782024157414,56.422162272119,66.8234127406865,63.3336331543174
61.3566489708002,65.5884263844242,69.2079170081912,56.4319304267315,58.5281421078587,63.8942023071283,65.4550309687715,66.3151319355761,64.7515920571727,64.8877659206979,66.5217646964308,50.9536081094038,60.7514108513597,67.3814308419888,60.0283661071642,57.3459358030367,58.193714481933,64.331899157549,55.59845830143,60.7657758914514,67.5917227563034,66.6407509486084,66.7845923176886,67.4723817556538,67.2692415492365,63.1569231974644,62.7764354093939,66.4782024157414,56.422162272119,66.8234127406865,63.3336331543174
61.3566489708002,65.5884263844242,69.2079170081912,56.4319304267315,58.5281421078587,63.8942023071283,65.4550309687715,66.3151319355761,64.7515920571727,64.8877659206979,66.5217646964308,50.9771403187254,60.7514108513597,67.3814308419888,60.0283661071642,57.3459358030367,58.193714481933,64.331899157549,55.59845830143,60.7657758914514,67.5917227563034,66.6407509486084,66.7845923176886,67.4723817556538,67.2692415492365,63.1569231974644,62.7764354093939,66.6761789068522,56.422162272119,66.8234127406865,63.3336331543174
61.3566489708002,65.5884263844242,69.2079170081912,56.4319304267315,58.5281421078587,63.8942023071283,65.4550309687715,66.3151319355761,64.7515920571727,64.8877659206979,66.5217646964308,50.9771403187254,60.7514108513597,67.3814308419888,60.0283661071642,57.3459358030367,58.193714481933,64.331899157549,56.0356298083036,60.7657758914514,67.5917227563034,66.6407509486084,66.7845923176886,67.4723817556538,67.2692415492365,63.1569231974644,62.7764354093939,66.6761789068522,56.422162272119,66.8234127406865,63.3336331543174
61.3566489708002,65.5884263844242,69.2079170081912,56.4319304267315,58.5281421078587,63.8942023071283,65.4550309687715,66.3151319355761,64.7515920571727,64.8877659206979,66.5217646964308,50.9771403187254,60.7514108513597,67.3814308419888,60.0283661071642,57.3459358030367,58.2121145963289,64.331899157549,56.0356298083036,60.7657758914514,67.5917227563034,66.6407509486084,66.7845923176886,67.4723817556538,67.2692415492365,63.1569231974644,62.7764354093939,66.6761789068522,56.422162272119,66.8234127406865,63.3336331543174
61.3566489708002,65.5884263844242,69.2079170081912,56.4319304267315,58.5281421078587,63.8942023071283,65.4551607946492,66.3151319355761,64.7515920571727,64.8877659206979,66.5217646964308,50.9771403187254,60.7514108513597,67.3814308419888,60.0283661071642,57.3459358030367,58.2121145963289,64.331899157549,56.0356298083036,60.7657758914514,67.5917227563034,66.6407509486084,66.7845923176886,67.4723817556538,67.2692415492365,63.1569231974644,62.7764354093939,66.6761789068522,56.422162272119,66.8234127406865,63.3336331543174
61.3566489708002,65.5884263844242,69.2079170081912,56.4319304267315,58.5281421078587,63.8942023071283,65.4551607946492,66.3151319355761,64.7515920571727,64.8877659206979,66.5217646964308,50.9771403187254,60.7514108513597,67.3814308419888,60.0283661071642,57.3459358030367,58.2121145963289,64.331899157549,56.0356298083036,60.7657758914514,67.5917227563034,66.6407509486084,66.7845923176886,67.4723817556538,67.2692415492365,63.1569231974644,62.7764354093939,66.6761789068522,56.422162272119,66.8234127406865,63.3336331543174
61.3877911594846,65.5884263844242,69.2079170081912,56.4319304267315,58.5281421078587,63.8942023071283,65.4551607946492,66.3151319355761,64.7515920571727,64.8877659206979,66.5217646964308,50.9771403187254,60.7514108513597,67.3814308419888,60.0283661071642,57.3459358030367,58.2121145963289,64.331899157549,56.0356298083036,60.7657758914514,67.6076599709305,66.6407509486084,66.7845923176886,67.4723817556538,67.2692415492365,63.1569231974644,62.7764354093939,66.6761789068522,56.422162272119,66.8234127406865,63.3605259626152
61.3877911594846,65.5884263844242,69.2079170081912,56.4319304267315,58.5281421078587,63.8942023071283,65.4551607946492,66.3151319355761,64.7515920571727,64.8877659206979,66.5217646964308,50.9771403187254,60.7514108513597,67.3814308419888,60.0283661071642,57.3459358030367,58.2121145963289,64.331899157549,56.0356298083036,60.7657758914514,67.6076599709305,66.6407509486084,66.7845923176886,67.473927990431,67.2692415492365,63.1569231974644,62.7764354093939,66.6761789068522,56.422162272119,66.8234127406865,63.3605259626152
61.3877911594846,65.5884263844242,69.2079170081912,56.4319304267315,58.5281421078587,63.9562730101129,65.4551607946492,66.3151319355761,64.7515920571727,64.8877659206979,66.5217646964308,50.9771403187254,60.7514108513597,67.3814308419888,60.0283661071642,57.3459358030367,58.2121145963289,64.331899157549,56.0356298083036,60.7657758914514,67.6076599709305,66.6407509486084,66.7845923176886,67.473927990431,67.2692415492365,63.1569231974644,62.7764354093939,66.6761789068522,56.422162272119,66.8234127406865,63.3605259626152
61.3877911594846,65.5884263844242,69.2079170081912,56.4319304267315,58.5281421078587,63.9562730101129,65.4551607946492,66.3151319355761,64.7515920571727,64.8877659206979,66.5217646964308,50.9771403187254,60.7514108513597,67.3814308419888,60.0283661071642,57.3459358030367,58.2121145963289,64.331899157549,56.0356298083036,60.7657758914514,67.6076599709305,66.6407509486084,66.7845923176886,67.473927990431,67.2692415492365,63.1569231974644,62.7764354093939,66.6761789068522,56.422162272119,66.8234127406865,63.3605259626152
61.3877911594846,65.5884263844242,69.2079170081912,56.4319304267315,58.5281421078587,63.9562730101129,65.4551607946492,66.5425470364534,64.7515920571727,64.8877659206979,66.5217646964308,50.9771403187254,60.7514108513597,67.3814308419888,60.0283661071642,57.3459358030367,58.2121145963289,64.331899157549,56.0356298083036,60.7657758914514,67.6076599709305,66.6407509486084,66.7845923176886,67.473927990431,67.2692415492365,63.1569231974644,62.7764354093939,66.6761789068522,56.422162272119,66.8234127406865,63.3605259626152
61.3877911594846,65.5884263844242,69.2079170081912,56.4319304267315,58.5281421078587,63.9562730101129,65.4551607946492,66.5425470364534,64.7515920571727,64.8877659206979,66.5217646964308,50.9830560336339,60.7514108513597,67.3814308419888,60.0283661071642,57.3459358030367,58.2121145963289,64.331899157549,56.0356298083036,60.7711694626049,67.6076599709305,66.6407509486084,66.7845923176886,67.473927990431,67.2692415492365,63.1569231974644,62.7764354093939,66.6909116677266,56.422162272119,66.8234127406865,63.3605259626152
61.3877911594846,65.5884263844242,69.2079170081912,56.4319304267315,58.5281421078587,63.9562730101129,65.4551607946492,66.5425470364534,64.7515920571727,64.8877659206979,66.5217646964308,50.9830560336339,60.7514108513597,67.3814308419888,60.0283661071642,57.3459358030367,58.2121145963289,64.331899157549,56.0356298083036,60.7711694626049,67.6076599709305,66.6407509486084,66.7845923176886,67.473927990431,67.2692415492365,63.1569231974644,62.7764354093939,66.6909116677266,56.422162272119,66.8234127406865,63.3605259626152
61.3877911594846,65.5884263844242,69.2079170081912,56.4319304267315,58.5354895389502,63.9562730101129,65.4551607946492,66.5425470364534,64.7515920571727,64.8877659206979,66.5217646964308,50.9830560336339,60.7514108513597,67.3846712327735,60.0283661071642,57.4390184687115,58.2121145963289,64.331899157549,56.0356298083036,60.7711694626049,67.6076599709305,66.6407509486084,66.7845923176886,67.473927990431,67.2692415492365,63.1569231974644,62.7764354093939,66.6909116677266,56.422162272119,66.8234127406865,63.3605259626152
61.3877911594846,65.5884263844242,69.2079170081912,56.4319304267315,58.5354895389502,63.9562730101129,65.4573873839527,66.5425470364534,64.7515920571727,64.8877659206979,66.5217646964308,50.9830560336339,60.7514108513597,67.3846712327735,60.0283661071642,57.4390184687115,58.2269877752856,64.331899157549,56.0356298083036,60.7711694626049,67.6076599709305,66.6407509486084,66.7845923176886,67.473927990431,67.2692415492365,63.1569231974644,62.7764354093939,66.6909116677266,56.422162272119,66.8234127406865,63.3605259626152
61.3877911594846,65.5884263844242,69.2079170081912,56.9402844559025,58.5354895389502,63.9562730101129,65.4573873839527,66.5425470364534,64.7515920571727,64.8877659206979,66.5217646964308,50.9830560336339,60.7514108513597,67.3846712327735,60.0283661071642,57.4390184687115,58.2269877752856,64.331899157549,56.0356298083036,60.7711694626049,67.6076599709305,66.6407509486084,66.7845923176886,67.473927990431,67.2692415492365,63.1569231974644,62.7764354093939,66.6909116677266,56.422162272119,66.8234127406865,63.3605259626152
61.3877911594846,65.5884263844242,69.2079170081912,56.9402844559025,58.5354895389502,63.9562730101129,65.4573873839527,66.5425470364534,64.7515920571727,64.8877659206979,66.5217646964308,50.9830560336339,60.7514108513597,67.3846712327735,60.0283661071642,57.4390184687115,58.2269877752856,64.331899157549,56.0356298083036,60.7711694626049,67.6328941225833,66.6407509486084,66.7845923176886,67.473927990431,67.2692415492365,63.1569231974644,62.7764354093939,66.6909116677266,56.422162272119,66.8234127406865,63.4256375982301
61.3877911594846,65.5884263844242,69.2079170081912,56.9402844559025,58.5354895389502,63.9562730101129,65.4573873839527,66.5425470364534,64.7515920571727,64.8877659206979,66.6700822291719,50.9830560336339,60.7514108513597,67.3846712327735,60.0283661071642,57.4390184687115,58.2269877752856,64.331899157549,56.0356298083036,60.7711694626049,67.6328941225833,66.6407509486084,66.7845923176886,67.473927990431,67.2692415492365,63.1569231974644,62.7764354093939,66.6909116677266,56.422162272119,66.8234127406865,63.4256375982301
61.3877911594846,65.5884263844242,69.2079170081912,56.9402844559025,58.5354895389502,63.9562730101129,65.4573873839527,66.5425470364534,64.7515920571727,64.8877659206979,66.6700822291719,50.9830560336339,60.7514108513597,67.3846712327735,60.0283661071642,57.4390184687115,58.2269877752856,64.331899157549,56.0356298083036,60.7711694626049,67.6328941225833,66.6407509486084,66.7845923176886,67.473927990431,67.2692415492365,63.1569231974644,62.7764354093939,66.6909116677266,56.6762217607281,66.8840259069478,63.4256375982301
61.3877911594846,65.5884263844242,69.2079170081912,56.9402844559025,58.5354895389502,63.9701817045695,65.4573873839527,66.5425470364534,64.7515920571727,64.8877659206979,66.6700822291719,50.9830560336339,60.7514108513597,67.3846712327735,60.0283661071642,57.4390184687115,58.2269877752856,64.331899157549,56.0356298083036,60.7711694626049,67.6328941225833,66.6407509486084,66.7845923176886,67.4749303609654,67.2692415492365,63.1569231974644,62.7764354093939,66.6909116677266,56.6762217607281,66.8840259069478,63.4256375982301
61.3877911594846,65.5884263844242,69.2079170081912,56.9402844559025,58.5354895389502,63.9701817045695,65.4573873839527,66.6444935302479,64.7515920571727,64.8877659206979,66.6700822291719,50.9830560336339,60.7514108513597,67.3846712327735,60.0283661071642,57.4390184687115,58.2269877752856,64.331899157549,56.0356298083036,60.7711694626049,67.6328941225833,66.6407509486084,66.7845923176886,67.4749303609654,67.2692415492365,63.1569231974644,62.7764354093939,66.6909116677266,56.6762217607281,66.8840259069478,63.4256375982301
45.6224200084986,63.3802768128499,64.5574247154107,-66.5876329616945,63.1308380463571,-109.680080803611,-3.53390362311481,-97.3103524531942,47.2860579284659,-46.5800245891445,58.0275813840865,27.0520510573102,32.7523816092679,36.4221390645614,4.83031243693856,-186.572252770845,-105.807944364695,53.8843900289181,37.5496949413491,-74.9554562658093,21.9985857877778,-80.6822543601103,44.6989650754382,-159.724821853208,-82.1196628212832,-36.5039018894025,-31.6220980921692,-22.2323124553765,43.8400177849038,61.9396811060149,48.7262336348081
46.5946204755428,63.6549760621022,64.5574247154107,50.9184760826919,63.1729104873094,36.7468379371886,67.5562464892836,-10.6041761563207,52.0438042238034,58.8929539814023,58.1306416721828,39.7586364123654,61.2762703335034,48.6070007404306,55.8141105839709,51.448730884895,39.7355619647627,54.3150415227861,60.2032609436562,50.2784269410074,30.1782270930399,-50.2815017038856,45.3815038255194,53.4032002242268,52.4764138476761,30.8787054625281,-5.07722170173898,47.9104298630058,43.8400177849038,61.9546742852398,52.3349298809373
54.0315851068734,63.6549760621022,64.5574247154107,50.9184760826919,63.1729104873094,57.3676793787283,67.5562464892836,28.3615508279363,52.0438042238034,58.8929539814023,58.1306416721828,39.7586364123654,61.2762703335034,48.6070007404306,55.8141105839709,51.448730884895,39.7355619647627,54.3150415227861,60.2032609436562,50.2784269410074,60.127217636376,55.6361139766324,45.3815038255194,55.4252687761264,52.4764138476761,48.2570549323794,54.922136511922,59.2129118893676,43.8400177849038,61.9546742852398,52.3349298809373
54.0315851068734,63.6549760621022,64.5574247154107,54.6744152966109,63.1729104873094,59.2849421182443,67.5562464892836,28.3615508279363,52.0438042238034,58.8929539814023,58.1306416721828,39.7586364123654,61.2762703335034,48.6070007404306,55.8141105839709,51.448730884895,39.7355619647627,56.3178973656046,60.2032609436562,50.2784269410074,60.127217636376,55.6361139766324,60.1684913814036,55.4252687761264,62.1910602715451,48.2570549323794,54.922136511922,59.2129118893676,43.8400177849038,61.9546742852398,52.3349298809373
54.0315851068734,63.6549760621022,64.5574247154107,62.3816137734904,63.1729104873094,59.2849421182443,67.5562464892836,55.8734134533609,52.0438042238034,58.8929539814023,58.1306416721828,42.171789879753,61.2762703335034,48.6070007404306,55.8141105839709,57.6759213439536,58.24138405308,56.3178973656046,60.2032609436562,57.4397651316874,60.127217636376,55.6361139766324,60.1684913814036,55.4252687761264,62.1910602715451,52.7156413524165,64.0781766306752,59.2129118893676,54.6883531082419,61.9546742852398,58.7978924136471
56.3593327863516,63.6549760621022,64.5574247154107,62.3816137734904,63.1729104873094,59.2849421182443,67.5562464892836,55.8734134533609,52.0438042238034,58.8929539814023,58.1306416721828,42.171789879753,61.2762703335034,48.6070007404306,55.8141105839709,57.6759213439536,58.24138405308,56.3178973656046,60.2032609436562,57.4397651316874,60.127217636376,55.6361139766324,60.1684913814036,60.996156676847,62.1910602715451,52.7156413524165,64.0781766306752,59.2129118893676,54.6883531082419,61.9546742852398,58.7978924136471
56.3593327863516,64.0409087515294,65.2034020648314,62.3816137734904,63.2003899448461,59.2849421182443,67.5562464892836,55.8734134533609,52.0438042238034,58.8929539814023,58.2112637032851,42.171789879753,61.2762703335034,48.6070007404306,56.450123755822,57.6759213439536,58.24138405308,56.3178973656046,60.2032609436562,57.4397651316874,60.127217636376,55.6361139766324,60.1684913814036,60.996156676847,62.1910602715451,52.7156413524165,64.0781766306752,59.2129118893676,54.6883531082419,62.0678509114983,58.7978924136471
56.3593327863516,64.0409087515294,65.2034020648314,62.3816137734904,63.2003899448461,59.2849421182443,68.1857638657447,55.8734134533609,52.1741246243359,58.8929539814023,58.2112637032851,42.171789879753,62.5122019186314,49.075641183467,56.450123755822,57.6759213439536,58.24138405308,56.3178973656046,60.2032609436562,57.4397651316874,60.127217636376,55.6361139766324,60.1684913814036,60.996156676847,62.1910602715451,52.7156413524165,64.0781766306752,59.2129118893676,54.6883531082419,62.0678509114983,58.7978924136471
56.3593327863516,64.0409087515294,65.2034020648314,62.3816137734904,63.2003899448461,59.2849421182443,68.1857638657447,55.8734134533609,52.1741246243359,58.8929539814023,58.2112637032851,42.171789879753,62.5122019186314,49.075641183467,56.450123755822,57.6759213439536,58.24138405308,56.3178973656046,60.2032609436562,57.4397651316874,60.1785244068452,55.6361139766324,60.1684913814036,60.996156676847,62.1910602715451,52.7156413524165,64.0781766306752,59.2129118893676,54.6883531082419,62.0678509114983,58.7978924136471
56.3593327863516,64.0409087515294,65.2034020648314,62.3816137734904,63.2003899448461,59.2849421182443,68.1857638657447,55.8734134533609,52.1741246243359,58.8929539814023,58.2112637032851,42.171789879753,62.5122019186314,49.075641183467,56.450123755822,57.6759213439536,58.24138405308,56.3178973656046,60.2032609436562,57.4397651316874,60.1785244068452,55.8366923418773,60.1684913814036,60.996156676847,62.1910602715451,52.7156413524165,64.0781766306752,60.2039864774364,54.6883531082419,62.0678509114983,58.7978924136471
56.3593327863516,64.0409087515294,65.2034020648314,62.3816137734904,63.2003899448461,59.2849421182443,68.1857638657447,55.8734134533609,52.1741246243359,58.8929539814023,58.2112637032851,42.171789879753,62.5122019186314,49.075641183467,56.450123755822,57.6759213439536,58.24138405308,57.3592798479215,60.2032609436562,57.4397651316874,60.1785244068452,55.8366923418773,60.1684913814036,60.996156676847,62.2445105198753,52.7156413524165,64.0781766306752,60.2039864774364,54.6883531082419,62.0678509114983,58.7978924136471
56.3593327863516,64.0409087515294,65.2034020648314,62.3816137734904,63.2003899448461,59.7376682625047,68.1857638657447,55.8734134533609,52.1741246243359,58.8929539814023,58.2112637032851,42.171789879753,62.5122019186314,49.075641183467,56.450123755822,57.6759213439536,58.24138405308,57.3592798479215,60.2032609436562,57.4397651316874,60.1785244068452,55.8366923418773,63.4189398844971,60.996156676847,62.2445105198753,52.7156413524165,64.0781766306752,60.2039864774364,54.6883531082419,62.0678509114983,58.7978924136471
56.3593327863516,64.0409087515294,65.2034020648314,62.3816137734904,63.2003899448461,59.7376682625047,68.1857638657447,55.9323914073885,52.1741246243359,58.8929539814023,58.2112637032851,42.617443724022,62.5122019186314,49.075641183467,56.450123755822,59.9194350491784,58.24138405308,57.3592798479215,60.2032609436562,57.4397651316874,60.1785244068452,55.8366923418773,63.4189398844971,60.996156676847,62.2445105198753,52.7156413524165,64.0781766306752,60.2039864774364,54.6883531082419,62.0678509114983,58.9429842853023
56.3593327863516,64.0409087515294,65.2034020648314,62.3816137734904,63.2003899448461,59.7376682625047,68.1857638657447,55.9323914073885,52.1741246243359,58.8929539814023,58.2112637032851,42.617443724022,62.5122019186314,49.075641183467,56.450123755822,59.9194350491784,58.5825947599004,57.3592798479215,60.2032609436562,58.7486072219846,60.1785244068452,55.8366923418773,63.4189398844971,60.996156676847,62.2445105198753,53.7282076831168,64.7040620626227,60.2039864774364,55.1689888376142,62.0678509114983,58.9429842853023
56.3593327863516,64.0409087515294,65.2034020648314,62.3816137734904,63.2003899448461,59.7376682625047,68.1857638657447,55.9323914073885,52.1741246243359,58.8929539814023,58.2112637032851,42.617443724022,62.5122019186314,49.075641183467,56.450123755822,59.9194350491784,58.5825947599004,57.3592798479215,60.2032609436562,58.7486072219846,60.1785244068452,55.8366923418773,63.4189398844971,61.1246878463665,62.2445105198753,53.7282076831168,64.7040620626227,60.2039864774364,55.1689888376142,62.0678509114983,58.9429842853023
57.6586143714683,64.0409087515294,65.2034020648314,62.3816137734904,63.2003899448461,59.7376682625047,68.1857638657447,55.9323914073885,52.1741246243359,58.8929539814023,58.2112637032851,42.617443724022,62.5122019186314,49.075641183467,56.450123755822,59.9194350491784,58.5825947599004,57.3592798479215,60.2032609436562,58.7486072219846,60.1785244068452,55.8366923418773,63.4189398844971,61.1246878463665,62.2445105198753,53.7282076831168,64.7040620626227,60.2039864774364,55.1689888376142,62.0678509114983,58.9429842853023
57.6586143714683,64.0409087515294,65.2034020648314,62.3816137734904,63.2003899448461,59.7376682625047,68.1857638657447,55.9323914073885,52.1741246243359,58.8929539814023,59.3836573603188,42.617443724022,62.5122019186314,49.075641183467,56.9687127150112,59.9194350491784,58.5825947599004,57.3592798479215,60.2032609436562,58.7486072219846,60.1785244068452,55.8366923418773,63.4189398844971,61.1246878463665,62.2445105198753,53.7282076831168,64.7040620626227,60.2039864774364,55.1689888376142,62.5171500021979,58.9429842853023
57.6586143714683,64.4304771388291,65.7184411747347,62.3816137734904,63.2528681730632,59.7376682625047,68.1857638657447,55.9323914073885,52.3075358419448,59.2014914448258,59.3836573603188,42.617443724022,62.5122019186314,49.075641183467,56.9687127150112,59.9194350491784,58.5825947599004,57.3592798479215,60.2032609436562,58.7486072219846,60.1785244068452,55.8366923418773,63.4189398844971,61.1246878463665,62.2445105198753,53.7282076831168,64.7040620626227,60.2039864774364,55.1689888376142,62.5171500021979,58.9429842853023
57.6586143714683,64.4304771388291,65.859124347875,62.3816137734904,63.2528681730632,59.7376682625047,68.1857638657447,55.9323914073885,52.3075358419448,59.2014914448258,59.3836573603188,42.617443724022,62.5122019186314,49.4713169400129,56.9687127150112,59.9194350491784,58.5825947599004,57.3592798479215,61.0078278835214,58.7486072219846,60.3692283845611,55.8366923418773,63.4189398844971,61.1246878463665,62.2445105198753,53.7282076831168,64.7040620626227,60.2039864774364,55.1689888376142,62.5171500021979,58.9429842853023
57.6586143714683,64.4304771388291,65.859124347875,62.3816137734904,63.2528681730632,59.7376682625047,68.1857638657447,55.9323914073885,52.3075358419448,59.2014914448258,59.3836573603188,42.617443724022,62.5122019186314,49.4713169400129,56.9687127150112,59.9194350491784,58.5825947599004,57.3592798479215,61.0078278835214,58.7486072219846,60.3692283845611,55.8366923418773,63.4189398844971,61.1246878463665,62.2445105198753,53.7282076831168,64.7040620626227,60.2039864774364,55.1689888376142,62.5171500021979,58.9429842853023
57.6586143714683,64.4304771388291,65.859124347875,62.3816137734904,63.2528681730632,59.7376682625047,68.1857638657447,55.9323914073885,52.3075358419448,59.2014914448258,59.3836573603188,42.617443724022,62.5122019186314,49.4713169400129,56.9687127150112,59.9194350491784,58.5825947599004,58.6031024275229,61.0078278835214,58.7486072219846,60.3692283845611,55.8366923418773,63.4189398844971,61.1246878463665,62.6622043302008,53.7282076831168,64.7040620626227,61.5291902087884,55.1689888376142,62.5171500021979,58.9429842853023
57.6586143714683,64.4304771388291,65.859124347875,62.3816137734904,63.2528681730632,59.7376682625047,68.1857638657447,55.9323914073885,52.3075358419448,59.2014914448258,59.3836573603188,42.617443724022,62.5122019186314,49.4713169400129,56.9687127150112,59.9194350491784,58.5825947599004,58.6031024275229,61.0078278835214,58.7486072219846,60.3692283845611,56.2054680872164,63.4189398844971,61.1246878463665,62.6622043302008,53.7282076831168,64.7040620626227,61.5291902087884,55.1689888376142,62.5171500021979,58.9429842853023
57.6586143714683,64.4304771388291,65.859124347875,62.3816137734904,63.2528681730632,60.3139587909101,68.1857638657447,55.9323914073885,52.3075358419448,59.2014914448258,59.3836573603188,42.617443724022,62.5122019186314,49.4713169400129,56.9687127150112,60.6803045569052,58.5825947599004,58.6031024275229,61.0078278835214,58.7486072219846,60.3692283845611,56.2054680872164,63.4189398844971,61.1246878463665,62.6622043302008,53.7282076831168,64.7040620626227,61.5291902087884,55.1689888376142,62.5171500021979,59.1220583913976
57.6586143714683,64.4304771388291,65.859124347875,62.3816137734904,63.2528681730632,60.3139587909101,68.1857638657447,57.379055060633,52.3075358419448,59.2014914448258,59.3836573603188,42.9748548861415,62.5122019186314,49.4713169400129,56.9687127150112,60.6803045569052,58.5825947599004,58.6031024275229,61.0078278835214,58.7486072219846,60.3692283845611,56.2054680872164,63.4189398844971,61.1246878463665,62.6622043302008,53.7282076831168,65.5268411517484,61.5291902087884,56.1031116509657,62.5171500021979,61.162110772451
57.6586143714683,64.4304771388291,65.859124347875,62.3816137734904,63.2528681730632,60.3139587909101,68.1857638657447,57.379055060633,52.3075358419448,59.2014914448258,59.3836573603188,42.9748548861415,62.5122019186314,49.4713169400129,56.9687127150112,60.6803045569052,59.1955375827542,58.6031024275229,61.0078278835214,58.9194108211339,60.3692283845611,56.2054680872164,63.4189398844971,61.1246878463665,62.6622043302008,53.7282076831168,65.5268411517484,61.5291902087884,56.1031116509657,62.5171500021979,61.162110772451
58.2890316356169,64.4304771388291,65.859124347875,62.3816137734904,63.2528681730632,60.3139587909101,68.1857638657447,57.379055060633,52.3075358419448,59.2014914448258,59.3836573603188,42.9748548861415,62.5122019186314,49.4713169400129,56.9687127150112,60.6803045569052,59.1955375827542,58.6031024275229,61.0078278835214,58.9194108211339,60.3692283845611,56.2054680872164,63.4189398844971,61.1773377392489,62.6622043302008,53.7282076831168,65.5268411517484,61.5291902087884,56.1031116509657,62.5171500021979,61.162110772451
58.2890316356169,64.4304771388291,65.859124347875,62.3816137734904,63.2528681730632,60.3139587909101,68.1857638657447,57.379055060633,52.3075358419448,59.2014914448258,59.9432324159466,42.9748548861415,62.5122019186314,49.4713169400129,56.9687127150112,60.6803045569052,59.1955375827542,58.6031024275229,61.0078278835214,58.9194108211339,60.3692283845611,56.2054680872164,63.4189398844971,61.3847692422833,62.6622043302008,53.7282076831168,65.5268411517484,61.5291902087884,56.1031116509657,62.8082208313811,61.162110772451
58.2890316356169,64.4304771388291,65.859124347875,62.3816137734904,63.2528681730632,60.3139587909101,68.1857638657447,57.379055060633,52.3075358419448,59.2014914448258,60.860342059236,42.9748548861415,62.5122019186314,49.4713169400129,57.3616768628591,60.6803045569052,59.1955375827542,58.6031024275229,61.0078278835214,58.9194108211339,60.3692283845611,56.2054680872164,63.4189398844971,61.3847692422833,62.6622043302008,53.7282076831168,65.5268411517484,61.5291902087884,56.1031116509657,62.8082208313811,61.162110772451
58.2890316356169,64.7841000872568,65.859124347875,62.3816137734904,63.2897609501591,60.3139587909101,68.1857638657447,57.379055060633,52.5094242966223,60.2067747414402,60.860342059236,42.9748548861415,62.5122019186314,49.4713169400129,57.3616768628591,60.6803045569052,59.1955375827542,58.6031024275229,61.7340233164432,58.9194108211339,60.3692283845611,56.2054680872164,63.4189398844971,61.3847692422833,62.6622043302008,53.7282076831168,65.5268411517484,61.5291902087884,56.1031116509657,62.8082208313811,61.162110772451
58.3589595619504,64.7841000872568,65.859124347875,62.3816137734904,63.2897609501591,60.3139587909101,68.1857638657447,57.379055060633,52.5094242966223,60.2067747414402,60.860342059236,42.9748548861415,62.5122019186314,49.5516190735036,57.3616768628591,60.6803045569052,59.1955375827542,58.6031024275229,61.7340233164432,58.9194108211339,60.5165604657524,56.2054680872164,63.4189398844971,61.3847692422833,62.6622043302008,53.7282076831168,65.5268411517484,61.5291902087884,56.1031116509657,62.8082208313811,61.162110772451
58.3589595619504,64.7841000872568,65.859124347875,62.3816137734904,63.2897609501591,60.3139587909101,68.1857638657447,57.379055060633,52.5094242966223,60.2067747414402,60.860342059236,42.9748548861415,62.5122019186314,49.5516190735036,57.3616768628591,60.6803045569052,59.1955375827542,61.1425013511388,61.7340233164432,58.9194108211339,60.5165604657524,56.2054680872164,63.4189398844971,61.3847692422833,62.6622043302008,53.7282076831168,65.5268411517484,61.5291902087884,56.1031116509657,62.8082208313811,61.162110772451
58.3589595619504,64.7841000872568,65.859124347875,62.3816137734904,63.2897609501591,60.3139587909101,68.1857638657447,57.379055060633,52.5094242966223,60.2067747414402,60.860342059236,42.9748548861415,62.5122019186314,49.5516190735036,57.3616768628591,60.6803045569052,59.1955375827542,61.1425013511388,61.7340233164432,58.9194108211339,60.5165604657524,56.2054680872164,63.4189398844971,61.3847692422833,63.9317272124043,53.7282076831168,65.5268411517484,61.5291902087884,56.1031116509657,62.8082208313811,61.162110772451
58.3589595619504,64.7841000872568,65.859124347875,62.3816137734904,63.2897609501591,60.3139587909101,68.1857638657447,57.379055060633,52.5094242966223,60.2067747414402,60.860342059236,42.9748548861415,62.5122019186314,49.5516190735036,57.3616768628591,60.6803045569052,59.1955375827542,61.1425013511388,61.7340233164432,58.9194108211339,60.5165604657524,56.4623565392033,63.4189398844971,61.3847692422833,63.9317272124043,53.7282076831168,65.5268411517484,61.5291902087884,56.1031116509657,62.8082208313811,61.7575320619854
58.3589595619504,64.7841000872568,65.859124347875,62.3816137734904,63.2897609501591,60.3139587909101,68.1857638657447,57.379055060633,52.5094242966223,60.2067747414402,60.860342059236,42.9748548861415,62.5122019186314,49.5516190735036,57.3616768628591,60.6803045569052,59.1955375827542,61.1425013511388,61.7340233164432,58.9194108211339,60.5165604657524,56.4623565392033,63.4189398844971,61.3847692422833,63.9317272124043,53.8606199145934,65.5268411517484,61.5291902087884,57.317825354855,62.8082208313811,61.7575320619854
58.3589595619504,64.7841000872568,65.859124347875,62.3816137734904,63.2897609501591,60.6762791106449,68.1857638657447,57.521079253069,52.5094242966223,60.2067747414402,60.860342059236,42.9748548861415,62.5122019186314,49.5516190735036,57.3616768628591,60.6803045569052,59.1955375827542,61.1425013511388,61.7340233164432,58.9194108211339,60.5165604657524,56.4623565392033,63.4189398844971,61.3847692422833,63.9317272124043,55.1563650500564,65.5460438876299,61.5291902087884,57.317825354855,62.8082208313811,61.7575320619854
58.3589595619504,64.7841000872568,65.859124347875,62.3816137734904,63.2897609501591,60.6762791106449,68.1857638657447,57.521079253069,52.5094242966223,60.2067747414402,60.860342059236,42.9748548861415,62.5122019186314,49.5516190735036,57.3616768628591,60.6803045569052,60.1257109311623,61.1425013511388,61.7340233164432,58.9387982946012,60.5165604657524,56.4623565392033,63.4189398844971,61.3847692422833,63.9317272124043,55.1563650500564,65.5460438876299,61.5291902087884,57.317825354855,62.8082208313811,61.7575320619854
58.3589595619504,64.7841000872568,65.859124347875,62.3816137734904,63.2897609501591,60.6762791106449,68.1857638657447,57.521079253069,52.5094242966223,60.2067747414402,61.9121857410534,42.9748548861415,62.5122019186314,49.5516190735036,57.3616768628591,60.6803045569052,60.1257109311623,61.1425013511388,61.7340233164432,58.9387982946012,60.5165604657524,56.4623565392033,63.4189398844971,61.3847692422833,63.9317272124043,55.1563650500564,65.5460438876299,61.5291902087884,57.317825354855,62.8082208313811,61.7575320619854
58.3589595619504,64.7841000872568,65.859124347875,62.3816137734904,63.2897609501591,60.6762791106449,68.1857638657447,57.521079253069,52.5094242966223,60.2067747414402,61.9121857410534,42.9748548861415,62.5122019186314,49.5516190735036,57.3616768628591,60.6803045569052,60.1257109311623,61.1425013511388,61.7340233164432,58.9387982946012,60.5165604657524,56.4623565392033,63.4189398844971,61.7893560617922,63.9317272124043,55.1563650500564,65.5460438876299,61.5291902087884,57.317825354855,62.9918355657945,61.7575320619854
58.3589595619504,64.7841000872568,65.859124347875,62.3816137734904,63.2897609501591,60.6762791106449,68.1857638657447,57.521079253069,52.5094242966223,60.2067747414402,61.9121857410534,42.9748548861415,62.5122019186314,49.5516190735036,57.5421581197849,60.6803045569052,60.1257109311623,61.1425013511388,61.9465380500551,58.9387982946012,60.5165604657524,56.4623565392033,63.4189398844971,61.7893560617922,63.9317272124043,55.1563650500564,65.5460438876299,61.5291902087884,57.317825354855,62.9918355657945,61.7575320619854
58.7188385450035,64.9825983985967,65.859124347875,62.3816137734904,63.3615874474545,60.6762791106449,68.1857638657447,57.521079253069,52.5094242966223,61.0942375407498,61.9121857410534,42.9748548861415,62.5122019186314,49.5516190735036,57.5421581197849,60.6803045569052,60.1257109311623,61.1425013511388,61.9465380500551,58.9387982946012,60.7893125705365,56.4623565392033,63.4189398844971,61.7893560617922,63.9317272124043,55.1563650500564,65.5460438876299,61.5291902087884,57.317825354855,62.9918355657945,61.7575320619854
58.7188385450035,64.9825983985967,65.859124347875,62.3816137734904,63.3615874474545,60.6762791106449,68.1857638657447,57.521079253069,52.5094242966223,61.0942375407498,61.9121857410534,42.9748548861415,62.5122019186314,49.5516190735036,57.5421581197849,60.6803045569052,60.1257109311623,62.2759831597633,61.9465380500551,58.9387982946012,60.7893125705365,56.4623565392033,63.4189398844971,61.7893560617922,63.9317272124043,55.1563650500564,65.5460438876299,61.7097556749408,57.317825354855,63.6377591944774,61.7575320619854
58.7188385450035,64.9825983985967,65.859124347875,62.3816137734904,63.3615874474545,60.6762791106449,68.1857638657447,57.521079253069,52.5094242966223,61.0942375407498,61.9121857410534,42.9748548861415,62.5122019186314,49.5516190735036,57.5421581197849,60.6803045569052,60.1257109311623,62.2759831597633,61.9465380500551,58.9387982946012,60.7893125705365,56.4623565392033,63.4189398844971,61.7893560617922,64.0849075950947,55.1563650500564,65.5460438876299,61.7097556749408,57.317825354855,63.6377591944774,61.7575320619854
58.7188385450035,64.9825983985967,65.859124347875,62.3816137734904,63.3615874474545,60.6762791106449,68.1857638657447,57.521079253069,52.5094242966223,61.0942375407498,61.9121857410534,42.9748548861415,62.5122019186314,49.5516190735036,57.5421581197849,60.6803045569052,60.1257109311623,62.2759831597633,61.9465380500551,58.9387982946012,60.7893125705365,56.6918708056876,63.4189398844971,61.7893560617922,64.0849075950947,55.1563650500564,65.5460438876299,61.7097556749408,57.317825354855,63.6377591944774,62.4105814943497
58.7188385450035,64.9825983985967,65.859124347875,62.3816137734904,63.3615874474545,60.6762791106449,68.1857638657447,57.521079253069,52.5094242966223,61.0942375407498,61.9121857410534,42.9748548861415,62.5122019186314,49.5516190735036,57.5421581197849,60.6803045569052,60.1257109311623,62.2759831597633,61.9465380500551,58.9387982946012,60.7893125705365,56.6918708056876,63.4189398844971,61.7893560617922,64.0849075950947,55.1563650500564,65.5460438876299,61.7097556749408,57.317825354855,63.6377591944774,62.4105814943497
58.7188385450035,64.9825983985967,65.859124347875,62.3816137734904,63.3615874474545,60.9047616341675,68.1857638657447,58.5224761280339,52.5094242966223,61.0942375407498,61.9121857410534,43.3566064131017,62.5122019186314,49.5516190735036,57.5421581197849,60.6803045569052,60.1257109311623,62.2759831597633,61.9465380500551,58.9387982946012,60.7893125705365,56.6918708056876,63.6937336220054,61.7893560617922,64.0849075950947,59.6592831371692,65.5460438876299,61.7097556749408,57.317825354855,63.6377591944774,62.4105814943497
58.7188385450035,64.9825983985967,65.859124347875,62.3816137734904,63.3615874474545,61.4027486285331,68.1857638657447,58.5224761280339,52.5094242966223,61.0942375407498,61.9121857410534,43.3566064131017,62.5122019186314,49.5516190735036,57.5421581197849,60.6803045569052,60.1257109311623,62.2759831597633,61.9465380500551,58.9387982946012,60.7893125705365,56.6918708056876,63.6937336220054,61.7893560617922,64.0849075950947,59.6592831371692,65.5460438876299,61.7097556749408,58.5280020073667,63.6377591944774,62.4105814943497
58.7188385450035,64.9825983985967,65.859124347875,62.3816137734904,63.3615874474545,61.4027486285331,68.1857638657447,58.5224761280339,52.5094242966223,61.0942375407498,63.0727329251044,43.3566064131017,62.5122019186314,49.5516190735036,57.5421581197849,60.6803045569052,60.1257109311623,62.2759831597633,61.9465380500551,58.9387982946012,60.7893125705365,56.6918708056876,63.6937336220054,61.7893560617922,64.0849075950947,59.6592831371692,65.5460438876299,61.7097556749408,58.5280020073667,63.6377591944774,62.4105814943497
58.7188385450035,64.9825983985967,65.859124347875,62.3816137734904,63.3615874474545,61.4027486285331,68.1857638657447,58.5224761280339,52.5094242966223,61.0942375407498,63.0727329251044,43.3566064131017,62.5122019186314,49.5516190735036,57.5421581197849,60.6803045569052,60.1257109311623,62.2759831597633,61.9465380500551,58.9387982946012,60.7893125705365,56.6918708056876,63.6937336220054,61.7893560617922,64.0849075950947,59.6592831371692,65.5460438876299,61.7097556749408,58.5280020073667,63.6377591944774,62.4105814943497
58.7188385450035,64.9825983985967,65.859124347875,62.3816137734904,63.3615874474545,61.4027486285331,68.1857638657447,58.5224761280339,52.5094242966223,61.0942375407498,63.0727329251044,43.3566064131017,62.5122019186314,49.5516190735036,57.5916352221493,60.6803045569052,60.1257109311623,62.2759831597633,62.1284842985029,58.9387982946012,60.7893125705365,56.6918708056876,63.6937336220054,61.7893560617922,64.0849075950947,59.6592831371692,65.5460438876299,61.7097556749408,58.5280020073667,63.6377591944774,62.4105814943497
58.7188385450035,64.9825983985967,65.859124347875,62.3816137734904,63.3615874474545,61.4027486285331,68.1857638657447,58.5224761280339,52.5094242966223,61.0942375407498,63.0727329251044,43.3566064131017,62.5122019186314,49.5516190735036,57.5916352221493,60.6803045569052,60.1257109311623,62.2759831597633,62.1284842985029,58.9387982946012,61.5763471225243,56.6918708056876,63.6937336220054,61.7893560617922,64.0849075950947,59.6592831371692,65.5460438876299,61.7097556749408,58.5280020073667,63.6377591944774,62.4105814943497
58.7510929597513,64.9825983985967,65.859124347875,62.3816137734904,63.3615874474545,61.4027486285331,68.1857638657447,58.5224761280339,52.5094242966223,61.2852635444413,63.0727329251044,43.3566064131017,62.5122019186314,49.6114737588135,57.5916352221493,60.6803045569052,60.1257109311623,62.2759831597633,62.1284842985029,58.9387982946012,61.5763471225243,56.6918708056876,63.6937336220054,61.7893560617922,64.0849075950947,59.6592831371692,65.5460438876299,61.7097556749408,58.5280020073667,64.0372110981637,62.4105814943497
58.7510929597513,64.9825983985967,65.8954107398266,62.3816137734904,63.4510394370091,61.4027486285331,68.1857638657447,58.5224761280339,52.5422005140625,61.2852635444413,63.0727329251044,43.3566064131017,62.5122019186314,49.6114737588135,57.5916352221493,60.6803045569052,60.1257109311623,62.2759831597633,62.1284842985029,58.9387982946012,61.5763471225243,56.6918708056876,63.6937336220054,61.7893560617922,64.0849075950947,59.6592831371692,65.5460438876299,61.7097556749408,58.5280020073667,64.0372110981637,62.4105814943497
58.7510929597513,64.9825983985967,65.8954107398266,62.3816137734904,63.4510394370091,61.4027486285331,68.1857638657447,58.5224761280339,52.5422005140625,61.2852635444413,63.0727329251044,43.3566064131017,62.5122019186314,49.6114737588135,57.5916352221493,60.6803045569052,60.1257109311623,62.2759831597633,62.1284842985029,58.9387982946012,61.5763471225243,56.6918708056876,63.6937336220054,61.7893560617922,64.0849075950947,59.6592831371692,65.5460438876299,61.7097556749408,58.5280020073667,64.0372110981637,63.4377693288513
58.7510929597513,64.9825983985967,65.8954107398266,62.3816137734904,63.4510394370091,61.4027486285331,68.1857638657447,58.5224761280339,52.5422005140625,61.2852635444413,63.0727329251044,43.3566064131017,62.5122019186314,49.6114737588135,57.5916352221493,60.6803045569052,60.1257109311623,62.2759831597633,62.1284842985029,58.9387982946012,61.5763471225243,56.6918708056876,63.6937336220054,61.7893560617922,64.0849075950947,59.6592831371692,65.5460438876299,61.7097556749408,58.5280020073667,64.0372110981637,63.4377693288513
58.7510929597513,64.9825983985967,65.8954107398266,62.3816137734904,63.4510394370091,61.4027486285331,68.1857638657447,58.5224761280339,52.5422005140625,61.2852635444413,63.0727329251044,43.3566064131017,62.5122019186314,49.6114737588135,57.5916352221493,60.6803045569052,60.1257109311623,62.2759831597633,62.1284842985029,58.9387982946012,61.5763471225243,57.0493567665132,63.6937336220054,61.7893560617922,64.0849075950947,59.6592831371692,65.5460438876299,61.7097556749408,58.5280020073667,64.0372110981637,63.4377693288513
58.7510929597513,64.9825983985967,65.8954107398266,62.3816137734904,63.4510394370091,62.4765981938387,68.1857638657447,58.5224761280339,52.5422005140625,61.2852635444413,63.0727329251044,43.3566064131017,62.5122019186314,49.6114737588135,57.5916352221493,60.6803045569052,60.1257109311623,62.2759831597633,62.1284842985029,58.9387982946012,61.5763471225243,57.0493567665132,63.6937336220054,61.7893560617922,64.0849075950947,59.6592831371692,65.5460438876299,61.7097556749408,58.5280020073667,64.0372110981637,63.4377693288513
58.7510929597513,64.9825983985967,65.8954107398266,62.3816137734904,63.4510394370091,62.4765981938387,68.1857638657447,58.5224761280339,52.5422005140625,61.2852635444413,63.0727329251044,43.6568043954475,62.5122019186314,49.6114737588135,57.5916352221493,60.9399436110533,60.1257109311623,62.2759831597633,62.1284842985029,58.9387982946012,61.5763471225243,57.0493567665132,63.6937336220054,61.7893560617922,64.0849075950947,59.6592831371692,65.5460438876299,61.7097556749408,59.081778147821,64.0372110981637,63.4377693288513
58.7510929597513,64.9825983985967,65.8954107398266,62.3816137734904,63.4510394370091,62.4765981938387,68.1857638657447,58.5224761280339,52.5422005140625,61.2852635444413,63.0727329251044,43.6568043954475,62.5122019186314,49.6114737588135,57.5916352221493,60.9399436110533,60.1257109311623,62.2759831597633,62.1284842985029,58.9387982946012,61.5763471225243,57.0493567665132,63.6937336220054,61.7893560617922,64.0849075950947,59.6592831371692,65.5460438876299,61.7097556749408,59.081778147821,64.0372110981637,63.4377693288513
58.7510929597513,64.9825983985967,65.8954107398266,62.3816137734904,63.4510394370091,62.4765981938387,68.1857638657447,58.5224761280339,52.5422005140625,61.2852635444413,63.0727329251044,43.6568043954475,62.5122019186314,49.6114737588135,57.5916352221493,60.9399436110533,60.1257109311623,62.2759831597633,62.1284842985029,59.3953383128705,61.5763471225243,57.0493567665132,63.6937336220054,61.7893560617922,64.0849075950947,59.6592831371692,65.5460438876299,61.7097556749408,59.081778147821,64.0372110981637,63.4377693288513
58.7510929597513,64.9825983985967,65.8954107398266,62.3816137734904,63.4510394370091,62.4765981938387,68.1857638657447,58.5224761280339,52.5422005140625,61.2852635444413,63.0727329251044,43.6568043954475,62.5122019186314,49.6114737588135,57.9072524344969,60.9399436110533,60.1257109311623,62.2759831597633,62.2760162434912,59.3953383128705,61.5763471225243,57.0493567665132,63.6937336220054,61.7893560617922,64.0849075950947,59.6592831371692,65.5460438876299,61.7097556749408,59.081778147821,64.0372110981637,63.4377693288513
58.7510929597513,64.9825983985967,65.8954107398266,62.3816137734904,63.4510394370091,62.4765981938387,68.1857638657447,58.5224761280339,52.5422005140625,61.2852635444413,63.0727329251044,43.6568043954475,63.6287915979743,49.6114737588135,57.9072524344969,60.9399436110533,60.1257109311623,62.753597531034,62.2760162434912,59.3953383128705,61.8522937824202,57.0493567665132,63.6937336220054,61.7893560617922,64.0849075950947,59.6592831371692,65.5460438876299,61.7491315819046,59.081778147821,64.3265697167743,63.4377693288513
58.7510929597513,64.9825983985967,65.8954107398266,62.3816137734904,63.4510394370091,62.4765981938387,68.1857638657447,58.5224761280339,52.5422005140625,61.2852635444413,63.0727329251044,43.6568043954475,63.6287915979743,49.6114737588135,57.9072524344969,60.9399436110533,60.1257109311623,62.753597531034,62.2760162434912,59.3953383128705,61.8522937824202,57.0493567665132,63.6937336220054,61.7893560617922,64.0849075950947,59.6592831371692,65.5460438876299,61.7491315819046,59.081778147821,64.3265697167743,63.4377693288513
58.7510929597513,64.9825983985967,65.8954107398266,62.3816137734904,63.551766433478,62.4765981938387,68.1857638657447,58.5224761280339,52.5793811719606,61.2852635444413,63.0727329251044,43.6568043954475,63.6287915979743,49.7855288356186,57.9072524344969,60.9399436110533,60.1257109311623,62.753597531034,62.2760162434912,59.3953383128705,61.8522937824202,57.0493567665132,63.6937336220054,61.7893560617922,64.3831971733525,59.6592831371692,65.5460438876299,61.7491315819046,59.081778147821,64.3265697167743,64.6141922194361
58.7510929597513,64.9825983985967,65.8954107398266,62.3816137734904,63.551766433478,62.4765981938387,68.1857638657447,58.5224761280339,52.5793811719606,61.2852635444413,63.0727329251044,43.6568043954475,63.6287915979743,49.7855288356186,57.9072524344969,60.9399436110533,60.1257109311623,62.753597531034,62.2760162434912,59.3953383128705,61.8522937824202,57.0493567665132,63.6937336220054,61.7893560617922,64.3831971733525,59.6592831371692,65.5460438876299,61.7491315819046,59.081778147821,64.3265697167743,64.6141922194361
58.7510929597513,64.9825983985967,65.8954107398266,62.3816137734904,63.551766433478,62.4765981938387,68.1857638657447,58.5224761280339,52.5793811719606,61.2852635444413,63.0727329251044,43.6568043954475,63.6287915979743,49.7855288356186,57.9072524344969,60.9399436110533,60.1257109311623,62.753597531034,62.2760162434912,59.3953383128705,61.8522937824202,57.0493567665132,63.6937336220054,61.7893560617922,64.3831971733525,59.6592831371692,65.5460438876299,61.7491315819046,59.081778147821,64.3265697167743,64.6141922194361
58.7510929597513,64.9825983985967,65.8954107398266,62.3816137734904,63.551766433478,62.4765981938387,68.1857638657447,58.5224761280339,52.5793811719606,61.2852635444413,63.0727329251044,43.6568043954475,63.6287915979743,49.7855288356186,57.9072524344969,60.9399436110533,60.1257109311623,62.753597531034,62.2760162434912,59.3953383128705,61.8522937824202,57.1834699702724,64.1696275301985,61.7893560617922,64.3831971733525,59.6592831371692,65.5460438876299,61.7491315819046,59.081778147821,64.3265697167743,64.6141922194361
58.7510929597513,64.9825983985967,65.8954107398266,62.3816137734904,63.551766433478,62.4765981938387,68.1857638657447,58.5224761280339,52.5793811719606,61.2852635444413,63.0727329251044,43.6568043954475,63.6287915979743,49.7855288356186,57.9072524344969,60.9399436110533,60.1257109311623,62.753597531034,62.2760162434912,59.3953383128705,61.8522937824202,57.1834699702724,64.1696275301985,61.7893560617922,64.3831971733525,59.6592831371692,65.5460438876299,61.7491315819046,59.081778147821,64.3265697167743,64.6141922194361
58.7510929597513,64.9825983985967,65.8954107398266,62.3816137734904,63.551766433478,62.4765981938387,68.1857638657447,58.8032500828854,52.5793811719606,61.2852635444413,63.0790897499826,43.7130227925886,63.6287915979743,49.7855288356186,57.9072524344969,60.9399436110533,60.1257109311623,62.753597531034,62.2760162434912,59.3953383128705,61.8522937824202,57.1834699702724,64.1696275301985,61.7893560617922,64.3831971733525,59.6592831371692,65.7989185214929,61.7491315819046,59.8621404870741,64.3265697167743,64.6141922194361
58.7510929597513,64.9825983985967,65.8954107398266,62.3816137734904,63.551766433478,62.4765981938387,68.1857638657447,58.8032500828854,52.5793811719606,61.2852635444413,63.0790897499826,43.7130227925886,63.6287915979743,49.7855288356186,57.9072524344969,60.9399436110533,60.1257109311623,62.753597531034,62.2760162434912,59.3953383128705,61.8522937824202,57.1834699702724,64.1696275301985,61.7893560617922,64.3831971733525,59.6592831371692,65.7989185214929,61.7491315819046,59.8621404870741,64.3265697167743,64.6141922194361
58.7510929597513,64.9825983985967,65.8954107398266,62.3816137734904,63.551766433478,62.4765981938387,68.1857638657447,58.8032500828854,52.5793811719606,61.2852635444413,63.0790897499826,43.7130227925886,63.6287915979743,49.7855288356186,58.1294637050492,60.9399436110533,60.1257109311623,62.753597531034,62.2760162434912,59.3953383128705,61.8522937824202,57.1834699702724,64.1696275301985,61.7893560617922,64.3831971733525,59.6592831371692,65.7989185214929,61.7491315819046,59.8621404870741,64.3265697167743,64.6141922194361
58.7510929597513,64.9825983985967,65.8954107398266,62.3816137734904,63.551766433478,62.4765981938387,68.1857638657447,58.8032500828854,52.5793811719606,61.2852635444413,63.0790897499826,43.7130227925886,63.6287915979743,49.7855288356186,58.1294637050492,60.9399436110533,60.1257109311623,62.854312105839,62.3124256302631,59.3953383128705,61.8522937824202,57.1834699702724,64.1696275301985,61.7893560617922,64.3831971733525,59.6592831371692,65.7989185214929,61.7491315819046,59.8621404870741,64.3265697167743,64.6141922194361
58.7510929597513,64.9825983985967,65.8954107398266,62.3816137734904,63.551766433478,62.4765981938387,68.1857638657447,58.8032500828854,52.5793811719606,61.2852635444413,63.0790897499826,43.7130227925886,63.6287915979743,49.7855288356186,58.1294637050492,60.9399436110533,60.1257109311623,62.854312105839,62.3124256302631,59.3953383128705,61.8522937824202,57.1834699702724,64.1696275301985,61.7893560617922,64.3831971733525,59.6592831371692,65.7989185214929,62.9674646647986,59.8621404870741,64.4303313985201,64.6141922194361
59.0473680927969,64.9825983985967,65.8954107398266,62.3816137734904,63.551766433478,62.4765981938387,68.1857638657447,58.8032500828854,52.5793811719606,61.2852635444413,63.0790897499826,43.7130227925886,63.6287915979743,49.7855288356186,58.1294637050492,60.9399436110533,60.1257109311623,62.854312105839,62.3124256302631,59.3953383128705,61.8522937824202,57.1834699702724,64.1696275301985,61.7893560617922,64.9548382843573,59.6592831371692,65.7989185214929,62.9674646647986,59.8621404870741,64.4303313985201,64.7628856927294
59.0473680927969,64.9825983985967,66.046452033332,62.3816137734904,63.551766433478,62.4765981938387,68.1857638657447,58.8032500828854,52.5913206729688,61.2852635444413,63.0790897499826,43.7130227925886,63.6287915979743,49.7855288356186,58.1294637050492,60.9399436110533,60.1257109311623,62.854312105839,62.3124256302631,59.3953383128705,61.8522937824202,57.1834699702724,64.1696275301985,61.7893560617922,64.9548382843573,59.6592831371692,65.7989185214929,62.9674646647986,59.8621404870741,64.4303313985201,64.7628856927294
59.0473680927969,64.9825983985967,66.046452033332,62.3816137734904,63.6488761318663,62.4765981938387,68.1857638657447,58.8032500828854,52.5913206729688,61.2852635444413,63.0790897499826,43.7130227925886,63.6287915979743,49.7855288356186,58.1294637050492,60.9399436110533,60.1257109311623,62.854312105839,62.3124256302631,59.3953383128705,61.8522937824202,57.1834699702724,64.1696275301985,61.7893560617922,64.9548382843573,59.6592831371692,65.7989185214929,62.9674646647986,59.8621404870741,64.4303313985201,64.7628856927294
59.0473680927969,64.9825983985967,66.046452033332,62.3816137734904,63.6488761318663,63.2867260517671,68.1857638657447,58.8032500828854,52.5913206729688,61.2852635444413,63.0790897499826,43.7130227925886,63.6287915979743,49.7855288356186,58.1294637050492,60.9399436110533,60.1257109311623,62.854312105839,62.3124256302631,59.3953383128705,61.8522937824202,57.1834699702724,64.1696275301985,61.7893560617922,64.9548382843573,59.6592831371692,65.7989185214929,62.9674646647986,59.8621404870741,64.4303313985201,64.7628856927294
59.0473680927969,64.9825983985967,66.046452033332,62.3816137734904,63.6488761318663,63.2867260517671,68.1857638657447,58.8032500828854,52.5913206729688,61.2852635444413,63.0790897499826,43.7130227925886,63.6287915979743,49.7855288356186,58.1294637050492,60.9399436110533,60.1257109311623,62.854312105839,62.3124256302631,59.3953383128705,61.8522937824202,57.2552022133966,64.1696275301985,61.7893560617922,64.9548382843573,59.6592831371692,65.7989185214929,62.9674646647986,59.8621404870741,64.4303313985201,64.7628856927294
59.0473680927969,64.9825983985967,66.046452033332,62.3816137734904,63.6488761318663,63.2867260517671,68.1857638657447,58.8032500828854,52.5913206729688,61.2852635444413,63.0790897499826,43.7130227925886,63.6287915979743,49.7855288356186,58.1294637050492,60.9399436110533,60.1257109311623,62.854312105839,62.3124256302631,59.3953383128705,61.8522937824202,57.2552022133966,64.1696275301985,61.7893560617922,64.9548382843573,59.6592831371692,65.7989185214929,62.9674646647986,60.2015857885031,64.4303313985201,64.7628856927294
59.0473680927969,64.9825983985967,66.046452033332,62.3816137734904,63.6488761318663,63.2867260517671,68.1857638657447,59.0460031163481,52.6493794699395,61.2852635444413,63.0790897499826,43.7130227925886,63.6287915979743,49.7855288356186,58.1294637050492,60.9399436110533,60.1257109311623,62.854312105839,62.3124256302631,59.3953383128705,61.8522937824202,57.2552022133966,64.1696275301985,61.7893560617922,64.9548382843573,59.6592831371692,65.7989185214929,62.9674646647986,60.2015857885031,64.4303313985201,64.7628856927294
59.1529640083844,64.9825983985967,66.046452033332,62.3816137734904,63.6488761318663,63.2867260517671,68.1857638657447,59.0460031163481,52.6493794699395,61.2852635444413,63.4080943917804,43.7130227925886,63.6287915979743,49.7855288356186,58.1294637050492,60.9399436110533,60.1257109311623,62.854312105839,62.851434438662,59.3953383128705,61.8522937824202,57.2552022133966,64.1696275301985,61.7893560617922,64.9548382843573,59.6592831371692,65.7989185214929,62.9674646647986,60.2015857885031,64.4303313985201,64.7628856927294
59.1529640083844,64.9825983985967,66.046452033332,62.3816137734904,63.6488761318663,63.2867260517671,68.1857638657447,59.0460031163481,52.6493794699395,61.2852635444413,63.4080943917804,43.7130227925886,63.6287915979743,49.7855288356186,58.2845232667864,60.9399436110533,60.1257109311623,62.854312105839,62.851434438662,59.3953383128705,61.8522937824202,57.2552022133966,64.1696275301985,61.7893560617922,64.9548382843573,59.6592831371692,65.7989185214929,62.9674646647986,60.2015857885031,64.4303313985201,64.7628856927294
59.1529640083844,64.9825983985967,66.046452033332,62.3816137734904,63.6488761318663,63.2867260517671,68.1857638657447,59.0460031163481,52.6493794699395,61.2852635444413,63.4080943917804,43.7130227925886,63.6287915979743,49.7855288356186,58.2845232667864,60.9399436110533,60.1257109311623,62.854312105839,62.851434438662,59.3953383128705,62.3163056768392,57.2552022133966,64.1696275301985,61.9062353028513,64.9548382843573,59.6592831371692,65.7989185214929,63.5853351830874,60.2015857885031,64.7275016415681,64.7628856927294
59.2195232244974,64.9825983985967,66.046452033332,62.3816137734904,63.6488761318663,63.2867260517671,68.1857638657447,59.0460031163481,52.6493794699395,61.2852635444413,63.4080943917804,43.7130227925886,63.6287915979743,49.7855288356186,58.2845232667864,60.9399436110533,60.1257109311623,62.854312105839,62.851434438662,59.3953383128705,62.3163056768392,57.2552022133966,64.1696275301985,61.9062353028513,65.1610066658416,59.6592831371692,65.7989185214929,63.5853351830874,60.2015857885031,64.7275016415681,64.7628856927294
59.2195232244974,64.9825983985967,66.046452033332,62.3816137734904,63.6488761318663,63.2867260517671,68.1857638657447,59.0460031163481,52.6493794699395,61.2852635444413,63.4080943917804,43.7893154901224,63.6287915979743,49.7855288356186,58.2845232667864,60.9399436110533,60.1257109311623,62.854312105839,62.851434438662,59.3953383128705,62.3163056768392,57.2552022133966,64.1696275301985,61.9062353028513,65.1610066658416,59.6592831371692,65.7989185214929,63.5853351830874,60.2015857885031,64.7275016415681,64.7628856927294
59.2195232244974,64.9825983985967,66.046452033332,62.3816137734904,63.7148288036488,63.2867260517671,68.1857638657447,59.0460031163481,52.6493794699395,61.2852635444413,63.4080943917804,43.7893154901224,63.6287915979743,49.7869649235267,58.2845232667864,60.9399436110533,60.1257109311623,62.854312105839,62.851434438662,59.3953383128705,62.3163056768392,57.2552022133966,64.1696275301985,61.9062353028513,65.1610066658416,59.6592831371692,65.7989185214929,63.5853351830874,60.2015857885031,64.7275016415681,64.7628856927294
59.2195232244974,64.9825983985967,66.046452033332,62.3816137734904,63.7148288036488,63.2867260517671,68.1857638657447,59.0460031163481,52.6493794699395,61.2852635444413,63.4080943917804,43.7893154901224,63.6287915979743,49.7869649235267,58.2845232667864,60.9399436110533,60.53892733564,62.854312105839,62.851434438662,59.3953383128705,62.3163056768392,57.2552022133966,64.1696275301985,61.9062353028513,65.1610066658416,59.6592831371692,65.7989185214929,63.5853351830874,60.2015857885031,64.7275016415681,64.7628856927294
59.2195232244974,64.9825983985967,66.046452033332,62.3816137734904,63.7148288036488,63.2867260517671,68.277986123795,59.0460031163481,52.6493794699395,61.2852635444413,63.4080943917804,43.7893154901224,63.6287915979743,49.7869649235267,58.2845232667864,60.9399436110533,60.53892733564,62.854312105839,62.851434438662,59.3953383128705,62.3163056768392,57.2552022133966,64.1696275301985,61.9062353028513,65.1610066658416,59.6592831371692,65.7989185214929,63.5853351830874,60.2015857885031,64.7275016415681,64.7628856927294
59.2195232244974,64.9825983985967,66.046452033332,62.3816137734904,63.7148288036488,63.2867260517671,68.277986123795,59.0460031163481,52.6493794699395,61.2852635444413,63.4080943917804,43.7893154901224,63.6287915979743,49.7869649235267,58.2845232667864,60.9399436110533,60.53892733564,62.854312105839,62.851434438662,59.3953383128705,62.3163056768392,57.2552022133966,64.1696275301985,61.9062353028513,65.1610066658416,59.6592831371692,65.7989185214929,63.5853351830874,60.2015857885031,64.7275016415681,64.7628856927294
59.2195232244974,64.9825983985967,66.046452033332,62.3816137734904,63.7148288036488,63.2867260517671,68.277986123795,59.0460031163481,52.6493794699395,61.2852635444413,63.4080943917804,43.7893154901224,63.6287915979743,49.7869649235267,58.7201375665287,60.9399436110533,60.53892733564,62.854312105839,62.851434438662,59.3953383128705,62.3163056768392,57.2552022133966,64.6738016474074,61.9062353028513,65.1610066658416,59.6592831371692,65.7989185214929,63.5853351830874,60.2015857885031,64.7275016415681,64.7628856927294
59.3621209883717,64.9825983985967,66.046452033332,62.3816137734904,63.7148288036488,63.2867260517671,68.277986123795,59.7172322178967,53.0181065481961,61.2852635444413,63.4080943917804,43.7893154901224,63.6287915979743,49.7869649235267,58.7201375665287,60.9399436110533,60.53892733564,62.854312105839,62.851434438662,59.3953383128705,62.3163056768392,57.2552022133966,64.6738016474074,61.9062353028513,65.1610066658416,59.6592831371692,65.8380689560887,63.5853351830874,60.2015857885031,64.7275016415681,64.7628856927294
59.3621209883717,64.9825983985967,66.046452033332,62.3816137734904,63.7148288036488,63.2867260517671,68.277986123795,59.7172322178967,53.0181065481961,61.2852635444413,63.4080943917804,43.7893154901224,63.6287915979743,49.7869649235267,58.7201375665287,60.9399436110533,60.53892733564,62.854312105839,62.9839894932683,59.3953383128705,62.3163056768392,57.2552022133966,64.6738016474074,61.9062353028513,65.1610066658416,59.6592831371692,65.8380689560887,63.5853351830874,60.2015857885031,64.7275016415681,64.7628856927294
59.3621209883717,64.9825983985967,66.046452033332,62.3816137734904,63.7148288036488,63.2867260517671,68.277986123795,59.7172322178967,53.0181065481961,61.2852635444413,63.4080943917804,43.7893154901224,63.6287915979743,49.7869649235267,58.7201375665287,60.9399436110533,60.53892733564,63.0121288786527,62.9839894932683,59.4867154435307,62.3163056768392,57.2552022133966,64.6738016474074,61.9062353028513,65.1610066658416,59.6592831371692,65.8380689560887,63.5853351830874,60.2015857885031,64.8465837154801,64.7628856927294
59.3621209883717,64.9825983985967,66.046452033332,62.3816137734904,63.7148288036488,63.2867260517671,68.277986123795,59.7172322178967,53.0181065481961,61.2852635444413,63.4080943917804,43.7893154901224,63.6287915979743,49.7869649235267,58.7201375665287,60.9399436110533,60.53892733564,63.0121288786527,62.9839894932683,59.4867154435307,62.3163056768392,57.2552022133966,64.6738016474074,61.9062353028513,65.4542963942881,59.6592831371692,65.8380689560887,63.5853351830874,60.2015857885031,64.8465837154801,64.7628856927294
59.3621209883717,64.9825983985967,66.046452033332,62.3816137734904,63.7148288036488,63.2867260517671,68.277986123795,59.7172322178967,53.0181065481961,61.2852635444413,63.4080943917804,43.7893154901224,63.6287915979743,49.7869649235267,58.7201375665287,60.9399436110533,60.53892733564,63.0121288786527,62.9839894932683,59.4867154435307,62.3163056768392,57.2552022133966,64.6738016474074,62.2341100646158,65.4542963942881,59.6592831371692,65.8380689560887,63.5853351830874,60.2015857885031,64.8465837154801,64.7628856927294
59.3621209883717,64.9825983985967,66.046452033332,62.3816137734904,63.7148288036488,63.2867260517671,68.277986123795,59.7172322178967,53.0181065481961,61.2852635444413,63.4080943917804,44.180415669235,63.6287915979743,49.7869649235267,58.7201375665287,60.9399436110533,60.53892733564,63.0121288786527,62.9839894932683,59.4867154435307,62.3163056768392,57.2552022133966,64.6738016474074,62.2341100646158,65.4542963942881,59.6592831371692,65.8380689560887,63.5853351830874,60.2015857885031,64.8465837154801,64.7628856927294
59.3621209883717,65.0057662147945,66.046452033332,62.3816137734904,63.7976781412402,63.2867260517671,68.277986123795,59.7172322178967,53.0181065481961,61.2852635444413,63.4080943917804,44.180415669235,63.6287915979743,49.7869649235267,58.7201375665287,60.9399436110533,60.53892733564,63.0121288786527,62.9839894932683,59.4867154435307,62.3163056768392,57.2552022133966,64.6738016474074,62.2341100646158,65.4542963942881,59.6592831371692,65.8380689560887,63.5853351830874,60.2015857885031,64.8465837154801,64.7628856927294
59.3621209883717,65.0057662147945,66.046452033332,62.3816137734904,63.7976781412402,63.2867260517671,68.277986123795,59.7172322178967,53.0181065481961,61.2852635444413,63.4080943917804,44.180415669235,63.6287915979743,49.7947280779166,58.7201375665287,60.9399436110533,60.53892733564,63.0121288786527,62.9839894932683,59.4867154435307,62.3163056768392,57.2552022133966,64.6738016474074,62.2341100646158,65.4542963942881,59.6592831371692,65.8380689560887,63.5853351830874,60.2015857885031,64.8465837154801,64.7628856927294
59.3621209883717,65.0057662147945,66.046452033332,62.3816137734904,63.7976781412402,63.2867260517671,68.277986123795,59.7172322178967,53.0181065481961,61.2852635444413,63.4080943917804,44.180415669235,63.6287915979743,49.7947280779166,58.7201375665287,60.9399436110533,60.53892733564,63.0121288786527,62.9839894932683,59.4867154435307,62.3163056768392,57.3756497081525,64.6738016474074,62.2341100646158,65.4542963942881,59.6592831371692,65.8380689560887,63.5853351830874,60.2015857885031,64.8465837154801,64.7628856927294
59.3621209883717,65.0057662147945,66.046452033332,62.3816137734904,63.7976781412402,63.2867260517671,68.277986123795,59.7172322178967,53.0181065481961,61.2852635444413,63.4080943917804,44.180415669235,63.6287915979743,49.7947280779166,58.7201375665287,60.9399436110533,60.53892733564,63.0121288786527,62.9839894932683,59.4867154435307,62.3163056768392,57.3756497081525,64.6738016474074,62.2341100646158,65.4542963942881,59.6592831371692,65.8380689560887,63.5853351830874,60.2015857885031,64.8465837154801,64.7628856927294
59.3621209883717,65.0057662147945,66.046452033332,62.3816137734904,63.7976781412402,63.2867260517671,68.277986123795,59.7172322178967,53.0181065481961,61.2852635444413,63.4080943917804,44.180415669235,63.6287915979743,49.7947280779166,58.7201375665287,60.9399436110533,60.53892733564,63.0121288786527,62.9839894932683,59.4867154435307,62.3163056768392,57.3756497081525,64.6738016474074,62.2341100646158,65.4542963942881,59.6592831371692,65.8380689560887,63.5853351830874,60.2015857885031,64.8465837154801,64.7628856927294
59.3621209883717,65.0057662147945,66.046452033332,62.3816137734904,63.7976781412402,63.2867260517671,68.277986123795,59.7172322178967,53.0181065481961,61.2852635444413,63.4080943917804,44.180415669235,63.6287915979743,49.7947280779166,58.7201375665287,60.9399436110533,60.53892733564,63.0121288786527,63.2208512017324,59.4867154435307,62.3163056768392,57.3756497081525,64.6738016474074,62.2341100646158,65.4542963942881,59.6592831371692,65.8380689560887,63.5853351830874,60.2015857885031,64.8465837154801,64.7628856927294
59.3621209883717,65.0057662147945,66.046452033332,62.3816137734904,63.7976781412402,63.2867260517671,68.277986123795,59.7172322178967,53.0181065481961,61.2852635444413,63.4080943917804,44.180415669235,63.6287915979743,49.7947280779166,58.7262861724273,61.7898534904177,60.53892733564,63.1997075589841,63.2208512017324,59.4867154435307,62.7242013873043,57.3756497081525,64.6738016474074,62.2341100646158,65.4542963942881,59.6592831371692,65.8380689560887,64.3529266547694,60.2015857885031,65.8664006426955,64.7628856927294
59.3621209883717,65.0057662147945,66.046452033332,62.3816137734904,63.7976781412402,63.2867260517671,68.277986123795,59.7172322178967,53.0181065481961,61.2852635444413,63.4080943917804,44.180415669235,63.6665820885149,49.7947280779166,58.7262861724273,61.7898534904177,60.53892733564,63.1997075589841,63.2208512017324,59.4867154435307,62.7242013873043,57.3756497081525,64.6738016474074,62.2341100646158,65.4542963942881,59.6592831371692,65.8380689560887,64.3529266547694,60.2015857885031,65.8664006426955,64.7628856927294
59.3621209883717,65.0057662147945,66.046452033332,62.3816137734904,63.7976781412402,63.2867260517671,68.277986123795,59.7172322178967,53.0181065481961,61.2852635444413,63.4080943917804,44.180415669235,63.6665820885149,49.7947280779166,58.7262861724273,61.7898534904177,60.53892733564,63.1997075589841,63.2208512017324,59.4867154435307,62.7242013873043,57.3756497081525,64.6738016474074,62.2341100646158,65.5690789425967,59.6592831371692,65.8380689560887,64.3529266547694,60.2015857885031,65.8664006426955,64.7628856927294
59.3621209883717,65.0057662147945,66.046452033332,62.3816137734904,63.7976781412402,63.2867260517671,68.277986123795,59.7172322178967,53.0181065481961,61.2852635444413,63.4080943917804,44.180415669235,63.6665820885149,49.7947280779166,58.7262861724273,61.7898534904177,60.53892733564,63.1997075589841,63.2208512017324,59.4867154435307,62.7242013873043,57.3756497081525,64.6738016474074,62.2341100646158,65.5690789425967,59.6592831371692,65.8380689560887,64.3529266547694,60.2015857885031,65.8664006426955,64.7628856927294
59.3621209883717,65.0057662147945,66.046452033332,62.3816137734904,63.8641309463191,63.2867260517671,68.277986123795,59.7172322178967,53.0181065481961,61.2852635444413,63.4080943917804,44.2933316093065,63.6665820885149,49.7947280779166,58.7262861724273,61.7898534904177,60.53892733564,63.1997075589841,63.2208512017324,59.4867154435307,62.7242013873043,57.3756497081525,64.6738016474074,62.2341100646158,65.5690789425967,59.6592831371692,65.8380689560887,64.3529266547694,60.2015857885031,65.8664006426955,64.7628856927294
59.3621209883717,65.0057662147945,66.046452033332,62.3816137734904,63.8641309463191,63.2867260517671,68.277986123795,59.7172322178967,53.0181065481961,61.2852635444413,63.4080943917804,44.2933316093065,63.6665820885149,49.7947280779166,58.7262861724273,61.7898534904177,60.53892733564,63.1997075589841,63.2208512017324,59.4867154435307,62.7242013873043,57.3756497081525,64.6738016474074,62.2341100646158,65.5690789425967,59.6592831371692,65.8380689560887,64.3529266547694,60.2015857885031,65.8664006426955,64.7628856927294
59.3621209883717,65.0057662147945,66.046452033332,62.3816137734904,63.8641309463191,63.2867260517671,68.277986123795,59.7172322178967,53.0181065481961,61.2852635444413,63.4080943917804,44.2933316093065,63.6665820885149,49.8373479266595,58.7262861724273,61.7898534904177,60.53892733564,63.1997075589841,63.2208512017324,59.4867154435307,62.7242013873043,57.3756497081525,64.6738016474074,62.2341100646158,65.5690789425967,59.6592831371692,65.8380689560887,64.3529266547694,60.2015857885031,65.8664006426955,64.7628856927294
59.3621209883717,65.0057662147945,66.046452033332,62.3816137734904,63.8641309463191,63.2867260517671,68.277986123795,59.7172322178967,53.0181065481961,61.2852635444413,63.4080943917804,44.2933316093065,63.6665820885149,49.8373479266595,58.7262861724273,61.7898534904177,60.53892733564,63.1997075589841,63.2208512017324,59.4867154435307,62.7242013873043,57.422513259297,64.6738016474074,62.2341100646158,65.5690789425967,59.6592831371692,65.8380689560887,64.3529266547694,60.2015857885031,65.8664006426955,64.7628856927294
59.3621209883717,65.0057662147945,66.046452033332,62.3816137734904,63.8641309463191,63.2867260517671,68.277986123795,59.7172322178967,53.0181065481961,61.2852635444413,63.4080943917804,44.2933316093065,63.6665820885149,49.8373479266595,58.7262861724273,61.7898534904177,60.53892733564,63.1997075589841,63.2208512017324,59.4867154435307,62.7242013873043,57.422513259297,64.8952253709219,62.2341100646158,65.5690789425967,59.6592831371692,65.8380689560887,64.3529266547694,60.2015857885031,65.8664006426955,64.7628856927294
59.3621209883717,65.0057662147945,66.046452033332,62.3816137734904,63.8641309463191,63.2867260517671,68.277986123795,59.7172322178967,53.0181065481961,61.2852635444413,63.4080943917804,44.2933316093065,63.6665820885149,49.8373479266595,58.7262861724273,61.7898534904177,60.53892733564,63.1997075589841,63.2208512017324,59.4867154435307,62.7242013873043,57.422513259297,64.8952253709219,62.2341100646158,65.5690789425967,59.6592831371692,65.8382044664872,64.3529266547694,60.2015857885031,65.8664006426955,64.7628856927294
59.3621209883717,65.0057662147945,66.046452033332,62.3816137734904,63.8641309463191,63.2867260517671,68.277986123795,59.7172322178967,53.2341609915306,61.2852635444413,63.4080943917804,44.2933316093065,63.6665820885149,49.8373479266595,58.7262861724273,61.7898534904177,60.53892733564,63.8098822973002,63.2208512017324,59.4867154435307,62.7242013873043,57.422513259297,64.8952253709219,62.2341100646158,65.5690789425967,59.6592831371692,65.8382044664872,64.3529266547694,60.2015857885031,66.0322135193232,64.7628856927294
59.3621209883717,65.0057662147945,66.046452033332,62.3816137734904,63.8641309463191,63.2867260517671,68.277986123795,59.7172322178967,53.2341609915306,61.2852635444413,63.4080943917804,44.2933316093065,63.6665820885149,49.8373479266595,58.9676318802911,61.7898534904177,60.53892733564,63.8098822973002,63.2208512017324,59.4867154435307,62.7242013873043,57.422513259297,64.8952253709219,62.2341100646158,65.5690789425967,59.6592831371692,65.8382044664872,64.7881311889021,60.2015857885031,66.0322135193232,64.9720472847121
59.3621209883717,65.0057662147945,66.046452033332,62.3816137734904,63.8641309463191,63.2867260517671,68.277986123795,59.7172322178967,53.2341609915306,61.2852635444413,63.4080943917804,44.2933316093065,63.6665820885149,49.8373479266595,58.9676318802911,61.7898534904177,60.53892733564,63.8098822973002,63.2208512017324,59.4867154435307,62.7242013873043,57.422513259297,64.8952253709219,62.2341100646158,65.5947344755862,59.6592831371692,65.8382044664872,64.7881311889021,60.2015857885031,66.0322135193232,64.9720472847121
59.3621209883717,65.0057662147945,66.046452033332,62.3816137734904,63.8641309463191,63.2867260517671,68.277986123795,59.7172322178967,53.2341609915306,61.2852635444413,63.4080943917804,44.2933316093065,63.6665820885149,49.8373479266595,58.9676318802911,61.7898534904177,60.53892733564,63.8098822973002,63.2208512017324,59.4867154435307,62.7242013873043,57.422513259297,64.8952253709219,62.2341100646158,65.5947344755862,59.6592831371692,65.8382044664872,64.7881311889021,60.2015857885031,66.0322135193232,64.9720472847121
59.3621209883717,65.0057662147945,66.046452033332,62.3816137734904,63.8641309463191,63.2867260517671,68.277986123795,59.7172322178967,53.2341609915306,61.2852635444413,63.4080943917804,44.4053115120034,63.6665820885149,49.8373479266595,58.9676318802911,61.7898534904177,60.53892733564,63.8098822973002,63.2208512017324,59.4867154435307,62.7242013873043,57.422513259297,64.8952253709219,62.2341100646158,65.5947344755862,59.6592831371692,65.8382044664872,64.7881311889021,60.2015857885031,66.0322135193232,64.9720472847121
59.3621209883717,65.0057662147945,66.046452033332,62.3816137734904,63.9072373758376,63.2867260517671,68.277986123795,59.7172322178967,53.2341609915306,61.2855579346347,63.4080943917804,44.4053115120034,63.6665820885149,49.8373479266595,58.9676318802911,61.7898534904177,60.53892733564,63.8098822973002,63.2208512017324,59.4867154435307,62.7242013873043,57.422513259297,64.8952253709219,62.2341100646158,65.5947344755862,59.6592831371692,65.8382044664872,64.7881311889021,60.2015857885031,66.0322135193232,64.9720472847121
59.3621209883717,65.0688684778664,66.046452033332,62.3816137734904,63.9072373758376,63.2888594285807,68.277986123795,59.7172322178967,53.2341609915306,61.2855579346347,63.4080943917804,44.4053115120034,63.6665820885149,49.8373479266595,58.9676318802911,61.7898534904177,60.53892733564,63.8098822973002,63.2208512017324,59.4867154435307,62.7242013873043,57.422513259297,64.8952253709219,62.2341100646158,65.5947344755862,59.6592831371692,65.8382044664872,64.7881311889021,60.2015857885031,66.0322135193232,64.9720472847121
59.3621209883717,65.0688684778664,66.046452033332,62.3816137734904,63.9072373758376,63.2888594285807,68.277986123795,59.7172322178967,53.2341609915306,61.2855579346347,63.4080943917804,44.4053115120034,63.6665820885149,49.8373479266595,58.9676318802911,61.7898534904177,60.53892733564,63.8098822973002,63.2208512017324,59.4867154435307,62.7242013873043,57.4251991945542,64.8952253709219,62.2341100646158,65.5947344755862,59.6592831371692,65.8382044664872,64.7881311889021,60.2015857885031,66.0322135193232,64.9720472847121
59.3621209883717,65.0688684778664,66.046452033332,62.3816137734904,63.9072373758376,63.2888594285807,68.277986123795,59.7172322178967,53.2341609915306,61.2855579346347,63.4080943917804,44.4053115120034,63.6665820885149,49.8373479266595,59.1793612941366,61.7898534904177,60.53892733564,63.8098822973002,63.2208512017324,59.4867154435307,62.7242013873043,57.4251991945542,65.4126343510617,62.2341100646158,65.5947344755862,59.6592831371692,65.8382044664872,64.7881311889021,60.2015857885031,66.0322135193232,64.9720472847121
59.3621209883717,65.0688684778664,66.046452033332,62.3816137734904,63.9072373758376,63.2888594285807,68.277986123795,59.7172322178967,53.2341609915306,61.2855579346347,63.5048733176734,44.4053115120034,63.6665820885149,49.8373479266595,59.1793612941366,61.7898534904177,60.53892733564,63.8098822973002,63.2208512017324,59.4867154435307,62.7242013873043,57.4251991945542,65.4126343510617,62.2341100646158,65.5947344755862,59.6592831371692,65.8382044664872,64.7881311889021,60.2015857885031,66.0322135193232,64.9720472847121
59.3621209883717,65.0688684778664,66.046452033332,62.3816137734904,63.9072373758376,63.2888594285807,68.277986123795,59.7172322178967,53.2341609915306,61.2855579346347,63.5048733176734,44.4053115120034,63.6665820885149,49.8373479266595,59.1793612941366,61.7898534904177,60.53892733564,64.7544325064095,63.2208512017324,59.4867154435307,62.7242013873043,57.4251991945542,65.4126343510617,62.2341100646158,65.5947344755862,59.6592831371692,65.8382044664872,64.7881311889021,60.2015857885031,66.0322135193232,64.9720472847121
59.3621209883717,65.0688684778664,66.046452033332,62.3816137734904,63.9072373758376,63.2888594285807,68.277986123795,59.7172322178967,53.2341609915306,61.2855579346347,63.5048733176734,44.4053115120034,63.6665820885149,49.8373479266595,59.1793612941366,61.7898534904177,60.53892733564,64.7544325064095,63.2208512017324,59.4867154435307,62.7242013873043,57.4251991945542,65.4126343510617,62.2341100646158,65.5947344755862,59.6592831371692,65.8382044664872,64.7881311889021,60.2015857885031,66.297532698494,64.9720472847121
59.3621209883717,65.0688684778664,66.046452033332,62.3816137734904,63.9072373758376,63.2888594285807,68.277986123795,59.7172322178967,53.2341609915306,61.2855579346347,63.5048733176734,44.4053115120034,63.9760975340735,49.8373479266595,59.1793612941366,61.7898534904177,60.53892733564,64.7544325064095,63.2208512017324,59.4867154435307,62.7242013873043,57.4251991945542,65.4126343510617,62.2341100646158,65.8260079695016,59.6592831371692,65.8382044664872,64.7881311889021,60.4691880713512,66.297532698494,64.9720472847121
59.3621209883717,65.0688684778664,66.046452033332,62.3816137734904,63.9072373758376,63.2888594285807,68.277986123795,59.7172322178967,53.2341609915306,61.2855579346347,63.5048733176734,44.4053115120034,63.9760975340735,49.8373479266595,59.1793612941366,61.7898534904177,60.53892733564,64.7544325064095,63.2208512017324,59.4867154435307,62.7242013873043,57.4251991945542,65.4126343510617,62.2341100646158,65.8260079695016,59.6592831371692,65.8382044664872,64.7881311889021,60.4691880713512,66.297532698494,64.9720472847121
59.3621209883717,65.0688684778664,66.046452033332,62.3816137734904,63.9072373758376,63.2888594285807,68.277986123795,59.7172322178967,53.2341609915306,61.2855579346347,63.5048733176734,44.4053115120034,63.9760975340735,49.8373479266595,59.1793612941366,61.7898534904177,60.53892733564,64.7544325064095,63.2208512017324,59.4867154435307,62.7242013873043,57.4251991945542,65.4126343510617,62.2341100646158,65.8260079695016,59.6592831371692,65.8382044664872,64.7881311889021,60.4691880713512,66.297532698494,64.9720472847121
59.3621209883717,65.0688684778664,66.046452033332,62.3816137734904,63.9072373758376,63.2888594285807,68.277986123795,59.7172322178967,53.2341609915306,61.2855579346347,63.5048733176734,44.4053115120034,63.9760975340735,49.8373479266595,59.1793612941366,61.7898534904177,60.53892733564,64.7544325064095,63.2208512017324,59.4867154435307,62.7242013873043,57.4251991945542,65.4126343510617,62.2341100646158,65.8260079695016,59.6592831371692,65.8382044664872,64.7881311889021,60.4691880713512,66.297532698494,64.9720472847121
59.3621209883717,65.0688684778664,66.046452033332,62.3816137734904,63.9072373758376,63.2888594285807,68.277986123795,59.7172322178967,53.2341609915306,61.2855579346347,63.5048733176734,44.4053115120034,63.9760975340735,49.8373479266595,59.1793612941366,61.7898534904177,60.53892733564,64.7544325064095,63.2208512017324,59.4867154435307,62.7242013873043,57.4251991945542,65.4126343510617,62.2341100646158,65.8260079695016,59.6592831371692,65.8382044664872,64.7881311889021,60.4691880713512,66.297532698494,64.9720472847121
59.3621209883717,65.0688684778664,66.046452033332,62.3816137734904,63.9072373758376,63.662849210809,68.277986123795,59.7172322178967,53.3309829946734,61.2855579346347,63.5048733176734,44.4053115120034,63.9760975340735,49.8373479266595,59.1793612941366,61.7898534904177,60.53892733564,64.7544325064095,63.2208512017324,59.4867154435307,62.7242013873043,57.4251991945542,65.4126343510617,62.2341100646158,65.8260079695016,59.6592831371692,65.8382044664872,64.7881311889021,60.4691880713512,66.297532698494,64.9720472847121
59.3621209883717,65.1152376853571,66.046452033332,62.3816137734904,63.9627269438829,63.662849210809,68.277986123795,59.7172322178967,53.3309829946734,61.2855579346347,63.5048733176734,44.4053115120034,63.9760975340735,49.9254149530742,59.1793612941366,61.7898534904177,60.53892733564,64.7544325064095,63.2208512017324,59.4867154435307,62.7242013873043,57.4704491391578,65.4126343510617,62.2341100646158,65.8260079695016,59.6592831371692,65.8382044664872,64.7881311889021,60.4691880713512,66.297532698494,64.9720472847121
59.3621209883717,65.1152376853571,66.046452033332,62.3816137734904,63.9627269438829,63.662849210809,68.277986123795,59.7172322178967,53.3309829946734,61.2855579346347,64.5952151636466,44.4053115120034,63.9760975340735,49.9254149530742,59.1793612941366,61.7898534904177,60.53892733564,64.7544325064095,63.2208512017324,59.4867154435307,62.7242013873043,57.4704491391578,65.8326974557438,62.2341100646158,65.8260079695016,59.6592831371692,65.8382044664872,64.7881311889021,60.4691880713512,66.297532698494,64.9720472847121
59.3621209883717,65.1152376853571,66.046452033332,62.3816137734904,63.9627269438829,63.662849210809,68.277986123795,59.7172322178967,53.3309829946734,61.2855579346347,64.5952151636466,44.4053115120034,63.9760975340735,49.9254149530742,59.1793612941366,61.7898534904177,60.53892733564,65.153431650721,63.3691017271884,59.4867154435307,62.7242013873043,57.4704491391578,65.8326974557438,62.2341100646158,65.8260079695016,59.6592831371692,65.8382044664872,64.7881311889021,60.4691880713512,66.297532698494,64.9720472847121
59.3621209883717,65.1152376853571,66.046452033332,62.3816137734904,63.9627269438829,63.662849210809,68.277986123795,59.7172322178967,53.3309829946734,61.2855579346347,64.5952151636466,44.4053115120034,63.9760975340735,49.9254149530742,59.1793612941366,61.7898534904177,60.53892733564,65.153431650721,63.3691017271884,59.4867154435307,62.7242013873043,57.4704491391578,65.8326974557438,62.2341100646158,65.8260079695016,59.6592831371692,65.8382044664872,64.7881311889021,60.4691880713512,66.297532698494,65.0992102790865
59.3621209883717,65.1152376853571,66.046452033332,62.3816137734904,63.9627269438829,63.662849210809,68.277986123795,59.7172322178967,53.3309829946734,61.2855579346347,64.5952151636466,44.4053115120034,64.2405724279348,49.9254149530742,59.1793612941366,61.7898534904177,60.53892733564,65.153431650721,63.3691017271884,59.4867154435307,62.7718945084406,57.4704491391578,65.8326974557438,62.2341100646158,65.8260079695016,59.6592831371692,65.8382044664872,64.8792242456228,60.4691880713512,66.297532698494,65.0992102790865
59.3621209883717,65.1152376853571,66.046452033332,62.3816137734904,63.9627269438829,63.662849210809,68.277986123795,59.7172322178967,53.3309829946734,61.2855579346347,64.5952151636466,44.4053115120034,64.2405724279348,49.9254149530742,59.2938683793623,61.7898534904177,60.5642116929016,65.153431650721,63.3691017271884,59.4989423798438,62.7718945084406,57.4704491391578,65.8326974557438,62.2341100646158,65.8917777308448,59.6592831371692,65.8382044664872,64.8792242456228,60.4852384763744,66.297532698494,65.0992102790865
59.3621209883717,65.1152376853571,66.046452033332,62.3816137734904,63.9627269438829,63.662849210809,68.277986123795,59.7172322178967,53.3309829946734,61.2855579346347,64.5952151636466,44.4053115120034,64.2405724279348,49.9254149530742,59.2938683793623,61.7898534904177,60.5642116929016,65.153431650721,63.3691017271884,59.4989423798438,62.7718945084406,57.4704491391578,65.8326974557438,62.2341100646158,65.8917777308448,59.6592831371692,65.8382044664872,64.8792242456228,60.4852384763744,66.297532698494,65.0992102790865
59.3621209883717,65.1152376853571,66.046452033332,62.3816137734904,63.9627269438829,63.662849210809,68.277986123795,59.7172322178967,53.3309829946734,61.3270701332964,64.5952151636466,44.448643230288,64.2405724279348,49.9254149530742,59.2938683793623,61.7898534904177,60.5642116929016,65.153431650721,63.3691017271884,59.4989423798438,62.7718945084406,57.4704491391578,65.8326974557438,62.2341100646158,65.8917777308448,59.6592831371692,65.8382044664872,64.8792242456228,60.4852384763744,66.297532698494,65.0992102790865
59.3621209883717,65.1152376853571,66.046452033332,62.3816137734904,63.9627269438829,63.662849210809,68.277986123795,59.7172322178967,53.3309829946734,61.3270701332964,64.5952151636466,44.448643230288,64.2405724279348,49.9254149530742,59.2938683793623,61.7898534904177,60.5642116929016,65.153431650721,63.3691017271884,59.4989423798438,62.7718945084406,57.4704491391578,65.8326974557438,62.2341100646158,65.8917777308448,60.0423540624648,65.8382044664872,64.8792242456228,60.4852384763744,66.297532698494,65.0992102790865
59.3621209883717,65.1152376853571,66.046452033332,62.3816137734904,63.9627269438829,63.8849233358328,68.277986123795,59.7172322178967,53.3309829946734,61.3270701332964,64.5952151636466,44.448643230288,64.2405724279348,49.9254149530742,59.2938683793623,61.7898534904177,60.5642116929016,65.153431650721,63.3691017271884,59.4989423798438,62.7718945084406,57.4704491391578,65.8326974557438,62.2341100646158,65.8917777308448,60.0423540624648,65.8382044664872,64.8792242456228,60.4852384763744,66.297532698494,65.0992102790865
59.3621209883717,65.1152376853571,66.046452033332,63.7343929827214,63.9627269438829,63.8849233358328,68.277986123795,59.7172322178967,53.3491038927549,61.3270701332964,64.5952151636466,44.448643230288,64.2405724279348,49.9399357402362,59.2938683793623,61.7898534904177,60.5642116929016,65.153431650721,63.3691017271884,59.4989423798438,62.7718945084406,57.4704491391578,65.8326974557438,62.2341100646158,65.8917777308448,60.0423540624648,65.8382044664872,64.8792242456228,60.4852384763744,66.297532698494,65.0992102790865
59.3621209883717,65.1152376853571,66.046452033332,63.7343929827214,64.00708533976,63.8849233358328,68.277986123795,59.7172322178967,53.3491038927549,61.3270701332964,64.5952151636466,44.448643230288,64.2405724279348,49.9399357402362,59.2938683793623,61.7898534904177,60.5642116929016,65.153431650721,63.3691017271884,59.4989423798438,62.7718945084406,57.4955563873685,65.8326974557438,62.2341100646158,65.8917777308448,60.0423540624648,65.8382044664872,64.8792242456228,60.4852384763744,66.297532698494,65.0992102790865
59.3621209883717,65.349677308402,66.046452033332,63.7343929827214,64.00708533976,63.8849233358328,68.277986123795,59.7172322178967,53.3491038927549,61.3270701332964,64.9703416744129,44.448643230288,64.2405724279348,49.9399357402362,59.2938683793623,61.7898534904177,60.5642116929016,65.1764769068236,63.9776707975753,59.4989423798438,62.7718945084406,57.4955563873685,65.8326974557438,62.2341100646158,65.8917777308448,60.0423540624648,65.8382044664872,64.8792242456228,60.4852384763744,66.297532698494,65.0992102790865
59.3621209883717,65.349677308402,66.046452033332,63.7343929827214,64.00708533976,63.8849233358328,68.277986123795,59.7172322178967,53.3491038927549,61.3270701332964,64.9703416744129,44.448643230288,64.2405724279348,49.9399357402362,59.2938683793623,61.7898534904177,60.5642116929016,65.1764769068236,63.9776707975753,59.4989423798438,62.7718945084406,57.4955563873685,65.8326974557438,62.2341100646158,65.8917777308448,60.0423540624648,65.8382044664872,64.8792242456228,60.4852384763744,66.297532698494,65.2122587491273
59.3621209883717,65.349677308402,66.046452033332,63.7343929827214,64.00708533976,63.8849233358328,68.277986123795,59.7442159307048,53.3491038927549,61.3270701332964,64.9703416744129,44.448643230288,64.2405724279348,49.9399357402362,59.2938683793623,61.7898534904177,60.5642116929016,65.1764769068236,63.9776707975753,59.4989423798438,62.7718945084406,57.4955563873685,65.8326974557438,62.2341100646158,65.8917777308448,60.0423540624648,65.8907834512067,64.8792242456228,60.4852384763744,66.4689144398753,65.2122587491273
59.3621209883717,65.349677308402,66.046452033332,63.7343929827214,64.00708533976,63.8849233358328,68.277986123795,59.7442159307048,54.3166116891409,61.3270701332964,64.9703416744129,44.448643230288,64.289030088379,49.9399357402362,59.3825043856082,61.7898534904177,60.5642116929016,65.1764769068236,63.9776707975753,59.4989423798438,62.7718945084406,57.4955563873685,65.8326974557438,62.2341100646158,66.488999021721,60.0423540624648,65.8907834512067,65.0770084711007,60.4852384763744,66.4689144398753,65.2122587491273
59.3621209883717,65.349677308402,66.0505165336883,63.7343929827214,64.00708533976,63.8849233358328,68.2893874851945,59.7442159307048,54.3166116891409,61.3270701332964,64.9703416744129,44.448643230288,64.289030088379,49.9399357402362,59.3825043856082,61.7898534904177,60.676490318835,65.1764769068236,63.9776707975753,59.4989423798438,62.7718945084406,57.4955563873685,65.8326974557438,62.2341100646158,66.488999021721,60.0423540624648,65.8907834512067,65.0770084711007,60.6700050629643,66.4689144398753,65.2122587491273
59.3621209883717,65.349677308402,66.0505165336883,63.7343929827214,64.00708533976,63.8849233358328,68.2893874851945,59.7442159307048,54.3166116891409,61.3270701332964,64.9703416744129,44.448643230288,64.289030088379,49.9399357402362,59.3825043856082,61.7898534904177,60.676490318835,65.1764769068236,63.9776707975753,59.5281110459278,62.7718945084406,57.4955563873685,65.8326974557438,62.2341100646158,66.488999021721,60.0423540624648,65.8907834512067,65.0770084711007,60.6700050629643,66.4689144398753,65.2122587491273
59.3621209883717,65.349677308402,66.0505165336883,63.7343929827214,64.00708533976,63.8849233358328,68.2893874851945,59.7442159307048,54.3166116891409,61.3527281560512,64.9703416744129,44.448643230288,64.289030088379,49.9399357402362,59.3825043856082,61.7898534904177,60.676490318835,65.1764769068236,63.9776707975753,59.5281110459278,62.7718945084406,57.4955563873685,65.8326974557438,62.2341100646158,66.488999021721,60.0423540624648,65.8907834512067,65.0770084711007,60.6700050629643,66.4689144398753,65.2122587491273
59.3621209883717,65.349677308402,66.0505165336883,63.7343929827214,64.00708533976,64.0152610953503,68.2893874851945,59.7442159307048,54.3166116891409,61.3527281560512,64.9703416744129,44.448643230288,64.289030088379,49.9399357402362,59.3825043856082,61.7898534904177,60.676490318835,65.1764769068236,63.9776707975753,59.5281110459278,62.7718945084406,57.4955563873685,65.8326974557438,62.2341100646158,66.488999021721,60.0423540624648,65.8907834512067,65.0770084711007,60.6700050629643,66.4689144398753,65.2122587491273
59.3621209883717,65.349677308402,66.0505165336883,63.7343929827214,64.0784804518689,64.0152610953503,68.2893874851945,59.7442159307048,54.3166116891409,61.3527281560512,64.9703416744129,44.448643230288,64.289030088379,49.9399357402362,59.3825043856082,61.7898534904177,60.676490318835,65.1764769068236,63.9776707975753,59.5281110459278,62.7718945084406,57.4955563873685,65.8326974557438,62.2341100646158,66.488999021721,60.0423540624648,65.8907834512067,65.0770084711007,60.6700050629643,66.4689144398753,65.2122587491273
59.3621209883717,65.349677308402,66.0505165336883,63.7343929827214,64.0784804518689,64.0152610953503,68.2893874851945,59.7442159307048,54.3166116891409,61.3527281560512,64.9703416744129,44.448643230288,64.289030088379,49.9399357402362,59.3825043856082,61.7898534904177,60.676490318835,65.1764769068236,63.9776707975753,59.5281110459278,62.7718945084406,57.5221305716345,65.8326974557438,62.2341100646158,66.488999021721,60.0423540624648,65.8907834512067,65.0770084711007,60.6700050629643,66.4689144398753,65.2122587491273
59.3621209883717,65.7048388347272,66.0505165336883,63.7343929827214,64.0784804518689,64.0152610953503,68.2893874851945,59.7442159307048,54.3166116891409,61.3527281560512,65.4935210395568,44.448643230288,64.289030088379,50.0288971629406,59.3825043856082,61.7898534904177,60.676490318835,65.1764769068236,64.8982027513647,59.5281110459278,62.7718945084406,57.5221305716345,65.8326974557438,62.2341100646158,66.488999021721,60.0423540624648,65.8907834512067,65.0770084711007,60.6700050629643,66.4689144398753,65.2122587491273
59.3621209883717,65.7048388347272,66.0505165336883,63.7343929827214,64.0784804518689,64.0152610953503,68.2893874851945,59.7442159307048,54.3166116891409,61.3527281560512,65.4935210395568,44.448643230288,64.289030088379,50.0288971629406,59.3825043856082,61.7898534904177,60.676490318835,65.1764769068236,64.8982027513647,59.5281110459278,62.7718945084406,57.5221305716345,65.8326974557438,62.2341100646158,66.488999021721,60.0423540624648,65.8907834512067,65.0770084711007,60.6700050629643,66.4689144398753,65.2291531923633
59.3621209883717,65.7048388347272,66.0505165336883,63.7343929827214,64.0784804518689,64.0152610953503,68.2893874851945,59.7442159307048,54.3166116891409,61.3527281560512,65.4935210395568,44.448643230288,64.289030088379,50.0288971629406,59.3825043856082,61.7898534904177,60.676490318835,65.1764769068236,64.8982027513647,59.5281110459278,62.7718945084406,57.5221305716345,65.8326974557438,62.2341100646158,66.488999021721,60.0423540624648,65.8907834512067,65.0770084711007,60.6700050629643,66.4689144398753,65.2291531923633
59.3693388189068,65.7048388347272,66.0505165336883,63.7343929827214,64.0784804518689,64.0152610953503,68.2893874851945,59.7442159307048,54.3166116891409,61.3527281560512,65.4935210395568,44.448643230288,64.80461752168,50.0288971629406,59.5258520875585,61.7898534904177,60.676490318835,65.1764769068236,64.8982027513647,59.5281110459278,62.7718945084406,57.5221305716345,65.8326974557438,62.2341100646158,66.488999021721,60.0423540624648,65.8907834512067,65.207729591149,60.6700050629643,66.4689144398753,65.2291531923633
59.3693388189068,65.7048388347272,66.0505165336883,63.7343929827214,64.0784804518689,64.0152610953503,68.2893874851945,59.8875573681993,54.3166116891409,61.3527281560512,65.4935210395568,44.448643230288,64.80461752168,50.0288971629406,59.5258520875585,61.7898534904177,60.676490318835,65.1764769068236,64.8982027513647,59.5281110459278,62.7718945084406,57.5221305716345,65.8326974557438,62.2341100646158,66.488999021721,60.0423540624648,65.8907834512067,65.207729591149,60.6700050629643,66.4689144398753,65.2291531923633
59.3693388189068,65.7048388347272,66.3280455079415,63.7343929827214,64.0784804518689,64.0152610953503,68.412954543305,59.8875573681993,54.3166116891409,61.3527281560512,65.4935210395568,44.448643230288,64.80461752168,50.0288971629406,59.5258520875585,61.7898534904177,60.676490318835,65.1764769068236,64.8982027513647,59.5281110459278,62.7718945084406,57.5221305716345,65.8326974557438,62.2341100646158,66.488999021721,60.0423540624648,65.8907834512067,65.207729591149,60.6700050629643,66.4689144398753,65.2291531923633
59.3693388189068,65.7048388347272,66.3280455079415,63.7343929827214,64.0784804518689,64.0152610953503,68.412954543305,59.8875573681993,54.3166116891409,61.3527281560512,65.4935210395568,44.9952471490252,64.80461752168,50.0288971629406,59.5258520875585,61.7898534904177,60.676490318835,65.1764769068236,64.8982027513647,59.5281110459278,62.7718945084406,57.5221305716345,65.8326974557438,62.2341100646158,66.488999021721,60.0423540624648,65.8907834512067,65.207729591149,60.6700050629643,66.4689144398753,65.2291531923633
59.3693388189068,65.7048388347272,66.3280455079415,63.7343929827214,64.0784804518689,64.0917461623135,68.412954543305,59.8875573681993,54.3166116891409,61.3753217810108,65.4935210395568,44.9952471490252,64.80461752168,50.0288971629406,59.5258520875585,61.7898534904177,60.676490318835,65.1764769068236,64.8982027513647,59.5281110459278,62.7718945084406,57.5221305716345,65.8326974557438,62.2341100646158,66.488999021721,60.0423540624648,65.8907834512067,65.207729591149,60.6700050629643,66.4689144398753,65.2291531923633
59.3693388189068,65.7048388347272,66.3280455079415,63.7343929827214,64.0784804518689,64.0917461623135,68.412954543305,59.8875573681993,54.3166116891409,61.3753217810108,65.4935210395568,44.9952471490252,64.80461752168,50.0288971629406,59.5258520875585,61.7898534904177,60.676490318835,65.1764769068236,64.8982027513647,59.5281110459278,62.7718945084406,57.5221305716345,65.8326974557438,62.3467288885443,66.488999021721,60.0423540624648,65.8907834512067,65.207729591149,60.6700050629643,66.4689144398753,65.2291531923633
59.3693388189068,65.7048388347272,66.3280455079415,63.7343929827214,64.0784804518689,64.0917461623135,68.412954543305,59.8875573681993,54.3166116891409,61.3753217810108,65.4935210395568,44.9952471490252,64.80461752168,50.0288971629406,59.5258520875585,61.7898534904177,60.676490318835,65.1764769068236,64.8982027513647,59.5281110459278,62.7718945084406,57.5221305716345,65.8326974557438,62.3467288885443,66.488999021721,60.0423540624648,65.8907834512067,65.207729591149,60.6700050629643,66.4689144398753,65.2291531923633
59.3693388189068,65.7048388347272,66.3280455079415,63.7343929827214,64.0784804518689,64.0917461623135,68.412954543305,59.8875573681993,54.3166116891409,61.3753217810108,65.4935210395568,44.9952471490252,64.80461752168,50.1066803713085,59.5258520875585,61.7898534904177,60.676490318835,65.2651616756484,65.2181329581813,59.5281110459278,62.7718945084406,57.5422074972734,65.8326974557438,62.3467288885443,66.488999021721,60.0423540624648,65.8907834512067,65.207729591149,60.6700050629643,66.4689144398753,65.2291531923633
59.3693388189068,65.7048388347272,66.3280455079415,63.7343929827214,64.0784804518689,64.0917461623135,68.412954543305,59.8875573681993,54.3166116891409,61.3753217810108,65.4935210395568,44.9952471490252,64.80461752168,50.1066803713085,59.5258520875585,61.7898534904177,60.676490318835,65.2651616756484,65.2181329581813,59.5281110459278,62.7718945084406,57.5422074972734,65.8326974557438,62.3467288885443,66.488999021721,60.0423540624648,65.8907834512067,65.207729591149,60.6700050629643,66.4689144398753,65.4582642314272
59.3693388189068,65.7048388347272,66.3280455079415,63.7343929827214,64.0784804518689,64.0917461623135,68.412954543305,59.8875573681993,54.3166116891409,61.3753217810108,65.4935210395568,44.9952471490252,64.80461752168,50.1066803713085,59.5258520875585,61.7898534904177,60.676490318835,65.2651616756484,65.2181329581813,59.5281110459278,62.7718945084406,57.5422074972734,65.8326974557438,62.3467288885443,66.488999021721,60.0423540624648,65.8907834512067,65.207729591149,60.6700050629643,66.5993478457498,65.4582642314272
59.3693388189068,65.7048388347272,66.3280455079415,63.7343929827214,64.0784804518689,64.0917461623135,68.412954543305,59.8875573681993,54.3166116891409,61.3753217810108,65.4935210395568,44.9952471490252,64.80461752168,50.1066803713085,59.5258520875585,61.7898534904177,60.676490318835,65.2651616756484,65.2181329581813,59.5281110459278,62.7718945084406,57.5422074972734,65.8326974557438,62.3467288885443,66.5973547364189,60.0423540624648,65.8907834512067,65.207729591149,60.6700050629643,66.5993478457498,65.4582642314272
59.3693388189068,65.7048388347272,66.3280455079415,63.7343929827214,64.0784804518689,64.0917461623135,68.412954543305,59.8875573681993,54.3166116891409,61.3753217810108,65.4935210395568,44.9952471490252,66.4865266161013,50.1066803713085,59.5258520875585,61.7898534904177,60.676490318835,65.2651616756484,65.2181329581813,59.5281110459278,62.8959254981217,57.5422074972734,65.8326974557438,62.3467288885443,66.5973547364189,60.0423540624648,65.8907834512067,65.207729591149,60.6700050629643,66.5993478457498,65.4582642314272
59.3693388189068,65.7048388347272,66.3280455079415,63.7343929827214,64.0784804518689,64.0917461623135,68.412954543305,59.8875573681993,54.3166116891409,61.3753217810108,65.4935210395568,44.9952471490252,66.4865266161013,50.1066803713085,59.570163170333,61.7898534904177,60.676490318835,65.2651616756484,65.2181329581813,59.5281110459278,62.8959254981217,57.5422074972734,65.8326974557438,62.3467288885443,66.5973547364189,60.0423540624648,65.8907834512067,65.207729591149,60.6700050629643,66.5993478457498,65.4582642314272
59.3693388189068,65.7048388347272,66.3280455079415,63.7343929827214,64.0784804518689,64.0917461623135,68.4580126902198,59.8875573681993,54.3166116891409,61.3753217810108,65.4935210395568,44.9952471490252,66.4865266161013,50.1066803713085,59.570163170333,61.7898534904177,60.676490318835,65.2651616756484,65.2181329581813,59.5281110459278,62.8959254981217,57.5422074972734,65.8326974557438,62.3467288885443,66.5973547364189,60.0423540624648,65.8907834512067,65.207729591149,60.6700050629643,66.5993478457498,65.4582642314272
59.3693388189068,65.7048388347272,66.3280455079415,63.7343929827214,64.0784804518689,64.1370347299858,68.4580126902198,59.8875573681993,54.3166116891409,61.3753217810108,65.4935210395568,44.9952471490252,66.4865266161013,50.1066803713085,59.570163170333,61.7898534904177,60.676490318835,65.2651616756484,65.2181329581813,59.5281110459278,62.8959254981217,57.5422074972734,65.8326974557438,62.3467288885443,66.5973547364189,60.7182255117359,65.8907834512067,65.207729591149,60.6700050629643,66.5993478457498,65.4582642314272
59.3693388189068,65.7048388347272,66.3280455079415,63.7343929827214,64.0784804518689,64.1370347299858,68.4580126902198,59.8875573681993,54.3166116891409,61.3753217810108,65.4935210395568,44.9952471490252,66.4865266161013,50.1066803713085,59.570163170333,61.7898534904177,60.7454936209928,65.2651616756484,65.2181329581813,59.5281110459278,62.8959254981217,57.5422074972734,65.8326974557438,62.3810191014193,66.5973547364189,60.7182255117359,65.8907834512067,65.207729591149,60.6700050629643,66.5993478457498,65.4582642314272
59.3693388189068,65.7048388347272,66.3280455079415,63.7343929827214,64.0784804518689,64.1370347299858,68.4580126902198,59.8875573681993,54.3166116891409,61.3753217810108,65.4935210395568,44.9952471490252,66.4865266161013,50.1066803713085,59.570163170333,61.7898534904177,60.7454936209928,65.2651616756484,65.2181329581813,59.5281110459278,62.8959254981217,57.5422074972734,65.8326974557438,62.3810191014193,66.5973547364189,60.7182255117359,65.8907834512067,65.207729591149,60.6700050629643,66.5993478457498,65.4582642314272
59.3693388189068,65.7048388347272,66.3280455079415,63.7343929827214,64.0784804518689,64.1370347299858,68.4580126902198,59.8875573681993,54.3166116891409,61.3753217810108,65.4935210395568,44.9952471490252,66.4865266161013,50.1578916127533,59.570163170333,61.7898534904177,60.7454936209928,65.381930085889,65.2181329581813,59.5281110459278,62.8959254981217,57.5422074972734,65.8326974557438,62.3810191014193,66.5973547364189,60.7182255117359,65.8907834512067,65.207729591149,60.6700050629643,66.5993478457498,65.4582642314272
59.3693388189068,65.7048388347272,66.3280455079415,63.7343929827214,64.0784804518689,64.1370347299858,68.4580126902198,59.8875573681993,54.3166116891409,61.3753217810108,65.5430978012761,44.9952471490252,66.4865266161013,50.1578916127533,59.570163170333,61.7898534904177,60.7454936209928,65.381930085889,65.2181329581813,59.5281110459278,62.8959254981217,57.5422074972734,65.8326974557438,62.3810191014193,66.5973547364189,60.7182255117359,65.8907834512067,65.207729591149,60.6700050629643,66.5993478457498,65.4582642314272
59.3693388189068,65.7048388347272,66.3280455079415,63.7343929827214,64.0933032390652,64.1370347299858,68.4580126902198,59.8875573681993,54.3166116891409,61.3753217810108,65.5430978012761,44.9952471490252,66.4865266161013,50.1578916127533,59.570163170333,61.7898534904177,60.7454936209928,65.381930085889,65.2181329581813,59.5281110459278,62.8959254981217,57.5422074972734,65.8326974557438,62.3810191014193,66.5973547364189,60.7182255117359,65.8907834512067,65.207729591149,60.6700050629643,66.5993478457498,65.4582642314272
59.3693388189068,65.7048388347272,66.3280455079415,63.7343929827214,64.0933032390652,64.1370347299858,68.4580126902198,59.8875573681993,54.3166116891409,61.3753217810108,65.5430978012761,44.9952471490252,66.4865266161013,50.1578916127533,59.570163170333,61.7898534904177,60.7454936209928,65.381930085889,65.2181329581813,59.5281110459278,62.8959254981217,57.5422074972734,65.8326974557438,62.3810191014193,66.5973547364189,60.7182255117359,65.8907834512067,65.207729591149,60.6700050629643,66.5993478457498,65.4582642314272
59.4939874217716,65.7048388347272,66.3280455079415,63.7343929827214,64.0933032390652,64.1370347299858,68.4580126902198,59.8875573681993,54.3166116891409,61.3753217810108,65.5430978012761,44.9952471490252,66.8479061663948,50.1578916127533,59.570163170333,61.7898534904177,60.7454936209928,65.381930085889,65.2181329581813,59.5281110459278,62.8959254981217,57.5422074972734,65.8326974557438,62.3810191014193,66.5973547364189,60.7182255117359,65.8907834512067,65.2709652158312,60.6700050629643,66.5993478457498,65.4582642314272
59.4939874217716,65.7048388347272,66.3280455079415,63.7343929827214,64.0933032390652,64.1370347299858,68.4580126902198,59.8875573681993,54.3166116891409,61.3753217810108,65.5430978012761,44.9952471490252,66.8479061663948,50.1578916127533,59.8087832406387,61.7898534904177,60.7454936209928,65.381930085889,65.2181329581813,59.5281110459278,62.8959254981217,57.5422074972734,65.8326974557438,62.3810191014193,66.5973547364189,60.7182255117359,65.8907834512067,65.2709652158312,60.6700050629643,66.5993478457498,65.4582642314272
59.4939874217716,65.7048388347272,66.3280455079415,63.7343929827214,64.0933032390652,64.1370347299858,68.4580126902198,59.8875573681993,54.3166116891409,61.3753217810108,65.5430978012761,44.9952471490252,66.8479061663948,50.1578916127533,59.8087832406387,61.7898534904177,60.7454936209928,65.381930085889,65.2181329581813,59.5281110459278,62.8959254981217,57.5422074972734,65.8326974557438,62.3810191014193,66.5973547364189,60.7182255117359,65.8907834512067,65.2709652158312,60.8798951973381,66.5993478457498,65.4582642314272
59.4939874217716,65.7048388347272,66.3280455079415,63.7343929827214,64.0933032390652,64.1642742109683,68.4580126902198,59.8875573681993,54.3166116891409,61.3753217810108,65.5430978012761,44.9952471490252,66.8479061663948,50.1578916127533,59.8087832406387,61.7898534904177,60.7454936209928,65.381930085889,65.2181329581813,59.5281110459278,62.8959254981217,57.5422074972734,65.8326974557438,62.3810191014193,66.5973547364189,60.7182255117359,65.8907834512067,65.2709652158312,60.8798951973381,66.5993478457498,65.4582642314272
59.4939874217716,65.7048388347272,66.3280455079415,63.7343929827214,64.0933032390652,64.1642742109683,68.4580126902198,59.8875573681993,54.3672809356933,61.3753217810108,65.5430978012761,44.9952471490252,66.8479061663948,50.1578916127533,59.8087832406387,61.7898534904177,60.7454936209928,65.381930085889,65.2181329581813,59.5281110459278,62.8959254981217,57.5422074972734,65.8326974557438,62.3810191014193,66.5973547364189,60.7182255117359,65.8907834512067,65.2709652158312,60.8798951973381,66.5993478457498,65.4582642314272
59.4939874217716,65.7048388347272,66.3280455079415,63.7343929827214,64.0933032390652,64.1642742109683,68.4580126902198,59.8875573681993,54.3672809356933,61.3991781700717,65.5430978012761,44.9952471490252,66.8479061663948,50.1578916127533,59.8087832406387,61.7898534904177,60.7517153414798,65.381930085889,65.2181329581813,59.5281110459278,62.8959254981217,57.5422074972734,65.8326974557438,62.3810191014193,66.5973547364189,60.7182255117359,65.8907834512067,65.2709652158312,60.8798951973381,66.5993478457498,65.4582642314272
59.4939874217716,65.7048388347272,66.3280455079415,63.869366265582,64.0933032390652,64.1642742109683,68.4580126902198,59.8875573681993,54.3672809356933,62.4670238649674,65.5430978012761,44.9952471490252,66.8479061663948,50.1860976027635,59.8087832406387,61.7898534904177,60.7517153414798,65.4347771790279,65.2181329581813,59.5281110459278,62.8959254981217,57.5422074972734,65.8326974557438,62.3810191014193,66.5973547364189,60.7182255117359,65.8907834512067,65.2709652158312,60.8798951973381,66.5993478457498,65.4582642314272
59.4939874217716,65.7048388347272,66.3280455079415,63.869366265582,64.0933032390652,64.1642742109683,68.4580126902198,59.8875573681993,54.3672809356933,62.4670238649674,65.5430978012761,44.9952471490252,66.8479061663948,50.1860976027635,59.8087832406387,61.7898534904177,60.7517153414798,65.4347771790279,65.2181329581813,59.5281110459278,62.8959254981217,57.5422074972734,65.8326974557438,62.3810191014193,66.5973547364189,60.7182255117359,65.8907834512067,65.2709652158312,60.8798951973381,66.5993478457498,65.7097435686251
59.4939874217716,65.7048388347272,66.3280455079415,63.869366265582,64.0933032390652,64.1642742109683,68.4580126902198,59.8875573681993,54.3672809356933,62.4670238649674,65.5430978012761,44.9952471490252,66.8479061663948,50.1860976027635,59.8087832406387,61.7898534904177,60.7517153414798,65.4347771790279,65.2181329581813,59.5281110459278,62.8959254981217,57.5422074972734,65.8326974557438,62.3810191014193,66.5973547364189,60.7182255117359,65.8907834512067,65.2709652158312,60.8798951973381,66.5993478457498,65.7097435686251
59.4939874217716,65.7048388347272,66.3280455079415,63.869366265582,64.0933032390652,64.1642742109683,68.4580126902198,59.8875573681993,54.3672809356933,62.4670238649674,65.5430978012761,44.9952471490252,66.8479061663948,50.1860976027635,61.1438873340636,61.7898534904177,60.7517153414798,65.4347771790279,65.2181329581813,59.5281110459278,62.8959254981217,57.5422074972734,65.8326974557438,62.3810191014193,66.5973547364189,60.7182255117359,65.8907834512067,65.2709652158312,60.8798951973381,66.5993478457498,65.7097435686251
59.6886426529032,65.7048388347272,66.3280455079415,63.869366265582,64.1149810322718,64.1642742109683,68.4580126902198,59.8875573681993,54.3672809356933,62.4670238649674,65.5430978012761,44.9952471490252,66.8479061663948,50.1860976027635,61.1438873340636,61.7898534904177,60.7517153414798,65.4347771790279,65.2181329581813,59.5281110459278,62.8959254981217,57.5422074972734,65.8326974557438,62.3810191014193,66.5973547364189,60.7182255117359,65.8907834512067,65.3085276920634,60.8798951973381,66.5993478457498,65.7097435686251
59.6886426529032,65.7048388347272,66.3280455079415,63.869366265582,64.1149810322718,64.1642742109683,68.4580126902198,59.8875573681993,54.3672809356933,62.4670238649674,65.5430978012761,44.9952471490252,66.8479061663948,50.1860976027635,61.1438873340636,61.7898534904177,60.7517153414798,65.4347771790279,65.2181329581813,59.5281110459278,62.8959254981217,57.5422074972734,65.8326974557438,62.3810191014193,66.5973547364189,60.7182255117359,65.8907834512067,65.3085276920634,60.8798951973381,66.5993478457498,65.7097435686251
59.6886426529032,65.7048388347272,66.3280455079415,63.869366265582,64.1149810322718,64.1642742109683,68.4580126902198,59.8875573681993,54.3672809356933,62.4670238649674,65.5430978012761,44.9952471490252,66.8479061663948,50.1860976027635,61.1438873340636,61.7898534904177,60.7517153414798,65.4347771790279,65.2181329581813,59.5281110459278,62.9954888462906,57.5422074972734,65.8326974557438,62.3810191014193,66.5973547364189,60.7182255117359,65.8907834512067,65.3085276920634,60.8798951973381,66.5993478457498,65.7097435686251
59.6886426529032,65.7048388347272,66.4169638113266,63.869366265582,64.1149810322718,64.1642742109683,68.4580126902198,59.8875573681993,54.3672809356933,62.4670238649674,65.5430978012761,44.9952471490252,66.8479061663948,50.1860976027635,61.1438873340636,61.7898534904177,60.7517153414798,65.4347771790279,65.2181329581813,59.5281110459278,62.9954888462906,57.5422074972734,65.8326974557438,62.3810191014193,66.5973547364189,60.7182255117359,65.8907834512067,65.3085276920634,60.8798951973381,66.5993478457498,65.7097435686251
59.6886426529032,65.7048388347272,66.4169638113266,63.869366265582,64.1149810322718,64.1809902135554,68.4580126902198,59.8875573681993,54.9204096262909,62.4670238649674,65.5430978012761,44.9952471490252,66.8479061663948,50.1860976027635,61.1438873340636,61.7898534904177,60.7517153414798,65.4347771790279,65.2181329581813,59.5281110459278,62.9954888462906,57.5422074972734,65.8326974557438,62.3810191014193,66.5973547364189,61.9596489623665,65.8907834512067,65.3085276920634,60.8798951973381,66.5993478457498,65.7097435686251
59.6886426529032,65.7048388347272,66.4169638113266,63.869366265582,64.1149810322718,64.1809902135554,68.4580126902198,59.8875573681993,54.9204096262909,63.1655945463708,65.5430978012761,45.1131493933997,66.8479061663948,50.1860976027635,61.1438873340636,61.8087315607455,60.8822296567824,65.4347771790279,65.2181329581813,59.5281110459278,62.9954888462906,57.5422074972734,65.8326974557438,62.3810191014193,66.5973547364189,61.9596489623665,65.8907834512067,65.3085276920634,60.8798951973381,66.5993478457498,65.7097435686251
59.6886426529032,65.7048388347272,66.4169638113266,63.869366265582,64.1149810322718,64.1809902135554,68.4580126902198,59.8875573681993,54.9204096262909,63.1655945463708,65.5430978012761,45.1131493933997,66.8479061663948,50.1860976027635,61.1438873340636,61.8087315607455,60.8822296567824,65.6796802174027,65.2181329581813,59.5281110459278,62.9954888462906,57.5422074972734,65.8326974557438,62.3853264489542,66.5973547364189,61.9596489623665,65.8907834512067,65.3085276920634,60.8798951973381,66.5993478457498,65.7097435686251
59.6886426529032,65.7048388347272,66.4169638113266,65.3600389566466,64.1149810322718,64.1809902135554,68.4580126902198,59.8875573681993,54.9204096262909,63.1655945463708,66.1067139274244,45.1131493933997,66.8479061663948,50.1860976027635,61.1438873340636,61.8087315607455,60.8822296567824,65.6796802174027,65.458214102238,59.5281110459278,62.9954888462906,57.5467669789597,65.8326974557438,62.3853264489542,66.5973547364189,61.9596489623665,65.8907834512067,65.3085276920634,60.8798951973381,66.5993478457498,65.7097435686251
59.6886426529032,65.7048388347272,66.4169638113266,65.3600389566466,64.1149810322718,64.1809902135554,68.4580126902198,59.8875573681993,54.9204096262909,63.1655945463708,66.1067139274244,45.1131493933997,66.8479061663948,50.1860976027635,61.1438873340636,61.8087315607455,60.8822296567824,65.6796802174027,65.458214102238,59.5281110459278,62.9954888462906,57.5467669789597,65.8326974557438,62.3853264489542,66.5973547364189,61.9596489623665,65.8907834512067,65.3085276920634,60.8798951973381,66.5993478457498,65.7097435686251
59.6886426529032,65.7048388347272,66.4169638113266,65.3600389566466,64.1149810322718,64.1809902135554,68.4580126902198,59.8875573681993,54.9204096262909,63.1655945463708,66.1067139274244,45.1131493933997,66.8479061663948,50.2826237872096,61.1438873340636,61.8087315607455,60.8822296567824,65.6796802174027,65.458214102238,59.5281110459278,62.9954888462906,57.5467669789597,65.8326974557438,62.3853264489542,66.5973547364189,61.9596489623665,65.8907834512067,65.3085276920634,60.8798951973381,66.6945391740865,65.7097435686251
59.6886426529032,65.7048388347272,66.4169638113266,65.3600389566466,64.133216065464,64.1809902135554,68.4580126902198,59.8875573681993,54.9204096262909,63.1655945463708,66.1067139274244,45.1131493933997,66.8479061663948,50.2826237872096,61.1438873340636,61.8087315607455,60.8822296567824,65.6796802174027,65.458214102238,59.5281110459278,62.9954888462906,57.5467669789597,65.8326974557438,62.3853264489542,66.5973547364189,61.9596489623665,65.8907834512067,65.3104980802326,60.8798951973381,66.6945391740865,65.7097435686251
59.6886426529032,65.7048388347272,66.4169638113266,65.3600389566466,64.133216065464,64.1809902135554,68.4580126902198,59.8875573681993,54.9204096262909,63.1655945463708,66.1067139274244,45.1131493933997,66.90815399452,50.2826237872096,61.1438873340636,61.8087315607455,60.8822296567824,65.6796802174027,65.458214102238,59.5281110459278,62.9954888462906,57.5467669789597,65.8326974557438,62.3853264489542,66.6132555090713,61.9596489623665,65.8907834512067,65.3104980802326,60.8798951973381,66.6945391740865,65.7097435686251
59.8486981303303,65.7048388347272,66.4169638113266,65.3600389566466,64.133216065464,64.1809902135554,68.4580126902198,59.8875573681993,54.9204096262909,63.1655945463708,66.1067139274244,45.1131493933997,66.90815399452,50.2826237872096,61.1438873340636,61.8087315607455,60.8822296567824,65.6796802174027,65.458214102238,59.5281110459278,62.9954888462906,57.5467669789597,65.8326974557438,62.3853264489542,66.6132555090713,61.9596489623665,65.8907834512067,65.3104980802326,60.8798951973381,66.6945391740865,65.7097435686251
62.4740567069555,65.7048388347272,66.4169638113266,65.3600389566466,64.133216065464,64.1809902135554,68.4580126902198,59.8875573681993,54.9204096262909,63.1655945463708,66.1067139274244,45.1131493933997,66.90815399452,50.2826237872096,61.1438873340636,61.8087315607455,60.8822296567824,65.6796802174027,65.458214102238,59.5281110459278,62.9954888462906,57.5467669789597,65.8326974557438,62.3853264489542,66.6132555090713,61.9596489623665,65.8933945593949,65.3104980802326,60.8798951973381,66.6945391740865,65.7097435686251
62.4740567069555,66.3558569432413,66.5427613588409,65.3600389566466,64.133216065464,64.1914820575642,68.4580126902198,59.8875573681993,54.9204096262909,63.1655945463708,66.1067139274244,45.1131493933997,66.90815399452,50.2826237872096,61.1438873340636,61.8087315607455,60.8822296567824,65.6796802174027,65.458214102238,59.5281110459278,62.9954888462906,57.5467669789597,65.8326974557438,62.3853264489542,66.6132555090713,61.9596489623665,65.8933945593949,65.3104980802326,60.9710993939303,66.6945391740865,65.7097435686251
62.4740567069555,66.3558569432413,66.5427613588409,65.3600389566466,64.133216065464,64.1914820575642,68.4580126902198,59.8875573681993,54.9204096262909,63.1655945463708,66.1067139274244,45.1131493933997,66.90815399452,50.2826237872096,61.1438873340636,61.8087315607455,60.8822296567824,65.6796802174027,65.458214102238,59.5296665696575,62.9954888462906,57.5467669789597,65.8326974557438,62.3853264489542,66.6132555090713,61.9596489623665,65.8933945593949,65.3104980802326,60.9710993939303,66.6945391740865,65.7097435686251
62.4740567069555,66.3558569432413,66.5427613588409,65.3600389566466,64.133216065464,64.1914820575642,68.4580126902198,59.8875573681993,54.9806697314693,63.1655945463708,66.1067139274244,45.1131493933997,66.90815399452,50.2826237872096,61.1438873340636,61.8087315607455,60.8822296567824,65.7827224917477,65.458214102238,59.5296665696575,62.9954888462906,57.5467669789597,65.8326974557438,62.3853264489542,66.6132555090713,61.9596489623665,65.8933945593949,65.3104980802326,60.9710993939303,66.6945391740865,65.7097435686251
62.4740567069555,66.3558569432413,66.5427613588409,65.3986763003439,64.133216065464,64.1914820575642,68.4580126902198,59.8875573681993,54.9806697314693,63.1655945463708,66.230249145865,45.1131493933997,66.90815399452,50.2826237872096,61.1438873340636,61.8087315607455,60.8822296567824,65.7827224917477,65.5904379553913,59.5296665696575,62.9954888462906,57.5467669789597,65.8326974557438,62.4729048797959,66.6132555090713,61.9596489623665,65.8933945593949,65.3104980802326,60.9710993939303,66.6945391740865,65.7097435686251
62.4740567069555,66.3558569432413,66.5427613588409,65.3986763003439,64.133216065464,64.1914820575642,68.4580126902198,59.8875573681993,54.9806697314693,63.1655945463708,66.230249145865,45.1131493933997,66.90815399452,50.2826237872096,61.1438873340636,61.8087315607455,60.8822296567824,65.7827224917477,65.5904379553913,59.5296665696575,62.9954888462906,57.5467669789597,65.8326974557438,62.4729048797959,66.6132555090713,61.9596489623665,65.8933945593949,65.3104980802326,60.9710993939303,66.6945391740865,65.7097435686251
62.4740567069555,66.3558569432413,66.5427613588409,65.3986763003439,64.133216065464,64.1914820575642,68.4580126902198,59.8875573681993,54.9806697314693,63.1655945463708,66.230249145865,45.1131493933997,66.90815399452,50.2826237872096,61.1438873340636,61.8087315607455,60.8822296567824,65.7827224917477,65.5904379553913,59.5296665696575,62.9954888462906,57.5467669789597,65.8326974557438,62.4729048797959,66.6132555090713,61.9596489623665,65.8933945593949,65.3104980802326,60.9710993939303,66.6945391740865,65.7097435686251
62.4740567069555,66.3558569432413,66.5427613588409,65.3986763003439,64.1616482030573,64.1914820575642,68.4580126902198,59.8875573681993,54.9806697314693,63.1655945463708,66.230249145865,45.1131493933997,66.90815399452,50.3187186982551,61.1438873340636,61.8087315607455,60.8822296567824,65.7827224917477,65.5904379553913,59.5296665696575,62.9954888462906,57.5467669789597,65.8326974557438,62.4729048797959,66.6132555090713,61.9596489623665,65.8933945593949,65.3104980802326,60.9710993939303,66.6945391740865,65.7097435686251
62.4740567069555,66.3558569432413,66.5427613588409,65.3986763003439,64.1616482030573,64.1914820575642,68.4580126902198,59.8875573681993,54.9806697314693,63.1655945463708,66.230249145865,45.1131493933997,66.90815399452,50.3187186982551,61.1438873340636,61.8087315607455,60.8822296567824,65.7827224917477,65.5904379553913,59.5296665696575,62.9954888462906,57.5467669789597,65.8346797859806,62.4729048797959,66.6132555090713,61.9596489623665,65.8933945593949,65.3104980802326,60.9710993939303,66.6945391740865,65.7097435686251
62.4740567069555,66.3558569432413,66.5427613588409,65.3986763003439,64.1616482030573,64.1914820575642,68.4580126902198,59.8875573681993,54.9806697314693,63.1655945463708,66.230249145865,45.1131493933997,66.90815399452,50.3187186982551,61.1438873340636,61.8087315607455,60.8822296567824,65.7827224917477,65.5904379553913,59.5296665696575,62.9954888462906,57.5467669789597,65.8346797859806,62.4729048797959,66.6132555090713,61.9596489623665,65.8933945593949,65.3104980802326,60.9710993939303,66.6945391740865,65.7097435686251
62.4740567069555,66.3558569432413,66.5427613588409,65.3986763003439,64.1616482030573,64.1914820575642,68.4580126902198,59.8875573681993,54.9806697314693,63.1655945463708,66.230249145865,45.1131493933997,67.1112131544346,50.3187186982551,61.1438873340636,61.8087315607455,60.8822296567824,65.7827224917477,65.5904379553913,59.5296665696575,62.9954888462906,57.5467669789597,65.8346797859806,62.4729048797959,66.6132555090713,61.9596489623665,65.8933945593949,65.3104980802326,60.9710993939303,66.6945391740865,65.7097435686251
62.4740567069555,66.3558569432413,66.5427613588409,65.3986763003439,64.1616482030573,64.1982219131446,68.4580126902198,59.8875573681993,54.9806697314693,63.1655945463708,66.230249145865,45.1131493933997,67.1112131544346,50.3187186982551,61.1438873340636,61.8087315607455,60.8822296567824,65.7827224917477,65.5904379553913,59.5296665696575,62.9954888462906,57.5467669789597,65.8346797859806,62.4729048797959,66.6132555090713,61.9596489623665,65.8933945593949,65.3104980802326,60.9710993939303,66.6945391740865,65.7097435686251
62.4740567069555,66.3558569432413,66.5427613588409,65.3986763003439,64.1616482030573,64.1982219131446,68.4580126902198,59.8875573681993,54.9806697314693,63.1655945463708,66.230249145865,45.1131493933997,67.1112131544346,50.3187186982551,61.1438873340636,61.8087315607455,60.8822296567824,65.7827224917477,65.5904379553913,59.5296665696575,62.9954888462906,57.5467669789597,65.8346797859806,62.4729048797959,66.6132555090713,61.9596489623665,65.8933945593949,65.3104980802326,60.9710993939303,66.6945391740865,65.7097435686251
62.4740567069555,66.3558569432413,66.5427613588409,65.3986763003439,64.1616482030573,64.1982219131446,68.4580126902198,59.8875573681993,55.0385807640721,63.1655945463708,66.230249145865,45.1131493933997,67.1112131544346,50.3187186982551,61.1438873340636,61.8087315607455,60.8822296567824,66.1638628996089,65.5904379553913,59.5700423168449,62.9954888462906,57.5467669789597,65.8346797859806,62.4729048797959,66.6132555090713,61.9596489623665,65.8933945593949,65.3104980802326,60.9710993939303,66.6945391740865,65.7097435686251
62.4740567069555,66.3558569432413,66.5427613588409,65.3986763003439,64.1616482030573,64.1982219131446,68.4580126902198,59.8875573681993,55.0385807640721,63.7095725549371,66.5035179847056,45.1131493933997,67.1112131544346,50.3187186982551,61.1438873340636,61.8087315607455,60.8822296567824,66.1638628996089,65.5916399011793,59.5700423168449,62.9954888462906,57.5467669789597,65.8346797859806,62.4729048797959,66.6132555090713,61.9596489623665,65.8933945593949,65.3104980802326,60.9710993939303,66.6945391740865,65.7097435686251
62.4740567069555,66.3558569432413,66.5427613588409,65.3986763003439,64.1616482030573,64.1982219131446,68.4580126902198,59.8875573681993,55.0385807640721,63.7095725549371,66.5035179847056,45.1131493933997,67.1112131544346,50.3187186982551,61.1438873340636,61.8087315607455,60.8822296567824,66.1638628996089,65.5916399011793,59.5700423168449,62.9954888462906,57.5467669789597,65.8346797859806,62.4729048797959,66.6132555090713,61.9596489623665,65.8933945593949,65.3104980802326,60.9710993939303,66.6945391740865,65.7097435686251
62.4740567069555,66.3558569432413,66.5427613588409,65.3986763003439,64.1616482030573,64.1982219131446,68.4819677355055,59.8875573681993,55.0385807640721,63.7095725549371,66.5035179847056,45.2093420978111,67.1112131544346,50.3187186982551,61.1438873340636,61.8087315607455,60.8822296567824,66.1638628996089,65.5916399011793,59.5700423168449,62.9954888462906,57.55253190924,65.8346797859806,62.4729048797959,66.6132555090713,61.9596489623665,65.8933945593949,65.3104980802326,60.9710993939303,66.8094150325457,65.7097435686251
62.4740567069555,66.3558569432413,66.5427613588409,65.3986763003439,64.1616482030573,64.1982219131446,68.4819677355055,59.8875573681993,55.0385807640721,63.7095725549371,66.5035179847056,45.2093420978111,67.1112131544346,50.3187186982551,61.1438873340636,61.8087315607455,60.8822296567824,66.1638628996089,65.5916399011793,59.5700423168449,62.9954888462906,57.55253190924,65.8346797859806,62.4729048797959,66.6132555090713,61.9596489623665,65.8933945593949,65.3104980802326,60.9710993939303,66.8094150325457,65.7097435686251
62.4740567069555,66.3558569432413,66.5427613588409,65.3986763003439,64.195283138075,64.1982219131446,68.4819677355055,59.8875573681993,55.0385807640721,63.7095725549371,66.5035179847056,45.2093420978111,67.1112131544346,50.3187186982551,61.1438873340636,61.8087315607455,60.8822296567824,66.1638628996089,65.5916399011793,59.5700423168449,62.9954888462906,57.55253190924,65.8346797859806,62.4729048797959,66.6132555090713,61.9596489623665,65.8933945593949,65.3135026634425,60.9710993939303,66.8094150325457,65.7097435686251
62.4740567069555,66.3558569432413,66.5427613588409,65.3986763003439,64.195283138075,64.1982219131446,68.4819677355055,59.8875573681993,55.0385807640721,63.7095725549371,66.5035179847056,45.2093420978111,67.1112131544346,50.3187186982551,61.1438873340636,61.8087315607455,60.8822296567824,66.1638628996089,65.5916399011793,59.5700423168449,62.9954888462906,57.55253190924,65.8346797859806,62.4729048797959,66.6132555090713,61.9596489623665,65.8933945593949,65.3135026634425,60.9710993939303,66.8094150325457,65.7097435686251
62.4740567069555,66.3558569432413,66.5427613588409,65.3986763003439,64.195283138075,64.1982219131446,68.4819677355055,59.8875573681993,55.0385807640721,63.7095725549371,66.5035179847056,45.2093420978111,68.0381114678173,50.3187186982551,61.1438873340636,61.8087315607455,60.8822296567824,66.1638628996089,65.5916399011793,59.5700423168449,62.9954888462906,57.55253190924,65.8346797859806,62.4729048797959,66.6132555090713,61.9596489623665,65.8933945593949,65.3135026634425,60.9710993939303,66.8094150325457,65.7097435686251
62.4740567069555,66.3558569432413,66.5427613588409,65.3986763003439,64.195283138075,64.1982219131446,68.4819677355055,59.8875573681993,55.0385807640721,63.7095725549371,66.5035179847056,45.2093420978111,68.0381114678173,50.3187186982551,61.1438873340636,61.8087315607455,60.8822296567824,66.1638628996089,65.5916399011793,59.5700423168449,62.9954888462906,57.55253190924,65.8346797859806,62.4729048797959,66.6132555090713,61.9596489623665,65.9109370079378,65.3135026634425,60.9710993939303,66.8094150325457,65.7097435686251
62.4740567069555,66.3558569432413,66.5583256340817,65.3986763003439,64.195283138075,64.2026495754545,68.4819677355055,59.8875573681993,55.0385807640721,63.7095725549371,66.5035179847056,45.2093420978111,68.0381114678173,50.3187186982551,61.1438873340636,61.8087315607455,60.8822296567824,66.1638628996089,65.5916399011793,59.5700423168449,62.9954888462906,57.55253190924,65.8346797859806,62.4729048797959,66.6132555090713,61.9596489623665,65.9109370079378,65.3135026634425,60.9710993939303,66.8094150325457,65.7097435686251
62.4740567069555,66.3558569432413,66.5583256340817,65.3986763003439,64.195283138075,64.2026495754545,68.4819677355055,59.8875573681993,55.0385807640721,63.7095725549371,66.5035179847056,45.2093420978111,68.0381114678173,50.3187186982551,61.1438873340636,61.8087315607455,60.8822296567824,66.1638628996089,65.5916399011793,59.6047106790547,62.9954888462906,57.55253190924,65.8346797859806,62.4729048797959,66.6132555090713,61.9596489623665,65.9109370079378,65.3135026634425,60.9710993939303,66.8094150325457,65.7097435686251
62.4740567069555,66.3558569432413,66.5583256340817,65.3986763003439,64.195283138075,64.2026495754545,68.4819677355055,59.8875573681993,55.0385807640721,63.7095725549371,66.5035179847056,45.2093420978111,68.0381114678173,50.3187186982551,61.1438873340636,61.8087315607455,60.8822296567824,66.1638628996089,65.65486239278,59.6047106790547,62.9954888462906,57.55253190924,65.8346797859806,62.4729048797959,66.6132555090713,61.9596489623665,65.9109370079378,65.3135026634425,60.9710993939303,66.8094150325457,65.7097435686251
62.4740567069555,66.3558569432413,66.5583256340817,65.3986763003439,64.195283138075,64.2026495754545,68.4819677355055,59.8875573681993,55.0385807640721,65.1894955782879,66.5035179847056,45.2093420978111,68.0381114678173,50.3187186982551,61.1438873340636,61.8087315607455,60.8822296567824,66.1638628996089,65.65486239278,59.6047106790547,62.9954888462906,57.55253190924,65.8346797859806,62.4729048797959,66.6132555090713,61.9596489623665,65.9109370079378,65.3135026634425,60.9710993939303,66.8094150325457,65.9563583564878
62.4740567069555,66.3558569432413,66.5583256340817,65.3986763003439,64.195283138075,64.2026495754545,68.4819677355055,59.8875573681993,55.0385807640721,65.1894955782879,66.5035179847056,45.2093420978111,68.0381114678173,50.3187186982551,61.1438873340636,61.8087315607455,60.8822296567824,66.1638628996089,65.65486239278,59.6047106790547,62.9954888462906,57.55253190924,65.8346797859806,62.5547430238971,66.6132555090713,61.9596489623665,65.9109370079378,65.3135026634425,60.9710993939303,66.8094150325457,65.9563583564878
62.4740567069555,66.3558569432413,66.5583256340817,65.3986763003439,64.195283138075,64.2026495754545,68.4819677355055,59.8875573681993,55.0385807640721,65.1894955782879,66.5035179847056,45.2528845219376,68.0381114678173,50.3187186982551,61.1438873340636,61.8087315607455,60.8822296567824,66.1638628996089,65.65486239278,59.6047106790547,62.9954888462906,57.55253190924,65.8346797859806,62.5547430238971,66.6132555090713,61.9596489623665,65.9109370079378,65.3135026634425,60.9710993939303,66.8094150325457,65.9563583564878
62.4740567069555,66.3558569432413,66.5583256340817,65.3986763003439,64.195283138075,64.2026495754545,68.586697940383,59.8875573681993,55.0385807640721,65.1894955782879,66.5035179847056,45.2528845219376,68.0381114678173,50.3187186982551,61.1438873340636,61.8087315607455,60.9915837465299,66.1638628996089,65.65486239278,59.6047106790547,62.9954888462906,57.55253190924,65.8346797859806,62.5547430238971,66.6132555090713,61.9596489623665,65.9109370079378,65.3150179756015,60.9710993939303,66.8094150325457,65.9563583564878
62.4740567069555,66.3558569432413,66.5583256340817,65.3986763003439,64.2112010924924,64.2026495754545,68.586697940383,59.8875573681993,55.0385807640721,65.1894955782879,66.5035179847056,45.2528845219376,68.0381114678173,50.3187186982551,61.1438873340636,61.8087315607455,60.9915837465299,66.1638628996089,65.65486239278,59.6047106790547,62.9954888462906,57.55253190924,65.8346797859806,62.5547430238971,66.6411813740054,61.9596489623665,65.9109370079378,65.3150179756015,60.9710993939303,66.8094150325457,65.9563583564878
62.7761036939028,66.3558569432413,66.5583256340817,65.3986763003439,64.2112010924924,64.2026495754545,68.586697940383,59.8875573681993,55.0385807640721,65.1894955782879,66.5035179847056,45.2528845219376,68.0381114678173,50.3187186982551,61.1438873340636,61.8087315607455,60.9915837465299,66.1638628996089,65.65486239278,59.6047106790547,62.9954888462906,57.55253190924,65.8346797859806,62.5547430238971,66.6411813740054,61.9596489623665,65.9109370079378,65.3150179756015,60.9710993939303,66.8094150325457,65.9563583564878
62.7761036939028,66.3558569432413,66.5583256340817,65.3986763003439,64.2112010924924,64.2026495754545,68.586697940383,59.8875573681993,55.0385807640721,65.1894955782879,66.5035179847056,45.2528845219376,68.0381114678173,50.3187186982551,61.1438873340636,61.8087315607455,60.9915837465299,66.1638628996089,65.65486239278,59.6047106790547,62.9954888462906,57.55253190924,65.8346797859806,62.5547430238971,66.6411813740054,61.9596489623665,65.9109370079378,65.3150179756015,60.9710993939303,66.8094150325457,65.9563583564878
62.7761036939028,66.3558569432413,66.5583256340817,65.3986763003439,64.2112010924924,64.2056184119915,68.586697940383,59.9436164536935,55.0385807640721,65.1894955782879,66.5035179847056,45.2528845219376,68.0381114678173,50.3187186982551,61.1438873340636,61.8087315607455,60.9915837465299,66.1638628996089,65.65486239278,59.6047106790547,62.9954888462906,57.55253190924,65.8346797859806,62.5547430238971,66.6411813740054,61.9596489623665,65.9221672270905,65.3150179756015,60.9710993939303,66.8094150325457,65.9563583564878
62.7761036939028,66.3558569432413,66.5583256340817,65.3986763003439,64.2112010924924,64.2056184119915,68.586697940383,59.9436164536935,55.0385807640721,65.1894955782879,66.5035179847056,45.2528845219376,68.0381114678173,50.3187186982551,61.1438873340636,61.8087315607455,60.9915837465299,66.1701944010282,65.65486239278,59.6047106790547,62.9954888462906,57.55253190924,65.8346797859806,62.5547430238971,66.6411813740054,61.9596489623665,65.9221672270905,65.3150179756015,60.9710993939303,66.8094150325457,65.9563583564878
62.7761036939028,66.3558569432413,66.5583256340817,65.3986763003439,64.2112010924924,64.2056184119915,68.586697940383,59.9436164536935,55.0385807640721,65.1894955782879,66.6911362703796,45.2528845219376,68.0381114678173,50.3187186982551,61.1438873340636,61.8087315607455,60.9915837465299,66.1701944010282,65.65486239278,59.6471466544406,62.9954888462906,57.55253190924,65.8346797859806,62.5547430238971,66.6411813740054,61.9596489623665,65.9221672270905,65.3150179756015,60.9710993939303,66.8094150325457,65.9563583564878
62.7761036939028,66.3558569432413,66.5583256340817,65.3986763003439,64.2112010924924,64.2056184119915,68.586697940383,59.9436164536935,55.0385807640721,65.1894955782879,66.6911362703796,45.2528845219376,68.0381114678173,50.3187186982551,61.1438873340636,61.8087315607455,60.9915837465299,66.1701944010282,65.65486239278,59.6471466544406,62.9954888462906,57.55253190924,65.8346797859806,62.5547430238971,66.6411813740054,61.9596489623665,65.9221672270905,65.3150179756015,60.9710993939303,66.8094150325457,65.9563583564878
62.7761036939028,66.3558569432413,66.5583256340817,65.3986763003439,64.2112010924924,64.2056184119915,68.586697940383,59.9436164536935,55.0385807640721,65.1894955782879,66.6911362703796,45.2528845219376,68.0381114678173,50.3187186982551,61.1438873340636,62.0284778824497,60.9915837465299,66.1701944010282,65.65486239278,59.6471466544406,62.9954888462906,57.55253190924,65.8346797859806,62.5547430238971,66.6411813740054,61.9596489623665,65.9221672270905,65.3150179756015,60.9710993939303,66.8094150325457,65.9563583564878
62.7761036939028,66.3558569432413,66.5583256340817,67.3125032794584,64.2112010924924,64.2056184119915,68.586697940383,59.9436164536935,55.0385807640721,65.1894955782879,66.6911362703796,45.2528845219376,68.0381114678173,50.3187186982551,61.1438873340636,62.0284778824497,60.9915837465299,66.1701944010282,65.65486239278,59.6471466544406,62.9954888462906,57.55253190924,65.8346797859806,62.5547430238971,66.6411813740054,61.9596489623665,65.9221672270905,65.3150179756015,60.9710993939303,66.8709474915091,65.9563583564878
62.7761036939028,66.3558569432413,66.5583256340817,67.3125032794584,64.2112010924924,64.2056184119915,68.586697940383,59.9436164536935,55.0385807640721,65.1894955782879,66.6911362703796,45.2528845219376,68.0381114678173,50.3187186982551,61.1438873340636,62.0284778824497,60.9915837465299,66.1701944010282,65.65486239278,59.6471466544406,62.9954888462906,57.55253190924,65.8346797859806,62.5547430238971,66.6411813740054,61.9596489623665,65.9221672270905,65.3150179756015,60.9710993939303,66.8709474915091,65.9563583564878
62.7761036939028,66.3558569432413,66.5583256340817,67.3125032794584,64.2112010924924,64.2056184119915,68.586697940383,59.9436164536935,55.0385807640721,65.1894955782879,66.6911362703796,45.2528845219376,68.0381114678173,50.3187186982551,61.1438873340636,62.0284778824497,60.9915837465299,66.1701944010282,65.65486239278,59.6471466544406,62.9954888462906,57.55253190924,65.8346797859806,62.5547430238971,66.6411813740054,61.9596489623665,65.9221672270905,65.3150179756015,60.9710993939303,66.8709474915091,65.9563583564878
62.7761036939028,66.3558569432413,66.5583256340817,67.3125032794584,64.2112010924924,64.2056184119915,68.586697940383,59.9436164536935,55.0385807640721,65.1894955782879,66.6911362703796,45.2528845219376,68.0381114678173,50.3316189389271,61.1438873340636,62.0284778824497,60.9915837465299,66.1701944010282,65.65486239278,59.6471466544406,62.9954888462906,57.55253190924,65.8346797859806,62.5547430238971,66.6669814144144,61.9596489623665,65.9221672270905,65.3150179756015,60.9710993939303,66.8709474915091,65.9563583564878
62.7761036939028,66.3558569432413,66.5583256340817,67.3125032794584,64.2151087277451,64.2056184119915,68.586697940383,59.9436164536935,55.0385807640721,65.1894955782879,66.6911362703796,45.2528845219376,68.0381114678173,50.3316189389271,61.1438873340636,62.0284778824497,61.0861591014257,66.1701944010282,65.65486239278,59.6471466544406,62.9954888462906,57.55253190924,65.8346797859806,62.5547430238971,66.6669814144144,61.9596489623665,65.9221672270905,65.3150179756015,60.9710993939303,66.8709474915091,65.9563583564878
62.7761036939028,66.3558569432413,66.5583256340817,67.3125032794584,64.2151087277451,64.2076449550775,68.586697940383,59.9436164536935,55.0385807640721,65.1894955782879,66.6911362703796,45.2528845219376,68.0381114678173,50.3316189389271,61.1438873340636,62.0284778824497,61.0861591014257,66.1701944010282,65.65486239278,59.6471466544406,63.0049554160411,57.55253190924,65.8346797859806,62.5547430238971,66.6669814144144,61.9596489623665,65.9221672270905,65.3150179756015,60.9710993939303,66.8709474915091,65.9563583564878
62.7761036939028,66.3558569432413,66.5583256340817,67.3125032794584,64.2151087277451,64.2076449550775,68.586697940383,59.9436164536935,55.0385807640721,65.1894955782879,66.6911362703796,45.2528845219376,68.0381114678173,50.3316189389271,61.1438873340636,62.0284778824497,61.0861591014257,66.1701944010282,65.65486239278,59.6471466544406,63.0049554160411,57.55253190924,65.8346797859806,62.5547430238971,66.6669814144144,61.9596489623665,65.9221672270905,65.3150179756015,60.9813518221107,66.8709474915091,65.9563583564878
62.7761036939028,66.3558569432413,66.5583256340817,67.3125032794584,64.2151087277451,64.2076449550775,68.586697940383,59.9436164536935,55.0385807640721,65.1894955782879,66.6911362703796,45.2528845219376,68.0381114678173,50.3316189389271,61.1438873340636,62.0284778824497,61.0861591014257,66.1701944010282,65.65486239278,59.6471466544406,63.0049554160411,57.55253190924,65.8346797859806,62.5547430238971,66.6669814144144,61.9596489623665,65.9221672270905,65.3150179756015,60.9813518221107,66.8709474915091,65.9563583564878
62.7761036939028,66.3791815091173,66.5583256340817,67.3125032794584,64.2151087277451,64.2076449550775,68.586697940383,59.9436164536935,55.0385807640721,65.1894955782879,66.9944105057034,45.2528845219376,68.0381114678173,50.3316189389271,61.1438873340636,62.0284778824497,61.0861591014257,66.1701944010282,65.65486239278,59.6471466544406,63.0049554160411,57.55253190924,65.8346797859806,62.5547430238971,66.6669814144144,61.9596489623665,65.9221672270905,65.3150179756015,60.9813518221107,66.8709474915091,65.9788555903151
62.7761036939028,66.3791815091173,66.5583256340817,67.3125032794584,64.2151087277451,64.2076449550775,68.586697940383,59.9436164536935,56.0704236721565,65.1894955782879,66.9944105057034,45.2528845219376,68.0381114678173,50.3316189389271,61.1438873340636,62.0284778824497,61.0861591014257,66.1701944010282,65.65486239278,59.6471466544406,63.0049554160411,57.55253190924,65.8346797859806,62.5754150724607,66.6669814144144,61.9596489623665,65.9221672270905,65.3150179756015,60.9813518221107,66.8709474915091,65.9788555903151
62.7761036939028,66.3791815091173,66.5583256340817,67.3125032794584,64.2151087277451,64.2076449550775,68.586697940383,59.9436164536935,56.0704236721565,65.1894955782879,66.9944105057034,45.2528845219376,68.0381114678173,50.3316189389271,61.1438873340636,62.0284778824497,61.0861591014257,66.1701944010282,65.65486239278,59.6471466544406,63.0049554160411,57.55253190924,65.8346797859806,62.5754150724607,66.6669814144144,61.9596489623665,65.9221672270905,65.3150179756015,60.9813518221107,66.9068729624265,65.9788555903151
62.7761036939028,66.3791815091173,66.5583256340817,67.3125032794584,64.2151087277451,64.2076449550775,68.586697940383,59.9436164536935,56.0704236721565,65.1894955782879,66.9944105057034,45.4478481682602,68.0381114678173,50.3316189389271,61.1438873340636,62.0284778824497,61.0861591014257,66.1701944010282,65.65486239278,59.6471466544406,63.0049554160411,57.55253190924,65.8346797859806,62.5754150724607,66.6669814144144,61.9596489623665,65.9221672270905,65.3150179756015,60.9813518221107,66.9068729624265,65.9788555903151
62.7761036939028,66.3791815091173,66.5583256340817,67.3125032794584,64.2151087277451,64.2076449550775,68.586697940383,59.9436164536935,56.0704236721565,65.1894955782879,66.9944105057034,45.4478481682602,68.0381114678173,50.3316189389271,61.1438873340636,62.0284778824497,61.0861591014257,66.1701944010282,65.65486239278,59.6471466544406,63.0049554160411,57.55253190924,65.95142632732,62.5754150724607,66.6669814144144,61.9596489623665,65.9221672270905,65.3150179756015,60.9813518221107,66.9068729624265,65.9788555903151
62.7761036939028,66.3791815091173,66.5583256340817,67.3125032794584,64.4771574759641,64.2076449550775,68.586697940383,59.9436164536935,56.0704236721565,65.1894955782879,66.9944105057034,45.4478481682602,68.0381114678173,50.3347378967159,61.1438873340636,62.0284778824497,61.0861591014257,66.1701944010282,65.65486239278,59.6471466544406,63.0049554160411,57.55253190924,65.95142632732,62.5754150724607,66.6669814144144,61.9596489623665,65.9221672270905,65.3150179756015,60.9813518221107,66.9068729624265,65.9788555903151
62.7761036939028,66.3791815091173,66.5583256340817,67.3125032794584,64.4771574759641,64.2076449550775,68.586697940383,59.9436164536935,56.0704236721565,65.1894955782879,66.9944105057034,45.4478481682602,68.0381114678173,50.3347378967159,61.1438873340636,62.0284778824497,61.0861591014257,66.1701944010282,65.65486239278,59.6471466544406,63.0049554160411,57.55253190924,65.95142632732,62.5754150724607,66.6669814144144,61.9596489623665,65.9221672270905,65.3150179756015,60.9813518221107,66.9068729624265,65.9788555903151
62.7761036939028,66.3791815091173,66.5583256340817,67.3125032794584,64.4771574759641,64.2090491912308,68.586697940383,59.9436164536935,56.0704236721565,65.1894955782879,66.9944105057034,45.4478481682602,68.0381114678173,50.3347378967159,61.1438873340636,62.0284778824497,61.1493310675252,66.1701944010282,65.65486239278,59.6471466544406,63.0049554160411,57.55253190924,65.95142632732,62.5754150724607,66.6669814144144,61.9596489623665,65.9426736529112,65.3150179756015,60.9813518221107,66.9068729624265,65.9788555903151
62.7761036939028,66.3791815091173,66.615215126817,67.3125032794584,64.4771574759641,64.2090491912308,68.586697940383,59.9879742111009,56.0704236721565,65.1894955782879,66.9944105057034,45.4478481682602,68.0381114678173,50.3347378967159,61.1438873340636,62.0284778824497,61.1493310675252,66.1701944010282,65.65486239278,59.6471466544406,63.0462537695537,57.55253190924,65.95142632732,62.5754150724607,66.6669814144144,61.9596489623665,65.9426736529112,65.3150179756015,60.9813518221107,66.9068729624265,65.9788555903151
62.7761036939028,66.3791815091173,66.615215126817,67.3125032794584,64.4771574759641,64.2090491912308,68.586697940383,59.9879742111009,56.0704236721565,65.1894955782879,66.9944105057034,45.4478481682602,68.0381114678173,50.3347378967159,61.1438873340636,62.0284778824497,61.1493310675252,66.1701944010282,65.65486239278,59.6471466544406,63.0462537695537,57.55253190924,65.95142632732,62.5754150724607,66.6669814144144,61.9596489623665,65.9426736529112,65.3150179756015,60.9813518221107,66.9068729624265,65.9788555903151
62.7761036939028,66.3791815091173,66.615215126817,67.3125032794584,64.4771574759641,64.2090491912308,68.586697940383,59.9879742111009,56.0704236721565,65.1894955782879,66.9944105057034,45.4478481682602,68.0381114678173,50.3347378967159,61.1438873340636,62.0284778824497,61.1493310675252,66.1701944010282,65.65486239278,59.6471466544406,63.0462537695537,57.55253190924,65.95142632732,62.5754150724607,66.6669814144144,61.9596489623665,65.9426736529112,65.3150179756015,60.9813518221107,66.9068729624265,65.9788555903151
62.7761036939028,66.3791815091173,66.615215126817,67.3125032794584,64.4771574759641,64.2090491912308,68.586697940383,59.9879742111009,56.0704236721565,65.1894955782879,67.1148058358131,45.4478481682602,68.0381114678173,50.3347378967159,61.1438873340636,62.0284778824497,61.1493310675252,66.1701944010282,65.65486239278,59.6471466544406,63.0462537695537,57.55253190924,65.95142632732,62.5754150724607,66.6669814144144,61.9596489623665,65.9426736529112,65.3150179756015,60.9813518221107,66.9068729624265,65.9788555903151
62.7761036939028,66.5620569432854,66.615215126817,67.3125032794584,64.4771574759641,64.2090491912308,68.586697940383,59.9879742111009,56.0704236721565,65.1894955782879,67.1148058358131,45.4478481682602,68.0381114678173,50.3347378967159,61.1438873340636,62.2788003880072,61.1493310675252,66.1701944010282,65.65486239278,59.6471466544406,63.0462537695537,57.55253190924,65.95142632732,62.5754150724607,66.6669814144144,61.9596489623665,65.9426736529112,65.3150179756015,60.9813518221107,67.0866834458025,65.9788555903151
62.7761036939028,66.5620569432854,66.615215126817,67.3125032794584,64.4771574759641,64.2090491912308,68.586697940383,59.9879742111009,56.0704236721565,65.5397862366376,67.1148058358131,45.4478481682602,68.0381114678173,50.3347378967159,61.1438873340636,62.2788003880072,61.1493310675252,66.1701944010282,65.65486239278,59.6471466544406,63.0462537695537,57.55253190924,65.95142632732,62.5754150724607,66.6669814144144,61.9596489623665,65.9426736529112,65.3150179756015,60.9813518221107,67.0866834458025,65.9788555903151
62.7761036939028,66.5620569432854,66.615215126817,67.3125032794584,64.4771574759641,64.2090491912308,68.586697940383,60.6103672013644,56.0704236721565,65.5397862366376,67.1148058358131,45.4478481682602,68.0381114678173,50.3347378967159,61.1438873340636,62.2788003880072,61.1493310675252,66.1701944010282,65.65486239278,59.6471466544406,63.0462537695537,57.5555407621129,65.95142632732,62.5754150724607,66.6669814144144,61.9596489623665,65.9426736529112,65.3150179756015,60.9813518221107,67.0866834458025,65.9788555903151
62.7761036939028,66.5620569432854,66.615215126817,67.3125032794584,64.4771574759641,64.2090491912308,68.586697940383,60.6103672013644,56.0704236721565,65.5397862366376,67.1148058358131,45.4478481682602,68.0381114678173,50.3492472233257,61.1438873340636,62.2788003880072,61.1493310675252,66.1701944010282,65.65486239278,59.6471466544406,63.0462537695537,57.5555407621129,65.9606912046112,62.5754150724607,66.6805401228067,61.9596489623665,65.9426736529112,65.3150179756015,60.9813518221107,67.0866834458025,65.9788555903151
62.7761036939028,66.5620569432854,66.615215126817,67.3125032794584,64.4771574759641,64.2090491912308,68.586697940383,60.6103672013644,56.0704236721565,65.5397862366376,67.1148058358131,45.4478481682602,68.0381114678173,50.3492472233257,61.1438873340636,62.2788003880072,61.1493310675252,66.1701944010282,65.65486239278,59.6471466544406,63.0462537695537,57.5555407621129,65.9606912046112,62.5754150724607,66.6805401228067,61.9596489623665,65.9426736529112,65.3150179756015,60.9813518221107,67.0866834458025,65.9788555903151
63.5294996989128,66.5620569432854,66.615215126817,67.3125032794584,64.4771574759641,64.2100341635635,68.586697940383,60.6103672013644,56.0704236721565,65.5397862366376,67.1148058358131,45.4478481682602,68.1599327022091,50.3492472233257,61.1438873340636,62.2788003880072,61.1493310675252,66.1701944010282,65.65486239278,59.6471466544406,63.0462537695537,57.5555407621129,65.9606912046112,62.5754150724607,66.6805401228067,61.9596489623665,65.9426736529112,65.3150179756015,60.9813518221107,67.0866834458025,65.9788555903151
63.5294996989128,66.5620569432854,66.7081260285855,67.3125032794584,64.4771574759641,64.2100341635635,68.586697940383,60.6103672013644,56.0704236721565,65.5397862366376,67.1148058358131,45.4478481682602,68.1599327022091,50.3492472233257,61.1438873340636,62.2788003880072,61.1493310675252,66.1701944010282,65.65486239278,59.6471466544406,63.0462537695537,57.5555407621129,65.9606912046112,62.5754150724607,66.6805401228067,61.9596489623665,65.9426736529112,65.3150179756015,60.9813518221107,67.0866834458025,65.9788555903151
63.5294996989128,66.5620569432854,66.7081260285855,67.3125032794584,64.4771574759641,64.2100341635635,68.5952564520238,60.6103672013644,56.0704236721565,65.5397862366376,67.1148058358131,45.4478481682602,68.1599327022091,50.3492472233257,61.1438873340636,62.2788003880072,61.1918448346273,66.1701944010282,65.83229762419,59.6471466544406,63.0462537695537,57.5555407621129,65.9606912046112,62.5754150724607,66.6805401228067,61.9596489623665,65.950888830639,65.3150179756015,60.9813518221107,67.0866834458025,65.9788555903151
63.5294996989128,66.5620569432854,66.7081260285855,67.3125032794584,64.4771574759641,64.2100341635635,68.5952564520238,60.6103672013644,56.0704236721565,65.5397862366376,67.1148058358131,45.4478481682602,68.1599327022091,50.3492472233257,61.1438873340636,62.2788003880072,61.1918448346273,66.2157014385781,65.83229762419,59.6471466544406,63.0462537695537,57.5555407621129,65.9606912046112,62.5754150724607,66.6805401228067,61.9596489623665,65.950888830639,65.3150179756015,60.9813518221107,67.0866834458025,66.0559769407868
63.5294996989128,66.5620569432854,66.7081260285855,67.3125032794584,64.4771574759641,64.2100341635635,68.5952564520238,60.6103672013644,56.0704236721565,65.5397862366376,67.299788425279,45.4478481682602,68.1599327022091,50.3492472233257,61.1438873340636,62.2788003880072,61.1918448346273,66.2157014385781,65.83229762419,59.6471466544406,63.0462537695537,57.5555407621129,65.9606912046112,62.5754150724607,66.6805401228067,61.9596489623665,65.950888830639,65.3150179756015,60.9813518221107,67.0866834458025,66.0559769407868
63.5294996989128,66.5620569432854,66.7081260285855,67.3125032794584,64.4771574759641,64.2100341635635,68.5952564520238,60.6103672013644,56.0704236721565,65.5397862366376,67.299788425279,45.4478481682602,68.1599327022091,50.3492472233257,61.1438873340636,62.2788003880072,61.1918448346273,66.2157014385781,65.83229762419,59.6868743048704,63.0462537695537,57.5555407621129,65.9606912046112,62.5754150724607,66.6805401228067,61.9596489623665,65.950888830639,65.3150179756015,60.9813518221107,67.182019891088,66.0559769407868
63.5294996989128,66.5620569432854,66.7081260285855,67.3125032794584,64.4771574759641,64.2100341635635,68.5952564520238,60.6103672013644,56.4132402257958,65.5397862366376,67.299788425279,45.4478481682602,68.1599327022091,50.3492472233257,61.1438873340636,62.2788003880072,61.1918448346273,66.2157014385781,65.83229762419,59.6868743048704,63.0462537695537,57.5555407621129,65.9606912046112,62.5754150724607,66.6805401228067,61.9596489623665,65.950888830639,65.3150179756015,60.9813518221107,67.182019891088,66.0559769407868
63.5294996989128,66.5620569432854,66.7081260285855,67.3125032794584,64.4771574759641,64.2100341635635,68.5952564520238,60.6103672013644,56.4132402257958,65.9654166175388,67.299788425279,45.6022275920195,68.1599327022091,50.3492472233257,61.1438873340636,62.2788003880072,61.1918448346273,66.2157014385781,65.83229762419,59.6868743048704,63.0462537695537,57.5555407621129,65.9606912046112,62.5754150724607,66.6805401228067,61.9596489623665,65.950888830639,65.3150179756015,60.9813518221107,67.182019891088,66.0559769407868
63.5294996989128,66.5862247712611,66.7081260285855,67.3125032794584,64.4771574759641,64.2100341635635,68.5952564520238,60.6103672013644,56.4132402257958,65.9654166175388,67.299788425279,45.6022275920195,68.1599327022091,50.3492472233257,61.1438873340636,62.2788003880072,61.1918448346273,66.2157014385781,65.83229762419,59.6868743048704,63.0462537695537,57.5555407621129,65.9606912046112,62.6194064641442,66.6805401228067,61.9596489623665,65.950888830639,65.3386145744839,60.9813518221107,67.182019891088,66.0559769407868
63.5294996989128,66.5862247712611,66.7081260285855,67.3125032794584,64.4771574759641,64.2100341635635,68.5952564520238,60.6103672013644,56.4132402257958,65.9654166175388,67.299788425279,45.6022275920195,68.1599327022091,50.3561207247465,61.1438873340636,62.2788003880072,61.1918448346273,66.2157014385781,65.83229762419,59.6868743048704,63.0462537695537,57.5555407621129,65.997508256945,62.6194064641442,66.7017909847593,61.9596489623665,65.950888830639,65.3386145744839,60.9813518221107,67.182019891088,66.0559769407868
63.5294996989128,66.5862247712611,66.7081260285855,67.3125032794584,64.4771574759641,64.2100341635635,68.5952564520238,60.6103672013644,56.4132402257958,65.9654166175388,67.299788425279,45.6022275920195,68.1599327022091,50.3561207247465,61.1438873340636,62.2788003880072,61.1918448346273,66.2157014385781,65.83229762419,59.6868743048704,63.0462537695537,57.5555407621129,65.997508256945,62.6194064641442,66.7017909847593,61.9596489623665,65.950888830639,65.3386145744839,60.9813518221107,67.182019891088,66.0559769407868
63.5294996989128,66.5862247712611,66.7081260285855,67.3125032794584,64.4771574759641,64.7117331858704,68.5952564520238,60.6103672013644,56.4132402257958,65.9654166175388,67.299788425279,45.6022275920195,68.1599327022091,50.3561207247465,61.1438873340636,62.2788003880072,61.1918448346273,66.2157014385781,65.83229762419,59.6868743048704,63.0462537695537,57.5555407621129,65.997508256945,62.6194064641442,66.7017909847593,61.9596489623665,65.950888830639,65.3386145744839,60.9813518221107,67.182019891088,66.0559769407868
63.5294996989128,66.5862247712611,66.7081260285855,67.3125032794584,64.4771574759641,64.7117331858704,68.5952564520238,60.6103672013644,56.4132402257958,65.9654166175388,67.299788425279,45.6022275920195,68.1599327022091,50.3561207247465,61.1438873340636,62.2788003880072,61.1918448346273,66.2157014385781,67.1544156525436,59.6868743048704,63.0462537695537,57.5555407621129,65.997508256945,62.6194064641442,66.7568176567599,61.9596489623665,65.950888830639,65.3386145744839,60.9813518221107,67.182019891088,66.0559769407868
63.5294996989128,66.5862247712611,66.7081260285855,67.3125032794584,64.4771574759641,64.7117331858704,68.5952564520238,60.6103672013644,56.4132402257958,65.9654166175388,67.299788425279,45.6022275920195,68.1599327022091,50.3561207247465,61.1438873340636,62.2788003880072,61.2207599752792,66.2157014385781,67.1544156525436,59.6868743048704,63.0462537695537,57.5555407621129,65.997508256945,62.6194064641442,66.7568176567599,61.9596489623665,65.950888830639,65.3386145744839,60.9864155166103,67.182019891088,66.1386136010502
63.5294996989128,66.5862247712611,66.7081260285855,67.3125032794584,64.4771574759641,64.7117331858704,68.5952564520238,60.6103672013644,56.4132402257958,65.9654166175388,67.299788425279,45.6022275920195,68.1599327022091,50.3561207247465,61.1438873340636,62.2788003880072,61.2207599752792,66.2157014385781,67.1544156525436,59.6868743048704,63.0462537695537,57.5555407621129,65.997508256945,62.6194064641442,66.7568176567599,61.9596489623665,65.9857268304862,65.3386145744839,60.9864155166103,67.182019891088,66.1386136010502
63.5294996989128,66.5862247712611,66.7081260285855,67.3125032794584,64.4771574759641,64.7117331858704,68.5952564520238,60.6103672013644,56.4132402257958,65.9654166175388,67.299788425279,45.6022275920195,68.1599327022091,50.3561207247465,61.1438873340636,62.2788003880072,61.2207599752792,66.2157014385781,67.1544156525436,59.6868743048704,63.0462537695537,57.5555407621129,65.997508256945,62.6194064641442,66.7568176567599,61.9596489623665,65.9857268304862,65.3386145744839,60.9864155166103,67.4392061882194,66.1386136010502
63.5294996989128,66.5862247712611,66.7081260285855,67.3125032794584,64.4771574759641,64.7117331858704,68.5952564520238,60.6103672013644,56.4132402257958,65.9654166175388,67.299788425279,45.6022275920195,68.1599327022091,50.3561207247465,61.1438873340636,62.2788003880072,61.2207599752792,66.2157014385781,67.1544156525436,59.6868743048704,63.0462537695537,57.5555407621129,65.997508256945,62.6194064641442,66.7568176567599,61.9596489623665,65.9857268304862,65.3386145744839,60.9864155166103,67.4392061882194,66.1386136010502
63.5294996989128,66.5862247712611,66.7081260285855,67.3125032794584,64.4771574759641,64.7117331858704,68.5952564520238,60.6103672013644,56.4132402257958,65.9654166175388,67.299788425279,45.6022275920195,68.1599327022091,50.3561207247465,61.1438873340636,62.2853947363409,61.2207599752792,66.2157014385781,67.1544156525436,59.6868743048704,63.0462537695537,57.5555407621129,65.997508256945,62.6194064641442,66.7568176567599,61.9596489623665,65.9857268304862,65.3386145744839,60.9864155166103,67.4392061882194,66.1386136010502
63.5294996989128,66.5862247712611,66.7081260285855,68.2694422560135,64.4771574759641,64.7117331858704,68.5952564520238,60.6103672013644,56.4132402257958,65.9654166175388,67.299788425279,45.8584701682248,68.1599327022091,50.3561207247465,61.1438873340636,62.2853947363409,61.2207599752792,66.2157014385781,67.1544156525436,59.6868743048704,63.0462537695537,57.5555407621129,65.997508256945,62.6194064641442,66.7568176567599,61.9596489623665,65.9857268304862,65.3565034404892,60.9864155166103,67.4392061882194,66.1386136010502
63.5294996989128,66.5862247712611,66.7081260285855,68.2694422560135,64.4771574759641,64.7117331858704,68.5952564520238,60.6103672013644,56.4132402257958,66.1220985770923,67.299788425279,45.8584701682248,68.1599327022091,50.3561207247465,61.1438873340636,62.2853947363409,61.2207599752792,66.2157014385781,67.1544156525436,59.6868743048704,63.0462537695537,57.5555407621129,65.997508256945,62.6194064641442,66.7568176567599,61.9596489623665,65.9857268304862,65.3565034404892,60.9864155166103,67.4392061882194,66.1386136010502
63.5294996989128,66.6767797091362,66.7081260285855,68.2694422560135,64.4771574759641,64.7117331858704,68.5952564520238,60.6103672013644,56.4132402257958,66.1220985770923,67.299788425279,45.8584701682248,68.1599327022091,50.4309286313722,61.1438873340636,62.2853947363409,61.2207599752792,66.2157014385781,67.1544156525436,59.6868743048704,63.0462537695537,57.5555407621129,65.997508256945,62.6194064641442,66.7568176567599,61.9596489623665,65.9857268304862,65.3565034404892,60.9864155166103,67.4392061882194,66.1386136010502
63.5294996989128,66.6767797091362,66.7081260285855,68.2694422560135,64.4771574759641,64.8310021557631,68.5952564520238,60.6103672013644,56.4132402257958,66.1220985770923,67.299788425279,45.8584701682248,68.1784387162613,50.4309286313722,61.1438873340636,62.2853947363409,61.2207599752792,66.2157014385781,67.1544156525436,59.6868743048704,63.0462537695537,57.5555407621129,65.997508256945,62.6194064641442,66.7568176567599,61.9596489623665,65.9857268304862,65.3565034404892,60.9864155166103,67.4392061882194,66.1386136010502
64.4588448756186,66.6767797091362,66.7081260285855,68.2694422560135,64.4771574759641,64.8310021557631,68.5952564520238,60.6103672013644,56.4132402257958,66.1220985770923,67.299788425279,45.8584701682248,68.1784387162613,50.4309286313722,61.1438873340636,62.2853947363409,61.2207599752792,66.2157014385781,67.1544156525436,59.6868743048704,63.0462537695537,57.5555407621129,65.997508256945,62.6194064641442,68.3054228812068,61.9596489623665,65.9857268304862,65.3565034404892,60.9864155166103,67.4392061882194,66.1386136010502
64.4588448756186,66.6767797091362,66.7288110980434,68.2694422560135,64.4771574759641,64.8310021557631,68.5952564520238,60.6103672013644,56.4132402257958,66.1220985770923,67.299788425279,45.8584701682248,68.1784387162613,50.4309286313722,61.1438873340636,62.2853947363409,61.2207599752792,66.2157014385781,67.1544156525436,59.6868743048704,63.0462537695537,57.5555407621129,65.997508256945,62.6194064641442,68.3054228812068,61.9596489623665,65.9857268304862,65.3565034404892,60.9864155166103,67.4392061882194,66.1386136010502
64.4588448756186,66.6767797091362,66.7288110980434,68.2694422560135,64.4771574759641,64.8310021557631,68.5952564520238,60.6103672013644,56.4132402257958,66.1220985770923,67.3709987902036,45.8584701682248,68.1784387162613,50.4309286313722,61.1438873340636,62.2853947363409,61.2207599752792,66.2157014385781,67.1544156525436,59.6868743048704,63.0462537695537,57.5555407621129,65.997508256945,62.6194064641442,68.3054228812068,61.9596489623665,65.9857268304862,65.3565034404892,61.0154130330306,67.4392061882194,66.1386136010502
64.4588448756186,66.6767797091362,66.7288110980434,68.2694422560135,64.4771574759641,64.8310021557631,68.5952564520238,60.6103672013644,56.4132402257958,66.1220985770923,67.3709987902036,45.8584701682248,68.1784387162613,50.4309286313722,61.1438873340636,62.2853947363409,61.2207599752792,66.2157014385781,67.1544156525436,59.6868743048704,63.0462537695537,57.5555407621129,65.997508256945,62.6194064641442,68.3054228812068,61.9596489623665,65.9857268304862,65.3565034404892,61.0154130330306,67.5249325126125,66.1386136010502
64.4588448756186,66.6767797091362,66.7288110980434,68.2694422560135,64.4771574759641,64.8310021557631,68.5952564520238,60.6103672013644,56.4132402257958,66.1220985770923,67.3709987902036,45.8584701682248,68.1784387162613,50.4309286313722,61.1438873340636,62.2853947363409,61.2406566758304,66.2157014385781,67.1544156525436,59.6868743048704,63.0462537695537,57.5555407621129,65.997508256945,62.6194064641442,68.3054228812068,61.9596489623665,65.9857268304862,65.3565034404892,61.0154130330306,67.5249325126125,66.1386136010502
64.4588448756186,66.6767797091362,66.7288110980434,68.2694422560135,64.4771574759641,64.8310021557631,68.5952564520238,60.6103672013644,56.4132402257958,66.1220985770923,67.3709987902036,45.8584701682248,68.1784387162613,50.4309286313722,61.1438873340636,62.2853947363409,61.2406566758304,66.2157014385781,67.1544156525436,59.7032160417799,63.0462537695537,57.5555407621129,65.997508256945,62.6194064641442,68.3054228812068,61.9596489623665,65.9857268304862,65.3565034404892,61.0154130330306,67.5249325126125,66.1386136010502
64.4588448756186,66.6767797091362,66.7288110980434,68.2694422560135,64.4771574759641,64.8310021557631,68.5952564520238,60.6103672013644,56.7048636000518,66.1220985770923,67.3709987902036,46.0257726601103,68.1784387162613,50.4309286313722,61.1438873340636,62.6079015249066,61.2406566758304,66.2157014385781,67.1544156525436,59.7032160417799,63.0462537695537,57.5555407621129,65.997508256945,62.6194064641442,68.3054228812068,61.9596489623665,65.9857268304862,65.3565034404892,61.0154130330306,67.5249325126125,66.1386136010502
64.4588448756186,66.6767797091362,66.7288110980434,68.2694422560135,64.4771574759641,64.8310021557631,68.5952564520238,60.6103672013644,56.7048636000518,66.1220985770923,67.3709987902036,46.0257726601103,68.1784387162613,50.4309286313722,61.1438873340636,62.6079015249066,61.2406566758304,66.2157014385781,67.1544156525436,59.7032160417799,63.0462537695537,57.5555407621129,65.997508256945,62.6194064641442,68.3054228812068,61.9596489623665,65.9857268304862,65.3653656129292,61.0154130330306,67.5249325126125,66.1386136010502
64.4588448756186,66.6767797091362,66.7288110980434,68.2694422560135,64.4771574759641,64.8310021557631,68.5952564520238,60.6103672013644,56.7048636000518,66.1220985770923,67.3709987902036,46.0257726601103,68.1784387162613,50.4309286313722,61.1438873340636,62.6079015249066,61.2406566758304,66.2157014385781,67.1544156525436,59.7032160417799,63.0462537695537,57.5555407621129,66.0214944900732,62.6194064641442,68.3054228812068,61.9596489623665,65.9857268304862,65.3653656129292,61.0154130330306,67.5249325126125,66.1386136010502
64.4588448756186,66.6767797091362,66.7288110980434,68.2694422560135,64.4771574759641,64.8310021557631,68.5952564520238,60.6103672013644,56.7048636000518,66.1220985770923,67.3709987902036,46.0257726601103,68.1784387162613,50.4309286313722,61.1438873340636,62.6079015249066,61.2406566758304,66.2157014385781,67.1544156525436,59.7032160417799,63.0462537695537,57.5555407621129,66.0214944900732,62.6194064641442,68.3054228812068,61.9596489623665,65.9857268304862,65.3653656129292,61.0154130330306,67.5249325126125,66.1386136010502
64.4588448756186,66.6767797091362,66.7288110980434,68.2694422560135,64.4771574759641,65.2736990676987,68.5952564520238,60.6103672013644,56.7048636000518,66.1220985770923,67.3709987902036,46.0257726601103,68.1784387162613,50.4309286313722,61.1438873340636,62.6079015249066,61.2406566758304,66.2157014385781,67.1544156525436,59.7032160417799,63.0462537695537,57.5555407621129,66.0214944900732,62.6194064641442,68.3054228812068,61.9596489623665,65.9857268304862,65.3653656129292,61.0154130330306,67.5249325126125,66.1386136010502
64.4588448756186,66.6767797091362,66.7288110980434,68.2694422560135,64.4771574759641,65.2736990676987,68.5952564520238,60.6103672013644,56.7048636000518,66.1220985770923,67.3709987902036,46.0257726601103,68.1784387162613,50.4309286313722,61.1438873340636,62.6079015249066,61.2406566758304,66.2394727971155,67.1544156525436,59.7032160417799,63.0462537695537,57.5555407621129,66.0214944900732,62.6194064641442,68.3054228812068,61.9596489623665,65.9857268304862,65.3653656129292,61.0154130330306,67.5249325126125,66.3103970654223
64.4588448756186,66.6767797091362,66.7288110980434,68.2694422560135,64.4771574759641,65.2736990676987,68.5952564520238,60.6103672013644,56.7048636000518,66.1220985770923,67.3709987902036,46.0257726601103,68.1784387162613,50.4309286313722,61.1438873340636,62.6079015249066,61.2406566758304,66.2394727971155,67.1544156525436,59.7032160417799,63.0462537695537,57.5555407621129,66.0214944900732,62.6194064641442,68.3054228812068,61.9596489623665,65.9857268304862,65.3653656129292,61.0154130330306,67.5249325126125,66.3103970654223
64.4588448756186,66.6767797091362,66.7288110980434,68.2694422560135,64.4771574759641,65.2736990676987,68.5952564520238,60.6103672013644,56.7048636000518,66.1220985770923,67.3709987902036,46.0257726601103,68.1784387162613,50.4309286313722,61.1438873340636,62.6079015249066,61.2406566758304,66.2394727971155,67.1544156525436,59.7032160417799,63.0462537695537,57.5555407621129,66.0214944900732,62.6194064641442,68.3054228812068,61.9596489623665,65.9857268304862,65.3653656129292,61.0154130330306,67.5249325126125,66.3103970654223
64.4588448756186,66.6767797091362,66.7288110980434,68.2694422560135,64.4771574759641,65.2736990676987,68.5952564520238,60.6103672013644,56.7048636000518,66.1220985770923,67.3709987902036,46.0257726601103,68.1784387162613,50.4309286313722,61.1438873340636,62.6079015249066,61.2406566758304,66.2394727971155,67.1544156525436,59.7032160417799,63.0462537695537,57.5555407621129,66.0214944900732,62.6194064641442,68.3054228812068,61.9596489623665,65.9857268304862,65.3653656129292,61.0154130330306,67.6041843441719,66.3103970654223
64.4588448756186,66.6767797091362,66.7288110980434,68.2694422560135,64.4771574759641,65.2736990676987,68.5952564520238,60.6103672013644,56.7048636000518,66.1220985770923,67.3709987902036,46.0257726601103,68.1784387162613,50.4309286313722,61.1438873340636,62.6079015249066,61.2545031191463,66.2394727971155,67.1544156525436,59.7032160417799,63.0462537695537,57.5555407621129,66.0214944900732,62.6194064641442,68.3054228812068,61.9596489623665,65.9857268304862,65.3653656129292,61.0154130330306,67.6041843441719,66.3103970654223
64.4588448756186,66.6767797091362,66.7288110980434,68.2694422560135,64.4771574759641,65.2736990676987,68.5952564520238,60.6103672013644,56.7048636000518,66.1220985770923,67.3709987902036,46.0257726601103,68.1784387162613,50.4309286313722,61.1438873340636,62.6079015249066,61.2545031191463,66.2394727971155,67.1544156525436,59.7032160417799,63.0462537695537,57.5555407621129,66.0214944900732,62.6194064641442,68.3054228812068,61.9596489623665,65.9857268304862,65.3653656129292,61.0154130330306,67.6041843441719,66.3103970654223
64.4588448756186,66.6767797091362,66.7288110980434,68.2694422560135,64.4771574759641,65.2736990676987,68.5952564520238,60.6103672013644,56.7048636000518,66.1220985770923,67.3709987902036,46.0257726601103,68.1784387162613,50.4309286313722,61.1438873340636,62.6079015249066,61.2545031191463,66.2394727971155,67.1544156525436,59.7032160417799,63.0462537695537,57.5555407621129,66.0214944900732,62.6194064641442,68.3054228812068,61.9596489623665,65.9857268304862,65.3653656129292,61.0154130330306,67.6041843441719,66.3103970654223
64.4588448756186,66.6767797091362,66.7288110980434,68.2694422560135,64.4771574759641,65.2736990676987,68.5952564520238,60.6103672013644,56.7048636000518,66.2485858803025,67.3709987902036,46.0257726601103,68.1784387162613,50.4309286313722,61.1438873340636,62.7640617598464,61.2545031191463,66.2394727971155,67.1544156525436,59.7032160417799,63.0462537695537,57.5573989047483,66.0214944900732,62.6216694656367,68.3054228812068,61.9596489623665,65.9857268304862,65.4642035651389,61.0154130330306,67.6041843441719,66.3103970654223
64.4588448756186,66.6767797091362,66.7288110980434,68.2694422560135,64.4771574759641,65.2736990676987,68.5952564520238,60.6103672013644,56.7048636000518,66.2485858803025,67.3709987902036,46.0257726601103,68.1784387162613,50.4309286313722,61.1438873340636,62.7640617598464,61.2545031191463,66.2394727971155,67.1544156525436,59.7032160417799,63.0462537695537,57.5573989047483,66.0214944900732,62.6216694656367,68.3054228812068,61.9596489623665,65.9857268304862,65.4642035651389,61.0154130330306,67.6041843441719,66.3103970654223
64.4588448756186,66.6767797091362,66.7288110980434,68.2694422560135,64.4771574759641,65.4045045875519,68.5952564520238,60.6103672013644,56.7048636000518,66.2485858803025,67.3709987902036,46.0257726601103,68.1784387162613,50.4309286313722,61.1438873340636,62.7640617598464,61.2545031191463,66.2394727971155,67.1544156525436,59.7032160417799,63.0462537695537,57.5573989047483,66.0242023650024,62.6216694656367,68.3054228812068,61.9596489623665,65.9857268304862,65.4642035651389,61.0154130330306,67.6041843441719,66.3103970654223
64.4921807026261,66.6767797091362,66.7293946758956,68.2694422560135,64.4771574759641,65.4045045875519,68.5952564520238,60.6103672013644,56.7048636000518,66.2485858803025,67.3709987902036,46.0257726601103,68.1784387162613,50.4309286313722,61.1438873340636,62.7640617598464,61.2545031191463,66.245903857565,67.1544156525436,59.7032160417799,63.1018862771886,57.5573989047483,66.0242023650024,62.6216694656367,68.3054228812068,61.9596489623665,65.9857268304862,65.4642035651389,61.0154130330306,67.6041843441719,66.3103970654223
64.4921807026261,66.6767797091362,66.7293946758956,68.2694422560135,64.4771574759641,65.4045045875519,68.5952564520238,60.6103672013644,56.7048636000518,66.2485858803025,67.3709987902036,46.0257726601103,68.1784387162613,50.4309286313722,61.1438873340636,62.7640617598464,61.2545031191463,66.245903857565,67.1544156525436,59.7032160417799,63.1018862771886,57.5573989047483,66.0242023650024,62.6216694656367,68.3054228812068,61.9596489623665,65.9857268304862,65.4642035651389,61.0154130330306,67.6041843441719,66.3103970654223
64.4921807026261,66.6767797091362,66.7293946758956,68.2694422560135,64.4771574759641,65.4045045875519,68.5952564520238,60.6103672013644,56.7048636000518,66.2485858803025,67.4111690889553,46.0257726601103,68.1784387162613,50.4309286313722,61.1438873340636,62.7640617598464,61.2545031191463,66.245903857565,67.1544156525436,59.7032160417799,63.1018862771886,57.5573989047483,66.0242023650024,62.6216694656367,68.3054228812068,61.9596489623665,65.9857268304862,65.4642035651389,61.0154130330306,67.6041843441719,66.3103970654223
64.4921807026261,66.6767797091362,66.7293946758956,68.2694422560135,64.4771574759641,65.4045045875519,68.5952564520238,60.6103672013644,56.7048636000518,66.2485858803025,67.4111690889553,46.0257726601103,68.1784387162613,50.4309286313722,61.1438873340636,62.7640617598464,61.2545031191463,66.245903857565,67.1544156525436,59.7032160417799,63.1018862771886,57.5573989047483,66.0242023650024,62.6216694656367,68.3054228812068,61.9596489623665,65.9857268304862,65.4642035651389,61.0154130330306,67.6857435933086,66.3103970654223
64.4921807026261,66.6767797091362,66.7293946758956,68.2694422560135,64.4771574759641,65.4045045875519,68.5952564520238,60.6103672013644,56.7048636000518,66.2485858803025,67.4111690889553,46.0257726601103,68.1784387162613,50.4309286313722,61.1438873340636,62.7640617598464,61.2545031191463,66.245903857565,67.1544156525436,59.7032160417799,63.1018862771886,57.5573989047483,66.0242023650024,62.6216694656367,68.3054228812068,61.9596489623665,65.9857268304862,65.4642035651389,61.0154130330306,67.6857435933086,66.3103970654223
64.4921807026261,66.6767797091362,66.7293946758956,68.2694422560135,64.4771574759641,65.4045045875519,68.5952564520238,60.6103672013644,56.7048636000518,66.2485858803025,67.4111690889553,46.0257726601103,68.1784387162613,50.4309286313722,61.1438873340636,62.7640617598464,61.2545031191463,66.245903857565,67.1544156525436,59.7032160417799,63.1018862771886,57.5573989047483,66.0242023650024,62.6216694656367,68.3054228812068,61.9596489623665,65.9857268304862,65.4642035651389,61.0154130330306,67.6857435933086,66.3103970654223
64.4921807026261,66.6767797091362,66.7293946758956,68.2694422560135,64.4771574759641,65.4045045875519,68.5952564520238,60.6103672013644,56.7048636000518,66.2485858803025,67.4111690889553,46.0257726601103,68.1784387162613,50.4309286313722,61.1438873340636,62.7640617598464,61.2545031191463,66.245903857565,67.1544156525436,59.7032160417799,63.1018862771886,57.5573989047483,66.0242023650024,62.6216694656367,68.3054228812068,61.9596489623665,65.9857268304862,65.4642035651389,61.0154130330306,67.6857435933086,66.3103970654223
64.4921807026261,66.6767797091362,66.7293946758956,68.2694422560135,64.4771574759641,65.4045045875519,68.5952564520238,60.6103672013644,56.7301946257594,66.2485858803025,67.4111690889553,46.0257726601103,68.1784387162613,50.4309286313722,61.1438873340636,62.7640617598464,61.2642366748598,66.245903857565,67.1544156525436,59.7032160417799,63.1018862771886,57.5573989047483,66.0242023650024,62.6216694656367,68.3054228812068,61.9596489623665,65.9857268304862,65.6486815695638,61.0154130330306,67.6857435933086,66.3103970654223
64.4921807026261,66.6767797091362,66.7293946758956,68.2694422560135,64.4771574759641,65.4045045875519,68.5952564520238,60.6103672013644,56.7301946257594,66.2485858803025,67.4111690889553,46.0257726601103,68.1784387162613,50.4309286313722,61.1438873340636,62.7640617598464,61.2642366748598,66.245903857565,67.1544156525436,59.7032160417799,63.1018862771886,57.5594937825875,66.0242023650024,62.6232430835357,68.3054228812068,61.9596489623665,65.9857268304862,65.6486815695638,61.0154130330306,67.6857435933086,66.3103970654223
64.4921807026261,66.6977824171298,66.7293946758956,68.2694422560135,64.4771574759641,65.4045045875519,68.5952564520238,60.6103672013644,56.7301946257594,66.2485858803025,67.4111690889553,46.0257726601103,68.1784387162613,50.4309286313722,61.1438873340636,62.7640617598464,61.2642366748598,66.245903857565,67.1544156525436,59.7032160417799,63.1018862771886,57.5594937825875,66.0327405077131,62.6232430835357,68.3054228812068,61.9596489623665,65.9857268304862,65.6486815695638,61.0154130330306,67.6857435933086,66.3103970654223
64.6481449031355,66.6977824171298,66.7293946758956,68.2694422560135,64.4771574759641,65.4045045875519,68.5952564520238,60.6103672013644,56.7301946257594,66.2485858803025,67.4111690889553,46.0257726601103,68.1784387162613,50.4309286313722,61.1438873340636,62.7640617598464,61.2642366748598,66.245903857565,67.1544156525436,59.7032160417799,63.1028397556667,57.5594937825875,66.0327405077131,62.6232430835357,68.3054228812068,61.9596489623665,65.9857268304862,65.6486815695638,61.0154130330306,67.6857435933086,66.3103970654223
64.6481449031355,66.6977824171298,66.7293946758956,68.2694422560135,64.4771574759641,65.4045045875519,68.5952564520238,60.6103672013644,56.7301946257594,66.2485858803025,67.4111690889553,46.0257726601103,68.1784387162613,50.4309286313722,61.1438873340636,62.7640617598464,61.2642366748598,66.3579517183603,67.1544156525436,59.7032160417799,63.1028397556667,57.5594937825875,66.0327405077131,62.6232430835357,68.3054228812068,61.9596489623665,65.9857268304862,65.6486815695638,61.0154130330306,67.6857435933086,66.3103970654223
64.6481449031355,66.6977824171298,66.7293946758956,68.2694422560135,64.4771574759641,65.4045045875519,68.5952564520238,60.6103672013644,56.7301946257594,66.2485858803025,67.4111690889553,46.0257726601103,68.1784387162613,50.4309286313722,61.1438873340636,62.7640617598464,61.2642366748598,66.3579517183603,67.1544156525436,59.7032160417799,63.1028397556667,57.5594937825875,66.0327405077131,62.6232430835357,68.6131871588085,61.9596489623665,65.9857268304862,65.6486815695638,61.0456613481548,67.6857435933086,66.3103970654223
64.6481449031355,66.6977824171298,66.7293946758956,68.2694422560135,64.4771574759641,65.4045045875519,68.5952564520238,60.6103672013644,56.7301946257594,66.2485858803025,67.4111690889553,46.0257726601103,68.1784387162613,50.4309286313722,61.1438873340636,62.7640617598464,61.2642366748598,66.3579517183603,67.1544156525436,59.7032160417799,63.1028397556667,57.5594937825875,66.0327405077131,62.6232430835357,68.6131871588085,61.9596489623665,65.9857268304862,65.6486815695638,61.0456613481548,67.7905681935267,66.3103970654223
64.6481449031355,66.6977824171298,66.7293946758956,68.2694422560135,64.4771574759641,65.4045045875519,68.5952564520238,60.6103672013644,56.7301946257594,66.2485858803025,67.4111690889553,46.0257726601103,68.1784387162613,50.4309286313722,61.1438873340636,62.7640617598464,61.2642366748598,66.3579517183603,67.1544156525436,59.7032160417799,63.1028397556667,57.5594937825875,66.0327405077131,62.6232430835357,68.6131871588085,61.9596489623665,65.9964013631057,65.6486815695638,61.0456613481548,67.7905681935267,66.3103970654223
64.6481449031355,66.6977824171298,66.7293946758956,68.2694422560135,64.4771574759641,65.4045045875519,68.5952564520238,60.6103672013644,56.7301946257594,66.2485858803025,67.4111690889553,46.0257726601103,68.1784387162613,50.4309286313722,61.1438873340636,62.7640617598464,61.2642366748598,66.3579517183603,67.1544156525436,59.7032160417799,63.1028397556667,57.5594937825875,66.0327405077131,62.6232430835357,68.6131871588085,61.9596489623665,65.9964013631057,65.6486815695638,61.0456613481548,67.7905681935267,66.3103970654223
64.6481449031355,66.6977824171298,66.7293946758956,68.2694422560135,64.4771574759641,65.4045045875519,68.5952564520238,60.6103672013644,56.7301946257594,66.2485858803025,67.4111690889553,46.0257726601103,68.1784387162613,50.4309286313722,61.1438873340636,62.7640617598464,61.2642366748598,66.3579517183603,67.1544156525436,59.7032160417799,63.1028397556667,57.5594937825875,66.0327405077131,62.6232430835357,68.6131871588085,61.9596489623665,65.9964013631057,65.6486815695638,61.0456613481548,67.7905681935267,66.3103970654223
64.6481449031355,66.6977824171298,66.7293946758956,68.2694422560135,64.4771574759641,65.4045045875519,68.5952564520238,60.6103672013644,56.7301946257594,66.2485858803025,67.4111690889553,46.0257726601103,68.1784387162613,50.4309286313722,61.1438873340636,62.7640617598464,61.2642366748598,66.3579517183603,67.1544156525436,59.7032160417799,63.1028397556667,57.5594937825875,66.0327405077131,62.6232430835357,68.6131871588085,61.9596489623665,65.9964013631057,65.6816197688867,61.0456613481548,67.7905681935267,66.3103970654223
64.6481449031355,66.6977824171298,66.7293946758956,68.2694422560135,64.4771574759641,65.4045045875519,68.5952564520238,60.6103672013644,56.7301946257594,66.2485858803025,67.4111690889553,46.5212605016737,68.1784387162613,50.4309286313722,61.1438873340636,62.7640617598464,61.3667663361416,66.3579517183603,67.1544156525436,59.7032160417799,63.1028397556667,57.5594937825875,66.0327405077131,62.6232430835357,68.6131871588085,61.9596489623665,65.9964013631057,65.6816197688867,61.0456613481548,67.7905681935267,66.3103970654223
64.6481449031355,66.6977824171298,66.7293946758956,68.2694422560135,64.4771574759641,65.4045045875519,68.6186181838863,60.6103672013644,56.7301946257594,66.2485858803025,67.4111690889553,46.5212605016737,68.1784387162613,50.4420725297928,61.1438873340636,62.7640617598464,61.3667663361416,66.3579517183603,67.1544156525436,59.7032160417799,63.1028397556667,57.5598969487686,66.0327405077131,62.6232430835357,68.6131871588085,61.9596489623665,65.9964013631057,65.6816197688867,61.0456613481548,67.7905681935267,66.3103970654223
64.6481449031355,66.6977824171298,66.7293946758956,68.2694422560135,64.4771574759641,65.4045045875519,68.6186181838863,60.6103672013644,56.7301946257594,66.2485858803025,67.4111690889553,46.5212605016737,68.1784387162613,50.4420725297928,61.1438873340636,62.7640617598464,61.3667663361416,66.3579517183603,67.1544156525436,59.7032160417799,63.1028397556667,57.5598969487686,66.0553116108538,62.6232430835357,68.6131871588085,61.9596489623665,65.9964013631057,65.6816197688867,61.0456613481548,67.7905681935267,66.3103970654223
64.6481449031355,66.6977824171298,66.7293946758956,68.2694422560135,64.4771574759641,65.4045045875519,68.6186181838863,60.6103672013644,56.7301946257594,66.2485858803025,67.4111690889553,46.5212605016737,68.1784387162613,50.4420725297928,61.1438873340636,62.7640617598464,61.3667663361416,66.3579517183603,67.1544156525436,59.7032160417799,63.1028397556667,57.5598969487686,66.0553116108538,62.6232430835357,68.6131871588085,61.9596489623665,65.9964013631057,65.6816197688867,61.0456613481548,67.7905681935267,66.37752675058
64.6481449031355,66.6977824171298,66.7293946758956,68.2694422560135,64.4771574759641,65.4045045875519,68.6186181838863,60.6103672013644,56.7301946257594,66.2485858803025,67.4111690889553,46.5212605016737,68.1784387162613,50.4420725297928,61.1438873340636,62.7640617598464,61.3667663361416,66.3579517183603,67.1544156525436,59.7032160417799,63.1028397556667,57.5598969487686,66.0553116108538,62.6232430835357,68.6131871588085,61.9596489623665,65.9964013631057,65.6816197688867,61.0456613481548,67.7905681935267,66.37752675058
64.6481449031355,66.6977824171298,66.7293946758956,68.2694422560135,64.4771574759641,65.4045045875519,68.6186181838863,60.6103672013644,56.7301946257594,66.2485858803025,67.7277730092851,46.5212605016737,68.1784387162613,50.4420725297928,61.1438873340636,62.7640617598464,61.3667663361416,66.3579517183603,67.1544156525436,59.7032160417799,63.1028397556667,57.5598969487686,66.0553116108538,62.6232430835357,68.6131871588085,61.9596489623665,65.9964013631057,65.6816197688867,61.0494033438427,67.912747179552,66.37752675058
64.6481449031355,66.6977824171298,66.7293946758956,68.2694422560135,64.4771574759641,65.4045045875519,68.6186181838863,60.6103672013644,56.7301946257594,66.2485858803025,67.7277730092851,46.5212605016737,68.1784387162613,50.4420725297928,61.1438873340636,62.7640617598464,61.3667663361416,66.3579517183603,67.1544156525436,59.7032160417799,63.1028397556667,57.5598969487686,66.0553116108538,62.6232430835357,68.6131871588085,61.9596489623665,65.9964013631057,65.6816197688867,61.0494033438427,67.912747179552,66.37752675058
64.6481449031355,66.6977824171298,66.7293946758956,68.2694422560135,64.4771574759641,65.4045045875519,68.6186181838863,60.6103672013644,56.7301946257594,66.2485858803025,67.7277730092851,46.5212605016737,68.1784387162613,50.4420725297928,61.1438873340636,62.7640617598464,61.3667663361416,66.3579517183603,67.1544156525436,59.7032160417799,63.1028397556667,57.5598969487686,66.0553116108538,62.6232430835357,68.6131871588085,61.9596489623665,65.9964013631057,65.6816197688867,61.0494033438427,67.912747179552,66.37752675058
64.6481449031355,66.6977824171298,66.7293946758956,68.2694422560135,64.4771574759641,65.4045045875519,68.6186181838863,60.6103672013644,56.7301946257594,66.2485858803025,67.7277730092851,46.5212605016737,68.1784387162613,50.4420725297928,61.1438873340636,62.7640617598464,61.3667663361416,66.3579517183603,67.1544156525436,59.7032160417799,63.1028397556667,57.5598969487686,66.0553116108538,62.6232430835357,68.6131871588085,61.9596489623665,65.9964013631057,65.6816197688867,61.0494033438427,67.912747179552,66.37752675058
64.6481449031355,66.6977824171298,66.7293946758956,68.2694422560135,64.4771574759641,65.4045045875519,68.6186181838863,60.6103672013644,56.7301946257594,66.2485858803025,67.7277730092851,46.5212605016737,68.1784387162613,50.4420725297928,61.1438873340636,62.7640617598464,61.3667663361416,66.3579517183603,67.1544156525436,59.7032160417799,63.1028397556667,57.5598969487686,66.0553116108538,62.6232430835357,68.6131871588085,61.9596489623665,65.9964013631057,65.6816197688867,61.0494033438427,67.912747179552,66.37752675058
64.6481449031355,66.6977824171298,66.7293946758956,68.2694422560135,64.4771574759641,65.4045045875519,68.6186181838863,60.6103672013644,56.7301946257594,66.2485858803025,67.7277730092851,46.5212605016737,68.1784387162613,50.4420725297928,61.1438873340636,62.7640617598464,61.3667663361416,66.3579517183603,67.1544156525436,59.7032160417799,63.1028397556667,57.5598969487686,66.0553116108538,62.6232430835357,68.6131871588085,61.9596489623665,65.9964013631057,65.7843552958899,61.0494033438427,67.912747179552,66.37752675058
64.6481449031355,66.6977824171298,66.7293946758956,68.2694422560135,64.4771574759641,65.6343536371088,68.6186181838863,60.6103672013644,56.7301946257594,66.2485858803025,67.7277730092851,46.5212605016737,68.1784387162613,50.4420725297928,61.1438873340636,63.1909259815654,61.3667663361416,66.3579517183603,67.1544156525436,59.7032160417799,63.1028397556667,57.5598969487686,66.0553116108538,62.6232430835357,68.6131871588085,61.9596489623665,65.9964013631057,65.7843552958899,61.0494033438427,67.912747179552,66.37752675058
64.6481449031355,66.6977824171298,66.7293946758956,68.2694422560135,64.4771574759641,65.6343536371088,68.6186181838863,60.6103672013644,56.7301946257594,66.2485858803025,67.7277730092851,46.5212605016737,68.181359769851,50.4420725297928,61.1438873340636,63.1909259815654,61.3667663361416,66.3579517183603,67.1544156525436,59.708174572637,63.1028397556667,57.5602004241631,66.0553116108538,62.6232430835357,68.6131871588085,61.9596489623665,65.9964013631057,65.7843552958899,61.0494033438427,67.912747179552,66.37752675058
64.6481449031355,66.6977824171298,66.7293946758956,68.2694422560135,64.6798937121635,65.6343536371088,68.6186181838863,60.6103672013644,57.3696783866324,66.2485858803025,67.7277730092851,46.5212605016737,68.181359769851,50.4420725297928,61.1438873340636,63.1909259815654,61.3667663361416,66.3747690827781,67.1544156525436,59.708174572637,63.1171693421664,57.5602004241631,66.0553116108538,62.6232430835357,68.6131871588085,61.9596489623665,65.9964013631057,65.7843552958899,61.0494033438427,67.912747179552,66.37752675058
64.6481449031355,66.7048129135353,66.7293946758956,68.2694422560135,64.6798937121635,65.6343536371088,68.6186181838863,60.6103672013644,57.3696783866324,66.2485858803025,67.7277730092851,46.5212605016737,68.181359769851,50.4420725297928,61.1438873340636,63.1909259815654,61.3667663361416,66.3747690827781,67.1544156525436,59.708174572637,63.1171693421664,57.5602004241631,66.0553116108538,62.6232430835357,68.6131871588085,61.9596489623665,65.9964013631057,65.7843552958899,61.0494033438427,67.912747179552,66.37752675058
64.6481449031355,66.7048129135353,66.7293946758956,68.2694422560135,64.6798937121635,65.6343536371088,68.6186181838863,60.6103672013644,57.3696783866324,66.2485858803025,67.7277730092851,46.5212605016737,68.181359769851,50.4420725297928,61.1438873340636,63.1909259815654,61.3667663361416,66.3747690827781,67.1544156525436,59.708174572637,63.1171693421664,57.5602004241631,66.0553116108538,62.6232430835357,68.6131871588085,61.9596489623665,65.9964013631057,65.7843552958899,61.0494033438427,67.9801546543226,66.37752675058
64.6481449031355,66.7048129135353,66.7293946758956,68.2694422560135,64.6798937121635,65.6343536371088,68.6186181838863,60.6103672013644,57.3696783866324,66.2485858803025,67.7277730092851,46.5212605016737,68.181359769851,50.4420725297928,61.1438873340636,63.1909259815654,61.3667663361416,66.3747690827781,67.1544156525436,59.708174572637,63.1171693421664,57.5602004241631,66.0553116108538,62.6232430835357,68.6131871588085,61.9596489623665,65.9964013631057,65.7843552958899,61.0494033438427,67.9801546543226,66.37752675058
64.6481449031355,66.7048129135353,66.7293946758956,68.2694422560135,64.6798937121635,65.6343536371088,68.6186181838863,60.6103672013644,57.3696783866324,66.2485858803025,67.7277730092851,46.5212605016737,68.181359769851,50.4420725297928,61.1438873340636,63.1909259815654,61.3667663361416,66.3747690827781,67.1544156525436,59.708174572637,63.1171693421664,57.5602004241631,66.0553116108538,62.6232430835357,68.6131871588085,61.9596489623665,65.9964013631057,65.7843552958899,61.0494033438427,67.9801546543226,66.37752675058
64.6481449031355,66.7048129135353,66.7293946758956,68.2694422560135,64.6798937121635,65.6343536371088,68.6186181838863,60.6103672013644,57.3696783866324,66.2485858803025,67.7277730092851,46.5212605016737,68.181359769851,50.4420725297928,61.1676310019704,63.1909259815654,61.3667663361416,66.3747690827781,67.1544156525436,59.708174572637,63.1171693421664,57.5602004241631,66.0553116108538,62.6232430835357,68.6131871588085,61.9596489623665,65.9964013631057,65.7843552958899,61.0494033438427,67.9801546543226,66.37752675058
64.6481449031355,66.7048129135353,66.7293946758956,68.2694422560135,64.6798937121635,65.6343536371088,68.6186181838863,60.7504688825893,57.3696783866324,66.2485858803025,67.7277730092851,46.5212605016737,68.181359769851,50.4420725297928,61.1676310019704,63.1909259815654,61.3667663361416,66.3747690827781,67.1544156525436,59.708174572637,63.1171693421664,57.5602004241631,66.0553116108538,62.6232430835357,68.6131871588085,61.9596489623665,65.9964013631057,65.7843552958899,61.0494033438427,67.9801546543226,66.37752675058
64.6481449031355,66.7048129135353,66.7293946758956,68.2694422560135,64.6798937121635,65.6343536371088,68.6186181838863,60.7504688825893,57.3696783866324,66.2485858803025,67.7277730092851,46.5212605016737,68.181359769851,50.4420725297928,61.1676310019704,63.1909259815654,61.3667663361416,66.3747690827781,67.1544156525436,59.708174572637,63.1171693421664,57.5602004241631,66.0553116108538,62.6232430835357,68.6131871588085,61.9596489623665,65.9964013631057,65.7843552958899,61.0494033438427,67.9801546543226,66.37752675058
64.6481449031355,66.7048129135353,66.7293946758956,68.5225129951661,64.6798937121635,65.9318278154589,68.6186181838863,60.7504688825893,57.3696783866324,66.2485858803025,67.7277730092851,46.5212605016737,68.181359769851,50.4420725297928,61.1676310019704,63.1909259815654,61.3667663361416,66.3747690827781,67.1544156525436,59.708174572637,63.1171693421664,57.5602004241631,66.0553116108538,62.6232430835357,68.6131871588085,61.9596489623665,65.9964013631057,65.822370098144,61.0494033438427,67.9801546543226,66.37752675058
64.6481449031355,66.7048129135353,66.7293946758956,68.5225129951661,64.6798937121635,65.9318278154589,68.6186181838863,60.7504688825893,57.3696783866324,66.2485858803025,67.7277730092851,46.5212605016737,68.181359769851,50.4420725297928,61.1676310019704,63.1909259815654,61.3667663361416,66.3747690827781,67.1544156525436,59.708174572637,63.1171693421664,57.5602004241631,66.0553116108538,62.6232430835357,68.6131871588085,61.9596489623665,65.9964013631057,65.822370098144,61.0494033438427,67.9801546543226,66.37752675058
64.6481449031355,66.7048129135353,66.7293946758956,68.5225129951661,64.6798937121635,65.9318278154589,68.6186181838863,60.7504688825893,57.3696783866324,66.2485858803025,67.7277730092851,46.5212605016737,68.181359769851,50.4420725297928,61.1676310019704,63.1909259815654,61.3667663361416,66.3747690827781,67.1544156525436,59.708174572637,63.1788371298523,57.5602004241631,66.0553116108538,62.6232430835357,68.6131871588085,61.9596489623665,65.9964013631057,65.822370098144,61.0494033438427,67.9801546543226,66.37752675058
64.6481449031355,66.7048129135353,66.7293946758956,68.5225129951661,64.6798937121635,65.9318278154589,68.6245793678484,60.7504688825893,57.8962682254502,66.2485858803025,67.7277730092851,46.5212605016737,68.181359769851,50.4420725297928,61.1676310019704,63.1909259815654,61.3667663361416,66.4291530202614,67.1544156525436,59.708174572637,63.1788371298523,57.5611649519372,66.0553116108538,62.6232430835357,68.6131871588085,61.9596489623665,65.9964013631057,65.822370098144,61.0494033438427,67.9801546543226,66.37752675058
64.6481449031355,66.7048129135353,66.7621462331999,68.5225129951661,64.6798937121635,65.9318278154589,68.6245793678484,60.7504688825893,57.8962682254502,66.5595216670871,67.7277730092851,46.5212605016737,68.181359769851,50.4420725297928,61.1676310019704,63.1909259815654,61.3667663361416,66.4291530202614,67.1544156525436,59.708174572637,63.1788371298523,57.5611649519372,66.0553116108538,62.6232430835357,68.9329201519939,61.9596489623665,65.9964013631057,65.822370098144,61.0494033438427,68.0571502536944,66.37752675058
64.6481449031355,66.7048129135353,66.7621462331999,68.5225129951661,64.6798937121635,65.9318278154589,68.6245793678484,60.7504688825893,57.8962682254502,66.5595216670871,67.7277730092851,46.5212605016737,68.181359769851,50.4420725297928,61.1676310019704,63.1909259815654,61.3667663361416,66.4291530202614,67.1544156525436,59.708174572637,63.1788371298523,57.5611649519372,66.0553116108538,62.6232430835357,68.9329201519939,61.9596489623665,65.9975121909372,65.822370098144,61.0814251284061,68.0571502536944,66.37752675058
64.6481449031355,66.7048129135353,66.7621462331999,68.5225129951661,64.6798937121635,65.9318278154589,68.6245793678484,60.7504688825893,57.8962682254502,66.5595216670871,67.7277730092851,46.5212605016737,68.181359769851,50.4420725297928,61.1676310019704,63.1909259815654,61.3667663361416,66.4291530202614,67.1544156525436,59.708174572637,63.1788371298523,57.5611649519372,66.0553116108538,62.6232430835357,68.9329201519939,61.9596489623665,65.9975121909372,65.822370098144,61.0814251284061,68.0571502536944,66.37752675058
64.6481449031355,66.7048129135353,66.7621462331999,68.5225129951661,64.6798937121635,65.9318278154589,68.6245793678484,60.7504688825893,57.8962682254502,66.5595216670871,67.7277730092851,46.5212605016737,68.181359769851,50.4420725297928,61.1676310019704,63.1909259815654,61.3667663361416,66.4291530202614,67.1544156525436,59.708174572637,63.1788371298523,57.5611649519372,66.0553116108538,62.6232430835357,68.9329201519939,61.9596489623665,65.9975121909372,65.822370098144,61.0814251284061,68.0571502536944,66.37752675058
64.6481449031355,66.7048129135353,66.7621462331999,68.5225129951661,64.6798937121635,65.9318278154589,68.6245793678484,60.7504688825893,57.8962682254502,66.5595216670871,67.7277730092851,46.5212605016737,68.181359769851,50.4420725297928,61.2077056415942,63.1909259815654,61.3667663361416,66.4291530202614,67.1544156525436,59.708174572637,63.1788371298523,57.5611649519372,66.0553116108538,62.6232430835357,68.9329201519939,61.9596489623665,65.9975121909372,65.822370098144,61.0814251284061,68.0571502536944,66.37752675058
64.6481449031355,66.7048129135353,66.7621462331999,68.5225129951661,64.6798937121635,65.9318278154589,68.6245793678484,60.7504688825893,57.8962682254502,66.5595216670871,67.7277730092851,46.5212605016737,68.181359769851,50.4420725297928,61.2077056415942,63.1909259815654,61.3667663361416,66.4291530202614,67.1544156525436,59.708174572637,63.1788371298523,57.5611649519372,66.0553116108538,62.6232430835357,68.9329201519939,61.9596489623665,65.9975121909372,65.822370098144,61.0814251284061,68.0571502536944,66.37752675058
64.6481449031355,66.7048129135353,66.7621462331999,68.5225129951661,64.6798937121635,66.257828943094,68.6245793678484,60.7504688825893,57.8962682254502,66.5595216670871,67.7277730092851,46.5212605016737,68.181359769851,50.4420725297928,61.2077056415942,63.1909259815654,61.3667663361416,66.4291530202614,67.1544156525436,59.708174572637,63.1788371298523,57.5611649519372,66.0553116108538,62.6232430835357,68.9329201519939,61.9596489623665,65.9975121909372,65.8293129188198,61.0814251284061,68.0571502536944,66.37752675058
64.6481449031355,66.7048129135353,66.7621462331999,68.5225129951661,64.6798937121635,66.257828943094,68.6245793678484,60.7504688825893,57.8962682254502,66.5595216670871,67.7277730092851,46.5212605016737,68.181359769851,50.4420725297928,61.2077056415942,63.1909259815654,61.3667663361416,66.4291530202614,67.1544156525436,59.708174572637,63.1788371298523,57.5611649519372,66.1677313991381,62.6232430835357,68.9329201519939,61.9596489623665,65.9975121909372,65.8293129188198,61.0814251284061,68.0571502536944,66.37752675058
64.6481449031355,66.7048129135353,66.7621462331999,68.5225129951661,64.6798937121635,66.257828943094,68.6245793678484,60.7504688825893,57.8962682254502,66.5595216670871,67.7277730092851,46.5212605016737,68.2107156355818,50.4420725297928,61.2077056415942,63.1909259815654,61.3667663361416,66.4291530202614,67.1544156525436,59.708174572637,63.1984132484222,57.5611649519372,66.1677313991381,62.6232430835357,68.9329201519939,61.9596489623665,65.9975121909372,65.8293129188198,61.0814251284061,68.0571502536944,66.37752675058
64.6796596710272,66.7048129135353,66.7621462331999,68.5225129951661,64.6798937121635,66.257828943094,68.6245793678484,60.7504688825893,57.8962682254502,66.5595216670871,67.7277730092851,46.5212605016737,68.2107156355818,50.4420725297928,61.2077056415942,63.1909259815654,61.3862898685691,66.4649120537139,67.1544156525436,59.708174572637,63.1984132484222,57.5611649519372,66.1677313991381,62.6232430835357,68.9329201519939,61.9596489623665,65.9975121909372,65.8293129188198,61.0814251284061,68.0571502536944,66.37752675058
64.6796596710272,66.7048129135353,66.7621462331999,68.5225129951661,64.6798937121635,66.257828943094,68.6245793678484,60.7504688825893,57.8962682254502,66.7816675113078,67.7277730092851,46.5212605016737,68.2107156355818,50.4420725297928,61.2077056415942,63.1909259815654,61.3862898685691,66.4649120537139,67.1544156525436,59.708174572637,63.1984132484222,57.5627618648214,66.1677313991381,62.6852197710084,68.9329201519939,62.0138667017327,65.9975121909372,65.8293129188198,61.0814251284061,68.0571502536944,66.37752675058
64.6796596710272,66.7048129135353,66.7621462331999,68.5225129951661,64.6798937121635,66.257828943094,68.6245793678484,60.7504688825893,58.0127437435897,66.7816675113078,67.7277730092851,46.5212605016737,68.2107156355818,50.4420725297928,61.2077056415942,63.1909259815654,61.3862898685691,66.4649120537139,67.1544156525436,59.708174572637,63.1984132484222,57.5627618648214,66.1677313991381,62.6852197710084,68.9329201519939,62.0138667017327,65.9975121909372,65.8293129188198,61.0814251284061,68.1112776035146,66.37752675058
64.6796596710272,66.7048129135353,66.7621462331999,68.5225129951661,64.6798937121635,66.257828943094,68.6245793678484,60.7504688825893,58.0127437435897,66.7816675113078,67.7277730092851,46.5212605016737,68.2107156355818,50.4420725297928,61.2077056415942,63.1909259815654,61.3862898685691,66.4649120537139,67.1544156525436,59.708174572637,63.1984132484222,57.5627618648214,66.1677313991381,62.6852197710084,68.9329201519939,62.0138667017327,66.0022208834968,65.8293129188198,61.1059968702872,68.1112776035146,66.37752675058
64.6796596710272,66.7048129135353,66.7621462331999,68.5225129951661,64.6798937121635,66.257828943094,68.6245793678484,60.7504688825893,58.0127437435897,66.7816675113078,67.7277730092851,46.5212605016737,68.2107156355818,50.4420725297928,61.2077056415942,63.1909259815654,61.3862898685691,66.4649120537139,67.1544156525436,59.708174572637,63.1984132484222,57.5627618648214,66.1677313991381,62.6852197710084,68.9329201519939,62.0138667017327,66.0022208834968,65.8293129188198,61.1059968702872,68.1112776035146,66.37752675058
64.6796596710272,66.7048129135353,66.7621462331999,68.5225129951661,64.6798937121635,66.257828943094,68.6245793678484,60.7504688825893,58.0127437435897,66.7816675113078,67.7277730092851,46.5212605016737,68.2107156355818,50.4420725297928,61.2077056415942,63.1909259815654,61.3862898685691,66.4649120537139,67.1544156525436,59.708174572637,63.1984132484222,57.5627618648214,66.1677313991381,62.6852197710084,68.9329201519939,62.0138667017327,66.0022208834968,65.8293129188198,61.1059968702872,68.1112776035146,66.37752675058
64.6796596710272,66.7048129135353,66.7621462331999,68.5225129951661,64.6798937121635,66.257828943094,68.6245793678484,60.7504688825893,58.0127437435897,66.7816675113078,67.7277730092851,46.5212605016737,68.2107156355818,50.4420725297928,61.2478584735667,63.1909259815654,61.3862898685691,66.4649120537139,67.1544156525436,59.708174572637,63.1984132484222,57.5627618648214,66.1677313991381,62.6852197710084,68.9329201519939,62.0138667017327,66.0022208834968,65.8293129188198,61.1059968702872,68.1112776035146,66.37752675058
64.6796596710272,66.7048129135353,66.7621462331999,68.5225129951661,64.6798937121635,66.257828943094,68.6245793678484,60.7504688825893,58.0127437435897,66.7816675113078,67.7277730092851,46.5212605016737,68.2107156355818,50.4420725297928,61.2478584735667,63.1909259815654,61.3862898685691,66.4649120537139,67.1544156525436,59.708174572637,63.1984132484222,57.5627618648214,66.1677313991381,62.6852197710084,68.9329201519939,62.0138667017327,66.0022208834968,65.8293129188198,61.1059968702872,68.1112776035146,66.37752675058
64.6796596710272,66.7048129135353,66.7621462331999,68.5225129951661,64.6798937121635,66.6667856537272,68.6245793678484,60.7504688825893,58.0127437435897,66.7816675113078,67.7277730092851,46.5212605016737,68.2107156355818,50.4420725297928,61.2478584735667,63.1909259815654,61.3862898685691,66.4649120537139,67.1544156525436,59.708174572637,63.1984132484222,57.5627618648214,66.1677313991381,62.6852197710084,68.9329201519939,62.0138667017327,66.0022208834968,65.8378410130127,61.1059968702872,68.1112776035146,66.37752675058
64.6796596710272,66.7048129135353,66.7621462331999,68.5225129951661,64.6798937121635,66.6667856537272,68.6245793678484,60.7504688825893,58.0127437435897,66.7816675113078,67.7277730092851,46.5212605016737,68.2244818959868,50.4420725297928,61.2478584735667,63.3453275118356,61.3862898685691,66.4649120537139,67.1544156525436,59.708174572637,63.1984132484222,57.5627618648214,66.1677313991381,62.6852197710084,68.9329201519939,62.0138667017327,66.0022208834968,65.8378410130127,61.1059968702872,68.1112776035146,66.3812371340246
64.6796596710272,66.7048129135353,66.7621462331999,68.5225129951661,64.6798937121635,66.6667856537272,68.6245793678484,60.7504688825893,58.0127437435897,66.7816675113078,67.7277730092851,46.5212605016737,68.2244818959868,50.4420725297928,61.2478584735667,63.3453275118356,61.3862898685691,66.4885202916127,67.1544156525436,59.708174572637,63.1984132484222,57.5627618648214,66.1677313991381,62.6852197710084,68.9329201519939,62.0138667017327,66.0022208834968,65.8378410130127,61.1059968702872,68.1112776035146,66.3812371340246
64.8759552580654,66.7048129135353,66.7621462331999,68.5225129951661,64.6798937121635,66.6667856537272,68.6245793678484,60.7504688825893,58.0127437435897,66.7816675113078,67.7277730092851,46.5212605016737,68.2244818959868,50.4656688500464,61.2478584735667,63.3453275118356,61.3862898685691,66.4885202916127,67.1544156525436,59.708174572637,63.1984132484222,57.5627618648214,66.1677313991381,62.6852197710084,68.9329201519939,62.0138667017327,66.0022208834968,65.8378410130127,61.1059968702872,68.1112776035146,66.3812371340246
64.8759552580654,66.7048129135353,66.7824941932948,68.5225129951661,64.6798937121635,66.6667856537272,68.6245793678484,60.7504688825893,58.0127437435897,66.7816675113078,67.7277730092851,46.5212605016737,68.2244818959868,50.4656688500464,61.2478584735667,63.3453275118356,61.3862898685691,66.4885202916127,67.1544156525436,59.708174572637,63.1984132484222,57.5634772948551,66.1677313991381,62.7103553656094,68.9329201519939,62.0138667017327,66.0022208834968,65.8378410130127,61.1059968702872,68.1368132604716,66.3812371340246
64.8759552580654,66.7048129135353,66.7824941932948,68.5225129951661,64.6798937121635,66.6667856537272,68.6245793678484,60.7504688825893,58.3043041007878,66.7816675113078,67.7277730092851,46.5212605016737,68.2244818959868,50.4656688500464,61.2478584735667,63.3453275118356,61.3862898685691,66.4885202916127,67.1544156525436,59.708174572637,63.1984132484222,57.5634772948551,66.1677313991381,62.7103553656094,68.9329201519939,62.0138667017327,66.0022208834968,65.8378410130127,61.108202893138,68.1368132604716,66.3812371340246
64.8759552580654,66.7048129135353,66.7824941932948,68.5225129951661,64.6798937121635,66.6667856537272,68.6245793678484,60.7504688825893,58.3043041007878,66.7816675113078,67.7277730092851,46.5212605016737,68.2244818959868,50.4656688500464,61.2478584735667,63.3453275118356,61.3862898685691,66.4885202916127,67.1544156525436,59.708174572637,63.1984132484222,57.5634772948551,66.1677313991381,62.7103553656094,68.9329201519939,62.0138667017327,66.0022208834968,65.8378410130127,61.108202893138,68.1368132604716,66.3812371340246
64.8759552580654,66.7048129135353,66.7824941932948,68.5225129951661,64.6798937121635,66.6667856537272,68.6245793678484,60.7504688825893,58.3043041007878,66.7816675113078,67.7277730092851,46.5212605016737,68.2244818959868,50.4656688500464,61.2478584735667,63.3453275118356,61.3862898685691,66.4885202916127,67.1544156525436,59.708174572637,63.1984132484222,57.5634772948551,66.1677313991381,62.7103553656094,68.9329201519939,62.0138667017327,66.0022208834968,65.8378410130127,61.108202893138,68.1368132604716,66.3812371340246
64.8759552580654,66.7048129135353,66.7824941932948,68.5225129951661,64.6798937121635,66.6667856537272,68.6245793678484,60.7504688825893,58.3043041007878,66.7816675113078,67.7277730092851,46.5212605016737,68.2244818959868,50.4656688500464,61.2478584735667,63.3453275118356,61.3862898685691,66.4885202916127,67.1544156525436,59.708174572637,63.1984132484222,57.5634772948551,66.1677313991381,62.7103553656094,68.9329201519939,62.0138667017327,66.0022208834968,65.8378410130127,61.108202893138,68.1368132604716,66.3812371340246
64.8759552580654,66.7048129135353,66.7824941932948,68.5225129951661,64.6798937121635,66.6667856537272,68.6245793678484,60.7504688825893,58.3043041007878,66.7816675113078,67.7277730092851,46.5212605016737,68.2244818959868,50.4656688500464,61.2774065833624,63.3453275118356,61.3862898685691,66.4885202916127,67.1544156525436,59.708174572637,63.1984132484222,57.5634772948551,66.1677313991381,62.7103553656094,68.9329201519939,62.0138667017327,66.0022208834968,65.8378410130127,61.108202893138,68.1368132604716,66.3812371340246
64.8759552580654,66.7048129135353,66.7824941932948,68.5225129951661,64.6798937121635,66.6667856537272,68.6245793678484,60.7504688825893,58.3043041007878,66.7816675113078,67.7277730092851,46.5212605016737,68.2244818959868,50.4656688500464,61.2774065833624,63.3453275118356,61.3862898685691,66.4885202916127,67.1544156525436,59.708174572637,63.1984132484222,57.5634772948551,66.1677313991381,62.7103553656094,68.9329201519939,62.0138667017327,66.0022208834968,65.8378410130127,61.108202893138,68.1368132604716,66.3812371340246
64.8759552580654,66.7048129135353,66.7824941932948,68.5225129951661,64.6798937121635,66.6667856537272,68.6245793678484,60.7504688825893,58.3043041007878,66.7816675113078,67.7277730092851,46.5212605016737,68.2244818959868,50.4656688500464,61.2774065833624,63.3453275118356,61.3862898685691,66.4885202916127,67.1544156525436,59.708174572637,63.1984132484222,57.5634772948551,66.1831318069082,62.7103553656094,68.9329201519939,62.0138667017327,66.0022208834968,65.9235883438682,61.108202893138,68.1368132604716,66.3812371340246
64.8759552580654,66.7048129135353,66.7824941932948,68.5225129951661,64.6798937121635,66.6667856537272,68.6245793678484,60.7504688825893,58.3043041007878,66.7816675113078,67.7277730092851,46.5212605016737,68.2244818959868,50.4656688500464,61.2774065833624,63.3453275118356,61.3862898685691,66.5042544725783,67.1639689480576,59.708174572637,63.2074985814151,57.5634772948551,66.1831318069082,62.7103553656094,68.9329201519939,62.0138667017327,66.0022208834968,65.9235883438682,61.108202893138,68.1368132604716,66.3812371340246
64.8759552580654,66.7048129135353,66.7824941932948,68.5225129951661,64.7350796635638,66.6667856537272,68.6245793678484,60.7504688825893,58.3043041007878,66.7816675113078,67.7277730092851,46.5212605016737,68.2244818959868,50.4656688500464,61.2774065833624,63.3453275118356,61.3862898685691,66.5042544725783,67.1639689480576,59.708174572637,63.2074985814151,57.5634772948551,66.1831318069082,62.7103553656094,68.9329201519939,62.0138667017327,66.0022208834968,65.9235883438682,61.108202893138,68.1368132604716,66.3812371340246
64.8759552580654,66.7048129135353,66.7824941932948,68.5225129951661,64.7350796635638,66.6667856537272,68.6245793678484,60.7504688825893,58.3043041007878,66.7816675113078,67.897471495876,46.5212605016737,68.2244818959868,50.4656688500464,61.2774065833624,63.3453275118356,61.3862898685691,66.5042544725783,67.1639689480576,59.710420855053,63.2074985814151,57.5634772948551,66.1831318069082,62.7103553656094,68.9329201519939,62.0138667017327,66.0022208834968,65.9235883438682,61.108202893138,68.1899334996666,66.3812371340246
64.8759552580654,66.7048129135353,66.7824941932948,68.5225129951661,64.7350796635638,66.6667856537272,68.6245793678484,60.7504688825893,58.3043041007878,66.7816675113078,67.897471495876,46.5212605016737,68.2244818959868,50.4656688500464,61.2774065833624,63.3453275118356,61.3862898685691,66.5042544725783,67.1639689480576,59.710420855053,63.2074985814151,57.5696259308039,66.1831318069082,62.7103553656094,68.9329201519939,62.0138667017327,66.0022208834968,65.9235883438682,61.108202893138,68.1899334996666,66.3812371340246
64.8759552580654,66.7048129135353,66.7824941932948,68.5225129951661,64.7350796635638,66.6667856537272,68.6245793678484,60.7504688825893,58.3043041007878,66.7816675113078,67.897471495876,46.5212605016737,68.2244818959868,50.4656688500464,61.2774065833624,63.3453275118356,61.39518288775,66.5042544725783,67.1639689480576,59.710420855053,63.2074985814151,57.5696259308039,66.1831318069082,62.7103553656094,68.9329201519939,62.0138667017327,66.0022208834968,65.9235883438682,61.1392682863169,68.1899334996666,66.3812371340246
64.8759552580654,66.7048129135353,66.7824941932948,68.5225129951661,64.7350796635638,66.6667856537272,68.6245793678484,60.7504688825893,58.3043041007878,67.1471523204133,67.897471495876,46.5212605016737,68.2244818959868,50.4656688500464,61.2774065833624,63.3453275118356,61.39518288775,66.5042544725783,67.1639689480576,59.710420855053,63.2074985814151,57.5696259308039,66.1831318069082,62.7103553656094,68.9329201519939,62.0138667017327,66.0022208834968,65.9235883438682,61.1392682863169,68.1899334996666,66.3812371340246
64.8759552580654,66.7048129135353,66.7824941932948,68.5225129951661,64.7350796635638,66.6667856537272,68.6245793678484,60.7504688825893,58.3043041007878,67.1471523204133,67.897471495876,46.5212605016737,68.2244818959868,50.4656688500464,61.2774065833624,63.3453275118356,61.39518288775,66.5042544725783,67.1639689480576,59.710420855053,63.2074985814151,57.5696259308039,66.1831318069082,62.7103553656094,68.9329201519939,62.0138667017327,66.0027534325325,65.9235883438682,61.1392682863169,68.1899334996666,66.3812371340246
64.8759552580654,66.7048129135353,66.7824941932948,68.5225129951661,64.7350796635638,66.6667856537272,68.6245793678484,60.7504688825893,58.3043041007878,67.1471523204133,67.897471495876,46.5212605016737,68.2244818959868,50.4656688500464,61.2774065833624,63.3453275118356,61.39518288775,66.5042544725783,67.1639689480576,59.710420855053,63.2074985814151,57.5696259308039,66.1831318069082,62.7103553656094,68.9329201519939,62.0138667017327,66.0027534325325,65.9235883438682,61.1392682863169,68.1899334996666,66.3812371340246
64.8759552580654,66.7048129135353,66.7824941932948,68.5225129951661,64.7350796635638,66.6667856537272,68.6245793678484,60.7504688825893,58.3043041007878,67.1471523204133,67.897471495876,46.5212605016737,68.2244818959868,50.4656688500464,61.2774065833624,63.3453275118356,61.39518288775,66.5042544725783,67.1639689480576,59.710420855053,63.2074985814151,57.5696259308039,66.1831318069082,62.7103553656094,68.9329201519939,62.0138667017327,66.0027534325325,65.9235883438682,61.1392682863169,68.1899334996666,66.3812371340246
64.8759552580654,66.7048129135353,66.7824941932948,68.5225129951661,64.7350796635638,66.6667856537272,68.6245793678484,60.7504688825893,58.3043041007878,67.1471523204133,67.897471495876,46.5212605016737,68.2244818959868,50.4656688500464,61.3141164274283,63.3453275118356,61.39518288775,66.5042544725783,67.1639689480576,59.710420855053,63.2074985814151,57.5696259308039,66.1831318069082,62.7103553656094,68.9329201519939,62.0138667017327,66.0027534325325,66.0075483521998,61.1392682863169,68.1899334996666,66.419618988922
64.8759552580654,66.7048129135353,66.7824941932948,68.5225129951661,64.7350796635638,66.6667856537272,68.6245793678484,60.7504688825893,58.3043041007878,67.1471523204133,67.897471495876,46.5212605016737,68.2250428528803,50.4656688500464,61.3141164274283,63.3453275118356,61.39518288775,66.556509260669,67.1639689480576,59.710420855053,63.2074985814151,57.5696259308039,66.1972758620387,62.7103553656094,68.9329201519939,62.0138667017327,66.0027534325325,66.0075483521998,61.1392682863169,68.1899334996666,66.419618988922
64.8759552580654,66.7048129135353,66.7824941932948,68.5225129951661,64.7350796635638,66.6667856537272,68.6245793678484,60.7504688825893,58.3043041007878,67.1471523204133,67.897471495876,46.5212605016737,68.2250428528803,50.4656688500464,61.3141164274283,63.781552084392,61.39518288775,66.556509260669,67.1639689480576,59.710420855053,63.2119261146587,57.5696259308039,66.1972758620387,62.7103553656094,68.9329201519939,62.0138667017327,66.0027534325325,66.0075483521998,61.1392682863169,68.1899334996666,66.419618988922
64.8759552580654,66.7048129135353,66.7824941932948,68.5225129951661,64.7350796635638,66.6667856537272,68.6245793678484,60.7504688825893,58.3043041007878,67.1471523204133,67.897471495876,46.5212605016737,68.2250428528803,50.4656688500464,61.3141164274283,63.781552084392,61.39518288775,66.556509260669,67.1639689480576,59.710420855053,63.2119261146587,57.5696259308039,66.1972758620387,62.7103553656094,68.9329201519939,62.0138667017327,66.0027534325325,66.0075483521998,61.1392682863169,68.1899334996666,66.419618988922
64.9502544634593,66.7048129135353,66.7824941932948,68.5225129951661,64.7550206525426,66.6667856537272,68.6245793678484,60.7504688825893,58.3043041007878,67.1471523204133,67.897471495876,46.5212605016737,68.2250428528803,50.4656688500464,61.3141164274283,63.781552084392,61.39518288775,66.556509260669,67.1639689480576,59.710420855053,63.2119261146587,57.5696259308039,66.1972758620387,62.7103553656094,68.9329201519939,62.0138667017327,66.0027534325325,66.0075483521998,61.1392682863169,68.2129762465667,66.419618988922
64.9502544634593,66.7048129135353,66.7824941932948,68.5225129951661,64.7550206525426,66.6667856537272,68.6245793678484,60.7504688825893,58.3422261810596,67.1471523204133,67.897471495876,46.5212605016737,68.2250428528803,50.4656688500464,61.3141164274283,63.781552084392,61.39518288775,66.556509260669,67.1639689480576,59.710420855053,63.2119261146587,57.5721205675975,66.1972758620387,62.7103553656094,68.9329201519939,62.0138667017327,66.0027534325325,66.0075483521998,61.1392682863169,68.2129762465667,66.419618988922
64.9502544634593,66.7048129135353,66.7824941932948,68.5225129951661,64.7550206525426,66.6667856537272,68.6299896151823,60.7504688825893,58.3422261810596,67.1471523204133,67.897471495876,46.5212605016737,68.2250428528803,50.4656688500464,61.3141164274283,63.781552084392,61.39518288775,66.556509260669,67.1639689480576,59.710420855053,63.2119261146587,57.5721205675975,66.1972758620387,62.7103553656094,68.9329201519939,62.0138667017327,66.0027534325325,66.0075483521998,61.1392682863169,68.2129762465667,66.419618988922
64.9502544634593,66.7048129135353,66.7824941932948,68.5225129951661,64.7550206525426,66.6667856537272,68.6299896151823,60.9696996114442,58.3422261810596,67.1471523204133,67.897471495876,46.5212605016737,68.2250428528803,50.4656688500464,61.3141164274283,63.781552084392,61.39518288775,66.556509260669,67.1639689480576,59.710420855053,63.2119261146587,57.5721205675975,66.1972758620387,62.7103553656094,68.9329201519939,62.0138667017327,66.0027534325325,66.0075483521998,61.1392682863169,68.2129762465667,66.419618988922
64.9502544634593,66.7048129135353,66.7824941932948,68.5225129951661,64.7550206525426,66.6667856537272,68.6299896151823,60.9696996114442,58.3422261810596,67.1471523204133,67.897471495876,46.5212605016737,68.2250428528803,50.4656688500464,61.3141164274283,63.781552084392,61.39518288775,66.556509260669,67.1639689480576,59.710420855053,63.2119261146587,57.5721205675975,66.1972758620387,62.7103553656094,68.9329201519939,62.0138667017327,66.0027534325325,66.0075483521998,61.1392682863169,68.2129762465667,66.419618988922
64.9502544634593,66.7048129135353,66.7824941932948,68.5225129951661,64.7550206525426,66.7108974174852,68.6299896151823,60.9696996114442,58.3422261810596,67.1471523204133,67.897471495876,46.5212605016737,68.2250428528803,50.4656688500464,61.3141164274283,63.781552084392,61.39518288775,66.556509260669,67.1639689480576,59.710420855053,63.2119261146587,57.5721205675975,66.1972758620387,62.7103553656094,68.9329201519939,62.0138667017327,66.0027534325325,66.0075483521998,61.1392682863169,68.2129762465667,66.419618988922
64.9502544634593,66.7048129135353,66.7824941932948,68.5225129951661,64.7550206525426,66.7108974174852,68.6299896151823,60.9696996114442,58.3422261810596,67.1471523204133,67.897471495876,46.5212605016737,68.2250428528803,50.4656688500464,61.4221689922664,63.781552084392,61.39518288775,66.556509260669,67.1639689480576,59.710420855053,63.2119261146587,57.5721205675975,66.1972758620387,62.7103553656094,68.9329201519939,62.0138667017327,66.0027534325325,66.0797490838912,61.1392682863169,68.2129762465667,66.4572318054455
64.9502544634593,66.7048129135353,66.7824941932948,68.5225129951661,64.7550206525426,66.7108974174852,68.6299896151823,60.9696996114442,58.3422261810596,67.1471523204133,67.897471495876,46.5212605016737,68.2428873890317,50.4656688500464,61.4221689922664,63.781552084392,61.39518288775,66.5800255766909,67.1639689480576,59.710420855053,63.2119261146587,57.5721205675975,66.1972758620387,62.7103553656094,68.9329201519939,62.0138667017327,66.0027534325325,66.0797490838912,61.1392682863169,68.2129762465667,66.4572318054455
64.9502544634593,66.7048129135353,66.7824941932948,68.5225129951661,64.7550206525426,66.7108974174852,68.6299896151823,60.9696996114442,58.3422261810596,67.1471523204133,67.897471495876,46.5212605016737,68.2428873890317,50.4656688500464,61.4221689922664,63.781552084392,61.39518288775,66.5800255766909,67.1639689480576,59.710420855053,63.2121426060929,57.5721205675975,66.1972758620387,62.7103553656094,68.9329201519939,62.0138667017327,66.0027534325325,66.0797490838912,61.1392682863169,68.2129762465667,66.4572318054455
64.9502544634593,66.7048129135353,66.7824941932948,68.5225129951661,64.7550206525426,66.7108974174852,68.6299896151823,60.9696996114442,58.3422261810596,67.1471523204133,67.897471495876,46.5212605016737,68.2428873890317,50.4656688500464,61.4221689922664,63.781552084392,61.39518288775,66.5800255766909,67.1639689480576,59.710420855053,63.2121426060929,57.5721205675975,66.1972758620387,62.7103553656094,68.9329201519939,62.0138667017327,66.0027534325325,66.0797490838912,61.1392682863169,68.2129762465667,66.4572318054455
64.9502544634593,66.7048129135353,66.8333877990408,68.5225129951661,64.7550206525426,66.7108974174852,68.6299896151823,60.9696996114442,58.3422261810596,67.1471523204133,67.897471495876,46.5212605016737,68.2428873890317,50.4656688500464,61.4221689922664,63.781552084392,61.39518288775,66.5800255766909,67.1639689480576,59.710420855053,63.2121426060929,57.5721205675975,66.1972758620387,62.7103553656094,68.9329201519939,62.0138667017327,66.0027534325325,66.0797490838912,61.1392682863169,68.2223856425019,66.4572318054455
65.2324805702943,66.7048129135353,66.8333877990408,68.5225129951661,64.8250546297551,66.7108974174852,68.6299896151823,60.9696996114442,58.3422261810596,67.1471523204133,67.897471495876,46.5212605016737,68.2428873890317,50.4656688500464,61.4221689922664,63.781552084392,61.39518288775,66.5800255766909,67.1639689480576,59.7187252016599,63.2121426060929,57.5721205675975,66.1972758620387,62.7103553656094,68.9329201519939,62.0138667017327,66.0027534325325,66.0797490838912,61.1392682863169,68.2223856425019,66.4572318054455
65.2324805702943,66.7048129135353,66.8333877990408,68.5225129951661,64.8250546297551,66.7108974174852,68.6299896151823,60.9696996114442,58.3422261810596,67.1471523204133,67.897471495876,46.5212605016737,68.2428873890317,50.4656688500464,61.4221689922664,63.781552084392,61.39518288775,66.5800255766909,67.1639689480576,59.7187252016599,63.2121426060929,57.576513691157,66.1972758620387,62.7103553656094,68.9329201519939,62.0138667017327,66.0027534325325,66.0797490838912,61.1392682863169,68.2223856425019,66.4572318054455
65.2324805702943,66.7048129135353,66.8333877990408,68.5225129951661,64.8250546297551,66.7108974174852,68.6299896151823,60.9696996114442,58.3422261810596,67.1471523204133,67.897471495876,46.5212605016737,68.2428873890317,50.4656688500464,61.5165963417942,63.781552084392,61.39518288775,66.5800255766909,67.1639689480576,59.7187252016599,63.2121426060929,57.576513691157,66.1972758620387,62.7103553656094,68.9329201519939,62.0138667017327,66.0037124183875,66.0797490838912,61.1392682863169,68.2223856425019,66.4572318054455
65.2324805702943,66.7048129135353,66.8333877990408,68.5225129951661,64.8250546297551,66.7108974174852,68.6439364106753,61.6688453967284,58.3422261810596,67.1471523204133,67.897471495876,46.5212605016737,68.2428873890317,50.4656688500464,61.5165963417942,63.781552084392,61.39518288775,66.5800255766909,67.1639689480576,59.7187252016599,63.2121426060929,57.576513691157,66.1972758620387,62.7103553656094,68.9329201519939,62.0138667017327,66.0037124183875,66.0797490838912,61.1392682863169,68.2223856425019,66.4572318054455
65.2324805702943,66.7048129135353,66.8333877990408,68.5225129951661,64.8250546297551,66.7108974174852,68.6439364106753,61.6688453967284,58.3422261810596,67.1471523204133,67.897471495876,46.5212605016737,68.2428873890317,50.4656688500464,61.5165963417942,63.781552084392,61.39518288775,66.5800255766909,67.1639689480576,59.7187252016599,63.2121426060929,57.576513691157,66.1972758620387,62.7103553656094,68.9329201519939,62.0138667017327,66.0037124183875,66.0797490838912,61.1392682863169,68.2223856425019,66.4572318054455
65.2324805702943,66.7048129135353,66.8333877990408,68.5225129951661,64.8250546297551,66.7108974174852,68.6439364106753,61.6688453967284,58.3422261810596,67.1471523204133,67.897471495876,46.5212605016737,68.2428873890317,50.4656688500464,61.5165963417942,63.781552084392,61.39518288775,66.5800255766909,67.1639689480576,59.7187252016599,63.2121426060929,57.576513691157,66.1972758620387,62.7103553656094,68.9329201519939,62.0138667017327,66.0037124183875,66.1621527542307,61.1392682863169,68.2223856425019,66.4572318054455
65.2324805702943,66.7048129135353,66.8333877990408,68.5225129951661,64.8250546297551,66.7108974174852,68.6439364106753,61.6688453967284,58.3422261810596,67.1471523204133,67.897471495876,46.5212605016737,68.2428873890317,50.4656688500464,61.5165963417942,63.781552084392,61.39518288775,66.613938927263,67.1639689480576,59.7187252016599,63.2121426060929,57.576513691157,66.1972758620387,62.7103553656094,68.9329201519939,62.0138667017327,66.0037124183875,66.1621527542307,61.1392682863169,68.2223856425019,66.4572318054455
65.2324805702943,66.7048129135353,66.8333877990408,68.5225129951661,64.8250546297551,66.7108974174852,68.6439364106753,61.6688453967284,58.3422261810596,67.1471523204133,67.897471495876,46.5212605016737,68.2494666933689,50.4656688500464,61.5165963417942,63.781552084392,61.39518288775,66.613938927263,67.1639689480576,59.7187252016599,63.2121426060929,57.576513691157,66.1972758620387,62.7103553656094,68.9329201519939,62.0138667017327,66.0037124183875,66.1621527542307,61.1392682863169,68.2223856425019,66.4572318054455
65.2324805702943,66.7048129135353,66.8333877990408,68.5225129951661,64.8250546297551,66.7108974174852,68.6439364106753,61.6688453967284,58.3422261810596,67.1471523204133,67.897471495876,46.5212605016737,68.2494666933689,50.4656688500464,61.5165963417942,63.781552084392,61.39518288775,66.613938927263,67.1639689480576,59.7187252016599,63.2579416479192,57.576513691157,66.2002605944919,62.7103553656094,68.9329201519939,62.0138667017327,66.0037124183875,66.1621527542307,61.1392682863169,68.2223856425019,66.4572318054455
65.2324805702943,66.7048129135353,66.8333877990408,68.5225129951661,64.8250546297551,66.7108974174852,68.6439364106753,61.6688453967284,58.3422261810596,67.1471523204133,67.897471495876,46.5212605016737,68.2494666933689,50.4656688500464,61.5165963417942,63.781552084392,61.39518288775,66.613938927263,67.1639689480576,59.7187252016599,63.2579416479192,57.576513691157,66.2002605944919,62.7103553656094,68.9329201519939,62.0138667017327,66.0037124183875,66.1621527542307,61.1392682863169,68.2935030183232,66.4572318054455
65.2392729555683,66.7048129135353,66.8333877990408,68.5225129951661,65.0442710273001,66.7108974174852,68.6439364106753,61.6688453967284,58.3422261810596,67.1471523204133,67.897471495876,46.5212605016737,68.2494666933689,50.4656688500464,61.5165963417942,63.781552084392,61.39518288775,66.613938927263,67.1639689480576,59.8317154482805,63.2579416479192,57.576513691157,66.2002605944919,62.7103553656094,68.9329201519939,62.0138667017327,66.0037124183875,66.1621527542307,61.1392682863169,68.2935030183232,66.4572318054455
65.2392729555683,66.7048129135353,66.8333877990408,68.5225129951661,65.0442710273001,66.7108974174852,68.6439364106753,61.6688453967284,58.3422261810596,67.1471523204133,67.897471495876,46.5212605016737,68.2494666933689,50.4656688500464,61.5165963417942,63.781552084392,61.39518288775,66.613938927263,67.1639689480576,59.8317154482805,63.2579416479192,57.576513691157,66.2002605944919,62.7248854010001,68.9329201519939,62.0138667017327,66.0037124183875,66.1621527542307,61.1675681464162,68.2935030183232,66.4572318054455
65.2392729555683,66.7048129135353,66.8333877990408,68.5225129951661,65.0442710273001,66.7108974174852,68.6439364106753,61.6688453967284,58.3422261810596,67.1471523204133,67.897471495876,46.5212605016737,68.2494666933689,50.4656688500464,61.5165963417942,63.781552084392,61.39518288775,66.613938927263,67.1639689480576,59.8317154482805,63.2579416479192,57.576513691157,66.2002605944919,62.7248854010001,68.9329201519939,62.0138667017327,66.0037124183875,66.1621527542307,61.1675681464162,68.2935030183232,66.4572318054455
65.2392729555683,66.7048129135353,66.8333877990408,68.5225129951661,65.0442710273001,66.7108974174852,68.6439364106753,61.6688453967284,58.3422261810596,67.1471523204133,67.897471495876,46.5212605016737,68.2494666933689,50.4656688500464,61.5165963417942,63.781552084392,61.39518288775,66.613938927263,67.1639689480576,59.8317154482805,63.2579416479192,57.579654602931,66.2002605944919,62.7248854010001,68.9329201519939,62.0138667017327,66.0037124183875,66.1621527542307,61.1675681464162,68.2935030183232,66.4572318054455
65.2392729555683,66.7048129135353,66.8333877990408,68.5225129951661,65.0442710273001,66.7108974174852,68.6439364106753,61.6688453967284,58.3422261810596,67.1471523204133,67.897471495876,46.5212605016737,68.2494666933689,50.4656688500464,61.5165963417942,63.781552084392,61.39518288775,66.613938927263,67.1639689480576,59.8317154482805,63.2579416479192,57.579654602931,66.2002605944919,62.7248854010001,68.9329201519939,62.0138667017327,66.0037124183875,66.1621527542307,61.1675681464162,68.2935030183232,66.4572318054455
65.2392729555683,66.7048129135353,66.8333877990408,68.5225129951661,65.0442710273001,66.7108974174852,68.6439364106753,61.6688453967284,58.3422261810596,67.1471523204133,67.897471495876,46.5212605016737,68.2494666933689,50.4656688500464,61.5165963417942,63.781552084392,61.39518288775,66.613938927263,67.1639689480576,59.8317154482805,63.2579416479192,57.579654602931,66.2002605944919,62.7248854010001,68.9329201519939,62.0138667017327,66.0037124183875,66.1621527542307,61.1675681464162,68.2935030183232,66.4847843482029
65.2392729555683,66.7048129135353,66.8333877990408,68.5225129951661,65.0442710273001,66.7108974174852,68.6439364106753,61.6688453967284,58.3422261810596,67.1471523204133,67.897471495876,46.5212605016737,68.2494666933689,50.4656688500464,61.5165963417942,63.781552084392,61.39518288775,66.613938927263,67.1639689480576,59.8317154482805,63.2579416479192,57.579654602931,66.2002605944919,62.7248854010001,68.9329201519939,62.0138667017327,66.0037124183875,66.2020665318393,61.1675681464162,68.2935030183232,66.4847843482029
65.2392729555683,66.7048129135353,66.8333877990408,68.5225129951661,65.0442710273001,66.7108974174852,68.6439364106753,61.6688453967284,58.3422261810596,67.1471523204133,67.897471495876,46.5212605016737,68.2507850848244,50.4656688500464,61.5165963417942,63.781552084392,61.39518288775,66.6252906257586,67.1639689480576,59.8317154482805,63.2579416479192,57.579654602931,66.2002605944919,62.7248854010001,68.9329201519939,62.0138667017327,66.0037124183875,66.2020665318393,61.1675681464162,68.2935030183232,66.4847843482029
65.2392729555683,66.7048129135353,66.8333877990408,68.5383717983912,65.0442710273001,66.7108974174852,68.6439364106753,61.6688453967284,58.3422261810596,67.1471523204133,67.897471495876,46.5212605016737,68.2507850848244,50.4656688500464,61.5716359231866,63.781552084392,61.39518288775,66.6252906257586,67.1639689480576,59.8317154482805,63.2579416479192,57.579654602931,66.2002605944919,62.7248854010001,68.9329201519939,62.0138667017327,66.0037124183875,66.2020665318393,61.1675681464162,68.2935030183232,66.4847843482029
65.2392729555683,66.7048129135353,66.8333877990408,68.5383717983912,65.0442710273001,66.7108974174852,68.6439364106753,61.6688453967284,58.3422261810596,67.1471523204133,67.921758048586,46.5212605016737,68.2507850848244,50.4656688500464,61.5716359231866,63.781552084392,61.39518288775,66.6252906257586,67.1639689480576,59.8317154482805,63.2579416479192,57.579654602931,66.2002605944919,62.7248854010001,68.9329201519939,62.0138667017327,66.0037124183875,66.2020665318393,61.1675681464162,68.2935030183232,66.4847843482029
65.2392729555683,66.7048129135353,66.8333877990408,68.5383717983912,65.0442710273001,66.7108974174852,68.6439364106753,61.6688453967284,58.3422261810596,67.1471523204133,67.921758048586,46.5212605016737,68.2507850848244,50.4656688500464,61.5716359231866,63.8380691718204,61.39518288775,66.6252906257586,67.1639689480576,59.8317154482805,63.2579416479192,57.579654602931,66.2002605944919,62.7248854010001,68.9329201519939,62.0138667017327,66.0037124183875,66.2020665318393,61.1675681464162,68.3167858187806,66.4847843482029
65.2392729555683,66.7048129135353,66.8333877990408,68.5383717983912,65.0442710273001,66.7108974174852,68.6439364106753,61.6688453967284,58.3422261810596,67.1471523204133,67.921758048586,46.5212605016737,68.2507850848244,50.4656688500464,61.5716359231866,63.8380691718204,61.39518288775,66.6252906257586,67.1639689480576,59.8877000035365,63.2579416479192,57.579654602931,66.2002605944919,62.7248854010001,68.9329201519939,62.0138667017327,66.0037124183875,66.2020665318393,61.1675681464162,68.3167858187806,66.4847843482029
65.2392729555683,66.7048129135353,66.8335011506552,68.5383717983912,65.0442710273001,66.7108974174852,68.6439364106753,61.6688453967284,58.3422261810596,67.1471523204133,67.921758048586,46.5212605016737,68.2507850848244,50.4656688500464,61.5716359231866,63.8380691718204,61.39518288775,66.6252906257586,67.1639689480576,59.8877000035365,63.2579416479192,57.579654602931,66.2002605944919,62.7292493232029,68.9329201519939,62.0138667017327,66.0037124183875,66.2020665318393,61.1675681464162,68.3167858187806,66.4847843482029
65.2392729555683,66.7048129135353,66.8335011506552,68.5383717983912,65.0442710273001,66.7108974174852,68.6439364106753,61.6688453967284,58.3422261810596,67.1471523204133,67.921758048586,46.5212605016737,68.2507850848244,50.4656688500464,61.5716359231866,63.8380691718204,61.39518288775,66.6252906257586,67.1639689480576,59.8877000035365,63.2579416479192,57.584457660396,66.2002605944919,62.7292493232029,68.9329201519939,62.0138667017327,66.0037124183875,66.2020665318393,61.1675681464162,68.3167858187806,66.4847843482029
65.2392729555683,66.7048129135353,66.8335011506552,68.5383717983912,65.0442710273001,66.7108974174852,68.6439364106753,61.6688453967284,58.3422261810596,67.1471523204133,67.921758048586,46.5212605016737,68.2507850848244,50.4656688500464,61.5716359231866,63.8380691718204,61.39518288775,66.6252906257586,67.1639689480576,59.8877000035365,63.2579416479192,57.584457660396,66.2002605944919,62.7292493232029,68.9329201519939,62.0138667017327,66.0037124183875,66.2020665318393,61.1675681464162,68.3167858187806,66.4847843482029
65.2392729555683,66.7048129135353,66.8335011506552,68.5383717983912,65.0442710273001,66.7108974174852,68.6439364106753,61.6688453967284,58.3422261810596,67.1471523204133,67.921758048586,46.5212605016737,68.2507850848244,50.4656688500464,61.5716359231866,63.8380691718204,61.39518288775,66.6252906257586,67.1639689480576,59.8877000035365,63.2579416479192,57.584457660396,66.2002605944919,62.7292493232029,68.9329201519939,62.0138667017327,66.0037124183875,66.2020665318393,61.1675681464162,68.3167858187806,66.4847843482029
65.2392729555683,66.7048129135353,66.8335011506552,68.5383717983912,65.0442710273001,66.7108974174852,68.6511004568402,61.6688453967284,58.3422261810596,67.1471523204133,67.921758048586,46.5212605016737,68.2507850848244,50.4656688500464,61.5716359231866,63.8380691718204,61.39518288775,66.6252906257586,67.1639689480576,59.8877000035365,63.2579416479192,57.584457660396,66.2002605944919,62.7292493232029,68.9329201519939,62.0138667017327,66.0037124183875,66.2704314536289,61.1675681464162,68.3167858187806,66.4847843482029
65.2392729555683,66.7095594899064,66.8335011506552,68.5383717983912,65.0442710273001,66.7108974174852,68.6511004568402,61.6688453967284,58.3422261810596,67.1471523204133,67.921758048586,46.5212605016737,68.2507850848244,50.4656688500464,61.5716359231866,63.8380691718204,61.39518288775,66.6567442491679,67.1639689480576,59.8877000035365,63.2579416479192,57.584457660396,66.2002605944919,62.7292493232029,68.9329201519939,62.0138667017327,66.0037124183875,66.2704314536289,61.1675681464162,68.3167858187806,66.4847843482029
65.2392729555683,66.7095594899064,66.8335011506552,68.5383717983912,65.0442710273001,66.7108974174852,68.6511004568402,61.6688453967284,58.3422261810596,67.1471523204133,67.921758048586,46.5212605016737,68.2507850848244,50.4656688500464,61.6584648519293,63.8380691718204,61.39518288775,66.6567442491679,67.1639689480576,59.8877000035365,63.2579416479192,57.584457660396,66.2002605944919,62.7292493232029,68.9329201519939,62.0138667017327,66.0037124183875,66.2704314536289,61.1675681464162,68.3167858187806,66.4847843482029
65.2392729555683,66.7095594899064,66.8335011506552,68.5383717983912,65.0442710273001,66.7108974174852,68.6511004568402,61.6688453967284,58.3422261810596,67.1471523204133,67.9365381456759,46.5212605016737,68.2507850848244,50.4656688500464,61.6584648519293,63.8380691718204,61.39518288775,66.6567442491679,67.1639689480576,59.8877000035365,63.2579416479192,57.584457660396,66.2002605944919,62.7292493232029,68.9329201519939,62.0138667017327,66.0037124183875,66.2704314536289,61.1675681464162,68.3167858187806,66.4847843482029
65.2392729555683,66.7095594899064,66.8335011506552,68.5383717983912,65.0442710273001,66.7108974174852,68.6511004568402,61.6688453967284,58.3422261810596,67.1471523204133,67.9365381456759,46.5212605016737,68.2507850848244,50.4656688500464,61.6584648519293,63.8380691718204,61.39518288775,66.6567442491679,67.1639689480576,59.8877000035365,63.2579416479192,57.584457660396,66.2002605944919,62.7292493232029,68.9329201519939,62.0138667017327,66.0037124183875,66.2704314536289,61.1675681464162,68.344659168911,66.4847843482029
65.2392729555683,66.7095594899064,66.8335011506552,68.5383717983912,65.0442710273001,66.7108974174852,68.6511004568402,61.6688453967284,58.3422261810596,67.1471523204133,67.9365381456759,46.5212605016737,68.2507850848244,50.4656688500464,61.6584648519293,63.8380691718204,61.39518288775,66.6567442491679,67.1639689480576,59.9898961931088,63.2579416479192,57.584457660396,66.2002605944919,62.7292493232029,68.9329201519939,62.0138667017327,66.0037124183875,66.2704314536289,61.1675681464162,68.344659168911,66.4847843482029
65.2392729555683,66.7095594899064,66.8371156801645,68.5383717983912,65.0442710273001,66.7108974174852,68.6511004568402,61.6688453967284,58.3422261810596,67.1471523204133,67.9365381456759,46.5212605016737,68.2507850848244,50.4656688500464,61.6584648519293,63.8380691718204,61.39518288775,66.6567442491679,67.1639689480576,59.9898961931088,63.2579416479192,57.584457660396,66.2002605944919,62.7292493232029,68.9329201519939,62.0138667017327,66.0037124183875,66.2704314536289,61.2024934041809,68.344659168911,66.4847843482029
65.2392729555683,66.7095594899064,66.8371156801645,68.5383717983912,65.0442710273001,66.7108974174852,68.6511004568402,61.6688453967284,58.3422261810596,67.1471523204133,67.9365381456759,46.5212605016737,68.2507850848244,50.4656688500464,61.6584648519293,63.8380691718204,61.39518288775,66.6567442491679,67.1639689480576,59.9898961931088,63.2579416479192,57.584457660396,66.2002605944919,62.7352810080668,68.9329201519939,62.0138667017327,66.0037124183875,66.2704314536289,61.2024934041809,68.344659168911,66.4847843482029
65.2392729555683,66.7095594899064,66.8371156801645,68.5383717983912,65.0442710273001,66.7108974174852,68.6511004568402,61.6688453967284,58.3422261810596,67.3080556222343,67.9365381456759,46.5212605016737,68.2507850848244,50.4656688500464,61.6584648519293,63.8380691718204,61.39518288775,66.6567442491679,67.1639689480576,59.9898961931088,63.2579416479192,57.584457660396,66.2002605944919,62.7352810080668,68.9329201519939,62.0138667017327,66.0037124183875,66.2704314536289,61.2024934041809,68.344659168911,66.4847843482029
65.2392729555683,66.7095594899064,66.8371156801645,68.5383717983912,65.0442710273001,66.7108974174852,68.6511004568402,61.6688453967284,58.3422261810596,67.3080556222343,67.9365381456759,46.5212605016737,68.2507850848244,50.4656688500464,61.6584648519293,63.8380691718204,61.39518288775,66.6567442491679,67.1639689480576,59.9898961931088,63.2579416479192,57.589579263329,66.2002605944919,62.7352810080668,68.9329201519939,62.0138667017327,66.0037124183875,66.2704314536289,61.2024934041809,68.344659168911,66.4996371661203
65.2392729555683,66.7095594899064,66.8371156801645,68.5383717983912,65.0442710273001,66.7108974174852,68.6511004568402,61.6688453967284,58.3422261810596,67.3080556222343,67.9365381456759,46.5212605016737,68.2507850848244,50.4656688500464,61.6584648519293,63.8380691718204,61.39518288775,66.6567442491679,67.1639689480576,59.9898961931088,63.2579416479192,57.589579263329,66.2002605944919,62.7352810080668,68.9329201519939,62.0138667017327,66.0037124183875,66.438909172869,61.2024934041809,68.344659168911,66.4996371661203
65.2392729555683,66.7095594899064,66.8371156801645,68.5383717983912,65.0442710273001,66.7108974174852,68.6511004568402,61.6688453967284,58.3422261810596,67.3080556222343,67.9365381456759,46.5212605016737,68.2507850848244,50.4656688500464,61.6584648519293,63.8380691718204,61.39518288775,66.7366755870267,67.1639689480576,59.9898961931088,63.2579416479192,57.589579263329,66.2002605944919,62.7352810080668,68.9329201519939,62.0138667017327,66.0037124183875,66.438909172869,61.2024934041809,68.344659168911,66.4996371661203
65.2392729555683,66.7095594899064,66.8371156801645,68.5383717983912,65.0442710273001,66.7108974174852,68.6527851167787,61.6688453967284,58.3422261810596,67.3080556222343,67.9365381456759,46.5212605016737,68.2509457983643,50.4656688500464,61.7619506742674,63.8380691718204,61.39518288775,66.7366755870267,67.1639689480576,59.9898961931088,63.2579416479192,57.589579263329,66.2002605944919,62.7352810080668,68.9329201519939,62.0138667017327,66.0037124183875,66.438909172869,61.2024934041809,68.344659168911,66.4996371661203
65.2392729555683,66.7095594899064,66.8371156801645,68.6622190369739,65.0442710273001,66.7108974174852,68.6527851167787,61.6688453967284,58.3422261810596,67.3080556222343,67.9365381456759,46.5212605016737,68.2509457983643,50.4656688500464,61.7619506742674,63.8380691718204,61.39518288775,66.7366755870267,67.1639689480576,59.9898961931088,63.2579416479192,57.589579263329,66.2002605944919,62.7352810080668,68.9329201519939,62.0138667017327,66.0037124183875,66.438909172869,61.2024934041809,68.344659168911,66.4996371661203
65.2392729555683,66.7095594899064,66.8371156801645,68.6622190369739,65.0442710273001,66.7108974174852,68.6527851167787,61.6688453967284,58.3422261810596,67.3080556222343,67.9365381456759,46.5212605016737,68.2509457983643,50.4656688500464,61.7619506742674,63.8380691718204,61.39518288775,66.7366755870267,67.1639689480576,59.9898961931088,63.3246280814195,57.589579263329,66.2002605944919,62.7352810080668,68.9329201519939,62.0673381575733,66.0037124183875,66.438909172869,61.2024934041809,68.344659168911,66.4996371661203
65.2814350754417,66.7095594899064,66.8371156801645,68.6622190369739,65.0442710273001,66.7108974174852,68.6527851167787,61.6688453967284,58.3422261810596,67.3080556222343,67.9365381456759,46.5212605016737,68.2509457983643,50.4656688500464,61.7619506742674,63.8380691718204,61.39518288775,66.7366755870267,67.1639689480576,60.0346440575676,63.3246280814195,57.589579263329,66.2002605944919,62.7352810080668,68.9329201519939,62.0673381575733,66.0037124183875,66.438909172869,61.2024934041809,68.344659168911,66.4996371661203
65.2814350754417,66.7095594899064,66.8371156801645,68.6622190369739,65.0442710273001,66.7108974174852,68.6527851167787,61.6688453967284,58.3422261810596,67.3080556222343,67.9365381456759,46.5212605016737,68.2509457983643,50.4656688500464,61.7619506742674,63.8380691718204,61.39518288775,66.7366755870267,67.1639689480576,60.0346440575676,63.3246280814195,57.589579263329,66.2002605944919,62.7352810080668,68.9329201519939,62.0673381575733,66.0037124183875,66.438909172869,61.2024934041809,68.344659168911,66.4996371661203
65.2814350754417,66.7095594899064,66.8371156801645,68.6622190369739,65.0442710273001,66.7108974174852,68.6527851167787,61.6688453967284,58.3422261810596,67.3080556222343,67.9365381456759,46.5212605016737,68.2509457983643,50.4656688500464,61.7619506742674,63.8380691718204,61.39518288775,66.7366755870267,67.1639689480576,60.0346440575676,63.3246280814195,57.589579263329,66.2002605944919,62.772663251571,68.9329201519939,62.0673381575733,66.0037124183875,66.438909172869,61.2300809166092,68.344659168911,66.4996371661203
65.2814350754417,66.7095594899064,66.8371156801645,68.6622190369739,65.0442710273001,66.7108974174852,68.6527851167787,61.6688453967284,58.3422261810596,67.3080556222343,67.9365381456759,46.5212605016737,68.2509457983643,50.4656688500464,61.7619506742674,63.8380691718204,61.39518288775,66.7366755870267,67.1639689480576,60.0346440575676,63.3246280814195,57.589579263329,66.2002605944919,62.772663251571,68.9329201519939,62.0673381575733,66.0037124183875,66.438909172869,61.2300809166092,68.344659168911,66.4996371661203
65.2814350754417,66.7095594899064,66.8371156801645,68.6622190369739,65.0442710273001,66.7108974174852,68.6527851167787,61.6688453967284,58.3422261810596,67.4122943095902,67.9365381456759,46.5212605016737,68.2509457983643,50.4656688500464,61.8943987386365,63.8380691718204,61.39518288775,66.7366755870267,67.1639689480576,60.0346440575676,63.3246280814195,57.589579263329,66.2002605944919,62.772663251571,68.9329201519939,62.0673381575733,66.0037124183875,66.438909172869,61.2300809166092,68.344659168911,66.5270246919703
65.2814350754417,66.7095594899064,66.8371156801645,68.6622190369739,65.0442710273001,66.9104271690251,68.6527851167787,61.6688453967284,58.3422261810596,67.4122943095902,67.9365381456759,46.5212605016737,68.2509457983643,50.4656688500464,61.8943987386365,63.8380691718204,61.39518288775,66.7366755870267,67.1639689480576,60.0346440575676,63.3246280814195,57.589579263329,66.2002605944919,62.772663251571,68.9329201519939,62.0673381575733,66.0037124183875,66.438909172869,61.2300809166092,68.344659168911,66.5270246919703
65.2814350754417,66.7095594899064,66.8371156801645,68.6622190369739,65.0442710273001,66.9104271690251,68.6527851167787,61.6688453967284,58.3422261810596,67.4122943095902,67.9365381456759,46.5212605016737,68.2509457983643,50.4656688500464,61.8943987386365,63.8380691718204,61.39518288775,66.816622148493,67.1639689480576,60.0346440575676,63.3246280814195,57.5928606546192,66.2002605944919,62.772663251571,68.9329201519939,62.0673381575733,66.0037124183875,66.5915295293879,61.2300809166092,68.344659168911,66.5270246919703
65.2814350754417,66.7095594899064,66.8371156801645,68.6622190369739,65.0442710273001,66.9104271690251,68.6527851167787,61.6688453967284,58.3422261810596,67.4122943095902,67.9365381456759,46.5212605016737,68.2509457983643,50.4656688500464,61.8943987386365,63.8380691718204,61.39518288775,66.816622148493,67.1639689480576,60.0346440575676,63.3246280814195,57.5928606546192,66.2002605944919,62.772663251571,68.9329201519939,62.0673381575733,66.0037124183875,66.5915295293879,61.2300809166092,68.344659168911,66.5270246919703
65.2814350754417,66.7095594899064,66.8371156801645,68.6622190369739,65.0442710273001,66.9104271690251,68.6527851167787,61.6688453967284,58.3422261810596,67.4122943095902,67.9365381456759,46.5212605016737,68.2513306501923,50.4656688500464,61.8943987386365,63.8380691718204,61.39518288775,66.816622148493,67.1639689480576,60.0346440575676,63.3246280814195,57.5928606546192,66.2002605944919,62.772663251571,68.9329201519939,62.0673381575733,66.0037124183875,66.5915295293879,61.2300809166092,68.344659168911,66.5270246919703
65.2814350754417,66.7196087655114,66.8371156801645,68.6622190369739,65.0442710273001,66.9104271690251,68.6527851167787,61.6688453967284,58.3422261810596,67.4122943095902,67.9365381456759,46.5212605016737,68.2513306501923,50.4656688500464,61.8943987386365,63.8380691718204,61.39518288775,66.816622148493,67.1639689480576,60.0346440575676,63.3246280814195,57.5928606546192,66.2002605944919,62.772663251571,68.9329201519939,62.0673381575733,66.0037124183875,66.5915295293879,61.2300809166092,68.344659168911,66.5270246919703
65.2814350754417,66.7196087655114,66.8371156801645,68.6622190369739,65.0442710273001,66.9104271690251,68.6527851167787,61.6688453967284,58.3422261810596,67.4122943095902,67.9365381456759,46.5212605016737,68.2513306501923,50.4656688500464,61.8943987386365,63.8380691718204,61.39518288775,66.816622148493,67.1639689480576,60.0346440575676,63.3246280814195,57.5928606546192,66.2002605944919,62.772663251571,68.9329201519939,62.0673381575733,66.0037124183875,66.5915295293879,61.2300809166092,68.4297608951218,66.5270246919703
65.2814350754417,66.7196087655114,66.8371156801645,68.6622190369739,65.0442710273001,66.9104271690251,68.6527851167787,61.6688453967284,58.3422261810596,67.4122943095902,67.9365381456759,46.5212605016737,68.2513306501923,50.4656688500464,61.8943987386365,64.1145893878735,61.39518288775,66.816622148493,67.1639689480576,60.086518457831,63.3246280814195,57.5928606546192,66.2002605944919,62.772663251571,68.9329201519939,62.0673381575733,66.0037124183875,66.5915295293879,61.2300809166092,68.4297608951218,66.5270246919703
65.2814350754417,66.7196087655114,66.8371156801645,68.6622190369739,65.0442710273001,66.9104271690251,68.6527851167787,61.6688453967284,58.3422261810596,67.4122943095902,67.9365381456759,46.5526686968953,68.2513306501923,50.4656688500464,61.8943987386365,64.1145893878735,61.39518288775,66.816622148493,67.1639689480576,60.086518457831,63.3246280814195,57.5928606546192,66.2002605944919,62.772663251571,68.9329201519939,62.0673381575733,66.0037124183875,66.5915295293879,61.2410451656638,68.4297608951218,66.5270246919703
65.2814350754417,66.7196087655114,66.8371156801645,68.6622190369739,65.0442710273001,66.9104271690251,68.6527851167787,61.6688453967284,58.3422261810596,67.4122943095902,67.9365381456759,46.5526686968953,68.2513306501923,50.4656688500464,61.8943987386365,64.1145893878735,61.39518288775,66.816622148493,67.1639689480576,60.086518457831,63.3246280814195,57.5928606546192,66.2002605944919,62.772663251571,68.983023640185,62.0673381575733,66.0037124183875,66.5915295293879,61.2410451656638,68.4297608951218,66.5270246919703
65.2814350754417,66.7196087655114,66.8371156801645,68.6622190369739,65.0442710273001,66.9104271690251,68.6527851167787,61.6688453967284,58.4173534464033,67.4122943095902,67.9365381456759,46.5526686968953,68.2513306501923,50.4656688500464,61.8943987386365,64.1145893878735,61.39518288775,66.816622148493,67.1639689480576,60.086518457831,63.3246280814195,57.5928606546192,66.2002605944919,62.772663251571,68.983023640185,62.0673381575733,66.0037124183875,66.5915295293879,61.2410451656638,68.4297608951218,66.5270246919703
65.2814350754417,66.7196087655114,66.8371156801645,68.6622190369739,65.0442710273001,66.9104271690251,68.6527851167787,61.6688453967284,58.4173534464033,67.4122943095902,67.9365381456759,46.5526686968953,68.2513306501923,50.4656688500464,61.8943987386365,64.1145893878735,61.39518288775,66.816622148493,67.1639689480576,60.086518457831,63.3246280814195,57.5928606546192,66.2002605944919,62.772663251571,68.983023640185,62.0673381575733,66.0037124183875,66.5915295293879,61.2410451656638,68.4297608951218,66.5477303884217
65.2814350754417,66.7196087655114,66.8371156801645,68.6622190369739,65.0442710273001,66.9104271690251,68.6527851167787,61.6688453967284,58.4173534464033,67.4122943095902,67.9365381456759,46.5526686968953,68.2513306501923,50.4656688500464,61.8943987386365,64.1145893878735,61.39518288775,66.8744658802899,67.1639689480576,60.086518457831,63.3246280814195,57.5928606546192,66.2002605944919,62.772663251571,68.983023640185,62.0673381575733,66.0037124183875,66.7266460518279,61.2410451656638,68.4297608951218,66.5477303884217
65.2814350754417,66.7196087655114,66.8371156801645,68.6622190369739,65.0442710273001,66.9104271690251,68.6527851167787,61.6688453967284,58.4173534464033,67.4122943095902,67.9365381456759,46.5526686968953,68.2513306501923,50.4656688500464,61.9033073953506,64.1145893878735,61.39518288775,66.8744658802899,67.1639689480576,60.086518457831,63.3246280814195,57.5978546585212,66.2002605944919,62.772663251571,68.983023640185,62.0673381575733,66.0037124183875,66.7266460518279,61.2410451656638,68.4297608951218,66.5477303884217
65.2814350754417,66.7196087655114,66.8371156801645,68.6622190369739,65.0442710273001,66.9104271690251,68.6527851167787,62.9007073155934,58.4173534464033,67.4122943095902,67.9365381456759,46.5526686968953,68.3792602715498,50.4656688500464,61.9033073953506,64.1145893878735,61.39518288775,66.8744658802899,67.1639689480576,60.086518457831,63.3246280814195,57.5978546585212,66.2002605944919,62.772663251571,68.983023640185,62.0673381575733,66.0037124183875,66.7266460518279,61.2410451656638,68.4297608951218,66.5477303884217
65.2814350754417,66.7196087655114,66.8371156801645,68.6622190369739,65.0442710273001,66.9104271690251,68.6527851167787,62.9007073155934,58.4173534464033,67.4122943095902,67.9365381456759,46.5526686968953,68.3792602715498,50.4656688500464,61.9033073953506,64.1145893878735,61.39518288775,66.8744658802899,67.1639689480576,60.086518457831,63.3246280814195,57.5978546585212,66.2002605944919,62.772663251571,68.983023640185,62.0673381575733,66.0037124183875,66.7266460518279,61.2410451656638,68.4297608951218,66.5477303884217
65.2814350754417,66.7196087655114,66.8371156801645,68.6622190369739,65.0442710273001,66.9104271690251,68.6568891395902,62.9007073155934,58.4173534464033,67.4122943095902,67.9365381456759,46.5526686968953,68.3792602715498,50.4656688500464,61.9033073953506,64.1145893878735,61.39518288775,66.8744658802899,67.1639689480576,60.086518457831,63.3246280814195,57.5978546585212,66.2002605944919,62.772663251571,68.983023640185,62.0673381575733,66.0037124183875,66.7266460518279,61.2410451656638,68.4325404645853,66.5477303884217
65.2814350754417,66.7196087655114,66.8371156801645,68.6622190369739,65.0442710273001,66.9104271690251,68.6568891395902,62.9007073155934,58.4173534464033,67.4122943095902,67.9365381456759,46.5526686968953,68.3792602715498,50.4656688500464,61.9033073953506,64.1145893878735,61.39518288775,66.8744658802899,67.1639689480576,60.086518457831,63.3282269636124,57.5978546585212,66.2002605944919,62.772663251571,68.983023640185,62.0673381575733,66.0037124183875,66.7266460518279,61.2410451656638,68.4325404645853,66.5477303884217
65.2814350754417,66.7196087655114,66.8371156801645,68.6622190369739,65.0442710273001,66.9104271690251,68.6568891395902,62.9007073155934,58.4173534464033,67.4122943095902,67.9365381456759,46.5526686968953,68.3792602715498,50.4656688500464,61.9033073953506,64.1145893878735,61.39518288775,66.8744658802899,67.1639689480576,60.086518457831,63.3282269636124,57.5978546585212,66.2002605944919,62.772663251571,68.983023640185,62.0673381575733,66.0037124183875,66.7266460518279,61.2431652796858,68.4325404645853,66.5477303884217
65.2814350754417,66.7196087655114,66.8371156801645,68.6622190369739,65.0442710273001,66.9104271690251,68.6568891395902,62.9007073155934,58.4173534464033,67.4122943095902,67.9365381456759,46.5526686968953,68.3792602715498,50.4656688500464,61.9033073953506,64.1145893878735,61.39518288775,66.8744658802899,67.1639689480576,60.1448314861509,63.3282269636124,57.5978546585212,66.2002605944919,62.772663251571,68.983023640185,62.0673381575733,66.0037124183875,66.7266460518279,61.2431652796858,68.4325404645853,66.5477303884217
65.2814350754417,66.7196087655114,66.8371156801645,68.6622190369739,65.0442710273001,66.9104271690251,68.6568891395902,62.9007073155934,58.4173534464033,67.4122943095902,67.9365381456759,46.5526686968953,68.3792602715498,50.4656688500464,61.9033073953506,64.1145893878735,61.39518288775,66.8744658802899,67.1639689480576,60.1448314861509,63.3282269636124,57.5978546585212,66.2002605944919,62.772663251571,68.983023640185,62.0673381575733,66.0037124183875,66.7266460518279,61.2431652796858,68.4325404645853,66.5477303884217
65.2814350754417,66.7196087655114,66.8620192913498,68.6622190369739,65.0442710273001,66.9104271690251,68.6568891395902,62.9007073155934,58.4173534464033,67.4122943095902,67.9365381456759,46.5526686968953,68.3792602715498,50.4656688500464,61.9033073953506,64.1145893878735,61.39518288775,66.8744658802899,67.1639689480576,60.1448314861509,63.3282269636124,57.5978546585212,66.2002605944919,62.772663251571,68.983023640185,62.0673381575733,66.0037124183875,66.7266460518279,61.2431652796858,68.4325404645853,66.5514300858201
65.2814350754417,66.7196087655114,66.8620192913498,68.6622190369739,65.0442710273001,67.4429133671165,68.6568891395902,62.9007073155934,58.4173534464033,67.4122943095902,67.9365381456759,46.5526686968953,68.3792602715498,50.4656688500464,61.9033073953506,64.1145893878735,61.39518288775,66.8870314683792,67.1639689480576,60.1448314861509,63.3282269636124,57.5978546585212,66.2002605944919,62.772663251571,68.983023640185,62.0673381575733,66.0037124183875,66.7346512017567,61.2431652796858,68.4325404645853,66.5514300858201
65.2814350754417,66.7196087655114,66.8620192913498,68.6622190369739,65.0442710273001,67.4429133671165,68.6568891395902,62.9007073155934,58.4173534464033,67.4122943095902,67.9365381456759,46.5526686968953,68.3792602715498,50.4656688500464,61.9033073953506,64.1145893878735,61.39518288775,66.8870314683792,67.1639689480576,60.1448314861509,63.3282269636124,57.6007600978093,66.2002605944919,62.772663251571,68.983023640185,62.0673381575733,66.0037124183875,66.7346512017567,61.2431652796858,68.4325404645853,66.5514300858201
65.2814350754417,66.7196087655114,66.8620192913498,68.6622190369739,65.0442710273001,67.4429133671165,68.6568891395902,62.9007073155934,58.4173534464033,67.4122943095902,67.9365381456759,46.5526686968953,68.3792602715498,50.4656688500464,61.9033073953506,64.1145893878735,61.39518288775,66.8870314683792,67.1767719130196,60.1448314861509,63.3282269636124,57.6007600978093,66.2002605944919,62.772663251571,68.983023640185,62.0673381575733,66.0037124183875,66.7346512017567,61.2431652796858,68.4325404645853,66.5514300858201
65.2814350754417,66.7196087655114,66.8620192913498,68.6622190369739,65.0442710273001,67.4429133671165,68.6568891395902,62.9007073155934,58.4173534464033,67.4122943095902,67.9365381456759,46.5526686968953,68.3792602715498,50.4656688500464,61.9562107194214,64.1145893878735,61.39518288775,66.8870314683792,67.1767719130196,60.1448314861509,63.3282269636124,57.6007600978093,66.2002605944919,62.772663251571,68.983023640185,62.0673381575733,66.0037124183875,66.7346512017567,61.2431652796858,68.4325404645853,66.5514300858201
65.2814350754417,66.7383698266791,66.8620192913498,68.6622190369739,65.0442710273001,67.4429133671165,68.6568891395902,62.9007073155934,58.4173534464033,67.4122943095902,67.9490406006725,46.5526686968953,68.3792602715498,50.4656688500464,61.9562107194214,64.1145893878735,61.39518288775,66.8870314683792,67.1767719130196,60.1448314861509,63.3282269636124,57.6007600978093,66.2117408991218,62.772663251571,68.983023640185,62.0673381575733,66.0037124183875,66.7346512017567,61.2431652796858,68.4543702283668,66.5514300858201
65.2814350754417,66.7383698266791,66.8620192913498,68.6622190369739,65.0442710273001,67.4429133671165,68.6573721545189,62.9007073155934,58.4173534464033,67.4122943095902,67.9490406006725,46.5526686968953,68.3792602715498,50.4656688500464,61.9562107194214,64.2730155585553,61.39518288775,66.8870314683792,67.1767719130196,60.1448314861509,63.3282269636124,57.6007600978093,66.2117408991218,62.772663251571,68.983023640185,62.0715161191934,66.0037124183875,66.7346512017567,61.2431652796858,68.4543702283668,66.5514300858201
65.2814350754417,66.7383698266791,66.8620192913498,68.6622190369739,65.0442710273001,67.4429133671165,68.6573721545189,62.9007073155934,58.4173534464033,67.4122943095902,67.9490406006725,46.5641485644453,68.3792602715498,50.4656688500464,61.9562107194214,64.2730155585553,61.39518288775,66.8870314683792,67.1767719130196,60.1448314861509,63.3282269636124,57.6007600978093,66.2117408991218,62.772663251571,68.983023640185,62.0715161191934,66.0037124183875,66.7346512017567,61.2431652796858,68.4543702283668,66.5514300858201
65.2814350754417,66.7383698266791,66.8620192913498,68.6622190369739,65.0442710273001,67.4429133671165,68.6573721545189,62.9007073155934,58.4173534464033,67.4122943095902,67.9490406006725,46.5641485644453,68.3792602715498,50.4656688500464,61.9562107194214,64.2730155585553,61.39518288775,66.8870314683792,67.1767719130196,60.2171019172692,63.3282269636124,57.6007600978093,66.2117408991218,62.772663251571,68.983023640185,62.0715161191934,66.0037124183875,66.7346512017567,61.2431652796858,68.4543702283668,66.5514300858201
65.2814350754417,66.7383698266791,66.8620192913498,68.6622190369739,65.0442710273001,67.4429133671165,68.6573721545189,62.9007073155934,58.4173534464033,67.4122943095902,67.9490406006725,46.5641485644453,68.3792602715498,50.4656688500464,61.9562107194214,64.2730155585553,61.39518288775,66.8870314683792,67.1767719130196,60.2171019172692,63.3282269636124,57.6007600978093,66.2117408991218,62.772663251571,68.983023640185,62.0715161191934,66.0037124183875,66.7346512017567,61.2431652796858,68.4543702283668,66.5514300858201
65.2814350754417,66.7383698266791,66.8620192913498,68.6622190369739,65.0442710273001,67.4429133671165,68.6573721545189,62.9007073155934,58.4173534464033,67.4122943095902,67.9490406006725,46.5641485644453,68.3792602715498,50.4656688500464,61.9562107194214,64.2730155585553,61.39518288775,66.8870314683792,67.1767719130196,60.2171019172692,63.3282269636124,57.6007600978093,66.2117408991218,62.772663251571,69.0543241987699,62.0715161191934,66.0037448874809,66.7346512017567,61.2431652796858,68.4543702283668,66.5514300858201
65.2814350754417,66.7383698266791,66.8620192913498,68.6622190369739,65.0442710273001,67.4429133671165,68.6573721545189,62.9007073155934,58.4173534464033,67.4122943095902,67.9490406006725,46.5641485644453,68.3792602715498,50.4656688500464,61.9562107194214,64.2730155585553,61.39518288775,66.8870314683792,67.1767719130196,60.2171019172692,63.3282269636124,57.6007600978093,66.2117408991218,62.772663251571,69.0543241987699,62.0715161191934,66.0037448874809,66.7727136936644,61.2431652796858,68.4543702283668,66.5514300858201
65.2814350754417,66.7383698266791,66.8620192913498,68.6622190369739,65.0442710273001,67.4429133671165,68.6573721545189,62.9007073155934,58.4173534464033,67.4122943095902,67.9490406006725,46.5641485644453,68.3792602715498,50.4656688500464,61.9562107194214,64.2730155585553,61.39518288775,66.8870314683792,67.1767719130196,60.2171019172692,63.3282269636124,57.6023891133628,66.2117408991218,62.772663251571,69.0543241987699,62.0715161191934,66.0037448874809,66.7727136936644,61.2431652796858,68.4543702283668,66.5514300858201
65.2814350754417,66.7383698266791,66.8620192913498,68.6622190369739,65.0442710273001,67.4429133671165,68.6573721545189,62.9007073155934,58.4173534464033,67.4122943095902,67.9490406006725,46.5641485644453,68.3792602715498,50.4656688500464,61.9562107194214,64.2730155585553,61.39518288775,66.8870314683792,67.1767719130196,60.2171019172692,63.3282269636124,57.6023891133628,66.2117408991218,62.772663251571,69.0543241987699,62.0715161191934,66.0037448874809,66.7727136936644,61.2431652796858,68.4543702283668,66.5514300858201
65.2814350754417,66.7383698266791,66.8620192913498,68.6622190369739,65.0442710273001,67.4429133671165,68.6573721545189,62.9007073155934,58.4173534464033,67.4122943095902,67.9490406006725,46.5641485644453,68.3792602715498,50.4656688500464,62.0124699302184,64.2730155585553,61.39518288775,66.8870314683792,67.1767719130196,60.2171019172692,63.3282269636124,57.6023891133628,66.2117408991218,62.772663251571,69.0543241987699,62.0715161191934,66.0037448874809,66.7727136936644,61.2431652796858,68.4543702283668,66.5514300858201
65.2814350754417,66.7383698266791,66.8620192913498,68.6622190369739,65.0442710273001,67.4429133671165,68.6573721545189,62.9007073155934,58.4173534464033,67.4122943095902,68.0089303713078,46.5641485644453,68.3792602715498,50.4656688500464,62.0124699302184,64.2730155585553,61.39518288775,66.8870314683792,67.1767719130196,60.2171019172692,63.3282269636124,57.6023891133628,66.2117408991218,62.772663251571,69.0543241987699,62.0715161191934,66.0037448874809,66.7727136936644,61.2431652796858,68.4568286942277,66.5514300858201
65.2814350754417,66.7383698266791,66.8620192913498,68.6622190369739,65.0442710273001,67.4429133671165,68.6573721545189,62.9007073155934,58.4173534464033,67.4122943095902,68.0089303713078,46.5641485644453,68.3792602715498,50.4656688500464,62.0124699302184,64.2730155585553,61.39518288775,66.8870314683792,67.1767719130196,60.2171019172692,63.3282269636124,57.6023891133628,66.2120455952845,62.772663251571,69.0543241987699,62.0715161191934,66.0037448874809,66.7727136936644,61.2431652796858,68.4568286942277,66.5514300858201
65.2814350754417,66.7506327716102,66.8620192913498,68.6622190369739,65.0442710273001,67.4429133671165,68.6573721545189,62.9007073155934,58.4173534464033,67.4122943095902,68.0089303713078,46.5641485644453,68.3792602715498,50.4656688500464,62.0124699302184,64.2730155585553,61.39518288775,66.8870314683792,67.1767719130196,60.2171019172692,63.3282269636124,57.6023891133628,66.2120455952845,62.772663251571,69.0543241987699,62.073086279516,66.0037448874809,66.7727136936644,61.2431652796858,68.4568286942277,66.5514300858201
65.2814350754417,66.7506327716102,66.8620192913498,68.6622190369739,65.0442710273001,67.4429133671165,68.6597300751048,62.9007073155934,58.4173534464033,67.4122943095902,68.0089303713078,46.5641485644453,68.3792602715498,50.4656688500464,62.0124699302184,64.2730155585553,61.39518288775,66.8870314683792,67.1767719130196,60.2171019172692,63.3282269636124,57.6023891133628,66.2120455952845,62.772663251571,69.0543241987699,62.073086279516,66.0037448874809,66.7727136936644,61.2431652796858,68.4568286942277,66.5514300858201
65.2814350754417,66.7506327716102,66.8620192913498,68.6622190369739,65.0442710273001,67.4429133671165,68.6597300751048,62.9007073155934,58.4173534464033,67.4122943095902,68.0089303713078,46.5641485644453,68.3792602715498,50.4656688500464,62.0124699302184,64.2730155585553,61.39518288775,66.8870314683792,67.1767719130196,60.264098507916,63.3282269636124,57.6023891133628,66.2120455952845,62.772663251571,69.0543241987699,62.073086279516,66.0037448874809,66.7727136936644,61.2751896163445,68.4568286942277,66.5514300858201
65.2814350754417,66.7506327716102,66.8620192913498,68.6622190369739,65.0442710273001,67.4429133671165,68.6597300751048,62.9007073155934,58.4173534464033,67.4122943095902,68.0089303713078,46.5641485644453,68.3792602715498,50.4656688500464,62.0124699302184,64.2730155585553,61.39518288775,66.8870314683792,67.1767719130196,60.264098507916,63.3282269636124,57.6023891133628,66.2120455952845,62.772663251571,69.1489364934477,62.073086279516,66.0066953097624,66.7727136936644,61.2751896163445,68.4568286942277,66.5514300858201
65.2814350754417,66.7506327716102,66.8620192913498,68.6622190369739,65.0442710273001,67.4429133671165,68.6597300751048,62.9007073155934,58.4173534464033,67.4122943095902,68.0089303713078,46.5641485644453,68.3792602715498,50.4656688500464,62.0124699302184,64.2730155585553,61.39518288775,66.9168572799904,67.1767719130196,60.264098507916,63.3282269636124,57.6023891133628,66.2120455952845,62.772663251571,69.1489364934477,62.073086279516,66.0066953097624,66.7727136936644,61.2751896163445,68.4568286942277,66.5514300858201
65.2814350754417,66.7506327716102,66.8620192913498,68.6622190369739,65.0442710273001,67.4429133671165,68.6597300751048,62.9007073155934,58.4173534464033,67.4122943095902,68.0089303713078,46.5641485644453,68.3792602715498,50.4656688500464,62.0124699302184,64.2730155585553,61.39518288775,66.9168572799904,67.1767719130196,60.264098507916,63.3282269636124,57.6023891133628,66.2120455952845,62.7800110196718,69.1489364934477,62.073086279516,66.0066953097624,66.8205189761913,61.2751896163445,68.4568286942277,66.5514300858201
65.2814350754417,66.7506327716102,66.8620192913498,68.6622190369739,65.0442710273001,67.4429133671165,68.6597300751048,62.9007073155934,58.4173534464033,67.4122943095902,68.0089303713078,46.5641485644453,68.4274450876782,50.4656688500464,62.0124699302184,64.2730155585553,61.39518288775,66.9168572799904,67.1767719130196,60.264098507916,63.3282269636124,57.6035835594779,66.2120455952845,62.7800110196718,69.1489364934477,62.073086279516,66.0066953097624,66.8205189761913,61.2751896163445,68.4568286942277,66.5514300858201
65.2814350754417,66.7506327716102,66.8620192913498,68.6622190369739,65.0442710273001,67.4429133671165,68.6597300751048,62.9007073155934,58.4173534464033,67.4122943095902,68.0089303713078,46.5641485644453,68.4274450876782,50.4656688500464,62.0124699302184,64.2730155585553,61.39518288775,66.9168572799904,67.1767719130196,60.264098507916,63.3282269636124,57.6035835594779,66.2120455952845,62.7800110196718,69.1489364934477,62.073086279516,66.0066953097624,66.8205189761913,61.2751896163445,68.4568286942277,66.5514300858201
65.2814350754417,66.7506327716102,66.8620192913498,68.6622190369739,65.0442710273001,67.4429133671165,68.6597300751048,62.9007073155934,58.4173534464033,67.4122943095902,68.0089303713078,46.5641485644453,68.4274450876782,50.4656688500464,62.0570933235409,64.2730155585553,61.39518288775,66.9168572799904,67.1767719130196,60.264098507916,63.3282269636124,57.6035835594779,66.2120455952845,62.7800110196718,69.1489364934477,62.073086279516,66.0066953097624,66.8205189761913,61.2751896163445,68.4568286942277,66.5514300858201
65.2814350754417,66.7506327716102,66.8620192913498,68.6622190369739,65.0442710273001,67.4429133671165,68.6597300751048,62.9007073155934,58.4173534464033,67.4122943095902,68.0089303713078,46.5641485644453,68.4274450876782,50.4656688500464,62.0570933235409,64.2730155585553,61.39518288775,66.9168572799904,67.1767719130196,60.264098507916,63.3282269636124,57.6035835594779,66.2120455952845,62.7800110196718,69.1489364934477,62.073086279516,66.0066953097624,66.8205189761913,61.2751896163445,68.4568286942277,66.5514300858201
65.2814350754417,66.7506327716102,66.8620192913498,68.6622190369739,65.0442710273001,67.4429133671165,68.6597300751048,62.9007073155934,58.4173534464033,67.4122943095902,68.0089303713078,46.5641485644453,68.4274450876782,50.4656688500464,62.0570933235409,64.2730155585553,61.39518288775,66.9168572799904,67.1767719130196,60.264098507916,63.3282269636124,57.6035835594779,66.2120455952845,62.7800110196718,69.1489364934477,62.0738807612949,66.0066953097624,66.8205189761913,61.2751896163445,68.4568286942277,66.5514300858201
65.2814350754417,66.7540572421552,66.8620192913498,68.6622190369739,65.0442710273001,67.4429133671165,68.6597300751048,62.9007073155934,58.4173534464033,67.4122943095902,68.0089303713078,46.6204261659279,68.4274450876782,50.4656688500464,62.0570933235409,64.4389062043146,61.39518288775,66.9168572799904,67.1767719130196,60.264098507916,63.3282269636124,57.6035835594779,66.2120455952845,62.7800110196718,69.1489364934477,62.0738807612949,66.0066953097624,66.8205189761913,61.2751896163445,68.4568286942277,66.5514300858201
65.2814350754417,66.7540572421552,66.8620192913498,68.6622190369739,65.0442710273001,67.4429133671165,68.6597300751048,62.9007073155934,58.4173534464033,67.4122943095902,68.0089303713078,46.6204261659279,68.4274450876782,50.4656688500464,62.0570933235409,64.4389062043146,61.39518288775,66.9168572799904,67.1767719130196,60.264098507916,63.3282269636124,57.6035835594779,66.2120455952845,62.7800110196718,69.1489364934477,62.0738807612949,66.0066953097624,66.8205189761913,61.2974621991454,68.4568286942277,66.5514300858201
65.2814350754417,66.7540572421552,66.8620192913498,68.6622190369739,65.0442710273001,67.4429133671165,68.6597300751048,62.9007073155934,58.4173534464033,67.4122943095902,68.0089303713078,46.6204261659279,68.4274450876782,50.4656688500464,62.0570933235409,64.4389062043146,61.39518288775,66.9168572799904,67.1767719130196,60.2949621897429,63.3282269636124,57.6035835594779,66.2120455952845,62.7800110196718,69.1489364934477,62.0738807612949,66.0066953097624,66.8205189761913,61.2974621991454,68.4568286942277,66.5595894584856
65.2814350754417,66.7540572421552,66.8620192913498,68.6622190369739,65.0442710273001,67.8309942733596,68.6597300751048,62.9007073155934,58.4173534464033,67.4122943095902,68.0089303713078,46.6204261659279,68.4274450876782,50.4656688500464,62.0570933235409,64.4389062043146,61.39518288775,66.9168572799904,67.1767719130196,60.2949621897429,63.3282269636124,57.6035835594779,66.2120455952845,62.7800110196718,69.1489364934477,62.0738807612949,66.0066953097624,66.8205189761913,61.2974621991454,68.4568286942277,66.5595894584856
65.2814350754417,66.7540572421552,66.8620192913498,68.6622190369739,65.0442710273001,67.8309942733596,68.6597300751048,62.9007073155934,58.4173534464033,67.4122943095902,68.0089303713078,46.6204261659279,68.4274450876782,50.4656688500464,62.0570933235409,64.4389062043146,61.39518288775,66.9168572799904,67.1767719130196,60.2949621897429,63.3282269636124,57.6035835594779,66.2120455952845,62.7800110196718,69.1489364934477,62.0738807612949,66.0068147644613,66.8449834649267,61.2974621991454,68.4568286942277,66.5595894584856
65.2814350754417,66.7540572421552,66.8620192913498,68.6622190369739,65.0442710273001,67.8309942733596,68.6597300751048,62.9007073155934,58.4173534464033,67.4122943095902,68.0089303713078,46.6204261659279,68.4867261761041,50.4656688500464,62.0570933235409,64.4389062043146,61.39518288775,66.9168572799904,67.1767719130196,60.2949621897429,63.3282269636124,57.6035835594779,66.2120455952845,62.7879751213868,69.1489364934477,62.0738807612949,66.0068147644613,66.8449834649267,61.2974621991454,68.4568286942277,66.5595894584856
65.2814350754417,66.7540572421552,66.8620192913498,68.6622190369739,65.0442710273001,67.8309942733596,68.6597300751048,62.9007073155934,58.4173534464033,67.4122943095902,68.0089303713078,46.6204261659279,68.4867261761041,50.4656688500464,62.0570933235409,64.4389062043146,61.39518288775,66.9168572799904,67.1767719130196,60.2949621897429,63.3282269636124,57.6046206197301,66.2120455952845,62.7879751213868,69.1489364934477,62.0738807612949,66.0068147644613,66.8449834649267,61.2974621991454,68.4568286942277,66.5595894584856
65.2814350754417,66.7540572421552,66.8620192913498,68.6622190369739,65.0442710273001,67.8309942733596,68.6597300751048,62.9007073155934,58.4173534464033,67.4122943095902,68.0089303713078,46.6204261659279,68.4867261761041,50.4662151467401,62.1082759760378,64.4389062043146,61.39518288775,66.9168572799904,67.1767719130196,60.2949621897429,63.3282269636124,57.6046206197301,66.2120455952845,62.7879751213868,69.1489364934477,62.0738807612949,66.0068147644613,66.8449834649267,61.2974621991454,68.4568286942277,66.5595894584856
