-79.2945797744484,-46.7106141745116,-62.0786708346812,-108.676346599675,-86.8204703632282,-174.635594058469,-67.2164942469749,-68.0808595907032,-94.757798999693,-42.29010273993,-116.675474220347,-144.694651745336,-122.008776108361,-75.7843008326145,-92.2930137410344,-93.3876231132106,-61.2841187306935,-76.8355789774844,-126.063089085054,-82.7732191828927,-75.9019973273324,-50.7838228919738,-114.418301770877,-233.571198247623,-86.6401935680142,-60.3118724825142,-128.204644201927,-84.9974689989857,-117.31404271357,-72.996718636245,-75.4638277326971
-33.2918702501221,-45.6984012392961,-1.50611835333277,-83.7931334987971,-22.3603783459676,-107.750587493727,-22.010791596042,-36.2136999273223,-65.8938182385294,-21.7226325655082,-73.9883496337621,-79.44221763494,-36.5263887682006,-27.378282371527,-56.9057012997314,-68.2448208575368,-59.4489037484079,-49.8563279088755,-79.8094468364846,-20.4027358071467,-62.5191465448025,-33.2552071623881,-61.8844967292133,-142.123210659196,-31.6251930849358,-54.0086576150249,-46.8841400288395,-54.1424108602268,-68.0623459823205,-72.996718636245,-75.4638277326971
-33.0052581301211,-45.5102146183012,-1.50611835333277,-66.9552548190708,-17.7763527916172,-88.626210657286,-13.372375246223,-36.2136999273223,-19.5310611918928,-21.7226325655082,-50.0992563849692,-44.1769790548959,-31.9188243576207,-27.378282371527,-55.6016412131737,-65.145614115809,-4.13705432203668,-41.8408312987703,-76.0005408064796,-14.1349934646532,-26.5620960059947,-13.1304486639945,-61.8844967292133,-122.052911515957,-31.6251930849358,-54.0086576150249,-46.0930710300035,-43.192814460205,-62.1179126567104,-72.996718636245,-34.4010244084907
-17.4018181892217,-35.5942363551416,-1.50611835333277,-66.9552548190708,-17.7763527916172,-53.4990968315844,-13.372375246223,-26.7589412413209,-13.5188301232923,-20.9013452890951,-27.6517319470399,-44.1769790548959,-22.5709804836332,-24.8772091670118,-30.416541271117,-40.9812912663619,-4.13705432203668,-33.6888326039986,-58.7742225123035,-14.1349934646532,-26.5620960059947,-13.1304486639945,-56.1024885744898,-114.495051433424,-31.6251930849358,-45.9620670068456,-27.6813185815563,-39.7411446630825,-40.5027630449797,-72.8596510175788,-34.4010244084907
-17.4018181892217,-20.9230456784011,-1.50611835333277,-46.4435980851776,-17.7763527916172,-53.4990968315844,-13.372375246223,-26.7589412413209,-11.5306204095003,-20.9013452890951,-27.6517319470399,-44.1769790548959,-13.6681661916665,-24.8772091670118,-24.922814832278,-40.9812912663619,-4.13705432203668,-20.4758061703636,-58.7742225123035,-14.1349934646532,-26.5620960059947,-13.1304486639945,-56.1024885744898,-114.495051433424,-31.6251930849358,-45.9620670068456,-25.9523627228692,-39.7411446630825,-40.5027630449797,-59.7874721294682,-24.2963997200288
-10.8770465734526,-13.1091581337161,10.4328810094805,-46.4435980851776,-10.9513788638131,-53.4990968315844,-13.372375246223,-26.7589412413209,-11.5306204095003,-18.6038361190303,-27.6517319470399,-26.7550248170351,-13.6681661916665,-17.316337182114,-22.2695069799289,-31.467785880909,-4.13705432203668,-11.4773826720325,-56.6954566996558,-14.1349934646532,-26.5620960059947,-13.1304486639945,-31.1415265946165,-101.313253712325,-31.6251930849358,-39.7509866193683,-19.8065030918957,-39.7411446630825,-39.6585627492366,-43.1762761375754,-24.2963997200288
-3.60203706526791,0.682150437684456,10.596922456588,-46.4435980851776,-9.84129867539104,-53.4990968315844,-8.26462237303255,-11.8878965327894,-11.5306204095003,-15.3828244541144,-27.6517319470399,-26.7550248170351,-13.6681661916665,-14.844650373775,-22.2695069799289,-31.467785880909,7.03816421146454,-3.65564197290222,-38.727881370323,-14.1349934646532,-26.5620960059947,-3.75436497061931,-26.6567846197815,-101.313253712325,-25.7118574806794,-31.7162678885599,-19.8065030918957,-7.95832339277143,-39.6585627492366,-35.238109057089,-24.2963997200288
-3.60203706526791,5.31960356410913,10.596922456588,-46.4435980851776,-9.84129867539104,-53.4990968315844,-8.26462237303255,-5.77043289966666,-11.5306204095003,-15.3828244541144,-27.6517319470399,-26.7550248170351,-13.6681661916665,-14.844650373775,-22.2695069799289,-31.467785880909,7.03816421146454,-3.65564197290222,-38.727881370323,-12.6981784256923,-26.5620960059947,-3.75436497061931,-26.6567846197815,-98.4834674907969,-25.7118574806794,-31.7162678885599,-19.8065030918957,-7.95832339277143,-39.6585627492366,-35.238109057089,-24.2963997200288
-3.60203706526791,5.31960356410913,10.596922456588,-46.4435980851776,0.586120288355211,-53.4990968315844,-8.26462237303255,-5.77043289966666,-4.74492031341104,-15.3828244541144,-27.6517319470399,-26.7550248170351,-13.6681661916665,-14.844650373775,-20.3236590571063,-28.7139476984006,7.03816421146454,-3.65564197290222,-31.0720448224923,-10.3412176959874,-24.590531491748,-3.75436497061931,-26.6567846197815,-98.4834674907969,-20.5691062188652,-31.7162678885599,-19.8065030918957,-7.95832339277143,-26.8715415629286,-35.238109057089,-24.2963997200288
11.9643658422263,7.53208117748949,10.596922456588,-46.4435980851776,1.10078272850719,-53.4990968315844,-8.26462237303255,-5.77043289966666,1.08733861523407,-10.9638641020451,-27.6517319470399,-21.9012253001687,-13.6177760975695,-14.844650373775,-20.3236590571063,-10.9629938293438,7.03816421146454,-3.65564197290222,-28.9070932046915,-4.99007513139652,-10.2440831780355,0.517723955862813,-19.9624088789252,-88.517754883498,-20.5691062188652,-31.7162678885599,-19.0546527791383,-7.95832339277143,-24.4068722823664,-35.238109057089,-24.2963997200288
11.9643658422263,7.53208117748949,10.596922456588,-43.4804949115316,1.10078272850719,-53.4990968315844,-8.26462237303255,-5.77043289966666,1.08733861523407,-10.9638641020451,-27.6517319470399,-16.3267219967581,-13.6177760975695,-14.844650373775,-13.7367154853435,-10.9629938293438,7.03816421146454,-3.65564197290222,-28.9070932046915,-4.99007513139652,-10.2440831780355,0.517723955862813,-19.9624088789252,-88.517754883498,-20.5691062188652,-31.7162678885599,-19.0546527791383,-7.95832339277143,-24.4068722823664,-35.238109057089,-24.2963997200288
11.9643658422263,19.0214264472148,15.4621322380202,-43.4192087262302,10.0080397327811,-53.4990968315844,-2.56569521639052,-0.984082612412493,1.08733861523407,-4.78910785693852,-25.1143600037884,-16.3267219967581,-10.162408468265,-14.1796292745537,-13.7367154853435,-10.9629938293438,7.03816421146454,-2.75379419776095,-28.6588228563968,-2.61241486847702,-2.59964392326224,7.83435791940561,-13.1152178268564,-74.8039236859774,-20.0382894847253,-30.3146488597227,-17.1499901289704,15.8615405415149,-14.8047989966177,-34.3860723718581,-24.2963997200288
22.6384979147272,27.8687591238951,15.4621322380202,-43.4192087262302,12.4427635542998,-53.4990968315844,4.42303993818263,0.136339901269963,4.42276340596942,-4.78910785693852,-16.5611777049332,-13.3319977818976,-6.55587714448742,-2.93978251886963,-13.7367154853435,-6.38960265347271,7.03816421146454,-0.415195076582684,-12.5780923437536,-1.80342200383691,-2.59964392326224,7.83435791940561,-13.1152178268564,-72.6399993381496,-20.0382894847253,-20.7613468071509,-12.2425967848305,28.8663813737837,-9.56206973856366,-34.3860723718581,-24.2963997200288
22.6384979147272,27.8687591238951,15.4621322380202,-43.4192087262302,12.4427635542998,-53.4990968315844,9.73583167255697,0.136339901269963,4.42276340596942,-4.78910785693852,-16.5611777049332,-13.3319977818976,-6.55587714448742,-2.93978251886963,-13.7367154853435,-6.38960265347271,7.03816421146454,-0.415195076582684,-12.5780923437536,-1.80342200383691,-2.59964392326224,7.83435791940561,-13.1152178268564,-72.6399993381496,-20.0382894847253,-19.6388016896222,-12.2425967848305,28.8663813737837,-9.56206973856366,-34.3860723718581,-24.2963997200288
22.6384979147272,27.8687591238951,18.89969608683,-43.4192087262302,12.4427635542998,-51.519528016085,11.9161372870294,0.136339901269963,5.46598374143793,12.8648850994871,-16.5611777049332,-6.95286359817843,-6.55587714448742,2.2020197789402,-13.7367154853435,-6.38960265347271,7.03816421146454,-0.415195076582684,2.71839670410201,0.366135459335212,-1.6528930516945,7.83435791940561,-10.1979160917367,-72.6399993381496,-19.5927964770267,-19.6388016896222,-9.41279336567608,28.8663813737837,-9.56206973856366,-34.3860723718581,-24.2963997200288
24.3770564323927,27.8687591238951,18.89969608683,-6.76237995762015,12.4427635542998,-47.9237793070722,27.3650424039583,0.954514439258716,10.1551395631395,17.1508850364255,-14.1802816634242,-6.95286359817843,1.84992378530223,2.2020197789402,-13.4333133472018,-6.38960265347271,7.03816421146454,5.60155524970332,2.71839670410201,2.7328112591222,8.23776134122345,7.83435791940561,-2.62726010835902,-61.7022762114419,-16.6603300910818,-19.6388016896222,-5.78441613885085,28.8663813737837,-9.56206973856366,-34.3860723718581,-24.2963997200288
24.3770564323927,27.8687591238951,18.89969608683,-6.76237995762015,12.4427635542998,-47.9237793070722,27.3650424039583,0.954514439258716,10.1551395631395,17.1508850364255,-14.1802816634242,-6.95286359817843,1.84992378530223,2.2020197789402,-9.06041681951424,-6.38960265347271,7.03816421146454,5.60155524970332,2.71839670410201,2.7328112591222,8.23776134122345,7.83435791940561,-2.62726010835902,-61.7022762114419,-16.6603300910818,-14.2283759025169,-5.78441613885085,28.8663813737837,-9.56206973856366,-34.3860723718581,-24.2963997200288
25.1104373220815,28.9123500786012,20.8006284122002,-6.76237995762015,18.4619300237157,-45.7800924312728,27.3650424039583,0.954514439258716,12.3885905482704,17.1508850364255,-14.1802816634242,-6.95286359817843,1.84992378530223,2.2020197789402,-9.06041681951424,-6.38960265347271,7.03816421146454,5.60155524970332,2.71839670410201,12.6615959047196,8.23776134122345,23.0395210475315,-2.62726010835902,-52.3166916355851,-13.9355349325431,3.09097530492932,-1.90178225829629,32.2607573324594,-8.02721394918211,-24.2164076645677,-24.2963997200288
25.1104373220815,30.4423822206722,20.8953108757547,0.389205808951353,20.6169637065565,-39.628209907576,27.3650424039583,0.954514439258716,19.771358986389,18.4037676921819,-14.1802816634242,8.5943167914505,3.20195754752948,4.15422671829519,-9.06041681951424,-3.45299439271064,7.03816421146454,5.60155524970332,3.45400778013897,18.7566482915836,8.23776134122345,24.5000566040838,-1.90829973799132,-45.8193002074364,-13.230652181051,3.09097530492932,3.62344777250262,32.2607573324594,-0.561751723394778,-24.2164076645677,-24.2963997200288
25.1104373220815,30.4423822206722,20.8953108757547,0.389205808951353,20.6169637065565,-39.628209907576,27.3650424039583,0.954514439258716,19.771358986389,18.4037676921819,-14.1802816634242,8.5943167914505,3.20195754752948,4.15422671829519,-7.26424576161401,-3.45299439271064,7.03816421146454,5.60155524970332,3.45400778013897,18.7566482915836,8.23776134122345,24.5000566040838,-1.90829973799132,-45.8193002074364,-13.230652181051,7.24134546980267,3.62344777250262,32.2607573324594,-0.561751723394778,-24.2164076645677,-20.2934750172387
25.1104373220815,30.4423822206722,24.9860932543926,0.389205808951353,20.6169637065565,-34.6478653636529,31.9049344620954,2.81107202371079,19.771358986389,18.4037676921819,1.92861426828333,8.95547175030161,4.65434618970022,6.05826126091023,-0.482608665522143,-0.153789127951946,7.03816421146454,5.60155524970332,16.9274007927463,19.9996740399012,8.23776134122345,24.5000566040838,-0.863088350651587,-27.893041801937,-13.230652181051,7.24134546980267,3.62344777250262,36.4626836543741,-0.561751723394778,-24.2164076645677,-20.2934750172387
25.4156950989692,30.4423822206722,25.4890391118105,0.405585886034331,20.6169637065565,-34.6478653636529,32.6554199524449,2.81107202371079,20.2297024599819,20.31595792117,1.92861426828333,8.95547175030161,6.02517228449394,15.4897616513172,0.456681673123569,-0.153789127951946,7.03816421146454,5.60155524970332,17.1233693668309,19.9996740399012,10.4271029789334,24.5000566040838,0.243314828374462,-27.893041801937,-8.00512305021029,7.24134546980267,3.62344777250262,40.4579563203315,0.469013771555041,-24.2164076645677,-20.2934750172387
25.4156950989692,30.4423822206722,25.4890391118105,0.405585886034331,20.6169637065565,-34.6478653636529,32.6554199524449,2.81107202371079,20.2297024599819,20.31595792117,1.92861426828333,8.95547175030161,6.02517228449394,15.4897616513172,6.61373630572819,-0.153789127951946,7.03816421146454,5.60155524970332,17.1233693668309,19.9996740399012,10.4271029789334,24.5000566040838,0.243314828374462,-27.893041801937,-8.00512305021029,7.24134546980267,3.62344777250262,40.4579563203315,0.469013771555041,-24.2164076645677,-18.7294795714733
29.8833653896924,30.4423822206722,25.4890391118105,0.405585886034331,22.3214991266041,-18.2109246115361,32.6554199524449,2.81107202371079,20.8000134828916,29.158478173917,1.92861426828333,8.95547175030161,6.02517228449394,27.7789512964531,7.25480894727724,-0.153789127951946,7.03816421146454,15.9397320781116,21.499078644001,20.7915524990799,10.4271029789334,24.5000566040838,0.407715141549136,-24.9032675134669,-7.57281110435551,7.52456324792348,4.43803972173835,40.4579563203315,17.6942273272925,-23.2774099777902,-18.7294795714733
33.4743185475865,33.5073932415778,28.3362724148807,0.405585886034331,22.3214991266041,-12.6148958980064,32.6554199524449,3.18394901697621,21.0262621688606,29.158478173917,1.92861426828333,9.82225976668244,6.41727843129001,27.7789512964531,7.25480894727724,0.301545180341115,7.03816421146454,19.9000011264903,21.499078644001,20.7915524990799,10.4271029789334,29.0863121577974,0.407715141549136,-23.654217739899,-7.57281110435551,7.52456324792348,9.01614357846979,40.4579563203315,17.6942273272925,-23.2774099777902,-18.7294795714733
33.4743185475865,33.5073932415778,28.3362724148807,0.405585886034331,22.3214991266041,-12.6148958980064,32.6554199524449,3.18394901697621,21.0262621688606,29.158478173917,1.92861426828333,9.82225976668244,6.41727843129001,27.7789512964531,7.25480894727724,0.301545180341115,18.0638062704154,19.9000011264903,21.499078644001,20.7915524990799,10.4271029789334,29.0863121577974,0.407715141549136,-23.654217739899,-7.57281110435551,7.52456324792348,9.01614357846979,40.4579563203315,17.6942273272925,-23.2774099777902,-11.3118881738411
33.4743185475865,33.5073932415778,33.2728040295006,0.488857868017632,23.3842289076291,-12.6148958980064,44.0917343494448,4.51710798548974,23.5272687229741,29.158478173917,3.30912048120402,11.5592661386764,7.51877763041869,29.5039213079909,7.25480894727724,3.17876734775764,18.0638062704154,19.9000011264903,21.499078644001,22.3155056884863,10.4271029789334,29.0863121577974,0.407715141549136,-23.654217739899,-0.920753003435976,7.52456324792348,9.01614357846979,41.2316457543266,17.6942273272925,-5.44112875450098,-11.3118881738411
37.4276114881186,34.1640206024137,33.2728040295006,0.488857868017632,23.3842289076291,-12.6148958980064,44.0917343494448,4.51710798548974,24.0938302958602,29.158478173917,11.0506641061646,11.5592661386764,7.85060257128323,32.6074769038765,7.25480894727724,8.82896274645627,19.3199193412421,19.9000011264903,21.499078644001,25.2407540914209,10.4271029789334,29.0863121577974,0.925416632024838,-23.654217739899,-0.920753003435976,7.52456324792348,12.0426529045239,41.2316457543266,17.6942273272925,9.59047402565636,-11.3118881738411
37.4276114881186,34.1640206024137,33.2728040295006,1.78758780457034,23.3842289076291,-12.6148958980064,44.0917343494448,4.51710798548974,24.0938302958602,29.158478173917,11.0506641061646,11.5592661386764,7.85060257128323,32.6074769038765,7.25480894727724,8.82896274645627,20.4157286739575,19.9000011264903,21.499078644001,25.2407540914209,10.4271029789334,29.0863121577974,0.925416632024838,-23.654217739899,-0.42758633710671,7.52456324792348,12.0426529045239,41.2316457543266,17.6942273272925,9.59047402565636,-11.3118881738411
39.6342428846123,34.1640206024137,33.2728040295006,1.78758780457034,24.9869962506648,-10.9267301614932,44.0917343494448,4.51710798548974,24.6560986003086,29.158478173917,11.0506641061646,11.5592661386764,9.2997310959908,34.0158880117138,7.25480894727724,8.82896274645627,20.4157286739575,19.9000011264903,21.499078644001,25.2407540914209,10.4271029789334,30.6672673588126,1.69980816857699,-22.9050398817338,-0.42758633710671,7.52456324792348,12.0426529045239,42.379997778092,24.0938696216756,9.59047402565636,-7.55809082348381
40.6144853927791,38.1188324613372,33.2728040295006,1.78758780457034,24.9869962506648,-6.41005104764621,44.0917343494448,4.609725143821,24.6560986003086,29.158478173917,11.0506641061646,11.5592661386764,9.49466894798957,37.406810745312,7.25480894727724,8.82896274645627,20.4157286739575,19.9000011264903,21.499078644001,26.189784224982,11.4137432663679,31.5302597693375,1.69980816857699,-22.5570129611795,-0.42758633710671,7.52456324792348,12.0426529045239,43.4194952454026,24.0938696216756,9.59047402565636,-3.42115058052012
40.6144853927791,38.1188324613372,33.2728040295006,12.4398992066379,24.9869962506648,-6.41005104764621,44.0917343494448,4.609725143821,24.6560986003086,29.158478173917,11.0506641061646,11.5592661386764,9.49466894798957,37.9535088090684,7.25480894727724,8.82896274645627,23.8578714251994,19.9000011264903,21.9575856757489,26.189784224982,11.4137432663679,31.5302597693375,1.69980816857699,-22.5570129611795,-0.42758633710671,7.52456324792348,12.0426529045239,43.4194952454026,24.0938696216756,9.59047402565636,-0.110228440919563
41.3701309285086,40.6279025912871,33.2728040295006,12.4398992066379,24.9869962506648,-6.41005104764621,44.0917343494448,6.42783140349223,24.7593896746314,29.158478173917,11.0506641061646,12.5957092957129,10.4785594371748,37.9535088090684,7.25480894727724,8.82896274645627,28.1099208127958,20.9170856608991,22.6395301531057,26.189784224982,11.5715341476577,37.2723730849633,1.69980816857699,-22.5570129611795,-0.42758633710671,9.32302947536483,12.0426529045239,43.4194952454026,25.5468777657891,16.495278943606,-0.110228440919563
41.3701309285086,40.6279025912871,33.2728040295006,12.4398992066379,24.9869962506648,-6.41005104764621,44.0917343494448,6.42783140349223,25.3726788002572,29.158478173917,11.0506641061646,14.4886738390179,10.7951151722246,37.9535088090684,8.9290086275877,11.7481564355997,28.1099208127958,20.9170856608991,22.6395301531057,27.5480175753929,11.5715341476577,37.2723730849633,1.69980816857699,-22.1881034543494,-0.42758633710671,15.1492634672568,13.3431703088422,43.4194952454026,25.5468777657891,16.495278943606,-0.110228440919563
41.3701309285086,40.6279025912871,33.2728040295006,12.4398992066379,24.9869962506648,-6.41005104764621,44.0917343494448,6.42783140349223,25.3726788002572,29.158478173917,11.0506641061646,14.4886738390179,10.7951151722246,37.9535088090684,9.10616815196888,11.7481564355997,30.8847563836974,20.9170856608991,22.6395301531057,27.5480175753929,11.5715341476577,37.2723730849633,1.69980816857699,-22.1881034543494,1.50690141656753,15.1492634672568,13.3431703088422,43.4194952454026,25.5468777657891,16.495278943606,-0.110228440919563
41.3701309285086,40.6279025912871,35.1348845794926,12.4398992066379,25.8380547111317,-6.41005104764621,44.5238595340658,6.42783140349223,25.8335609471618,31.1464347223621,11.0506641061646,15.8141106210631,10.7951151722246,37.9535088090684,9.10616815196888,12.9101862524195,38.1544098532978,21.0607976782241,22.6395301531057,27.5480175753929,12.6880787661203,38.5258632392324,3.52293068026018,-22.0750775858066,1.50690141656753,15.7191574876728,13.3431703088422,43.4194952454026,33.2144120703911,17.2705210840809,0.804579065690788
41.8422104796536,40.6279025912871,35.1348845794926,12.4398992066379,25.8380547111317,-3.94162931550473,44.5238595340658,6.59119240246497,25.8335609471618,31.1464347223621,11.0506641061646,17.5986605812055,10.7951151722246,38.2750037490676,9.10616815196888,12.9101862524195,38.1544098532978,21.0607976782241,22.6395301531057,27.5480175753929,12.6880787661203,38.5258632392324,3.52293068026018,-21.0073840217725,2.92051813488934,16.4278126595342,13.3431703088422,43.4194952454026,36.4861596877306,17.2705210840809,1.23730840811055
41.8422104796536,40.6279025912871,35.8663673656349,12.4398992066379,25.8380547111317,-3.94162931550473,44.5238595340658,6.59119240246497,25.8335609471618,31.2308741565114,11.0506641061646,17.5986605812055,10.7951151722246,38.2750037490676,9.54930413164846,12.9101862524195,40.7463820917633,21.0607976782241,22.6395301531057,27.5480175753929,12.6880787661203,38.5258632392324,3.52293068026018,-21.0073840217725,7.17810553811155,16.4278126595342,13.3431703088422,43.4194952454026,36.4861596877306,17.2705210840809,1.51095799435675
41.8422104796536,40.6279025912871,35.9933049755051,12.4398992066379,26.5450624390009,-3.94162931550473,45.1680319287089,7.62439241046995,25.8335609471618,31.2308741565114,17.7057859941269,17.5986605812055,13.9712575828994,38.6569202214297,9.54930413164846,12.9101862524195,45.2092383270919,21.0607976782241,22.6395301531057,27.5480175753929,14.0396749284714,38.5258632392324,6.36710411116656,-20.9769998444274,7.17810553811155,16.4278126595342,13.48877343586,43.4194952454026,36.4861596877306,17.2705210840809,1.51095799435675
42.0369181764614,40.6279025912871,35.9933049755051,12.4791232406299,26.5450624390009,-2.97174321571661,45.1680319287089,7.87554741636452,25.8335609471618,31.2308741565114,17.7057859941269,17.5986605812055,15.7003085646226,38.6569202214297,12.0602898556257,12.9101862524195,45.2092383270919,21.4043534959582,22.6395301531057,27.9604640883381,15.3657489826619,38.5258632392324,6.36710411116656,-20.9249040807199,8.09347464497701,16.553580816465,16.0273416811862,43.4194952454026,36.4861596877306,18.4717032128491,2.71416880181977
42.0369181764614,40.6279025912871,42.098989144975,13.6562759891046,26.5450624390009,-2.97174321571661,45.1680319287089,7.87554741636452,25.8335609471618,32.7781189279327,17.7057859941269,17.5986605812055,15.7003085646226,41.1369034499776,12.0602898556257,12.9101862524195,45.2092383270919,21.4043534959582,22.6395301531057,27.9604640883381,15.3657489826619,38.5258632392324,8.20722760297798,-20.9249040807199,8.11905049013547,16.553580816465,16.0273416811862,43.4194952454026,36.4861596877306,18.4717032128491,2.71416880181977
42.708577951056,40.6279025912871,42.098989144975,13.6562759891046,30.4370674890078,-0.876749603183832,45.1680319287089,7.87554741636452,26.8297138939,32.7781189279327,21.8984173628895,17.5986605812055,16.0441728154753,41.451962088159,12.0602898556257,12.9101862524195,45.2092383270919,22.283766665312,24.3541087218786,29.6332851010986,15.9707411140336,38.6199176323995,9.23587418606649,-20.9249040807199,8.11905049013547,17.6277622934674,16.0273416811862,44.0172070765966,37.3532990026153,19.6739600849889,2.71416880181977
43.5691882976432,40.6279025912871,42.098989144975,13.6562759891046,31.3834040393792,-0.876749603183832,45.1680319287089,7.91431626943973,27.2371660324798,32.7781189279327,22.3068785054389,20.3838707628947,16.0441728154753,41.451962088159,13.1138342988534,13.2353995169345,45.2185463565741,22.283766665312,24.4263587686717,29.6332851010986,16.1932697761119,38.6199176323995,9.23587418606649,-18.6942350989346,8.11905049013547,25.101840477553,16.465952316876,44.0172070765966,37.3532990026153,19.822949279661,2.71416880181977
43.5691882976432,40.6279025912871,42.832267133754,15.1828343954619,31.3834040393792,-0.876749603183832,45.1680319287089,7.91431626943973,27.2371660324798,33.0268293202767,22.3068785054389,20.3838707628947,16.0441728154753,41.451962088159,13.1138342988534,13.2353995169345,50.2722785262195,22.283766665312,24.4263587686717,29.6332851010986,16.1932697761119,38.6199176323995,9.23587418606649,-18.6942350989346,9.08056018761788,25.101840477553,16.465952316876,44.0172070765966,37.3532990026153,19.822949279661,2.71416880181977
43.5691882976432,40.6279025912871,42.832267133754,15.1828343954619,31.3834040393792,-0.876749603183832,45.1680319287089,8.27862907908244,27.7798259988618,33.0268293202767,22.3068785054389,22.0466439572283,16.312220475883,46.8502814451182,15.1860686570759,14.6969219390969,50.2722785262195,22.283766665312,24.4263587686717,29.6332851010986,16.2330109708588,39.5294453610721,9.23587418606649,-14.2451290926186,9.08056018761788,25.1964920294003,19.2912531633075,44.0172070765966,37.3532990026153,20.5364475650879,2.71416880181977
43.9528070869658,41.9332515906253,42.832267133754,19.6079976305937,31.3834040393792,-0.876749603183832,45.1680319287089,8.35174947214841,27.7798259988618,33.0268293202767,22.3068785054389,22.8924134148497,17.5949062793614,46.8502814451182,18.0593375066139,14.6969219390969,50.2722785262195,23.1193101349605,26.8809904052012,30.0734076700976,16.2330109708588,40.0064944907064,9.23587418606649,-14.2451290926186,9.75859516979191,25.1964920294003,20.4386743445698,44.0172070765966,37.3532990026153,20.5364475650879,2.71416880181977
43.9528070869658,41.9332515906253,42.832267133754,25.5195396741773,31.3834040393792,-0.876749603183832,45.1680319287089,8.35174947214841,27.7798259988618,33.0268293202767,22.3068785054389,22.8924134148497,17.5949062793614,47.4778391408249,20.1455772071911,14.6969219390969,50.2722785262195,23.1193101349605,26.8809904052012,30.0734076700976,16.2330109708588,40.0064944907064,9.23587418606649,-14.2451290926186,9.75859516979191,25.1964920294003,20.4386743445698,44.0172070765966,37.3532990026153,20.5364475650879,4.38724438676509
43.9528070869658,41.9332515906253,44.3146708081997,25.5195396741773,31.3834040393792,-0.876749603183832,45.1680319287089,9.16978050265128,27.8726565357868,33.4736619326974,22.3068785054389,23.1299215055585,17.5949062793614,47.4778391408249,20.1455772071911,14.6969219390969,51.3154877607597,23.1193101349605,26.8809904052012,30.0734076700976,16.2330109708588,40.0064944907064,9.23587418606649,-12.0921244302799,9.75859516979191,25.1964920294003,20.4386743445698,44.4847443815327,37.3532990026153,22.4459469318689,4.38724438676509
43.9528070869658,41.9332515906253,44.3146708081997,25.5195396741773,31.3834040393792,-0.839891158716192,45.1680319287089,9.16978050265128,27.8726565357868,33.4736619326974,24.5364530401018,25.3178138424544,17.7973002056217,47.4778391408249,20.3297545532056,14.6969219390969,52.8225726294955,23.1193101349605,26.8809904052012,30.0734076700976,16.3986127414747,40.0064944907064,9.23587418606649,-10.2483334547234,11.3036937202899,26.4766761751468,20.4386743445698,44.4847443815327,37.7786199597361,22.4459469318689,4.70617851644177
43.9528070869658,41.9332515906253,45.07622213721,26.4874651699186,31.3834040393792,-0.839891158716192,45.2184687552898,9.16978050265128,27.8726565357868,33.4736619326974,24.5364530401018,25.3178138424544,17.7973002056217,51.7233134579347,21.632230382626,14.6969219390969,53.7065842232974,23.1193101349605,26.8809904052012,30.0734076700976,16.3986127414747,40.0064944907064,9.50896297132091,-10.2483334547234,11.3036937202899,26.4766761751468,20.4386743445698,44.4847443815327,37.7786199597361,22.4459469318689,4.70617851644177
44.7201302332494,41.9332515906253,46.2376625873467,26.4874651699186,31.3834040393792,-0.839891158716192,45.2184687552898,9.35756073302186,27.8993950252979,34.2044306408972,25.4592084297034,25.3178138424544,20.375350751388,52.5418882447928,21.632230382626,17.0926311858089,53.7065842232974,23.1193101349605,26.8809904052012,30.0734076700976,16.3986127414747,40.0064944907064,9.71930578242953,-4.0260258900696,11.3036937202899,26.4766761751468,20.5427648081355,44.6925990583027,37.7786199597361,23.1964788179755,4.70617851644177
44.7201302332494,41.9332515906253,46.2376625873467,29.4660044251538,31.5880694209896,-0.839891158716192,45.2184687552898,9.4853684671691,28.2692408494003,34.2044306408972,25.4592084297034,28.4879590846048,20.375350751388,52.5418882447928,22.3803253448514,18.0266036826546,53.7065842232974,25.8214961380758,26.8809904052012,30.0734076700976,16.3986127414747,40.3804359092551,9.71930578242953,-1.07438549030526,11.3036937202899,26.4766761751468,20.8389603209877,44.7923049662776,37.7786199597361,23.1964788179755,4.70617851644177
44.7201302332494,41.9332515906253,46.2376625873467,29.6660641773121,31.5880694209896,-0.839891158716192,45.2184687552898,9.4853684671691,28.2692408494003,36.1867484830809,25.4592084297034,28.4879590846048,20.375350751388,52.5418882447928,24.4962225741395,18.0266036826546,53.7065842232974,25.8214961380758,26.8809904052012,30.0734076700976,16.3986127414747,40.3804359092551,9.86673825154685,-1.07438549030526,11.6030560525992,26.4766761751468,20.8389603209877,44.7923049662776,37.7786199597361,23.1964788179755,5.59759954708252
44.7201302332494,41.9332515906253,48.5503461661537,29.6660641773121,31.987727818891,-0.839891158716192,45.3479753804372,9.4853684671691,28.3963514910092,36.22213110903,29.2213157028882,29.7331398897217,21.666904841537,53.2891938850945,24.4962225741395,19.2411607487372,54.0534511677071,25.9293063377413,26.8809904052012,30.0734076700976,16.4870484502351,42.2132269709032,9.86673825154685,2.91849759824491,11.6030560525992,26.4766761751468,22.1773307821975,44.7923049662776,38.2578997897971,23.1964788179755,5.59759954708252
44.7201302332494,41.9332515906253,48.5503461661537,29.6660641773121,32.9292282453898,0.608893374177001,45.3479753804372,9.4853684671691,28.7238903105409,36.22213110903,29.5717599657428,32.0127410490465,22.6246161446826,54.7573918795584,25.2327641960444,19.2411607487372,54.739836767494,28.6400457456095,26.8809904052012,30.0734076700976,16.8490190148557,42.4946856469769,9.86673825154685,6.32038234099771,12.2214992016209,27.2268908992925,22.1773307821975,45.5583483770531,38.8465956360272,23.1964788179755,5.59759954708252
44.7201302332494,41.9332515906253,48.5503461661537,30.8112380179557,32.9292282453898,0.608893374177001,45.7983754457509,9.4853684671691,28.7238903105409,36.22213110903,29.5717599657428,32.0127410490465,22.6246161446826,56.5092230017844,25.2327641960444,19.2411607487372,54.739836767494,28.6400457456095,26.8809904052012,30.0734076700976,16.8490190148557,42.4946856469769,9.86673825154685,6.32038234099771,12.6626658797232,27.2268908992925,25.4956762467582,46.7144740527047,38.8465956360272,23.1964788179755,6.0402721920233
44.7237152644992,42.0303688614471,48.5503461661537,30.8112380179557,32.9292282453898,0.834626013511127,45.7983754457509,9.4853684671691,28.9847597395145,36.22213110903,30.210865588196,32.0127410490465,23.607026218967,56.5092230017844,25.2327641960444,19.4046633625028,54.739836767494,28.6400457456095,26.8809904052012,30.4063773009377,16.8490190148557,42.9731942756243,9.86673825154685,8.54867124461531,12.6626658797232,27.4565212181462,25.4956762467582,47.7093400439094,39.2540312097382,23.1964788179755,6.0402721920233
45.1994937940082,42.1715184372272,48.5503461661537,32.4049744489091,32.9292282453898,1.68544812732983,45.7983754457509,9.4853684671691,29.8712174708209,36.22213110903,30.210865588196,32.0127410490465,23.6185173555728,56.5092230017844,25.2327641960444,20.4435568704423,54.743831492826,30.0527300963591,26.9845185573902,30.4063773009377,17.0093928968998,44.3711560381237,9.86673825154685,10.4142764919111,13.8897532091239,27.4565212181462,25.4956762467582,48.236097819062,39.7882465171803,23.7609351330256,6.0402721920233
45.1994937940082,42.1715184372272,48.5503461661537,33.0378846285539,32.9292282453898,1.68544812732983,45.7983754457509,9.50038239743828,29.8712174708209,37.9351753386274,30.210865588196,32.0127410490465,23.6185173555728,56.5092230017844,25.9402566058023,20.4435568704423,54.7776966098349,30.0527300963591,26.9845185573902,30.4063773009377,17.0093928968998,44.3711560381237,9.86673825154685,10.4142764919111,14.5700311872175,27.4565212181462,25.6322124781369,48.2390455007844,39.7882465171803,23.7609351330256,6.50572129648626
45.6313278646667,43.7696559618805,48.5503461661537,33.0378846285539,32.9292282453898,2.04268340872344,45.7983754457509,9.50038239743828,29.9635714393797,37.9351753386274,30.210865588196,32.2989869490198,23.6185173555728,56.5092230017844,25.9402566058023,20.7508274622574,54.8086075120747,30.0527300963591,27.0085019163574,30.4063773009377,17.0093928968998,45.1648623068957,9.86673825154685,10.9300944030699,14.5700311872175,27.4565212181462,25.6322124781369,48.2390455007844,40.1601162240286,24.4644588255606,6.50572129648626
45.6313278646667,44.0449879499396,48.5503461661537,36.5975079289645,33.1861586353809,2.04268340872344,45.7983754457509,9.50038239743828,30.3731767760006,37.9351753386274,30.210865588196,33.379090232414,25.548028277172,56.5092230017844,26.6468832872639,23.3213324386208,54.8086075120747,31.8297502201581,27.0085019163574,30.5891980974771,17.0554149758765,46.5903530935517,9.86673825154685,10.9300944030699,16.068163009353,28.0932678804421,25.6322124781369,48.3514002525984,40.1601162240286,24.4644588255606,6.69400426472731
45.6313278646667,44.0449879499396,48.5503461661537,36.5975079289645,33.1861586353809,2.04268340872344,46.0565014291599,9.50038239743828,30.3731767760006,37.9351753386274,30.210865588196,33.379090232414,25.548028277172,56.5092230017844,26.6468832872639,23.3213324386208,54.8798073325071,31.8297502201581,27.0085019163574,30.5891980974771,17.0554149758765,46.6479761142447,9.94487562893697,10.9300944030699,16.4594075316219,28.0932678804421,25.6322124781369,48.6526618482051,40.1601162240286,24.4644588255606,6.69400426472731
45.6313278646667,44.0449879499396,49.4261862043203,36.5975079289645,33.1861586353809,2.41418107388088,46.41121834595,9.54300143912461,30.7251921711344,37.9351753386274,30.210865588196,33.7569580103383,26.0477923723294,56.5092230017844,26.6468832872639,24.9734477966482,55.0895214291968,31.9895615565141,27.3411929080775,30.6338069701232,17.0554149758765,46.6479761142447,10.0802150659163,13.3817577909043,16.4594075316219,28.1491412315504,25.6322124781369,48.6526618482051,40.3461383555162,24.5654377240815,6.69400426472731
46.2531117565186,44.0449879499396,49.4261862043203,36.5975079289645,33.3667851816446,4.2669664006479,46.41121834595,9.54300143912461,30.7251921711344,37.9351753386274,30.210865588196,33.7569580103383,27.5862340758024,56.5092230017844,26.6468832872639,24.9734477966482,55.2487475442038,31.9895615565141,27.3411929080775,30.6338069701232,17.4782909302468,46.6479761142447,10.0802150659163,16.3950009669178,16.9358843013998,29.8595661290838,26.2406932595114,48.9621140128237,40.3461383555162,24.5654377240815,7.29201815513694
46.2531117565186,44.0449879499396,50.0250942136706,36.6810727984397,33.3667851816446,4.46850972092,46.7793343032008,10.0268542595902,30.7251921711344,37.9351753386274,30.210865588196,33.7569580103383,27.5862340758024,56.6099109714691,26.709078459867,25.077149194748,55.358900330182,31.9895615565141,27.3411929080775,30.6338069701232,17.4782909302468,46.9462116791709,10.1045236505351,16.3950009669178,17.1883595582123,29.8595661290838,26.2406932595114,49.7626307927247,40.3461383555162,24.5654377240815,7.8852388692914
46.8121701088214,44.0449879499396,50.1487103559432,36.6810727984397,33.8717980357505,4.46850972092,46.9370936239055,10.2984914750955,30.915897098631,38.9401348841941,30.210865588196,33.7569580103383,28.3143107033505,56.6099109714691,26.709078459867,25.077149194748,55.358900330182,32.2152314145495,28.3609070834629,31.0948193751695,17.4782909302468,46.9462116791709,10.1045236505351,20.881725725158,17.1883595582123,31.2811494751313,26.2406932595114,49.7626307927247,40.3461383555162,24.5654377240815,7.8852388692914
47.2609386195308,44.0449879499396,50.1487103559432,36.7086851157311,33.8717980357505,4.46850972092,46.9370936239055,10.2984914750955,31.2531028823096,38.9401348841941,30.5077943735982,33.7569580103383,28.3911102968585,57.4668489520518,27.3266954746403,25.077149194748,55.3618499570064,32.2152314145495,28.7423779963937,31.4589784073886,17.4782909302468,47.0564540606759,10.1045236505351,21.7980876925474,17.1883595582123,31.2811494751313,27.9114086102935,50.351964035241,40.3461383555162,24.7844789692773,8.40847680156124
47.2609386195308,44.0449879499396,50.1487103559432,37.6727769044614,33.8949746779166,4.62227571619398,47.3569311289133,10.4018763498269,31.2531028823096,38.9401348841941,30.5077943735982,33.7569580103383,28.3911102968585,59.2197779022918,27.3266954746403,25.1273062829255,55.3618499570064,32.2152314145495,28.7423779963937,31.4589784073886,17.4782909302468,47.0564540606759,10.1045236505351,21.7980876925474,17.2136218338279,31.2811494751313,27.9114086102935,50.351964035241,40.3461383555162,24.7844789692773,8.40847680156124
47.2609386195308,44.0449879499396,50.1487103559432,37.6727769044614,33.8949746779166,4.62227571619398,47.4204980123157,10.7996380345235,31.6342964606873,38.9566794819605,30.5787708073489,34.9010060420612,28.3911102968585,59.2197779022918,27.3266954746403,25.3557706102983,55.3618499570064,32.2152314145495,28.7423779963937,32.2322619889469,17.4782909302468,47.0564540606759,10.2457857960216,25.733023841388,17.2136218338279,31.3023074992443,27.9114086102935,50.351964035241,40.6192776246583,26.6411338328971,8.40847680156124
47.3144559883977,44.0491431443455,50.1487103559432,37.7893893959608,33.8949746779166,4.67278500837289,47.4204980123157,10.7996380345235,31.6342964606873,38.9566794819605,30.8787806869203,37.2429629327077,28.7848153455928,59.2197779022918,28.9802955337238,25.3557706102983,55.3618499570064,32.3137186722824,28.7423779963937,32.2322619889469,17.8082633697914,47.4241179982576,10.2457857960216,30.7363628457934,17.3285843692493,31.4455431147479,27.9114086102935,51.5894580975029,40.7987637488884,26.6734286267144,8.49561378078981
47.3144559883977,44.0491431443455,50.2913341182885,40.9385479677354,34.1246117341079,4.67278500837289,47.4204980123157,10.9588936077822,31.6342964606873,39.8141220387923,30.8787806869203,37.2429629327077,28.7848153455928,59.2880285992286,29.8182703358348,25.4109005612025,55.3618499570064,32.3137186722824,28.7423779963937,32.2322619889469,17.8082633697914,47.4241179982576,10.2962848557328,30.7363628457934,17.4527657669551,31.4455431147479,27.9114086102935,51.5894580975029,40.7987637488884,26.6734286267144,8.60933695999536
47.3144559883977,44.0965073355715,50.2913341182885,40.9385479677354,34.4723134225534,4.67278500837289,47.475501870133,11.4553354506115,31.6644548459188,40.3119664407567,31.1810424725553,37.2429629327077,28.7848153455928,59.2880285992286,29.8182703358348,25.5823869518763,55.3618499570064,32.3137186722824,29.4261699834605,33.0506368948477,17.8082633697914,47.4241179982576,10.2962848557328,38.4607848018683,17.4527657669551,32.7773066785745,27.9114086102935,51.5894580975029,40.7987637488884,27.5055214326294,8.60933695999536
48.4724480427188,44.0971969972463,50.2913341182885,40.9385479677354,34.4723134225534,5.0684116340353,47.475501870133,11.4553354506115,31.6644548459188,40.3119664407567,31.1810424725553,37.3143423208315,29.055038401825,59.6715222787442,30.6777115909774,25.5823869518763,55.3618499570064,32.3989300045683,31.1934325161547,33.0506368948477,17.8329700988429,47.4526790566569,10.2962848557328,38.4607848018683,17.5642427258015,33.1785818888038,27.9114086102935,51.5894580975029,41.8786600917519,27.8985567595739,8.60933695999536
48.4724480427188,44.0971969972463,50.6677236296928,41.8634488949264,35.095021494654,5.2824292032554,47.475501870133,11.4553354506115,31.6644548459188,40.3119664407567,31.1810424725553,37.3143423208315,29.055038401825,59.6715222787442,30.6777115909774,25.8824077948815,55.3618499570064,32.3989300045683,31.1934325161547,33.0506368948477,17.8329700988429,47.4526790566569,10.2962848557328,38.4607848018683,18.105523153587,33.1785818888038,28.465076299868,52.1825895952908,41.8786600917519,27.8985567595739,8.75711136291642
48.4724480427188,44.241452247571,53.1469287044291,42.8208277121459,35.3797248659232,5.2824292032554,47.475501870133,11.7240079343023,31.6644548459188,40.3119664407567,31.1810424725553,37.6468188427401,29.3361330242864,59.6715222787442,30.6777115909774,25.8824077948815,55.3618499570064,32.3989300045683,31.9493666724971,33.7993477368599,17.8329700988429,47.4526790566569,10.2962848557328,38.4607848018683,18.105523153587,33.1785818888038,28.465076299868,52.1825895952908,41.8786600917519,28.0647461018337,8.75711136291642
48.4724480427188,44.4065603381639,53.1469287044291,42.8208277121459,35.3797248659232,5.44136589026598,47.475501870133,11.7240079343023,31.6644548459188,40.3119664407567,31.1810424725553,37.6468188427401,29.4410597657084,60.2030449499331,31.030179195684,25.8824077948815,55.3618499570064,32.5355350312176,31.9493666724971,33.7993477368599,17.8329700988429,47.4667772544173,10.2962848557328,41.1125718682894,18.8039699098142,33.1785818888038,29.489375216714,52.1866281115562,41.8786600917519,28.6056885840278,8.83106651066787
48.4724480427188,44.4065603381639,54.3224673287672,42.8208277121459,36.0317696390209,5.51427070116459,47.5674361158747,12.0625083469538,31.6644548459188,40.4115914782185,31.1810424725553,37.6468188427401,29.4410597657084,60.2030449499331,31.030179195684,25.8824077948815,55.3618499570064,32.5355350312176,31.9493666724971,33.7993477368599,17.8329700988429,47.4667772544173,10.3996071448912,41.1125718682894,18.8039699098142,33.1785818888038,29.701829657159,52.1866281115562,41.8786600917519,28.6056885840278,9.01190274298326
48.4724480427188,44.4065603381639,54.3224673287672,42.8208277121459,37.4989345822875,5.51427070116459,47.9260680031441,12.6179448062132,31.7048579404339,40.4115914782185,31.9753625844592,37.6907486303069,29.4410597657084,60.2030449499331,31.030179195684,26.0382264983667,55.380104636398,32.5355350312176,32.7485906235897,33.7993477368599,17.8641678575509,47.4667772544173,10.447689700501,41.1125718682894,18.8039699098142,33.1785818888038,29.701829657159,52.1866281115562,41.8786600917519,28.7942058387525,9.01190274298326
48.4724480427188,44.511819792562,54.3224673287672,44.413446032848,37.4989345822875,5.79856096000896,47.9260680031441,12.6179448062132,31.7048579404339,40.4115914782185,31.9753625844592,37.6907486303069,29.4410597657084,60.2030449499331,31.030179195684,26.0382264983667,55.380104636398,32.7101073929824,33.8605393408123,33.8287596074834,17.8641678575509,47.4667772544173,10.447689700501,41.1125718682894,18.8039699098142,33.1785818888038,29.931421115953,52.1866281115562,43.1110666250305,28.7942058387525,9.01712382986972
48.4724480427188,44.511819792562,54.3224673287672,47.157661891343,37.7212136759943,8.03142786686294,48.8046756522801,12.856027753593,31.7048579404339,40.4115914782185,31.9753625844592,37.6907486303069,29.4410597657084,60.2030449499331,31.030179195684,26.0382264983667,55.380104636398,32.7101073929824,33.8605393408123,33.8287596074834,17.8641678575509,47.4667772544173,10.447689700501,41.1125718682894,18.8039699098142,33.2917376974176,31.6638674894049,52.1866281115562,43.1110666250305,28.7942058387525,9.01712382986972
48.9505789337397,44.511819792562,54.3224673287672,47.157661891343,38.4190986395582,8.03142786686294,49.0070666957719,13.0959422029447,31.7048579404339,40.4115914782185,31.9753625844592,39.0101819124865,30.2666668998978,60.2030449499331,31.7906232589838,26.4503153480501,55.380104636398,33.4695247452143,34.196172012172,34.582523440945,17.8641678575509,47.4667772544173,10.4733901192662,43.0939981865062,18.8039699098142,33.2917376974176,31.6638674894049,52.1866281115562,43.3431801551019,29.254683367641,9.01712382986972
49.3150123649498,44.5655700690638,54.3224673287672,47.157661891343,38.4190986395582,8.03142786686294,49.0070666957719,13.0959422029447,31.7048579404339,40.4115914782185,31.9753625844592,39.0677210941276,30.964998729066,60.2030449499331,32.2986910655899,26.4503153480501,55.380104636398,33.4695247452143,34.196172012172,34.582523440945,17.8641678575509,47.4981414219294,10.4733901192662,46.5616962908187,18.8041736672776,33.2917376974176,31.7396312924673,52.2773000947657,43.3431801551019,29.254683367641,9.01712382986972
49.3150123649498,44.5655700690638,54.3224673287672,47.157661891343,38.4190986395582,9.30151722323317,49.0070666957719,14.3193828672689,31.7048579404339,40.58447431488,31.9753625844592,39.0677210941276,30.964998729066,60.2030449499331,32.2986910655899,26.605679578534,55.4148656740707,33.4695247452143,34.196172012172,34.582523440945,17.8641678575509,47.6521866290978,10.4914409201937,46.5616962908187,19.7663300488416,33.2917376974176,31.7396312924673,52.3590548434726,43.3431801551019,29.254683367641,9.13520850809196
49.3150123649498,44.6188204738764,54.3224673287672,47.157661891343,38.463803079196,9.30151722323317,49.4843500825968,14.420029111164,31.8037911405283,40.646460161707,32.053765220486,40.1747650568317,32.1551495843396,60.2030449499331,32.4528014069405,26.7071137662372,55.4148656740707,34.5198913625983,34.4090285086123,35.3928336599638,17.8641678575509,47.6521866290978,10.5231762387206,46.5616962908187,19.7663300488416,33.2917376974176,31.7396312924673,52.3590548434726,43.4338728395013,29.254683367641,9.13520850809196
49.3150123649498,44.6970655577729,54.3224673287672,47.2346128049424,38.463803079196,10.5722787519074,49.4843500825968,14.420029111164,31.8037911405283,40.646460161707,32.053765220486,40.8373697895499,32.6904596937594,60.3995969956665,32.5757621293946,26.7071137662372,55.4278732552868,34.5198913625983,34.6718109657861,35.6632331532548,17.8641678575509,47.6521866290978,10.5231762387206,47.6524939588458,20.0874802488792,33.3852142250525,32.243859881434,52.5455417370036,43.4745766259144,29.7442175781258,9.13520850809196
49.3150123649498,44.6970655577729,54.3224673287672,47.2346128049424,38.518356163896,12.297936005418,49.4843500825968,14.9864659098598,31.812055423923,40.7572359787459,32.053765220486,40.9915931058828,32.6904596937594,60.3995969956665,32.5757621293946,26.7071137662372,55.4278732552868,34.5198913625983,34.6718109657861,35.6632331532548,17.8641678575509,47.8641038968812,10.5231762387206,47.6524939588458,20.1070758899407,33.6146398868922,32.5447028888626,52.5455417370036,43.4745766259144,29.7442175781258,9.13520850809196
49.7512243617648,44.6970655577729,54.3224673287672,47.2346128049424,38.518356163896,12.297936005418,49.4843500825968,15.4534139193332,31.8784600966764,40.7620279942053,32.499014466698,40.9915931058828,33.6692243920003,60.3995969956665,33.5709562163875,27.6789266335059,55.4278732552868,34.8235429751287,34.6718109657861,35.6632331532548,17.8641678575509,47.8641038968812,10.5494985711714,48.6853199785115,20.1070758899407,33.6146398868922,32.5447028888626,52.5455417370036,44.2070173551327,29.9858650361965,9.13520850809196
49.7512243617648,44.9037397738332,54.3224673287672,47.6828667634199,38.518356163896,13.242824792903,49.4843500825968,15.4534139193332,31.8784600966764,40.7620279942053,32.9269306350114,41.7005683897104,33.6692243920003,60.3995969956665,33.6958327222538,27.6789266335059,55.4278732552868,34.8787035831735,34.6718109657861,36.0044714032368,17.8641678575509,47.9871085979815,10.5494985711714,50.4294251646319,20.1070758899407,33.7497971013844,32.5447028888626,52.6291186009427,44.2394458764746,29.9858650361965,9.13520850809196
49.7512243617648,44.9037397738332,54.7501417209912,47.6828667634199,38.7591064682483,13.742946285557,49.6321099506116,16.0212083240993,31.8784600966764,40.7676117950464,32.9269306350114,42.1209962111205,33.6692243920003,60.3995969956665,33.6958327222538,28.2565072671315,55.4282602146159,34.8787035831735,34.6718109657861,36.0044714032368,17.8759806951823,47.9871085979815,10.5827829893354,50.4294251646319,21.4766726945895,33.7947799654679,33.1198083674465,52.6291186009427,44.2394458764746,29.9858650361965,9.18621220072526
49.9624954131521,44.9037397738332,54.7501417209912,47.6828667634199,38.9043598926193,13.742946285557,49.7127810344058,16.5542787504611,31.957399259956,41.4410669870629,32.9269306350114,42.1209962111205,33.8389434455256,60.3995969956665,33.8697333420901,28.4317330067997,55.4282602146159,36.4314284159299,34.6718109657861,38.3408753928561,17.8762863901878,47.9871085979815,10.5827829893354,50.4294251646319,21.4766726945895,33.7947799654679,33.1198083674465,52.6291186009427,44.2453516773798,30.2534791704381,9.18621220072526
50.4953653080726,45.2381375062086,54.7501417209912,47.6828667634199,38.9043598926193,16.12670666379,49.7127810344058,16.5542787504611,31.957399259956,41.4410669870629,32.9269306350114,42.1209962111205,33.8389434455256,60.3995969956665,33.8697333420901,28.4317330067997,55.4282602146159,36.4314284159299,34.6718109657861,40.2199662641908,17.8762863901878,47.9932489146366,10.5827829893354,51.4245891227336,21.98170872017,34.8924357851078,33.2897172996995,52.6812404743772,44.2453516773798,30.5002668452702,9.18621220072526
50.4953653080726,45.2381375062086,54.9981369271886,47.7787310928243,38.9916801825539,16.6219851124964,49.7127810344058,17.1563823999202,31.9688078532359,41.5508435346853,32.9269306350114,42.6578331622096,33.8389434455256,60.3995969956665,33.8697333420901,28.7606929671186,55.4282602146159,36.4314284159299,34.6718109657861,41.1406217596264,17.8842648290434,47.9932489146366,10.5871713652603,51.4245891227336,23.7004372393939,34.8924357851078,33.5415126505794,52.6927068608852,44.2453516773798,30.5002668452702,9.20965167485482
50.6548279879644,45.5149394494131,56.7482499345832,47.7787310928243,38.9916801825539,16.6219851124964,49.9519327531968,17.6632286066147,31.9688078532359,41.5508435346853,32.9269306350114,42.6578331622096,33.8389434455256,60.3995969956665,33.8697333420901,28.7606929671186,55.4372930426421,36.4314284159299,34.6718109657861,42.4880555199319,17.8842648290434,47.9932489146366,10.6143955990512,52.2088174814695,23.7004372393939,34.8924357851078,33.5415126505794,52.6927068608852,44.247838003452,30.5816059869582,9.20965167485482
50.6916301803315,45.6107816974814,56.7482499345832,47.7787310928243,38.9916801825539,17.1915785720365,49.9519327531968,17.6632286066147,31.9688078532359,41.5508435346853,32.9269306350114,42.6578331622096,34.1886260101928,60.8816079861671,34.3113486264724,28.7606929671186,55.4372930426421,36.6471634689917,34.6718109657861,42.4880555199319,17.8842648290434,47.9932489146366,10.6143955990512,52.2088174814695,24.6590592460381,34.8924357851078,33.5415126505794,52.6927068608852,44.3053193474036,30.7222744856108,9.26718203515677
50.6916301803315,45.6107816974814,56.7482499345832,47.7787310928243,38.9916801825539,17.8458274592524,49.9519327531968,18.3773162255053,31.9892723486018,41.5508435346853,32.9269306350114,42.7675733599883,34.1886260101928,60.8816079861671,34.3113486264724,28.9748393250632,55.4372930426421,36.6471634689917,34.6718109657861,42.9880060584438,17.8842648290434,48.0311669707337,10.6628210450968,52.2088174814695,24.9206067399237,35.0585228337828,34.0713484140592,52.7239005193551,44.3053193474036,30.7222744856108,9.30803963953024
50.7285566417752,45.7735304987575,56.7482499345832,47.7787310928243,39.0041794034451,17.8458274592524,49.9638439250546,18.691577464593,32.0725589936274,41.5508435346853,33.0925292075934,42.7675733599883,34.3361006086609,60.8816079861671,34.3113486264724,29.5752275450211,55.4372930426421,36.9476805677404,34.6915409281532,43.4816204460942,17.9412380842193,48.0311669707337,10.6664924945453,52.2088174814695,24.9206067399237,35.3324016630755,34.0713484140592,52.7239005193551,44.8071282390425,30.762762777623,9.30803963953024
50.7877608924047,45.7735304987575,56.7482499345832,48.1397152871108,39.0041794034451,17.8458274592524,49.9638439250546,18.691577464593,32.0725589936274,41.5508435346853,33.1019814498127,42.7675733599883,34.5201727859168,61.0200557452863,34.3113486264724,29.5752275450211,55.4461102027747,36.9476805677404,34.6994927086166,43.4816204460942,17.9412380842193,48.0980196543415,10.6664924945453,52.2088174814695,24.9206067399237,35.3324016630755,34.0713484140592,52.8064294834146,45.1495339989832,30.762762777623,9.3243460065915
50.7877608924047,45.7735304987575,56.7482499345832,48.1397152871108,39.015335876816,17.8458274592524,49.9638439250546,19.0784781156742,32.0725589936274,41.7104953855396,33.1019814498127,42.7675733599883,34.5201727859168,61.1585779674569,34.3113486264724,29.5752275450211,55.4461102027747,36.9476805677404,34.6994927086166,43.751632603204,17.9412380842193,48.0980196543415,10.6664924945453,52.2088174814695,25.2848537065212,35.3324016630755,34.0713484140592,52.9865532809146,45.1495339989832,30.762762777623,9.38670780814297
50.9989572158086,45.9135788695721,56.7482499345832,48.1397152871108,39.015335876816,17.8458274592524,49.9638439250546,19.0784781156742,32.0725589936274,41.7755072071604,33.3463652018379,42.7675733599883,34.533690219757,61.1585779674569,34.3113486264724,29.72099726644,55.4461102027747,37.1187501547876,34.6994927086166,44.1624723240265,17.9412380842193,48.0980196543415,10.6664924945453,52.3351303803425,25.2848537065212,35.5011825863187,34.0713484140592,52.9865532809146,45.3461148592137,30.7733606191017,9.38670780814297
51.6244702298881,46.1344480022788,56.7482499345832,48.1397152871108,39.015335876816,18.259381041847,49.9638439250546,19.4367791474324,32.0725589936274,41.7755072071604,33.6096451978293,43.0757470858614,34.533690219757,61.1585779674569,34.6175857689211,29.72099726644,55.4461102027747,37.9098562365969,34.6994927086166,44.1624723240265,17.9412380842193,48.0980196543415,10.6664924945453,55.7379472060437,25.6252352970157,35.5011825863187,34.8806826989555,52.9865532809146,45.5346309708498,30.9012587965108,9.40133244770141
51.6244702298881,46.1344480022788,56.7482499345832,48.7625911054003,39.1091394429924,18.4761353428075,49.9638439250546,19.6283183955028,32.0725589936274,41.9496869637606,33.6096451978293,43.3063404821006,34.533690219757,61.2411412303408,34.6175857689211,30.1451908684686,55.4461102027747,37.9098562365969,34.6994927086166,45.9393428748897,17.9412380842193,48.0980196543415,10.6664924945453,55.7379472060437,26.4420688579146,35.5011825863187,34.8806826989555,52.9865532809146,45.5346309708498,30.9012587965108,9.43147874549516
52.0175293617381,46.1783329176688,56.7482499345832,48.7625911054003,39.1644149135866,18.4761353428075,49.9638439250546,19.975935953176,32.0775104883077,42.1658412339059,33.7463699219727,43.3063404821006,34.7958839715276,61.2411412303408,34.6175857689211,30.5260847564727,55.4464765339814,37.9098562365969,34.6994927086166,45.9393428748897,17.9412380842193,48.0980196543415,10.6669247569764,56.4061809001122,26.4420688579146,35.5011825863187,34.8806826989555,52.9865532809146,45.5346309708498,30.9224704609149,9.43147874549516
52.2065598082805,46.1783329176688,56.7482499345832,48.8074988037327,39.1644149135866,18.4761353428075,49.9638439250546,19.975935953176,32.0775104883077,42.1658412339059,33.8162151153307,43.4865074170447,34.7958839715276,61.5326544641636,34.6175857689211,30.5260847564727,55.4464765339814,38.517800486421,34.6994927086166,45.9393428748897,17.9412380842193,48.1489987606335,10.6669247569764,57.329503097709,27.2166607215996,35.5011825863187,35.0190619143297,53.0931999432371,45.5346309708498,30.9868981408036,9.43147874549516
52.2065598082805,46.1783329176688,56.7482499345832,48.8074988037327,39.2274859417521,18.6399985664854,49.9881800249932,20.1602488884758,32.0941256720374,42.3651814957875,33.8162151153307,43.8560635561716,34.7958839715276,61.8795243947081,34.6175857689211,30.7096834890109,55.4464765339814,38.517800486421,34.6994927086166,45.9961186677061,17.9414666172447,48.1695655465873,10.6741298520668,57.329503097709,27.2166607215996,35.6029605179616,35.2042503039556,53.1406434886527,45.5346309708498,30.9868981408036,9.43147874549516
52.3422875538836,46.1922619972672,56.7482499345832,48.8074988037327,39.2274859417521,18.6399985664854,50.0081927777283,20.3339616028187,32.113074181308,42.4999708257859,33.8511260486789,43.8560635561716,34.7958839715276,61.8795243947081,34.6175857689211,30.7915598311937,55.4464765339814,38.8362223507142,34.7011817080454,47.6034882002983,17.9414666172447,48.1695655465873,10.6741298520668,59.1336993379395,27.2166607215996,35.6029605179616,35.2042503039556,53.1406434886527,45.5346309708498,31.0931317667126,9.46176669386053
52.634339257494,46.2089869534574,56.7482499345832,48.8074988037327,39.2274859417521,18.6399985664854,50.0081927777283,20.3339616028187,32.113074181308,42.4999708257859,33.884250613339,43.9501858650562,34.8164527684344,61.8795243947081,34.6175857689211,30.7915598311937,55.4464765339814,38.9768751083446,34.7027248234791,47.6034882002983,17.9414666172447,48.1695655465873,10.6741298520668,59.1336993379395,27.2166607215996,35.6029605179616,35.2042503039556,53.2220246409878,45.5346309708498,31.5159392283476,9.46176669386053
52.634339257494,46.2089869534574,56.7482499345832,48.8074988037327,39.3689011684582,18.6399985664854,50.0081927777283,20.7133030910092,32.115645564437,42.4999708257859,33.884250613339,44.3686523918581,34.8164527684344,61.8795243947081,34.6175857689211,30.8049688461982,55.4590763780131,38.9768751083446,34.7027248234791,47.7153056728312,17.9507909545343,48.1788098862677,10.6741298520668,59.1336993379395,27.3150822209809,35.7624897485142,35.229277005063,53.2220246409878,45.5346309708498,31.5159392283476,9.47911743470033
52.634339257494,46.2089869534574,56.9299027690993,48.8074988037327,39.3689011684582,18.6399985664854,50.0358520966242,20.8628192718273,32.115645564437,42.4999708257859,33.8949679449249,44.3686523918581,34.8164527684344,61.8795243947081,34.6175857689211,30.8049688461982,55.4590763780131,39.028798166867,34.7029058575764,48.4505353940581,17.9507909545343,48.1788098862677,10.6741298520668,59.5640008753611,27.3150822209809,35.8834410664383,35.229277005063,53.2220246409878,45.943682503065,31.7562080211372,9.50792080691313
52.634339257494,46.2089869534574,56.9299027690993,49.0200431775731,39.3689011684582,19.6346476234848,50.0358520966242,20.8628192718273,32.115645564437,42.4999708257859,33.9034598604032,44.5494761000474,34.8164527684344,61.8795243947081,34.6175857689211,30.8049688461982,55.4590763780131,39.0392750882725,34.7029058575764,48.4505353940581,17.965832930891,48.1889858588532,10.6741298520668,59.5640008753611,27.5588144210147,35.8834410664383,35.229277005063,53.2847559642095,47.6958692584197,31.9407720431067,9.50792080691313
52.634339257494,46.2089869534574,56.9299027690993,49.0200431775731,39.3689011684582,20.4294173526633,50.0358520966242,21.0150914803171,32.1206760567383,42.4999708257859,33.9034598604032,45.3758630923544,34.8164527684344,61.8795243947081,34.6175857689211,30.8049688461982,55.4590763780131,39.0392750882725,34.7029058575764,48.4505353940581,17.9725830997211,48.1889858588532,10.6741298520668,59.5640008753611,27.8890327129392,35.973106794317,35.229277005063,53.480663150446,47.6958692584197,31.9407720431067,9.52966560559701
52.6720590727838,46.2302506026382,56.9487930840347,49.0200431775731,39.377165017855,20.4294173526633,50.1056669560923,21.2647986428924,32.1260040439258,42.4999708257859,33.9034598604032,45.3758630923544,34.8262247815125,61.8795243947081,34.6175857689211,30.9301807313143,55.4590763780131,39.642314200457,34.7046391353106,48.4505353940581,17.9856844442963,48.1889858588532,10.6741298520668,59.5640008753611,27.8890327129392,36.0537033205619,35.229277005063,53.480663150446,48.1344700452242,32.157530580685,9.5383578409966
52.8827411675114,46.2926456277298,56.9487930840347,49.0200431775731,39.377165017855,21.545334656476,50.1056669560923,21.2647986428924,32.1260040439258,42.4999708257859,33.9442710007322,46.1614552824862,34.8262247815125,62.1186846326008,34.6175857689211,30.9301807313143,55.4590763780131,39.95985485938,34.7571913859293,48.4505353940581,17.9856844442963,48.1995280623703,10.6741298520668,59.5640008753611,28.0335326098838,36.0537033205619,35.5174576381105,53.5708245471055,48.4461368786592,32.157530580685,9.5383578409966
52.8827411675114,46.2926456277298,56.9487930840347,49.2402602699749,39.443073641889,22.3013541882352,50.1056669560923,21.6817682150365,32.1260040439258,42.5546557163714,33.9442710007322,46.6225776779737,34.8262247815125,62.3038745113848,34.6175857689211,30.9368382634904,55.4590763780131,39.95985485938,34.7571913859293,48.4505353940581,17.9856844442963,48.2034944728746,10.6741298520668,59.5640008753611,28.154811680606,36.1076816345851,36.8127567066047,53.7380750860052,48.4461368786592,32.157530580685,9.56807924555356
53.0670641607332,46.2926456277298,56.9487930840347,49.2402602699749,39.5161263656933,22.3013541882352,50.1056669560923,22.3234583005552,32.1386302776459,42.6015730210982,34.1669494927546,46.6225776779737,34.8273225064252,62.3038745113848,34.6175857689211,31.0575961383411,55.4590763780131,40.0300226099983,34.8104405619822,50.008770869596,17.9999207719662,48.2034944728746,10.6764376148823,59.8992222265751,28.154811680606,36.1444354453562,36.8127567066047,53.7380750860052,48.4461368786592,32.157530580685,9.58328494196967
53.2302383304555,46.3087221317601,56.9487930840347,49.2402602699749,39.5161263656933,23.0541158406458,50.1056669560923,22.3234583005552,32.1386302776459,42.6015730210982,34.4830360474118,47.2559142274541,34.8632646483199,62.430562075023,34.6175857689211,31.0575961383411,55.4590763780131,40.0300226099983,34.8265502557107,50.6738599773507,18.0072221137575,48.2037486670942,10.6764376148823,60.0580596675162,28.4368335413074,36.1444354453562,36.8127567066047,53.7380750860052,48.6582701148957,32.157530580685,9.58328494196967
53.2302383304555,46.3087221317601,56.9487930840347,49.2402602699749,39.5161263656933,24.1646479237753,50.3539114516474,22.8370293356164,32.1386302776459,42.6015730210982,34.4830360474118,47.6628217074914,34.8632646483199,62.5181520811302,34.6175857689211,31.1056977950157,55.4727171141379,40.0300226099983,34.8265502557107,50.6738599773507,18.0072221137575,48.2037486670942,10.6798974101867,60.0580596675162,28.5071009223572,36.1698298926176,36.8127567066047,53.7380750860052,48.6582701148957,32.157530580685,9.60354243406589
53.4182310302148,46.3169817791549,56.9487930840347,49.2402602699749,39.6247989417709,24.1646479237753,50.3539114516474,23.4223058699912,32.1408371013878,42.6015730210982,34.8474682160328,47.6628217074914,34.906335609924,62.5181520811302,34.6175857689211,31.1415879573075,55.4727171141379,40.0300226099983,34.8313462850924,50.6738599773507,18.0072221137575,48.2037486670942,10.6833767797328,60.082336577172,28.5071009223572,36.2823221881445,36.8127567066047,53.7380750860052,49.6823796214405,32.157530580685,9.6122249652134
53.5626160984282,46.3408755145399,56.9487930840347,49.2402602699749,39.6247989417709,24.6467556335,50.5556533332176,23.4223058699912,32.1408371013878,42.6015730210982,35.49347004838,47.70054855139,34.906335609924,62.6203248138907,34.6904144476204,31.1415879573075,55.4727171141379,40.2322108522184,34.8313462850924,50.809123059824,18.0072221137575,48.2037486670942,10.6833767797328,60.1904270054722,28.5918791754787,36.2823221881445,37.0567837310982,53.9357904527263,49.8332525366602,32.2080139830677,9.6122249652134
53.5626160984282,46.3408755145399,57.2637931907491,49.2402602699749,39.7850373133197,25.4833227942719,50.7389265496643,23.7721706375741,32.1408371013878,42.6683026794694,35.49347004838,48.1439604944256,34.906335609924,62.8383721325955,34.6904144476204,31.224704524427,55.4850120658866,40.2322108522184,34.8313462850924,50.809123059824,18.0072221137575,48.2037486670942,10.6859269370684,60.1904270054722,28.6572712061034,36.2823221881445,37.5290604720899,54.0033988913987,49.8332525366602,32.2080139830677,9.61530882639397
53.6307389122703,46.3408755145399,57.2637931907491,49.2402602699749,39.8354057756202,25.4833227942719,50.8631484193417,24.218585860457,32.144400123919,42.6683026794694,35.7234510800936,48.1439604944256,34.906335609924,62.8383721325955,34.6904144476204,31.224704524427,55.4959256128837,40.2891612139957,34.8805279056887,51.4223607737349,18.0072221137575,48.2037486670942,10.6859269370684,60.3198592781908,28.6572712061034,36.3140814845154,37.5290604720899,54.0033988913987,50.9805017942577,32.5616862579004,9.63451992937555
53.6307389122703,46.3499521485438,57.2637931907491,49.2402602699749,39.8354057756202,26.1576533367239,51.0132116774074,24.218585860457,32.144400123919,42.6683026794694,35.7234510800936,48.1439604944256,34.9253090196477,62.8383721325955,34.6904144476204,31.224704524427,55.4959256128837,40.2891612139957,34.9757271735641,51.4223607737349,18.0072221137575,48.2037486670942,10.6859269370684,60.3198592781908,28.8842908516585,36.3140814845154,37.5580530625996,54.043920443081,51.4344241771929,32.9175984554343,9.63451992937555
53.6307389122703,46.3499521485438,57.3549802246141,49.2402602699749,39.8958813725059,26.648842154112,51.0132116774074,24.8074779353202,32.144400123919,42.6683026794694,35.7234510800936,48.6983479838949,34.9253090196477,62.8383721325955,34.6904144476204,31.2300909063123,55.4959256128837,40.2891612139957,34.9757271735641,51.4223607737349,18.0081592212497,48.2037486670942,10.6879806110426,60.3198592781908,28.8842908516585,36.3625209025927,38.4314148238326,54.043920443081,52.0067412554411,32.9175984554343,9.65041740439686
53.6870672622283,46.3530947912456,57.3549802246141,49.2402602699749,40.075651389278,26.648842154112,51.1900920936863,25.183000720532,32.144400123919,42.688441467149,36.1843646927778,48.6983479838949,34.9430234092652,62.8383721325955,34.6904144476204,31.2300909063123,55.4995251131834,40.2891612139957,34.9757271735641,51.6176468702983,18.0081592212497,48.2037486670942,10.6879806110426,60.372480688058,28.8842908516585,36.4201681961632,38.4314148238326,54.043920443081,52.0067412554411,32.9175984554343,9.67549342627901
53.8279230663138,46.4209843972762,57.3549802246141,49.3090834154944,40.1733273667806,26.9237851070657,51.238664067763,25.183000720532,32.144400123919,42.688441467149,36.6453625016562,48.9159807963382,34.9430234092652,62.8566079572101,34.6904144476204,31.2679815965867,55.5084842574697,40.5312025390239,34.9757271735641,51.6176468702983,18.0081592212497,48.203916149659,10.6879806110426,60.3894408327558,28.9763753291741,36.4201681961632,38.93255445293,54.1661451764863,52.0067412554411,33.019192807845,9.67549342627901
53.8279230663138,46.4209843972762,57.3700491673833,49.3410028607224,40.2262387993184,27.0104146789188,51.238664067763,25.7335178647356,32.1477301666623,42.7229772736858,36.6453625016562,48.9159807963382,34.9430234092652,63.2100165387632,34.6904144476204,31.2903186590938,55.5084842574697,40.5312025390239,34.9757271735641,51.6176468702983,18.012243533205,48.2139466774567,10.6884259957347,60.3894408327558,28.9763753291741,36.4557327710829,38.93255445293,54.2952625373785,52.0654176926766,33.019192807845,9.70845502982397
54.0089452545787,46.4209843972762,57.3700491673833,49.3410028607224,40.2262387993184,27.0104146789188,51.3853690754345,26.0981692737957,32.1477301666623,42.8002006350083,37.0820495743428,48.9159807963382,35.0718577719649,63.2100165387632,34.7146190929102,31.3095723469153,55.5084842574697,40.6649186874711,35.0104935518828,51.8713032859314,18.012243533205,48.2139466774567,10.6884259957347,60.395348352091,28.9763753291741,36.4781645210678,38.93255445293,54.2952625373785,52.0654176926766,33.0811402211384,9.72387699439521
54.1007452853491,46.4438438646478,57.3700491673833,49.3487103349011,40.2549130097915,27.1638956110934,51.3853690754345,26.0981692737957,32.1477301666623,42.8002006350083,37.4234449420401,49.0921936603058,35.080118378615,63.2431272831566,34.7330919698252,31.3095723469153,55.5084842574697,41.0480168204501,35.0104935518828,51.8713032859314,18.0156630433984,48.2294654492442,10.6884259957347,60.591914976746,29.0095071712239,36.4781645210678,38.93255445293,54.2952625373785,52.0654176926766,33.6859259906267,9.72387699439521
54.1007452853491,46.4536848993068,57.3912741063507,49.3487103349011,40.5522159945924,27.1638956110934,51.3853690754345,26.625139371845,32.1477301666623,42.8002006350083,37.4234449420401,49.4933104119046,35.080118378615,63.2431272831566,34.7330919698252,31.3350567150475,55.5084842574697,41.0480168204501,35.0104935518828,51.8713032859314,18.0156630433984,48.2450943154128,10.6884259957347,60.591914976746,29.1509100332053,36.5526451111631,38.9517499559691,54.3634324543955,52.0654176926766,33.6859259906267,9.80146700312593
54.2419216358823,46.4621859321285,57.3912741063507,49.3487103349011,40.5522159945924,27.1638956110934,51.7340175537688,27.1959435089102,32.1479017697979,42.8848655808091,37.7975870124463,49.4933104119046,35.080118378615,63.2431272831566,34.760296506623,31.3350567150475,55.5177384545367,41.2379892619265,35.1533684347674,51.8713032859314,18.0156630433984,48.2450943154128,10.6884259957347,60.9518849827343,29.1509100332053,36.5572350020457,38.9517499559691,54.3634324543955,52.1455665780263,34.1848109262827,9.86647300376209
54.2952570485649,46.5264579126649,57.3912741063507,49.4905677398548,40.7316346543444,27.1638956110934,51.8668755501444,27.1959435089102,32.1479017697979,42.8848655808091,38.0632774714798,50.5425762602345,35.080118378615,63.3973267550134,34.760296506623,31.3350567150475,55.5177384545367,41.4382109296053,35.2328198841531,51.8713032859314,18.0156630433984,48.26141901571,10.6884259957347,60.9518849827343,29.1509100332053,36.5572350020457,38.9517499559691,54.4549844430944,52.1455665780263,34.9005453685129,9.86647300376209
54.2952570485649,46.5264579126649,57.3912741063507,49.4905677398548,41.124775978198,27.1638956110934,51.8668755501444,27.6269870211208,32.1479017697979,42.8848655808091,38.0632774714798,50.5425762602345,35.080118378615,63.4179657319975,34.760296506623,31.3426436082037,55.52069981266,41.4382109296053,35.2328198841531,51.8713032859314,18.0156630433984,48.2759440355268,10.6886981122809,60.9518849827343,29.1509100332053,36.7054571515629,39.3285998507609,54.6046022911301,52.3020458503528,34.9005453685129,9.94171319690385
54.4230925084094,46.5411313780634,57.3912741063507,49.4905677398548,41.124775978198,27.1638956110934,51.9630268775254,28.0291261966641,32.1479219728275,42.9227750374844,38.3817191954098,50.5425762602345,35.135178136321,63.4179657319975,34.8070398393666,31.3639762409613,55.52069981266,41.6116947110967,35.3731817438214,52.1553224321518,18.0156630433984,48.2759440355268,10.6886981122809,60.9518849827343,29.1509100332053,36.7726065583775,39.3285998507609,54.6046022911301,53.0206210437114,35.3754864111411,9.99336794898579
54.5688801052405,46.5722737059678,57.3912741063507,49.4905677398548,41.4777864228977,27.1638956110934,52.1757817488951,28.0291261966641,32.1479219728275,42.9227750374844,39.3175876009579,51.3395998178516,35.1666350239948,63.493041272105,34.8156926733457,31.3639762409613,55.52069981266,41.6517676785457,35.3731817438214,52.2348753348456,18.0160866261155,48.2919113538558,10.6886981122809,60.9518849827343,29.1686033408987,36.7726065583775,39.5492203063236,54.6834954473637,53.0206210437114,35.8971722654989,9.99336794898579
54.5688801052405,46.5722737059678,57.3912741063507,49.4905677398548,41.8643483362345,27.2035978475688,52.1757817488951,28.7095101874376,32.1487442258531,43.029615596497,39.3175876009579,51.3409935059818,35.1666350239948,63.493041272105,34.8156926733457,31.4177767612197,55.52069981266,41.6517676785457,35.3731817438214,52.2348753348456,18.0280411066287,48.3061539472686,10.6905254936671,60.9518849827343,29.1686033408987,36.8840262973976,39.6909708008272,54.724352718929,53.1721918257089,35.8971722654989,10.0688660571918
54.6623078944647,46.6044401299108,57.4994839241297,49.4905677398548,41.8643483362345,27.2035978475688,52.3223553884553,29.1169336383947,32.1487442258531,43.029615596497,39.8040596960417,51.3409935059818,35.2613925855508,63.493041272105,34.8222399100908,31.4523104182077,55.5215229091473,41.6517676785457,35.3731817438214,52.2348753348456,18.0280411066287,48.3061539472686,10.693314254243,60.9518849827343,29.1686033408987,36.9340244059636,39.6909708008272,54.724352718929,53.1721918257089,36.2877781062705,10.1151667403518
54.6882769205541,46.6395346320431,57.4994839241297,49.4905677398548,42.1686172583013,27.2916924106394,52.4244462453384,29.1169336383947,32.1487442258531,43.038157923357,40.1736454725776,51.7107836155145,35.2613925855508,63.7165942338538,34.8222399100908,31.4523104182077,55.5281460203445,41.664932605062,35.3731817438214,52.2348753348456,18.0753434163607,48.3308650728542,10.693314254243,61.3141847304396,29.3528011354431,36.9340244059636,40.7050463958524,54.7450978095563,53.1721918257089,36.393602092274,10.1151667403518
54.6882769205541,46.6395346320431,57.674057250135,49.5696940869267,42.3571332098281,27.2932814930801,52.4244462453384,29.8571600932193,32.1487442258531,43.038157923357,40.1736454725776,51.7107836155145,35.2613925855508,63.7975073343393,34.8222399100908,31.4777269443884,55.5281460203445,41.664932605062,35.3731817438214,52.2348753348456,18.0904495513265,48.3391726631916,10.694909770082,61.3141847304396,29.3528011354431,37.0455373428195,41.1392641120459,54.8795030105961,53.6284886049498,36.393602092274,10.167376670172
54.7152245734408,46.6923849963555,57.7235907091721,49.5696940869267,42.3571332098281,27.2932814930801,52.5107231979526,30.3663410616267,32.148757451817,43.0690438272921,40.1901731535742,51.7107836155145,35.2613925855508,64.028174122034,34.8326534782106,31.4777269443884,55.5281460203445,41.664932605062,35.395897918785,52.2406646575715,18.0904495513265,48.3391726631916,10.696347825708,61.6481256039252,29.3528011354431,37.0580917790815,41.1392641120459,54.8795030105961,53.6321915991091,36.393602092274,10.2523872982094
54.7273817840847,46.7214183413961,57.7235907091721,49.5696940869267,42.4702794578261,27.3239486873372,52.6107476094593,30.3663410616267,32.148757451817,43.0690438272921,40.3273660478652,51.8177263244079,35.3451749027507,64.1862991200462,34.8408064265778,31.4777269443884,55.5391200752865,41.664932605062,35.395897918785,52.2406646575715,18.0904495513265,48.3391787233438,10.696347825708,61.6481256039252,29.3528011354431,37.0580917790815,41.7505754481638,54.9969238472173,53.6321915991091,36.8238941289669,10.2523872982094
54.7273817840847,46.7373460843692,57.7622068375522,49.7410300017854,42.5298963855904,27.3618268080842,52.6260783334895,30.9435074014494,32.148757451817,43.0690438272921,40.3273660478652,51.8177263244079,35.3451749027507,64.1862991200462,34.8408064265778,31.5114600592279,55.5624801464277,41.664932605062,35.395897918785,52.2406646575715,18.102310231764,48.3391787233438,10.696347825708,61.6481256039252,29.3528011354431,37.0908982639477,42.0470442940053,55.2425297814653,54.2409735159576,36.8238941289669,10.3309748589385
54.7529454227018,46.8076435136854,57.7622068375522,49.7410300017854,42.5298963855904,27.3618268080842,52.7073287378375,31.5132363385672,32.1487604201893,43.0694341671942,40.9078654025978,51.8177263244079,35.3757071230958,64.286217649623,34.9092325207403,31.5114600592279,55.5624801464277,41.664932605062,35.395897918785,52.2406646575715,18.102310231764,48.3391787233438,10.6968503430679,61.6481256039252,29.3528011354431,37.1440290182206,42.0470442940053,55.2425297814653,54.2827858940178,37.2838156233317,10.4697069802792
54.838206721663,46.8076435136854,57.7622068375522,49.7809748395052,42.5853076164543,27.3818685533229,52.7912391660215,31.5132363385672,32.1487604201893,43.0694341671942,41.4022646245452,51.9889838848317,35.3757071230958,64.2970865502491,34.9092325207403,31.5114600592279,55.577162458517,41.7613318253469,35.4119076659439,52.2406646575715,18.1078659242668,48.3435822476361,10.6968503430679,61.6481256039252,29.3647944567107,37.1440290182206,42.0470442940053,55.416914100724,54.2827858940178,37.3718299555587,10.4697069802792
54.838206721663,46.8477566554028,57.7622068375522,49.8393113903495,42.8686747081324,27.3826343912558,52.7912391660215,31.898607311959,32.1487604201893,43.0694341671942,41.4022646245452,52.0236137521744,35.3757071230958,64.2970865502491,34.9092325207403,31.515843349854,55.577162458517,41.7613318253469,35.4119076659439,52.2406646575715,18.1088012654357,48.3606820886843,10.6968503430679,61.6481256039252,29.3647944567107,37.176480020331,42.6198461646143,55.5545075313441,54.2827858940178,37.3718299555587,10.5670836638017
54.85771435768,46.9260298096007,57.7910578726883,49.8393113903495,42.8686747081324,27.3826343912558,52.7938045998029,32.2926765067621,32.1487604201893,43.0884999005388,41.8738254474541,52.0236137521744,35.3855648095444,64.4174243618434,34.9351828899027,31.515843349854,55.5874696439619,41.8983104882741,35.4391704800089,52.2406646575715,18.1088012654357,48.3606820886843,10.6969903871738,61.6481256039252,29.3647944567107,37.2334260075734,43.9858908035219,56.0026066933525,54.4810230798045,37.4475140121437,10.6412398319092
54.948759775853,46.9260298096007,57.7910578726883,49.8710106910603,42.9124551726766,27.3826343912558,52.7938045998029,32.2926765067621,32.1487604201893,43.0954839666099,41.9789777648428,52.0236137521744,35.391457877953,64.4174243618434,34.9788836749794,31.515843349854,55.5874696439619,42.1133577180317,35.4605364437506,52.2406646575715,18.1088012654357,48.3606820886843,10.6969903871738,61.7968368582401,29.376101243121,37.2334260075734,43.9858908035219,56.0026066933525,54.4810230798045,37.4475140121437,10.6412398319092
54.948759775853,46.9942845232142,57.8878574000194,49.8710106910603,43.4120106311986,27.3826343912558,52.7938045998029,32.7589222208273,32.1487604201893,43.0954839666099,41.9789777648428,52.1170030742379,35.391457877953,64.442641327962,34.9788836749794,31.5230992834689,55.5874696439619,42.1133577180317,35.4605364437506,52.2406646575715,18.1088012654357,48.3606820886843,10.6969903871738,61.7968368582401,29.4143966186996,37.2748810275287,44.2928483089941,56.0026066933525,54.7431324459531,37.4475140121437,10.7328926185417
55.0809415491219,47.0209938096102,57.8878574000194,49.8710106910603,43.4120106311986,27.3826343912558,53.2819457551601,33.0477994886143,32.1515161456873,43.0954839666099,42.9877259643767,52.1170030742379,35.391457877953,64.4895102220791,35.0343349398245,31.5534690727498,55.5969810022833,42.1847320603058,35.4806264278769,52.2406646575715,18.1088012654357,48.3606820886843,10.6969903871738,61.7968368582401,29.4143966186996,37.620330943819,44.7544677013796,56.2910023780789,55.3027569941456,37.553709160195,10.7882774207183
55.129978599442,47.0209938096102,57.8878574000194,49.8710106910603,44.0380389576081,27.3852427363655,53.3089312905997,33.0477994886143,32.1515161456873,43.12042680151,43.4201292833984,52.1170030742379,35.4005033481108,64.4895102220791,35.11111165516,31.5534690727498,55.6077679267711,42.3643382592959,35.4887217539962,52.2406646575715,18.1088012654357,48.3639326110979,10.6969903871738,61.7968368582401,29.4664626788284,37.620330943819,44.7544677013796,56.3808967342992,55.3027569941456,37.6655769595602,10.7882774207183
55.129978599442,47.2469104562546,57.8893817010362,49.8710106910603,44.4519084913825,27.3852427363655,53.3089312905997,33.4476086228482,32.1515161456873,43.12042680151,43.4201292833984,52.1202714276976,35.4005033481108,64.4895102220791,35.11111165516,31.5534690727498,55.6077679267711,42.3643382592959,35.4887217539962,52.2406646575715,18.1156357566701,48.3780862054703,10.6969903871738,61.7968368582401,29.4664626788284,38.1361573744353,45.3947262069094,56.3808967342992,55.8385445175829,37.6655769595602,10.8654957962333
55.1689250832564,47.3242329778277,57.9970207680121,49.8710106910603,44.4519084913825,27.3852427363655,53.4426905522617,33.8764816072204,32.1529490240304,43.12042680151,44.3550512623541,52.1202714276976,35.4132741123576,64.5741307158476,35.1922374745023,31.5608941580915,55.6077679267711,42.5497229510727,35.4980314017279,52.2406646575715,18.1156357566701,48.3780862054703,10.6971470937884,61.7968368582401,29.4664626788284,38.162119502451,45.3947262069094,56.4351801903295,55.9496352821458,37.8438374923468,10.9270778852032
55.2124520500286,47.3242329778277,57.9970207680121,49.8710106910603,44.7264121203534,27.3852427363655,53.4957949928593,33.8764816072204,32.1529490240304,43.1481986927573,44.5187676487155,52.2427671187854,35.4199186111754,64.5741307158476,35.2243122416829,31.5608941580915,55.6156768316702,42.754523817055,35.4980314017279,52.2406646575715,18.1156357566701,48.5111700646632,10.6971470937884,61.7968368582401,29.4664626788284,38.162119502451,45.3947262069094,56.6021774153961,55.9496352821458,37.8438374923468,10.9270778852032
55.2124520500286,47.4801471261269,58.0958178092995,49.895481038058,44.9100538318927,27.385673201904,53.4957949928593,34.2853367665469,32.1539375304879,43.1481986927573,44.5187676487155,52.3143022326719,35.4199186111754,64.5741307158476,35.2243122416829,31.5608941580915,55.6209218732366,42.754523817055,35.4980314017279,52.2406646575715,18.1180263227209,48.5594956745538,10.6971470937884,61.7968368582401,29.4868789104331,38.1633880992763,45.3947262069094,56.6021774153961,56.4080684142076,37.8438374923468,11.0168576114435
55.2516671599269,47.5637756811898,58.131384864692,49.895481038058,44.9100538318927,27.385673201904,53.7762169640764,34.479606087746,32.154539950142,43.2351828775243,44.5666633545828,52.3143022326719,35.4199186111754,64.5741307158476,35.2243122416829,31.564694228545,55.6373033085551,43.125114195457,35.4998954763517,52.2406646575715,18.1180263227209,48.5594956745538,10.697481268514,61.7968368582401,29.4868789104331,38.1633880992763,45.5902580272024,56.6021774153961,56.6560420292317,37.9147301261896,11.0853368954517
55.2516671599269,47.5637756811898,58.131384864692,49.895481038058,45.0992281394893,27.385673201904,55.3696812452453,34.479606087746,32.154539950142,43.2351828775243,44.8303215385585,52.4278770620921,35.4207479531478,64.5741307158476,35.3407708758821,31.564694228545,55.6373033085551,43.1342444243179,35.4998954763517,52.2541788042325,18.1194629249668,48.7657159633916,10.6992174583057,61.7968368582401,29.4868789104331,38.1633880992763,45.899741030706,56.9477954385565,56.6560420292317,38.0676648623545,11.0853368954517
55.2516671599269,47.6600106552992,58.172103797639,49.895481038058,45.2539581409115,27.3926000741303,55.3696812452453,34.479606087746,32.1549162089903,43.2351828775243,44.8303215385585,52.4279518787435,35.4207479531478,64.5741307158476,35.3407708758821,31.564694228545,55.6416828554131,43.1342444243179,35.4998954763517,52.2541788042325,18.120027426028,48.8723401006115,10.6992174583057,61.7968368582401,29.4868789104331,38.6328398684576,46.2284571602415,56.9477954385565,56.9166806271095,38.0676648623545,11.2570982853494
55.2516671599269,47.8257788614187,58.1953988435435,49.895481038058,45.2539581409115,27.3963120367744,55.9632527402303,34.5643361179376,32.1553617758498,43.2489987267318,44.8303215385585,52.5068522143589,35.4922811945389,64.5938184865065,35.3407708758821,31.5704329941528,55.6416828554131,43.4577730389313,35.5076061474784,52.2658068090801,18.120027426028,48.8723401006115,10.699324995395,61.8297469887627,29.5078592477059,38.8897956639694,46.2284571602415,57.2331362753892,57.1230600468761,38.1282622630515,11.3753023840578
55.2516671599269,47.8257788614187,58.1953988435435,49.9069466461166,45.4541325371591,27.398932573574,56.0673609165645,34.5643361179376,32.1553617758498,43.2489987267318,44.9066239224014,52.6006631668586,35.9508043425701,64.5938184865065,35.3537009565891,31.5704329941528,55.6416828554131,43.6103589404649,35.5076061474784,52.2675137561737,18.120027426028,48.8930863073098,10.699729697831,61.8297469887627,29.5638727369984,38.8897956639694,46.7079577523091,57.6730204088053,57.1230600468761,38.2848080560087,11.3753023840578
55.2516671599269,47.9185193001881,58.2286994395071,49.9470832930051,45.4545997082912,27.398932573574,56.0673609165645,34.604007510106,32.1560932758059,43.2489987267318,44.9066239224014,52.6006631668586,35.9508043425701,64.5938184865065,35.3537009565891,31.5717118779057,55.6416828554131,43.6103589404649,35.5076061474784,52.2675137561737,18.1254989474851,49.0115269857322,10.699729697831,61.8297469887627,29.5638727369984,38.8897956639694,46.7079577523091,57.6730204088053,57.1230600468761,38.2848080560087,11.5017731673631
55.3221442459078,47.9791644328296,58.2516072048175,49.9470832930051,45.6728088032784,27.398932573574,56.0673609165645,34.7122897130203,32.1561468015708,43.2500608646198,45.2708449279571,52.6599677060871,35.9508043425701,64.5938184865065,35.3938873966086,31.5717118779057,55.652117264309,43.6103589404649,35.5076061474784,52.3122606365055,18.1254989474851,49.0115269857322,10.699729697831,61.8297469887627,29.60694617042,38.8897956639694,46.7079577523091,57.9996467907362,57.1230600468761,38.3713741800159,11.6424185171484
55.3221442459078,47.9791644328296,58.2516072048175,50.2444383298819,45.6728088032784,27.398932573574,56.3493881901939,34.8358847641411,32.1561468015708,43.2500608646198,45.3736035544947,52.6866416018916,36.0799145742999,64.5938184865065,35.4231789321872,31.5717118779057,55.6585833982954,43.6103589404649,35.5139948264999,52.3196816631334,18.1254989474851,49.2146102846131,10.699729697831,62.0540969078548,29.6303128531115,38.8897956639694,46.7079577523091,58.2224556063474,57.1230600468761,38.3713741800159,11.6424185171484
55.363330486699,48.1263035307166,58.2678129779796,50.4122747614802,45.6728088032784,27.398932573574,56.3493881901939,34.8358847641411,32.1561704995062,43.2500608646198,45.3736035544947,52.6866416018916,36.0799145742999,64.5938184865065,35.4231789321872,31.573382306023,55.6585833982954,43.6103589404649,35.5139948264999,52.3196816631334,18.1254989474851,49.5579985738396,10.699729697831,62.0540969078548,29.6303128531115,38.9355507061313,46.7342116798462,58.2224556063474,57.1230600468761,38.3713741800159,11.6801589526364
55.4002672093642,48.1752797139913,58.2924700404289,50.4122747614802,45.6728088032784,27.4006504568116,56.3493881901939,34.9205402720805,32.1566141716711,43.3030837069846,45.6954122943426,52.7669275392902,36.0799145742999,64.6122250035988,35.4707777746261,31.573382306023,55.6626895548611,43.6103589404649,35.5147266275292,52.3282061818707,18.1254989474851,49.5579985738396,10.6998314287619,62.0540969078548,29.7328786406541,39.1484716318608,46.7342116798462,58.374572237751,57.1230600468761,38.4792445037383,11.7581375154296
55.4002672093642,48.1752797139913,58.2924700404289,50.5111505313421,45.6728088032784,27.4094014509571,56.9404124581462,35.2256250265429,32.1566141716711,43.3030837069846,46.0252478753346,52.7875600542644,36.1905488998701,64.6122250035988,35.4963035197018,31.573382306023,55.6671339570365,43.619865574423,35.5163551772613,52.331264710784,18.1260451307182,49.7720333194214,10.6998682430651,62.0540969078548,29.7328786406541,39.1484716318608,46.7898567156763,58.523804356005,57.1230600468761,38.4922615093497,11.7581375154296
55.467518293961,48.1991182700866,58.3076206714721,50.627900617926,45.8677171264792,27.4100633344898,56.9404124581462,35.2256250265429,32.1572403244644,43.3030837069846,46.0252478753346,52.7875600542644,36.1905488998701,64.6122250035988,35.4963035197018,31.573382306023,55.670167230204,43.619865574423,35.5163551772613,52.331264710784,18.1260451307182,49.9160540729663,10.6998682430651,62.0540969078548,29.7328786406541,39.1622118795754,46.9342915245833,58.523804356005,57.1230600468761,38.4922615093497,11.8586888552232
55.5318248699404,48.2351269374855,58.3292969645304,50.627900617926,45.8677171264792,27.4198195010486,57.383092632081,35.3885510933722,32.1578368841703,43.3163881056069,46.2738239542582,52.7875600542644,36.2676540503883,64.6175035700244,35.4993280886656,31.573382306023,55.6755597625913,43.7118774418839,35.5182631759266,52.331264710784,18.1260451307182,49.9160540729663,10.6999513528074,62.1091169369295,29.7762802218796,39.1654745019923,46.9342915245833,58.5616730095178,57.21685001788,38.756662316929,12.0072175977989
55.5318248699404,48.2351269374855,58.3292969645304,50.6317595795909,45.8677171264792,27.4198195010486,58.1768571390075,35.8881068597613,32.1578368841703,43.3163881056069,47.0848403881416,52.7875600542644,36.2742132693066,64.6175035700244,35.4993280886656,31.573382306023,55.6822752998465,43.8424573678126,35.5186989849415,52.332890792114,18.1260451307182,49.9245822490056,10.6999641244169,62.1091169369295,29.7889077613542,39.1654745019923,46.9625023036962,58.7480031786771,57.21685001788,38.9215447597382,12.0072175977989
55.6438086457829,48.2934001705272,58.3437022930813,50.8785109886576,45.8677171264792,27.4198195010486,58.3121352578453,35.8881068597613,32.1585016718464,43.3163881056069,47.0848403881416,52.7875600542644,36.2742132693066,64.6175035700244,35.4993280886656,31.5746981307212,55.6822752998465,43.8424573678126,35.5186989849415,52.3493021026918,18.1260451307182,49.9263500092919,10.6999641244169,62.1091169369295,29.7889077613542,39.1654745019923,47.0543778568807,58.7480031786771,57.2184408590678,38.9215447597382,12.0911206131221
55.6740944517117,48.2948231094249,58.3570638026968,50.8785109886576,45.91189199738,27.4198195010486,58.552436612755,36.1684598006035,32.1597778349717,43.321920427652,47.6031218321984,52.8343703286028,36.3347024252762,64.6175035700244,35.5124838512795,31.5746981307212,55.6899528970788,43.9909287989709,35.5186989849415,52.3531464920621,18.1260451307182,49.9263500092919,10.6999641244169,62.1091169369295,29.8140227916056,39.2202448540937,47.0543778568807,58.881689997652,57.3339305165504,39.0154949488334,12.1875103535982
55.6740944517117,48.2948231094249,58.3570638026968,51.2503229544449,45.91189199738,27.4198195010486,58.552436612755,36.4776930698446,32.1597778349717,43.3403467348481,48.2804597713284,52.9298264003686,36.3347024252762,64.6175035700244,35.5225984047945,31.5746981307212,55.6942036908853,44.0344540764366,35.5205269960142,52.3531464920621,18.1260451307182,49.9284749571775,10.6999785003122,62.1091169369295,29.8278890074504,39.2202448540937,47.0876883812067,58.942706705574,57.3339305165504,39.0696490477445,12.1875103535982
55.6856902713748,48.2948231094249,58.3625704811947,51.3931325822595,46.0120885746072,27.4198195010486,58.769839691661,36.4776930698446,32.160535453275,43.3403467348481,48.2804597713284,52.9298264003686,36.3347024252762,64.617949125057,35.5225984047945,31.5751821459378,55.6942036908853,44.0344540764366,35.5205269960142,52.359079058578,18.1260451307182,49.9373407327652,10.6999785003122,62.1091169369295,29.8278890074504,39.2652869167254,47.0876883812067,58.942706705574,57.3813590025028,39.0696490477445,12.2006242331683
55.7858798174539,48.3176389777121,58.3642674254105,51.3931325822595,46.194548394854,27.4199902540182,58.769839691661,36.6735702077022,32.1610984730275,43.342311889832,49.0894322302892,52.9781767655057,36.3347024252762,64.617949125057,35.6235850039431,31.5751821459378,55.7016374019226,44.101319945909,35.5219094353699,52.359079058578,18.1260451307182,49.9373407327652,10.6999785003122,62.1428575643843,29.8855401202703,39.313642772592,47.0876883812067,58.9637131696084,57.5680196643097,39.10138169211,12.492125641119
55.7858798174539,48.3176389777121,58.3642674254105,51.3931325822595,46.194548394854,27.4199902540182,58.769839691661,37.0670985531162,32.1610984730275,43.3473329786428,49.5768699019187,53.0179431488235,36.3347024252762,64.617949125057,35.6488055535764,31.5751821459378,55.7092018249013,44.101319945909,35.5219094353699,52.359079058578,18.1260451307182,49.9648775640529,10.6999785003122,62.2087030161873,29.908203422325,39.313642772592,47.1314836233231,58.9875906139064,57.5680196643097,39.1203555624013,12.492125641119
55.8272787757518,48.340538747944,58.3649494174009,51.4970137059465,46.25847230347,27.4199902540182,58.769839691661,37.0670985531162,32.1617777795176,43.3473329786428,49.5768699019187,53.0179431488235,36.3347024252762,64.6371218092812,35.6488055535764,31.5756693195223,55.7246076824962,44.101319945909,35.5219094353699,52.3663861849444,18.1260451307182,49.9745517961602,10.6999785003122,62.2087030161873,29.908203422325,39.313642772592,47.1314836233231,58.9875906139064,57.5680196643097,39.1203555624013,12.7094521567489
55.8769172598208,48.3619768643309,58.3679140142234,51.4970137059465,46.397163845503,27.4199902540182,58.769839691661,37.2915585883142,32.162133870846,43.3479650979399,50.1546187222816,53.036309760255,36.3467478241513,64.660377935953,35.6895395983793,31.5834391399482,55.7288737536956,44.1643292428004,35.5219094353699,52.3721183191179,18.1260451307182,49.9745517961602,10.7000060683109,62.2538913474629,29.9546625674267,39.4055883704674,47.1314836233231,59.0547427239189,57.6500262626427,39.3260499124242,12.9264855222461
55.8769172598208,48.3619768643309,58.3679140142234,51.5732459422346,46.397163845503,27.4199902540182,58.769839691661,37.6032049934143,32.162133870846,43.3479650979399,50.6888362116526,53.4409382135981,36.3467478241513,64.660377935953,35.7246782655361,31.5834391399482,55.7336222219274,44.2421540343434,35.5220634956145,52.3721183191179,18.1260451307182,49.9745517961602,10.7000113922725,62.2538913474629,29.9798500682613,39.4055883704674,47.1314836233231,59.0994900105748,57.6500262626427,39.4881117482994,12.9264855222461
55.9952924021619,48.3800023998929,58.4056945919258,51.8428944683932,46.5340092770832,27.4199902540182,58.769839691661,37.6032049934143,32.1635064720773,43.3479650979399,50.6888362116526,53.5375663792226,36.3467478241513,64.6616298350994,35.7246782655361,31.6037871459037,55.7386402102579,44.2421540343434,35.5220634956145,52.397910838136,18.1261795464151,49.9745517961602,10.7000113922725,62.2538913474629,29.9798500682613,39.4055883704674,47.1314836233231,59.0994900105748,57.6724376477693,39.4881117482994,13.1029951654521
56.1209547895881,48.387984312124,58.4726115298397,51.8428944683932,46.5340092770832,27.4199902540182,59.0434516751361,37.78771117459,32.1638048081616,43.3497124959715,50.9391316843666,53.6818836152646,36.3584300680085,64.6751871514828,35.7246782655361,31.6098838210806,55.744684051705,44.4146540757863,35.5228757932941,52.4269076949032,18.1261795464151,49.9745517961602,10.7000113922725,62.2585598982505,29.9922991316778,39.4055883704674,47.1314836233231,59.1500289783246,57.6928760340803,39.5943285944811,13.3088082804995
56.1209547895881,48.387984312124,58.4726115298397,52.049605597574,46.5340092770832,27.4204871754265,59.5492322595331,38.0052830122699,32.1638048081616,43.3497124959715,51.7136237451834,53.8074203387111,36.3608369322804,64.6751871514828,35.7511395399954,31.6098838210806,55.744684051705,44.5507259325238,35.5228757932941,52.4269076949032,18.1262116731529,49.9745517961602,10.7000113922725,62.2585598982505,30.0594523133322,39.4055883704674,47.1314836233231,59.2818934090081,57.6928760340803,39.6759397685134,13.3088082804995
56.1428041663055,48.3910139710854,58.475155623267,52.1930359495709,46.6795414384248,27.4204871754265,59.5492322595331,38.0052830122699,32.1644641978897,43.3497124959715,51.7136237451834,53.9020463654536,36.3608369322804,64.6844528903356,35.7511395399954,31.6146323812229,55.7482828759177,44.5507259325238,35.5228757932941,52.4334719110032,18.1266016113405,49.9745517961602,10.7000113922725,62.2585598982505,30.0594523133322,39.4055883704674,47.1559155622881,59.2818934090081,57.7147116170005,39.6759397685134,13.4075507255486
56.1428041663055,48.3973484132494,58.4761213637506,52.1930359495709,46.6795414384248,27.4204871754265,59.5641647947079,38.2893193300386,32.1644641978897,43.3497124959715,52.134760147806,53.9020463654536,36.3608369322804,64.6908769279441,35.7511395399954,31.6146323812229,55.7482828759177,44.6990786647307,35.5228757932941,52.4334719110032,18.1266016113405,49.9745517961602,10.7000113922725,62.2633754273404,30.0926902953827,39.4553797620907,47.1559155622881,59.3379193886187,57.7147116170005,40.1348777263918,13.5512104830545
56.1589140506193,48.3973484132494,58.4823607605292,52.4357121120129,46.6795414384248,27.4265954223834,59.632583130216,38.6092808358376,32.1644641978897,43.3506649780826,52.2645805846728,53.9962522587986,36.3657233061509,64.6908769279441,35.7511395399954,31.6146323812229,55.7534334263285,44.7371304795757,35.5228757932941,52.4334719110032,18.1266016113405,49.9825011888907,10.7000287725336,62.2663823956176,30.1261566097385,39.4553797620907,47.1559155622881,59.3467771339502,57.7147116170005,40.3271828770547,13.5986637109927
56.2283438021374,48.402189453965,58.4893958937826,52.4357121120129,46.6795414384248,27.4265954223834,59.632583130216,38.6092808358376,32.1658057784569,43.3506649780826,52.2645805846728,54.0338077263227,36.3657233061509,64.6983425900353,35.7511395399954,31.6146323812229,55.7570170655888,44.7371304795757,35.5228757932941,52.4337030153028,18.1271455071553,49.9825011888907,10.7000287725336,62.2663823956176,30.1261566097385,39.4727772295193,47.1559155622881,59.3467771339502,57.7577975915057,40.3271828770547,13.6245609557423
56.3303336469486,48.4147640977232,58.5006081681994,52.4357121120129,46.6795414384248,27.4299821550501,59.7163732708564,38.968838394744,32.1658057784569,43.3522341005962,52.2645805846728,54.0338077263227,36.3657233061509,64.7029908473852,35.7511395399954,31.6146323812229,55.7602221320439,44.8836925316496,35.5230798428119,52.435993798841,18.1271455071553,49.9825011888907,10.7000287725336,62.2689268277645,30.1261566097385,39.5157424366386,47.1559155622881,59.3820733250167,57.8270141822542,40.6568890055724,13.6245609557423
56.3303336469486,48.4147640977232,58.5006081681994,52.4357121120129,46.6795414384248,27.4299821550501,59.7163732708564,39.2090387002672,32.1658057784569,43.3522341005962,52.9069590480891,54.0338077263227,36.3679334045604,64.7029908473852,35.7711380927725,31.6146323812229,55.7602221320439,44.9285525374504,35.5231509856392,52.435993798841,18.1273035039292,49.9825011888907,10.7000287725336,62.2933683784509,30.1349148742157,39.5157424366386,47.1559155622881,59.3820733250167,57.8270141822542,40.9005375489743,13.6245609557423
56.3303336469486,48.4232878724715,58.5006081681994,52.5714755493211,46.6795414384248,27.4299821550501,59.7842847642378,39.5475672463158,32.1658057784569,43.3522341005962,52.9069590480891,54.092755069402,36.3679334045604,64.7178345130916,35.7711380927725,31.6146323812229,55.7651483674075,44.9285525374504,35.5231509856392,52.435993798841,18.1275547758957,49.9825011888907,10.7000287725336,62.2933683784509,30.1349148742157,39.5377655099033,47.1821262317854,59.3894918011163,57.8367519988264,40.9005375489743,13.6254819592531
56.3512117442033,48.4277987015182,58.5006081681994,52.5714755493211,46.6795414384248,27.4299821550501,59.8535759107936,39.7335904669124,32.1658057784569,43.3522341005962,52.9832549271899,54.3026024261364,36.3679334045604,64.7178345130916,35.8017361336611,31.6279166130695,55.7683249409603,45.0212541216649,35.5231509856392,52.4622473235031,18.1275547758957,49.9825011888907,10.7000861798341,62.3068752429692,30.1349148742157,39.5487699782198,47.1821262317854,59.4060776277296,58.1104441614152,41.2435492392382,13.6254819592531
56.3512117442033,48.4277987015182,58.5131042796145,52.5714755493211,46.6795414384248,27.430135982433,59.8535759107936,39.7335904669124,32.1658057784569,43.3588158467822,52.9847334436312,54.3026024261364,36.3707702312672,64.7320777568342,35.8281475315575,31.6279166130695,55.7683249409603,45.1673368623845,35.5232498040525,52.4622473235031,18.1280318033833,49.9911953165231,10.7000861798341,62.3132367492068,30.1349148742157,39.5487699782198,47.1821262317854,59.4060776277296,58.1104441614152,41.545406813083,13.6254819592531
56.3512117442033,48.435890125772,58.5131042796145,52.6320011252404,46.9832232254195,27.430135982433,59.8535759107936,39.9001290356137,32.1658057784569,43.3588158467822,52.9847334436312,54.3026024261364,36.3707702312672,64.7513506941949,35.8281475315575,31.6359999921362,55.7683249409603,45.1673368623845,35.5232498040525,52.4870716558883,18.1290037204198,50.0021665413271,10.7000861798341,62.3132367492068,30.1349148742157,39.5883948224667,47.1821262317854,59.4199336316841,58.2058556461952,41.545406813083,13.6254819592531
56.4004832208167,48.4405052572816,58.5131042796145,52.6320011252404,46.9832232254195,27.430135982433,59.8535759107936,40.1209408141525,32.1661650782646,43.3609651390202,53.1469926037489,54.4144830750722,36.3707702312672,64.7676853317899,35.8306132741118,31.6424861512328,55.7740586536679,45.2922867387532,35.5232498040525,52.4944043607064,18.1290037204198,50.0021665413271,10.7000861798341,62.3357561615766,30.1398452350657,39.6248469514542,47.1821262317854,59.4710951378821,58.3182102729987,41.8555155437946,13.6254819592531
56.4321647518465,48.4405052572816,58.5214134819192,52.6873408172298,47.2562755869877,27.430135982433,59.8535759107936,40.2755338197628,32.1661650782646,43.3742204057397,53.1775114546585,54.4144830750722,36.3736045082172,64.7991590639266,35.8347173778749,31.6424861512328,55.7907338936494,45.4022161271634,35.5236613850083,52.4944043607064,18.1290037204198,50.0021665413271,10.7000861798341,62.3432576726874,30.1605064670385,39.6248469514542,47.1821262317854,59.4710951378821,58.3182102729987,42.4608633107884,13.6254819592531
56.4321647518465,48.4522412592102,58.5214134819192,52.7831019366626,47.4353658165797,27.430135982433,59.8535759107936,40.2755338197628,32.1661650782646,43.3742204057397,53.1775114546585,54.5021671426729,36.3736045082172,64.8172462086701,35.8347173778749,31.6444327636389,55.7907338936494,45.4022161271634,35.5236613850083,52.5052524296795,18.1290037204198,50.0021665413271,10.7000861798341,62.3432576726874,30.1605064670385,39.6248469514542,47.1821262317854,59.4936352813798,58.3182102729987,42.4608633107884,13.6378289014962
56.4321647518465,48.4522412592102,58.5214134819192,52.7831019366626,47.4353658165797,27.4303766062686,59.8535759107936,40.727594654305,32.1662704627136,43.3830050567622,53.9867566293688,54.5741321010565,36.3736045082172,64.8307067843409,35.8347173778749,31.6444327636389,55.7989579972099,45.5572779010619,35.5239644559875,52.522291410424,18.1290037204198,50.0021665413271,10.7000861798341,62.4343676285161,30.1763608227365,39.6248469514542,47.1821262317854,59.5198247773638,58.4255825147911,42.9875052136657,13.6378289014962
56.4321647518465,48.4522412592102,58.5312447918511,52.8000777728263,47.5794687094529,27.4307640343071,59.8535759107936,40.727594654305,32.1662704627136,43.3830050567622,54.400587478108,54.5741321010565,36.3736045082172,64.8398870316062,35.8347173778749,31.6444327636389,55.7989579972099,45.6195032893256,35.5239644559875,52.522291410424,18.129600557105,50.0085387725929,10.7000861798341,62.4710210627066,30.2178248644294,39.6248469514542,47.1821262317854,59.5198247773638,58.4255825147911,43.5357023088593,13.6378289014962
56.4321647518465,48.4558534020738,58.5312447918511,52.8000777728263,47.5794687094529,27.4307640343071,59.8535759107936,40.7994603104925,32.1662704627136,43.3830050567622,54.400587478108,54.6672248608952,36.3736045082172,64.8501143712597,35.8347173778749,31.6450342315384,55.7989579972099,45.6195032893256,35.5239644559875,52.6289875855055,18.129600557105,50.0259288003355,10.7000861798341,62.4710210627066,30.2178248644294,39.6866989765414,47.1821262317854,59.5399274794413,58.5005460152229,43.5357023088593,13.6378289014962
56.4380164927556,48.4558534020738,58.5354243187363,52.8000777728263,47.5794687094529,27.4310061769097,59.8535759107936,40.9775230559541,32.1666152740215,43.3857480077952,54.5874924125,54.6997538605891,36.3799862589249,64.8531346143187,35.9187927175637,31.6468349849283,55.7989579972099,45.7128978220372,35.5240076815127,52.6800914405742,18.129600557105,50.0259288003355,10.7000861798341,62.5687712073823,30.2223574676583,39.6866989765414,47.1821262317854,59.5432491269193,58.5005460152229,43.8136451030104,13.6378289014962
56.4515895869336,48.459367172634,58.5431592527619,52.8885297317062,47.8476378666675,27.4310061769097,59.8535759107936,41.4881709195981,32.1666152740215,43.3857480077952,54.8443546663658,54.7193793618134,36.3896039680797,64.8531346143187,35.9694571551803,31.6468349849283,55.8085124174381,45.7919177731961,35.5240076815127,52.6800914405742,18.1298370458707,50.031789868775,10.700132864273,62.619024537331,30.2434544478441,39.6866989765414,47.1821262317854,59.5432491269193,58.5005460152229,44.7037235279346,13.6378289014962
56.4515895869336,48.4681158630107,58.5431592527619,52.8895877779479,48.4771807008767,27.4310061769097,59.8535759107936,41.7300771768942,32.1666152740215,43.3857480077952,54.8443546663658,54.7193793618134,36.3896039680797,64.8531346143187,35.9694571551803,31.6468349849283,55.8158264080949,45.7919177731961,35.5240076815127,52.715089327488,18.1298370458707,50.031789868775,10.700132864273,62.619024537331,30.2434544478441,39.6866989765414,47.1821262317854,59.5546486333944,58.5427971538008,44.7037235279346,13.6378289014962
56.4515895869336,48.4681158630107,58.5431592527619,52.8895877779479,48.4771807008767,27.4310061769097,59.8535759107936,41.7300771768942,32.1666152740215,43.3857480077952,54.9073797764707,54.7536075459941,36.3928492880227,64.8531346143187,36.077755972583,31.6468349849283,55.8158264080949,45.8979353865951,35.5241079074787,52.7815928425138,18.1298370458707,50.035720100414,10.700132864273,62.733270041668,30.2667990098211,39.7124857862027,47.1821262317854,59.5605241278354,58.5427971538008,44.8909583847484,13.6378289014962
56.4515895869336,48.4748481309131,58.5431592527619,52.8895877779479,48.6384317573404,27.4310061769097,59.8535759107936,42.8813416409416,32.1666152740215,43.3893969122379,55.0588315052583,54.7536075459941,36.3940810977946,64.8531346143187,36.1793979869501,31.6468349849283,55.830430485039,46.0385931271977,35.5241079074787,52.7815928425138,18.1298370458707,50.035720100414,10.700132864273,62.7777551812498,30.321931731356,39.7124857862027,47.1821262317854,59.5605241278354,58.5427971538008,44.9521402290448,13.6380794647961
56.4515895869336,48.4791373023192,58.5431592527619,52.8895877779479,48.8864837302893,27.4310061769097,59.9531043896534,43.7258722216472,32.1666358965167,43.3893969122379,55.0588315052583,54.7704421416808,36.3940810977946,64.8531346143187,36.1793979869501,31.6468349849283,55.8428842296158,46.0385931271977,35.5241079074787,52.8215656209604,18.1298370458707,50.0424112165511,10.700132864273,62.7777551812498,30.321931731356,39.7769311675284,47.1821262317854,59.5754872816555,58.5427971538008,44.9521402290448,13.6404687649471
56.4823112617735,48.4791373023192,58.5431592527619,52.8895877779479,48.8864837302893,27.4321380987185,59.9741937127494,43.7258722216472,32.1666385272196,43.3905658718648,55.0588315052583,54.8203363115673,36.3940810977946,64.8586458480833,36.2395398914489,31.6468349849283,55.8552523262789,46.1453756071381,35.5241116479843,52.8263849717655,18.1298370458707,50.0429963727097,10.700132864273,62.8416873644125,30.3597667592052,39.8477622399068,47.1821262317854,59.575872530728,58.5427971538008,45.0742084073375,13.6404687649471
56.5038246746086,48.4848569342922,58.5431592527619,52.9255830320743,49.1817416591913,27.4323578209038,59.9741937127494,44.9459494196624,32.1666385272196,43.3912228773414,55.1284488720953,54.8385119868939,36.3941493491795,64.8630466596836,36.3885367004529,31.6468349849283,55.8552523262789,46.4072154840281,35.5244441781063,52.8263849717655,18.1299554796288,50.0440974219323,10.700132864273,62.9126600780709,30.444086848919,39.8477622399068,47.1821262317854,59.575872530728,58.5427971538008,45.2298355808398,13.6410431708948
56.5038246746086,48.48833537115,58.5431592527619,52.9255830320743,49.1817416591913,27.4323578209038,59.9741937127494,45.2826946752845,32.1666385272196,43.3912228773414,55.1284488720953,54.9112128260986,36.3941493491795,64.8630466596836,36.3885367004529,31.6515990544453,55.8699415396416,46.4072154840281,35.5244441781063,52.8263849717655,18.1299554796288,50.0440974219323,10.700132864273,62.9126600780709,30.444086848919,39.8924217236569,47.1821262317854,59.575872530728,58.5427971538008,45.2298355808398,13.6410431708948
56.5131676032749,48.48833537115,58.5431592527619,52.9255830320743,49.1817416591913,27.4331117884274,59.9741937127494,45.2826946752845,32.1666385272196,43.3912228773414,55.2270997202279,54.9112128260986,36.3951299425552,64.8735601069729,36.4505668924384,31.6515990544453,55.8821830714775,46.5685867516164,35.5244954654701,52.8950259207617,18.1299554796288,50.055005016301,10.700132864273,62.9518831304869,30.5054027751045,39.9522237391917,47.1821262317854,59.575872530728,58.5784385050083,45.3587050219814,13.6410431708948
56.5165914644682,48.4888362564466,58.5431592527619,52.9255830320743,49.2171591066396,27.4332818712916,59.9741937127494,45.2826946752845,32.1666385272196,43.3912228773414,55.2270997202279,54.9181391310703,36.396614340746,64.8735601069729,36.5416739011999,31.6515990544453,55.9057428639147,46.6570348664282,35.5255717938434,52.8950259207617,18.1299719141969,50.055005016301,10.700132864273,63.0163751738834,30.5638420777011,39.9522237391917,47.210984224868,59.5775144807197,58.5784385050083,45.3587050219814,13.6410666765456
56.5165914644682,48.4908009149849,58.5431592527619,52.9255830320743,49.2171591066396,27.4332818712916,59.9973526656683,46.196360611086,32.1666385272196,43.3912228773414,55.2270997202279,54.9181391310703,36.396614340746,64.8735601069729,36.5416739011999,31.6537992268183,55.9246167676267,46.6570348664282,35.5255717938434,52.9650941727534,18.1299719141969,50.055005016301,10.700132864273,63.0163751738834,30.5638420777011,40.0118440380518,47.210984224868,59.5795554375697,58.6048407224446,45.3587050219814,13.6410666765456
56.5172802877827,48.4908009149849,58.5431592527619,52.9255830320743,49.2171591066396,27.4334131216227,60.0405845510434,46.196360611086,32.1666385272196,43.3919001019394,55.2270997202279,54.9181391310703,36.396614340746,64.8851535346346,36.6097045362722,31.6537992268183,55.9337601641255,46.7167016508665,35.5256170443279,53.0531102921388,18.1299719141969,50.0559646523675,10.700132864273,63.4188097689948,30.5803933226596,40.0353455133854,47.210984224868,59.5795554375697,58.6293229522445,45.4011438511836,13.6410666765456
56.5172802877827,48.4908009149849,58.5431592527619,52.9255830320743,49.2627505251857,27.4336003312458,60.0405845510434,47.0034276628798,32.1666385272196,43.3919001019394,55.2270997202279,54.9181391310703,36.3969443232092,64.9130132437139,36.6784648731931,31.6537992268183,55.939992287979,46.8134532836069,35.5256170443279,53.0531102921388,18.1299719141969,50.0559646523675,10.700132864273,63.791697575267,30.6927135385313,40.0353455133854,47.210984224868,59.5854357024051,58.6293229522445,45.4011438511836,13.6410666765456
56.5172802877827,48.4909289884188,58.5431592527619,52.9255830320743,49.4526273305471,27.4336003312458,60.0770930967907,47.3707592793253,32.1666385272196,43.3919001019394,55.2270997202279,54.9181391310703,36.3969443232092,64.9130132437139,36.7202862904523,31.6547161968114,55.9535296022265,46.8134532836069,35.5256170443279,53.1147930899429,18.1299719141969,50.0559646523675,10.700132864273,63.791697575267,30.6927135385313,40.3700397245945,47.2384200660782,59.5890967385203,58.6723288024948,45.7487116496991,13.6410666765456
56.5174088187963,48.4909289884188,58.5431592527619,52.9255830320743,49.4526273305471,27.4336219334977,60.0770930967907,47.3707592793253,32.1666385272196,43.392510328804,55.3648592408384,54.9181391310703,36.3970967429864,64.9364591417914,36.8224329905148,31.6547161968114,55.9535296022265,47.0729939212227,35.5257644430153,53.1469213709967,18.1299719141969,50.0559646523675,10.700132864273,63.873862435492,30.7770924163564,40.6029240593021,47.2384200660782,59.5890967385203,58.6723288024948,45.8575761602983,13.6410666765456
56.5174088187963,48.4919021148877,58.5431592527619,52.9255830320743,49.4526273305471,27.4336219334977,60.0770930967907,47.6844763955605,32.1666385272196,43.397003816815,55.4882897250026,54.9181391310703,36.3970967429864,64.9588039533734,36.8224329905148,31.6547161968114,55.9597915639183,47.2302348882668,35.5262500141579,53.1469213709967,18.1299719141969,50.0559646523675,10.700132864273,64.5021328683741,30.886109947985,40.6029240593021,47.2384200660782,59.5890967385203,58.6723288024948,45.8676508073393,13.6440056515973
56.5174088187963,48.4945775551399,58.5431592527619,52.9255830320743,49.4526273305471,27.4336219334977,60.1195966097308,48.0503844811292,32.1666385272196,43.397003816815,55.4882897250026,54.9181391310703,36.3970967429864,64.9588039533734,36.9398322288211,31.6547161968114,55.9650584405828,47.2302348882668,35.5262500141579,53.1632666421596,18.1299739422337,50.0559646523675,10.700132864273,64.5021328683741,30.886109947985,40.966615150132,47.2384200660782,59.5890967385203,58.6723288024948,46.0152432856523,13.6440056515973
56.5174088187963,48.4945775551399,58.5431592527619,52.9255830320743,49.4526273305471,27.434215192704,60.1195966097308,48.0503844811292,32.1666385272196,43.397003816815,55.5630523133496,54.9181391310703,36.3972997296012,64.9922863809216,36.9398322288211,31.6562392209182,55.9650584405828,47.3726465986593,35.5262500141579,53.1746789210217,18.1299739422337,50.0559646523675,10.700132864273,64.8375517697723,30.9963959082889,41.1836933789032,47.2384200660782,59.5890967385203,58.7038468501315,46.0152432856523,13.6440056515973
56.5206153155932,48.4957635141023,58.5431592527619,52.9255830320743,49.4526273305471,27.434215192704,60.1195966097308,48.2736085045234,32.1666385272196,43.397003816815,55.6408751349544,54.9186628029943,36.3977548630578,65.0247277343157,37.0063732683931,31.6562392209182,55.9650584405828,47.7588003901543,35.5262500141579,53.1957175836383,18.1300100583914,50.0559646523675,10.700132864273,65.0086239469262,31.1103820706382,41.1836933789032,47.2661123796008,59.5996878974447,58.7038468501315,46.0278450535142,13.6440056515973
56.5206153155932,48.4963058417457,58.5431592527619,52.9655787241783,49.5190561790045,27.434215192704,60.1357273785091,48.4601476352551,32.1666385272196,43.397003816815,55.6408751349544,54.9374099465439,36.3977548630578,65.0247277343157,37.1754413466537,31.6577562327672,55.9728887013193,47.7588003901543,35.5262500141579,53.2000635689658,18.1300357087912,50.0559646523675,10.700132864273,65.0086239469262,31.1103820706382,41.272825699778,47.2829062796157,59.6047872371288,58.7402898318809,46.0442544130578,13.6440056515973
56.5206153155932,48.4963058417457,58.5431592527619,52.9655787241783,49.5190561790045,27.434215192704,60.1577620184607,48.4601476352551,32.1666385272196,43.3972567534968,55.7518361879643,54.9374099465439,36.3979405505973,65.0516903081943,37.1754413466537,31.6595917991816,55.9784743948383,47.9453022904677,35.5263778956527,53.2000635689658,18.1300357087912,50.0559646523675,10.700132864273,65.6877250009768,31.181612480743,41.4059650206709,47.2829062796157,59.6047872371288,58.7615721711638,46.0442544130578,13.6440056515973
56.5206153155932,48.506214774745,58.5431592527619,52.9769723304801,49.5190882057942,27.434215192704,60.1577620184607,48.4601476352551,32.1666385272196,43.3993644259631,55.8161937159801,54.9374099465439,36.3979980402369,65.0662007868145,37.2737840554815,31.6595917991816,55.9784743948383,48.0226104524202,35.5264568427478,53.2000635689658,18.1300495385618,50.0559646523675,10.700132864273,65.9317014868357,31.3245271204123,41.4059650206709,47.2849197174497,59.6157809992629,58.7615721711638,46.0442544130578,13.6441952032621
56.5206153155932,48.5137487260839,58.5431592527619,52.9825246966563,49.5450443625408,27.434215192704,60.1577620184607,48.4601476352551,32.1666385272196,43.3993644259631,55.8161937159801,54.9374099465439,36.3979980402369,65.0662007868145,37.3282239346894,31.6595917991816,55.9784743948383,48.0226104524202,35.5264568427478,53.2666049558228,18.1300570268189,50.0559646523675,10.700132864273,65.9317014868357,31.3245271204123,41.4359213521126,47.322198880676,59.6227425378669,58.8034102507165,46.0937194895825,13.6441952032621
56.5211755088728,48.5137487260839,58.5431592527619,52.9825246966563,49.5450443625408,27.434373136365,60.1607712036158,48.4601476352551,32.1666385272196,43.4000157293056,56.2719151211982,54.9374099465439,36.3981789174313,65.0999874575425,37.3282239346894,31.6595917991816,55.9784743948383,48.220161322305,35.526539738202,53.2943590001738,18.1300570268189,50.0561136657525,10.700132864273,65.9317014868357,31.4002895093023,41.4376319743907,47.322198880676,59.6227425378669,58.8285841618816,46.1092025351341,13.6441952032621
56.5211755088728,48.5237202967995,58.5431592527619,52.9990550538324,49.5450443625408,27.434373136365,60.1607712036158,48.4601476352551,32.1666385272196,43.4000157293056,56.5185677950915,54.9405693519063,36.3983414448397,65.1170905529335,37.3929533048243,31.6595917991816,55.9784743948383,48.2595495284273,35.526539738202,53.2943590001738,18.130061104296,50.0561136657525,10.700132864273,66.2087332769239,31.4666197673615,41.4376319743907,47.3723896658721,59.6272520522771,58.8285841618816,46.1092025351341,13.6445167852659
56.5211755088728,48.5300931918028,58.5431592527619,53.0021113046947,49.5450443625408,27.434373136365,60.1607712036158,48.7428529358369,32.1666385272196,43.4000157293056,56.5185677950915,54.9405693519063,36.3983414448397,65.1170905529335,37.4235417382959,31.659747806654,55.9784743948383,48.2595495284273,35.5266469821709,53.2943590001738,18.1300874540179,50.0561136657525,10.700132864273,66.2087332769239,31.4666197673615,41.4376319743907,47.3860802526611,59.6355584166972,58.8440584081143,46.1198472633619,13.6445167852659
56.5214180250704,48.5300931918028,58.5431592527619,53.0021113046947,49.5450443625408,27.434373136365,60.1607712036158,48.7428529358369,32.1666385272196,43.4033459889433,56.7072176445468,54.9405693519063,36.3983414448397,65.1170905529335,37.4235417382959,31.6626581797762,55.9856753972873,48.2595495284273,35.5266469821709,53.2943590001738,18.1300874540179,50.0561136657525,10.7001447104766,66.2087332769239,31.5658982222203,41.4376319743907,47.3860802526611,59.6355584166972,58.8708791309444,46.1711426279727,13.6445167852659
56.5214180250704,48.5354405418425,58.5431592527619,53.0021113046947,49.5450443625408,27.434373136365,60.1607712036158,48.9644012931268,32.1666385272196,43.4033459889433,56.8791700728134,54.941604751539,36.3983414448397,65.1290205734172,37.4649913689728,31.6626581797762,55.9856753972873,48.2595495284273,35.526701365587,53.2943590001738,18.1301109072527,50.0561136657525,10.7001447104766,66.2087332769239,31.6201164856712,41.4376319743907,47.4009043612657,59.6434108303776,58.8708791309444,46.1711426279727,13.6445167852659
56.5214180250704,48.5431375204334,58.5431592527619,53.0021113046947,49.5450443625408,27.434373136365,60.1607712036158,48.9644012931268,32.1666385272196,43.4046539412337,56.8791700728134,54.9449584011735,36.3983414448397,65.1290205734172,37.5084664652382,31.6640521213126,55.9856753972873,48.2595495284273,35.5299890396227,53.3270808788426,18.1301109072527,50.0567149699665,10.7001688328258,66.2087332769239,31.6201164856712,41.4501935425117,47.4173954856576,59.6483099420572,58.8937064712647,46.2307825253661,13.6445167852659
56.5273014583819,48.5431375204334,58.5431592527619,53.0021113046947,49.5450443625408,27.434373136365,60.1769310046101,48.9644012931268,32.1666385272196,43.4046539412337,56.8861073888854,54.9449584011735,36.3983463240911,65.164600654863,37.5084664652382,31.6658290875818,55.9856753972873,48.309652578088,35.5299890396227,53.3270808788426,18.1301109072527,50.0567149699665,10.7001688328258,66.2113436531636,31.6490125766748,41.4710387161534,47.4173954856576,59.6483099420572,58.9237177787601,46.2853777425232,13.6445167852659
56.5319652558792,48.5486612648933,58.5431592527619,53.0050341399111,49.5606812507595,27.434373136365,60.1769310046101,48.9644012931268,32.1666385272196,43.4046539412337,56.9121439557841,54.9618244901548,36.3983790303453,65.2019424818145,37.5084664652382,31.6658290875818,55.9915881686193,48.309652578088,35.5323446997654,53.3270808788426,18.1301109072527,50.0567149699665,10.7001688328258,66.2272033268287,31.7976993998619,41.4710387161534,47.4648901389262,59.657848032592,58.9237177787601,46.2853777425232,13.644852468033
56.5319652558792,48.5525360958387,58.5431592527619,53.0050341399111,49.5643609206269,27.434373136365,60.1987306725133,48.9644012931268,32.1666385272196,43.4046539412337,56.9121439557841,54.9912885714018,36.3983790303453,65.2019424818145,37.5287466160089,31.6658290875818,55.9915881686193,48.309652578088,35.5341076678587,53.3270808788426,18.1301109072527,50.0573933671268,10.7001996213995,66.2631589026877,31.7976993998619,41.4902736442126,47.4912496608996,59.6663505614583,58.9766194993803,46.3616916421143,13.644852468033
56.5363959298706,48.5525360958387,58.5431592527619,53.0050341399111,49.5643609206269,27.434373136365,60.1987306725133,48.9644012931268,32.1666385272196,43.4046539412337,56.9614659027745,54.9912885714018,36.398388904823,65.2260845977858,37.5287466160089,31.665952155627,55.9915881686193,48.309652578088,35.5341076678587,53.3774035051523,18.1301109072527,50.0583613281474,10.7001996213995,66.2952516466354,31.9223901657453,41.5011394742819,47.4912496608996,59.6663505614583,59.0348741104906,46.3771015854864,13.644852468033
56.5373028468928,48.5551363581198,58.545396307296,53.0050341399111,49.5643609206269,27.434373136365,60.1987306725133,48.9644012931268,32.1666385272196,43.4046539412337,56.9815964985111,55.0055631635904,36.3983920883023,65.2706015296157,37.5287466160089,31.665952155627,55.9966775507576,48.3654724258555,35.5421076329522,53.3774035051523,18.1301109072527,50.0583613281474,10.7002771649445,66.3287337452275,31.9949200049521,41.5011394742819,47.4912496608996,59.6698387294066,59.0348741104906,46.3771015854864,13.6452429188783
56.5373028468928,48.5551363581198,58.545396307296,53.0122819614108,49.5643609206269,27.434373136365,60.240831646,48.9644012931268,32.1667464094478,43.4046539412337,56.9815964985111,55.02258294824,36.3983920883023,65.2706015296157,37.5317389027911,31.6664237892354,55.9966775507576,48.3654724258555,35.5493953392215,53.4039855075472,18.1301109072527,50.0670035062433,10.7002771649445,66.3287337452275,31.9949200049521,41.5073462089382,47.4912496608996,59.6834201329122,59.061645070316,46.3881598927834,13.6452429188783
56.5373028468928,48.5551363581198,58.545396307296,53.0122819614108,49.5643609206269,27.434373136365,60.2551020317527,48.9644012931268,32.1667464094478,43.4046539412337,57.0804361023286,55.02258294824,36.3984451498798,65.2992890917856,37.5317389027911,31.6665920068579,55.9966775507576,48.3887968942936,35.5493953392215,53.4466226576874,18.1301109072527,50.0725533011081,10.7002771649445,66.3694122697751,32.0437860919427,41.5109475896349,47.4912496608996,59.6834201329122,59.061645070316,46.4352709757582,13.6452429188783
56.545067762537,48.5551363581198,58.545396307296,53.0563537423002,49.5757036871146,27.434373136365,60.2551020317527,49.1648957991693,32.1667464094478,43.4046539412337,57.0804361023286,55.0335969538019,36.398482648011,65.3096819795376,37.531934215323,31.6665920068579,55.9966775507576,48.4309925758433,35.5544034889868,53.4466226576874,18.1301109072527,50.0759255334253,10.7002924212539,66.3937849877556,32.0665916431114,41.5109475896349,47.4912496608996,59.6876947792623,59.061645070316,46.4352709757582,13.6452429188783
56.545067762537,48.5551363581198,58.545396307296,53.0853572874055,49.5800637958306,27.434373136365,60.2861288760516,49.1648957991693,32.1667464094478,43.4046539412337,57.0804361023286,55.0540149547609,36.398482648011,65.3096819795376,37.531934215323,31.6667530086281,56.0026776876472,48.4309925758433,35.5579072718646,53.4471107295999,18.1301109072527,50.0813275674585,10.7002924212539,66.3937849877556,32.0665916431114,41.5130781549513,47.4912496608996,59.6928686209552,59.061645070316,46.4505209892016,13.6452858765399
56.545067762537,48.5551363581198,58.545396307296,53.0853572874055,49.5800637958306,27.434373136365,60.2974931493598,49.1648957991693,32.1667464094478,43.4046539412337,57.1029674157518,55.0540149547609,36.3985300126327,65.3168541119466,37.531934215323,31.6671723446299,56.0026776876472,48.4309925758433,35.5579072718646,53.4471107295999,18.1301109072527,50.0813275674585,10.7002924212539,66.4223033770755,32.1268761974703,41.517267964935,47.4912496608996,59.6928686209552,59.093516363578,46.4513330078352,13.6452858765399
56.5475882940358,48.5551363581198,58.545396307296,53.1043530603448,49.5808833395281,27.434373136365,60.2974931493598,49.1648957991693,32.1667464094478,43.4046539412337,57.1029674157518,55.075239289583,36.3985665456628,65.3230977508239,37.5362646655964,31.6671723446299,56.0026776876472,48.475080545364,35.5617398603898,53.4471107295999,18.1301109072527,50.0813275674585,10.7002924212539,66.4223033770755,32.1268761974703,41.517267964935,47.4912496608996,59.7008858652234,59.093516363578,46.4513330078352,13.6452858765399
56.5511419720084,48.5551363581198,58.545396307296,53.1193465660368,49.5808833395281,27.434373136365,60.2992167890517,49.1648957991693,32.1667464094478,43.4046539412337,57.1029674157518,55.1168534716366,36.3985665456628,65.3230977508239,37.5362646655964,31.66777015729,56.0026776876472,48.475080545364,35.579684611158,53.4471107295999,18.1301109072527,50.0813275674585,10.7002924212539,66.4223033770755,32.1268761974703,41.5230971845312,47.4947629359958,59.7090752227904,59.1076726133963,46.5340263518044,13.6452858765399
56.5518052132099,48.5551363581198,58.545396307296,53.1193465660368,49.5808833395281,27.434373136365,60.3077557283108,49.1648957991693,32.1667464094478,43.4046539412337,57.108921019364,55.1168534716366,36.3985975995824,65.3535012049323,37.5362646655964,31.66777015729,56.0070777978987,48.475080545364,35.579684611158,53.4654370189962,18.1301109072527,50.0813275674585,10.7003394324827,66.4223033770755,32.1840467835884,41.5266960798638,47.4947629359958,59.7090752227904,59.1076726133963,46.5340263518044,13.6452858765399
56.5518052132099,48.5551363581198,58.545396307296,53.1348916737522,49.5813527173987,27.434373136365,60.3077557283108,49.1648957991693,32.1667464094478,43.4046539412337,57.108921019364,55.1437936861675,36.3988258225986,65.3726813718298,37.5362646655964,31.66777015729,56.0070777978987,48.475080545364,35.5968177317483,53.4654370189962,18.1301109072527,50.0813275674585,10.7003394324827,66.4223033770755,32.1926694881239,41.5266960798638,47.4947629359958,59.7112091683036,59.1076726133963,46.5340263518044,13.6453623509857
56.565073085182,48.5551363581198,58.545396307296,53.1348916737522,49.5819481110554,27.434373136365,60.3077557283108,49.1648957991693,32.1667464094478,43.4057979309458,57.108921019364,55.161563941712,36.3988258225986,65.3726813718298,37.5362646655964,31.66777015729,56.0070777978987,48.475080545364,35.6120696376869,53.4786834997895,18.1301109072527,50.0814739859906,10.7003394324827,66.4981132597222,32.1926694881239,41.5344984072268,47.5093107710565,59.7165819832241,59.1076726133963,46.5661199693319,13.6453623509857
56.565073085182,48.5551363581198,58.545396307296,53.1348916737522,49.5819481110554,27.434373136365,60.3247248595556,49.1648957991693,32.1667464094478,43.4057979309458,57.1379499493686,55.161563941712,36.398842663037,65.3952091376884,37.5362646655964,31.6685053823925,56.0121323982216,48.475080545364,35.6120696376869,53.523482779359,18.1301109072527,50.0814739859906,10.7003394324827,66.5620714798924,32.2327833824856,41.5641650463176,47.5093107710565,59.7165819832241,59.1542124458995,46.6107471548036,13.6453623509857
56.565073085182,48.5551363581198,58.545396307296,53.1348916737522,49.5822593503623,27.434373136365,60.3247248595556,49.1653540712351,32.1667464094478,43.4069044343963,57.1634309893525,55.2246139490103,36.398842663037,65.3952091376884,37.5427636687958,31.6685053823925,56.0121323982216,48.4932463117258,35.6401110712785,53.523482779359,18.1301109072527,50.0814739859906,10.7003476500837,66.5620714798924,32.2766110918247,41.5641650463176,47.5300177644855,59.7165819832241,59.1542124458995,46.6107471548036,13.6454188104377
56.5676715066857,48.5551363581198,58.545396307296,53.1348916737522,49.5824207830958,27.434373136365,60.3331121250388,49.1653540712351,32.1667464094478,43.4069044343963,57.1634309893525,55.2767829483038,36.398842663037,65.3952091376884,37.5530077297183,31.6694239036302,56.0121323982216,48.4932463117258,35.6600704343453,53.5562329215958,18.1301109072527,50.086822928247,10.7003476500837,66.5920435048738,32.2766110918247,41.584928453553,47.5467689749973,59.7283124205223,59.2008928731153,46.6328499053763,13.6454188104377
56.5742718160648,48.5551363581198,58.545396307296,53.1348916737522,49.5824207830958,27.434373136365,60.3453534852404,49.1653540712351,32.1667464094478,43.4069044343963,57.163792038952,55.2767829483038,36.3988619123275,65.3987635493711,37.5530077297183,31.6707566411633,56.0121323982216,48.4932463117258,35.6600704343453,53.6291703202724,18.1301109072527,50.086822928247,10.7003476500837,66.6442910251267,32.2998701631065,41.5975113676478,47.5467689749973,59.7283124205223,59.2241771561908,46.6864025637725,13.6454188104377
56.5742718160648,48.5551363581198,58.545396307296,53.1348916737522,49.5928094163182,27.434373136365,60.3453534852404,49.1653540712351,32.1667464094478,43.4075584420723,57.163792038952,55.3238614257395,36.3988619123275,65.3987635493711,37.5530077297183,31.6707566411633,56.0166223812481,48.4932463117258,35.6768192471151,53.6291703202724,18.1301109072527,50.0893414243271,10.7003476500837,66.6442910251267,32.3156667210209,41.5975113676478,47.5568900293295,59.7428598709848,59.2241771561908,46.7046481710778,13.6454574885927
56.5796187802514,48.5551363581198,58.545396307296,53.1438794037734,49.598790705758,27.434373136365,60.3640851170435,49.1653540712351,32.1667464094478,43.4075584420723,57.163792038952,55.412279362853,36.3988619123275,65.3987635493711,37.5530077297183,31.6714474206314,56.0166223812481,48.4932463117258,35.7075359349667,53.6868958890762,18.1301109072527,50.0893414243271,10.7003476500837,66.6468330208461,32.3156667210209,41.6189316903467,47.5984554481499,59.7520503678861,59.2241771561908,46.7066919783014,13.6454574885927
56.5846316040606,48.5551363581198,58.545396307296,53.1438794037734,49.598790705758,27.434373136365,60.3766967364799,49.1653540712351,32.1667464094478,43.409549454315,57.2372641497236,55.412279362853,36.3988931398407,65.4051519015508,37.5530077297183,31.6718271500114,56.0166223812481,48.508235122509,35.7075359349667,53.7192954323862,18.1301109072527,50.0893414243271,10.7003476500837,66.6468330208461,32.3307217664854,41.6382003403704,47.5984554481499,59.7520503678861,59.255848923656,46.7066919783014,13.6454574885927
56.5846316040606,48.5580314559852,58.545396307296,53.1451087457831,49.612694770213,27.434373136365,60.3766967364799,49.1653540712351,32.1667464094478,43.409549454315,57.295358933603,55.4746067682449,36.3989088487007,65.4051519015508,37.5530077297183,31.6718271500114,56.0223698865335,48.508235122509,35.7302504028875,53.7192954323862,18.1301109072527,50.0911998713827,10.7003479286178,66.6468330208461,32.359125277631,41.6382003403704,47.6246629242091,59.7608310616419,59.255848923656,46.7066919783014,13.6454574885927
56.591702289115,48.5580314559852,58.545396307296,53.1451087457831,49.6165244913091,27.434373136365,60.4156540536174,49.1817058471601,32.1667464094478,43.409549454315,57.295358933603,55.5425433355246,36.3989088487007,65.4051519015508,37.5530077297183,31.6725423343959,56.0223698865335,48.508235122509,35.7465229651053,53.7394637668363,18.1301109072527,50.0920558003341,10.7003479286178,66.6514832268207,32.359125277631,41.6583661759595,47.6730810566423,59.7788292480525,59.2901149336124,46.7353268579491,13.6454574885927
56.5964148265284,48.5580314559852,58.545396307296,53.1451087457831,49.6165244913091,27.434373136365,60.446311102956,49.1817058471601,32.1667464094478,43.409549454315,57.295358933603,55.5425433355246,36.3989159986786,65.4107438371149,37.5530077297183,31.6726791106591,56.0223698865335,48.508235122509,35.7465229651053,53.9172891426083,18.1301109072527,50.0920558003341,10.7003479286178,66.687428465017,32.3653144664088,41.6867544137766,47.7213006294176,59.7788292480525,59.3082982295493,46.7353268579491,13.6454574885927
56.5964148265284,48.5636864688277,58.545396307296,53.1451087457831,49.620581646632,27.434373136365,60.446311102956,49.1873172182514,32.1667464094478,43.409549454315,57.3401419178482,55.6098543883281,36.3989189185438,65.4174164602326,37.553342839519,31.6726791106591,56.0223698865335,48.5419554544978,35.7879480520896,53.9172891426083,18.1301109072527,50.0934131112435,10.7003555386491,66.687428465017,32.3705828249202,41.6867544137766,47.7339383886564,59.7979329525966,59.3082982295493,46.7538767019525,13.6454794114466
56.6001526049494,48.5636864688277,58.545396307296,53.1451087457831,49.6206816888528,27.434373136365,60.446311102956,49.1938751583157,32.1667464094478,43.409549454315,57.3401419178482,55.6411682626583,36.3989189185438,65.4174164602326,37.5541709058332,31.6730813929811,56.0274952194246,48.5419554544978,35.8166465063388,54.0235396484759,18.1301109072527,50.0934131112435,10.7003555386491,66.7063470916605,32.3705828249202,41.7119802753112,47.7636967572025,59.812749903238,59.3178891722831,46.7893792734727,13.6454794114466
56.6029735816536,48.5636864688277,58.545396307296,53.1451087457831,49.6206816888528,27.434373136365,60.446311102956,49.1957760139705,32.1667464094478,43.409549454315,57.3978033804595,55.6411682626583,36.3989198252413,65.4189668485878,37.5541709058332,31.67350507346,56.0274952194246,48.5569442341558,35.8166465063388,54.0797379187395,18.1301109072527,50.0934131112435,10.7003555386491,66.7063470916605,32.3884808907392,41.7435430510615,47.7636967572025,59.812749903238,59.3229162069667,46.7893792734727,13.6454794114466
56.6029735816536,48.5636864688277,58.545396307296,53.1588236589952,49.6206816888528,27.434373136365,60.4642687389976,49.1971280655639,32.1667464094478,43.409549454315,57.425161736223,55.6711517537902,36.3989198252413,65.4211342096303,37.5549944738743,31.67350507346,56.0274952194246,48.5569442341558,35.8533979646199,54.0797379187395,18.1301109072527,50.0934131112435,10.7003555386491,66.7063470916605,32.3968898968407,41.7435430510615,47.7636967572025,59.8291092975527,59.3229162069667,46.8107239355979,13.6454891286448
56.6029735816536,48.5636864688277,58.545396307296,53.1588236589952,49.6216086708912,27.434373136365,60.4642687389976,49.1980960514509,32.1667464094478,43.409549454315,57.425161736223,55.7078918431833,36.3989198252413,65.4211342096303,37.5549944738743,31.6738903414656,56.0274952194246,48.5569442341558,35.8779232645855,54.1083893444847,18.1301109072527,50.0934131112435,10.7003555386491,66.7865117371961,32.3968898968407,41.7594685885794,47.7636967572025,59.8443585502137,59.3345177429505,46.8332952395508,13.6455003452529
56.6069348701097,48.5636864688277,58.545396307296,53.1588236589952,49.6216086708912,27.434373136365,60.4747483264443,49.1980960514509,32.1667464094478,43.409549454315,57.4469398544306,55.7078918431833,36.3989198252413,65.4235629859864,37.5549944738743,31.6743507794247,56.0326605656197,48.5663481654635,35.8779232645855,54.1224170499596,18.1301109072527,50.0934131112435,10.7003555386491,66.7865117371961,32.3996604151374,41.7924982513853,47.7636967572025,59.8443585502137,59.3345177429505,46.8332952395508,13.6455003452529
56.6069348701097,48.5636864688277,58.545396307296,53.16196712922,49.6232300128953,27.434373136365,60.4747483264443,49.1987925115958,32.1667464094478,43.4117386529216,57.469307403001,55.7678249933347,36.3989198252413,65.4262336841232,37.5549944738743,31.6743507794247,56.0326605656197,48.586166338973,35.8960541135397,54.1224170499596,18.1301109072527,50.0934131112435,10.7003555386491,66.7865117371961,32.3998716758864,41.7924982513853,47.7957301207719,59.8576412845851,59.3345177429505,46.8590401326056,13.6455229677515
56.609082166111,48.5636864688277,58.545396307296,53.16196712922,49.6292840281764,27.434373136365,60.4747483264443,49.1992954807584,32.1667464094478,43.4117386529216,57.469307403001,55.8620039537923,36.3989198252413,65.4262336841232,37.5549944738743,31.6747693591439,56.0326605656197,48.586166338973,35.9260819225866,54.1884806781772,18.1301109072527,50.0935883387189,10.7003555386491,66.7904845537337,32.3998716758864,41.8310693071345,47.7957301207719,59.8687573253011,59.4166827745617,46.8749292626605,13.6455229677515
56.6115547639447,48.5636864688277,58.545396307296,53.16196712922,49.6292840281764,27.434373136365,60.4747483264443,49.1992954807584,32.1667464094478,43.4117386529216,57.4958050544599,55.8620039537923,36.3989198252413,65.4313046488123,37.5549944738743,31.674935054882,56.0370882342534,48.60755135037,35.9260819225866,54.277559163292,18.130123477615,50.0935883387189,10.7003555386491,66.7904845537337,32.3998716758864,41.8534676816576,47.8303327022162,59.8687573253011,59.4754755747153,46.8749292626605,13.6455229677515
56.6115547639447,48.5636864688277,58.545396307296,53.16196712922,49.6341063927544,27.434373136365,60.4747483264443,49.1996597257415,32.1667464094478,43.4117386529216,57.5050721077673,55.9326491333454,36.3989198252413,65.4340688278236,37.5549944738743,31.674935054882,56.0370882342534,48.616960427217,35.946646072336,54.277559163292,18.130123477615,50.0939401545008,10.7003555386491,66.7904845537337,32.4112708773643,41.8534676816576,47.8749964734083,59.8810932037944,59.4754755747153,46.8868193471826,13.6455272993588
56.615480570287,48.567488316472,58.545396307296,53.16196712922,49.6353977869813,27.434373136365,60.4747483264443,49.1999240525785,32.1667464094478,43.4117386529216,57.5050721077673,56.0112755735784,36.3989198252413,65.4340688278236,37.5549944738743,31.6752984286459,56.0370882342534,48.616960427217,35.9717183445407,54.3924735301629,18.1301302300367,50.0941968688136,10.7003555386491,66.7904845537337,32.4112708773643,41.8765973698398,47.8749964734083,59.8810932037944,59.5240602776092,46.9184033630122,13.6455775230807
56.6173430838486,48.567488316472,58.545396307296,53.16196712922,49.6353977869813,27.434373136365,60.4747483264443,49.1999240525785,32.1667464094478,43.4117386529216,57.5311141657237,56.0112755735784,36.3989198252413,65.4379359971707,37.5549944738743,31.675340127615,56.0370882342534,48.6282028069139,35.9717183445407,54.5252409158818,18.1301302300367,50.0941968688136,10.7003555386491,66.8567914986308,32.4146653180906,41.8930556168441,47.9182595637404,59.8810932037944,59.5951978927292,46.9184033630122,13.6455775230807
56.6173430838486,48.5771534653588,58.545396307296,53.16196712922,49.6360020018627,27.434373136365,60.4747483264443,49.200116162743,32.1667464094478,43.4117386529216,57.5881461819669,56.1160957751761,36.3989198252413,65.4460664627646,37.5550673826537,31.675340127615,56.0429321188525,48.6451174253475,36.0076163927887,54.5252409158818,18.1301302300367,50.0941968688136,10.7003555386491,66.8567914986308,32.4217895732657,41.8930556168441,47.9546638512611,59.8810932037944,59.5951978927292,46.9276123411774,13.6455775230807
56.62030991296,48.5771534653588,58.545396307296,53.16196712922,49.6360020018627,27.434373136365,60.4747483264443,49.2056950930612,32.1667464094478,43.4117386529216,57.5881461819669,56.1981635866995,36.3989198252413,65.4460664627646,37.5550673826537,31.6755488605726,56.0429321188525,48.6451174253475,36.0076163927887,54.6815052064582,18.1301338681271,50.0942075190114,10.7003555386491,66.8567914986308,32.4217895732657,41.9011523247786,47.9546638512611,59.8810932037944,59.6911342674722,46.9396887748349,13.6455775230807
56.6224408301759,48.5771534653588,58.545396307296,53.16196712922,49.6360020018627,27.434373136365,60.4747483264443,49.2056950930612,32.1667464094478,43.4134163288688,57.6277509063442,56.2615600066576,36.3989198252413,65.4480881533102,37.5550673826537,31.6755488605726,56.0429321188525,48.6702914727171,36.0406425457725,54.7595585444765,18.1301338681271,50.0942075190114,10.7003555386491,66.8567914986308,32.4250228802003,41.9049351610306,47.9892590906904,59.8810932037944,59.7512349673286,46.9396887748349,13.6455775230807
56.6224408301759,48.5771534653588,58.5466720728673,53.16196712922,49.6379489258794,27.434373136365,60.4747483264443,49.2121213559593,32.1667464094478,43.4134163288688,57.6490928071498,56.3265652736873,36.3989198252413,65.452612784129,37.5550673826537,31.6755488605726,56.0429321188525,48.6889191674628,36.0406425457725,54.7595585444765,18.1301338681271,50.0942075190114,10.7003555386491,66.8567914986308,32.4267546774277,41.9049351610306,48.0628565851672,59.8810932037944,59.7512349673286,46.95197877357,13.6455775230807
56.6224408301759,48.5771534653588,58.5466720728673,53.16196712922,49.6379489258794,27.434373136365,60.4747483264443,49.2138209721271,32.1667464094478,43.4134163288688,57.6490928071498,56.3345924534214,36.3989198252413,65.452612784129,37.5550673826537,31.6755488605726,56.0471120916923,48.6889191674628,36.0406425457725,54.8262070710387,18.1301338681271,50.0942075190114,10.7003577913883,66.8567914986308,32.4267546774277,41.906552807092,48.0628565851672,59.8810932037944,59.8086847048754,46.9722112536358,13.6455900743948
56.6224408301759,48.5771534653588,58.5537186405891,53.16196712922,49.6379489258794,27.434373136365,60.4747483264443,49.2138209721271,32.1667464094478,43.4134163288688,57.6606044118434,56.3493428059183,36.3989198252413,65.4581372490031,37.5550673826537,31.6758326347683,56.0471120916923,48.6921820516161,36.0406425457725,54.8262070710387,18.1301338681271,50.0942075190114,10.7003612681404,66.8567914986308,32.4283760164431,41.9169180609385,48.1586924925057,59.8810932037944,59.9570547924046,46.9722112536358,13.6455900743948
56.6224408301759,48.5771534653588,58.5537186405891,53.16196712922,49.6436294035523,27.434373136365,60.4747483264443,49.2230147038311,32.1667464094478,43.4134163288688,57.7028744116881,56.3493428059183,36.3989198252413,65.4650264423046,37.5550673826537,31.6758326347683,56.0471120916923,48.7024418671931,36.0406425457725,54.8262070710387,18.1301338681271,50.0944059234198,10.7003612681404,66.8567914986308,32.4390132311914,41.9169180609385,48.2303113294033,59.8810932037944,59.9570547924046,46.9722112536358,13.6456015868147
56.6229204079264,48.5771534653588,58.5537186405891,53.16196712922,49.6439547314661,27.434373136365,60.5368859932736,49.2311058928559,32.1667464094478,43.4134163288688,57.7028744116881,56.3493428059183,36.3989198252413,65.4650264423046,37.555228528607,31.676154707296,56.0471120916923,48.7024418671931,36.0794934776689,54.8455546313658,18.1301338681271,50.0944279304797,10.7003612681404,66.8567914986308,32.4390132311914,41.9181300900505,48.2303113294033,59.8810932037944,59.979344158306,46.9788429872206,13.6456436630391
56.6240823871196,48.5771534653588,58.5632736272879,53.16196712922,49.6439547314661,27.434373136365,60.5368859932736,49.2311058928559,32.1667464094478,43.4134163288688,57.8140385364675,56.3493428059183,36.3989198252413,65.4650264423046,37.555228528607,31.6763477079955,56.0500408729422,48.7232801900982,36.0794934776689,54.8558935654681,18.1301338681271,50.0944279304797,10.7003612681404,66.8784605596666,32.4390132311914,41.9248952347983,48.3283508787341,59.8810932037944,60.0570326132261,46.9788429872206,13.6456436630391
56.6240823871196,48.5771534653588,58.5632736272879,53.16196712922,49.6484300825896,27.434373136365,60.5452508981509,49.2333082473077,32.1667464094478,43.4134163288688,57.9056600767737,56.3493428059183,36.3989198252413,65.4699085672265,37.5555445899815,31.6763477079955,56.0500408729422,48.7298824899269,36.125111229735,54.8639267291028,18.1301338681271,50.0944279304797,10.7003612681404,66.8784605596666,32.440387202569,41.9248952347983,48.4491740513274,59.8810932037944,60.0570326132261,47.0183134750664,13.6456436630391
56.6247584638996,48.5771534653588,58.5632736272879,53.16196712922,49.6509720039174,27.434373136365,60.5452508981509,49.2353545269359,32.1667464094478,43.4134163288688,57.9056600767737,56.35231111848,36.3989198252413,65.4750455199913,37.5558295228835,31.6763477079955,56.0500408729422,48.7298824899269,36.125111229735,54.8674895985927,18.1301338681271,50.0944279304797,10.7003612681404,66.8841134740337,32.440387202569,41.9281188398125,48.4491740513274,59.8889177641293,60.1006744262442,47.0183134750664,13.6456436630391
56.6253942780053,48.5771534653588,58.5756650503097,53.16196712922,49.6509720039174,27.434373136365,60.5452508981509,49.2353545269359,32.1667464094478,43.4134163288688,58.0439982652555,56.3565201861107,36.3989198252413,65.4836047527842,37.5558295228835,31.6763477079955,56.0532516378813,48.7388738032407,36.125111229735,54.8674895985927,18.1301338681271,50.0944279304797,10.7003612681404,66.8977450745664,32.4425078850425,41.9700405959688,48.5335447908651,59.8889177641293,60.1253289378674,47.0183134750664,13.6456436630391
56.6253942780053,48.5771534653588,58.5756650503097,53.16196712922,49.653442081966,27.434373136365,60.601055117234,49.2374177889773,32.1667464094478,43.4134163288688,58.1120584202554,56.3565201861107,36.3989198348128,65.4836047527842,37.5558295228835,31.6763477079955,56.0532516378813,48.7388738032407,36.125111229735,54.8674895985927,18.1301338681271,50.0944279304797,10.7003612681404,66.8977450745664,32.4425078850425,41.9700405959688,48.6184645088357,59.893992799395,60.1253289378674,47.0406231532009,13.6456436630391
56.6253942780053,48.5771534653588,58.5756650503097,53.16196712922,49.6583905582521,27.434373136365,60.601055117234,49.2374177889773,32.1667464094478,43.4134163288688,58.1120584202554,56.3586466362167,36.3989198348128,65.4922176597759,37.5609247506403,31.6763477079955,56.0532516378813,48.7388738032407,36.125111229735,54.8709157815939,18.1301338681271,50.0944279304797,10.7003612681404,66.9298999334128,32.4425078850425,41.9918902444214,48.6974724500772,59.893992799395,60.1394138383211,47.0406231532009,13.6456436630391
56.6253942780053,48.5771534653588,58.5809913233486,53.16196712922,49.6583905582521,27.434373136365,60.601055117234,49.2374177889773,32.1667464094478,43.4134163288688,58.2453511832249,56.35949325247,36.3989198348128,65.5188056649367,37.5609247506403,31.6765746023909,56.0532516378813,48.7530454004384,36.125111229735,54.8709157815939,18.1301338681271,50.0953463303015,10.7003612681404,66.9526861056617,32.4426545563924,42.033251904863,48.7644323122488,59.893992799395,60.1872912412673,47.0406231532009,13.6456436630391
56.6253942780053,48.5771534653588,58.5809913233486,53.16196712922,49.6599821084181,27.434373136365,60.6368034610336,49.2374177889773,32.1667464094478,43.4134163288688,58.3642966472806,56.35949325247,36.3989198348128,65.5188056649367,37.5609247506403,31.6765746023909,56.0570828620082,48.7530454004384,36.125111229735,54.872138194848,18.1301338681271,50.0953463303015,10.7003612681404,66.9526861056617,32.4426545563924,42.033251904863,48.7644323122488,59.893992799395,60.1872912412673,47.0627613264003,13.6456436630391
56.6263878017432,48.5771534653588,58.5809913233486,53.16196712922,49.6626115864779,27.434373136365,60.6368034610336,49.2449671904951,32.1667464094478,43.4134163288688,58.3642966472806,56.35949325247,36.3989198348128,65.5404994377207,37.5609247506403,31.6765746023909,56.0570828620082,48.7530454004384,36.125111229735,54.872138194848,18.1301365524884,50.0953463303015,10.7003612681404,67.3422657558002,32.4426545563924,42.0410294690739,48.8152703247234,59.893992799395,60.3002638652488,47.0856674281474,13.6456436630391
56.6271848848932,48.5771534653588,58.5809913233486,53.16196712922,49.6626115864779,27.434373136365,60.6368034610336,49.2449671904951,32.1667464094478,43.4134163288688,58.5294000842503,56.35949325247,36.3989198348128,65.5404994377207,37.5609247506403,31.6768230314381,56.0570828620082,48.7530454004384,36.125111229735,54.8755539014743,18.1301365524884,50.0953463303015,10.7003612681404,67.4119111301916,32.445735417815,42.054396133903,48.8498698375032,59.893992799395,60.3856215849719,47.0856674281474,13.6456436630391
56.6271848848932,48.5771534653588,58.5809913233486,53.16196712922,49.6644433732681,27.434373136365,60.6368034610336,49.2500030220633,32.1667464094478,43.4134163288688,58.6280789826269,56.35949325247,36.3989198348128,65.5404994377207,37.5609247506403,31.6768230314381,56.0609144085561,48.765914214725,36.125111229735,54.8852516913199,18.1301365524884,50.0955592970897,10.7003612681404,67.4119111301916,32.445735417815,42.054396133903,48.8498698375032,59.893992799395,60.3856215849719,47.0881893641849,13.6456436630391
56.6277082821247,48.5771534653588,58.5809913233486,53.16196712922,49.6646992287621,27.434373136365,60.6368034610336,49.2563946553659,32.1667464094478,43.4134163288688,58.6280789826269,56.35949325247,36.3989198348128,65.5404994377207,37.5635570042203,31.6768230314381,56.0609144085561,48.765914214725,36.1627953340251,54.8852516913199,18.1301365524884,50.0955592970897,10.7003612681404,67.4291554703576,32.445735417815,42.0597185911574,48.9251592348666,59.893992799395,60.427502787066,47.153412719834,13.6456436630391
56.6280591956257,48.5771534653588,58.5837576014015,53.16196712922,49.6646992287621,27.434373136365,60.6368034610336,49.2563946553659,32.1667464094478,43.4134163288688,58.7033224051079,56.35949325247,36.3989198348128,65.5404994377207,37.5635570042203,31.6768230314381,56.0609144085561,48.7663156292086,36.1627953340251,54.8881814030327,18.1301365524884,50.0955592970897,10.7003612681404,67.4291554703576,32.445735417815,42.0732412139546,48.9530125901793,59.893992799395,60.4834239850659,47.153412719834,13.6456436630391
56.6280591956257,48.5771534653588,58.5837576014015,53.16196712922,49.6650314446399,27.434373136365,60.6368034610336,49.2621313287996,32.1667464094478,43.4134163288688,58.7409876608442,56.3611017779523,36.3989198348128,65.5404994377207,37.56779561463,31.6768230314381,56.0609144085561,48.7920323393007,36.1627953340251,54.8973002136537,18.130147674455,50.0955592970897,10.7003612681404,67.4291554703576,32.445735417815,42.0732412139546,48.9530125901793,59.893992799395,60.4834239850659,47.200756447744,13.6456436630391
56.628824252945,48.5857132561261,58.5837576014015,53.16196712922,49.6652679565588,27.434373136365,60.6368034610336,49.2659157273233,32.1667464094478,43.4148859637943,58.7409876608442,56.3611017779523,36.3989198348128,65.5404994377207,37.5684575061931,31.6768718268506,56.0647236829903,48.7920323393007,36.2075621439002,54.8973002136537,18.130147674455,50.0955592970897,10.7003612681404,67.4291554703576,32.445735417815,42.0875287232618,49.0069106600418,59.893992799395,60.5130115319564,47.2436011687399,13.6456436630391
56.6292361950426,48.5857132561261,58.5837576014015,53.16196712922,49.6652679565588,27.434373136365,60.6368034610336,49.2659157273233,32.1667464094478,43.4148859637943,58.7701964941011,56.3611017779523,36.3989198348128,65.5404994377207,37.5684575061931,31.6768718268506,56.0647236829903,48.8092034129859,36.2075621439002,54.916127724971,18.1301485929851,50.0955592970897,10.7003612681404,67.4551675126854,32.445735417815,42.0929726432783,49.054050085314,59.893992799395,60.5130115319564,47.2436011687399,13.6456436630391
56.6292361950426,48.5857132561261,58.5837576014015,53.16196712922,49.6690424841514,27.434373136365,60.6368034610336,49.2692117296371,32.1667464094478,43.4148859637943,58.8060112431192,56.3611017779523,36.3989198348128,65.5404994377207,37.5684575061931,31.6768718268506,56.0647236829903,48.8180115281831,36.2075621439002,54.9239592287183,18.1301485929851,50.0955592970897,10.7003612681404,67.4551675126854,32.445735417815,42.0929726432783,49.054050085314,59.893992799395,60.5130115319564,47.298926216065,13.6456436630391
56.6294504222604,48.5910870058764,58.5858383750289,53.16196712922,49.6700668124633,27.434373136365,60.6368034610336,49.2736165341789,32.1667464094478,43.4148859637943,58.8060112431192,56.3611017779523,36.3989198348128,65.5404994377207,37.5737266337615,31.6769890427724,56.0647236829903,48.8180115281831,36.2474407334933,54.9331665268305,18.1301485929851,50.0955592970897,10.7003612681404,67.4569197525905,32.445735417815,42.0942482182335,49.0816466344385,59.893992799395,60.5979227432604,47.3157149384841,13.6456436630391
56.6297176280515,48.5910870058764,58.5858383750289,53.16196712922,49.6700668124633,27.434373136365,60.6368034610336,49.2736165341789,32.1667464094478,43.4148859637943,58.846565170345,56.3611017779523,36.3989198348128,65.5404994377207,37.5737266337615,31.677132578953,56.068818181862,48.83465594316,36.2750322187488,54.9331665268305,18.1301485929851,50.0957187199366,10.7003612681404,67.4569197525905,32.445735417815,42.0942482182335,49.1601401950808,59.893992799395,60.6420142647112,47.3157149384841,13.6456436630391
56.6297176280515,48.5910870058764,58.5858383750289,53.1625323853214,49.6700668124633,27.434373136365,60.6368034610336,49.2739855314342,32.1667464094478,43.4148859637943,58.8751694949473,56.3611017779523,36.3989198348128,65.5404994377207,37.5773236223627,31.677132578953,56.068818181862,48.8706262479708,36.2750322187488,54.9346829520042,18.1301488650961,50.0957847180375,10.7003612681404,67.4569197525905,32.445735417815,42.0942482182335,49.1601401950808,59.893992799395,60.6420142647112,47.3882332490942,13.6456436630391
56.6301076361453,48.5910870058764,58.5858383750289,53.1653254570032,49.6700668124633,27.434373136365,60.6368034610336,49.277347031332,32.1667464094478,43.4148859637943,58.8751694949473,56.3611017779523,36.3989198348128,65.5404994377207,37.5785196501187,31.677132578953,56.068818181862,48.8706262479708,36.3064946049966,54.9383265202033,18.1301488650961,50.0957847180375,10.7003612681404,67.4704322380839,32.445735417815,42.0942482182335,49.2103618671817,59.893992799395,60.6959981508896,47.451790897628,13.6456599000687
56.6304922613545,48.5910870058764,58.5858383750289,53.1653254570032,49.6700668124633,27.434373136365,60.6368034610336,49.277347031332,32.1667464094478,43.4148859637943,58.93054134455,56.3611017779523,36.3989198348128,65.5404994377207,37.5799415160297,31.677132578953,56.0739638648996,48.902646939718,36.3064946049966,54.9420275630075,18.1301488650961,50.0957847180375,10.7003612681404,67.4809141975924,32.445735417815,42.0945193889849,49.2673864740433,59.893992799395,60.6959981508896,47.451790897628,13.6456599000687
56.6304922613545,48.5910870058764,58.5874992475864,53.1653254570032,49.6700668124633,27.434373136365,60.6368034610336,49.2791944393806,32.1667464094478,43.4148859637943,58.9522782414127,56.3611017779523,36.3989198348128,65.5404994377207,37.586628666614,31.677132578953,56.0739638648996,48.9376538436383,36.3064946049966,54.9446372896849,18.1301488650961,50.0957847180375,10.7003612681404,67.4809141975924,32.445735417815,42.0945193889849,49.2673864740433,59.893992799395,60.6959981508896,47.5007549359813,13.6456599000687
56.6305212609749,48.5910870058764,58.5874992475864,53.1653254570032,49.6700668124633,27.434373136365,60.6368034610336,49.2802197334776,32.1667464094478,43.4148859637943,58.9522782414127,56.3611017779523,36.3989198348128,65.5404994377207,37.586628666614,31.677132578953,56.0739638648996,48.9376538436383,36.3439990838449,54.9446372896849,18.1301488650961,50.0957847180375,10.7003612681404,67.4809141975924,32.445735417815,42.0945193889849,49.337213526804,59.893992799395,60.715716095739,47.5971760192187,13.6456599000687
56.6307110220288,48.5910870058764,58.5874992475864,53.1653254570032,49.6700668124633,27.434373136365,60.6368034610336,49.2802197334776,32.1667464094478,43.4148859637943,58.9792576043704,56.3611017779523,36.3989198348128,65.5404994377207,37.586628666614,31.677132578953,56.0779327380455,48.9764414360068,36.3439990838449,54.9446372896849,18.1301488650961,50.0957847180375,10.7003612681404,67.4932432719276,32.445735417815,42.0947980738487,49.4087829085578,59.893992799395,60.7286142168254,47.5971760192187,13.6456599000687
56.6307110220288,48.5910870058764,58.5874992475864,53.1653254570032,49.6700668124633,27.434373136365,60.6368034610336,49.2850299669594,32.1667464094478,43.4148859637943,58.9958810649931,56.3611017779523,36.3989198348128,65.5404994377207,37.5915751915241,31.677132578953,56.0779327380455,49.0096633935043,36.3703235072724,54.9446372896849,18.1301488650961,50.0957847180375,10.7003612681404,67.4932432719276,32.445735417815,42.0948452321689,49.4598287323481,59.893992799395,60.7286142168254,47.7465161959134,13.6456599000687
56.6310427825468,48.5910870058764,58.5874992475864,53.1653254570032,49.6700668124633,27.434373136365,60.6368034610336,49.2850299669594,32.1667464094478,43.4148859637943,58.9958810649931,56.3611017779523,36.3989198348128,65.5404994377207,37.5967626164168,31.677132578953,56.0779327380455,49.0096633935043,36.3703235072724,54.9446372896849,18.1301488650961,50.0957852094765,10.7003612681404,67.5083254350103,32.445735417815,42.0948452321689,49.5227135816856,59.893992799395,60.7580739299605,47.9042503879221,13.6456599000687
56.6315258466175,48.5910870058764,58.5874992475864,53.1653254570032,49.6700668124633,27.434373136365,60.6368034610336,49.2858827298682,32.1667464094478,43.4148859637943,59.0097337406554,56.3611017779523,36.3989198348128,65.5404994377207,37.6042529400923,31.677132578953,56.0841867974599,49.0567317829214,36.3703235072724,54.9446372896849,18.1301488650961,50.0957852094765,10.7003612681404,67.5083254350103,32.445735417815,42.0948452321689,49.5658879631673,59.893992799395,60.7580739299605,47.9042503879221,13.6456599000687
56.6315258466175,48.5910870058764,58.5874992475864,53.1653254570032,49.6700668124633,27.434373136365,60.6368034610336,49.2929310537199,32.1667464094478,43.4148859637943,59.0273208697325,56.3611017779523,36.3989198348128,65.5404994377207,37.6042529400923,31.677132578953,56.0841867974599,49.0876186756846,36.3990289176586,54.9446372896849,18.1301488650961,50.0957852094765,10.7003612681404,67.5083254350103,32.445735417815,42.0948452321689,49.5658879631673,59.893992799395,60.7580739299605,48.014799112452,13.6456599000687
56.6317542050795,48.5910870058764,58.5874992475864,53.1653254570032,49.6700668124633,27.434373136365,60.6368034610336,49.2974850439516,32.1667464094478,43.4148859637943,59.0273208697325,56.3611017779523,36.3989198348128,65.5404994377207,37.6088842626858,31.677132578953,56.0897273349028,49.0876186756846,36.3990289176586,54.9446372896849,18.1301488650961,50.0957852094765,10.7003612681404,67.5139731893823,32.445735417815,42.0948452321689,49.59789907588,59.893992799395,60.7706366971822,48.1351444067593,13.6456599000687
56.6322635297494,48.5910870058764,58.5874992475864,53.1653254570032,49.6713950255246,27.434373136365,60.6368034610336,49.2974850439516,32.1667464094478,43.4148859637943,59.0732800169336,56.3611017779523,36.3989198348128,65.5404994377207,37.6133429947468,31.677132578953,56.0897273349028,49.1197861288398,36.4290885078254,54.9446372896849,18.1301488650961,50.0957852094765,10.7003612681404,67.5168602347044,32.445735417815,42.096674099471,49.6233250530464,59.893992799395,60.7892509942277,48.1351444067593,13.6456599000687
56.6322635297494,48.5910870058764,58.5874992475864,53.1653254570032,49.6713950255246,27.434373136365,60.6368034610336,49.3036546307445,32.1667464094478,43.4148859637943,59.0732800169336,56.3611017779523,36.3989198348128,65.5404994377207,37.6133429947468,31.677132578953,56.0897273349028,49.15601484768,36.4290885078254,54.9457205682914,18.1301488650961,50.0957852094765,10.7003612681404,67.5255371015977,32.445735417815,42.096674099471,49.6233250530464,59.893992799395,60.7892509942277,48.1906020316322,13.6456599000687
56.6325056670579,48.5910870058764,58.5874992475864,53.1653254570032,49.6713950255246,27.434373136365,60.6553448014314,49.3100377570311,32.1667464094478,43.4148859637943,59.0732800169336,56.3611017779523,36.3989198348128,65.5404994377207,37.6161102338591,31.677132578953,56.0943894386822,49.15601484768,36.4587449401519,54.9457205682914,18.1301488650961,50.0957852094765,10.7003612681404,67.5300268425356,32.445735417815,42.096674099471,49.636978171412,59.893992799395,60.820818762051,48.2697014383295,13.6456599000687
56.6329811182213,48.5910870058764,58.5874992475864,53.1653254570032,49.6733810531574,27.434373136365,60.6553448014314,49.3100377570311,32.1667464094478,43.4148859637943,59.0732800169336,56.3611017779523,36.3989198348128,65.5404994377207,37.6161102338591,31.677132578953,56.0943894386822,49.1816486183156,36.4587449401519,54.9457205682914,18.1301488650961,50.0957852094765,10.7003612681404,67.5300268425356,32.445735417815,42.096674099471,49.6473762084275,59.893992799395,60.8377422869896,48.2697014383295,13.6456599000687
56.6329811182213,48.5910870058764,58.5874992475864,53.1653254570032,49.6733810531574,27.434373136365,60.6908530902662,49.3140343087814,32.1667464094478,43.4148859637943,59.1142209246167,56.3611017779523,36.3989198348128,65.5404994377207,37.6161102338591,31.677132578953,56.1030658596545,49.2063708285442,36.4587449401519,54.9457205682914,18.1301488650961,50.0957852094765,10.7003612681404,67.5306286249312,32.445735417815,42.096674099471,49.6473762084275,59.893992799395,60.8377422869896,48.300315863633,13.6456599000687
56.6331094401236,48.5910870058764,58.5874992475864,53.1653254570032,49.6733810531574,27.434373136365,60.6908530902662,49.3249649577851,32.1667464094478,43.4148859637943,59.1142209246167,56.3611017779523,36.3989198348128,65.5404994377207,37.6161102338591,31.677132578953,56.1030658596545,49.2063708285442,36.4587449401519,54.9457205682914,18.1301488650961,50.0957852094765,10.7003612681404,67.5325449686868,32.445735417815,42.096674099471,49.6626612495152,59.893992799395,60.8687437044456,48.3599091962509,13.6456599000687
56.6331896605544,48.5910870058764,58.5874992475864,53.1653254570032,49.6743264829174,27.434373136365,60.6908530902662,49.3249649577851,32.1667464094478,43.4148859637943,59.1142209246167,56.3611017779523,36.3989198348128,65.5404994377207,37.6161102338591,31.677132578953,56.1030658596545,49.240873600809,36.4815964781111,54.9457205682914,18.1301488650961,50.0957852094765,10.7003612681404,67.5339574245935,32.445735417815,42.096674099471,49.6721650792079,59.893992799395,60.8725357551752,48.3599091962509,13.6456599000687
56.6331896605544,48.5910870058764,58.5874992475864,53.1670337564406,49.6743264829174,27.434373136365,60.6908530902662,49.3329349352321,32.1667464094478,43.4148859637943,59.1215350739399,56.3611017779523,36.3989198348128,65.5404994377207,37.6187548621363,31.677132578953,56.1092878540615,49.2558244010995,36.4815964781111,54.9457205682914,18.1301488650961,50.0957852094765,10.7003612681404,67.5339574245935,32.445735417815,42.096674099471,49.6721650792079,59.893992799395,60.8725357551752,48.410482373827,13.6456599000687
56.6331896605544,48.5910870058764,58.5874992475864,53.1670337564406,49.6751000923009,27.434373136365,60.6908530902662,49.3367924351934,32.1667464094478,43.4148859637943,59.147752043876,56.3611017779523,36.3989198348128,65.5404994377207,37.6187548621363,31.677132578953,56.1092878540615,49.2558244010995,36.4815964781111,54.9457205682914,18.1301488650961,50.0957852094765,10.7003612681404,67.5339574245935,32.445735417815,42.096674099471,49.6831447017493,59.893992799395,60.9062140292156,48.410482373827,13.6456599000687
56.6338448170334,48.5910870058764,58.5874992475864,53.1686417221151,49.6751000923009,27.434373136365,60.6908530902662,49.3367924351934,32.1667464094478,43.4148859637943,59.1596402520588,56.3611017779523,36.3989198348128,65.5404994377207,37.6187548621363,31.677132578953,56.1092878540615,49.2746205024343,36.5121982866168,54.9457205682914,18.1301488650961,50.0957852094765,10.7003612681404,67.5345299807642,32.445735417815,42.096674099471,49.7043551182495,59.893992799395,60.9277102435582,48.410482373827,13.6456599000687
56.6338448170334,48.5910870058764,58.5874992475864,53.1686417221151,49.6751000923009,27.434373136365,60.6908530902662,49.3426419227945,32.1667464094478,43.4148859637943,59.1596402520588,56.3611017779523,36.3989198348128,65.5404994377207,37.6187548621363,31.677132578953,56.1174446225378,49.2902005540025,36.5342010306713,54.9457205682914,18.1301488650961,50.0957852094765,10.7003612681404,67.5345299807642,32.445735417815,42.096674099471,49.7043551182495,59.893992799395,60.9277102435582,48.410482373827,13.6456599000687
56.6338448170334,48.5910870058764,58.5874992475864,53.1686417221151,49.6751000923009,27.434373136365,60.7018345953724,49.3426419227945,32.1667464094478,43.4148859637943,59.1644325057082,56.3611017779523,36.3989198348128,65.5404994377207,37.6237733073786,31.6771845371614,56.1174446225378,49.2902005540025,36.5342010306713,54.9457205682914,18.1301488650961,50.0957852094765,10.7003612681404,67.5345299807642,32.445735417815,42.096674099471,49.7242476806843,59.893992799395,60.9709104828329,48.4203019568223,13.6456599000687
56.6338448170334,48.5910870058764,58.5874992475864,53.1696915880728,49.6751000923009,27.434373136365,60.7066247146389,49.3426419227945,32.1667464094478,43.4148859637943,59.1835580718275,56.3611017779523,36.3989198348128,65.5404994377207,37.6237733073786,31.6771845371614,56.1276288638072,49.2988895837467,36.5583308675055,54.9457205682914,18.1301488650961,50.0957852094765,10.7003612681404,67.5345299807642,32.445735417815,42.096674099471,49.7381507479836,59.893992799395,61.0310537485514,48.4203019568223,13.6456599000687
56.6338448170334,48.5910870058764,58.5874992475864,53.1696915880728,49.6751000923009,27.434373136365,60.7066247146389,49.3455797049677,32.1667464094478,43.4148859637943,59.1835580718275,56.3611017779523,36.3989198348128,65.5404994377207,37.6244712922664,31.6771845371614,56.1276288638072,49.312896614445,36.5583308675055,54.9457205682914,18.1301498271119,50.0957852094765,10.7003612681404,67.5362641866026,32.445735417815,42.096674099471,49.7381507479836,59.893992799395,61.0310537485514,48.4203019568223,13.6456599000687
56.6345178804145,48.5910870058764,58.5874992475864,53.1733518901445,49.6751000923009,27.434373136365,60.7066247146389,49.3466518459615,32.1667464094478,43.4148859637943,59.2001621700421,56.3620112597367,36.3989198348128,65.5404994377207,37.6244712922664,31.6771845371614,56.1276288638072,49.312896614445,36.5822162539568,54.9457205682914,18.1301498271119,50.0957852094765,10.7003612681404,67.5362641866026,32.4462353178949,42.096674099471,49.7579195401012,59.893992799395,61.0310537485514,48.4236004330976,13.6456599000687
56.6364534071328,48.5910870058764,58.5876760614183,53.1733518901445,49.6751000923009,27.434373136365,60.7066247146389,49.3466518459615,32.1667464094478,43.4148859637943,59.2216992743947,56.3620112597367,36.3989198348128,65.5404994377207,37.6244712922664,31.6771845371614,56.1349829281786,49.3206875482514,36.5985567061413,54.9457205682914,18.1301498271119,50.0957852094765,10.7003612681404,67.5362641866026,32.4462353178949,42.096674099471,49.7670476146231,59.893992799395,61.0932864896399,48.4236004330976,13.6456599000687
56.6364534071328,48.5997207355729,58.5876760614183,53.1733518901445,49.6751000923009,27.434373136365,60.7066247146389,49.3507544154094,32.1667464094478,43.4148859637943,59.2216992743947,56.3623263133918,36.3989198348128,65.5404994377207,37.6280875399133,31.6771845371614,56.1349829281786,49.3322975977899,36.5985567061413,54.9457205682914,18.1301498271119,50.0957852094765,10.7003612681404,67.5362641866026,32.4462353178949,42.096674099471,49.7670476146231,59.893992799395,61.2016026694331,48.4236004330976,13.6456599000687
56.6370250747358,48.5997207355729,58.5876760614183,53.1769229507384,49.6751000923009,27.434373136365,60.7066247146389,49.3532708528876,32.1667464094478,43.4148859637943,59.2355324668402,56.3623263133918,36.3989198348128,65.5404994377207,37.6280875399133,31.6771845371614,56.1416644300438,49.3322975977899,36.6228694671073,54.9457205682914,18.1301498271119,50.0957852094765,10.7003612681404,67.5362641866026,32.4462353178949,42.096674099471,49.7921280316784,59.893992799395,61.3125812879993,48.4236004330976,13.6456599000687
56.6370250747358,48.5997207355729,58.588604355085,53.1769229507384,49.6751000923009,27.434373136365,60.7066247146389,49.3532708528876,32.1667464094478,43.4148859637943,59.2617809099515,56.3623263133918,36.3989198348128,65.5404994377207,37.6288606678995,31.6771845371614,56.1416644300438,49.3327626867196,36.6228694671073,54.9457205682914,18.1301498271119,50.0957852094765,10.7003612681404,67.5362641866026,32.4462353178949,42.096674099471,49.7951684144646,59.893992799395,61.3125812879993,48.4236004330976,13.6456599000687
56.6370250747358,48.5997207355729,58.588604355085,53.1869055124884,49.6762929769466,27.434373136365,60.7066247146389,49.3544345502351,32.1667464094478,43.4148859637943,59.2617809099515,56.3623263133918,36.3989198348128,65.5404994377207,37.6288606678995,31.6771845371614,56.1416644300438,49.3467800777701,36.6228694671073,54.9457205682914,18.1301498271119,50.0957852094765,10.7003612681404,67.5371519852237,32.4462353178949,42.096674099471,49.798029198019,59.893992799395,61.4210356968734,48.4280576785116,13.6456599000687
56.6373268560181,48.5997207355729,58.588604355085,53.1869055124884,49.6762929769466,27.434373136365,60.7066247146389,49.3575230741406,32.1667464094478,43.4148859637943,59.2820986396831,56.3623263133918,36.3989198348128,65.5404994377207,37.6288606678995,31.6771845371614,56.1515497629412,49.3467800777701,36.6405040725146,54.9457205682914,18.1301498271119,50.0957852094765,10.7003612681404,67.5371519852237,32.4462353178949,42.096674099471,49.8046601182515,59.893992799395,61.5075681706587,48.4280576785116,13.6456599000687
56.637961715892,48.5997207355729,58.588604355085,53.1869055124884,49.6771175759998,27.434373136365,60.7066247146389,49.3575230741406,32.1667464094478,43.4148859637943,59.304991467205,56.3623263133918,36.3989198348128,65.5404994377207,37.6307254127715,31.6771845371614,56.1515497629412,49.3467800777701,36.6405040725146,54.9457205682914,18.1301498271119,50.0957852094765,10.7003612681404,67.5372077660165,32.4462353178949,42.096674099471,49.8046601182515,59.893992799395,61.5075681706587,48.4280576785116,13.6456599000687
56.637961715892,48.5997207355729,58.588604355085,53.1869055124884,49.6771175759998,27.434373136365,60.7066247146389,49.3617025600383,32.1667464094478,43.4148859637943,59.304991467205,56.3623263133918,36.3989198348128,65.5404994377207,37.6307254127715,31.6771845371614,56.1515497629412,49.3467800777701,36.6405040725146,54.9457205682914,18.1301498271119,50.0957852094765,10.7003612681404,67.5381422489609,32.4462353178949,42.096674099471,49.8154754313342,59.893992799395,61.585277670543,48.4550365960541,13.6457123774102
56.6384527957225,48.5997207355729,58.588604355085,53.1869055124884,49.6771175759998,27.434373136365,60.7066247146389,49.3644205241348,32.1667464094478,43.4148859637943,59.304991467205,56.3623263133918,36.3989198348128,65.5404994377207,37.633644716197,31.6771845371614,56.1619865808092,49.3467800777701,36.6591286977877,54.9457205682914,18.1301498271119,50.0957852094765,10.7003612681404,67.5381422489609,32.4462353178949,42.096674099471,49.8239028637654,59.893992799395,61.71319125694,48.4550365960541,13.6457123774102
56.6384527957225,48.5997207355729,58.588604355085,53.1869055124884,49.6771767925555,27.434373136365,60.7066247146389,49.3644205241348,32.1667929464587,43.4148859637943,59.3132277502704,56.3623263133918,36.3989198348128,65.5404994377207,37.633644716197,31.6771845371614,56.1619865808092,49.3645924842937,36.6591286977877,54.9457205682914,18.1301498271119,50.0957852094765,10.7003612681404,67.5384536918206,32.4462353178949,42.096674099471,49.8239028637654,59.893992799395,61.71319125694,48.4550365960541,13.6457216281075
56.6384527957225,48.5997207355729,58.588604355085,53.1921338685762,49.6771767925555,27.434373136365,60.7066247146389,49.3700029242233,32.1667929464587,43.4148859637943,59.3132277502704,56.3623263133918,36.3989198348128,65.5404994377207,37.633644716197,31.6771845371614,56.1702598135925,49.3689325385703,36.6591286977877,54.9457205682914,18.1301498271119,50.0957852094765,10.7003612681404,67.5384536918206,32.4462353178949,42.096674099471,49.8278201814594,59.893992799395,61.8336865998028,48.4612316116935,13.6457216281075
56.6384527957225,48.5997207355729,58.588604355085,53.1921338685762,49.6791690525838,27.434373136365,60.7066247146389,49.3755203303084,32.1667929464587,43.4148859637943,59.3132277502704,56.3623263133918,36.398921318249,65.5404994377207,37.6377302193335,31.6771845371614,56.1702598135925,49.3689325385703,36.6775340914709,54.9457205682914,18.1301498271119,50.0957852094765,10.7003612681404,67.5384536918206,32.4462353178949,42.096674099471,49.837273437795,59.893992799395,61.9115360973897,48.4612791621572,13.6457216281075
56.6384527957225,48.5997207355729,58.588604355085,53.1921338685762,49.6791690525838,27.434373136365,60.7066247146389,49.3755203303084,32.1667929464587,43.4148859637943,59.3183055966773,56.3623263133918,36.398921318249,65.5404994377207,37.6377302193335,31.6771845371614,56.1702598135925,49.3878518225502,36.6775340914709,54.9457205682914,18.1301498271119,50.0957852094765,10.7003730660585,67.5520571364665,32.4462353178949,42.096674099471,49.837273437795,59.893992799395,61.9115360973897,48.4612791621572,13.6457216281075
56.6384527957225,48.5997207355729,58.588604355085,53.1927481511485,49.6805466062609,27.434373136365,60.7066247146389,49.3795664662931,32.1667929464587,43.4148859637943,59.3183055966773,56.3623263133918,36.3989404170576,65.5404994377207,37.6377302193335,31.6771845371614,56.1762685941498,49.3980166819199,36.6775340914709,54.9457205682914,18.1301498271119,50.0957852094765,10.7003730660585,67.5564301893797,32.4462353178949,42.096674099471,49.8441632628742,59.893992799395,62.0443721843023,48.4702594082479,13.6457216281075
56.6385251998646,48.5997207355729,58.588604355085,53.1927481511485,49.6805466062609,27.434373136365,60.7066247146389,49.3853799410722,32.1667929464587,43.4148859637943,59.3362912398279,56.3623263133918,36.3989404170576,65.5404994377207,37.6417638262214,31.6771845371614,56.1762685941498,49.3980166819199,36.6997233302135,54.9457205682914,18.1301498271119,50.0957852094765,10.7004034996363,67.5564301893797,32.4462353178949,42.096674099471,49.8460488543275,59.893992799395,62.1676214970844,48.4787303724902,13.6457288093533
56.6399747982186,48.5997207355729,58.588604355085,53.1977669176736,49.6809323529547,27.434373136365,60.7066247146389,49.3853799410722,32.1667929464587,43.4148859637943,59.3633545528923,56.3623263133918,36.3989404170576,65.5586911893536,37.6417638262214,31.6771845371614,56.1870705142883,49.4291680296381,36.6997233302135,54.9457205682914,18.1301498271119,50.0957852094765,10.7004034996363,67.561737698089,32.4462353178949,42.096674099471,49.8551925329578,59.893992799395,62.1676214970844,48.4787303724902,13.6457288093533
56.6399747982186,48.5997207355729,58.588604355085,53.1977669176736,49.6809323529547,27.434373136365,60.7066247146389,49.3896805588542,32.1667929464587,43.4148859637943,59.3633545528923,56.3623263133918,36.3989404170576,65.5586911893536,37.6417638262214,31.6771845371614,56.1870705142883,49.4473327329778,36.714871084508,54.9457205682914,18.1301498271119,50.0957852094765,10.7004034996363,67.561737698089,32.4462353178949,42.096674099471,49.8610504395406,59.893992799395,62.2833511595065,48.4797587804552,13.6457288093533
56.6407117626322,48.5997207355729,58.588604355085,53.1977669176736,49.6809323529547,27.434373136365,60.7066247146389,49.3959769411768,32.1667929464587,43.4148859637943,59.3763093331644,56.3623703268688,36.3989404170576,65.5586911893536,37.6449722908601,31.6771845371614,56.1870705142883,49.4554324099291,36.714871084508,54.9457205682914,18.1301498271119,50.0957852094765,10.7004034996363,67.561737698089,32.4462353178949,42.096674099471,49.8645532286468,59.893992799395,62.3809308279412,48.481305330903,13.6457388716168
56.6412638990055,48.5997207355729,58.588604355085,53.1994493389502,49.6812011493688,27.434373136365,60.7066247146389,49.3959769411768,32.1667929464587,43.4148859637943,59.3821179524943,56.3623703268688,36.3989404170576,65.5770064552569,37.6449722908601,31.6771845371614,56.1981374003835,49.4554324099291,36.7299137511727,54.9457205682914,18.1301498271119,50.0957852094765,10.7004034996363,67.5712330516152,32.4462353178949,42.096674099471,49.8645532286468,59.893992799395,62.3809308279412,48.481305330903,13.6457388716168
56.6412638990055,48.5997207355729,58.588604355085,53.1994493389502,49.6812011493688,27.434373136365,60.7066247146389,49.406221764991,32.1667929464587,43.4148859637943,59.3821179524943,56.3623703268688,36.3989404170576,65.5770064552569,37.6482571048844,31.6771845371614,56.1981374003835,49.4585596025645,36.7299137511727,54.9457205682914,18.1301498271119,50.0957852094765,10.7004034996363,67.5712330516152,32.4462353178949,42.096674099471,49.8711058898069,59.893992799395,62.4926421914305,48.481305330903,13.6457388716168
56.6421779807854,48.5997207355729,58.588604355085,53.1994493389502,49.6820763554347,27.434373136365,60.7066247146389,49.4201763394439,32.1667929464587,43.4148859637943,59.4003529143159,56.3623703268688,36.3989426615945,65.5770064552569,37.6482571048844,31.6771845371614,56.2109036747503,49.4771951215354,36.7299137511727,54.9457205682914,18.1301498271119,50.0957852094765,10.7004034996363,67.5712330516152,32.4463527136065,42.096674099471,49.8776084101263,59.893992799395,62.5661165730203,48.481305330903,13.6457388716168
56.6432789529483,48.5997207355729,58.588604355085,53.2025521407727,49.6820763554347,27.434373136365,60.7066247146389,49.4201763394439,32.1667929464587,43.4148859637943,59.4245649133699,56.3623703268688,36.3989426615945,65.5770064552569,37.6482571048844,31.6772618638282,56.2109036747503,49.4771951215354,36.7559915264004,54.9457205682914,18.1301499685111,50.0957852094765,10.7004034996363,67.5712330516152,32.4463527136065,42.096674099471,49.8821477524304,59.893992799395,62.5661165730203,48.481305330903,13.6457388716168
56.6432789529483,48.5997207355729,58.588604355085,53.2025521407727,49.6823550815027,27.434373136365,60.7066247146389,49.429277617158,32.1667929464587,43.4148859637943,59.4245649133699,56.3623703268688,36.3989426615945,65.5770064552569,37.6504042292173,31.6772618638282,56.2109036747503,49.477448301248,36.7559915264004,54.9457205682914,18.1301499685111,50.0957852094765,10.7004034996363,67.5712330516152,32.4463527136065,42.096674099471,49.8821477524304,59.893992799395,62.687019992577,48.481305330903,13.6457388716168
56.6443731489491,48.5997207355729,58.588604355085,53.2025521407727,49.6832539922969,27.434373136365,60.7066247146389,49.4370971165972,32.1667929464587,43.4148859637943,59.4375941908098,56.3623703268688,36.3989426615945,65.5770064552569,37.6504042292173,31.6772644005631,56.222823175695,49.4958984892858,36.7755361080167,54.9457205682914,18.1301499685111,50.0957852094765,10.7004034996363,67.5712330516152,32.4463527136065,42.096674099471,49.8821477524304,59.893992799395,62.687019992577,48.4813787510784,13.6457388716168
56.6451571116515,48.5997207355729,58.588604355085,53.2031657468083,49.6832539922969,27.434373136365,60.7066247146389,49.4370971165972,32.1667929464587,43.4148859637943,59.4446135940636,56.3623703268688,36.3989426615945,65.5770064552569,37.6580285774305,31.6772644005631,56.222823175695,49.4958984892858,36.7755361080167,54.9457205682914,18.1301499685111,50.0957859655693,10.7004034996363,67.5712330516152,32.4463527136065,42.096674099471,49.8821477524304,59.893992799395,62.7206435749604,48.4813787510784,13.6457432876974
56.6451571116515,48.5997207355729,58.588604355085,53.2031657468083,49.6836697132474,27.434373136365,60.7066247146389,49.4504594599045,32.1667929464587,43.4148859637943,59.4446135940636,56.3623703268688,36.3989426615945,65.5770064552569,37.6580285774305,31.6772644005631,56.2416584267922,49.5081739254745,36.7889429159114,54.9457205682914,18.1301499685111,50.0957859655693,10.7004034996363,67.5712330516152,32.4463527136065,42.096674099471,49.8821477524304,59.893992799395,62.7206435749604,48.4834881424289,13.6457432876974
56.6456244409748,48.5997207355729,58.588604355085,53.2031657468083,49.6836697132474,27.434373136365,60.7066247146389,49.4618801776837,32.1667929464587,43.4148859637943,59.4530603220761,56.3623703268688,36.3989570025132,65.5770064552569,37.6580285774305,31.6775009165307,56.2416584267922,49.5343386852653,36.7889429159114,54.9457205682914,18.1301499685111,50.0957859655693,10.7004034996363,67.5712330516152,32.4463527136065,42.096674099471,49.8821477524304,59.893992799395,62.7532242027506,48.4834881424289,13.6457432876974
56.6458285304351,48.5997207355729,58.588604355085,53.2031657468083,49.6836697132474,27.434373136365,60.7066247146389,49.4618801776837,32.1667929464587,43.4148859637943,59.458188704416,56.3623703268688,36.3989570025132,65.5770064552569,37.6590601195714,31.6775009165307,56.2416584267922,49.5343386852653,36.7889429159114,54.9457205682914,18.1301499685111,50.0957859655693,10.7004034996363,67.5712330516152,32.4463527136065,42.096674099471,49.8821477524304,59.893992799395,62.7532242027506,48.4834881424289,13.6457432876974
56.6458285304351,48.5997207355729,58.588604355085,53.2031657468083,49.6847092561854,27.434373136365,60.7066247146389,49.4819340881736,32.1667929464587,43.4148859637943,59.458188704416,56.3624304429176,36.3989570025132,65.5770064552569,37.6590601195714,31.6775009165307,56.2416584267922,49.5575437794869,36.8059232090185,54.9457205682914,18.1301499685111,50.0957859655693,10.7004034996363,67.5712330516152,32.4463527136065,42.096674099471,49.8821477524304,59.893992799395,62.7532242027506,48.4834881424289,13.6458659212456
56.6464478820847,48.5997207355729,58.588604355085,53.2031657468083,49.6852571986988,27.434373136365,60.7066247146389,49.5091179337271,32.1667929464587,43.4148859637943,59.4657580270322,56.3624304429176,36.3989771765482,65.5770064552569,37.6590601195714,31.6775009165307,56.2569907286712,49.582194306013,36.8059232090185,54.9457205682914,18.1301499685111,50.0957859655693,10.7004034996363,67.5712330516152,32.4463527136065,42.096674099471,49.8821477524304,59.893992799395,62.7862983872743,48.4835817213217,13.6458659212456
56.6468677063406,48.5997207355729,58.588604355085,53.2066805159895,49.6852571986988,27.434373136365,60.7066247146389,49.5091179337271,32.1667929464587,43.4148859637943,59.4754942608603,56.3625954452471,36.3989771765482,65.5770064552569,37.6590601195714,31.6775009165307,56.2569907286712,49.582194306013,36.8177238517121,54.9457205682914,18.1301499685111,50.0957859655693,10.7004034996363,67.5712330516152,32.4463527136065,42.0976719713797,49.8821477524304,59.893992799395,62.7862983872743,48.4835817213217,13.6459456855336
56.6468677063406,48.6087056337867,58.588604355085,53.2066805159895,49.6852571986988,27.434373136365,60.7066247146389,49.5314051508367,32.1668008225603,43.4148859637943,59.4754942608603,56.3625954452471,36.3989979329693,65.5770064552569,37.6590601195714,31.6775009165307,56.2732705900233,49.6008029526688,36.8177238517121,54.9457205682914,18.1301499685111,50.0957859655693,10.7004034996363,67.5712330516152,32.4463527136065,42.0976719713797,49.8821477524304,59.893992799395,62.8108701610467,48.4835817213217,13.6459456855336
56.6470749211976,48.6087056337867,58.588604355085,53.2091966903957,49.6865414601248,27.434373136365,60.7066247146389,49.5380164220367,32.1668008225603,43.4148859637943,59.4906696124721,56.3625954452471,36.3989979329693,65.5770064552569,37.6590601195714,31.6775009165307,56.2732705900233,49.6368696859852,36.8177238517121,54.9457205682914,18.1301499685111,50.0957859655693,10.7004034996363,67.5712330516152,32.4463527136065,42.0976719713797,49.8821477524304,59.893992799395,62.8108701610467,48.4842992445004,13.645979093493
56.6472236919769,48.6087056337867,58.588604355085,53.2091966903957,49.6865414601248,27.434373136365,60.7066247146389,49.5380164220367,32.1668008225603,43.4148859637943,59.5066871976097,56.3627228268482,36.3989979329693,65.5770064552569,37.6590601195714,31.6775009165307,56.2732705900233,49.6368696859852,36.8177238517121,54.9457205682914,18.1301499685111,50.0957859655693,10.7004034996363,67.5712330516152,32.4463527136065,42.0976719713797,49.8821477524304,59.893992799395,62.8108701610467,48.4842992445004,13.645979093493
56.6472236919769,48.6087056337867,58.588604355085,53.2091966903957,49.6865414601248,27.434373136365,60.7066247146389,49.5600682569276,32.1668049707524,43.4148859637943,59.5066871976097,56.3627228268482,36.3990085291207,65.5770064552569,37.6590601195714,31.6775009165307,56.2854266272705,49.6601753972264,36.8269844824209,54.9457205682914,18.1301499685111,50.0957859655693,10.7004034996363,67.5712330516152,32.4463527136065,42.0976719713797,49.8821477524304,59.893992799395,62.8238383024361,48.4884865473597,13.6460136080576
56.6480914394092,48.6087056337867,58.588604355085,53.2105137356517,49.6873857438397,27.434373136365,60.7066247146389,49.5798819417218,32.1668049707524,43.4148859637943,59.5091374406414,56.3630515876134,36.3990085291207,65.5770064552569,37.6590601195714,31.6775009165307,56.2854266272705,49.6842136702518,36.8269844824209,54.9457205682914,18.1301499685111,50.0957859655693,10.7004034996363,67.5712330516152,32.4463527136065,42.0976719713797,49.8821477524304,59.893992799395,62.8238383024361,48.4884865473597,13.6460136080576
56.6482533454782,48.6087056337867,58.588604355085,53.2105137356517,49.6873857438397,27.434373136365,60.7066247146389,49.5798819417218,32.1668049707524,43.4148859637943,59.5147412781986,56.3633857895236,36.3990085291207,65.5770064552569,37.6590601195714,31.6775009165307,56.2988817872678,49.6842136702518,36.8362403000432,54.9457205682914,18.1301499685111,50.0957859655693,10.7004034996363,67.5712330516152,32.4463527136065,42.0976719713797,49.8821477524304,59.893992799395,62.8238383024361,48.4884865473597,13.6460510457706
56.6482533454782,48.6087056337867,58.588604355085,53.2105137356517,49.6873857438397,27.434373136365,60.7066247146389,49.6026016082433,32.1668049707524,43.4148859637943,59.5147412781986,56.3633857895236,36.399018577144,65.5770064552569,37.6654100378128,31.6775009165307,56.2988817872678,49.7051818095489,36.8362403000432,54.9457205682914,18.1301499685111,50.0957859655693,10.7004034996363,67.5712330516152,32.4463527136065,42.0976719713797,49.8895846500599,59.893992799395,62.8305754666303,48.4884865473597,13.6460510457706
56.6499943510066,48.6087056337867,58.588604355085,53.2105137356517,49.6873857438397,27.434373136365,60.7422656901347,49.6199659879255,32.1668479839509,43.4148859637943,59.5147412781986,56.3645323192461,36.399018577144,65.5770064552569,37.6654100378128,31.6775009165307,56.2988817872678,49.7178600984654,36.8362403000432,54.9457205682914,18.1301499685111,50.0957859655693,10.7004034996363,67.5712330516152,32.4463527136065,42.0976719713797,49.8895846500599,59.893992799395,62.8305754666303,48.4884865473597,13.6460510457706
56.65509241416,48.6087056337867,58.588604355085,53.2105137356517,49.6889382704345,27.434373136365,60.7422656901347,49.6199659879255,32.1668479839509,43.4148859637943,59.6012714243132,56.3652100783778,36.399018577144,65.5770064552569,37.6654100378128,31.6775009165307,56.3153035714144,49.7178600984654,36.8447454231484,54.9457205682914,18.1301499685111,50.0957859655693,10.7004034996363,67.5712330516152,32.4463527136065,42.0976719713797,49.8958242638589,59.893992799395,62.8305754666303,48.4884865473597,13.6460829108998
56.65509241416,48.6087056337867,58.588604355085,53.2108597684776,49.6889382704345,27.434373136365,60.7422656901347,49.6363515992867,32.1668479839509,43.4148859637943,59.6012714243132,56.3652100783778,36.3990698807589,65.5770064552569,37.670625170887,31.6775009165307,56.3153035714144,49.7318880605177,36.8447454231484,54.9457205682914,18.1301503880427,50.0957859655693,10.7004034996363,67.5712330516152,32.4463527136065,42.0976719713797,49.8958242638589,59.893992799395,62.8427417667596,48.4896800705329,13.6460829108998
56.6559459412198,48.6087056337867,58.588604355085,53.2108597684776,49.6889382704345,27.434373136365,60.7422656901347,49.6601883051946,32.1668479839509,43.4148859637943,59.6678455601322,56.3652100783778,36.3990698807589,65.5770064552569,37.670625170887,31.6775009165307,56.3275318545862,49.7396747068963,36.8447454231484,54.9457205682914,18.1301503880427,50.0957859655693,10.7004034996363,67.5712330516152,32.4463527136065,42.0976719713797,49.8958242638589,59.893992799395,62.8427417667596,48.4896800705329,13.6460829108998
56.6603544424331,48.6087056337867,58.588604355085,53.2108597684776,49.6899631366582,27.434373136365,60.7422656901347,49.6601883051946,32.1668479839509,43.4206104679183,59.7445384472762,56.3652100783778,36.3990698807589,65.5770064552569,37.6739865411833,31.6775009165307,56.3275318545862,49.7396747068963,36.8500036608106,54.9457205682914,18.1301503880427,50.0957859655693,10.7004034996363,67.5712330516152,32.4463527136065,42.0976719713797,49.8958242638589,59.893992799395,62.856683548652,48.4896800705329,13.6463810006109
56.6603544424331,48.6087056337867,58.588604355085,53.2108597684776,49.6899631366582,27.434373136365,60.7422656901347,49.6795161080441,32.1668962937534,43.4206104679183,59.7445384472762,56.365995153649,36.399086714612,65.5770064552569,37.6739865411833,31.6775009165307,56.3275318545862,49.7463353431084,36.8500036608106,54.9457205682914,18.1301503880427,50.0957859655693,10.7004034996363,67.5753046704043,32.4463527136065,42.0976719713797,49.8958242638589,59.893992799395,62.856683548652,48.4896800705329,13.6463810006109
56.6644320071086,48.6087056337867,58.588604355085,53.2108597684776,49.6908954931097,27.434373136365,60.7422656901347,49.7013738758779,32.1668962937534,43.4206104679183,59.8891519125203,56.365995153649,36.399086714612,65.5770064552569,37.6739865411833,31.6775009165307,56.3275318545862,49.7463353431084,36.8560684236434,54.9457205682914,18.1301503880427,50.0957859655693,10.7004034996363,67.5753046704043,32.4463527136065,42.0976719713797,49.9004749157651,59.893992799395,62.856683548652,48.4896800705329,13.6463810006109
56.6689038339757,48.6087056337867,58.588604355085,53.2108597684776,49.6908954931097,27.434373136365,60.7422656901347,49.7236205480719,32.1668962937534,43.4206104679183,59.996514760614,56.365995153649,36.3991353583749,65.5770064552569,37.6770723972632,31.6775009165307,56.3453971410006,49.7463353431084,36.8560684236434,54.9457205682914,18.1301503880427,50.0957859655693,10.7004034996363,67.5753046704043,32.4463527136065,42.0976719713797,49.9004749157651,59.893992799395,62.86252512951,48.4896800705329,13.6466323622311
56.6689038339757,48.6087056337867,58.588604355085,53.2122308909984,49.6908954931097,27.434373136365,60.7422656901347,49.7236205480719,32.1668962937534,43.4206104679183,59.996514760614,56.3675441985622,36.3991353583749,65.5770064552569,37.6770723972632,31.6775009165307,56.3453971410006,49.7463353431084,36.8599999766617,54.9457205682914,18.1301503880427,50.0957859655693,10.7004034996363,67.5889831562282,32.4463527136065,42.0976719713797,49.9077040915756,59.893992799395,62.86252512951,48.4900115618398,13.6467674651421
56.6755670972445,48.6087056337867,58.588604355085,53.2122308909984,49.6908954931097,27.434373136365,60.7422656901347,49.7559766577929,32.1668962937534,43.4206104679183,60.0825580002154,56.3691971108576,36.3991353583749,65.5770064552569,37.6813594374171,31.6775009165307,56.3453971410006,49.7463353431084,36.8599999766617,54.9457205682914,18.1301503880427,50.0957859655693,10.7004034996363,67.5889831562282,32.4463527136065,42.0976719713797,49.9077040915756,59.893992799395,62.8814909204074,48.4900115618398,13.6467674651421
56.6840078905072,48.6087056337867,58.588604355085,53.2122308909984,49.6919106433298,27.434373136365,60.7573504131686,49.782963466226,32.1668962937534,43.4206104679183,60.1402267142985,56.3691971108576,36.3991626255722,65.5770064552569,37.6813594374171,31.6775458540718,56.3588880775637,49.7463353431084,36.863503510231,54.9457205682914,18.1301503880427,50.0957859655693,10.7004034996363,67.5889831562282,32.4463527136065,42.0976719713797,49.9077040915756,59.893992799395,62.8814909204074,48.4900115618398,13.6467674651421
56.6840078905072,48.6087056337867,58.588604355085,53.2122308909984,49.6919106433298,27.434373136365,60.7573504131686,49.812702274895,32.1668962937534,43.4206104679183,60.1402267142985,56.3691971108576,36.3991626255722,65.5770064552569,37.6813594374171,31.6775458540718,56.3588880775637,49.7463353431084,36.863503510231,54.9457205682914,18.1301503880427,50.0957859655693,10.7004034996363,67.5948899555222,32.4463527136065,42.0976719713797,49.9077040915756,59.893992799395,62.8814909204074,48.4900115618398,13.6469780058628
56.6890039574413,48.6087056337867,58.588604355085,53.2134329293762,49.6919106433298,27.434373136365,60.7573504131686,49.8457205233697,32.1668962937534,43.4206104679183,60.3322243756088,56.3737103836726,36.3991626255722,65.5770064552569,37.6813594374171,31.6776672766174,56.3588880775637,49.7463353431084,36.863503510231,54.9457205682914,18.1301503880427,50.0957859655693,10.7004034996363,67.5948899555222,32.4463527136065,42.0976719713797,49.9077040915756,59.893992799395,62.8997413355354,48.4900115618398,13.6469780058628
56.6951789559156,48.6087056337867,58.588604355085,53.2134329293762,49.6944726217429,27.434373136365,60.7573504131686,49.8457205233697,32.1668962937534,43.4206104679183,60.4599762370946,56.3737103836726,36.3991626255722,65.5770064552569,37.6814986393872,31.6776672766174,56.3702619035208,49.7463353431084,36.8662440888075,54.9457205682914,18.1301503880427,50.0957859655693,10.7004034996363,67.5948899555222,32.4463527136065,42.0976719713797,49.9077040915756,59.893992799395,62.8997413355354,48.4900115618398,13.6469780058628
56.6951789559156,48.6087056337867,58.588604355085,53.216314404847,49.6944726217429,27.434373136365,60.7573504131686,49.8722778785628,32.1668962937534,43.4206104679183,60.4599762370946,56.3737103836726,36.3991626255722,65.5770064552569,37.6814986393872,31.6776672766174,56.3702619035208,49.7508730766338,36.8662440888075,54.9457205682914,18.1301503880427,50.0957859655693,10.7004034996363,67.5948899555222,32.4463527136065,42.0976719713797,49.9077040915756,59.893992799395,62.9119523556265,48.4900115618398,13.6472748289687
56.6988669547186,48.6087056337867,58.588604355085,53.216314404847,49.6959366871504,27.434373136365,60.7573504131686,49.8977177129043,32.1668962937534,43.4206104679183,60.7293829251974,56.3768451982336,36.3991626255722,65.5770064552569,37.6814986393872,31.6776672766174,56.3847757647294,49.7508730766338,36.8691805443265,54.9457205682914,18.1301503880427,50.0957859655693,10.7004034996363,67.5948899555222,32.4463527136065,42.0976719713797,49.9077040915756,59.893992799395,62.9119523556265,48.4903679050247,13.6472748289687
56.7039007667598,48.6087056337867,58.588604355085,53.2229500929399,49.6959366871504,27.434373136365,60.7573504131686,49.8977177129043,32.1668962937534,43.4206104679183,60.9018081559981,56.3768451982336,36.3991626255722,65.5770064552569,37.6894234212309,31.6776672766174,56.3847757647294,49.7508730766338,36.8691805443265,54.9457205682914,18.1301503880427,50.0957859655693,10.7004034996363,67.5948899555222,32.4463527136065,42.0976719713797,49.9077040915756,59.893992799395,62.9197346172919,48.4903679050247,13.6472748289687
56.7039007667598,48.6087056337867,58.588604355085,53.2229500929399,49.6996836031319,27.434373136365,60.7573504131686,49.9342691159936,32.1668962937534,43.4206104679183,60.9018081559981,56.3825999199795,36.3991626255722,65.5770064552569,37.6894234212309,31.6776672766174,56.3847757647294,49.756323271346,36.8691805443265,54.9457205682914,18.1301503880427,50.0957859655693,10.7004034996363,67.5948899555222,32.4463527136065,42.0976719713797,49.9077040915756,59.893992799395,62.9269630964277,48.4903679050247,13.6474756616342
56.7062395531139,48.6087056337867,58.588604355085,53.2231431395346,49.6996836031319,27.434373136365,60.7573504131686,49.9698545459752,32.1668962937534,43.4206104679183,61.0171814331251,56.3825999199795,36.3991626255722,65.5770064552569,37.6958923062532,31.6776672766174,56.3953336204904,49.756323271346,36.8715927743138,54.9457205682914,18.1301503880427,50.0957859655693,10.7004034996363,67.5948899555222,32.4463527136065,42.0976719713797,49.9077040915756,59.893992799395,62.9269630964277,48.4916206141741,13.6474756616342
56.7069491496174,48.6087056337867,58.5896833186535,53.2231431395346,49.6996836031319,27.434373136365,60.7573504131686,49.9698545459752,32.1668962937534,43.4206104679183,61.2213892601207,56.3863474192045,36.3991626255722,65.5770064552569,37.6958923062532,31.6776672766174,56.3953336204904,49.7595132593908,36.8715927743138,54.9457205682914,18.1301503880427,50.0957859655693,10.7004034996363,67.5948899555222,32.4463527136065,42.0976719713797,49.9077040915756,59.893992799395,62.9393815634014,48.4916206141741,13.6479525382753
56.7069491496174,48.6087056337867,58.5896833186535,53.2231431395346,49.7025160755072,27.434373136365,60.7573504131686,49.9978134343038,32.1668962937534,43.4206104679183,61.2213892601207,56.3863474192045,36.3991626255722,65.5770064552569,37.6958923062532,31.6776672766174,56.3953336204904,49.7595132593908,36.8715927743138,54.9457205682914,18.1301503880427,50.0957859655693,10.7004034996363,67.5948899555222,32.4463527136065,42.0976719713797,49.9077040915756,59.893992799395,62.9473466726468,48.4958560495002,13.6479525382753
56.7069491496174,48.6087056337867,58.5896833186535,53.2264946628497,49.7025160755072,27.434373136365,60.7573504131686,50.0281463889742,32.1668962937534,43.4206104679183,61.4395598015189,56.3918022450525,36.3991626255722,65.5770064552569,37.7039426627396,31.6776672766174,56.4038324829041,49.7595132593908,36.8728078942087,54.9457205682914,18.1301503880427,50.0957859655693,10.7004034996363,67.5948899555222,32.4463527136065,42.0976719713797,49.9077040915756,59.893992799395,62.9473466726468,48.4962136346524,13.6479525382753
56.7069491496174,48.6087056337867,58.5896833186535,53.2264946628497,49.7025160755072,27.434373136365,60.7573504131686,50.0281463889742,32.1668962937534,43.4206104679183,61.5723074516545,56.3918022450525,36.3991626255722,65.5770064552569,37.7039426627396,31.6776672766174,56.4038324829041,49.7617440142038,36.8728078942087,54.9457205682914,18.1301503880427,50.0957859655693,10.7004034996363,67.5948899555222,32.4466060487187,42.0982677007392,49.9077040915756,59.893992799395,62.9473466726468,48.4962136346524,13.6482721902941
56.7069491496174,48.6087056337867,58.5896833186535,53.2293242735556,49.7052334898378,27.434373136365,60.7573504131686,50.0613353572958,32.1668962937534,43.4206104679183,61.5723074516545,56.395472043501,36.3991626255722,65.5770064552569,37.7039426627396,31.6776672766174,56.4038324829041,49.7617440142038,36.8728078942087,54.9457205682914,18.1301503880427,50.0957859655693,10.7004034996363,67.5948899555222,32.4466060487187,42.0996668599825,49.9077040915756,59.893992799395,62.9555906347821,48.4962136346524,13.6482721902941
56.7069491496174,48.6087056337867,58.5896833186535,53.2293242735556,49.7052334898378,27.434373136365,60.7573504131686,50.0893419682849,32.1668962937534,43.4206104679183,61.6740596485487,56.395472043501,36.3991626255722,65.5770064552569,37.716068980827,31.6776672766174,56.4161879780637,49.7617440142038,36.8744277383366,54.9457205682914,18.1301503880427,50.0957859655693,10.7004034996363,67.5948899555222,32.4466060487187,42.0996668599825,49.9077040915756,59.893992799395,62.9555906347821,48.496837542861,13.6484683501972
56.7082089274224,48.6087056337867,58.5896833186535,53.2293242735556,49.7052334898378,27.434373136365,60.7573504131686,50.0893419682849,32.1668962937534,43.4206104679183,61.9267837397378,56.3994747965043,36.3991626255722,65.5770064552569,37.716068980827,31.6776672766174,56.4161879780637,49.7651710199613,36.8744277383366,54.9457205682914,18.1301503880427,50.0957859655693,10.7004034996363,67.5989261730395,32.4466060487187,42.0996668599825,49.9077040915756,59.893992799395,62.9555906347821,48.4972708290243,13.6484683501972
56.7082089274224,48.6087056337867,58.5896833186535,53.2293242735556,49.7105819913049,27.434373136365,60.7573504131686,50.1213528758036,32.1668962937534,43.4259410556708,61.9267837397378,56.3994747965043,36.3991626255722,65.5770064552569,37.716068980827,31.6776672766174,56.4161879780637,49.7651710199613,36.8744277383366,54.9457205682914,18.1301503880427,50.0957859655693,10.7004034996363,67.5989261730395,32.4466060487187,42.0996668599825,49.9077040915756,59.893992799395,62.9585451475565,48.4976419291277,13.6484683501972
56.7082636308068,48.6087056337867,58.5896833186535,53.2343214295433,49.7105819913049,27.434373136365,60.7573504131686,50.1452286276279,32.1668962937534,43.4259410556708,62.0951005325175,56.4046755502958,36.3991626255722,65.5770064552569,37.7203335031579,31.6776672766174,56.4251924894307,49.7651710199613,36.875268217475,54.9457205682914,18.1301503880427,50.0957859655693,10.7004034996363,67.5989261730395,32.4466060487187,42.0996668599825,49.9077040915756,59.893992799395,62.9585451475565,48.4976419291277,13.6487667230085
56.7087636455868,48.6087056337867,58.5896833186535,53.2343214295433,49.7105819913049,27.434373136365,60.7573504131686,50.1452286276279,32.1668962937534,43.4259410556708,62.2653078041142,56.4046755502958,36.3991626255722,65.5770064552569,37.7203335031579,31.6776672766174,56.4251924894307,49.7651710199613,36.875268217475,54.9457205682914,18.1301503880427,50.0957859655693,10.7004034996363,67.5989261730395,32.4466060487187,42.0996668599825,49.9077040915756,59.893992799395,62.9585451475565,48.4978224779122,13.6487667230085
56.7087636455868,48.6087056337867,58.5896833186535,53.2343214295433,49.7139325343744,27.434373136365,60.7573504131686,50.1452286276279,32.1668962937534,43.4259410556708,62.2653078041142,56.408554469091,36.3991626255722,65.5770064552569,37.7203335031579,31.6776672766174,56.4251924894307,49.7651710199613,36.875268217475,54.9457205682914,18.1301503880427,50.0957859655693,10.7004034996363,67.5989261730395,32.4466060487187,42.0996668599825,49.9077040915756,59.893992799395,62.9616615283427,48.4978224779122,13.6488753620229
56.7087636455868,48.6087056337867,58.5896833186535,53.2365596699022,49.7139325343744,27.434373136365,60.7573504131686,50.1452286276279,32.1668962937534,43.4259410556708,62.412899098536,56.408554469091,36.3991626255722,65.5770064552569,37.7203335031579,31.6776672766174,56.4364411781274,49.7651710199613,36.8768044406514,54.9457205682914,18.1301505438711,50.0957859655693,10.7004034996363,67.5989261730395,32.4466060487187,42.0996668599825,49.9077040915756,59.893992799395,62.9616615283427,48.5001686381087,13.6488753620229
56.7089838187379,48.6087056337867,58.5896833186535,53.2365596699022,49.892317892678,27.4343987810376,60.7573504131686,50.1452286276279,32.1669182963578,43.4259410556708,62.5485495476868,56.408554469091,36.3991626255722,65.5770064552569,37.7262801526676,31.6776672766174,56.4364411781274,49.7651710199613,36.8768044406514,54.9457205682914,18.1301505438711,50.0957859655693,10.7004034996363,67.5989261730395,32.4466060487187,42.0996668599825,49.9077040915756,59.893992799395,62.9616615283427,48.5036303018106,13.6489710395347
56.7089838187379,48.6087056337867,58.5896833186535,53.2387122966544,49.892317892678,27.4343987810376,60.7573504131686,50.1452286276279,32.1669182963578,43.4259410556708,62.5485495476868,56.4114372406001,36.3991626255722,65.5770064552569,38.1146993030018,31.6776672766174,56.4364411781274,49.7651710199613,36.8768044406514,54.9457205682914,18.1301526296991,50.0957859655693,10.7004034996363,67.5989261730395,32.4466060487187,42.0996668599825,49.9077040915756,59.893992799395,62.9653448566873,48.5075339646219,13.6490151500136
56.7089838187379,48.6087056337867,58.5896833186535,53.2387122966544,50.1479646158195,27.4343987810376,60.7573504131686,50.1452286276279,32.1669182963578,43.4259410556708,62.5623512562121,56.4114372406001,36.3991626255722,65.5770064552569,38.1146993030018,31.6776672766174,56.4457799820353,49.7651710199613,36.8786485291033,54.9457205682914,18.1301526296991,50.0957859655693,10.7004034996363,67.600685926593,32.4466060487187,42.0996668599825,49.9077040915756,59.893992799395,62.9653448566873,48.5075339646219,13.6490151500136
56.7089838187379,48.6087056337867,58.5896833186535,53.2387122966544,50.1479646158195,27.4343987810376,60.7573504131686,50.1452286276279,32.1669182963578,43.4259410556708,62.5623512562121,56.412416433422,36.3991626255722,65.5770064552569,38.1146993030018,31.6776672766174,56.4457799820353,49.7651710199613,36.8786485291033,54.9457205682914,18.1301526296991,50.0957859655693,10.7004034996363,67.600685926593,32.4466060487187,42.0996668599825,49.9077040915756,59.893992799395,62.9653448566873,48.5171955321302,13.6490755133278
56.7089838187379,48.6087056337867,58.5896833186535,53.2424017436649,50.1479646158195,27.4343987810376,60.7573504131686,50.1452286276279,32.1669182963578,43.4259410556708,62.5623512562121,56.412416433422,36.3991626255722,65.5770064552569,38.1146993030018,31.6776672766174,56.4457799820353,49.7651710199613,36.8786485291033,54.9457205682914,18.1301526296991,50.0957859655693,10.7004034996363,67.600685926593,32.4466060487187,42.0996668599825,49.9077040915756,59.893992799395,62.9745218814104,48.521903495578,13.6491123472365
56.7089838187379,48.6087056337867,58.5896833186535,53.2424017436649,50.2720167487692,27.4343987810376,60.7573504131686,50.1452286276279,32.1669182963578,43.4259410556708,62.5922402937061,56.412416433422,36.3991626255722,65.5770064552569,38.1146993030018,31.6776672766174,56.4525861427746,49.7651710199613,36.879819519839,54.9457205682914,18.1301526296991,50.0957859655693,10.7004034996363,67.601504659906,32.4466060487187,42.0996668599825,49.9077040915756,59.893992799395,62.9745218814104,48.5313936254649,13.6491123472365
56.7090977150728,48.6087056337867,58.5896833186535,53.2433453933468,50.7274844217411,27.4343987810376,60.7573504131686,50.1452286276279,32.1669182963578,43.4259410556708,62.6850789578523,56.4143444234661,36.3991626255722,65.5770064552569,38.1146993030018,31.6776672766174,56.4525861427746,49.7651710199613,36.879819519839,54.9462074685417,18.1301526296991,50.0957859655693,10.7004034996363,67.601504659906,32.4466060487187,42.0996668599825,49.9077040915756,59.893992799395,62.9745218814104,48.536878560596,13.6491656192315
56.7090977150728,48.6087056337867,58.5896833186535,53.2433453933468,50.7274844217411,27.4343987810376,60.7573504131686,50.1452286276279,32.1669182963578,43.4259410556708,62.6850789578523,56.4143444234661,36.3991626255722,65.5770064552569,39.1098049064424,31.6776672766174,56.4525861427746,49.7651710199613,36.879819519839,54.9462074685417,18.1301526296991,50.0957859655693,10.7004034996363,67.6043897114132,32.4466060487187,42.0996668599825,49.9077040915756,59.893992799395,62.9797565907528,48.5450279551063,13.6491656192315
56.7092620780971,48.6087056337867,58.5896833186535,53.2433453933468,50.7274844217411,27.4343987810376,60.7573504131686,50.1452286276279,32.1669182963578,43.4259410556708,62.6850789578523,56.4156045374337,36.3991626255722,65.5770064552569,40.1983603317783,31.6776672766174,56.4588272520879,49.7651710199613,36.8819045694649,54.9462074685417,18.1301526296991,50.0957859655693,10.7004034996363,67.6043897114132,32.4466060487187,42.100451314862,49.9077040915756,59.893992799395,62.9797565907528,48.5545654904175,13.6491751212461
56.7093624119704,48.6087056337867,58.5896833186535,53.2453377958983,51.0283221316887,27.4343987810376,60.7573504131686,50.1452286276279,32.1669182963578,43.4259410556708,62.6912890721088,56.4156045374337,36.3991626255722,65.5770064552569,40.6452046117018,31.6776672766174,56.4588272520879,49.7651710199613,36.8819045694649,54.9462074685417,18.1301526296991,50.0957859655693,10.7004034996363,67.6043897114132,32.4466060487187,42.100451314862,49.9077040915756,59.893992799395,62.9797565907528,48.5631702174948,13.6491751212461
56.7093624119704,48.614754913678,58.5896833186535,53.2453377958983,51.0283221316887,27.4343987810376,60.7573504131686,50.1452286276279,32.1669182963578,43.4259410556708,62.6912890721088,56.4156045374337,36.3991626255722,65.5770064552569,40.6452046117018,31.6776672766174,56.4588272520879,49.7651710199613,36.8819045694649,54.9462074685417,18.1301526296991,50.0957859655693,10.7004034996363,67.6043897114132,32.4466060487187,42.1015097967115,49.9077040915756,59.893992799395,62.985661590183,48.5700704360956,13.6492219754176
56.7094251858394,48.614754913678,58.5896833186535,53.2504900741614,51.0283221316887,27.4343987810376,60.7573504131686,50.1452286276279,32.1669182963578,43.4259410556708,62.6912890721088,56.417747656896,36.3991626255722,65.5770064552569,40.6452046117018,31.6776672766174,56.4588272520879,49.7651710199613,36.8830253841233,54.9462074685417,18.1301526296991,50.0957859655693,10.7004034996363,67.6046622823169,32.4466060487187,42.1015097967115,49.9077040915756,59.893992799395,62.985661590183,48.5794889218922,13.6492219754176
56.7094654322224,48.614754913678,58.5896833186535,53.2504900741614,53.1451932297442,27.4346850664087,60.7573504131686,50.1452286276279,32.1669182963578,43.4259410556708,62.6912890721088,56.417747656896,36.3991626255722,65.5770064552569,40.6452046117018,31.6776672766174,56.4639315229397,49.7651710199613,36.8830253841233,54.9462074685417,18.1301526296991,50.0957860670654,10.7004034996363,67.6046622823169,32.4466060487187,42.1015097967115,49.9077040915756,59.893992799395,62.985661590183,48.586089407451,13.6492219754176
56.7094654322224,48.614754913678,58.5896833186535,53.2504900741614,53.1451932297442,27.4346850664087,60.7573504131686,50.1452286276279,32.1669182963578,43.4259410556708,62.6912890721088,56.417747656896,36.3991626255722,65.5770064552569,41.2835956560023,31.677703365596,56.4639315229397,49.7651710199613,36.8830253841233,54.9462074685417,18.1301526296991,50.0957860670654,10.7004034996363,67.6046622823169,32.4466060487187,42.1024119959473,49.9077040915756,59.893992799395,62.985661590183,48.5915731232462,13.6492368585157
56.7096509595799,48.614754913678,58.5896833186535,53.2584548802012,53.1451932297442,27.4348576016646,60.7758553032744,50.1452286276279,32.1669182963578,43.4259410556708,62.7332226944536,56.4208477564642,36.3991626255722,65.5770064552569,41.7046950293628,31.6777375178628,56.4639315229397,49.7651710199613,36.8830253841233,54.9465156489357,18.1301526296991,50.0957860670654,10.7004034996363,67.6046622823169,32.4466060487187,42.1024119959473,49.9077040915756,59.893992799395,63.0096441094253,48.5915731232462,13.6492368585157
56.7096509595799,48.614754913678,58.5896833186535,53.2584548802012,53.1451932297442,27.4348576016646,60.7758553032744,50.1452286276279,32.1669182963578,43.4259410556708,62.7332226944536,56.4208477564642,36.3991626255722,65.5770064552569,41.7351819501403,31.6777375178628,56.4740128131568,49.7651710199613,36.8839273312672,54.9465156489357,18.1301526296991,50.0957860670654,10.7004034996363,67.6046622823169,32.4466060487187,42.1033288904672,49.9077040915756,59.893992799395,63.0096441094253,48.5915731232462,13.6492368585157
56.7096509595799,48.614754913678,58.5898083437607,53.267359350185,53.1451932297442,27.4348576016646,60.7847311418043,50.1452286276279,32.1669182963578,43.4259410556708,62.7556845955433,56.4240110523061,36.3991626255722,65.5770064552569,42.2822045499007,31.6777375178628,56.4740128131568,49.7651710199613,36.8839273312672,54.9465156489357,18.1301529375393,50.0957860670654,10.7004034996363,67.6046622823169,32.4466060487187,42.1033288904672,49.9077040915756,59.893992799395,63.0114534940356,48.5974215668809,13.6492528236761
56.7096576469249,48.614754913678,58.5898083437607,53.267359350185,53.1451932297442,27.4349543766974,60.7847311418043,50.1452286276279,32.1669182963578,43.4259410556708,62.7556845955433,56.4240110523061,36.3991626255722,65.5770064552569,42.2822045499007,31.6777375178628,56.4740128131568,49.7651710199613,36.8839273312672,54.9465156489357,18.1301529375393,50.0957860670654,10.7004034996363,67.6046622823169,32.4466060487187,42.1033288904672,49.9077040915756,59.893992799395,63.0114534940356,48.5974215668809,13.6492528236761
56.7096576469249,48.614754913678,58.5898083437607,53.2673806331001,54.0348721074471,27.4349543766974,60.7847311418043,50.1452286276279,32.1669182963578,43.4259410556708,62.7556845955433,56.4268950622343,36.3991626255722,65.5770064552569,42.546988307172,31.6777375178628,56.4813597595382,49.7651710199613,36.8839273312672,54.9465156489357,18.1301529375393,50.0957860670654,10.7004034996363,67.6046622823169,32.4466060487187,42.1037542422591,49.9130556068452,59.893992799395,63.0114534940356,48.5974215668809,13.649266337888
56.7096576469249,48.614754913678,58.5898083437607,53.2673806331001,55.2371521835174,27.4349543766974,60.7939117771014,50.1452286276279,32.1669182963578,43.4259410556708,62.7556845955433,56.4268950622343,36.3991626255722,65.5770064552569,42.7141780538951,31.6777375178628,56.4813597595382,49.7651710199613,36.8840155346396,54.9465156489357,18.1301529375393,50.0957860670654,10.7004034996363,67.6046622823169,32.4466060487187,42.1037542422591,49.9130556068452,59.893992799395,63.0267928930933,48.6000446706772,13.649266337888
56.7097587182415,48.614754913678,58.5898083437607,53.2695597157044,55.2371521835174,27.4351888642923,60.7939117771014,50.1452286276279,32.1669182963578,43.4259410556708,62.7556845955433,56.4268950622343,36.3991626255722,65.5770064552569,42.9138317767587,31.6777375178628,56.4813597595382,49.7651710199613,36.8840155346396,54.9468938389885,18.1301529375393,50.0957860670654,10.7004034996363,67.6046622823169,32.4466060487187,42.1043323806217,49.9189941677151,59.893992799395,63.0267928930933,48.6000446706772,13.6492688460969
56.7097587182415,48.614754913678,58.5898083437607,53.2695597157044,55.2371521835174,27.4351888642923,60.7939117771014,50.1452286276279,32.1669198930735,43.4259410556708,62.7556845955433,56.4331327605149,36.3991626255722,65.5770064552569,42.9875545742858,31.6777375178628,56.4908223718292,49.7651710199613,36.8840155346396,54.9468938389885,18.1301529375393,50.0957860670654,10.7004034996363,67.6046622823169,32.4466060487187,42.1043323806217,49.9189941677151,59.893992799395,63.035237117495,48.6000446706772,13.6492688460969
56.7097587182415,48.614754913678,58.5898083437607,53.2695597157044,55.9452872216345,27.4351888642923,60.7939117771014,50.1452286276279,32.1669198930735,43.4259410556708,62.7556845955433,56.4331327605149,36.3991626255722,65.5770064552569,43.4735136963125,31.6777375178628,56.4908223718292,49.7651710199613,36.8841232692798,54.9468938389885,18.1301529375393,50.0957860670654,10.7004034996363,67.6046622823169,32.4466060487187,42.1043323806217,49.9189941677151,59.893992799395,63.035237117495,48.6027547695657,13.6492688460969
56.7098852970008,48.614754913678,58.5898083437607,53.2695597157044,56.0205279644504,27.4353612503126,60.7939117771014,50.1452286276279,32.1669198930735,43.4259410556708,62.7556845955433,56.4331327605149,36.3991626255722,65.5770064552569,43.4735136963125,31.6777375178628,56.4908223718292,49.7651710199613,36.8841232692798,54.9468938389885,18.1301529375393,50.0957860670654,10.7004034996363,67.6046622823169,32.4466060487187,42.1048162899081,49.9189941677151,59.893992799395,63.035237117495,48.6027547695657,13.6493095282452
56.7098852970008,48.614754913678,58.5898083437607,53.2695597157044,56.0205279644504,27.4353612503126,60.7939117771014,50.1452286276279,32.1669198930735,43.4259410556708,62.7556845955433,56.4397455794147,36.3991626255722,65.5770064552569,43.4735136963125,31.6777375178628,56.503971335101,49.7674651735895,36.8841232692798,54.9468938389885,18.1301529375393,50.0957860670654,10.7004034996363,67.6046622823169,32.4466060487187,42.1048162899081,49.9189941677151,59.893992799395,63.0398996276079,48.6097200140532,13.6493095282452
56.7099266435329,48.614754913678,58.5898083437607,53.2695597157044,56.0205279644504,27.4356358642833,60.7939117771014,50.1452286276279,32.1669198930735,43.4259410556708,62.7556845955433,56.4397455794147,36.3991626255722,65.5770064552569,43.4735136963125,31.6777375178628,56.503971335101,49.7674651735895,36.8841232692798,54.9468938389885,18.1301529375393,50.0957860670654,10.7004034996363,67.6046622823169,32.4466060487187,42.105973134497,49.9189941677151,59.893992799395,63.0398996276079,48.6097200140532,13.6493443672318
56.7099266435329,48.614754913678,58.5898083437607,53.2731727529358,56.0205279644504,27.4356358642833,60.7939117771014,50.1452286276279,32.1669198930735,43.4259410556708,62.766721037034,56.4397455794147,36.3991626255722,65.5770064552569,43.4735136963125,31.6777375178628,56.503971335101,49.771319579558,36.8845105513643,54.9468938389885,18.1301529375393,50.0957860670654,10.7004034996363,67.6046622823169,32.4466060487187,42.105973134497,49.9189941677151,59.893992799395,63.0398996276079,48.6097200140532,13.6493443672318
56.7099266435329,48.614754913678,58.5898083437607,53.2731727529358,56.307097597098,27.4356358642833,60.7939117771014,50.1452286276279,32.1669198930735,43.4259410556708,62.766721037034,56.4436719583848,36.3991626255722,65.5770064552569,43.5096403477897,31.6777375178628,56.5135540125149,49.771319579558,36.8845105513643,54.9468938389885,18.1301529375393,50.0957860670654,10.7004034996363,67.6046622823169,32.4466060487187,42.105973134497,49.9189941677151,59.893992799395,63.0461714040432,48.611667759513,13.6493443672318
56.7099266435329,48.614754913678,58.5898083437607,53.2731727529358,56.307097597098,27.4357184816178,60.7939117771014,50.1452286276279,32.1669198930735,43.4259410556708,62.766721037034,56.4436719583848,36.3991626255722,65.5770064552569,43.5096403477897,31.6777375178628,56.5135540125149,49.771319579558,36.8845105513643,54.9468938389885,18.1301529375393,50.0957860670654,10.7004034996363,67.6046622823169,32.4466060487187,42.105973134497,49.9189941677151,59.893992799395,63.0461714040432,48.611667759513,13.6493541133843
56.7099266435329,48.614754913678,58.5898083437607,53.2731727529358,56.307097597098,27.4357184816178,60.7939117771014,50.1452286276279,32.1669198930735,43.4259410556708,62.775429525554,56.4479874560315,36.3991626255722,65.5770064552569,43.9767931994642,31.6777375178628,56.5135540125149,49.771319579558,36.8852784961132,54.9468938389885,18.1301529375393,50.0957860670654,10.7004034996363,67.6046622823169,32.4466060487187,42.105973134497,49.9189941677151,59.893992799395,63.0461714040432,48.6159218970152,13.6493541133843
56.7099266435329,48.614754913678,58.5898083437607,53.2768204355558,56.6249734541194,27.4358880488117,60.7939117771014,50.1452286276279,32.1669198930735,43.4259410556708,62.775429525554,56.4479874560315,36.3991626255722,65.5770064552569,44.3958766461356,31.6777375178628,56.5213045444275,49.771319579558,36.8852784961132,54.9468938389885,18.1301529375393,50.0957860670654,10.7004034996363,67.6046622823169,32.4466060487187,42.1060745075392,49.9189941677151,59.893992799395,63.0507028075846,48.6159218970152,13.6493541133843
56.7099266435329,48.614754913678,58.5898083437607,53.2768204355558,56.6249734541194,27.4358880488117,60.7939117771014,50.1452286276279,32.1669198930735,43.4259410556708,62.775429525554,56.4479874560315,36.3991852149659,65.5770064552569,45.9704807014801,31.6777375178628,56.5213045444275,49.771319579558,36.8852784961132,54.9468938389885,18.1301529375393,50.0957860670654,10.7004034996363,67.6046622823169,32.4466060487187,42.1060745075392,49.9189941677151,59.893992799395,63.0507028075846,48.6159218970152,13.6493541133843
56.7099266435329,48.614754913678,58.5898083437607,53.2820889156952,56.905163237504,27.4358880488117,60.8005320701955,50.1452286276279,32.1669198930735,43.4259410556708,62.781842545197,56.4533896908839,36.3991852149659,65.5770064552569,46.4394753083258,31.6777375178628,56.5213045444275,49.771319579558,36.8852784961132,54.9468938389885,18.1301529375393,50.0957860670654,10.7004034996363,67.6046622823169,32.4466060487187,42.1060745075392,49.9189941677151,59.893992799395,63.0507028075846,48.6188319416359,13.6494051196262
56.7099266435329,48.614754913678,58.5898083437607,53.2820889156952,56.905163237504,27.4359489175389,60.8005320701955,50.1452286276279,32.1669198930735,43.4259410556708,62.781842545197,56.4533896908839,36.3992391505235,65.5770064552569,46.4883903285135,31.6777375178628,56.5321965971384,49.771319579558,36.8852784961132,54.9468938389885,18.1301529375393,50.0957860670654,10.7004034996363,67.6046622823169,32.4466060487187,42.1068134705978,49.9189941677151,59.893992799395,63.0541950808244,48.6188319416359,13.6494051196262
56.7099266435329,48.614754913678,58.5898083437607,53.2820889156952,57.0776091157477,27.4359489175389,60.8068614281521,50.1452286276279,32.1669198930735,43.4259410556708,62.781842545197,56.4533896908839,36.3992391505235,65.5770064552569,46.4883903285135,31.6777375178628,56.5321965971384,49.771319579558,36.8857387896507,54.9468938389885,18.1301529375393,50.0957860670654,10.7004034996363,67.6046622823169,32.4466060487187,42.1068134705978,49.9189941677151,59.893992799395,63.0541950808244,48.6202021315076,13.6494095546406
56.7099266435329,48.614754913678,58.589905428164,53.2867106398416,57.0776091157477,27.4359489175389,60.8068614281521,50.1452286276279,32.1669198930735,43.4259410556708,62.781842545197,56.4567185200139,36.3992391505235,65.5770064552569,46.5609411900302,31.6777375178628,56.5321965971384,49.771319579558,36.8857387896507,54.9468938389885,18.1301529375393,50.0957860670654,10.7004034996363,67.6050931662498,32.4466060487187,42.1068134705978,49.9189941677151,59.893992799395,63.0541950808244,48.6202021315076,13.6494095546406
56.7099266435329,48.614754913678,58.589905428164,53.2867106398416,57.1081673355113,27.4362158455644,60.8068614281521,50.1452286276279,32.1669198930735,43.4259410556708,62.781842545197,56.4567185200139,36.3992391505235,65.5770064552569,47.0555603020895,31.6777375178628,56.5417867435246,49.771319579558,36.8857387896507,54.9468938389885,18.1301529375393,50.0957860670654,10.7004034996363,67.6050931662498,32.4466060487187,42.1068134705978,49.9189941677151,59.893992799395,63.058546156141,48.6202021315076,13.6494233669632
56.7099266435329,48.614754913678,58.589905428164,53.2867106398416,57.1081673355113,27.4362158455644,60.8068614281521,50.1452286276279,32.1669198930735,43.4259410556708,62.781842545197,56.4567185200139,36.3992391505235,65.5770064552569,47.1876903816517,31.6777375178628,56.5417867435246,49.771319579558,36.8857387896507,54.9468938389885,18.1301529375393,50.0957860670654,10.7004034996363,67.6050931662498,32.4466060487187,42.1068134705978,49.9189941677151,59.893992799395,63.058546156141,48.622556302984,13.6494233669632
56.7099930052254,48.614754913678,58.589905428164,53.2867106398416,57.1081673355113,27.436414033912,60.8068614281521,50.1452286276279,32.1669198930735,43.4259410556708,62.7827646131701,56.4580876524764,36.3992391505235,65.5770064552569,47.1876903816517,31.6777375178628,56.5417867435246,49.771319579558,36.886119306168,54.9468938389885,18.1301554399938,50.0957860670654,10.7004034996363,67.6050931662498,32.4466060487187,42.1068219782988,49.9189941677151,59.893992799395,63.058546156141,48.622556302984,13.649457440258
56.7099930052254,48.614754913678,58.5899683668263,53.287998123586,57.1081673355113,27.436414033912,60.8068614281521,50.1452286276279,32.1669198930735,43.4259410556708,62.7827646131701,56.4580876524764,36.3992391505235,65.5770064552569,47.5664988278743,31.6777375178628,56.5509772152937,49.771319579558,36.886119306168,54.9468938389885,18.1301554399938,50.0957860670654,10.7004034996363,67.6050931662498,32.4466060487187,42.1068219782988,49.9189941677151,59.893992799395,63.0618487261704,48.6229972019784,13.649457440258
56.7101513141676,48.614754913678,58.5899683668263,53.287998123586,57.2277552883057,27.4367669290785,60.8068614281521,50.1452286276279,32.1669198930735,43.4259410556708,62.7948652510447,56.4580876524764,36.3992391505235,65.5770064552569,47.6346978720288,31.6777375178628,56.5509772152937,49.771319579558,36.886119306168,54.9468938389885,18.1301554399938,50.0957860670654,10.7004034996363,67.6050931662498,32.4466060487187,42.1068219782988,49.9189941677151,59.893992799395,63.0618487261704,48.6229972019784,13.649457440258
56.7101513141676,48.614754913678,58.5899683668263,53.287998123586,57.2277552883057,27.4367669290785,60.8068614281521,50.1452286276279,32.1669198930735,43.4259410556708,62.7948652510447,56.4588933784833,36.3992391505235,65.5770064552569,47.7323829534795,31.6777375178628,56.5509772152937,49.771319579558,36.886119306168,54.9468938389885,18.1301556907223,50.0957860670654,10.7004034996363,67.6050931662498,32.4466060487187,42.1068219782988,49.9189941677151,59.893992799395,63.0618487261704,48.6229972019784,13.6494849117746
56.7101513141676,48.614754913678,58.5909117016051,53.287998123586,57.2277552883057,27.4372744241867,60.8068614281521,50.1452286276279,32.1669198930735,43.4259410556708,62.7948652510447,56.4588933784833,36.3992391505235,65.5770064552569,47.8477570990409,31.6777375178628,56.5616686540316,49.771319579558,36.8863593873199,54.9468938389885,18.1301556907223,50.0957860670654,10.7004034996363,67.6050931662498,32.4466060487187,42.1068219782988,49.9189941677151,59.893992799395,63.0618487261704,48.6229972019784,13.6494849117746
56.7101513141676,48.614754913678,58.5909117016051,53.287998123586,57.3315171284263,27.4372744241867,60.8068614281521,50.1452286276279,32.1669198930735,43.4259410556708,62.8049435112583,56.4588933784833,36.3992391505235,65.5770064552569,47.8477570990409,31.6777375178628,56.5616686540316,49.771319579558,36.8863593873199,54.9468938389885,18.1301556907223,50.0957860670654,10.7004034996363,67.6050931662498,32.4466060487187,42.1068219782988,49.9189941677151,59.893992799395,63.0618487261704,48.6229972019784,13.6494849117746
56.7101513141676,48.614754913678,58.5909117016051,53.287998123586,57.3315171284263,27.4375084748129,60.8068614281521,50.1691861276296,32.1669198930735,43.4259410556708,62.8125636072933,56.4594135537811,36.3992391505235,65.5770064552569,47.8477570990409,31.6777375178628,56.5616686540316,49.771319579558,36.8863593873199,54.9468938389885,18.1301556907223,50.0957860670654,10.7004034996363,67.6050931662498,32.4466060487187,42.1068219782988,49.9189941677151,59.893992799395,63.0652535992414,48.6229972019784,13.6495133355516
56.7101513141676,48.6314527816418,58.5909117016051,53.287998123586,58.1258061912644,27.4375084748129,60.8068614281521,50.1691861276296,32.1669198930735,43.4259410556708,62.8125636072933,56.4594135537811,36.3992391505235,65.5770064552569,47.8477570990409,31.6777375178628,56.5694601359578,49.771319579558,36.8863593873199,54.9468938389885,18.1301556907223,50.0957860670654,10.7004034996363,67.6050931662498,32.4466060487187,42.1068219782988,49.9189941677151,59.893992799395,63.0652535992414,48.6229972019784,13.6495133355516
56.7101513141676,48.6314527816418,58.5912009797254,53.2911863235211,58.5535672595374,27.4375084748129,60.8068614281521,50.1941158007904,32.1669198930735,43.4259410556708,62.8125636072933,56.4594135537811,36.3992391505235,65.5770064552569,47.9239757639119,31.6777375178628,56.5694601359578,49.7737624916845,36.8866519223542,54.9468938389885,18.1301556907223,50.0957860670654,10.7004034996363,67.6050931662498,32.4466060487187,42.1068219782988,49.9189941677151,59.893992799395,63.0652535992414,48.6229972019784,13.6495133355516
56.7101513141676,48.6314527816418,58.5912009797254,53.2911863235211,58.5535672595374,27.4377634977733,60.8068614281521,50.1941158007904,32.1669198930735,43.4259410556708,62.8125636072933,56.4613221433503,36.3992391505235,65.6239446933871,47.9239757639119,31.6777375178628,56.5694601359578,49.7737624916845,36.8866519223542,54.9468938389885,18.1301556907223,50.0957860670654,10.7004034996363,67.6050931662498,32.4466060487187,42.1068219782988,49.9189941677151,59.893992799395,63.071985085051,48.6229972019784,13.649522663394
56.7101513141676,48.6314527816418,58.5912009797254,53.2911863235211,58.7853982845171,27.4377634977733,60.8109714620153,50.1941158007904,32.1669206426303,43.4259410556708,62.8125636072933,56.4613221433503,36.3992391505235,65.6239446933871,47.9239757639119,31.6777375178628,56.5787723892008,49.7737624916845,36.8866519223542,54.9468938389885,18.1301556907223,50.0957860670654,10.7004034996363,67.6050931662498,32.4466060487187,42.1068219782988,49.9189941677151,59.893992799395,63.071985085051,48.6229972019784,13.649522663394
56.7101513141676,48.6314527816418,58.5912009797254,53.2911863235211,59.0150292441128,27.4380560424217,60.8109714620153,50.1941158007904,32.1669206426303,43.4259410556708,62.8205237238918,56.4613221433503,36.3992391505235,65.6534607372276,47.9497193914463,31.6777375178628,56.5787723892008,49.7778657543306,36.8866519223542,54.9469444909211,18.1301556907223,50.0957860670654,10.7004034996363,67.6050931662498,32.4467110084146,42.1068219782988,49.9189941677151,59.893992799395,63.071985085051,48.6229972019784,13.649522663394
56.7101513141676,48.6314527816418,58.5912009797254,53.2950880296284,59.0150292441128,27.4380560424217,60.8109714620153,50.1941158007904,32.1669206426303,43.4259410556708,62.8305427339068,56.4620533935122,36.3992391505235,65.6534607372276,48.0129055256408,31.6777375178628,56.5787723892008,49.7778657543306,36.8869981873744,54.9469444909211,18.1301556907223,50.0957860670654,10.7004119241228,67.6050931662498,32.4467110084146,42.1068468499484,49.9189941677151,59.893992799395,63.0776662533869,48.6229972019784,13.649522663394
56.7101513141676,48.6314527816418,58.5917048103701,53.2950880296284,59.2502185644185,27.4382419060526,60.8109714620153,50.1941158007904,32.1669206426303,43.4259410556708,62.8305427339068,56.4620533935122,36.3992391505235,65.6534607372276,48.0215383810813,31.6777375178628,56.5874944560846,49.7778657543306,36.8869981873744,54.9469444909211,18.1301556907223,50.0957860670654,10.7004119241228,67.6050931662498,32.4467110084146,42.1068468499484,49.9189941677151,59.8992230096283,63.0776662533869,48.6229972019784,13.6495463058536
56.7101513141676,48.6314527816418,58.5917048103701,53.2950880296284,59.3805600398467,27.4382419060526,60.8109714620153,50.1941158007904,32.1669206426303,43.4259410556708,62.8305427339068,56.4620533935122,36.3992391505235,65.6534607372276,48.0215383810813,31.6777375178628,56.5874944560846,49.7807109611474,36.8869981873744,54.9469444909211,18.1301556907223,50.0957860670654,10.7004162728432,67.6050931662498,32.4467110084146,42.1068468499484,49.9189941677151,59.8992230096283,63.0776662533869,48.6229972019784,13.6495463058536
56.7101513141676,48.6314527816418,58.5922293048857,53.2982152255533,59.4021838523823,27.4383921483904,60.8109714620153,50.1941158007904,32.1669206426303,43.4259410556708,62.8309485266076,56.4620533935122,36.3992391505235,65.6534607372276,48.03547688141,31.6777375178628,56.5874944560846,49.7807109611474,36.8869981873744,54.9469444909211,18.1301556907223,50.0957860670654,10.7004162728432,67.6050931662498,32.4467110084146,42.1068468499484,49.9189941677151,59.8992230096283,63.0855055134314,48.623801405289,13.6496104986947
56.7101513141676,48.6314527816418,58.5922293048857,53.2982152255533,59.4021838523823,27.4383921483904,60.8129177854499,50.1941158007904,32.1669253027889,43.4259410556708,62.8309485266076,56.4620533935122,36.3992391505235,65.6534607372276,48.0891159599235,31.6777375178628,56.5949225558108,49.7841008687651,36.8871880394114,54.9469444909211,18.1301556907223,50.0957860670654,10.7004162728432,67.6050931662498,32.4467110084146,42.1068468499484,49.9189941677151,59.901758806497,63.0855055134314,48.623801405289,13.6496104986947
56.7101513141676,48.6314527816418,58.5922293048857,53.2982152255533,59.4021838523823,27.4385773031408,60.8129177854499,50.1941158007904,32.1669253027889,43.4259410556708,62.8395767663064,56.4620533935122,36.3992794044688,65.6534607372276,48.0891159599235,31.6777375178628,56.5949225558108,49.7841008687651,36.8871880394114,54.9469444909211,18.1301556907223,50.0957860670654,10.7004377262065,67.6050931662498,32.4467110084146,42.1068468499484,49.9189941677151,59.901758806497,63.0855055134314,48.6241671568082,13.6496104986947
56.7101513141676,48.6314527816418,58.5922755788693,53.3045929840005,59.5545286985781,27.4385773031408,60.8129177854499,50.1941158007904,32.166934611944,43.4259410556708,62.8474445122534,56.4620533935122,36.3992794044688,65.6534607372276,48.0891159599235,31.6777375178628,56.5949225558108,49.7841008687651,36.8871880394114,54.9469444909211,18.1301556907223,50.0957860670654,10.7004377262065,67.6050931662498,32.4467110084146,42.1068468499484,49.9189941677151,59.901758806497,63.091644557131,48.6241671568082,13.6496104986947
56.7101513141676,48.6314527816418,58.5922755788693,53.3045929840005,59.716034509603,27.4387713407702,60.8129177854499,50.1941158007904,32.166934611944,43.4259410556708,62.8474445122534,56.4620533935122,36.3992794044688,65.6534607372276,48.0891159599235,31.6777375178628,56.6014028264061,49.7841008687651,36.8871880394114,54.9469779897113,18.1301556907223,50.0957860670654,10.7004377262065,67.6050931662498,32.4467110084146,42.1068468499484,49.9189941677151,59.901758806497,63.091644557131,48.6243091151936,13.6496638545992
56.7101513141676,48.6314527816418,58.5922755788693,53.3045929840005,59.7497111419715,27.4387713407702,60.8129177854499,50.1941158007904,32.166934611944,43.4259410556708,62.8498547334521,56.4623061618904,36.3992794044688,65.6534607372276,48.0967358527163,31.6777375178628,56.6014028264061,49.7841008687651,36.8873997109909,54.9469779897113,18.1301556907223,50.0957860670654,10.7004582431178,67.6067414414612,32.4467110084146,42.1068468499484,49.9189941677151,59.901758806497,63.091644557131,48.6243091151936,13.6496638545992
56.7103201670752,48.6314527816418,58.5946090473285,53.3052085181689,59.9674432350799,27.4387713407702,60.8149592177624,50.1941158007904,32.166934611944,43.4259410556708,62.8498547334521,56.4623061618904,36.3992794044688,65.6534607372276,48.0967358527163,31.6777375178628,56.6014028264061,49.7841008687651,36.8873997109909,54.9469779897113,18.1301556907223,50.0957860670654,10.7004582431178,67.6067414414612,32.4467110084146,42.1068468499484,49.9189941677151,59.901758806497,63.091644557131,48.6243461333698,13.6496638545992
56.7103201670752,48.6314527816418,58.5946090473285,53.3052085181689,60.1144188313634,27.4387713407702,60.8149592177624,50.1941158007904,32.166934611944,43.4259410556708,62.8498547334521,56.4623061618904,36.3992819283527,65.6534607372276,48.1350367340783,31.6777375178628,56.6091852093788,49.786679472978,36.8873997109909,54.9469779897113,18.1301556907223,50.0957860670654,10.7004582431178,67.6067414414612,32.4467110084146,42.1068468499484,49.9189941677151,59.901758806497,63.0954617703225,48.6243461333698,13.6497211175104
56.7103201670752,48.6314527816418,58.5946090473285,53.3052085181689,60.1144188313634,27.4388678012575,60.8149592177624,50.1941158007904,32.1669363972479,43.4259410556708,62.8539858525971,56.4623061618904,36.3992819283527,65.6534607372276,48.1350367340783,31.6777375178628,56.6091852093788,49.786679472978,36.8873997109909,54.9469779897113,18.1301556907223,50.0958296739706,10.7004647397951,67.6067414414612,32.4467110084146,42.1068468499484,49.9189941677151,59.901758806497,63.0954617703225,48.6243461333698,13.6497211175104
56.7103201670752,48.6314527816418,58.5953559891233,53.3084104022738,60.329697342946,27.5012863678691,60.8149592177624,50.1941158007904,32.1669363972479,43.4259410556708,62.8567043890218,56.4623061618904,36.3992819283527,65.6534607372276,48.2015551396207,31.6777375178628,56.6091852093788,49.7888284233046,36.8873997109909,54.9469779897113,18.1301556907223,50.0958296739706,10.7004647397951,67.6067414414612,32.4467110084146,42.1068468499484,49.9189941677151,59.901758806497,63.0954617703225,48.6246646252117,13.6497450884057
56.7103201670752,48.6314527816418,58.5953559891233,53.3084104022738,60.329697342946,27.5012863678691,60.8209302173948,50.1941158007904,32.1669363972479,43.4259410556708,62.8567043890218,56.4623061618904,36.3992819283527,65.6534607372276,48.2352162200725,31.6777375178628,56.6157943183756,49.7888284233046,36.8877113165762,54.9469779897113,18.1301556907223,50.0958296739706,10.7004647397951,67.6067414414612,32.4467110084146,42.1068468499484,49.9189941677151,59.901758806497,63.1087926557815,48.6246646252117,13.6497450884057
56.7103201670752,48.6314527816418,58.5953559891233,53.3084104022738,60.329697342946,27.5012863678691,60.8209302173948,50.1941158007904,32.1669363972479,43.4259410556708,62.8585215019964,56.4623061618904,36.3992819283527,65.6534607372276,48.3266271138388,31.6777375178628,56.6157943183756,49.7888284233046,44.4658354375902,54.9470452309633,18.1301556907223,50.0958296739706,10.7004647397951,67.6067414414612,32.4467110084146,42.1068468499484,49.9189941677151,59.901758806497,63.1087926557815,48.6246646252117,13.6497450884057
56.7103201670752,48.6314527816418,58.5969556418625,53.3084104022738,60.329697342946,27.9404996005431,60.8268121098603,50.1941158007904,32.1669363972479,43.4259410556708,62.8683218309243,56.4626498350189,36.3992819283527,65.6534607372276,48.3266271138388,31.6777375178628,56.6157943183756,49.7888284233046,44.4658354375902,54.9470452309633,18.1301556907223,50.0958296739706,10.7004647397951,67.6067414414612,32.4467110084146,42.1068468499484,49.9189941677151,59.901758806497,63.1087926557815,48.6250179291027,13.6497552071958
56.7103201670752,48.6314527816418,58.5969556418625,53.3084104022738,60.329697342946,27.9404996005431,60.8268121098603,50.1941158007904,32.1669363972479,43.4259410556708,62.8683218309243,56.4626498350189,36.3992819283527,65.6534607372276,48.3266271138388,31.6777375178628,56.6235853667481,49.7888284233046,44.4658354375902,54.9470452309633,18.1301556907223,50.0958296739706,10.7004708705961,67.6067414414612,32.4467110084146,42.1068468499484,49.9189941677151,59.901758806497,63.1087926557815,48.6250179291027,13.6497552071958
56.7103201670752,48.6314527816418,58.5969556418625,53.3084104022738,60.3742834427565,30.1921119236019,60.8268121098603,50.1941158007904,32.1669363972479,43.4341978838879,62.8766774063105,56.4626498350189,36.3992819283527,65.6534607372276,48.3266271138388,31.6777375178628,56.6235853667481,49.7899025885351,44.4658354375902,54.9470452309633,18.1301556907223,50.0958296739706,10.7004708705961,67.6067414414612,32.4467110084146,42.106856871657,49.9189941677151,59.901758806497,63.1268518094414,48.625242115876,13.6497552071958
56.7103201670752,48.6314527816418,58.5969556418625,53.3084104022738,60.3742834427565,31.6244632969792,60.8268121098603,50.1941158007904,32.1669363972479,43.4341978838879,62.8785040272356,56.4629748392479,36.3992819283527,65.6534607372276,48.3266271138388,31.6777375178628,56.6235853667481,49.7899025885351,44.4658354375902,54.9470746508822,18.1301556907223,50.0958296739706,10.700480990975,67.6067414414612,32.4467110084146,42.106856871657,49.9189941677151,59.901758806497,63.1268518094414,48.625242115876,13.6497636202366
56.7103201670752,48.6314527816418,58.5969556418625,53.3144022045883,60.3874613456852,32.3430816743084,60.8268121098603,50.1941158007904,32.1669363972479,43.4341978838879,62.8785040272356,56.4629748392479,36.3992819283527,65.6534607372276,48.3376874920463,31.6777375178628,56.6235853667481,49.7899025885351,44.4658354375902,54.9470746508822,18.1301556907223,50.0958296739706,10.700480990975,67.6067414414612,32.4467110084146,42.106856871657,49.9189941677151,59.901758806497,63.1268518094414,48.625242115876,13.6497636202366
56.7103201670752,48.6314527816418,58.5969556418625,53.3144022045883,60.6474109307828,32.3430816743084,60.8268121098603,50.1941158007904,32.1669400600995,43.4390762438004,62.883204904353,56.4629748392479,36.3992819283527,65.6534607372276,48.3376874920463,31.6777375178628,56.6295037321569,49.7899025885351,44.4658354375902,54.9470746508822,18.1301556907223,50.0958296739706,10.700480990975,67.6067414414612,32.4467110084146,42.1069131899081,49.9189941677151,59.901758806497,63.1392348766508,48.6255083455666,13.649783100885
56.7103201670752,48.6314527816418,58.5971778048096,53.3144022045883,60.6474109307828,34.79174687755,60.8268121098603,50.1941158007904,32.1669400600995,43.4487812430848,62.883204904353,56.4632901695703,36.3992819283527,65.6534607372276,48.3413927732239,31.6777375178628,56.6295037321569,49.7899025885351,44.4658354375902,54.9470746508822,18.1301556907223,50.0958296739706,10.700480990975,67.6067414414612,32.4467110084146,42.1069131899081,49.9189941677151,59.901758806497,63.1392348766508,48.6255083455666,15.486453022919
56.7103201670752,48.6314527816418,58.5971778048096,53.3144022045883,60.7900871622806,34.79174687755,60.8268121098603,50.1941158007904,32.1669408020874,43.4487812430848,62.883204904353,56.4632901695703,36.3992819283527,65.6534607372276,48.3966244632757,31.6777375178628,56.6295037321569,49.7899025885351,46.228078601832,54.9470746508822,18.1301556907223,50.0958296739706,10.700480990975,67.6067414414612,32.4467110084146,42.1071499354431,49.9189941677151,59.901758806497,63.1392348766508,48.6255083455666,15.486453022919
56.7103201670752,48.6443407361954,58.5979269611471,53.3144022045883,60.8752620182657,35.2652297355736,60.8268121098603,50.1941158007904,32.1669408020874,43.4487812430848,62.8848726198861,56.4632901695703,36.3992819283527,65.6534607372276,48.3966244632757,31.6777375178628,56.6401079247834,49.7899025885351,46.228078601832,54.9470746508822,18.1301556907223,50.0958296739706,10.700480990975,67.6067414414612,32.4467110084146,42.1071499354431,49.9189941677151,59.901758806497,63.1392348766508,48.6256203499477,15.486453022919
56.7103201670752,48.6443407361954,58.5979269611471,53.3144022045883,60.8752620182657,35.2652297355736,60.8268121098603,50.1941158007904,32.1669408020874,43.4487812430848,62.8867745594769,56.4634525646715,36.3992819283527,65.6534607372276,48.4165750944692,31.6777375178628,56.6401079247834,49.7899025885351,46.228078601832,54.9470746508822,18.1301556907223,50.0958296739706,10.7004825622879,67.6067414414612,32.4467110084146,42.1071499354431,49.9189941677151,59.901758806497,63.1500935268337,48.6256203499477,18.1567245835319
56.7103201670752,48.6552972305035,58.5981417661719,53.3176619003504,60.8752620182657,37.1075117327362,60.8268121098603,50.1941158007904,32.1669411469002,43.4487812430848,62.8867745594769,56.4634525646715,36.3992819283527,65.6534607372276,48.4165750944692,31.6777375178628,56.6401079247834,49.7899025885351,47.0763326845385,54.9470746508822,18.1301556907223,50.0958296739706,10.7004825622879,67.6067414414612,32.4467110084146,42.1071499354431,49.9189941677151,59.901758806497,63.1500935268337,48.6256203499477,18.3382453845267
56.7103201670752,48.6552972305035,58.5983439137261,53.3176619003504,60.8752620182657,37.1075117327362,60.8268121098603,50.1941158007904,32.1669411469002,43.4487812430848,62.8878144937941,56.4634525646715,36.3992819283527,65.6534607372276,48.4165750944692,31.6777375178628,56.6498920789026,49.7899025885351,48.0725037577958,54.9470746508822,18.1301556907223,50.0958296739706,10.7004825622879,67.6067414414612,32.4467110084146,42.1071499354431,49.9189941677151,59.901758806497,63.1500935268337,48.6257606436257,18.3382453845267
56.7103201670752,48.6552972305035,58.5983439137261,53.750864091584,60.9700673447497,37.1802592767696,60.8268121098603,50.1941158007904,32.1669423256115,43.4487812430848,62.8878144937941,56.4638223239069,36.3992836070088,65.6534607372276,48.4165750944692,31.6777375178628,56.6498920789026,49.7899025885351,48.0725037577958,54.9470746508822,18.1301556907223,50.0958296739706,10.7004831584146,67.6067414414612,32.4467110084146,42.1071499354431,49.9189941677151,59.901758806497,63.1500935268337,48.6257606436257,18.3382453845267
56.7103201670752,48.6552972305035,58.5990522017838,53.750864091584,61.2296439385159,37.1802592767696,60.835910549628,50.1941158007904,32.1669423256115,43.4487812430848,62.8878144937941,56.4638223239069,36.3992836070088,65.6534607372276,48.4165750944692,31.6777375178628,56.6498920789026,49.7899025885351,48.0725037577958,54.9470746508822,18.1301556907223,50.0958296739706,10.7004831584146,67.6067414414612,32.4467110084146,42.1071499354431,49.9189941677151,59.901758806497,63.1500935268337,48.6257606436257,18.3382453845267
56.7103201670752,48.6552972305035,58.5990522017838,53.750864091584,61.3518109419223,37.1802592767696,60.835910549628,50.1941158007904,32.1669423256115,43.4487812430848,62.8878144937941,56.4638223239069,36.3992836070088,65.6534607372276,48.436366758046,31.6777375178628,56.6597307181121,49.7899025885351,48.0725037577958,54.9470746508822,18.1301556907223,50.0958296739706,10.7004831584146,67.6067414414612,32.4467110084146,42.1071986244525,49.9189941677151,59.901758806497,63.1662339107255,48.6258473544267,18.7150637336129
56.7103201670752,48.6552972305035,58.5999979517793,53.750864091584,61.3518109419223,37.1802592767696,60.8405109270245,50.1941158007904,32.1669424546707,43.4487812430848,62.8883720692313,56.4638223239069,36.3992836070088,65.6534607372276,48.436366758046,31.6777375178628,56.6597307181121,49.7899025885351,48.0725037577958,54.9470746508822,18.1301556907223,50.0958296739706,10.7004831584146,67.6067414414612,32.4467110084146,42.1071986244525,49.9189941677151,59.901758806497,63.1662339107255,48.6258473544267,19.3560846714459
56.710548324137,48.6552972305035,58.5999979517793,54.1229757446499,61.528982708888,37.1802592767696,60.8405109270245,50.1941158007904,32.1669424546707,43.4487812430848,62.8883720692313,56.4638223239069,36.3992836070088,65.6534607372276,48.436366758046,31.6777375178628,56.6597307181121,49.7899025885351,48.0725037577958,54.9470746508822,18.1301556907223,50.0958296739706,10.7004831584146,67.6067414414612,32.4467110084146,42.1071986244525,49.9189941677151,59.901758806497,63.1662339107255,48.6258473544267,19.3560846714459
56.710548324137,48.6552972305035,58.5999979517793,54.4065205961688,61.6887389854499,37.1802592767696,60.8405109270245,50.1941158007904,32.1669428235392,43.4487812430848,62.8900300196578,56.463989523148,36.3992836070088,65.6534607372276,48.436366758046,31.6777375178628,56.6734026584995,49.7899025885351,48.0725037577958,54.9470970324576,18.1301556907223,50.0958296739706,10.7004845859461,67.6067414414612,32.4467110084146,42.1071986244525,49.9189941677151,59.901758806497,63.1662339107255,48.6258473544267,20.4709260460697
56.7107237574273,48.6552972305035,58.5999979517793,54.4065205961688,61.9106163051246,37.1802592767696,60.8405109270245,50.1941158007904,32.1669428235392,43.4539604092265,62.891092266899,56.463989523148,36.3992836070088,65.6534607372276,48.4515172918443,31.6777375178628,56.6734026584995,49.7899025885351,48.0725037577958,54.9470970324576,18.1301556907223,50.0958296739706,10.7004845859461,67.6067414414612,32.4467110084146,42.1071986244525,49.9189941677151,59.901758806497,63.1737666671938,48.6258473544267,21.1353212184477
56.7107237574273,48.6552972305035,58.5999979517793,54.664674269433,61.9106163051246,37.2721080060118,60.8405109270245,50.1941158007904,32.1669428235392,43.4539604092265,62.891092266899,56.463989523148,36.3992836070088,65.6534607372276,48.4565520481499,31.6777375178628,56.6734026584995,49.7899025885351,49.9454343311658,54.9470970324576,18.1301556907223,50.0958296739706,10.7004845859461,67.6067414414612,32.4467110084146,42.1073705901729,49.9189941677151,59.901758806497,63.1737666671938,48.6259672858952,22.6232361553928
56.7107237574273,48.6552972305035,58.5999979517793,55.0038098563137,62.1711525218131,38.0718434738686,60.8447437927804,50.1941158007904,32.1669428235392,43.4641782513027,62.8917887105665,56.463989523148,36.3992836070088,65.6534607372276,48.4565520481499,31.6777375178628,56.6844024561862,49.7899025885351,49.9454343311658,54.9470970324576,18.1301556907223,50.0958296739706,10.7004845859461,67.6067414414612,32.4467110084146,42.1073705901729,49.9189941677151,59.901758806497,63.1737666671938,48.6259672858952,23.5344341288635
56.7107237574273,48.6552972305035,58.5999979517793,55.0758151503441,62.4884916380765,38.0718434738686,60.8447437927804,50.1941158007904,32.1669428235392,43.4641782513027,62.8922549786594,56.46499044421,36.3992836070088,65.6534607372276,48.4593112781037,31.6777375178628,56.6844024561862,49.7899025885351,49.9454343311658,54.9470970324576,18.1301556907223,50.0958296739706,10.7004845859461,67.6067414414612,32.4467110084146,42.1073705901729,49.9189941677151,59.901758806497,63.1758936024248,48.6259672858952,24.7629374571918
56.7107237574273,48.6552972305035,58.5999979517793,55.0758151503441,62.7367795959866,38.0718434738686,60.8525576888329,50.1941158007904,32.1669428235392,43.4641782513027,62.8922549786594,56.46499044421,36.3992836070088,65.6861025107549,48.4599114674576,31.6777375178628,56.6844024561862,49.7899025885351,49.9454343311658,54.9471297782536,18.1301556907223,50.0958296739706,10.7004855846163,67.6067414414612,32.4467110084146,42.1074793051329,49.9189941677151,59.909577868056,63.1758936024248,48.6261876344204,24.7629374571918
56.7107237574273,48.6552972305035,58.6008552299651,55.321790649609,62.8660028100894,38.0718434738686,60.8525576888329,50.1941158007904,32.1669428235392,43.4747853715429,62.8925728821224,56.46499044421,36.3992836070088,65.6861025107549,48.4599114674576,31.6777450754431,56.6987278567595,49.7899025885351,49.9454343311658,54.9471297782536,18.1301556907223,50.0958296739706,10.7004855846163,67.6067414414612,32.4467110084146,42.1074793051329,49.9189941677151,59.909577868056,63.1758936024248,48.6261876344204,24.8718171517262
56.7107237574273,48.6552972305035,58.6008552299651,55.321790649609,62.8660028100894,39.1042401900109,60.8525576888329,50.1941158007904,32.1669428235392,43.4747853715429,62.8976260286928,56.46499044421,36.3992836070088,65.715210457775,48.4599114674576,31.6777450754431,56.6987278567595,49.7899025885351,49.9454343311658,54.9471297782536,18.1301556907223,50.0958331712719,10.7004855846163,67.6067414414612,32.4467110084146,42.1074793051329,49.9189941677151,59.9169709652219,63.1758936024248,48.6261876344204,26.1666506525197
56.7107237574273,48.6726060811189,58.6012529270215,55.4256519247639,62.9290593738312,39.1042401900109,60.8550372772786,50.1941158007904,32.1669440282372,43.4747853715429,62.8976260286928,56.46499044421,36.3992836070088,65.715210457775,48.4607551528697,31.6777450754431,56.6987278567595,49.7908750167216,49.9454343311658,54.9471297782536,18.1301556907223,50.0958331712719,10.7004870648155,67.6067414414612,32.4467110084146,42.1076367978754,49.925191379706,59.9169709652219,63.1890397027032,48.6264987412401,26.1666506525197
56.7107237574273,48.6726060811189,58.6012529270215,55.4256519247639,62.9290593738312,40.4657098569425,60.8550372772786,50.1941158007904,32.1669440282372,43.4747853715429,62.8976260286928,56.4656038134492,36.3992836070088,65.715210457775,48.4632683747739,31.6777450754431,56.7103930017404,49.7908750167216,50.6074163369901,54.9471297782536,18.1301556907223,50.0958331712719,10.7004870648155,67.6067414414612,32.4467110084146,42.1076367978754,49.925191379706,59.9169709652219,63.1890397027032,48.6264987412401,28.8659701028959
56.7107237574273,48.6726060811189,58.6017984199305,55.4256519247639,63.0023806730867,40.4657098569425,60.8550372772786,50.1941158007904,32.1669440282372,43.4747853715429,62.8976260286928,56.4656038134492,36.3992836070088,65.715210457775,48.466055369154,31.6777450754431,56.7103930017404,49.7908750167216,50.6074163369901,54.9471297782536,18.1301556907223,50.0958331712719,10.7004870648155,67.6067414414612,32.4467110084146,42.1076367978754,49.9303380200643,59.9169709652219,63.1890397027032,48.6264987412401,28.8659701028959
56.7107237574273,48.6726060811189,58.6017984199305,55.4256519247639,63.0159857324322,40.4657098569425,60.8598813242103,50.1941158007904,32.1669440282372,43.4747853715429,62.8976260286928,56.4656038134492,36.3992836070088,65.715210457775,48.4711858703858,31.6777450754431,56.7103930017404,49.7908750167216,50.6074163369901,54.9471297782536,18.1301556907223,50.0958331712719,10.7004870648155,67.6067414414612,32.4467110084146,42.1076522099842,49.9303380200643,59.9169709652219,63.1890397027032,48.6264987412401,29.4408160055668
56.7107237574273,48.6726060811189,58.6017984199305,55.7195166994756,63.0159857324322,40.4657098569425,60.8598813242103,50.2155825879133,32.1669454388182,43.4747853715429,62.8976260286928,56.4658595856225,36.3992836070088,65.715210457775,48.4770993749233,31.6777450754431,56.7190257217784,49.7908750167216,50.6074163369901,54.9471297782536,18.1301556907223,50.0958331712719,10.7004870648155,67.6067414414612,32.4543365626827,42.1076522099842,49.9303380200643,59.9169709652219,63.1890397027032,48.6268058888593,29.4408160055668
56.7107237574273,48.6726060811189,58.6020904539924,56.02738719306,63.0159857324322,40.4657098569425,60.8598813242103,50.2155825879133,32.1669454388182,43.4747853715429,62.8987322225251,56.4658595856225,36.3992836070088,65.715210457775,48.482478883568,31.6777450754431,56.7190257217784,49.7908750167216,51.6095075915266,54.9471357252242,18.1301556907223,50.0958331712719,10.7004870648155,67.6067414414612,32.4543365626827,42.1076522099842,49.9339543275921,59.9169709652219,63.1890397027032,48.6268058888593,29.4408160055668
56.7107237574273,48.6726060811189,58.6020904539924,56.02738719306,63.1408167740304,40.4657098569425,60.8605489929969,50.2155825879133,32.1669454388182,43.4747853715429,62.8987322225251,56.4658595856225,36.3992836070088,65.715210457775,48.482478883568,31.6777450754431,56.7190257217784,49.7908750167216,51.6095075915266,54.947338166084,18.1301556907223,50.0958348290325,10.7004877536024,67.6067414414612,32.4543365626827,42.1077365086448,49.9339543275921,59.9169709652219,63.1890397027032,48.6268058888593,30.3592456368327
56.7107237574273,48.6726060811189,58.6020904539924,56.02738719306,63.1408167740304,43.3435745476339,60.8605489929969,50.2155825879133,32.1669471086563,43.4747853715429,62.8987322225251,56.4658595856225,36.3992836070088,65.715210457775,48.482478883568,31.6777450754431,56.7287657539467,49.7908750167216,51.6095075915266,54.947338166084,18.1301556907223,50.0958348290325,10.7004877536024,67.6067414414612,32.4543365626827,42.1077365086448,49.9389897751713,59.9169709652219,63.191759780832,48.6271318437395,30.3592456368327
56.7107237574273,48.6726060811189,58.6020904539924,56.02738719306,63.161202144029,43.3435745476339,60.8605489929969,50.2155825879133,32.1669471086563,43.4747853715429,62.8990796208205,56.466331640244,36.3992836070088,65.715210457775,48.4923055811064,31.6777450754431,56.7287657539467,49.7908750167216,51.6095075915266,54.9475587043412,18.1301556907223,50.0958348290325,10.7004877536024,67.6067414414612,32.4543365626827,42.1077365086448,49.9389897751713,59.9169709652219,63.191759780832,48.6271318437395,30.9069902330954
56.7107237574273,48.6726060811189,58.6020904539924,56.2904769939537,63.161202144029,45.3914852871015,60.8605489929969,50.2155825879133,32.1669476379782,43.4747853715429,62.8990796208205,56.466331640244,36.3992836070088,65.715210457775,48.4955783837507,31.6777450754431,56.7287657539467,49.7908750167216,51.6590729558453,54.9475587043412,18.1301556907223,50.0958348290325,10.7004877536024,67.6067414414612,32.4543365626827,42.1078999658759,49.9389897751713,59.9169709652219,63.191759780832,48.6271318437395,30.9069902330954
56.7107237574273,48.6726060811189,58.6020904539924,56.4512437943045,63.161202144029,45.904555007266,60.8605489929969,50.2155825879133,32.1669476379782,43.4747853715429,62.8992087868153,56.466331640244,36.3992836070088,65.745459493387,48.4965216690343,31.6777450754431,56.7411584658755,49.7908750167216,52.20454001279,54.9475587043412,18.1301556907223,50.0958348290325,10.7004877536024,67.6067414414612,32.4543365626827,42.1078999658759,49.9389897751713,59.9169709652219,63.2033450372147,48.6271318437395,30.9069902330954
56.7107237574273,48.6726060811189,58.6020904539924,56.4606894997578,63.1798905874196,45.904555007266,60.8605489929969,50.2155825879133,32.1669476379782,43.4747853715429,62.8994899026945,56.466331640244,36.3992836070088,65.745459493387,48.5036535566454,31.6777450754431,56.7411584658755,49.7908750167216,52.20454001279,54.9475587043412,18.1301556907223,50.0958348290325,10.7004877536024,67.6067414414612,32.4543365626827,42.1078999658759,49.9389897751713,59.9169709652219,63.2033450372147,48.6271318437395,31.6021216941583
56.7107237574273,48.6726060811189,58.6020904539924,56.4606894997578,63.2369593106459,46.4576650943376,60.8605489929969,50.2155825879133,32.1669476379782,43.4832895697698,62.8994899026945,56.466331640244,36.3992836070088,65.745459493387,48.5083452321296,31.6777450754431,56.7411584658755,49.7908750167216,52.20454001279,54.9477125398804,18.1301556907223,50.0958348290325,10.7004884024234,67.6067414414612,32.4543365626827,42.1078999658759,49.9389897751713,59.9169709652219,63.2033450372147,48.6272427535256,31.6762611974677
56.7107237574273,48.6726060811189,58.6020904539924,56.4606894997578,63.2590898373814,47.6341341815432,60.8605489929969,50.2155825879133,32.1669476379782,43.4832895697698,62.9007015161005,56.466331640244,36.3992836070088,65.770643850393,48.5136106498568,31.6777450754431,56.7580250945729,49.7908750167216,53.9775372683888,54.9477125398804,18.1301556907223,50.0958348290325,10.7004884024234,67.6067414414612,32.4543365626827,42.1079903052807,49.9389897751713,59.9169709652219,63.2145692094377,48.6272427535256,31.6762611974677
56.7107237574273,48.6726060811189,58.6027530996705,56.4824873775677,63.2644761468766,51.9646881264743,60.8605489929969,50.2155825879133,32.1669476379782,43.4899793788222,62.9012917286781,56.466331640244,36.3992836070088,65.770643850393,48.5232662751552,31.6777450754431,56.7580250945729,49.7908750167216,53.9775372683888,54.9477125398804,18.1301556907223,50.0958348290325,10.7004884024234,67.6067414414612,32.4543365626827,42.1079903052807,49.9389897751713,59.9169709652219,63.2145692094377,48.6272427535256,31.6762611974677
56.7107237574273,48.6726060811189,58.6027530996705,56.4824873775677,63.2685856300656,53.1462871293626,60.8605489929969,50.2155825879133,32.1669476379782,43.4899793788222,62.9012917286781,56.4666266681879,36.3992836070088,65.770643850393,48.526777649437,31.6777450754431,56.7580250945729,49.7908750167216,53.9775372683888,54.9478497127846,18.1301556907223,50.0958348290325,10.7004888220223,67.6067414414612,32.4543365626827,42.1079903052807,49.9389897751713,59.9260191350114,63.2145692094377,48.6272427535256,31.6762611974677
56.7107237574273,48.6726060811189,58.6027530996705,56.4824873775677,63.2771571613684,53.4665433442824,60.8605489929969,50.2155825879133,32.1669476379782,43.4899793788222,62.9015657256054,56.4666266681879,36.3992836070088,65.7865508518792,48.5284205679562,31.6777450754431,56.7758892512149,49.7908750167216,53.9775372683888,54.9478497127846,18.1301556907223,50.0958348290325,10.7004888220223,67.6067414414612,32.4543365626827,42.1079903052807,49.9424184150943,59.9260191350114,63.2177480478615,48.6272885870409,31.9893686634516
56.7107237574273,48.6726060811189,58.6036592453991,56.4979450824665,63.2920310342079,53.8430861739013,60.8605489929969,50.2155825879133,32.1669476379782,43.4933760004537,62.9016821656906,56.4666266681879,36.3992836070088,65.7865508518792,48.5309862165223,31.6777450754431,56.7758892512149,49.7908750167216,54.3507421059347,54.9479175582637,18.1301556907223,50.0958348290325,10.7004890537631,67.6067414414612,32.4543365626827,42.1081227300465,49.9424184150943,59.9260191350114,63.2177480478615,48.6272885870409,31.9893686634516
56.7107237574273,48.6726060811189,58.6036592453991,56.4979450824665,63.2954539859824,53.8430861739013,60.8605489929969,50.2155825879133,32.1669476379782,43.4933760004537,62.9016821656906,56.4666266681879,36.3992836070088,65.807767186863,48.5367827673675,31.6777450754431,56.7758892512149,49.7908750167216,54.3507421059347,54.9479175582637,18.1301556907223,50.0958348290325,10.7004890537631,67.6067414414612,32.4543365626827,42.1081227300465,49.9467975515586,59.9260191350114,63.2177480478615,48.6272885870409,31.9893686634516
56.7107237574273,48.6726060811189,58.6036592453991,56.5738810651406,63.2957042517181,54.1875565425951,60.8612560406958,50.2155825879133,32.1669476379782,43.4968794574991,62.9018677748493,56.4670116627283,36.3992836070088,65.807767186863,48.5367827673675,31.6777450754431,56.7950805260438,49.7908750167216,56.5264567288985,54.9479175582637,18.1301556907223,50.0958348290325,10.7004890537631,67.6067414414612,32.4543365626827,42.1081227300465,49.9467975515586,59.9260191350114,63.2177480478615,48.6272885870409,31.9893686634516
56.7107237574273,48.6726060811189,58.603797446646,56.5738810651406,63.4295514340745,54.3908037875797,60.8619539904497,50.2155825879133,32.1669476379782,43.4968794574991,62.901977546071,56.4670116627283,36.3992836070088,65.807767186863,48.5442592469989,31.6777450754431,56.7950805260438,49.7908750167216,56.5264567288985,54.9480538785062,18.1301556907223,50.0958348290325,10.7004890537631,67.6067414414612,32.4543365626827,42.1082783338196,49.9467975515586,59.9260191350114,63.2258245044937,48.6272885870409,32.2326598219188
56.7107237574273,48.6726060811189,58.603797446646,56.6059693783016,63.4597444078445,56.0068048027102,60.8619539904497,50.2155825879133,32.1669476379782,43.4968794574991,62.901977546071,56.4670116627283,36.3992836070088,65.8210869961547,48.5442592469989,31.6777450754431,56.7950805260438,49.7908750167216,56.5264567288985,54.9480538785062,18.1301556907223,50.0958348290325,10.7004894515578,67.6067414414612,32.4543365626827,42.1082783338196,49.9501395836007,59.9260191350114,63.2258245044937,48.6272885870409,32.3975259139455
56.7107237574273,48.6726060811189,58.603797446646,56.6059693783016,63.5374767306199,56.0068048027102,60.8619539904497,50.2155825879133,32.1669476379782,43.4995477036061,62.9029963513213,56.4674376456023,36.3992836070088,65.8210869961547,48.5591702126093,31.6777450754431,56.7950805260438,49.7908750167216,56.5264567288985,54.9480538785062,18.1301556907223,50.0958348290325,10.7004894515578,67.6067414414612,32.4543365626827,42.1082783338196,49.9501395836007,59.9260191350114,63.2258245044937,48.6273026340938,32.3975259139455
56.7107237574273,48.6726060811189,58.6044913906752,56.6059693783016,63.6545886416688,56.0068048027102,60.8619539904497,50.2155825879133,32.1669476379782,43.4995477036061,62.9029963513213,56.4674376456023,36.3992836070088,65.8299902076447,48.5591702126093,31.6777450754431,56.8092393767219,49.7908750167216,56.8830600649076,54.9481192584561,18.1301556907223,50.0958348290325,10.7004894515578,67.6067414414612,32.4543365626827,42.1083567312776,49.9532805214557,59.9260191350114,63.2312019994766,48.6273026340938,32.3975259139455
56.7107237574273,48.6726060811189,58.6044913906752,56.6701970202235,63.7963258274608,56.0068048027102,60.8619539904497,50.2155825879133,32.1669481780742,43.5016672861176,62.9029963513213,56.4674376456023,36.3992836070088,65.8299902076447,48.5591702126093,31.6777450754431,56.8092393767219,49.7908750167216,56.8830600649076,54.9481192584561,18.1301556907223,50.0958348290325,10.7004894515578,67.6067414414612,32.4543365626827,42.1083567312776,49.9532805214557,59.9260191350114,63.2312019994766,48.6273026340938,33.4218795721122
56.7109888029106,48.6726060811189,58.6044913906752,56.6969710584839,63.7963258274608,56.0068048027102,60.8619539904497,50.2155825879133,32.1669481780742,43.5016672861176,62.9029963513213,56.4674376456023,36.3992836070088,65.8417978433946,48.5664914950169,31.6777450754431,56.8092393767219,49.7908750167216,57.7309520685713,54.9481192584561,18.1301556907223,50.0958348290325,10.7004894515578,67.6067414414612,32.4574833835106,42.1083567312776,49.9532805214557,59.9260191350114,63.2312019994766,48.6273074262527,33.4218795721122
56.7109888029106,48.6726060811189,58.6045548302165,56.6969710584839,63.8967725335005,56.0068048027102,60.8619539904497,50.2155825879133,32.1669486620247,43.5016672861176,62.9029963513213,56.4680905584165,36.3992836070088,65.8417978433946,48.5664914950169,31.6777450754431,56.8357501794481,49.7908750167216,57.7309520685713,54.9482408199932,18.1301556907223,50.0958348290325,10.7004894515578,67.6067414414612,32.4574833835106,42.1086501545984,49.9569649899546,59.9260191350114,63.2449616534119,48.6273074262527,34.1803720047258
56.711034299217,48.6726060811189,58.6045548302165,56.7128792106036,63.9818916944147,56.15998119046,60.8619539904497,50.2155825879133,32.1669486620247,43.5016672861176,62.9029963513213,56.4680905584165,36.3992836070088,65.8417978433946,48.5664914950169,31.6777450754431,56.8357501794481,49.7908750167216,57.8846570601765,54.9482408199932,18.1301556907223,50.0958348290325,10.7004894515578,67.6067414414612,32.4574833835106,42.1086501545984,49.9569649899546,59.9260191350114,63.2449616534119,48.6273074262527,34.5821513495582
46.7117273677462,40.8888703713524,35.0550046449427,37.7767323880987,45.3808916998442,27.9069453206402,54.6436245426049,48.5886862160438,10.8912071590361,21.2681506730108,63.5462554192573,43.1413428231848,38.3967986043245,45.865875953748,38.0312845647018,15.6994557453092,-32.0372944909681,44.3300740247212,34.0087579112539,36.1531423355084,24.2778666107813,55.1083669455965,7.47282642962479,47.5970450549634,25.4282480351471,25.0562365108079,42.9605031418803,41.8608619067505,60.4522821012681,38.0774131336242,10.1807653007153
48.0664338799538,40.8888703713524,35.0550046449427,39.0382479765184,56.7673461432251,45.671212185357,55.8814038832082,48.5886862160438,12.9839211564698,21.2681506730108,63.5462554192573,44.4169241166484,38.3967986043245,45.865875953748,38.5735647928226,18.2290792949456,48.1809878579412,44.3300740247212,35.2156674495459,39.359140182709,25.4001437820497,55.6399018911469,9.37521224272976,47.5970450549634,26.1730548712755,40.8885025405113,45.371374878787,42.2210156541559,60.4522821012681,43.5466137396204,37.0894979420152
48.1311022390607,40.8977868227127,35.0550046449427,49.5515121583598,56.7673461432251,45.671212185357,55.8814038832082,48.5974263911901,12.9839211564698,21.2695011620218,63.7403534902027,44.4169241166484,38.7688005877479,46.6756272307292,38.5735647928226,18.2290792949456,48.1809878579412,44.3300740247212,43.2246749486251,39.359140182709,25.6541786488494,56.0938887878979,9.37521224272976,48.4672721731349,26.7541590780366,40.8885025405113,45.8808200878982,45.7257539621976,60.4522821012681,43.5466137396204,37.0894979420152
49.9918411994536,40.9042286645601,37.7577388489151,49.5515121583598,56.7673461432251,45.671212185357,55.8814038832082,49.1834631314969,13.0240275217977,22.2607943373944,64.3504262450041,44.4169241166484,39.749826196448,47.4416641294806,38.5735647928226,18.4769066567926,48.1809878579412,45.4795351974404,49.0756198938996,39.359140182709,27.4214699075914,57.4325837090335,9.7579801966895,48.7425517102448,27.5179975528266,40.8885025405113,45.8808200878982,46.6681142933425,61.3113324788568,43.5466137396204,37.0894979420152
49.9918411994536,41.1691669731679,37.7577388489151,52.1019299424946,56.7673461432251,48.2406828559561,55.8814038832082,49.1834631314969,13.0240275217977,22.2607943373944,64.3504262450041,44.6234168807405,39.749826196448,47.8977221861033,38.9776527278316,18.4769066567926,49.9595195764904,45.4795351974404,49.0756198938996,40.2702669979429,27.4214699075914,57.4325837090335,11.6940240290605,48.7425517102448,27.6021854465447,41.3539404631219,46.0833509617487,46.6681142933425,61.5407384892483,43.854273324903,37.0894979420152
51.6262719229143,41.1691669731679,37.7577388489151,54.199502065727,56.7673461432251,50.7333166574573,55.8814038832082,49.7036848988464,13.427862734751,22.791871919455,64.3504262450041,44.6234168807405,40.416367227092,48.9292192679204,38.9776527278316,19.5441498656173,50.8085054153218,46.7206131054781,49.0756198938996,40.2702669979429,28.3513114656732,57.8691638464766,12.7899436307399,48.9383293662661,27.6021854465447,41.3539404631219,46.0833509617487,46.6681142933425,61.5407384892483,44.6812511673137,37.0894979420152
53.5114890525539,41.1691669731679,38.0969961119247,54.3832899328791,57.8059518679475,51.7850797904094,57.5517360178372,49.7036848988464,14.3892484529286,23.4601818841644,64.79718208629,44.6234168807405,40.7823771733712,48.9292192679204,39.0288100220848,21.0431952994765,50.8085054153218,47.578141352748,49.0756198938996,40.6386916027855,29.1041329652538,58.1426059612894,14.8488373150845,48.9383293662661,27.6021854465447,41.4900365400456,46.0833509617487,46.9684302300139,61.941262633058,44.6812511673137,37.0894979420152
55.7887819143135,41.7727506097972,38.0969961119247,55.1310162113792,58.65240125837,52.0540899333438,57.5517360178372,50.3104234557518,14.3892484529286,23.4601818841644,64.79718208629,45.1570795271159,40.7823771733712,48.9292192679204,39.977421251374,21.0431952994765,51.3950467081274,47.578141352748,49.0756198938996,40.6386916027855,29.1041329652538,58.1426059612894,16.3627201675327,48.9383293662661,27.6021854465447,41.4900365400456,49.3832666601992,46.9684302300139,62.0573634528378,45.9160552444097,38.4900261450556
58.2518451140944,42.0861350848089,38.2850978110097,55.1310162113792,59.9707165549486,52.4232349221624,57.5517360178372,50.7813225259279,15.073415921116,23.6957031994107,64.79718208629,45.2566821417593,41.2632761940668,48.9292192679204,39.977421251374,21.7257212339848,52.1141259768976,47.8351492535479,49.0756198938996,40.6386916027855,29.7414588438366,58.1426059612894,16.3627201675327,50.5417627730184,27.6021854465447,42.2237562651593,49.5472305071969,47.819540791926,62.9745247754666,45.9160552444097,38.8238435806954
58.2518451140944,42.5595225417389,39.3642705945758,55.1310162113792,62.9180118053099,52.4232349221624,57.5517360178372,50.7813225259279,15.349149172979,24.0332529701794,65.19778222078,45.2566821417593,41.5072818262635,49.1716202627551,39.977421251374,23.8048455566315,52.6562581230851,47.8351492535479,50.3290718149341,40.6386916027855,30.8971048074164,58.1547190899633,17.444651764252,51.5540382280271,27.6316001892123,42.2237562651593,49.8558600363574,48.3894347296885,62.9745247754666,45.9160552444097,38.8238435806954
59.7478741542212,42.9504974600349,39.3642705945758,55.5041791407663,62.9180118053099,52.5414295240648,57.5517360178372,50.8756066713402,15.349149172979,24.0332529701794,65.19778222078,45.2566821417593,41.5072818262635,49.1716202627551,39.977421251374,23.8048455566315,52.6562581230851,47.8351492535479,50.3290718149341,40.6386916027855,30.8971048074164,58.1547190899633,17.444651764252,51.5540382280271,27.9376848412096,42.2237562651593,50.5407868453135,48.3894347296885,64.0617538956218,45.9160552444097,38.8238435806954
61.726243161584,42.9504974600349,39.3642705945758,55.5045216411141,63.0909273812469,52.7250192764985,57.5517360178372,50.8806485738575,15.4276399083258,24.515139836452,65.19778222078,45.2566821417593,41.5287473537096,49.8263519847772,40.293407721384,25.0982960025318,52.6562581230851,47.9225175710499,50.3290718149341,40.888374231224,31.3830639123857,58.4161555317426,18.3165604092965,51.5779054669733,27.9376848412096,45.570468480308,52.2361709195157,49.0340136192988,64.0617538956218,47.1345201590892,39.4783276493963
61.726243161584,43.3287994726021,40.4280496703642,55.5045216411141,63.0909273812469,52.7250192764985,58.6405507148649,50.8806485738575,15.9951563160161,24.515139836452,65.3288531352016,45.2566821417593,41.5520530178896,49.8263519847772,40.293407721384,26.1553496475271,52.6562581230851,48.6456827438211,50.3290718149341,42.1910574835573,32.0567362352922,59.1604879185218,18.3165604092965,51.9186977656509,27.9485124532442,45.570468480308,52.2361709195157,49.0340136192988,64.0617538956218,47.1345201590892,39.8869337623684
62.1071198336506,43.5824702927244,40.5385446277953,55.5045216411141,63.0909273812469,52.7250192764985,58.6405507148649,51.040993144289,15.9951563160161,24.515139836452,65.3288531352016,46.7581208179352,41.5520530178896,49.8263519847772,40.293407721384,26.1553496475271,52.6562581230851,48.6456827438211,50.3290718149341,42.4305937229016,32.2236238050758,59.1604879185218,19.4289849217228,51.9186977656509,27.9485124532442,45.570468480308,52.759611836973,49.0340136192988,64.0617538956218,47.1345201590892,40.4953297186163
63.0653255295624,43.5824702927244,40.8374014773097,55.9809569763692,63.0909273812469,53.4927987448214,58.6405507148649,51.2039104193199,16.2156591999877,25.3464316535366,65.4265197852807,46.7581208179352,42.0530181370884,49.8263519847772,40.4293857179358,29.9959669226385,52.6562581230851,49.0751079232078,50.3290718149341,42.4305937229016,32.7096013651121,59.1604879185218,19.4289849217228,52.7655951273277,27.9485124532442,47.4649440545651,53.393068413966,49.5809166556515,64.3038955678541,47.1345201590892,40.4953297186163
63.0653255295624,44.0180424216831,40.8374014773097,56.7030635135559,64.0434248612422,53.9098141633368,58.6433209187603,51.2039104193199,17.4035990799695,25.8654052067249,65.4265197852807,46.7581208179352,43.2370829141689,49.8263519847772,40.7796242777638,32.2555225149347,52.6562581230851,49.0751079232078,50.3290718149341,42.4305937229016,32.7096013651121,59.1604879185218,19.7656042090894,52.7655951273277,28.1185109889856,47.4649440545651,53.393068413966,49.5809166556515,64.3038955678541,47.1345201590892,40.4953297186163
63.5223493108151,44.0277994311182,40.8374014773097,56.7030635135559,64.0434248612422,54.0543063906245,58.6433209187603,51.6278157173879,17.4035990799695,25.8654052067249,65.4265197852807,46.7581208179352,43.2370829141689,49.8277875449181,40.7796242777638,32.2555225149347,52.6562581230851,49.0751079232078,50.3290718149341,42.4305937229016,32.7706611434443,59.1604879185218,21.0997552060144,52.7655951273277,28.3476873799214,49.8350060094111,53.393068413966,49.5809166556515,64.3038955678541,47.5330563901164,40.4953297186163
64.1340253342297,44.0277994311182,41.2400508435032,57.065329082912,64.0434248612422,54.0543063906245,59.647221606951,52.0694222154109,18.586626577451,26.240336226631,65.733330305863,46.7581208179352,44.0381885810357,49.9998587290192,40.7796242777638,34.3233504191603,52.6562581230851,49.1427818778424,50.3290718149341,42.4305937229016,32.7931980644551,59.4502373874646,21.0997552060144,53.5582113412541,28.4410604792005,49.9083049325929,53.393068413966,49.5809166556515,64.3038955678541,47.5330563901164,40.5809597057289
64.1340253342297,44.4389309381315,41.4931914652197,57.379681977114,64.0957047174369,54.2073494036897,59.9883327235768,52.0694222154109,19.6824129512474,26.6751272056708,65.9731990602025,46.7581208179352,45.6294892682518,49.9998587290192,40.7796242777638,37.1465507929105,52.6562581230851,49.1427818778424,50.6062620613087,42.4305937229016,32.7931980644551,59.8458469295611,21.1935678622466,53.5582113412541,28.4490866526166,49.9083049325929,53.393068413966,50.7132355674483,64.3038955678541,47.5330563901164,40.5809597057289
64.1340253342297,44.7347528110912,41.6219211392894,57.379681977114,64.0957047174369,54.2073494036897,59.9883327235768,52.5546052546029,19.6824129512474,26.6751272056708,65.9731990602025,46.7581208179352,45.6294892682518,50.0719411233893,40.7796242777638,37.1465507929105,52.6562581230851,49.1427818778424,50.6062620613087,42.7072765272571,33.2042072310817,59.8458469295611,21.1935678622466,53.5582113412541,28.4490866526166,50.6399006321712,53.7175159477453,50.7132355674483,65.1954257858556,47.5330563901164,41.316712889654
64.4487648194064,44.7347528110912,41.7210555638267,57.692687140728,65.1183585559206,54.2073494036897,60.1520400018627,53.0044588544123,20.6961166956031,26.6751272056708,66.2364608065855,46.7581208179352,46.7228280378596,50.0719411233893,40.7796242777638,38.6044933443266,52.6562581230851,49.1427818778424,50.6062620613087,42.7072765272571,33.2227328328721,59.8458469295611,21.1935678622466,53.5582113412541,28.4490866526166,50.6399006321712,53.7175159477453,50.7132355674483,65.1954257858556,47.5330563901164,41.316712889654
64.4487648194064,45.0314827575984,41.9043381330404,57.7163995347993,65.1183585559206,54.2073494036897,60.1520400018627,53.0044588544123,22.146417955338,26.8938305751115,66.2364608065855,46.7581208179352,47.8041553335399,50.1707860994681,40.7796242777638,39.2065633107147,52.6562581230851,49.3659871111531,50.6062620613087,42.7072765272571,33.2227328328721,59.8458469295611,21.3453280091038,53.5816324557684,28.4490866526166,51.9687290826053,53.7175159477453,50.7132355674483,65.1954257858556,47.5330563901164,41.316712889654
64.4487648194064,45.0499260393873,41.9043381330404,57.7163995347993,65.1183585559206,54.3844126579273,60.1520400018627,53.2432876281047,22.146417955338,26.8938305751115,66.2364608065855,46.7581208179352,47.8041553335399,50.1707860994681,40.7796242777638,39.2065633107147,52.6562581230851,49.3659871111531,50.6062620613087,42.7072765272571,34.7878757521151,59.8458469295611,22.8236247903815,53.7020334220505,28.4490866526166,51.9687290826053,53.7647925137736,50.7132355674483,65.1954257858556,47.5330563901164,41.316712889654
64.4487648194064,45.0499260393873,41.9043381330404,57.7163995347993,65.1183585559206,54.3844126579273,60.4455957602143,53.3860127251239,23.1482233606147,26.8938305751115,66.3057356805703,46.8047570203674,48.591193137062,50.2573457404254,40.8535508776744,40.2850899486302,52.6562581230851,49.3659871111531,50.6062620613087,43.164652331675,34.7878757521151,59.8458469295611,24.0722789197689,53.7020334220505,28.652551304083,51.9687290826053,53.8653814584221,50.7388190417046,65.1954257858556,47.8622463441894,41.6983598917366
64.4487648194064,45.0499260393873,41.9043381330404,57.9027970273008,65.1183585559206,54.8884051952158,60.4757438477847,53.3860127251239,24.8729239400005,26.8938305751115,66.458413378316,46.8047570203674,49.4850286314858,50.2930435563624,40.9849494501805,43.0099464406371,52.6876193370155,49.3659871111531,50.6062620613087,43.164652331675,34.7878757521151,59.8458469295611,25.541003398704,53.8413972159572,28.7756741902206,52.46324870606,53.9795818812357,50.7388190417046,65.1954257858556,47.8622463441894,41.7444026648557
64.5312268623179,45.0499260393873,42.0440839359303,58.0960200855056,65.7467458989514,54.8884051952158,60.4757438477847,53.3860127251239,24.8729239400005,26.8938305751115,66.458413378316,46.8047570203674,49.4850286314858,50.2930435563624,40.9849494501805,43.0099464406371,52.6876193370155,49.3659871111531,50.6062620613087,43.164652331675,34.7878757521151,59.8458469295611,25.541003398704,53.9206794913127,28.7756741902206,52.46324870606,53.9795818812357,50.7388190417046,65.1954257858556,48.9175893693394,41.7444026648557
64.5312268623179,45.0499260393873,42.5211253949947,58.2555530019633,65.7467458989514,54.8884051952158,60.4757438477847,53.5085455709452,26.3798434107958,26.8938305751115,66.7133340232405,46.8047570203674,49.9019877762295,50.3041219126254,40.9849494501805,44.3087030498018,52.7382814048355,49.5773453737528,50.7650506109943,43.4327161371902,34.846416190019,59.8458469295611,26.8806280948317,53.9206794913127,28.7756741902206,52.46324870606,54.0832958028812,50.7388190417046,65.212475242541,48.9175893693394,41.7444026648557
64.5312268623179,45.0970960208741,42.795768723009,58.3249743166572,65.7810267902091,55.2114443708876,60.7228792810832,53.5085455709452,27.7761835821282,27.0670230608954,66.7133340232405,47.9636903276986,50.4128735483247,50.6228754105964,41.8322008562498,44.828967413445,52.7942484682846,49.5773453737528,50.7650506109943,43.4327161371902,34.846416190019,59.9355064837779,26.8806280948317,53.9206794913127,28.8818669620825,52.46324870606,54.0832958028812,50.7388190417046,65.3980315425865,49.0270160649064,41.7444026648557
64.5312268623179,45.2219007773178,42.795768723009,58.3249743166572,65.7810267902091,55.2114443708876,60.9362638576044,53.6936980284567,27.7761835821282,27.0670230608954,66.7133340232405,48.5675352721151,50.4128735483247,50.6228754105964,41.8322008562498,44.828967413445,52.8549619151969,49.5773453737528,50.7650506109943,43.4327161371902,35.001173042563,59.9355064837779,27.64170292681,54.0109716235524,28.8818669620825,52.46324870606,54.3455106722809,50.7388190417046,65.3980315425865,49.2580392530206,41.7444026648557
64.5312268623179,45.2219007773178,42.795768723009,58.3249743166572,65.9513277433497,55.2114443708876,61.1546391559595,53.8066760968689,29.4451589479347,27.3531490290201,66.7726773417888,49.1814645306302,50.4804590818465,50.6228754105964,41.8322008562498,45.8023110896994,52.8549619151969,49.5773453737528,50.7650506109943,43.4327161371902,35.001173042563,60.0582178319174,27.64170292681,54.3564851016973,28.9530038604999,52.46324870606,54.3455106722809,50.7388190417046,65.3980315425865,49.2580392530206,41.7444026648557
64.5312268623179,45.8615183983607,42.795768723009,58.3249743166572,65.9513277433497,55.2114443708876,61.1546391559595,53.8066760968689,30.1320021308517,27.4310999398616,67.0548819914605,49.1814645306302,50.7032476166027,50.964437153126,41.8322008562498,45.8961610290809,52.9417397123381,49.5773453737528,50.7650506109943,43.4327161371902,35.001173042563,60.2814103389694,27.64170292681,54.4165742489508,29.0062439856852,53.0686731338599,54.3455106722809,50.7388190417046,65.3980315425865,49.2580392530206,41.785636919228
64.7118845877312,46.1436771268715,42.795768723009,58.3249743166572,66.0906251155579,55.2114443708876,61.1546391559595,53.911152385578,30.1320021308517,27.4310999398616,67.0548819914605,49.4386025805459,50.7032476166027,50.964437153126,41.8976645062236,45.8961610290809,52.9417397123381,49.5773453737528,50.853859413301,43.4327161371902,35.1174334399759,60.2814103389694,27.64170292681,54.4165742489508,29.0062439856852,53.6942428899697,54.3455106722809,50.8507467763721,65.4515525284225,49.2580392530206,41.785636919228
64.9496952612689,46.1436771268715,42.795768723009,58.4974651968093,66.3807035206591,55.3194655620359,61.1546391559595,53.911152385578,31.5258669601695,28.0779798928322,67.2389549293587,49.5015698594517,50.7032476166027,51.0247670017031,41.947203999209,48.2897516154696,52.9417397123381,49.5773453737528,53.2826745872454,43.4327161371902,35.3529800833388,60.2814103389694,27.64170292681,54.5028547591997,29.0644499080512,53.6942428899697,54.3455106722809,50.8507467763721,65.4515525284225,49.3062274218986,41.785636919228
64.9496952612689,46.5048001761247,42.795768723009,58.4974651968093,66.3807035206591,55.411632095851,61.3404200445688,53.911152385578,32.9726485883979,28.1748121025525,67.3549099043335,50.2989926542178,51.1787537006965,51.1386889789572,41.947203999209,49.6225503182205,52.9597330047099,49.6051028018567,53.2826745872454,43.985037728071,35.3529800833388,60.2814103389694,28.1292563690482,54.5028547591997,29.0644499080512,53.6942428899697,54.3455106722809,50.9815686182985,65.4515525284225,49.3062274218986,41.8216093266072
65.1108864008832,46.5048001761247,42.795768723009,58.4974651968093,66.5224443032477,55.5296441717485,61.3404200445688,53.911152385578,32.9726485883979,28.1748121025525,67.3549099043335,50.2989926542178,51.1787537006965,51.1386889789572,41.947203999209,49.6225503182205,52.9718179649249,49.6051028018567,53.2826745872454,43.985037728071,35.3529800833388,60.2814103389694,28.1292563690482,54.6391017830273,29.0644499080512,53.6942428899697,54.3455106722809,50.9815686182985,66.4445459130794,49.3062274218986,42.3706328006982
65.1947269704022,46.5048001761247,42.795768723009,58.6356057829591,66.5646069544099,55.5297825139343,61.3404200445688,53.911152385578,33.6235180848193,28.3732169037429,67.4282338336085,50.2989926542178,51.5118759442664,51.1729316079999,41.947203999209,51.3058704197834,53.2042340086885,49.6051028018567,53.5326941729183,43.985037728071,35.3529800833388,60.2814103389694,28.1292563690482,54.9047913049917,29.2268613180211,53.6942428899697,54.3455106722809,50.9815686182985,66.4445459130794,49.3062274218986,42.6133365798297
65.1947269704022,46.5048001761247,43.755850275719,58.9640603004157,66.5991604941503,55.5297825139343,61.3408085875873,53.911152385578,33.7878733068197,28.6158716123456,67.5447229537966,50.2989926542178,52.238667638604,51.2596390255324,41.947203999209,51.9053332602149,53.2042340086885,49.8434880197327,53.9735251711302,43.985037728071,35.3529800833388,60.2954212027147,28.1292563690482,54.9047913049917,29.338053012026,53.6942428899697,54.3455106722809,51.2521409151157,66.5045154356363,50.2076795083011,42.9228395722319
65.3238815422548,46.5048001761247,43.755850275719,58.9640603004157,66.5991604941503,56.0682017891413,61.3570453034886,53.968883915272,33.7878733068197,28.6158716123456,67.5447229537966,50.2989926542178,52.238667638604,51.2596390255324,41.947203999209,51.9053332602149,53.2084192808755,50.146614597726,53.9735251711302,43.985037728071,35.4328958173702,60.2954212027147,28.7858613037219,54.9609776602102,29.338053012026,55.1845928312903,54.3455106722809,51.3022379693142,66.6392675015725,50.2076795083011,42.9228395722319
65.5144619286871,46.5048001761247,43.755850275719,58.9640603004157,66.5991604941503,56.0682017891413,61.3570453034886,53.968883915272,34.0903587087134,29.1983986605644,67.5598653472238,50.2989926542178,52.651878332535,51.2596390255324,41.947203999209,53.3560023001554,53.2084192808755,50.146614597726,53.9735251711302,43.985037728071,35.6795014416258,60.4010290486046,28.7858613037219,54.9609776602102,29.345571616097,55.1845928312903,54.3455106722809,51.3022379693142,66.6392675015725,50.2076795083011,43.0798122063422
65.5144619286871,46.5048001761247,43.755850275719,58.9640603004157,66.5991604941503,56.0682017891413,61.3902097069024,53.968883915272,34.1924305768487,29.1983986605644,67.6282701557636,50.2989926542178,52.8066784240836,51.2596390255324,41.947203999209,53.7134939252334,53.2084192808755,50.2470723080599,53.9735251711302,43.985037728071,35.6795014416258,60.4644523560376,29.0829563372359,54.9964703175514,29.345571616097,55.1845928312903,54.3631954758193,51.3141386226375,66.7161348571552,50.2076795083011,43.3653304911556
65.7880127309551,46.5048001761247,43.755850275719,58.9640603004157,66.5991604941503,56.0682017891413,61.5724637887837,54.000012695937,34.1924305768487,29.1983986605644,67.6282701557636,50.2989926542178,52.8066784240836,51.2596390255324,41.947203999209,53.7134939252334,53.2536434291019,50.2807227000133,54.1339064610625,43.985037728071,35.6795014416258,60.4644523560376,29.0829563372359,54.9964703175514,29.345571616097,55.1852981194634,54.3631954758193,51.3141386226375,66.8676549687816,50.2076795083011,43.4589169473981
65.8859256487069,46.5048001761247,43.8503900524906,58.9640603004157,66.5991604941503,56.0682017891413,61.5724637887837,54.0105116095523,34.1924305768487,29.1983986605644,67.7866565461684,50.3257442370471,53.035389588273,51.4378576061792,41.9494258844108,53.7134939252334,53.3710846434448,50.2807227000133,54.1339064610625,43.985037728071,35.840149811537,60.4747189024658,29.6053380859005,54.9964703175514,29.440639237917,55.1852981194634,54.4582085436121,51.3141386226375,66.9159445014365,50.2076795083011,43.4589169473981
65.8859256487069,46.5048001761247,43.8503900524906,58.9640603004157,66.5991604941503,56.0682017891413,61.7459861247813,54.0105116095523,34.3060182672567,29.7982529411422,67.882095875469,50.3257442370471,53.0982382026078,51.9120050387902,41.9494258844108,53.8730752441321,53.4654740980261,50.2807227000133,54.1339064610625,43.985037728071,35.840149811537,60.4747189024658,29.6053380859005,54.9964703175514,29.4519542294911,56.2060542763464,54.4747090843249,51.370320220625,66.9159445014365,50.3052905425955,44.0303075156132
65.8859256487069,46.5048001761247,43.8503900524906,59.1832313959144,66.5991604941503,56.0682017891413,61.7459861247813,54.0105116095523,34.3060182672567,29.7982529411422,67.882095875469,50.5799850958531,53.0982382026078,51.9120050387902,41.9494258844108,53.8730752441321,53.4654740980261,50.2807227000133,54.1339064610625,43.985037728071,35.9510463631338,60.475438970115,29.6053380859005,54.9973108174475,29.4519542294911,56.4816348346804,54.4747090843249,51.4058001790283,66.9307383486219,50.3052905425955,44.0303075156132
66.4169902167154,46.5048001761247,43.8503900524906,59.33977948047,66.5991604941503,56.0682017891413,61.7459861247813,54.1473122623101,34.5889547066237,30.2586903290918,67.882095875469,50.5799850958531,53.0982382026078,51.9120050387902,42.1843816737545,53.8730752441321,53.5361657001816,50.2807227000133,54.453993854939,43.985037728071,35.9510463631338,60.4784631383982,30.3912816170448,54.9973108174475,29.4964958299728,56.4816348346804,54.4747090843249,51.4058001790283,66.9307383486219,50.3298617176053,44.4101273047733
66.4169902167154,46.5048001761247,44.2109149120804,59.5747550008539,66.5991604941503,56.0682017891413,61.7459861247813,54.1473122623101,34.5889547066237,30.493547796653,67.882095875469,51.005074284648,53.6445515440679,51.9120050387902,42.1843816737545,53.8730752441321,53.5361657001816,50.2807227000133,54.453993854939,43.985037728071,35.9510463631338,60.4784631383982,30.3912816170448,55.3438386922681,29.511957416239,56.4816348346804,54.4747090843249,51.4113704122153,66.9307383486219,50.3298617176053,44.4632580392925
66.4169902167154,46.5539662465871,44.6761574761119,59.6738153653305,66.5991604941503,56.9223369092831,61.7459861247813,54.1758257776911,34.5889547066237,30.493547796653,67.882095875469,51.005074284648,53.6445515440679,51.9120050387902,42.1843816737545,53.8730752441321,53.5361657001816,50.2807227000133,54.453993854939,43.985037728071,35.9510463631338,60.487918383193,30.7042469910342,55.3438386922681,29.511957416239,56.4816348346804,54.4747090843249,51.4113704122153,67.0396177916987,50.3298617176053,44.4632580392925
66.6165050628555,46.5539662465871,44.6761574761119,59.6738153653305,66.5991604941503,58.0855611708483,61.7459861247813,54.1758257776911,34.9643402471375,30.6036519287218,67.882095875469,51.2465248805133,54.1523253091062,51.9517078065783,42.1843816737545,53.8730752441321,53.5361657001816,50.3668521695731,54.453993854939,43.985037728071,36.0053112529756,60.4907338353818,30.7042469910342,55.3438386922681,29.5139962319343,56.4816348346804,54.4747090843249,51.4113704122153,67.0841804577332,50.6354466197101,44.4632580392925
66.6165050628555,46.5941627809054,44.7256827119896,60.1261694386884,66.5991604941503,58.0855611708483,61.7691060831346,54.1758257776911,35.145114160817,31.4441599615301,67.9574950478987,51.4557773749375,54.1523253091062,52.0498113294674,42.1843816737545,53.8730752441321,53.5985048361122,50.3668521695731,54.453993854939,43.985037728071,36.0053112529756,60.4907338353818,31.0916486362147,55.3438386922681,29.5139962319343,56.6397059514028,54.6339814173571,51.8315907395072,67.0841804577332,50.6354466197101,44.4661861733979
67.4488017290229,46.5941627809054,45.3042874089961,60.1261694386884,66.5991604941503,58.0855611708483,61.7691060831346,54.1758257776911,35.145114160817,31.4441599615301,67.9574950478987,51.4557773749375,54.1523253091062,52.0498113294674,42.1843816737545,54.4093178782579,53.5985048361122,50.3668521695731,54.453993854939,44.0879722694344,36.0053112529756,60.4907338353818,31.0916486362147,55.3832316782583,29.5139962319343,56.7176850142909,54.6339814173571,51.9572155632875,67.1105473358082,50.6354466197101,44.4661861733979
67.4488017290229,46.5941627809054,45.3042874089961,60.1261694386884,66.5991604941503,58.0954956732039,61.7691060831346,54.1758257776911,35.4625989509021,31.4441599615301,68.0900054945305,51.4557773749375,54.2246669708791,52.200259579312,42.1843816737545,54.8348455866712,53.5985048361122,50.4569992508845,54.7234515377527,44.0879722694344,36.0053112529756,60.4907338353818,31.0916486362147,55.3832316782583,29.5195697544283,57.232117071387,54.6339814173571,51.9572155632875,67.136680008677,50.6354466197101,44.4661861733979
67.4488017290229,46.5941627809054,45.3042874089961,60.54800689667,66.614256678221,58.0954956732039,62.0073837549818,54.1758257776911,35.6428036851186,31.5116063238909,68.1175656647626,51.8314708506312,54.6836305019551,52.4859563218565,42.1843816737545,54.8348455866712,53.5985048361122,50.4569992508845,55.9577107379419,44.0879722694344,36.0053112529756,60.4907338353818,31.0916486362147,55.8211491897014,29.63709303812,57.232117071387,54.6339814173571,51.9572155632875,67.136680008677,50.6361724256867,44.4661861733979
67.4488017290229,46.5941627809054,45.3042874089961,60.7717108890552,66.6554370299123,58.0954956732039,62.4308771837389,54.2460397029387,35.6428036851186,31.5116063238909,68.1175656647626,51.8314708506312,54.6836305019551,52.4859563218565,42.1843816737545,55.3202225601103,53.6374000421506,50.5233338309122,55.9577107379419,44.0879722694344,36.061291212102,60.496289364305,31.1102612994928,55.8211491897014,29.63709303812,57.232117071387,54.6339814173571,51.9572155632875,67.2656517733561,50.6361724256867,44.4731514267699
67.4488017290229,46.5941627809054,45.3042874089961,60.8912336596887,66.6554370299123,58.0954956732039,62.4308771837389,54.2981173264164,35.7388129900778,31.5116063238909,68.1175656647626,51.8681228669476,54.9716959197776,52.6743180948229,42.1843816737545,55.3202225601103,53.6797943954612,50.5233338309122,55.9577107379419,44.1533975074799,36.061291212102,60.4964367882368,31.1102612994928,55.8211491897014,29.6531478700931,57.3925532161116,54.6339814173571,51.9572155632875,67.2656517733561,50.6361724256867,44.4731514267699
67.4488017290229,46.5963227270135,45.3042874089961,60.8912336596887,66.7720281412105,58.0954956732039,62.9254703061913,54.2981173264164,35.8205384349402,31.6950635242556,68.1255649385631,51.8681228669476,55.0524999161293,52.8866857169519,42.1843816737545,55.3202225601103,53.6797943954612,50.5233338309122,55.9577107379419,44.1533975074799,36.061291212102,60.4964367882368,31.1102612994928,55.8211491897014,29.684978330404,57.3925532161116,54.6499370419052,52.0063169505494,67.4615381881885,50.7427749203721,44.4731514267699
67.4488017290229,46.5967609095567,45.3042874089961,61.1129017578064,66.7720281412105,58.7515183758395,62.9254703061913,54.3185633343531,35.8205384349402,31.6950635242556,68.1255649385631,51.8681228669476,55.0524999161293,52.8866857169519,42.1843816737545,55.7458683255816,53.6797943954612,50.5233338309122,56.043574797678,44.1533975074799,36.061291212102,60.5012452853696,31.1102612994928,55.8211491897014,29.684978330404,57.3925532161116,55.0173956124717,52.3634512666253,67.5268070930401,50.7427749203721,44.4731514267699
67.4488017290229,46.5967609095567,45.5402901833524,61.1129017578064,66.7720281412105,59.1854392505173,63.1604409381487,54.3185633343531,35.8701072720781,31.6950635242556,68.1255649385631,51.8681228669476,55.1391149935563,52.8866857169519,42.1843816737545,55.8160113494527,53.6797943954612,50.6140007964744,56.043574797678,44.1533975074799,36.1159449677871,60.5012452853696,31.6344899775138,55.8211491897014,29.7484817872553,57.7565995110254,55.0173956124717,52.3634512666253,67.560235231728,51.1052979777741,44.4731514267699
67.4488017290229,46.691059353922,45.9918453574682,61.1129017578064,66.7720281412105,59.1854392505173,63.2408153929489,54.3185633343531,36.0734185276329,31.6950635242556,68.1255649385631,51.8681228669476,55.1391149935563,52.9392907969944,42.1851680430332,56.0191342803022,53.6837925635473,50.6140007964744,56.043574797678,44.1533975074799,36.1485052961809,60.5012452853696,31.6344899775138,55.8211491897014,29.7484817872553,57.7565995110254,55.2434056191631,52.6960007763207,67.560235231728,51.1052979777741,44.5188529180896
67.4488017290229,46.691059353922,45.9918453574682,61.1129017578064,66.7720281412105,59.1854392505173,63.2408153929489,54.4106263553668,36.0734185276329,31.6950635242556,68.1255649385631,51.9100146687156,55.1391149935563,52.9392907969944,42.238278807397,56.0349901176437,53.6837925635473,50.7120362205419,56.043574797678,44.1533975074799,36.1485052961809,60.5153116218628,31.6344899775138,55.9446330943495,29.7484817872553,57.7565995110254,55.4697321964771,53.3079517082918,67.7044135098408,51.1052979777741,44.5188529180896
67.4488017290229,46.691059353922,46.3962032176962,61.1129017578064,66.810285415515,59.344210146445,63.3433571989169,54.5809221950787,36.2874727616517,31.6950635242556,68.1751922539639,51.9100146687156,55.1391149935563,52.9392907969944,42.238278807397,56.1824707085443,53.6837925635473,50.7683864087929,56.0576177360587,44.1533975074799,36.1485052961809,60.5181837068918,31.6344899775138,55.9446330943495,29.7836671664536,57.7565995110254,55.4697321964771,53.3079517082918,67.7044135098408,51.1052979777741,44.5188529180896
67.4488017290229,46.7534987728442,46.3962032176962,61.1129017578064,66.810285415515,61.1367646237307,63.4408298830965,54.5809221950787,36.5222588777573,31.7635360765785,68.1751922539639,51.9100146687156,55.1391149935563,53.1498278620186,42.238278807397,56.1824707085443,53.6837925635473,50.7683864087929,56.1197575729021,44.1533975074799,36.1782857491788,60.5181837068918,31.6344899775138,55.9455476887209,29.7836671664536,57.7565995110254,55.4697321964771,53.3079517082918,67.712495359384,51.1052979777741,44.7549486212082
67.4488017290229,46.8127797372699,46.3962032176962,61.1129017578064,66.810285415515,61.1367646237307,63.4408298830965,54.6040270271799,36.5222588777573,31.7635360765785,68.1751922539639,51.9755735533368,55.1391149935563,53.1498278620186,42.3013823918418,56.3114691076491,53.6923214221433,50.7991900480998,56.1197575729021,44.1533975074799,36.1782857491788,60.5181837068918,31.6344899775138,56.0867498903194,29.7836671664536,57.7565995110254,55.4697321964771,53.3079517082918,67.712495359384,51.1052979777741,44.7549486212082
67.4488017290229,46.8127797372699,46.3962032176962,61.1129017578064,66.810285415515,61.1367646237307,63.4441256152741,54.677247190681,36.6780935238338,32.0685012926608,68.1751922539639,51.9979646480552,55.1391149935563,53.2582623518204,42.3013823918418,56.6585868559647,53.6923214221433,50.9126099000253,56.1709556944582,44.1533975074799,36.1782857491788,60.5181837068918,31.6844592033879,56.0867498903194,29.7836671664536,57.900358010882,55.4697321964771,53.3079517082918,67.7691342893534,51.1052979777741,44.7549486212082
67.4488017290229,46.8127797372699,46.3962032176962,61.1129017578064,66.810285415515,61.1367646237307,63.4441256152741,54.677247190681,36.9450172544601,32.2448321707137,68.2055594188304,52.0003843358277,55.2586647969474,53.2582623518204,42.3013823918418,56.6585868559647,53.6923214221433,50.9126099000253,56.5615492135781,44.2846065400057,36.2871080027577,60.5181837068918,31.6844592033879,56.190780626735,30.0143483012583,57.900358010882,55.4697321964771,53.3079517082918,67.8379903002705,51.1052979777741,44.7549486212082
67.4488017290229,46.8604966432977,47.1368879971571,61.2395965598818,66.810285415515,61.1367646237307,63.4441256152741,54.677247190681,36.9450172544601,32.2448321707137,68.2055594188304,52.0003843358277,55.2586647969474,53.2582623518204,42.3013823918418,56.7116989417869,53.6924882297311,50.9304688827386,56.5927308031429,44.2846065400057,36.2871080027577,60.5181837068918,31.6844592033879,56.190780626735,30.0143483012583,58.3992104190312,55.4697321964771,53.3079517082918,67.8793308788872,51.1603281184723,45.0418263015656
67.466625359321,46.8604966432977,47.1368879971571,61.2395965598818,66.810285415515,61.1367646237307,63.6372302267333,54.677247190681,37.1530840325251,32.632863388893,68.2315326197762,52.0003843358277,55.2890264700069,53.2863670224579,42.3712910256172,56.7231629631023,53.6924882297311,50.9380750331097,56.5927308031429,44.2846065400057,36.2871080027577,60.5372128288436,31.6844592033879,56.190780626735,30.0143483012583,58.5483490795855,55.4697321964771,53.3079517082918,67.8793308788872,51.1603281184723,45.0418263015656
67.466625359321,46.9121969434904,47.1368879971571,61.5255559147612,66.810285415515,61.1367646237307,63.6372302267333,54.677247190681,37.3582430638057,32.632863388893,68.3035295526639,52.0589223728087,55.2890264700069,53.400090503311,42.437697741398,56.8124043230232,53.6924882297311,50.9380750331097,56.5927308031429,44.2846065400057,36.37608759694,60.5372128288436,31.6844592033879,56.190780626735,30.0511661583822,58.6729826391506,55.5316775659943,53.404240816466,67.884589007411,51.1603281184723,45.0418263015656
67.5151907647137,46.9121969434904,47.546739045775,61.5255559147612,66.8341909514418,61.1367646237307,63.6372302267333,54.7226023776818,37.3582430638057,32.632863388893,68.3035295526639,52.1544434144743,55.2890264700069,53.400090503311,42.437697741398,56.8124043230232,53.6924882297311,50.9991226172246,56.9400125354379,44.2846065400057,36.4164283850046,60.5372128288436,31.6844592033879,56.2473917174823,30.0511661583822,58.6729826391506,55.563913496041,53.404240816466,67.884589007411,51.22882030561,45.0418263015656
67.5151907647137,46.9121969434904,47.546739045775,61.5255559147612,66.8341909514418,61.8514797632295,63.6372302267333,54.8257633049415,37.6418133807915,32.7731722405168,68.3035295526639,52.1544434144743,55.2890264700069,53.400090503311,42.437697741398,56.9087628347594,53.6924882297311,51.0527294835709,56.9585256911849,44.2846065400057,36.4164283850046,60.5372128288436,31.6844592033879,56.2473917174823,30.2595065989302,58.7157749087608,55.563913496041,53.404240816466,67.8879697901509,51.2568775731269,45.078351888041
67.5151907647137,46.9165696257407,47.7760110025124,61.9987491013086,66.8341909514418,63.0935940183996,63.6616930166639,54.8257633049415,38.091161801825,32.8410090607046,68.3850660661271,52.1544434144743,55.3061287117258,53.400090503311,42.4608391283367,56.9565582310496,53.6924882297311,51.0527294835709,56.9585256911849,44.2846065400057,36.4164283850046,60.5372128288436,31.6844592033879,56.2473917174823,30.2950350800449,58.7157749087608,55.6549678099495,53.404240816466,67.9159665584422,51.2568775731269,45.2910552429458
67.6584276803405,46.9265108171361,47.7760110025124,62.101536602105,66.9160773913582,63.0935940183996,63.6616930166639,54.8847960947391,38.091161801825,32.8410090607046,68.3850660661271,52.1544434144743,55.3061287117258,53.400090503311,43.1176380630621,56.9565582310496,53.6942646650587,51.0527294835709,56.9585256911849,44.3165810555947,36.513439023284,60.5393342917545,31.6844592033879,56.2473917174823,30.2950350800449,58.7486927086261,55.7012354385208,53.6793877696005,67.9159665584422,51.2568775731269,45.2910552429458
67.6584276803405,46.9265108171361,47.7760110025124,62.1501411720019,66.9427933429216,63.0935940183996,63.6792276383419,54.9713457638102,38.6432075114976,32.8488860046764,68.4824477582792,52.1544434144743,55.3479934737248,53.400090503311,43.1176380630621,57.0066053105459,53.6942646650587,51.0527294835709,56.9585256911849,44.3165810555947,36.513439023284,60.5393342917545,31.7023384461476,56.2473917174823,30.3599281000835,58.7486927086261,55.7012354385208,53.6793877696005,67.9908685329966,51.258838936191,45.2910552429458
67.6584276803405,46.939485723096,47.7760110025124,62.1501411720019,66.9427933429216,63.0935940183996,63.7844928212131,54.9713457638102,38.947280961055,32.8488860046764,68.5449983057412,52.1544434144743,55.7710649383784,53.5340951248295,43.1176380630621,57.0066053105459,53.7075440090756,51.0527294835709,56.9585256911849,44.3165810555947,36.513439023284,60.5393342917545,31.7352050966303,56.2925606478081,30.45070885265,59.2534566208672,55.7222729681896,53.6793877696005,67.9908685329966,51.258838936191,45.7265346373076
67.6584276803405,46.9543753528703,47.7760110025124,62.2643731712821,66.9427933429216,63.0935940183996,63.7844928212131,54.9713457638102,38.947280961055,32.8488860046764,68.5449983057412,52.1544434144743,55.7710649383784,53.5340951248295,43.1176380630621,57.0239504629327,53.7075440090756,51.0527294835709,56.9585256911849,44.3165810555947,36.513439023284,60.5393342917545,31.7352050966303,56.361825292909,30.45070885265,59.4844581243951,55.8301049414048,53.6793877696005,67.9908685329966,51.3365737577583,45.766704640365
67.9408140008736,46.9543753528703,47.7760110025124,62.3446442024322,66.9899936018317,63.0935940183996,63.8135431388563,55.0160274433539,39.36368323857,32.8488860046764,68.6950885309833,52.1544434144743,55.7710649383784,53.5340951248295,43.1176380630621,57.165505692058,53.7075440090756,51.0527294835709,56.9585256911849,44.3752352917171,36.513439023284,60.5393342917545,31.7374768802252,56.361825292909,30.4645187421368,59.4844581243951,55.8301049414048,53.6870052793935,67.9908685329966,51.3365737577583,45.766704640365
67.9408140008736,46.9543753528703,47.7760110025124,62.3900956715721,66.9899936018317,63.0935940183996,63.879915470456,55.0160274433539,39.636808273307,32.9204837359036,68.836250215144,52.1544434144743,55.9378216615106,53.6175879008191,43.1176380630621,57.2229513466223,53.7075440090756,51.0527294835709,56.9585256911849,44.3752352917171,36.555592821628,60.5393342917545,31.7374768802252,56.361825292909,30.4645187421368,59.6489361688231,55.8301049414048,53.6870052793935,67.9908685329966,51.3365737577583,45.766704640365
67.9408140008736,46.9543753528703,48.0227970559993,62.3900956715721,67.0465650891564,63.0935940183996,63.879915470456,55.1180034443404,39.636808273307,32.9204837359036,68.836250215144,52.2152152816489,55.9378216615106,53.6175879008191,43.1176380630621,57.2835750658915,53.7237700373322,51.0881245102952,56.9585256911849,44.3752352917171,36.5618385042425,60.5393342917545,31.7374768802252,56.361825292909,30.4645187421368,59.9485976248175,55.8301049414048,53.6870052793935,68.0156524049178,51.4387726646156,45.766704640365
67.9408140008736,46.9543753528703,48.0423716073946,62.3900956715721,67.0465650891564,63.0935940183996,63.9228382688201,55.1180034443404,39.7383366806595,32.9204837359036,68.8935095020725,52.2401426075857,56.0584553410035,53.6785138383567,43.1176380630621,57.3851719443403,53.7418360775658,51.0881245102952,57.2218379555466,44.3752352917171,36.5618385042425,60.5393342917545,31.7374768802252,56.361825292909,30.5819105804265,59.9485976248175,55.8301049414048,53.6941391939604,68.0156524049178,51.6452286005764,45.766704640365
67.9408140008736,46.9543753528703,48.0423716073946,62.4515033680965,67.0465650891564,63.7588278863758,63.9301914724653,55.1180034443404,39.7661856542775,32.9513727920469,68.9326616621103,52.2401426075857,56.1221995105912,53.6996532316066,43.1176380630621,57.4290235917239,53.7442466320552,51.0881245102952,57.2218379555466,44.4550396271784,36.5618385042425,60.5393342917545,31.7374768802252,56.361825292909,30.5819105804265,60.0932789545701,55.8301049414048,53.6941391939604,68.0250297997562,51.7577130603963,45.766704640365
67.968955954037,46.9543753528703,48.0423716073946,62.5230961586554,67.0465650891564,63.7588278863758,63.9301914724653,55.1180034443404,39.7661856542775,32.9513727920469,68.9326616621103,52.2401426075857,56.1221995105912,53.6996532316066,43.1176380630621,57.4290235917239,53.7442466320552,51.0881245102952,57.2218379555466,44.4550396271784,36.5618385042425,60.5393342917545,31.7374768802252,56.361825292909,30.5819105804265,60.0932789545701,56.0329683574372,53.6941391939604,68.0250297997562,51.7577130603963,46.1382775541591
68.0395497095083,46.9543753528703,48.0423716073946,62.5230961586554,67.168609086453,64.0437655806202,63.9301914724653,55.1180034443404,39.832764264796,32.9979019345432,68.9326616621103,52.2401426075857,56.2051957194345,53.7021568544443,43.1176380630621,57.5711772855638,53.7459100823237,51.0893187677062,57.2218379555466,44.4987391725634,36.5618385042425,60.5393342917545,31.7457697698445,56.361825292909,30.5819105804265,60.0932789545701,56.0329683574372,53.8907587994546,68.0250297997562,51.8801229620279,46.1382775541591
68.0395497095083,46.9662728984207,48.0423716073946,62.5230961586554,67.168609086453,64.34602688538,63.9301914724653,55.1180034443404,39.8958014293869,32.9979019345432,68.9326616621103,52.2401426075857,56.2845312285325,53.7021568544443,43.2973873562674,57.6216875664793,53.7501488815809,51.0893187677062,57.3909323894117,44.4987391725634,36.5618385042425,60.5393342917545,31.7534260368855,56.3709666562158,30.5819105804265,60.0932789545701,56.260299130929,53.8955990286562,68.0331946602015,51.9217207155896,46.360641955051
68.0395497095083,47.0733106659373,48.0423716073946,62.6581616794527,67.168609086453,64.34602688538,63.9301914724653,55.1180034443404,39.8958014293869,32.9979019345432,68.9326616621103,52.2401426075857,56.2845312285325,53.7021568544443,43.2973873562674,57.6216875664793,53.7501488815809,51.1031819892515,57.3909323894117,44.4987391725634,36.5935697538195,60.541287465673,31.7534260368855,56.3709666562158,30.5819105804265,60.3815059395438,56.3744878795735,53.8955990286562,68.0428900635367,51.9220119358982,46.5764948055443
68.0662746716143,47.0733106659373,48.0423716073946,62.7952832508927,67.168609086453,64.34602688538,63.9683447419251,55.1303279253614,39.9461851182387,32.9979019345432,68.9326616621103,52.2401426075857,56.3266114379773,53.7039854322028,45.2119205851692,57.6267299562697,53.7501488815809,51.1182817938862,57.3909323894117,44.5018893299044,36.5935697538195,60.5488120310701,31.7740254094937,56.3709666562158,30.5996086990753,60.6602590578912,56.3744878795735,53.9490645915191,68.0619016450913,51.9220119358982,46.7739270898993
68.0662746716143,47.0850473721277,48.1339573062634,62.8672358821521,67.1697867596992,64.34602688538,63.9683447419251,55.1303279253614,39.9830756959931,32.9980484665221,69.0292201218188,52.2401426075857,56.3267450289681,53.7588535344521,45.2119205851692,57.6891743285336,53.7519021669198,51.1182817938862,57.3909323894117,44.5018893299044,36.6106638818013,60.5488120310701,31.7783343771694,56.4164144910376,30.5996086990753,60.6787516124578,56.4249581101138,53.9509604589681,68.0619016450913,51.9220119358982,46.7739270898993
68.0662746716143,47.1016444276918,48.1339573062634,62.8672358821521,67.1697867596992,64.5790269221979,63.9683447419251,55.174797623825,40.0212025622643,32.9980484665221,69.0292201218188,52.2401426075857,56.3267450289681,53.7588535344521,45.2119205851692,57.6891743285336,53.7521388647178,51.1182817938862,57.5744338977936,44.7474638098979,36.6106638818013,60.5534866779663,31.7783343771694,56.4360992338775,30.5996086990753,60.6787516124578,56.4249581101138,53.9509604589681,68.0619016450913,51.9220119358982,46.819149434033
68.1181302924887,47.1016444276918,48.1339573062634,62.8672358821521,67.1697867596992,64.5790269221979,63.9683447419251,55.2410388399165,40.0977524569172,32.9980484665221,69.0746676333877,52.2401426075857,56.3267450289681,53.7820780021773,46.3403354024719,57.7171692193206,53.7537055146251,51.1204962083931,57.5744338977936,44.7474638098979,36.6106638818013,60.5534866779663,31.7839475580466,56.4360992338775,30.5996086990753,60.8590851499357,56.4249581101138,53.9509604589681,68.0619016450913,51.9632142839662,46.819149434033
68.1181302924887,47.1016444276918,48.1339573062634,63.0082587976219,67.1697867596992,64.5790269221979,63.9683447419251,55.2410388399165,40.0977524569172,32.9980484665221,69.1051589535182,52.2401426075857,56.3659220975906,53.8119947782919,47.6506069227563,57.7383025109607,53.7537055146251,51.1204962083931,57.5744338977936,44.7474638098979,36.6512975906149,60.5534866779663,31.7881413773667,56.4420568815591,30.6703295749257,61.2676056383333,56.4249581101138,54.0166593368554,68.0619016450913,52.2534229915518,46.819149434033
68.1181302924887,47.1016444276918,48.1993254698225,63.0082587976219,67.3219102113677,64.6187546881671,63.9683447419251,55.259029056498,40.2398973464366,32.9980484665221,69.1051589535182,52.2401426075857,56.3659220975906,53.8119947782919,47.6506069227563,57.7383025109607,53.7545286549208,51.1459593269923,57.5744338977936,44.8095735502948,36.6512975906149,60.5534866779663,31.7881413773667,56.4450266328157,30.6703295749257,61.2676056383333,56.4384865874082,54.0166593368554,68.0680543942183,52.2534229915518,47.0511803555552
68.1181302924887,47.1016444276918,48.1993254698225,63.0082587976219,67.3366579364571,64.6187546881671,63.9683447419251,55.28121322346,40.3683541396351,33.0563139537359,69.1631765929354,52.2401426075857,56.475560850896,53.844422279984,47.6506069227563,57.7837471669021,53.7545286549208,51.1459593269923,57.6916786197517,44.8095735502948,36.6512975906149,60.5534866779663,31.7881769152717,56.4450266328157,30.6703295749257,61.3493342549516,56.4384865874082,54.0166593368554,68.0680543942183,52.2534229915518,47.0511803555552
68.1181302924887,47.1373045474225,48.2605818857194,63.0082587976219,67.3366579364571,64.6187546881671,64.0020964201336,55.28121322346,40.3683541396351,33.0563139537359,69.1840541837662,52.2401426075857,56.475560850896,53.9444960854017,48.7823788307113,57.8491232043514,53.7545286549208,51.1459593269923,57.9846884447154,44.8095735502948,36.6721876681754,60.5534866779663,31.8292068386785,56.4855663661008,30.6871109188668,61.3993876643008,56.4384865874082,54.0166593368554,68.0714781253707,52.3074560051734,47.0511803555552
68.1181302924887,47.177285497046,48.3578224606617,63.151159841336,67.3366579364571,64.6187546881671,64.0020964201336,55.3016861152702,40.4827549535548,33.0563139537359,69.1840541837662,52.2940421890172,56.475560850896,53.9538389962953,50.0052263506674,57.8491232043514,53.7545286549208,51.1459593269923,58.391319842399,44.8095735502948,36.6721876681754,60.5534866779663,31.8299660887731,56.4855663661008,30.6871109188668,61.4272018992265,56.4404493201252,54.0166593368554,68.1020515709333,52.3074560051734,47.0511803555552
68.1505552279331,47.177285497046,48.3946453809429,63.151159841336,67.3366579364571,64.6187546881671,64.1607801935982,55.3016861152702,40.573953635462,33.0578770833319,69.2135905005115,52.2940421890172,56.5317355676736,54.0516544594463,50.0052263506674,57.8978232379126,53.7545286549208,51.1459593269923,58.391319842399,44.8095735502948,36.6721876681754,60.5580054919221,31.8502308006981,56.4855663661008,30.7770044317031,61.4272018992265,56.4404493201252,54.0166593368554,68.1256589749115,52.3074560051734,47.0511803555552
68.1505552279331,47.2030110847458,48.4098997096497,63.151159841336,67.3879953541743,65.0513839288553,64.1607801935982,55.3016861152702,40.573953635462,33.0991813298897,69.241684334171,52.2940421890172,56.5548010335814,54.0516544594463,50.0052263506674,57.9012622994497,53.7570040263696,51.1459593269923,58.391319842399,44.8095735502948,36.6721876681754,60.5580054919221,31.8502308006981,56.516178343234,30.7770044317031,61.4344127684809,56.4465379680789,54.0166593368554,68.1256589749115,52.3635794264674,47.0511803555552
68.1924127438293,47.2195872606429,48.4098997096497,63.151159841336,67.3919825436148,65.0513839288553,64.1607801935982,55.3323882860109,40.6917251643832,33.0991813298897,69.241684334171,52.2940421890172,56.5548010335814,54.0851410674621,50.2539560721897,57.9012622994497,53.7570040263696,51.1513632826571,58.4871483652205,44.8095735502948,36.740629324544,60.5580054919221,31.8737630523248,56.516178343234,30.8224000076788,61.5053272169625,56.4465379680789,54.0166593368554,68.1256589749115,52.3635794264674,47.0511803555552
68.2196627695062,47.2195872606429,48.4702967033165,63.151159841336,67.3919825436148,65.0513839288553,64.1659525251003,55.3323882860109,40.6917251643832,33.0991813298897,69.2422961384128,52.3318044206552,56.5548010335814,54.1386143653638,51.4025024702912,57.947738319549,53.7570040263696,51.1604141388476,58.649869452403,44.876687423295,36.740629324544,60.5636957225139,31.8977697358359,56.516178343234,30.8224000076788,61.7684464200983,56.4465379680789,54.0166593368554,68.1256589749115,52.3635794264674,47.0511803555552
68.2196627695062,47.2303623246336,48.4702967033165,63.151159841336,67.3919825436148,65.0513839288553,64.1659525251003,55.3323882860109,40.6917251643832,33.1046861731619,69.2930104465305,52.3856761765623,56.5646318510623,54.2134296573745,52.3665332402474,58.0005694952671,53.7592901986704,51.1604141388476,58.649869452403,44.876687423295,36.740629324544,60.5636957225139,31.8977697358359,56.5319152677888,30.8607784160836,61.8387239591368,56.4479659378965,54.0441295405496,68.1256589749115,52.3635794264674,47.0511803555552
68.2196627695062,47.237461591129,48.4817991304448,63.2037986287776,67.3919825436148,65.0513839288553,64.1659525251003,55.3334783725486,40.6917251643832,33.1046861731619,69.2930104465305,52.3907721961601,56.5646318510623,54.2531167258251,52.3665332402474,58.0005694952671,53.7592901986704,51.1604141388476,58.649869452403,44.876687423295,36.740629324544,60.5636957225139,31.9058585217237,56.5345232099734,30.9672462985557,61.8387239591368,56.4543122302048,54.0441295405496,68.1256589749115,52.4025506060794,47.0539240225438
68.2196627695062,47.237461591129,48.4817991304448,63.2037986287776,67.4685318766812,65.0749938005596,64.3300606590345,55.3334783725486,40.6917251643832,33.1210785144991,69.3841457913838,52.3907721961601,56.5646318510623,54.2733482482795,52.6943989466539,58.0056028747007,53.7630554687112,51.1604141388476,58.649869452403,44.876687423295,36.740629324544,60.5639681252847,31.9347884548435,56.5345232099734,30.9672462985557,61.8387239591368,56.4543122302048,54.0441295405496,68.1256589749115,52.4025506060794,47.0672371198693
68.2196627695062,47.2422123944305,48.4817991304448,63.2037986287776,67.4685318766812,65.0749938005596,64.3300606590345,55.3334783725486,40.6917251643832,33.123808629036,69.4095103646272,52.4431933474614,56.5646318510623,54.2733482482795,52.71829497126,58.0225786248696,53.7630554687112,51.1604141388476,58.649869452403,44.876687423295,36.740629324544,60.5639681252847,31.9347884548435,56.5345232099734,30.9784483118935,61.8387239591368,56.4543122302048,54.0441295405496,68.1256589749115,52.4283629429255,47.0672371198693
68.2196627695062,47.2546638454621,48.5098165787542,63.2037986287776,67.4685318766812,65.0749938005596,64.3647030887071,55.3549066099101,40.7647891984488,33.123808629036,69.4095103646272,52.4731611461451,56.5646318510623,54.3325194136366,52.71829497126,58.0225786248696,53.7630554687112,51.1604141388476,58.8670745937892,44.9336974361562,36.776955757186,60.5639681252847,31.9691419492187,56.5409237698211,31.0026232924546,62.0247623006031,56.4543122302048,54.0441295405496,68.1256589749115,52.4283629429255,47.1057055353933
68.2196627695062,47.2546638454621,48.5098165787542,63.2151518708158,67.4685318766812,65.0749938005596,64.4138154556165,55.44650839542,40.8503489291828,33.123808629036,69.4095103646272,52.6004962575021,56.6029633075768,54.3972514458913,52.71829497126,58.0394735704244,53.7653658030387,51.1654832776966,58.8670745937892,44.9336974361562,36.776955757186,60.5639681252847,31.9922347388054,56.5710317897494,31.0026232924546,62.0247623006031,56.4543122302048,54.0586363771739,68.1256589749115,52.4433898533782,47.1057055353933
68.2196627695062,47.2631751591321,48.5098165787542,63.3449467145102,67.4685318766812,65.143243738258,64.4138154556165,55.6237244128885,40.8503489291828,33.1272063085537,69.4620992467035,52.6004962575021,56.6029633075768,54.3972514458913,53.9772463885225,58.1072288542831,53.7668186888777,51.1654832776966,58.8670745937892,44.9336974361562,36.7815043809358,60.5639681252847,31.9922347388054,56.5710317897494,31.0422883432976,62.0247623006031,56.4543122302048,54.0586363771739,68.1256589749115,52.4513180423767,47.1057055353933
68.2196627695062,47.2657273989406,48.5098165787542,63.3449467145102,67.4685318766812,65.143243738258,64.4795605969738,55.6237244128885,40.9849664227054,33.1272063085537,69.4620992467035,52.6004962575021,56.6029633075768,54.4348656313332,54.2321013059169,58.1072288542831,53.7668186888777,51.1681840388547,58.8670745937892,44.9336974361562,36.8529207558921,60.5639681252847,32.0108901511106,56.5900256702101,31.1196487321416,62.0247623006031,56.4548588661844,54.0586363771739,68.1256589749115,52.4513180423767,47.1057055353933
68.2196627695062,47.2657273989406,48.6143605461695,63.3449467145102,67.4685318766812,65.143243738258,64.4795605969738,55.6237244128885,41.0220707257011,33.1455540754651,69.4620992467035,52.8846006125237,56.604821385006,54.4414491739544,54.2321013059169,58.1329732196094,53.7668186888777,51.1681840388547,59.3275481103022,44.9336974361562,36.8529207558921,60.5639681252847,32.0521053304578,56.5927068191104,31.1196487321416,62.0247623006031,56.4548588661844,54.0586363771739,68.1256589749115,52.4513180423767,47.1057055353933
68.2196627695062,47.2909843545252,48.8421237638937,63.4497303082023,67.5041949340718,65.143243738258,64.4795605969738,55.7221847515689,41.0220707257011,33.1455540754651,69.4843009700773,53.0671964835107,56.6223301594188,54.4414491739544,54.2321013059169,58.1329732196094,53.7668186888777,51.1891955503908,59.3275481103022,44.9336974361562,36.8668798093381,60.5639681252847,32.0521053304578,56.5927068191104,31.1915834459522,62.0247623006031,56.4548588661844,54.0754728004615,68.1256589749115,52.4554457624758,47.1057055353933
68.2289105609826,47.2909843545252,48.8421237638937,63.4497303082023,67.5808510672523,65.1575756408313,64.4795605969738,55.7739572576668,41.0435039566899,33.1455540754651,69.4843009700773,53.0671964835107,56.6223301594188,54.4414491739544,54.2321013059169,58.1580974897927,53.7708927822236,51.1891955503908,59.3275481103022,44.9336974361562,36.8862159246921,60.5639681252847,32.0867629524305,56.627902606444,31.2220765524001,62.0247623006031,56.4560285237748,54.0754728004615,68.1256589749115,52.4575635029456,47.1057055353933
68.2289105609826,47.2909843545252,49.0493859150933,63.4497303082023,67.5808510672523,65.1575756408313,64.4795605969738,55.7739572576668,41.0967304319241,33.1455540754651,69.4843009700773,53.0671964835107,56.6223301594188,54.4414491739544,54.2321013059169,58.1580974897927,53.7741166751269,51.1891955503908,59.3275481103022,44.9336974361562,36.8862159246921,60.5642779377032,32.0962540795044,56.627902606444,31.2220765524001,62.0247623006031,56.4560285237748,54.0779867494882,68.1256589749115,52.4591507402122,47.1057055353933
68.2289105609826,47.3144405009749,49.1579787181914,63.4497303082023,67.5808510672523,65.1575756408313,64.4795605969738,55.7739572576668,41.0967304319241,33.1455540754651,69.4924939101231,53.2258191056818,56.6386954018905,54.4414491739544,54.2321013059169,58.1580974897927,53.7771245900827,51.1891955503908,59.3915668259229,44.9336974361562,36.9537908236713,60.5642779377032,32.0962540795044,56.627902606444,31.2385497268671,62.2381489076099,56.4560285237748,54.0967325423632,68.1256589749115,52.4591507402122,47.2575894447828
68.2298998335307,47.3296904497992,49.2074703270192,63.4977622563349,67.5808510672523,65.2133574189831,64.4795605969738,55.7832793998202,41.1375800073161,33.1811666312034,69.4924939101231,53.2983285058514,56.6386954018905,54.4641448678103,54.2321013059169,58.1618583559948,53.7771245900827,51.2281516952452,59.3915668259229,44.9336974361562,36.9780277303001,60.5657684803743,32.1151243298351,56.636368431456,31.2696600132487,62.2905992893525,56.4588121985211,54.0967325423632,68.1256589749115,52.4593944823742,47.2575894447828
68.2420185160494,47.3296904497992,49.2074703270192,63.4977622563349,67.5808510672523,65.3216896076181,64.4795605969738,55.7832793998202,41.3078110044293,33.1938874133861,69.5321355141413,53.3860545108623,56.6661874505704,54.4641448678103,54.2321013059169,58.201726522728,53.7790590384829,51.2281516952452,59.3915668259229,44.9336974361562,36.9780277303001,60.5684792053251,32.1253437016104,56.636368431456,31.2696600132487,62.2905992893525,56.4588121985211,54.0967325423632,68.1256589749115,52.4594994382274,47.2575894447828
68.2420185160494,47.3296904497992,49.2363781426043,63.4977622563349,67.5824214667062,65.3216896076181,64.4795605969738,55.7832793998202,41.3078110044293,33.1938874133861,69.5321355141413,53.3860545108623,56.6759241664718,54.4641448678103,54.3884577173411,58.201726522728,53.7803318647153,51.2281516952452,59.3915668259229,44.9336974361562,37.0071729029653,60.5684792053251,32.1253437016104,56.636368431456,31.2831856275985,62.2905992893525,56.4588121985211,54.2122595407612,68.1256589749115,52.4595440110216,47.2575894447828
68.2420185160494,47.3296904497992,49.3579919814504,63.4977622563349,67.5824214667062,65.3216896076181,64.4795605969738,55.7836656550956,41.3804345015348,33.2334508437038,69.5321355141413,53.3860545108623,56.6759241664718,54.4823477447588,54.3884577173411,58.2333593585814,53.7811867543862,51.2281516952452,60.0639931011554,44.9336974361562,37.043407826131,60.5732153404805,32.1772460378013,56.6413701581695,31.2981242301837,62.2905992893525,56.4588121985211,54.2122595407612,68.1275817622904,52.4595440110216,47.2575894447828
68.2420185160494,47.3296904497992,49.3579919814504,63.4977622563349,67.5824214667062,65.5604802232237,64.4795605969738,55.7836656550956,41.4848931999465,33.2337145842193,69.5321355141413,53.4528128129411,56.8206711075543,54.5477017275927,54.3884577173411,58.2887618115286,53.7811867543862,51.2394898839454,61.0081830999056,44.9336974361562,37.043407826131,60.5732153404805,32.1878582038871,56.6515373374656,31.2981242301837,62.3101875959257,56.4588121985211,54.2474892271546,68.1275817622904,52.4595440110216,47.3269386652929
68.2420185160494,47.3390839074999,49.3761725973506,63.4977622563349,67.5849320036361,65.6826097147227,64.4795605969738,55.8032564124696,41.4848931999465,33.2337145842193,69.5535663840408,53.6034421040394,56.8229001162727,54.5477017275927,54.7655089273713,58.2887618115286,53.7811867543862,51.2394898839454,61.0081830999056,44.9744924059462,37.0913675581344,60.5732153404805,32.1878582038871,56.6515373374656,31.33227639623,62.3101875959257,56.4588121985211,54.2474892271546,68.1275817622904,52.4595440110216,47.4361739366547
68.2420185160494,47.3490801953605,49.3761725973506,63.4977622563349,67.5849320036361,65.6826097147227,64.4962238215579,55.8302785974792,41.5502642354541,33.2569183470688,69.5535663840408,53.6086280314074,56.8229001162727,54.5477017275927,55.7082423858704,58.3238490415913,53.7822878225254,51.2486015251894,61.0081830999056,44.9866812746263,37.1469454459912,60.5732153404805,32.2656040529783,56.6942344539322,31.380105620595,62.3101875959257,56.460485317574,54.2474892271546,68.1294765418269,52.4595440110216,47.4361739366547
68.2446473596976,47.3490801953605,49.3761725973506,63.4977622563349,67.64042394578,65.6826097147227,64.4962238215579,55.8302785974792,41.5585629056294,33.265907848713,69.5535663840408,53.6086280314074,56.8229001162727,54.5797456827065,55.7082423858704,58.3465729311619,53.7835917108114,51.2679023079419,61.5434040773926,44.9866812746263,37.1469454459912,60.5732153404805,32.2656040529783,56.7405467121387,31.380105620595,62.3101875959257,56.460485317574,54.3053293450685,68.1294765418269,52.4595440110216,47.4703578967759
68.2446473596976,47.3658549071064,49.3761725973506,63.4977622563349,67.64042394578,65.748803607449,64.5094061534158,55.8302785974792,41.5585629056294,33.265907848713,69.5999998606242,53.6086280314074,56.8229001162727,54.5797456827065,55.7082423858704,58.3465729311619,53.7835917108114,51.2679023079419,61.9445455456901,44.9866812746263,37.1822175026902,60.5732153404805,32.2656040529783,56.7405467121387,31.414814911308,62.3198336596572,56.460485317574,54.3085791293987,68.1294765418269,52.4595440110216,47.5192190173826
68.2446473596976,47.3789047663851,49.3761725973506,63.5189718080617,67.64042394578,65.7747465786178,64.5094061534158,55.8302785974792,41.5758690273276,33.3029008954321,69.5999998606242,53.6086280314074,56.8229001162727,54.5797456827065,55.7963498210605,58.3616090075672,53.7835917108114,51.3179330982005,61.9445455456901,45.0061032729787,37.1822175026902,60.5763570716299,32.2733987045077,56.8507353520143,31.4187407089844,62.3198336596572,56.460485317574,54.3085791293987,68.1294765418269,52.4595440110216,47.5416995240219
68.2461940724658,47.3789047663851,49.4175252886916,63.5466148054219,67.649508100356,65.7747465786178,64.5094061534158,55.8302785974792,41.62892484363,33.3225870674977,69.6077402829052,53.6555987985713,56.8229001162727,54.6231146333298,55.7963498210605,58.3760674881645,53.7848560873356,51.3537809983361,61.9445455456901,45.0061032729787,37.1822175026902,60.5763570716299,32.2733987045077,56.913591581646,31.4187407089844,62.3198336596572,56.460485317574,54.3285022041408,68.1294995402985,52.4595440110216,47.5416995240219
68.2461940724658,47.3877123574092,49.4401801149058,63.5466148054219,67.649508100356,65.7747465786178,64.5390971027222,55.8302785974792,41.62892484363,33.3225870674977,69.6077402829052,53.6555987985713,56.8229001162727,54.6231146333298,55.7963498210605,58.3760674881645,53.7864232186176,51.3537809983361,61.9445455456901,45.0061032729787,37.2047828688593,60.5792545398782,32.2733987045077,56.913591581646,31.4478515648271,62.3198336596572,56.465044137608,54.3600944665949,68.1294995402985,52.4598587440673,47.5593614916919
68.2461940724658,47.4123037260135,49.4401801149058,63.5466148054219,67.649508100356,65.7954730484688,64.5498823195627,55.8302785974792,41.6869330942915,33.3769105043335,69.6077402829052,53.6555987985713,56.8229001162727,54.6252269700639,55.7963498210605,58.4071971922158,53.7864232186176,51.3600382540638,61.9445455456901,45.0061032729787,37.2988527281255,60.5808749602353,32.2733987045077,56.9883824152753,31.4680678158036,62.3877105401094,56.4766606385305,54.3600944665949,68.1294995402985,52.4598587440673,47.5649213683508
68.2461940724658,47.4123037260135,49.4401801149058,63.5466148054219,67.649508100356,65.9125101082246,64.5498823195627,55.8302785974792,41.761384356132,33.4003741272527,69.6446304113887,53.7568888087535,56.8400686130249,54.6252269700639,55.7963498210605,58.4300810518491,53.7864232186176,51.3639687090806,61.9657682522365,45.0061032729787,37.2988527281255,60.5808749602353,32.2839679528607,57.0598929896526,31.4680678158036,62.401170066098,56.4766606385305,54.3600944665949,68.1332197158872,52.4598587440673,47.5704812985526
68.2461940724658,47.4148116981125,49.4401801149058,63.5466148054219,67.649508100356,65.9256788871415,64.5498823195627,55.8363491556813,41.761384356132,33.4003741272527,69.6446304113887,53.8290932815994,56.8670724339182,54.6252269700639,56.0240726852441,58.4300810518491,53.7864232186176,51.3639687090806,61.9657682522365,45.0061032729787,37.3073773718044,60.5817939262142,32.2839679528607,57.0598929896526,31.5168042816438,62.4365814664791,56.4766606385305,54.3829607834293,68.1332197158872,52.4686327784509,47.5704812985526
68.2461940724658,47.4148116981125,49.4401801149058,63.5559418473447,67.6569659886777,65.9256788871415,64.5593658152971,55.8363491556813,41.8446572303663,33.4272024496599,69.6446304113887,53.8290932815994,56.8670724339182,54.6252269700639,56.0240726852441,58.4837051797524,53.7879019262025,51.3698470858243,61.9657682522365,45.0061032729787,37.3164479836602,60.5823240482214,32.2839679528607,57.1054682280836,31.554809997441,62.4378968927985,56.4839377706513,54.3829607834293,68.1332197158872,52.4686327784509,47.6200470045123
68.2461940724658,47.4148116981125,49.4572882923913,63.5559418473447,67.6713477073626,65.9256788871415,64.5593658152971,55.8363491556813,41.8446572303663,33.4381963233077,69.6464173026543,53.8290932815994,56.8670724339182,54.6368959825716,56.0240726852441,58.5155927000294,53.7914856607128,51.3698470858243,62.2602717678744,45.0061032729787,37.3164479836602,60.5823240482214,32.2839679528607,57.1537992374999,31.554809997441,62.4378968927985,56.4839377706513,54.3829607834293,68.1332197158872,52.468658083863,47.6452301582998
68.2461940724658,47.4148116981125,49.4665239810018,63.5559418473447,67.6713477073626,65.9256788871415,64.5702919823291,55.8363491556813,41.8446572303663,33.4381963233077,69.6545299289001,53.8290932815994,56.8670724339182,54.6368959825716,56.0240726852441,58.5155927000294,53.7914856607128,51.3698470858243,62.2602717678744,45.00623268673,37.3226666421177,60.5937073994822,32.2839679528607,57.1537992374999,31.5594454283341,62.4378968927985,56.4885294410615,54.3829607834293,68.1332197158872,52.468658083863,47.6452301582998
68.2461940724658,47.4148116981125,49.4665239810018,63.5559418473447,67.6713477073626,65.9256788871415,64.5757918810266,55.8363491556813,41.9096000919853,33.4429015859908,69.6545299289001,53.8290932815994,56.8670724339182,54.6384795230709,56.066614787523,58.5357663292651,53.7914856607128,51.3820142660402,62.2708009763629,45.00623268673,37.3226666421177,60.5968892455527,32.2883944769537,57.2078798498385,31.5917264312916,62.5282996273504,56.490030161596,54.3829607834293,68.1332197158872,52.468658083863,47.6452301582998
68.2461940724658,47.4148116981125,49.4665239810018,63.5579388663546,67.6713477073626,65.9256788871415,64.5757918810266,55.8363491556813,41.9452813904354,33.4696337179973,69.6545299289001,53.8943976786797,56.8708355304934,54.6453603050133,56.066614787523,58.5682899182397,53.7914856607128,51.3826683232787,62.2708009763629,45.00623268673,37.3226666421177,60.5968892455527,32.2883944769537,57.2263568194088,31.5917264312916,62.5282996273504,56.490030161596,54.3829607834293,68.1332197158872,52.4712309295135,47.6452301582998
68.2461940724658,47.4148116981125,49.4708590531587,63.5579388663546,67.682102113539,65.9629750864918,64.595944301802,55.8363491556813,41.9452813904354,33.4696337179973,69.6564320904335,53.8943976786797,56.8847974895472,54.6453603050133,56.066614787523,58.5682899182397,53.7914856607128,51.3826683232787,62.2708009763629,45.00623268673,37.3956780789225,60.6021553502506,32.2883944769537,57.2263568194088,31.6240741686499,62.5282996273504,56.4974075870904,54.3829607834293,68.1332197158872,52.4712309295135,47.6452301582998
68.2461983177763,47.4148116981125,49.5942450142778,63.5579388663546,67.7054822252034,65.9642299758389,64.595944301802,55.8405448805951,42.0310462787887,33.47601332004,69.6564320904335,53.8943976786797,56.8847974895472,54.6453603050133,57.235801191171,58.6082368250825,53.7914856607128,51.3879906288655,62.2708009763629,45.00623268673,37.3956780789225,60.6068699167026,32.2883944769537,57.253455204262,31.6240741686499,62.5810958236367,56.4974075870904,54.3829607834293,68.1332197158872,52.4800596260752,47.6575837675675
68.2463678343539,47.4148116981125,49.5942450142778,63.5579388663546,67.7054822252034,65.9642299758389,64.595944301802,55.8405448805951,42.0568872212384,33.4908931804614,69.6564320904335,53.8943976786797,56.8898134953877,54.6453603050133,57.235801191171,58.6324669066284,53.7914856607128,51.3964282705342,62.2963601106789,45.0157490074145,37.3956780789225,60.6068699167026,32.2883944769537,57.2707645166283,31.6240741686499,62.6029706873569,56.4974075870904,54.3829607834293,68.1332197158872,52.4800596260752,47.6575837675675
68.2463678343539,47.4148116981125,49.5992165660973,63.5833769690406,67.7054822252034,65.9642299758389,64.6176445412935,55.843702355246,42.0568872212384,33.4908931804614,69.6599639373451,53.8943976786797,56.9284009726642,54.6453603050133,57.3104759533469,58.6324669066284,53.7914856607128,51.3964282705342,62.323048353775,45.0157490074145,37.4069782102607,60.6083066179549,32.2883944769537,57.2707645166283,31.6323707496902,62.6365486755868,56.4985568683605,54.3829607834293,68.1332197158872,52.4800596260752,47.6575837675675
68.2463678343539,47.4148116981125,49.6452114873001,63.6199835317415,67.7054822252034,65.9774860715596,64.6176445412935,55.843702355246,42.1313341911229,33.4908931804614,69.6599639373451,53.8943976786797,56.9284009726642,54.6453603050133,57.3104759533469,58.6983247770747,53.7919202309327,51.4010848939591,62.323048353775,45.0157490074145,37.4156438837604,60.6147414108082,32.2883944769537,57.2820326965075,31.6519310331051,62.6365486755868,56.5522532231976,54.3829607834293,68.1332197158872,52.497672820397,47.6575837675675
68.2527476788777,47.4148116981125,49.7634755652918,63.6446972777491,67.7101630917199,65.9852734756873,64.6176445412935,55.843702355246,42.1542833005637,33.4908931804614,69.6612771837478,53.8943976786797,56.9284009726642,54.6465847343754,57.8793951433262,58.7714173489004,53.7920110700371,51.4106253812945,62.323048353775,45.0157490074145,37.4156438837604,60.6147414108082,32.2883944769537,57.2895115660734,31.6519310331051,62.6562874253602,56.5522532231976,54.3829607834293,68.1332197158872,52.497672820397,47.6575837675675
68.2527476788777,47.4148116981125,49.7634755652918,63.6446972777491,67.7101630917199,65.9852734756873,64.645714914931,55.8453084532609,42.1542833005637,33.5509600223848,69.6618776517965,53.8943976786797,56.9406930338411,54.6465847343754,58.844816875389,58.7714173489004,53.7921303728983,51.4106253812945,62.323048353775,45.0157490074145,37.4156438837604,60.6186357064727,32.2883944769537,57.2895115660734,31.6548623778729,62.6783094710025,56.5672928345288,54.3829607834293,68.1332197158872,52.497672820397,47.6575837675675
68.2529285373177,47.4148116981125,49.7634755652918,63.6637854007677,67.7101630917199,65.9852734756873,64.6796752092079,55.8453084532609,42.1928518408175,33.6088001461509,69.6618776517965,53.8943976786797,56.9406930338411,54.6502100029074,58.844816875389,58.8713532076114,53.7921303728983,51.4106253812945,62.4219979609918,45.0157490074145,37.4682532959554,60.6186587806581,32.2883944769537,57.294566497376,31.6692770903109,62.6783094710025,56.5672928345288,54.3829607834293,68.1332197158872,52.497672820397,47.7000753996977
68.2548689588626,47.4151161459711,49.7634755652918,63.6940176466621,67.7101630917199,65.9857587735613,64.6796752092079,55.8453084532609,42.1928518408175,33.6088001461509,69.6618776517965,53.9119859527836,57.0061218391224,54.6558374269137,58.844816875389,58.9106976307519,53.7922363045138,51.4106253812945,62.4222506487887,45.0157490074145,37.4682532959554,60.6186587806581,32.2883944769537,57.3098626473814,31.6692770903109,62.6783094710025,56.5672928345288,54.3829607834293,68.1394528883004,52.5260377196551,47.7000753996977
68.2548689588626,47.4151161459711,49.7894240124372,63.6940176466621,67.7101630917199,65.9953943984801,64.6926771281947,55.8453084532609,42.1928518408175,33.6598159127726,69.6618776517965,53.9725560506416,57.0273251747284,54.6558374269137,59.487550174896,58.9106976307519,53.7924349953093,51.4106253812945,62.4222506487887,45.0198508649491,37.478597084137,60.6207544180182,32.2883944769537,57.3098626473814,31.6762987723025,62.6783094710025,56.5789271111577,54.3829607834293,68.1394528883004,52.5330670085476,47.7000753996977
68.2592163788572,47.4151161459711,49.7894240124372,63.6940176466621,67.7101630917199,66.0072789367181,64.7200460207704,55.8526092423844,42.2061997350843,33.6691861400501,69.6618776517965,53.9831071554718,57.0273251747284,54.6632798622751,59.487550174896,58.9344941747891,53.7924371359128,51.4106253812945,62.4222506487887,45.0198508649491,37.478597084137,60.6219942704015,32.2883944769537,57.320689835827,31.6785468877546,62.7388806424261,56.5991674908168,54.3829607834293,68.1394528883004,52.5493418609736,47.7000753996977
68.2592163788572,47.4151161459711,49.7894240124372,63.6940176466621,67.7101630917199,66.0072789367181,64.7200460207704,55.8526092423844,42.2061997350843,33.6837398372683,69.6748016446581,53.9831071554718,57.0358445861279,54.6650793819429,59.487550174896,59.0166045701332,53.7924371359128,51.4106253812945,62.4222506487887,45.0198508649491,37.478597084137,60.6219942704015,32.2883944769537,57.3301714554329,31.6785468877546,62.7388806424261,56.5991674908168,54.3829607834293,68.1394528883004,52.5493418609736,47.7000753996977
68.2592163788572,47.4151161459711,49.8140205194287,63.7149198682555,67.7101630917199,66.0226592161836,64.7379905441491,55.8526092423844,42.2061997350843,33.7482259850462,69.6748016446581,54.0107096809861,57.0358445861279,54.6650793819429,59.487550174896,59.0166045701332,53.7924371359128,51.4106253812945,62.4778791418336,45.0198508649491,37.5023405300708,60.624703191769,32.2883944769537,57.3301714554329,31.7076945295789,62.7726490913559,56.6102577264506,54.3829607834293,68.1394528883004,52.5493418609736,47.7000753996977
68.2610685094238,47.4151161459711,49.8214554803824,63.7252331307115,67.7156812763562,66.0226592161836,64.8167541063856,55.8526092423844,42.2450401914384,33.8073575363004,69.6748016446581,54.0107096809861,57.0358445861279,54.6709237905839,59.487550174896,59.0554051672547,53.7925328539795,51.4106253812945,62.485846830132,45.0198508649491,37.5567123669818,60.6288329699696,32.2883944769537,57.3766192900467,31.7432170803401,62.8065047739973,56.6110585343197,54.3829607834293,68.1394528883004,52.552991597247,47.7205215844014
68.2610685094238,47.4151161459711,49.8214554803824,63.7252331307115,67.7156812763562,66.0226592161836,64.8167541063856,55.8526092423844,42.2450401914384,33.8395071056385,69.6748016446581,54.0107096809861,57.0665881743189,54.6709237905839,59.487550174896,59.1461342815724,53.792619308339,51.4106253812945,62.485846830132,45.0248116797347,37.5567123669818,60.6288329699696,32.2883944769537,57.4104379145859,31.7432170803401,62.8065047739973,56.6110585343197,54.3829607834293,68.1394528883004,52.552991597247,47.7205215844014
68.2610685094238,47.4151161459711,49.8214554803824,63.7252331307115,67.7156812763562,66.0226592161836,64.8167541063856,55.8526092423844,42.2450401914384,33.8395071056385,69.6748016446581,54.0107096809861,57.0800571329312,54.6709237905839,59.487550174896,59.1461342815724,53.792619308339,51.4106253812945,62.485846830132,45.0248116797347,37.579158835087,60.6385869189102,32.2883944769537,57.4104379145859,31.7976715085278,62.8508888754716,56.6110585343197,54.3829607834293,68.1394528883004,52.552991597247,47.7205215844014
68.2610685094238,47.4151161459711,49.8214554803824,63.7252331307115,67.7156812763562,66.0226592161836,64.9058212184015,55.8560477862034,42.2450401914384,33.8395071056385,69.6748016446581,54.0148767988768,57.0800571329312,54.6709237905839,59.487550174896,59.3137611120993,53.792619308339,51.4106253812945,62.485846830132,45.0248116797347,37.6431203959067,60.6419490812834,32.2883944769537,57.4543441400768,31.8729540579263,62.8508888754716,56.6110585343197,54.3829607834293,68.1394528883004,52.552991597247,47.7205215844014
68.2610685094238,47.4151161459711,49.8723318071823,63.7622565390707,67.7156812763562,66.0423747773206,64.9058212184015,55.8560477862034,42.2574720401679,33.881397063515,69.6748016446581,54.0148767988768,57.095873744584,54.6711777752233,59.487550174896,59.4295139664929,53.792629526264,51.4106253812945,62.485846830132,45.0248116797347,37.6431203959067,60.6419490812834,32.2883944769537,57.4894217126374,31.8729540579263,62.8705523751213,56.6110585343197,54.3829607834293,68.1394528883004,52.5688529526856,47.7310414325929
68.2610685094238,47.4151161459711,49.878755083382,63.7874223746534,67.720750708147,66.0779850620077,64.9894140395416,55.8625721439575,42.2574720401679,33.9429741655494,69.6748016446581,54.0148767988768,57.1051490593711,54.6711777752233,59.5826149919132,59.4295139664929,53.7926946440943,51.4112633347834,62.5115313822112,45.0248116797347,37.6799504861832,60.6501698027283,32.2883944769537,57.4894217126374,31.8993884020949,62.8705523751213,56.6110585343197,54.3829607834293,68.1394528883004,52.5688529526856,47.7832379523216
68.2610685094238,47.4151161459711,49.878755083382,63.7968930116829,67.720750708147,66.0786451091094,65.0421355243549,55.8631835268969,42.2617677840552,33.9429741655494,69.6748016446581,54.0148767988768,57.1051490593711,54.6711777752233,59.5826149919132,59.5586259043342,53.7926946440943,51.4112633347834,62.5115313822112,45.0248116797347,37.6976379169813,60.6555437860943,32.291109042591,57.5127168782314,31.9142050707308,62.8705523751213,56.6110585343197,54.3829607834293,68.1394528883004,52.5688529526856,47.7832379523216
68.2610685094238,47.4151161459711,49.8814914721736,63.7968930116829,67.720750708147,66.0786451091094,65.0421355243549,55.8631835268969,42.2617677840552,33.9901483609384,69.6748016446581,54.043930121402,57.115592830766,54.6711777752233,59.5826149919132,59.6707849069359,53.7926946440943,51.4112633347834,62.5115313822112,45.0510624478757,37.6976379169813,60.6555437860943,32.291109042591,57.5127168782314,31.9142050707308,62.8939553760413,56.6110585343197,54.3829607834293,68.1394528883004,52.5818994175064,47.7832379523216
68.2610685094238,47.4151161459711,49.9120013506245,63.7968930116829,67.720750708147,66.1062188425316,65.0741661379052,55.8646450682854,42.2617677840552,34.0554790417761,69.6748016446581,54.043930121402,57.1398781141128,54.6711777752233,59.5826149919132,59.6707849069359,53.7926946440943,51.4112633347834,62.5115313822112,45.0510624478757,37.723136060368,60.6609049133549,32.291109042591,57.5127168782314,31.9142050707308,62.9597124013432,56.6110585343197,54.3829607834293,68.1394528883004,52.583973411115,47.7874295936273
68.2610685094238,47.4151161459711,49.9120013506245,63.7968930116829,67.720750708147,66.1210754186601,65.204891424088,55.8646450682854,42.2640876703358,34.0554790417761,69.6748016446581,54.0515135301061,57.1398781141128,54.6756806672237,59.6330270422375,59.7739357081689,53.792775660631,51.4112633347834,62.5115313822112,45.0510624478757,37.8335526466112,60.6730013546142,32.291109042591,57.5127168782314,31.9175542816716,62.9795704621696,56.6110585343197,54.3829607834293,68.1419670776691,52.583973411115,47.7931937988775
68.2610685094238,47.4151161459711,49.9120013506245,63.8182870213765,67.720750708147,66.1782880126716,65.204891424088,55.8646450682854,42.2640876703358,34.1092991053529,69.6748016446581,54.0781895875941,57.1611425240326,54.6766323450144,59.6330270422375,59.8616750315011,53.792775660631,51.4112633347834,62.530497996374,45.0510624478757,37.8335526466112,60.6730013546142,32.291109042591,57.530794961311,31.9175542816716,63.0334504792231,56.6110585343197,54.4697809723964,68.1419670776691,52.583973411115,47.8227618913139
68.2610685094238,47.4151161459711,49.962324611292,63.8182870213765,67.720750708147,66.1782880126716,65.265432621556,55.8646450682854,42.2640876703358,34.2259838907417,69.6748016446581,54.0781895875941,57.1792960970968,54.6766323450144,59.6330270422375,59.8616750315011,53.792775660631,51.4112633347834,62.530497996374,45.0510624478757,37.8486397903574,60.6810060222783,32.291109042591,57.530794961311,31.9566021004968,63.0334504792231,56.6110585343197,54.4697809723964,68.1419670776691,52.5868001997009,47.8227618913139
68.2610685094238,47.4151161459711,49.9711430796571,63.8182870213765,67.720750708147,66.1782880126716,65.265432621556,55.8646450682854,42.2729724506026,34.2865409491184,69.6748016446581,54.0859594860246,57.1792960970968,54.678218739135,59.8053382437694,59.9247935071542,53.792775660631,51.4112633347834,62.530497996374,45.0510624478757,37.9253853687393,60.6864060388058,32.291109042591,57.530794961311,31.9807530902705,63.0334504792231,56.6110585343197,54.4697809723964,68.1419670776691,52.5877201009189,47.8227618913139
68.2615391960209,47.4151161459711,49.9711430796571,63.8197812725881,67.7236568550107,66.2158438375074,65.265432621556,55.8647983355963,42.2741553246418,34.3162652636356,69.6748016446581,54.0947044565293,57.1792960970968,54.678218739135,60.0382381077239,59.9908079835432,53.792775660631,51.4112633347834,62.530497996374,45.0777964370241,37.9253853687393,60.6864060388058,32.291109042591,57.5434686958992,31.9807530902705,63.0334504792231,56.6110585343197,54.4697809723964,68.1435584544584,52.5877201009189,47.8681851462545
68.2615391960209,47.4151161459711,49.9711430796571,63.8197812725881,67.7236568550107,66.2835341070276,65.265432621556,55.8647983355963,42.2741553246418,34.3162652636356,69.6748016446581,54.0947044565293,57.1792960970968,54.678218739135,60.0382381077239,59.9908079835432,53.792847480627,51.4112633347834,62.5328069358628,45.0777964370241,37.9561695521759,60.6907047224602,32.291109042591,57.5434686958992,32.0343370209195,63.0334504792231,56.6110585343197,54.4697809723964,68.1435584544584,52.5877201009189,47.8850283660091
68.291816074528,47.4151161459711,49.9711430796571,63.8197812725881,67.7236568550107,66.3340904532785,65.265432621556,55.8647983355963,42.282970910547,34.3588942139541,69.6748016446581,54.0947044565293,57.1792960970968,54.6818952021106,60.0382381077239,60.0215533502246,53.7928790656749,51.4112633347834,62.5487128984018,45.0777964370241,37.9956922042445,60.6977790542741,32.291109042591,57.5434686958992,32.0600487287381,63.0883782750765,56.6110585343197,54.4697809723964,68.1435584544584,52.5901591256997,47.8850283660091
68.3078828060085,47.4151161459711,50.0083166685958,63.8197812725881,67.7236568550107,66.3340904532785,65.265432621556,55.8647983355963,42.286920433546,34.4100881527142,69.6748016446581,54.0993375112933,57.1792960970968,54.6840783103085,60.0382381077239,60.0718124782351,53.7928790656749,51.4112633347834,62.5602482535256,45.0777964370241,37.9956922042445,60.6977790542741,32.291109042591,57.5434686958992,32.0600487287381,63.0883782750765,56.6110585343197,54.4697809723964,68.1435584544584,52.5901591256997,47.8850283660091
68.3078828060085,47.4151161459711,50.0083166685958,63.8240537798618,67.7236568550107,66.3883186813274,65.265432621556,55.8647983355963,42.286920433546,34.4100881527142,69.6748016446581,54.0993375112933,57.1792960970968,54.6840783103085,60.0382381077239,60.0718124782351,53.7928790656749,51.4112633347834,62.5602482535256,45.0777964370241,38.0759234383675,60.7091787373274,32.291109042591,57.5434686958992,32.0817592281586,63.1142579551042,56.6110585343197,54.4697809723964,68.1435584544584,52.5901591256997,47.8850283660091
68.3078828060085,47.4151161459711,50.0083166685958,63.833314425605,67.725953590612,66.3883186813274,65.265432621556,55.8647983355963,42.286920433546,34.4624598747608,69.6748016446581,54.1020537018688,57.1792960970968,54.6840783103085,60.0382381077239,60.1583813134564,53.7929279716927,51.4112633347834,62.5602482535256,45.1024844413069,38.1507579633016,60.7153374924011,32.291109042591,57.5443805795636,32.0964345768147,63.1142579551042,56.6110585343197,54.4697809723964,68.1435584544584,52.5901591256997,47.8850283660091
68.3078828060085,47.4151161459711,50.0083166685958,63.8861503793294,67.725953590612,66.3883186813274,65.265432621556,55.8647983355963,42.2977977185321,34.4634431983929,69.6748016446581,54.1020537018688,57.1801463137235,54.6845988481541,60.0382381077239,60.2059180862543,53.7929700949684,51.4112633347834,62.6182246246757,45.1210195232874,38.1507579633016,60.7153374924011,32.291109042591,57.5443805795636,32.0964345768147,63.1239437828032,56.6110585343197,54.4697809723964,68.1435584544584,52.5953662245397,47.9100840954939
68.3078828060085,47.4151161459711,50.0114542863654,63.8861503793294,67.725953590612,66.3883186813274,65.265432621556,55.8647983355963,42.2977977185321,34.4634431983929,69.6748016446581,54.1020537018688,57.1908457451526,54.6845988481541,60.0412451653607,60.2059180862543,53.7929700949684,51.4112633347834,62.6182246246757,45.1499549973482,38.2637916626035,60.7243219796143,32.291109042591,57.5443805795636,32.1342686567659,63.1239437828032,56.6110585343197,54.4697809723964,68.1435584544584,52.5953662245397,47.9100840954939
68.3078828060085,47.4151161459711,50.3928231843371,63.8861503793294,67.725953590612,66.3883186813274,65.265432621556,55.8647983355963,42.3063371980319,34.4978801174351,69.6748016446581,54.1020537018688,57.1908457451526,54.6845988481541,60.0412451653607,60.2771774863816,53.7929700949684,51.4112633347834,62.6182246246757,45.1627818090589,38.3520670078752,60.7358247885502,32.291109042591,57.5443805795636,32.1676589381245,63.1239437828032,56.6110585343197,54.4697809723964,68.1435584544584,52.5953662245397,47.9100840954939
68.3253241676346,47.4151161459711,50.3928231843371,63.9522908154103,67.725953590612,66.4189566563664,65.265432621556,55.8647983355963,42.3124291631606,34.6005361397267,69.6748016446581,54.1074806105441,57.1908457451526,54.6846026506265,60.0412451653607,60.3141434268954,53.7929700949684,51.4112633347834,62.6182246246757,45.1627818090589,38.3520670078752,60.7358247885502,32.291109042591,57.5443805795636,32.1676589381245,63.214375211005,56.6110585343197,54.4697809723964,68.1435584544584,52.5953662245397,47.9336493690998
68.3253241676346,47.4151161459711,50.3928231843371,63.9522908154103,67.7266120279098,66.5349386315965,65.265432621556,55.8647983355963,42.3124291631606,34.6005361397267,69.6748016446581,54.1074806105441,57.1908457451526,54.6846026506265,60.0412451653607,60.3141434268954,53.7929700949684,51.4112633347834,62.6182246246757,45.1627818090589,38.3715827522317,60.7503514489749,32.291109042591,57.5443805795636,32.2030467922207,63.214375211005,56.6110585343197,54.4697809723964,68.1435584544584,52.5953662245397,47.9479962913678
68.3503871022942,47.4151161459711,50.3928231843371,63.9538934606886,67.7266120279098,66.676489214044,65.265432621556,55.8647983355963,42.3207606186262,34.657198993456,69.6748016446581,54.1074806105441,57.1908457451526,54.6861143378069,60.0412451653607,60.382663944688,53.7929700949684,51.4112633347834,62.651535747331,45.1804937293544,38.4107942566166,60.7657967267297,32.291109042591,57.5443805795636,32.2219638294474,63.214375211005,56.6110585343197,54.4697809723964,68.1435584544584,52.5953662245397,47.9479962913678
68.3503871022942,47.4151161459711,50.7131077289814,63.9538934606886,67.7266120279098,66.791978606352,65.265432621556,55.8647983355963,42.3385330992872,34.6831502160234,69.6748016446581,54.1074806105441,57.1908457451526,54.6864100866559,60.0412451653607,60.450892461658,53.7929700949684,51.4112633347834,62.6942709115726,45.1804937293544,38.4107942566166,60.7657967267297,32.291109042591,57.5443805795636,32.2219638294474,63.214375211005,56.6110585343197,54.4697809723964,68.1435584544584,52.5953662245397,47.9479962913678
68.3503871022942,47.4151161459711,50.9712901695724,63.9538934606886,67.7266120279098,66.791978606352,65.265432621556,55.8647983355963,42.3385330992872,34.6831502160234,69.6748016446581,54.1074806105441,57.1909309386532,54.6864100866559,60.0412451653607,60.450892461658,53.7929700949684,51.4112633347834,62.6942709115726,45.1804937293544,38.4818956824113,60.7740857460508,32.291109042591,57.5443805795636,32.2518622799344,63.2309557236398,56.6110585343197,54.4697809723964,68.1435584544584,52.5970588017166,47.9569114994458
68.357961408089,47.4151161459711,50.9712901695724,63.9538934606886,67.7304785057015,66.8887999514847,65.265432621556,55.8647983355963,42.3688827448697,34.778701794327,69.6748016446581,54.1074806105441,57.1909309386532,54.6865311534508,60.0412451653607,60.5281455323442,53.7929700949684,51.4112633347834,62.6942709115726,45.1804937293544,38.5003988191239,60.7884232740426,32.291109042591,57.5443805795636,32.2712443924928,63.2309557236398,56.6110585343197,54.4697809723964,68.1440649615951,52.5970588017166,47.9815358979955
68.3628004409752,47.4151161459711,50.9712901695724,63.9561433422481,67.7363550195492,67.1897060593055,65.265432621556,55.8647983355963,42.3688827448697,34.8228042595642,69.6748016446581,54.1074806105441,57.1970187772902,54.6917945867843,60.1245061960021,60.5973156936683,53.7929820127751,51.4112633347834,62.6942709115726,45.1804937293544,38.5003988191239,60.7884232740426,32.291109042591,57.5443805795636,32.2712443924928,63.2309557236398,56.6110585343197,54.4697809723964,68.1440649615951,52.5970588017166,47.9815358979955
68.3628004409752,47.4151161459711,51.0764288251313,63.9561433422481,67.7363550195492,67.1897060593055,65.265432621556,55.8647983355963,42.3688827448697,34.8228042595642,69.6748016446581,54.1074806105441,57.2025891809338,54.6917945867843,60.1351485768059,60.5973156936683,53.7929820127751,51.4112633347834,62.6942709115726,45.1956638685445,38.5596304519996,60.799977704425,32.291109042591,57.5443805795636,32.312238610852,63.2309557236398,56.6110585343197,54.4697809723964,68.1440649615951,52.5970588017166,47.9815358979955
68.3628004409752,47.4151161459711,51.1875835771904,63.9561433422481,67.7363550195492,67.1897060593055,65.265432621556,55.8647983355963,42.3884571830543,34.8398730468782,69.6865310813696,54.1074806105441,57.2025891809338,54.6919167719265,60.1351485768059,60.6755120518313,53.7929820127751,51.4112633347834,62.7271680456341,45.21737805046,38.6451163071253,60.8173498234068,32.291109042591,57.5443805795636,32.3380411946604,63.2707686173938,56.6110585343197,54.4697809723964,68.1440649615951,52.5970588017166,47.9815358979955
68.3629122920199,47.4151161459711,51.1875835771904,63.9561433422481,67.7401198448706,67.3169070238754,65.265432621556,55.8647983355963,42.4135164799793,34.9170240998742,69.6865310813696,54.1074806105441,57.2048201020822,54.6925832935032,60.1351485768059,60.7480570096078,53.7929820127751,51.4112633347834,62.7693708705305,45.2391835385587,38.6451163071253,60.8173498234068,32.291109042591,57.5443805795636,32.3380411946604,63.2707686173938,56.6110585343197,54.4697809723964,68.1456859286529,52.5970588017166,47.9815358979955
68.3629122920199,47.4151161459711,51.1875835771904,63.9561433422481,67.7451320453036,67.3169070238754,65.265432621556,55.8647983355963,42.4135164799793,34.9170240998742,69.6865310813696,54.1092883951689,57.2048201020822,54.6925832935032,60.1351485768059,60.7480570096078,53.7930624673735,51.4112633347834,62.7693708705305,45.2391835385587,38.7002500896396,60.8229370725804,32.291109042591,57.5443805795636,32.4041677035688,63.2707686173938,56.6110585343197,54.4697809723964,68.1456859286529,52.5970588017166,47.9815358979955
68.3629122920199,47.4151161459711,51.188834747395,63.9561433422481,67.7451320453036,67.3169070238754,65.265432621556,55.8647983355963,42.4375226119667,34.9967548089601,69.6865310813696,54.111889946564,57.2048201020822,54.6925832935032,60.1351485768059,60.7974543966889,53.7930624673735,51.4112633347834,62.7693708705305,45.2391835385587,38.7625844645353,60.8296517183789,32.291109042591,57.5443805795636,32.4041677035688,63.2707686173938,56.6110585343197,54.4697809723964,68.1456859286529,52.5995319026578,47.9815358979955
68.3629122920199,47.4151161459711,51.4356734851881,63.9561433422481,67.7451320453036,67.3169070238754,65.265432621556,55.8647983355963,42.4690150771336,35.0484365807077,69.6865310813696,54.111889946564,57.230729164663,54.6925832935032,60.1351485768059,60.844828960118,53.7930624673735,51.4112633347834,62.8006925330784,45.2391835385587,38.7625844645353,60.8296517183789,32.291109042591,57.5443805795636,32.4041677035688,63.2707686173938,56.6110585343197,54.4697809723964,68.1501240684363,52.5995319026578,47.9815358979955
68.3629122920199,47.4151161459711,51.727651829971,63.960988233615,67.7451320453036,67.3169070238754,65.265432621556,55.8647983355963,42.4690150771336,35.0484365807077,69.6865310813696,54.111889946564,57.2615422920182,54.6925832935032,60.1351485768059,60.844828960118,53.7931076835631,51.4112633347834,62.8461977748175,45.2499658056188,38.8026199805484,60.8457411445536,32.291109042591,57.5443805795636,32.4043483152603,63.2707686173938,56.6110585343197,54.4697809723964,68.1501240684363,52.5995319026578,48.0526647352588
68.3692212149096,47.4151161459711,52.1566371344532,63.960988233615,67.7451320453036,67.4174314713546,65.265432621556,55.8647983355963,42.4690150771336,35.0627897651125,69.6865310813696,54.111889946564,57.2615422920182,54.6925832935032,60.1497235983138,60.8804494916228,53.7931076835631,51.4112633347834,62.8461977748175,45.2881435643957,38.8494268128943,60.8590417471087,32.291109042591,57.5443805795636,32.4099999502973,63.3043840846116,56.6110585343197,54.4697809723964,68.1501240684363,52.5995319026578,48.0526647352588
68.3692212149096,47.4151161459711,52.1859055463454,63.960988233615,67.7451320453036,67.4174314713546,65.265432621556,55.8647983355963,42.4690150771336,35.0990376025463,69.6865310813696,54.111889946564,57.3157152097737,54.6925832935032,60.6691180936539,60.8971430268874,53.7931076835631,51.4112633347834,62.8461977748175,45.3234802988017,38.8494268128943,60.8590417471087,32.291109042591,57.5443805795636,32.4099999502973,63.3043840846116,56.6110585343197,54.4697809723964,68.1501240684363,52.6015645243234,48.0526647352588
68.3718109168687,47.4151161459711,52.2800431083755,63.960988233615,67.7451320453036,67.4174314713546,65.265432621556,55.8647983355963,42.4690150771336,35.0990376025463,69.6865310813696,54.111889946564,57.3670696078904,54.6925832935032,60.6691180936539,60.8971430268874,53.7931076835631,51.4112633347834,62.8461977748175,45.3234802988017,38.8753169532387,60.8674051067477,32.291109042591,57.5443805795636,32.4099999502973,63.3043840846116,56.6110585343197,54.4697809723964,68.1501240684363,52.6015645243234,48.0843199093556
68.3718109168687,47.4151161459711,52.4455590763028,63.9684034412968,67.7451320453036,67.4174314713546,65.265432621556,55.8647983355963,42.4690150771336,35.1728830346838,69.6865310813696,54.111889946564,57.3670696078904,54.6925832935032,60.6691180936539,60.92871114156,53.793138653539,51.4112633347834,62.8766027193766,45.3234802988017,38.8782024313077,60.8862393024707,32.291109042591,57.5443805795636,32.4121229974344,63.3067511493891,56.6158575271306,54.4697809723964,68.1501240684363,52.6015645243234,48.0843199093556
68.3718109168687,47.4151161459711,52.6877251325019,63.9684034412968,67.7451320453036,67.5605777774515,65.265432621556,55.8647983355963,42.4690150771336,35.1728830346838,69.6865310813696,54.111889946564,57.4225764346524,54.6925832935032,60.7264118512436,60.9511426790116,53.793138653539,51.4112633347834,62.9426863468584,45.3334301115599,38.8782024313077,60.8862393024707,32.291109042591,57.5443805795636,32.4121229974344,63.4990824959638,56.6158575271306,54.4697809723964,68.1501240684363,52.6015645243234,48.0843199093556
68.3718109168687,47.4151161459711,52.7785723686504,63.9684034412968,67.7451320453036,67.5605777774515,65.265432621556,55.8647983355963,42.4690150771336,35.1728830346838,69.6865310813696,54.111889946564,57.4425769459766,54.6925832935032,60.7264118512436,60.9511426790116,53.793138653539,51.4112633347834,62.9426863468584,45.3334301115599,38.8784934410345,60.902379010179,32.291109042591,57.5443805795636,32.4188814337657,63.4990824959638,56.6158575271306,54.4697809723964,68.1564169402094,52.6039346287589,48.1397203635531
68.3718109168687,47.4151161459711,52.7951686916029,63.9684034412968,67.7451320453036,67.5605777774515,65.265432621556,55.8647983355963,42.4690150771336,35.1728830346838,69.6865310813696,54.111889946564,57.4425769459766,54.6925832935032,60.7264118512436,60.990435420651,53.793138653539,51.4112633347834,62.9426863468584,45.3659579344362,38.8973585834405,60.9094494900012,32.291109042591,57.5443805795636,32.4188814337657,63.4990824959638,56.6158575271306,54.4697809723964,68.1564169402094,52.6039346287589,48.1397203635531
68.3718109168687,47.4151161459711,52.9460289540703,63.9684034412968,67.7451320453036,67.5605777774515,65.265432621556,55.8647983355963,42.4690150771336,35.226348746889,69.6865310813696,54.111889946564,57.4465345064675,54.6925832935032,60.7264118512436,61.0575964957704,53.793138653539,51.4112633347834,62.9426863468584,45.3659579344362,38.8973585834405,60.9094494900012,32.291109042591,57.5443805795636,32.4188814337657,63.5897954528143,56.6158575271306,54.4697809723964,68.1564169402094,52.6039346287589,48.1397203635531
68.3718872919702,47.4151161459711,53.0316381254154,63.9684034412968,67.7451320453036,67.5605777774515,65.265432621556,55.8647983355963,42.4690150771336,35.226348746889,69.6865310813696,54.111889946564,57.4877898309619,54.6925832935032,60.7264118512436,61.0575964957704,53.793138653539,51.4167106346395,62.9694837029773,45.3659579344362,38.9007519151635,60.9248402860185,32.291109042591,57.5443805795636,32.4188814337657,63.7546720632645,56.6158575271306,54.4697809723964,68.1564169402094,52.6039346287589,48.1397203635531
68.3718872919702,47.4151161459711,53.148147957016,63.9684034412968,67.7465072292605,67.6868626298561,65.265432621556,55.8647983355963,42.4690150771336,35.2928191736575,69.6865310813696,54.111889946564,57.4877898309619,54.6925832935032,60.8588786074111,61.1215094864017,53.7931554552368,51.4167106346395,62.9694837029773,45.3659579344362,38.9103579914545,60.934102662604,32.291109042591,57.5443805795636,32.4188814337657,63.7546720632645,56.6158575271306,54.4697809723964,68.16090827794,52.6039346287589,48.1651381944244
68.3718872919702,47.4151161459711,53.1704501107075,63.9684034412968,67.7545863396514,67.6973915048722,65.265432621556,55.8647983355963,42.4690150771336,35.3331868792075,69.6865310813696,54.111889946564,57.4964970720196,54.6925832935032,60.8588786074111,61.1728556340054,53.7931554552368,51.4167106346395,62.9694837029773,45.3659579344362,38.9103579914545,60.934102662604,32.291109042591,57.5443805795636,32.4188814337657,63.7546720632645,56.6158575271306,54.4697809723964,68.16090827794,52.6039346287589,48.2380453255512
68.3718872919702,47.4151161459711,53.1704501107075,63.9684034412968,67.7545863396514,67.6973915048722,65.265432621556,55.8647983355963,42.4690150771336,35.3527160813796,69.6865310813696,54.111889946564,57.543596027816,54.6925832935032,60.8588786074111,61.1728556340054,53.7931554552368,51.4167106346395,62.9694837029773,45.3848672334871,38.9103579914545,60.9445918155213,32.291109042591,57.5443805795636,32.4188814337657,63.7579039478024,56.6158575271306,54.4697809723964,68.16090827794,52.6039346287589,48.2380453255512
68.3718872919702,47.4151161459711,53.3085507307392,63.9684034412968,67.7545863396514,67.6973915048722,65.265432621556,55.8647983355963,42.4690150771336,35.3712216198719,69.6865310813696,54.111889946564,57.543596027816,54.6925832935032,60.8588786074111,61.2204121218131,53.7931554552368,51.4167106346395,62.9694837029773,45.4168421264339,38.9103579914545,60.9603328431439,32.291109042591,57.5443805795636,32.4291479330444,63.803152389952,56.6158575271306,54.4697809723964,68.16090827794,52.6052739723132,48.249883181439
68.3718872919702,47.4151161459711,53.3085507307392,63.9684034412968,67.7545863396514,67.7545197755168,65.265432621556,55.8647983355963,42.4690150771336,35.3712216198719,69.6865310813696,54.111889946564,57.543596027816,54.6925832935032,60.8588786074111,61.2540049090901,53.7931626836131,51.4167106346395,62.9694837029773,45.4168421264339,38.9103579914545,60.9603328431439,32.291109042591,57.5513283311863,32.4291479330444,63.803152389952,56.6158575271306,54.4697809723964,68.16090827794,52.6052739723132,48.249883181439
68.3744301335352,47.4151161459711,53.333801806855,63.9684034412968,67.7545863396514,67.8424408145354,65.265432621556,55.8647983355963,42.4690150771336,35.3712216198719,69.6865310813696,54.1197813847011,57.5602275027982,54.6925832935032,61.0399550441215,61.2540049090901,53.7931626836131,51.4167106346395,62.9855692737321,45.64956358617,38.9191115523967,60.9766309814711,32.291109042591,57.5513283311863,32.4291479330444,63.803152389952,56.6158575271306,54.4697809723964,68.16090827794,52.6052739723132,48.249883181439
68.3748381093016,47.4151161459711,53.333801806855,63.9684034412968,67.7545863396514,67.8781068080313,65.265432621556,55.8647983355963,42.4690150771336,35.3712216198719,69.687850094283,54.1197813847011,57.5602275027982,54.6925832935032,61.0399550441215,61.3328544936222,53.7931626836131,51.4167106346395,62.9855692737321,45.64956358617,38.9284499729893,61.001742550471,32.291109042591,57.5513283311863,32.429906096166,63.803152389952,56.6158575271306,54.5654545099719,68.16090827794,52.6052739723132,48.249883181439
68.3748381093016,47.4151161459711,53.6404104189681,63.9684034412968,67.7545863396514,67.8781068080313,65.265432621556,55.8647983355963,42.4690150771336,35.380227859966,69.687850094283,54.1197813847011,57.5718023345061,54.6925832935032,61.0399550441215,61.3462855740981,53.7931626836131,51.4167106346395,62.9855692737321,45.64956358617,38.9284499729893,61.0361185446833,32.291109042591,57.5513283311863,32.429906096166,63.803152389952,56.6158575271306,54.5654545099719,68.16090827794,52.6052739723132,48.3367181492892
68.3750628658424,47.4151161459711,53.6404104189681,63.9684034412968,67.7545863396514,67.8781068080313,65.265432621556,55.8647983355963,42.4690150771336,35.380227859966,69.687850094283,54.1197813847011,57.5967397922977,54.6925832935032,61.0616759195758,61.3462855740981,53.7931626836131,51.4167106346395,62.9855692737321,45.64956358617,38.9421800469572,61.0361185446833,32.291109042591,57.5513283311863,32.429906096166,63.803152389952,56.6158575271306,54.5654545099719,68.16090827794,52.6052739723132,48.3812136969735
68.3750628658424,47.4151161459711,53.8991899557757,63.9684034412968,67.7545863396514,67.9214061003402,65.265432621556,55.8647983355963,42.4690150771336,35.380227859966,69.687850094283,54.1248597456306,57.5967397922977,54.6925832935032,61.0826294504266,61.3488135682346,53.7931626836131,51.4167106346395,62.9855692737321,45.8387299107131,38.9494402652651,61.0743333965761,32.291109042591,57.5513283311863,32.429906096166,63.803152389952,56.6158575271306,54.5654545099719,68.16090827794,52.6052739723132,48.5291312446998
68.3750628658424,47.4151161459711,53.9633759531172,63.9684034412968,67.7545863396514,67.9925005555728,65.265432621556,55.8647983355963,42.4690150771336,35.380227859966,69.687850094283,54.1248597456306,57.6132416866859,54.6925832935032,61.1706838806032,61.4113422656337,53.7931626836131,51.4313734139136,63.0062081245837,45.8387299107131,38.9494402652651,61.1417531472678,32.291109042591,57.5513283311863,32.429906096166,63.803152389952,56.6158575271306,54.5654545099719,68.16090827794,52.6057200129978,48.5291312446998
68.3750628658424,47.4151161459711,53.9633759531172,63.9684034412968,67.7545863396514,67.9925005555728,65.265432621556,55.8647983355963,42.4690150771336,35.380227859966,69.687850094283,54.1248597456306,57.6276819693287,54.6925832935032,61.1706838806032,61.4113422656337,53.7931626836131,51.4313734139136,63.0062081245837,45.8387299107131,38.9494402652651,61.1417531472678,32.291109042591,57.5513283311863,32.429906096166,63.8298064542691,56.6158575271306,54.5654545099719,68.1617307958706,52.6057200129978,48.5291312446998
68.3750628658424,47.4151161459711,54.1381866912969,63.9684034412968,67.7545863396514,67.9925005555728,65.265432621556,55.8647983355963,42.4690150771336,35.380227859966,69.687850094283,54.1248597456306,57.6276819693287,54.6925832935032,61.1706838806032,61.4286868498259,53.7931626836131,51.4313734139136,63.0062081245837,45.8387299107131,38.9494402652651,61.1906805705167,32.291109042591,57.5513283311863,32.429906096166,63.8298064542691,56.6158575271306,54.5654545099719,68.1617307958706,52.6057200129978,48.5823171208053
68.3750628658424,47.4151161459711,54.1946761116624,63.9684034412968,67.7557582243253,68.0109499664264,65.265432621556,55.8647983355963,42.4690150771336,35.380227859966,69.687850094283,54.1248597456306,57.6279768892853,54.6925832935032,61.1706838806032,61.4546743966298,53.7931846029069,51.4313734139136,63.0062081245837,45.8387299107131,38.9494402652651,61.1906805705167,32.291109042591,57.5513283311863,32.429906096166,63.8298064542691,56.6158575271306,54.5654545099719,68.1617307958706,52.6071647583974,48.5823171208053
68.3750628658424,47.4151161459711,54.3249218521703,63.9684034412968,67.7557582243253,68.0109499664264,65.265432621556,55.8647983355963,42.4690150771336,35.380227859966,69.687850094283,54.1248975643065,57.6285016107585,54.6925832935032,61.1706838806032,61.4546743966298,53.7931846029069,51.4313734139136,63.0062081245837,46.2650685769387,38.9494402652651,61.1906805705167,32.291109042591,57.5513283311863,32.431386504229,63.8662731821707,56.6158575271306,54.5654545099719,68.1634272187191,52.6071647583974,48.5823171208053
68.3750628658424,47.4151161459711,54.347592599555,63.9684034412968,67.7557582243253,68.0109499664264,65.265432621556,55.8647983355963,42.4690150771336,35.380227859966,69.687850094283,54.1248975643065,57.6285016107585,54.6925832935032,61.1706838806032,61.463897354393,53.7931846029069,51.4313734139136,63.0062081245837,46.2650685769387,38.9494402652651,61.1906805705167,32.291109042591,57.5513283311863,32.431386504229,63.9014504946022,56.6158575271306,54.5654545099719,68.1634272187191,52.6071647583974,48.7366432757316
68.3750628658424,47.4151161459711,54.3487401159645,63.9684034412968,67.7557582243253,68.0109499664264,65.265432621556,55.8647983355963,42.4690150771336,35.380227859966,69.687850094283,54.1248975643065,57.6414368878238,54.6925832935032,61.4286184959979,61.4806850822315,53.793197021577,51.4313734139136,63.0062081245837,46.2650685769387,38.9494402652651,61.1906805705167,32.291109042591,57.5513283311863,32.431386504229,63.9014504946022,56.6158575271306,54.5654545099719,68.1634272187191,52.608571836562,48.892574334752
68.3756621499122,47.4151161459711,54.3623187136002,63.9684034412968,67.7557582243253,68.0109499664264,65.265432621556,55.8647983355963,42.4690150771336,35.380227859966,69.687850094283,54.1248975643065,57.6414368878238,54.6925832935032,61.4286184959979,61.4806850822315,53.793197021577,51.4313734139136,63.0062081245837,46.2650685769387,38.9494402652651,61.1906805705167,32.2981000857061,57.5513283311863,32.431386504229,63.9014504946022,56.6158575271306,54.5654545099719,68.1634272187191,52.608571836562,48.892574334752
68.3756621499122,47.4151161459711,54.3623187136002,63.9684034412968,67.7557582243253,68.0109499664264,65.265432621556,55.8647983355963,42.4690150771336,35.380227859966,69.687850094283,54.1269086553497,57.6414368878238,54.6925832935032,61.4286184959979,61.4973520950736,53.793197021577,51.4313734139136,63.0062081245837,46.2650685769387,38.9494402652651,61.1906805705167,32.2981000857061,57.5513283311863,32.431386504229,63.9014504946022,56.6158575271306,54.5654545099719,68.1639355227802,52.608571836562,48.892574334752
68.3756621499122,47.4151161459711,54.4887298271923,63.9684034412968,67.7557582243253,68.0109499664264,65.265432621556,55.8647983355963,42.4690150771336,35.380227859966,69.687850094283,54.1269086553497,57.6414368878238,54.7016338700681,61.4286184959979,61.4973520950736,53.7931986564744,51.4313734139136,63.0062081245837,46.2650685769387,38.9494402652651,61.1906805705167,32.2981000857061,57.5513283311863,32.431386504229,63.968197243071,56.6158575271306,54.5654545099719,68.1639355227802,52.6091428762483,48.892574334752
68.3756621499122,47.4151161459711,54.4887298271923,63.9684034412968,67.7557582243253,68.0109499664264,65.265432621556,55.8647983355963,42.4690150771336,35.380227859966,69.687850094283,54.1269086553497,57.6414368878238,54.7109780681317,61.435870053413,61.4973520950736,53.7931986564744,51.4313734139136,63.0062081245837,46.2650685769387,38.9494402652651,61.1906805705167,32.2981000857061,57.5513283311863,32.431386504229,64.0542535949772,56.6158575271306,54.5654545099719,68.1639355227802,52.6091428762483,48.9462359422701
68.3756621499122,47.4151161459711,54.5102280926642,63.9684034412968,67.7557582243253,68.0109499664264,65.265432621556,55.8647983355963,42.4690150771336,35.380227859966,69.687850094283,54.1269086553497,57.6414368878238,54.7109780681317,61.5521613125286,61.4980986666818,53.7931986564744,51.4313734139136,63.0062081245837,46.4560388040239,38.9494402652651,61.1906805705167,32.2981000857061,57.5513283311863,32.431386504229,64.0542535949772,56.6158575271306,54.5654545099719,68.16470295356,52.6091428762483,48.9462359422701
68.3757227852596,47.4151161459711,54.5102280926642,63.9684034412968,67.7603567812137,68.0421978845054,65.265432621556,55.8647983355963,42.4690150771336,35.380227859966,69.687850094283,54.1269086553497,57.6436335747077,54.7109780681317,61.6943249689856,61.5046498467329,53.7932037480317,51.4313734139136,63.0062081245837,46.4560388040239,38.9494402652651,61.1906805705167,32.2981000857061,57.5513283311863,32.431386504229,64.0555687797303,56.6158575271306,54.5654545099719,68.16470295356,52.6093162666815,48.9462359422701
68.3757234749884,47.4151161459711,54.5102280926642,63.9684034412968,67.7603567812137,68.0421978845054,65.265432621556,55.8647983355963,42.4690150771336,35.380227859966,69.687850094283,54.1269086553497,57.6456467856435,54.7109780681317,61.6943249689856,61.5046498467329,53.7932037480317,51.4413128572427,63.0062081245837,46.4560388040239,38.9494402652651,61.1906805705167,32.2981000857061,57.5542413718912,32.431386504229,64.0555687797303,56.6158575271306,54.5654545099719,68.16470295356,52.6093162666815,49.0389247208688
68.3757485230342,47.4151161459711,54.5102280926642,63.9684034412968,67.7603567812137,68.0421978845054,65.265432621556,55.8647983355963,42.4690150771336,35.380227859966,69.687850094283,54.1269086553497,57.6456467856435,54.7109780681317,61.6943249689856,61.5046498467329,53.7932037480317,51.4413128572427,63.0068057259129,46.4560388040239,38.9494402652651,61.1906805705167,32.2981000857061,57.5542413718912,32.431386504229,64.0713769207661,56.6158575271306,54.5654545099719,68.16470295356,52.6093162666815,49.078610846566
68.3757485230342,47.4151161459711,54.5292040336524,63.9684034412968,67.7867747303732,68.0421978845054,65.265432621556,55.8647983355963,42.4690150771336,35.380227859966,69.687850094283,54.1269086553497,57.6456467856435,54.7109780681317,61.9917962087662,61.5184253490052,53.7932192209296,51.4531033381002,63.0297722331598,46.4560388040239,38.9494402652651,61.1906805705167,32.2981000857061,57.5542413718912,32.431386504229,64.0713769207661,56.6158575271306,54.5654545099719,68.1649135702038,52.6093162666815,49.078610846566
68.3758919503337,47.4151161459711,54.5539123940422,63.9698610532166,67.7867747303732,68.0421978845054,65.265432621556,55.8647983355963,42.4690150771336,35.3926236401453,69.687850094283,54.1269086553497,57.6456467856435,54.7109780681317,62.3675670962218,61.5184253490052,53.7932192209296,51.4531033381002,63.0297722331598,46.5006752474211,38.9494402652651,61.1906805705167,32.2981000857061,57.5542413718912,32.432292739582,64.0713769207661,56.6158575271306,54.5654545099719,68.1649135702038,52.6093162666815,49.078610846566
68.3758919503337,47.4151161459711,54.5539123940422,63.9698610532166,67.7867747303732,68.0604958157437,65.265432621556,55.8647983355963,42.4690150771336,35.3926236401453,69.687850094283,54.1288710953559,57.6456467856435,54.7196676751912,62.3675670962218,61.5293514663729,53.7932192209296,51.4531033381002,63.0297722331598,46.5006752474211,38.9494402652651,61.2407638354735,32.2981000857061,57.5542413718912,32.432292739582,64.0723358363026,56.6158575271306,54.5654545099719,68.1649135702038,52.6093162666815,49.0796142245692
68.376011426047,47.4151161459711,54.5539123940422,63.9698610532166,67.7867747303732,68.0905489791553,65.265432621556,55.8647983355963,42.4690150771336,35.3926236401453,69.6879516871669,54.1288710953559,57.6468218486855,54.7196676751912,62.3675670962218,61.5413837296109,53.7932497306382,51.4531033381002,63.0297722331598,46.5006752474211,38.9494402652651,61.2407638354735,32.2981000857061,57.5542413718912,32.432292739582,64.0723358363026,56.6158575271306,54.5654545099719,68.1649135702038,52.6094993917087,49.0964567609347
68.376011426047,47.4151161459711,54.5692244495247,63.9698610532166,67.7867747303732,68.0905489791553,65.265432621556,55.8647983355963,42.4690150771336,35.4043321401191,69.6879516871669,54.1288710953559,57.6468218486855,54.7249180544967,62.3675670962218,61.5413837296109,53.7932497306382,51.4531033381002,63.0425576071692,46.5006752474211,38.9494402652651,61.3134541204599,32.2981000857061,57.5542413718912,32.432292739582,64.0723358363026,56.6158575271306,54.5654545099719,68.1649135702038,52.6094993917087,49.0964567609347
68.376011426047,47.4151161459711,54.5851796070751,63.9698610532166,67.7867747303732,68.0905489791553,65.265432621556,55.8647983355963,42.4978076723968,35.4113020103288,69.6884462407622,54.1288710953559,57.6468218486855,54.7249180544967,62.3675670962218,61.5657645844508,53.7932497306382,51.4531033381002,63.0425576071692,46.5006752474211,38.9494402652651,61.3134541204599,32.2981000857061,57.5542413718912,32.432292739582,64.0723358363026,56.6158575271306,54.5654545099719,68.1649135702038,52.6094993917087,49.0964567609347
68.3760578751555,47.4151161459711,54.5893199524731,63.9698610532166,67.7867747303732,68.0905489791553,65.265432621556,55.8647983355963,42.4978076723968,35.4113020103288,69.6884462407622,54.1288710953559,57.6491508995405,54.7249180544967,62.3675670962218,61.5801988013957,53.7932693903587,51.4531033381002,63.0425576071692,46.5006752474211,38.9614151126989,61.3134541204599,32.2981000857061,57.5542413718912,32.432292739582,64.0756980517661,56.6158575271306,54.5654545099719,68.1649135702038,52.6100634834524,49.0964567609347
68.3760578751555,47.4151161459711,54.5893199524731,63.9698610532166,67.7946237160924,68.0905489791553,65.265432621556,55.8647983355963,42.4978076723968,35.4113020103288,69.6884462407622,54.1288710953559,57.6491508995405,54.7361416487048,62.3675670962218,61.5801988013957,53.7932693903587,51.4531033381002,63.0425576071692,46.9378532929406,38.9614151126989,61.3134541204599,32.2981000857061,57.5542413718912,32.432292739582,64.0786871338536,56.6158575271306,54.5654545099719,68.1649135702038,52.6100634834524,49.0964567609347
68.3760578751555,47.4151161459711,54.5921094145503,63.9698610532166,67.7946237160924,68.0905489791553,65.265432621556,55.8647983355963,42.4978076723968,35.4113020103288,69.6884462407622,54.1288710953559,57.6491508995405,54.7361416487048,62.6092813391964,61.5995218762538,53.7932693903587,51.4531033381002,63.0425576071692,46.9378532929406,38.9828030160377,61.3134541204599,32.2981000857061,57.5542413718912,32.432292739582,64.0786871338536,56.6158575271306,54.5654545099719,68.1649135702038,52.6100634834524,49.0969313284869
68.3760700642965,47.4151161459711,54.5921094145503,63.9698610532166,67.7946237160924,68.0905489791553,65.265432621556,55.8647983355963,42.4978076723968,35.4113020103288,69.6884462407622,54.1288710953559,57.6520233800713,54.741289891058,62.6092813391964,61.6202275764628,53.7932693903587,51.4531033381002,63.0498064776597,46.9378532929406,38.9828030160377,61.3134541204599,32.2981000857061,57.5542413718912,32.4333074794921,64.0786871338536,56.6158575271306,54.5654545099719,68.1649135702038,52.6100634834524,49.0969313284869
68.3760700642965,47.4151161459711,54.5940209472968,63.9698610532166,67.7946237160924,68.0905489791553,65.265432621556,55.8647983355963,42.4978076723968,35.4113020103288,69.6884462407622,54.1288710953559,57.6520233800713,54.741289891058,62.6092813391964,61.6202275764628,53.7932757152876,51.4531033381002,63.055391045211,46.9378532929406,38.9828030160377,61.3134541204599,32.2981000857061,57.5542413718912,32.4333074794921,64.0786871338536,56.6158575271306,54.5654545099719,68.1651278020401,52.6106889278237,49.1056036696303
68.376218912307,47.4151161459711,54.6081176291694,63.9698610532166,67.7946237160924,68.0905489791553,65.265432621556,55.8647983355963,42.4978076723968,35.4113020103288,69.6884462407622,54.1288710953559,57.6520233800713,54.741289891058,62.6092813391964,61.6459506799939,53.7932757152876,51.4531033381002,63.055391045211,46.9378532929406,38.9967983029067,61.3134541204599,32.2981000857061,57.5542413718912,32.4333074794921,64.0786871338536,56.6158575271306,54.5654545099719,68.1651278020401,52.6106889278237,49.1364684462567
68.376218912307,47.4151161459711,54.6081176291694,63.9698610532166,67.7946237160924,68.1285672225619,65.265432621556,55.8647983355963,42.4978076723968,35.4113020103288,69.6884462407622,54.1288710953559,57.6579434813724,54.7463400474999,62.7455689578934,61.6777050568735,53.7932757152876,51.4531033381002,63.055391045211,46.9378532929406,38.9967983029067,61.3134541204599,32.2981000857061,57.5542413718912,32.4333074794921,64.1019088118331,56.6158575271306,54.5654545099719,68.1651278020401,52.6106889278237,49.1364684462567
68.376218912307,47.4151161459711,54.6081176291694,63.9698610532166,67.7946237160924,68.1836075193311,65.265432621556,55.8647983355963,42.4978076723968,35.4113020103288,69.6884462407622,54.1307348406265,57.6579434813724,54.7463400474999,62.8157413082037,61.6777050568735,53.7932815561756,51.4531033381002,63.055391045211,47.3921015846922,39.0232878102743,61.3134541204599,32.2981000857061,57.5542413718912,32.4333074794921,64.1024161767053,56.6158575271306,54.5654545099719,68.1651278020401,52.6106889278237,49.1364684462567
68.3765695396104,47.4151161459711,54.6464511085853,63.9698610532166,67.7946237160924,68.1836075193311,65.265432621556,55.8647983355963,42.4978076723968,35.4113020103288,69.6884462407622,54.1307348406265,57.6610739671628,54.7463400474999,62.8157413082037,61.7136212321133,53.7932815561756,51.4531033381002,63.055391045211,48.2038978188991,39.0232878102743,61.4069687393127,32.2981000857061,57.5542413718912,32.4333074794921,64.1024161767053,56.6158575271306,54.5654545099719,68.1651480290842,52.6107888428226,49.1616963513034
68.3765695396104,47.4151161459711,54.681441942908,63.9698610532166,67.8100495856256,68.1983723819723,65.265432621556,55.8647983355963,42.4978076723968,35.4113020103288,69.6884462407622,54.1307348406265,57.6610739671628,54.7463400474999,62.8157413082037,61.7436998845414,53.7932815561756,51.4531033381002,63.0573282193768,48.2038978188991,39.0232878102743,61.4069687393127,32.3006093978237,57.5542413718912,32.4333074794921,64.1072292106031,56.6158575271306,54.5654545099719,68.1651480290842,52.6107888428226,49.1616963513034
68.3765695396104,47.4151161459711,54.6963218644401,63.9698610532166,67.8100495856256,68.1983723819723,65.265432621556,55.8647983355963,42.4978076723968,35.4113020103288,69.6884462407622,54.1307348406265,57.6610739671628,54.7463400474999,62.8157413082037,61.7436998845414,53.7932815561756,51.4531033381002,63.0580522737097,48.2038978188991,39.0232878102743,61.4826493992384,32.3006093978237,57.5542413718912,32.4333074794921,64.1072292106031,56.6158575271306,54.5654545099719,68.1651480290842,52.6107888428226,49.1616963513034
68.376675325706,47.4151161459711,54.702104267218,63.9698610532166,67.8100495856256,68.1983723819723,65.265432621556,55.8647983355963,42.4978076723968,35.4113020103288,69.6884462407622,54.1307348406265,57.6610739671628,54.7463400474999,62.9540678074921,61.7772656328062,53.7932884947739,51.4531033381002,63.0580522737097,48.2038978188991,39.0232878102743,61.4826493992384,32.3006093978237,57.5542413718912,32.4333074794921,64.1207604259939,56.6158575271306,54.5654545099719,68.1651480290842,52.6107888428226,49.1616963513034
68.376675325706,47.4151161459711,54.702104267218,63.9698610532166,67.8295485495341,68.1983723819723,65.265432621556,55.8647983355963,42.4978076723968,35.4113020103288,69.6884462407622,54.1331271462102,57.661686369931,54.7463400474999,63.053334037529,61.7799911497664,53.7932884947739,51.4531033381002,63.0580522737097,48.2038978188991,39.0232878102743,61.4826493992384,32.3006093978237,57.5542413718912,32.4366696011923,64.1207604259939,56.6158575271306,54.5654545099719,68.1651480290842,52.6107888428226,49.1754504243823
68.376675325706,47.4151161459711,54.7056633468271,63.9698610532166,67.8295485495341,68.2277393973291,65.265432621556,55.8647983355963,42.4978076723968,35.4113020103288,69.6884462407622,54.1331271462102,57.661686369931,54.7463400474999,63.053334037529,61.7799911497664,53.7932884947739,51.4531033381002,63.0580522737097,48.5108867155251,39.0232878102743,61.4826493992384,32.3006093978237,57.5542413718912,32.4366696011923,64.1207604259939,56.6158575271306,54.5654545099719,68.1651480290842,52.6107888428226,49.1756977313621
68.376675325706,47.4151161459711,54.7056633468271,63.9698610532166,67.8295485495341,68.2277393973291,65.265432621556,55.8647983355963,42.4978076723968,35.4113020103288,69.6884462407622,54.1331271462102,57.6641690372755,54.7463400474999,63.053334037529,61.7845329915288,53.7932901789824,51.4531033381002,63.0580522737097,48.5108867155251,39.0232878102743,61.4826493992384,32.3006093978237,57.5542413718912,32.4366696011923,64.1292059659752,56.6158575271306,54.5654545099719,68.1651480290842,52.6107888428226,49.1756977313621
68.376675325706,47.4154310442699,54.7166667934763,63.9698610532166,67.8295485495341,68.2277393973291,65.265432621556,55.8647983355963,42.4978076723968,35.4113020103288,69.6884462407622,54.1331271462102,57.6694106928474,54.7463400474999,63.053334037529,61.7922469759241,53.7932901789824,51.4680240319224,63.1017007953793,48.5108867155251,39.0232878102743,61.4826493992384,32.3006093978237,57.5542413718912,32.4366696011923,64.1387856781989,56.6158575271306,54.5654545099719,68.1658111590155,52.6110607172649,49.1756977313621
68.3766753974687,47.4154310442699,54.7166667934763,63.9698610532166,67.8427459543063,68.2277393973291,65.265432621556,55.8647983355963,42.4978076723968,35.4113020103288,69.6884462407622,54.1331271462102,57.6694106928474,54.7463400474999,63.053334037529,61.7922469759241,53.7932901789824,51.4680240319224,63.1205544791351,48.5108867155251,39.0232878102743,61.4826493992384,32.3006093978237,57.5542413718912,32.437483085756,64.1387856781989,56.6158575271306,54.5654545099719,68.1658111590155,52.6110607172649,49.1756977313621
68.3766753974687,47.4154310442699,54.7256621271667,63.9698610532166,67.8427459543063,68.2277393973291,65.265432621556,55.8647983355963,42.4978076723968,35.4113020103288,69.6884462407622,54.1409086118475,57.6694106928474,54.7555614760675,63.0816408336553,61.8051866857225,53.7932901789824,51.4680240319224,63.1205544791351,48.5108867155251,39.0232878102743,61.4826493992384,32.3006093978237,57.5542413718912,32.437483085756,64.1387856781989,56.6158575271306,54.5654545099719,68.1658111590155,52.6110607172649,49.1798644859719
68.3766753974687,47.4154310442699,54.7256621271667,63.9698610532166,67.8427459543063,68.2277393973291,65.265432621556,55.8647983355963,42.4978076723968,35.4113020103288,69.6884462407622,54.1409086118475,57.6694106928474,54.7555614760675,63.0945069289625,61.8181875762021,53.7932927890714,51.4680240319224,63.1205544791351,48.5108867155251,39.0232878102743,61.4826493992384,32.3006093978237,57.5647985322102,32.437483085756,64.1518280172807,56.6210545637669,54.5654545099719,68.1658286773197,52.6113686946559,49.1798644859719
68.3766753974687,47.4154310442699,54.7256621271667,63.9698610532166,67.8665711783858,68.2508193565103,65.265432621556,55.8647983355963,42.4978076723968,35.4113020103288,69.6884462407622,54.1409086118475,57.6694106928474,54.7555614760675,63.0945069289625,61.8181875762021,53.7932927890714,51.4680240319224,63.160034502079,48.7141145145729,39.0232878102743,61.4826493992384,32.3006093978237,57.5647985322102,32.437483085756,64.1518280172807,56.6235065331653,54.5654545099719,68.1658286773197,52.6113686946559,49.1798644859719
68.3766753974687,47.4154310442699,54.7281718023703,63.9698610532166,67.8665711783858,68.2508193565103,65.265432621556,55.8647983355963,42.4978076723968,35.4113020103288,69.6884462407622,54.1409086118475,57.6694106928474,54.7555614760675,63.0945069289625,61.8331614823578,53.7932927890714,51.4680240319224,63.1830841701363,48.7279448364794,39.0232878102743,61.4826493992384,32.3006093978237,57.5676778547608,32.437483085756,64.1605073599162,56.6235065331653,54.5654545099719,68.1658286773197,52.6113686946559,49.1798644859719
68.3766753974687,47.4154310442699,54.7605702005882,63.9698610532166,67.8665711783858,68.2508193565103,65.265432621556,55.8647983355963,42.4978076723968,35.4186970135107,69.6884462407622,54.1409086118475,57.6694106928474,54.7640556160572,63.0982280197242,61.8443580751516,53.7932927890714,51.4680240319224,63.1830841701363,49.2455180143126,39.0232878102743,61.5646979347883,32.3006093978237,57.5676778547608,32.437483085756,64.1605073599162,56.6235065331653,54.5654545099719,68.1658286773197,52.6113686946559,49.1820419022251
68.3767084765782,47.4154310442699,54.7605702005882,63.9698610532166,67.8665711783858,68.2508193565103,65.265432621556,55.8647983355963,42.4978076723968,35.4186970135107,69.6884462407622,54.14572100303,57.6694106928474,54.7640556160572,63.0982280197242,61.8443580751516,53.7932927890714,51.4680240319224,63.1830841701363,49.2455180143126,39.0232878102743,61.5646979347883,32.3006093978237,57.5676778547608,32.4383522993956,64.1605073599162,56.6235065331653,54.5654545099719,68.1659624973242,52.6113686946559,49.1820419022251
68.3767084765782,47.4154310442699,54.7679858898493,63.9698610532166,67.883511854713,68.2508193565103,65.265432621556,55.8647983355963,42.4978076723968,35.4254251815927,69.6884462407622,54.14572100303,57.6694106928474,54.7640556160572,63.1341691755867,61.8609419189496,53.7932927890714,51.4680240319224,63.1830841701363,49.2455180143126,39.0232878102743,61.5646979347883,32.3006093978237,57.5797661849376,32.4383522993956,64.1619308915667,56.6235065331653,54.5654545099719,68.1659624973242,52.6113686946559,49.1820419022251
68.3767084765782,47.4154310442699,54.7679858898493,63.9698610532166,67.883511854713,68.2508193565103,65.265432621556,55.8647983355963,42.4978076723968,35.4254251815927,69.6884462407622,54.14572100303,57.6694106928474,54.7640556160572,63.1341691755867,61.8777748760387,53.7932927890714,51.4680240319224,63.1830841701363,49.2455180143126,39.0232878102743,61.6726596956911,32.3006093978237,57.5797661849376,32.4383522993956,64.213768579212,56.6235065331653,54.5654545099719,68.1659624973242,52.6113686946559,49.1831071193285
68.3768236682521,47.4154310442699,54.7784597378724,63.9698610532166,67.883511854713,68.2508193565103,65.265432621556,55.8647983355963,42.4978076723968,35.4254251815927,69.6884462407622,54.14572100303,57.6694106928474,54.7640556160572,63.1341691755867,61.8777748760387,53.7932928007735,51.4680240319224,63.1830841701363,49.2455180143126,39.0232878102743,61.6726596956911,32.3006093978237,57.5912474398176,32.4392844088717,64.213768579212,56.6235065331653,54.5654545099719,68.1659624973242,52.6113686946559,49.1831071193285
68.3768236682521,47.4154310442699,54.7884837849598,63.9698610532166,67.9156636854252,68.2508193565103,65.2701632828902,55.8647983355963,42.4978076723968,35.4304996549606,69.6884462407622,54.14572100303,57.6694106928474,54.7640556160572,63.1341691755867,61.888432212496,53.7932928007735,51.4680240319224,63.1830841701363,49.2967797179152,39.0232878102743,61.6726596956911,32.3006093978237,57.5912474398176,32.4397723959342,64.213768579212,56.6235065331653,54.5654545099719,68.1659624973242,52.6113686946559,49.1831071193285
68.376979455089,47.4154310442699,54.8000229889972,63.9698610532166,67.9156636854252,68.2508193565103,65.2701632828902,55.8647983355963,42.4978076723968,35.4342510408838,69.6884462407622,54.1469271564612,57.6694106928474,54.7640556160572,63.1341691755867,61.9044966577018,53.7932928007735,51.4680240319224,63.1830841701363,49.3242159859996,39.0232878102743,61.6726596956911,32.3006093978237,57.5912474398176,32.4397723959342,64.213768579212,56.6235065331653,54.5654545099719,68.1659624973242,52.6113686946559,49.1831071193285
68.376979455089,47.4154310442699,54.8039876363876,63.9698610532166,67.9156636854252,68.2508193565103,65.2701632828902,55.8682965766336,42.4978076723968,35.4342510408838,69.6884462407622,54.1469271564612,57.6694106928474,54.7640556160572,63.1341691755867,61.9044966577018,53.7932928007735,51.4680240319224,63.1830841701363,49.3242159859996,39.0232878102743,61.6726596956911,32.3006093978237,57.5912474398176,32.4408696127328,64.213768579212,56.6235065331653,54.5654545099719,68.1659624973242,52.6118029987892,49.1831071193285
68.376979455089,47.4154310442699,54.8044868528635,63.9698610532166,67.9156636854252,68.2508193565103,65.2701632828902,55.8682965766336,42.4978076723968,35.4342510408838,69.6884462407622,54.1469271564612,57.6694106928474,54.7640556160572,63.1341691755867,61.9162539008357,53.7932928007735,51.4680240319224,63.1963832845535,49.3242159859996,39.0232878102743,61.6726596956911,32.3006093978237,57.5912474398176,32.4408696127328,64.2517722299765,56.6235065331653,54.5654545099719,68.1666507183633,52.6118029987892,49.1934158482002
68.376979455089,47.4154310442699,54.8066562174374,63.9698610532166,67.9382966807427,68.2508193565103,65.2701632828902,55.8682965766336,42.4978076723968,35.4342510408838,69.6884462407622,54.1469271564612,57.6694106928474,54.7640556160572,63.1341691755867,61.9162539008357,53.7932928007735,51.4680240319224,63.1963832845535,49.3242159859996,39.0232878102743,61.6726596956911,32.3006093978237,57.5912474398176,32.4423053988544,64.2642134669215,56.6235065331653,54.5654545099719,68.1666507183633,52.6118029987892,49.2007778485412
68.376979455089,47.4154310442699,54.8066562174374,63.9698610532166,67.9382966807427,68.2524058060413,65.2701632828902,55.8682965766336,42.4978076723968,35.4342510408838,69.6884462407622,54.1469271564612,57.6694106928474,54.7640556160572,63.1341691755867,61.9162539008357,53.7932928007735,51.4680240319224,63.1963832845535,49.549102537428,39.0232878102743,61.6726596956911,32.3006093978237,57.5912474398176,32.4423053988544,64.2642134669215,56.6235065331653,54.5654545099719,68.1666507183633,52.6124535899397,49.2007778485412
68.376979455089,47.4154310442699,54.8066562174374,63.9698610532166,67.9382966807427,68.2524058060413,65.2701632828902,55.8682965766336,42.4978076723968,35.4342510408838,69.6884462407622,54.1549146847928,57.6694106928474,54.7640556160572,63.1341691755867,61.9162539008357,53.7932929369536,51.4680240319224,63.1963832845535,49.549102537428,39.0232878102743,61.6726596956911,32.3006093978237,57.5912474398176,32.4431520566375,64.2672073010892,56.6235065331653,54.5654545099719,68.1666507183633,52.6124535899397,49.2007778485412
68.376979455089,47.4154310442699,54.8080463622295,63.9698610532166,67.9382966807427,68.2633674618873,65.2701632828902,55.8682965766336,42.4978076723968,35.4342510408838,69.6884462407622,54.1549146847928,57.6694106928474,54.7640556160572,63.1402164882877,61.9162539008357,53.7932929369536,51.4680240319224,63.1963832845535,49.549102537428,39.0232878102743,61.6726596956911,32.3006093978237,57.5912474398176,32.4442267981403,64.2697100487685,56.6235065331653,54.5654545099719,68.1666507183633,52.6124535899397,49.2007778485412
68.376979455089,47.4154310442699,54.8456445578559,63.9698610532166,67.9746483332528,68.2633674618873,65.2701632828902,55.8682965766336,42.4978076723968,35.4342510408838,69.6884462407622,54.1549146847928,57.6694106928474,54.7640556160572,63.1402164882877,61.9162539008357,53.7932929369536,51.4680240319224,63.2081998866258,49.549102537428,39.0232878102743,61.6726596956911,32.3006093978237,57.5912474398176,32.4442267981403,64.2697100487685,56.6235065331653,54.5654545099719,68.1666507183633,52.6127991013245,49.2007778485412
68.376979455089,47.4154310442699,54.8547572314942,63.9698610532166,67.9746483332528,68.2633674618873,65.2701632828902,55.8682965766336,42.4978076723968,35.4342510408838,69.6884462407622,54.1549146847928,57.6694106928474,54.7640556160572,63.1402164882877,61.9162539008357,53.7932929369536,51.4680240319224,63.2081998866258,49.549102537428,39.0232878102743,61.6726596956911,32.3006093978237,57.5912474398176,32.4442267981403,64.2697100487685,56.6235065331653,54.5654545099719,68.1666507183633,52.6127991013245,49.2007778485412
68.376979455089,47.4154310442699,54.8915668464526,63.9698610532166,67.9746483332528,68.2633674618873,65.2701632828902,55.8682965766336,42.4978076723968,35.4342510408838,69.6884462407622,54.1549146847928,57.6694106928474,54.7640556160572,63.1592793792454,61.9162539008357,53.7932929369536,51.4680240319224,63.2081998866258,49.549102537428,39.0232878102743,61.6726596956911,32.3006093978237,57.5912474398176,32.4442267981403,64.2749726075326,56.6235065331653,54.5654545099719,68.1666507183633,52.6127991013245,49.2007778485412
68.376979455089,47.4154310442699,54.9037340747922,63.970788279407,68.0068503064413,68.2633674618873,65.2701632828902,55.8682965766336,42.4978076723968,35.4342510408838,69.6884462407622,54.1639178805609,57.6694106928474,54.7640556160572,63.1592793792454,61.9162539008357,53.7932929369536,51.4680240319224,63.2081998866258,49.549102537428,39.0232878102743,61.6726596956911,32.3006093978237,57.5912474398176,32.4442267981403,64.2749726075326,56.6235065331653,54.5654545099719,68.1666507183633,52.6129937136535,49.2007778485412
68.376979455089,47.4154310442699,54.9354803160874,63.970788279407,68.0068503064413,68.2633674618873,65.2701632828902,55.8682965766336,42.4978076723968,35.4342510408838,69.6884462407622,54.1639178805609,57.6694106928474,54.7640556160572,63.1592793792454,61.9162539008357,53.7932929369536,51.4680240319224,63.2081998866258,49.8519088366947,39.0232878102743,61.6726596956911,32.301047862302,57.5912474398176,32.4442267981403,64.2892374747863,56.6235065331653,54.5654545099719,68.1666507183633,52.6129937136535,49.2007778485412
68.376979455089,47.4154310442699,54.9388258789807,63.970788279407,68.0068503064413,68.2633674618873,65.2701632828902,55.8682965766336,42.4978076723968,35.4342510408838,69.6884462407622,54.1639178805609,57.6694106928474,54.7640556160572,63.1592793792454,61.9162539008357,53.7932929369536,51.4680240319224,63.2262606211384,49.8519088366947,39.0232878102743,61.6726596956911,32.301047862302,57.5912474398176,32.4442267981403,64.2892374747863,56.6235065331653,54.5654545099719,68.1666507183633,52.6129937136535,49.2007778485412
68.376979455089,47.4154310442699,55.0016501452665,63.970788279407,68.0261436928624,68.2810609954133,65.2701632828902,55.8682965766336,42.4978076723968,35.4342510408838,69.6884462407622,54.1639178805609,57.6694106928474,54.7640556160572,63.1604893651854,61.9162539008357,53.7932929369536,51.4680240319224,63.2262606211384,49.8519088366947,39.0232878102743,61.6726596956911,32.301047862302,57.5912474398176,32.444642389616,64.2892374747863,56.6235065331653,54.5654545099719,68.1666507183633,52.6132616809263,49.2007778485412
68.376979455089,47.4154310442699,55.0410584673596,63.970788279407,68.0261436928624,68.3000915248332,65.2701632828902,55.8682965766336,42.4978076723968,35.4342510408838,69.6884462407622,54.1639178805609,57.6694106928474,54.7640556160572,63.1900437029723,61.9162539008357,53.7932929369536,51.4680240319224,63.2262606211384,49.8519088366947,39.0232878102743,61.6726596956911,32.301047862302,57.5912474398176,32.444642389616,64.2972999317826,56.6235065331653,54.5654545099719,68.1666507183633,52.6132616809263,49.2007778485412
68.376979455089,47.4154310442699,55.0606186277481,63.970788279407,68.0261436928624,68.3000915248332,65.2705901629809,55.8682965766336,42.4978076723968,35.4342510408838,69.6884462407622,54.1694730145489,57.6694106928474,54.7640556160572,63.1900437029723,61.9162539008357,53.7932929369536,51.4680240319224,63.2262606211384,49.8519088366947,39.0232878102743,61.6726596956911,32.301047862302,57.5912474398176,32.444642389616,64.2972999317826,56.6235065331653,54.5654545099719,68.1666507183633,52.6132616809263,49.2007778485412
68.376979455089,47.4154310442699,55.0606186277481,63.970788279407,68.0503059783002,68.3000915248332,65.2705901629809,55.8682965766336,42.4978076723968,35.4342510408838,69.6884462407622,54.1694730145489,57.6694106928474,54.7640556160572,63.1900437029723,61.9162539008357,53.7932933276755,51.4680240319224,63.2262606211384,49.8519088366947,39.0232878102743,61.6726596956911,32.301047862302,57.5912474398176,32.445227863566,64.2972999317826,56.6235065331653,54.5654545099719,68.1667020968727,52.6140274852076,49.2007778485412
68.376979455089,47.4154310442699,55.0639875903061,63.970788279407,68.0503059783002,68.3000915248332,65.2705901629809,55.8682965766336,42.4978076723968,35.4342510408838,69.6884462407622,54.1694730145489,57.6694106928474,54.7640556160572,63.1900437029723,61.9162539008357,53.7932933276755,51.485574417728,63.2336130150597,49.8519088366947,39.0232878102743,61.6726596956911,32.301047862302,57.5912474398176,32.445227863566,64.2972999317826,56.6235065331653,54.5654545099719,68.1667020968727,52.6140274852076,49.2007778485412
68.376979455089,47.4154310442699,55.1084089930258,63.9716639064603,68.0503059783002,68.3000915248332,65.2705901629809,55.8682965766336,42.4978076723968,35.4342510408838,69.6884462407622,54.1694730145489,57.6694106928474,54.7640556160572,63.2158001163142,61.9162539008357,53.7932933276755,51.485574417728,63.2336130150597,49.8519088366947,39.0232878102743,61.7458675317848,32.301047862302,57.5912474398176,32.445227863566,64.2972999317826,56.6235065331653,54.5654545099719,68.1667020968727,52.6140274852076,49.2007778485412
68.376979455089,47.4154310442699,55.1436298956993,63.9716639064603,68.0586065837576,68.3060254418832,65.2705901629809,55.8682965766336,42.4978076723968,35.4342510408838,69.6884462407622,54.1694730145489,57.6694106928474,54.7640556160572,63.2182433985516,61.9162539008357,53.7932940485692,51.4875730079553,63.2336130150597,49.8519088366947,39.0232878102743,61.7458675317848,32.301047862302,57.5912474398176,32.4453682206481,64.2972999317826,56.6235065331653,54.5654545099719,68.1671411645243,52.6140274852076,49.2028005268385
68.376979455089,47.4154310442699,55.1780206519075,63.9716639064603,68.0586065837576,68.3060254418832,65.2705901629809,55.8682965766336,42.4978076723968,35.4342510408838,69.6884462407622,54.1751060497737,57.6694106928474,54.7640556160572,63.2182433985516,61.9162539008357,53.7932940485692,51.4875730079553,63.2336130150597,49.8519088366947,39.0232878102743,61.8162457989992,32.301047862302,57.5912474398176,32.4453682206481,64.2972999317826,56.6235065331653,54.5654545099719,68.1671411645243,52.6140274852076,49.2028005268385
68.376979455089,47.4154310442699,55.2089130569019,63.9716639064603,68.0586065837576,68.3060254418832,65.2705901629809,55.8682965766336,42.4978076723968,35.4342510408838,69.6884462407622,54.1751060497737,57.6748096242747,54.7640556160572,63.2182433985516,61.9162539008357,53.7932940485692,51.4875730079553,63.2336130150597,49.8519088366947,39.0232878102743,61.8162457989992,32.301047862302,57.5912474398176,32.4453682206481,64.2972999317826,56.6235065331653,54.5654545099719,68.1671411645243,52.6140274852076,49.2028005268385
68.377066796956,47.4154310442699,55.2419878068943,63.9725252894229,68.1104796088923,68.3087456271323,65.2705901629809,55.8682965766336,42.4978076723968,35.4342510408838,69.6884462407622,54.1751060497737,57.6748096242747,54.7640556160572,63.2303420945321,61.9162539008357,53.7932940485692,51.4990830301049,63.2401462203729,49.8519088366947,39.0232878102743,61.8162457989992,32.301047862302,57.5912474398176,32.4458101556229,64.2984753516568,56.63822538091,54.5654545099719,68.1671411645243,52.6140274852076,49.2028005268385
68.377066796956,47.4154310442699,55.3072358333051,63.9725252894229,68.1104796088923,68.3087456271323,65.2705901629809,55.8682965766336,42.4978076723968,35.4342510408838,69.6884462407622,54.1751060497737,57.6748096242747,54.7640556160572,63.2303420945321,61.9162539008357,53.7932941010093,51.4990830301049,63.2401462203729,49.8519088366947,39.0276512029298,61.8162457989992,32.301047862302,57.5912474398176,32.4458101556229,64.2984753516568,56.63822538091,54.5654545099719,68.1671411645243,52.6140274852076,49.2066970844715
68.3771365360742,47.4154310442699,55.3072358333051,63.9725252894229,68.1104796088923,68.3087456271323,65.2705901629809,55.8682965766336,42.4978076723968,35.4342510408838,69.6884462407622,54.1751060497737,57.6748096242747,54.7640556160572,63.2303420945321,61.9162539008357,53.7932941010093,51.4990830301049,63.2401462203729,49.8519088366947,39.0276512029298,61.8162457989992,32.301047862302,57.5912474398176,32.4458101556229,64.2984753516568,56.6489768723028,54.5654545099719,68.1671411645243,52.6140274852076,49.2066970844715
68.3771365360742,47.4154310442699,55.3072358333051,63.9725252894229,68.1725503726684,68.3087456271323,65.2705901629809,55.8682965766336,42.4978076723968,35.4342510408838,69.6884462407622,54.1774291683299,57.6748096242747,54.7640556160572,63.2303420945321,61.9162539008357,53.7932941010093,51.4990830301049,63.2401462203729,49.8519088366947,39.0276512029298,61.9007196593951,32.301047862302,57.5912474398176,32.4462554731773,64.2984753516568,56.6489768723028,54.5654545099719,68.1671411645243,52.6145384095305,49.2066970844715
68.3771365360742,47.4154310442699,55.3300910367557,63.9725252894229,68.1725503726684,68.3087456271323,65.2705901629809,55.8682965766336,42.4978076723968,35.4342510408838,69.6884462407622,54.1774291683299,57.6748096242747,54.7675596521026,63.2671326756972,61.9162539008357,53.7932946293102,51.5077582150314,63.2401462203729,49.8519088366947,39.0276512029298,61.9007196593951,32.301047862302,57.5912474398176,32.4462554731773,64.2984753516568,56.6489768723028,54.5654545099719,68.1671411645243,52.6145384095305,49.2089023153388
68.3772711040542,47.4154310442699,55.3658106499615,63.9725252894229,68.1725503726684,68.3102135865674,65.2705901629809,55.8682965766336,42.4978076723968,35.4342510408838,69.6884462407622,54.1774291683299,57.6748096242747,54.7675596521026,63.2671326756972,61.9162539008357,53.7932946293102,51.5077582150314,63.256093985897,49.8519088366947,39.0345481170529,62.0031463292102,32.301047862302,57.5912474398176,32.4462554731773,64.2984753516568,56.6641063593226,54.5654545099719,68.1671411645243,52.6145384095305,49.2284729132993
68.3772711040542,47.4154310442699,55.3658106499615,63.9725252894229,68.2135566083514,68.3102135865674,65.2705901629809,55.8682965766336,42.4978076723968,35.4342510408838,69.6884462407622,54.1774291683299,57.6748096242747,54.7744963240715,63.2671326756972,61.9162539008357,53.7932946293102,51.5077582150314,63.256093985897,49.8519088366947,39.034571154324,62.0031463292102,32.301047862302,57.5912474398176,32.4462554731773,64.2984753516568,56.6641063593226,54.5654545099719,68.1671411645243,52.61505895689,49.2284729132993
68.3772711040542,47.4154310442699,55.3834127570312,63.9730033396644,68.2135566083514,68.3102135865674,65.2705901629809,55.8682965766336,42.4978076723968,35.4342510408838,69.6884462407622,54.1774291683299,57.6748096242747,54.7744963240715,63.2671326756972,61.9162539008357,53.7932946293102,51.5173079727333,63.256093985897,49.8553387555543,39.034571154324,62.0031463292102,32.301047862302,57.5912474398176,32.4462554731773,64.2998400562718,56.6747904293012,54.5654545099719,68.1671411645243,52.61505895689,49.2284729132993
68.3772711040542,47.4154310442699,55.4753949714598,63.9730033396644,68.2135566083514,68.3102135865674,65.2840873947983,55.8682965766336,42.4978076723968,35.4342510408838,69.6884462407622,54.177972984831,57.6748096242747,54.7744963240715,63.2699121248303,61.9162539008357,53.7932966342249,51.5173079727333,63.256093985897,49.861776770827,39.034571154324,62.0031463292102,32.301047862302,57.5912474398176,32.4462554731773,64.3006826801389,56.6747904293012,54.5654545099719,68.1671411645243,52.61505895689,49.2284729132993
68.3772711040542,47.4154310442699,55.5285698121589,63.9730033396644,68.2630721824431,68.3102135865674,65.2840873947983,55.8682965766336,42.4978076723968,35.4342510408838,69.6884462407622,54.177972984831,57.6748096242747,54.7805895254834,63.2699121248303,61.9162539008357,53.7932966342249,51.5241616873289,63.256093985897,49.861776770827,39.034571154324,62.0031463292102,32.301047862302,57.5912474398176,32.4464923584162,64.3009568414658,56.6747904293012,54.5654545099719,68.1671411645243,52.6152911456162,49.2284729132993
68.3772711040542,47.4154310442699,55.5650264661133,63.9751700798627,68.2630721824431,68.3102135865674,65.2840873947983,55.8682965766336,42.4978076723968,35.4342510408838,69.6929980617793,54.177972984831,57.6748096242747,54.7826132716384,63.2699121248303,61.9162539008357,53.7932966342249,51.5241616873289,63.256093985897,49.861776770827,39.034571154324,62.0031463292102,32.301047862302,57.5912474398176,32.4464923584162,64.3070453424766,56.6747904293012,54.5654545099719,68.1671411645243,52.6152911456162,49.2284729132993
68.3772711040542,47.4154310442699,55.6253399325956,63.9751700798627,68.2630721824431,68.3102135865674,65.2840873947983,55.8682965766336,42.4978076723968,35.4342510408838,69.6929980617793,54.177972984831,57.6803068113855,54.7826132716384,63.2699121248303,61.9162539008357,53.7932966342249,51.5241616873289,63.256093985897,49.861776770827,39.034571154324,62.0031463292102,32.301047862302,57.5912474398176,32.4464923584162,64.3070453424766,56.6747904293012,54.5654545099719,68.1671411645243,52.6152911456162,49.2284729132993
68.3772711040542,47.4154310442699,55.6253399325956,63.9751700798627,68.3217187928404,68.3198694718567,65.2840873947983,55.8682965766336,42.4978076723968,35.4342510408838,69.6929980617793,54.177972984831,57.6803068113855,54.7826132716384,63.2718373892588,61.9162539008357,53.7932966342249,51.5386741332891,63.256093985897,49.9128581657388,39.034571154324,62.0031463292102,32.301047862302,57.5912474398176,32.4464923584162,64.3070453424766,56.6747904293012,54.5654545099719,68.1671411645243,52.6158928853975,49.2284729132993
68.3772711040542,47.4154310442699,55.6574290656192,63.9751700798627,68.3217187928404,68.3198694718567,65.2840873947983,55.8682965766336,42.5232577927966,35.4342510408838,69.6949476855783,54.184451655052,57.6803068113855,54.7826132716384,63.2727379865776,61.9162539008357,53.7932966342249,51.5386741332891,63.256093985897,49.9472028587959,39.034571154324,62.0031463292102,32.301047862302,57.5912474398176,32.4486273873354,64.3092400941881,56.6747904293012,54.5707991880055,68.1673511684783,52.6158928853975,49.2400324142893
68.3772711040542,47.4154310442699,55.7924166168266,63.9751700798627,68.3217187928404,68.3198694718567,65.2840873947983,55.8682965766336,42.5232577927966,35.4342510408838,69.6949476855783,54.184451655052,57.6803068113855,54.7826132716384,63.2727379865776,61.9162539008357,53.7932966342249,51.5386741332891,63.256093985897,49.9472028587959,39.034571154324,62.0031463292102,32.3028511375969,57.5912474398176,32.4486273873354,64.3092400941881,56.6747904293012,54.5707991880055,68.1673511684783,52.6158928853975,49.2400324142893
68.3772711040542,47.4154310442699,55.9650773078373,63.9751700798627,68.3653146228146,68.3198694718567,65.2840873947983,55.8682965766336,42.5232577927966,35.4342510408838,69.6949476855783,54.184451655052,57.6803068113855,54.7826132716384,63.2727379865776,61.9162539008357,53.7932966342249,51.5403578356709,63.2572933888692,49.9472028587959,39.034571154324,62.0031463292102,32.3028511375969,57.5912474398176,32.4486273873354,64.3092400941881,56.6747904293012,54.5707991880055,68.1673511684783,52.6165098854306,49.2400324142893
68.3772711040542,47.4154310442699,55.988821680882,63.9751700798627,68.3653146228146,68.3215440141487,65.2840873947983,55.8682965766336,42.5232577927966,35.4342510408838,69.6949476855783,54.184451655052,57.6803068113855,54.7826132716384,63.2773585122905,61.9162539008357,53.7932966342249,51.5403578356709,63.2572933888692,49.9472028587959,39.034571154324,62.0031463292102,32.3028511375969,57.5912474398176,32.4486273873354,64.3092400941881,56.6747904293012,54.5707991880055,68.1673511684783,52.6165098854306,49.2400324142893
68.3772711040542,47.4154310442699,55.988821680882,63.9763862978984,68.3653146228146,68.3215440141487,65.2840873947983,55.8682965766336,42.5232577927966,35.4342510408838,69.6949476855783,54.184451655052,57.6803068113855,54.7826132716384,63.3032828489004,61.9162539008357,53.7932966342249,51.5403578356709,63.2572933888692,49.9472028587959,39.0369495087526,62.0031463292102,32.3028511375969,57.5912474398176,32.4486273873354,64.3092400941881,56.6747904293012,54.5707991880055,68.1678419392678,52.6165098854306,49.2465469009437
68.3772711040542,47.4154310442699,55.988821680882,63.9763862978984,68.392665999631,68.3215440141487,65.2840873947983,55.8682965766336,42.5232577927966,35.4342510408838,69.6949476855783,54.1845324634661,57.6803068113855,54.7826132716384,63.3032828489004,61.9162539008357,53.7932966342249,51.5458835371681,63.2572933888692,49.9472028587959,39.0369495087526,62.0031463292102,32.3028511375969,57.5912474398176,32.4486273873354,64.3111709382768,56.6747904293012,54.5878000069062,68.1678419392678,52.6169952526871,49.2465469009437
68.3772711040542,47.4154310442699,56.0518439070803,63.9763862978984,68.392665999631,68.3215440141487,65.2840873947983,55.8682965766336,42.5232577927966,35.4342510408838,69.6949476855783,54.1845324634661,57.6803068113855,54.7826132716384,63.3032828489004,61.9162539008357,53.7932966342249,51.5458835371681,63.2572933888692,49.967196822809,39.0369495087526,62.0031463292102,32.3028511375969,57.5912474398176,32.4486273873354,64.3111709382768,56.6747904293012,54.5878000069062,68.1678419392678,52.6169952526871,49.2465469009437
68.3772711040542,47.4154310442699,56.0922356288926,63.9763862978984,68.392665999631,68.3215440141487,65.2840873947983,55.8682965766336,42.5232577927966,35.4342510408838,69.6949476855783,54.1845324634661,57.6803068113855,54.7826132716384,63.3032828489004,61.9162539008357,53.7932966843177,51.5458835371681,63.2630026606384,49.967196822809,39.0369495087526,62.0031463292102,32.3076831673667,57.5912474398176,32.4486273873354,64.3111709382768,56.6747904293012,54.5878000069062,68.1678419392678,54.8474125019631,49.2556352938904
68.3772711040542,47.4154310442699,56.1176556616253,63.9775006561239,68.4318661813477,68.3268858689735,65.2840873947983,55.8682965766336,42.5232577927966,35.4342510408838,69.697332675945,54.1845324634661,57.6803068113855,54.7826132716384,63.3032828489004,61.9162539008357,53.7932966843177,51.5501814221468,63.2630026606384,49.967196822809,39.0369495087526,62.0031463292102,32.3076831673667,57.5912474398176,32.4486273873354,64.3111709382768,56.6747904293012,54.5878000069062,68.167994598407,54.8474125019631,49.2556352938904
68.3772711040542,47.4154310442699,56.133532259995,63.9775006561239,68.4318661813477,68.3268858689735,65.2840873947983,55.8682965766336,42.5232577927966,35.4356080396831,69.697332675945,54.1845324634661,57.6803068113855,54.7826132716384,63.3032828489004,61.9162539008357,53.7932966843177,51.5501814221468,63.2630026606384,49.967196822809,39.0369495087526,62.0031463292102,32.3153651820144,57.5912474398176,32.4486273873354,64.3111709382768,56.6747904293012,54.596337779855,68.167994598407,54.8474125019631,49.2556352938904
68.3772711040542,47.4154310442699,56.1546604823033,63.9775006561239,68.4318661813477,68.3268858689735,65.2840873947983,55.8682965766336,42.5543207221912,35.4356080396831,69.697332675945,54.1886651874573,57.6803068113855,54.7826132716384,63.3032828489004,61.9162539008357,53.7932966843177,51.5501814221468,63.2630026606384,49.967196822809,39.0369495087526,62.0031463292102,32.3153651820144,57.5912474398176,32.4486273873354,64.3111709382768,56.6747904293012,54.596337779855,68.167994598407,56.3985261654202,49.2677762693085
68.3772711040542,47.4154310442699,56.184673599366,63.9782525311015,68.4760985351967,68.3367407155823,65.2840873947983,55.8682965766336,42.5543207221912,35.4379265355204,69.697332675945,54.1886651874573,57.6803068113855,54.7826132716384,63.306370281505,61.9162539008357,53.7932966843177,51.5668497723938,63.2630026606384,49.967196822809,39.0369495087526,62.0031463292102,32.3153651820144,57.5912474398176,32.4506227681376,64.3111709382768,56.6747904293012,54.6105339027299,68.167994598407,56.3985261654202,49.2677762693085
68.3772711040542,47.4154310442699,56.2526033197164,63.9782525311015,68.4760985351967,68.3384774352803,65.2840873947983,55.8682965766336,42.5543207221912,35.4379265355204,69.697332675945,54.1886651874573,57.6803068113855,54.7826132716384,63.3104876076779,61.9162539008357,53.7932966843177,51.5668497723938,63.2661706237047,49.9799014889997,39.0369495087526,62.0031463292102,32.3199198539327,57.5912474398176,32.4506227681376,64.3111709382768,56.6747904293012,54.6105339027299,68.167994598407,56.3985261654202,49.2677762693085
68.3772711040542,47.4154310442699,56.2526033197164,63.9782525311015,68.4760985351967,68.3384774352803,65.2840873947983,55.8682965766336,42.5851599801264,35.4379265355204,69.697332675945,54.1886651874573,57.6803068113855,54.7826132716384,63.3677268440047,61.9162539008357,53.7932966843177,51.6006871989235,63.2661706237047,49.9801927879022,39.0369495087526,62.0031463292102,32.3199198539327,57.5912474398176,32.4506227681376,64.3111709382768,56.6747904293012,54.6105339027299,68.167994598407,56.5339123234798,49.2774766815505
68.3772711040542,47.4154310442699,56.2526033197164,63.9782525311015,68.4962389329103,68.3384774352803,65.2840873947983,55.8682965766336,42.5851599801264,35.4400431780675,69.697332675945,54.1923877077416,57.6803068113855,54.7826132716384,63.3677268440047,61.9162539008357,53.7932966843177,51.6006871989235,63.2661706237047,49.9881803895587,39.0369495087526,62.0031463292102,32.3199198539327,57.5912474398176,32.4506227681376,64.3111709382768,56.6747904293012,54.6277383670314,68.167994598407,56.5339123234798,49.2774766815505
68.3772711040542,47.4154310442699,56.2526033197164,63.9795219459332,68.4962389329103,68.3384774352803,65.2840873947983,55.8682965766336,42.5851599801264,35.4400431780675,69.697332675945,54.1923877077416,57.6803068113855,54.7826132716384,63.3677268440047,61.9162539008357,53.7932975759791,51.6006871989235,63.2661706237047,49.9881803895587,39.0369495087526,62.0031463292102,32.3199198539327,57.5912474398176,32.4506227681376,64.3111709382768,56.6747904293012,54.6277383670314,68.167994598407,56.5339123234798,49.2774766815505
68.3772711040542,47.4154310442699,56.2526033197164,63.9795219459332,68.4962389329103,68.3384774352803,65.2840873947983,55.8682965766336,42.6242546195422,35.4433159022291,69.697332675945,54.1923877077416,57.6803068113855,54.7826132716384,63.4089707962529,61.9162539008357,53.7932975759791,51.6006871989235,63.2661706237047,49.9881803895587,39.0369495087526,62.0031463292102,32.3199198539327,57.5912474398176,32.4506227681376,64.3127536674204,56.6747904293012,54.6277383670314,68.167994598407,57.8392409289876,49.2922943870577
68.3773495106959,47.4154310442699,56.2526033197164,63.9795219459332,68.5316716846146,68.3384774352803,65.2840873947983,55.8682965766336,42.6242546195422,35.4433159022291,69.697332675945,54.1923877077416,57.6803068113855,54.7826132716384,63.4089707962529,61.9162539008357,53.7932975759791,51.6210375183549,63.268179665975,49.9881803895587,39.0369495087526,62.0031463292102,32.3199198539327,57.5912474398176,32.4506227681376,64.3127536674204,56.6747904293012,54.6277383670314,68.168148085554,57.8392409289876,49.2922943870577
68.3773495106959,47.4154310442699,56.2526033197164,63.9823307357387,68.5316716846146,68.3503782658348,65.2840873947983,55.8682965766336,42.6529448606935,35.4433159022291,69.697332675945,54.1983018427625,57.6803068113855,54.7826132716384,63.4089707962529,61.9162539008357,53.7932975759791,51.6210375183549,63.268179665975,49.9886834457077,39.0369495087526,62.0031463292102,32.3215530115409,57.5912474398176,32.4506227681376,64.3127536674204,56.6747904293012,54.6277383670314,68.168148085554,57.8392409289876,49.2922943870577
68.3774602610175,47.4154310442699,56.2526033197164,63.9823307357387,68.5973559188796,68.3503782658348,65.2840873947983,55.8687754587407,42.6529448606935,35.4433159022291,69.697332675945,54.1983018427625,57.6803068113855,54.7826132716384,63.4248468218486,61.9224775961187,53.7932977760294,51.6496041697159,63.268179665975,49.9963844874516,39.0369495087526,62.0031463292102,32.3215530115409,57.5912474398176,32.4512239307422,64.3127536674204,56.6747904293012,54.6277383670314,68.168148085554,58.4666881251067,49.3089416909941
68.3774602610175,47.4154310442699,56.2526033197164,63.9823307357387,68.5973559188796,68.3503782658348,65.2840873947983,55.8687754587407,42.6529448606935,35.4477963560808,69.697332675945,54.1983018427625,57.6803068113855,54.7826132716384,63.4313433882287,61.9224775961187,53.7932977760294,51.6496041697159,63.268179665975,49.9963844874516,39.0369495087526,62.0031463292102,32.3243998732668,57.5912474398176,32.4512239307422,64.3127536674204,56.6747904293012,54.6277383670314,68.168148085554,58.4666881251067,49.3089416909941
68.3774602610175,47.4154310442699,56.2562424132867,63.9823307357387,68.5973559188796,68.3503782658348,65.2840873947983,55.8687754587407,42.6529448606935,35.4477963560808,69.697332675945,54.1983018427625,57.6803068113855,54.7826132716384,63.4313433882287,61.9321502842905,53.7932977760294,51.6496041697159,63.268179665975,49.9963844874516,39.0369495087526,62.0031463292102,32.3243998732668,57.5912474398176,32.4512239307422,64.3136715907089,56.6747904293012,54.6277383670314,68.168148085554,58.4666881251067,49.3089416909941
68.3774602610175,47.4154310442699,56.2562424132867,63.9845156019765,68.6293470406206,68.356160103224,65.2840873947983,55.8687754587407,42.6529448606935,35.4477963560808,69.697332675945,54.1983018427625,57.6803068113855,54.7826132716384,63.4313433882287,61.9321502842905,53.7932977760294,51.6579361228684,63.2698570494218,49.9963844874516,39.0369495087526,62.0031463292102,32.3243998732668,57.5912474398176,32.4512239307422,64.3136715907089,56.6747904293012,54.6277383670314,68.168148085554,58.5655280873934,49.3184192335973
68.3774602610175,47.4154310442699,56.2562424132867,63.9845156019765,68.6293470406206,68.356160103224,65.2840873947983,55.8687754587407,42.6529448606935,35.4477963560808,69.697332675945,54.2027470315232,57.6803068113855,54.7826132716384,63.441740415721,61.9321502842905,53.7932983398065,51.6716243764263,63.2698570494218,50.0349874620132,39.0369495087526,62.0031463292102,32.3243998732668,57.5912474398176,32.4537744041606,64.3136715907089,56.6747904293012,54.6277383670314,68.168148085554,58.5655280873934,49.3184192335973
68.3774602610175,47.4154310442699,56.2562424132867,63.9845156019765,68.6582578256661,68.356160103224,65.2840873947983,55.8687754587407,42.6529448606935,35.4477963560808,69.697332675945,54.2027470315232,57.6803068113855,54.7826132716384,63.4428257535951,61.9450296551257,53.7932983398065,51.6716243764263,63.2698570494218,50.0349874620132,39.0369495087526,62.0031463292102,32.3243998732668,57.5912474398176,32.4537744041606,64.3136715907089,56.6747904293012,54.6277383670314,68.168148085554,58.5655280873934,49.3184192335973
68.3774602610175,47.4154310442699,56.2562424132867,63.9867011230225,68.6582578256661,68.365319907111,65.2840873947983,55.8687754587407,42.6529448606935,35.4477963560808,69.697332675945,54.2027470315232,57.6803068113855,54.7826132716384,63.4428257535951,61.9450296551257,53.7932983398065,51.6716243764263,63.2698570494218,50.0415320623033,39.0369495087526,62.0031463292102,32.3243998732668,57.5912474398176,32.4537744041606,64.3136715907089,56.6747904293012,54.6277383670314,68.168148085554,58.6935005383157,49.3241273820522
68.3774602610175,47.4154310442699,56.2562424132867,63.9867011230225,68.6582578256661,68.365319907111,65.2840873947983,55.8687754587407,42.6529448606935,35.4477963560808,69.697332675945,54.2027470315232,57.6803068113855,54.7826132716384,63.4428257535951,61.9580698942894,53.7932983398065,51.6716243764263,63.2698570494218,50.0415320623033,39.0369495087526,62.0031463292102,32.3243998732668,57.5912474398176,32.4537744041606,64.3136715907089,56.6747904293012,54.6277383670314,68.168148085554,58.6935005383157,49.3241273820522
68.3774602610175,47.4154310442699,56.2562424132867,63.9867011230225,68.6685489227744,68.365319907111,65.2840873947983,55.8687754587407,42.6853533692472,35.4477963560808,69.697332675945,54.2027470315232,57.6803068113855,54.7826132716384,63.4428257535951,61.9580698942894,53.7932983398065,51.6716243764263,63.2707285300662,50.0415320623033,39.0369495087526,62.0031463292102,32.3243998732668,57.5912474398176,32.4553500069817,64.3143372517878,56.6747904293012,54.6277383670314,68.168148085554,59.0657784259694,49.3241273820522
68.3774602610175,47.4154310442699,56.2562424132867,63.9867011230225,68.6685489227744,68.365319907111,65.2840873947983,55.8687754587407,42.6853533692472,35.4477963560808,69.697332675945,54.2040108201708,57.6803068113855,54.7826132716384,63.4587677389128,61.9580698942894,53.7932983398065,51.6768013580512,63.2707285300662,50.0415320623033,39.0369495087526,62.0031463292102,32.3291990620124,57.5912474398176,32.4553500069817,64.3143372517878,56.6747904293012,54.6277383670314,68.168148085554,59.0657784259694,49.3320394471513
68.3774602610175,47.4154310442699,56.2570869649869,63.9867011230225,68.6685489227744,68.3749256966265,65.2840873947983,55.8736922725313,42.7454503092333,35.4477963560808,69.697332675945,54.2040108201708,57.6803068113855,54.7826132716384,63.4685467680365,61.9580698942894,53.7932983398065,51.6768013580512,63.2707285300662,50.0520600973589,39.0391928486296,62.0031463292102,32.3291990620124,57.5912474398176,32.4553500069817,64.314372662724,56.6747904293012,54.6277383670314,68.168148085554,59.0657784259694,49.3320394471513
68.3774602610175,47.4154310442699,56.2570869649869,63.9867011230225,68.6685489227744,68.3749256966265,65.2840873947983,55.8736922725313,42.7454503092333,35.4477963560808,69.697332675945,54.2040108201708,57.6803068113855,54.7826132716384,63.4685467680365,61.9580698942894,53.7932983398065,51.6768013580512,63.2707285300662,50.0833284828155,39.0391928486296,62.0031463292102,32.3358152653098,57.5912474398176,32.4553500069817,64.314372662724,56.6747904293012,54.6471871042059,68.168148085554,59.4214356219353,49.3320394471513
68.3774602610175,47.4168070225454,56.2570869649869,63.9867011230225,68.6685489227744,68.3749256966265,65.2840873947983,55.8736922725313,42.7454503092333,35.4477963560808,69.697332675945,54.2040108201708,57.6840643510191,54.7826132716384,63.4744239228962,61.9580698942894,53.7932983398065,51.6768013580512,63.2707285300662,50.0833284828155,39.0391928486296,62.0031463292102,32.3358152653098,57.5912474398176,32.4564381582981,64.314372662724,56.6747904293012,54.6471871042059,68.168148085554,59.4748785005896,49.3366662952219
68.3774602610175,47.4185573625388,56.2570869649869,63.9867011230225,68.6787799075877,68.3804532677195,65.2840873947983,55.8772378381844,42.7958562787261,35.4477963560808,69.697332675945,54.2040108201708,57.6840643510191,54.7826132716384,63.4995304876508,61.9580698942894,53.7932983398065,51.6768013580512,63.2710807774504,50.0833284828155,39.0391928486296,62.0031463292102,32.3358152653098,57.5912474398176,32.4564381582981,64.314372662724,56.6747904293012,54.6471871042059,68.168148085554,59.4748785005896,49.3366662952219
68.3774602610175,47.4185573625388,56.2570869649869,63.9868531925345,68.6787799075877,68.3804532677195,65.2840873947983,55.8772378381844,42.8433861160634,35.4477963560808,69.697332675945,54.2122114013971,57.6840643510191,54.7826132716384,63.5122413301455,61.9580698942894,53.7932983398065,51.6769399164696,63.2710807774504,50.0833284828155,39.0391928486296,62.0031463292102,32.3358152653098,57.598998355692,37.7640008425354,64.314372662724,56.6909420628207,54.6471871042059,68.1686137576346,59.4748785005896,49.3366662952219
68.3774602610175,47.4185573625388,56.2570869649869,63.9868531925345,68.691144849961,68.3804532677195,65.2840873947983,55.8772378381844,42.8433861160634,35.4477963560808,69.697332675945,54.2122114013971,57.685028946099,54.7826132716384,63.5122413301455,61.9580698942894,53.7932983398065,51.6769399164696,63.2710807774504,50.0833284828155,39.0391928486296,62.0031463292102,32.3358152653098,57.598998355692,37.7640008425354,64.3143997492348,56.6985382911142,54.6471871042059,68.1686137576346,59.8222562645415,49.3394141534712
68.3774602610175,47.4185573625388,56.2570869649869,63.9868531925345,68.691144849961,68.3804532677195,65.2840873947983,55.8772378381844,42.8433861160634,35.4477963560808,69.697332675945,54.2122114013971,57.685028946099,54.7826132716384,63.5158635406662,61.9580698942894,53.7932984781751,51.6769399164696,63.2710807774504,50.1012530262629,39.0391928486296,62.0031463292102,32.3358152653098,57.598998355692,38.3888493474764,64.3143997492348,56.6985382911142,54.6471871042059,68.1686137576346,60.8786206388746,49.3394141534712
68.3774602610175,47.4185573625388,56.2628397760229,63.9868531925345,68.691144849961,68.3871931243154,65.2840873947983,55.8772378381844,42.8433861160634,35.4477963560808,69.697332675945,54.2122114013971,57.685028946099,54.7826132716384,63.5158635406662,61.9580698942894,53.7932984781751,51.6769399164696,63.2710807774504,50.1101482541598,39.0391928486296,62.0031463292102,32.3358152653098,57.6042370508052,38.3888493474764,64.3143997492348,56.6985382911142,54.6471871042059,68.1686137576346,60.8786206388746,49.3394141534712
68.3774602610175,47.4211067062866,56.2628397760229,63.9903874607022,68.7010058533222,68.3871931243154,65.2840873947983,55.8772378381844,42.8433861160634,35.4477963560808,69.697332675945,54.2122114013971,57.6869250728327,54.7826132716384,63.5158635406662,61.9580698942894,53.7932984781751,51.6786232070661,63.2711862626895,50.1101482541598,39.0391928486296,62.0031463292102,32.3358152653098,57.6042370508052,38.3888493474764,64.3143997492348,56.6985382911142,54.6471871042059,68.1686137576346,61.2575067102791,49.3460685435052
68.3774602610175,47.4211067062866,56.2628397760229,63.9903874607022,68.7010058533222,68.3871931243154,65.2840873947983,55.8772378381844,42.8433861160634,35.4477963560808,69.697332675945,54.2214837500246,57.6869250728327,54.7826132716384,63.5158635406662,61.9580698942894,53.7932984781751,51.6786232070661,63.2711862626895,50.1101482541598,39.0391928486296,62.0031463292102,32.3358152653098,57.6042370508052,38.3888493474764,64.3143997492348,56.6985382911142,54.650524594893,68.1686137576346,61.2575067102791,49.3460685435052
68.3774602610175,47.4211067062866,56.2832968462808,63.9903874607022,68.7182443206973,68.3888702640182,65.2840873947983,55.8772378381844,42.8433861160634,35.4477963560808,69.697332675945,54.2214837500246,57.6869250728327,54.7826132716384,63.5158635406662,61.9580698942894,53.7932987782592,51.6786232070661,63.2711862626895,50.1101482541598,39.0391928486296,62.0031463292102,32.3358152653098,57.612678020063,38.3888493474764,64.3143997492348,56.6985382911142,54.650524594893,68.1686137576346,61.6344436028658,49.3460685435052
68.3774602610175,47.4211067062866,56.2832968462808,63.9903874607022,68.7182443206973,68.3888702640182,65.2840873947983,55.8772378381844,42.8433861160634,35.4477963560808,69.697332675945,54.2214837500246,57.6879439072319,54.7826132716384,63.5158635406662,61.9580698942894,53.7932987782592,51.6786232070661,63.2711862626895,50.1101482541598,39.0391928486296,62.0031463292102,32.3358152653098,57.612678020063,40.2493492541924,64.3146203136102,56.6985382911142,54.650524594893,68.1686137576346,61.6344436028658,49.3518169934045
68.3774602610175,47.4211067062866,56.285432116807,63.991661040508,68.7182443206973,68.3888702640182,65.2840873947983,55.8772378381844,42.8433861160634,35.4477963560808,69.697332675945,54.2214837500246,57.6879439072319,54.7826132716384,63.5158635406662,61.9580698942894,53.7932987782592,51.6786232070661,63.2711862626895,50.1101482541598,39.0391928486296,62.0031463292102,32.3358152653098,57.6190336039667,43.2672733563292,64.3146203136102,56.6985382911142,54.650524594893,68.1686137576346,61.6344436028658,49.3518169934045
68.3775323431173,47.4293220771542,56.285432116807,63.991661040508,68.7229115089443,68.3888702640182,65.2840873947983,55.8772378381844,42.8433861160634,35.4477963560808,69.697332675945,54.2214837500246,57.6879439072319,54.7826132716384,63.5210728156195,61.9580698942894,53.7932987782592,51.6786232070661,63.2711862626895,50.1173896133458,39.0391928486296,62.0031463292102,32.3358152653098,57.6190336039667,43.2672733563292,64.3146203136102,56.6985382911142,54.650524594893,68.1686137576346,61.6344436028658,49.3518169934045
68.3775323431173,47.4293220771542,56.285432116807,63.991661040508,68.7229115089443,68.3945498355882,65.2840873947983,55.8772378381844,42.9050263797499,35.4477963560808,69.697332675945,54.2244132112062,57.6884331421127,54.7887024618662,63.5210728156195,61.9580698942894,53.7932987782592,51.6786232070661,63.2711862626895,50.1245571180578,39.0391928486296,62.0031463292102,32.3358152653098,57.6190336039667,45.1106146403692,64.3146203136102,56.6985382911142,54.650524594893,68.1686137576346,61.6400906590219,49.3553314962636
68.3775802901782,47.4293220771542,56.285432116807,63.991661040508,68.7229115089443,68.3945498355882,65.2840873947983,55.8772378381844,42.9050263797499,35.4477963560808,69.697332675945,54.2244132112062,57.6884331421127,54.7887024618662,63.5311785143003,61.9580698942894,53.7932987782592,51.6786232070661,63.2711862626895,50.1245571180578,39.0391928486296,62.0031463292102,32.3358152653098,57.6333640009302,45.1106146403692,64.3146203136102,56.6985382911142,54.6535595652996,68.1686137576346,61.6400906590219,49.3553314962636
68.3775802901782,47.4293220771542,56.285432116807,63.9919014721461,68.7229115089443,68.3945498355882,65.2840873947983,55.8772378381844,42.9050263797499,35.4477963560808,69.697332675945,54.2244132112062,57.6884331421127,54.7887024618662,63.5509730035202,61.9580698942894,53.7932987782592,51.6786232070661,63.2711862626895,50.1245571180578,39.0391928486296,62.0031463292102,32.3358152653098,57.6333640009302,45.9017079720364,64.3146203136102,56.6985382911142,54.6535595652996,68.1686137576346,61.6400906590219,49.3553314962636
68.3775802901782,47.4293220771542,56.2881784953296,63.9919014721461,68.7229115089443,68.3945498355882,65.2840873947983,55.8772378381844,42.9763701365359,35.4477963560808,69.697332675945,54.2244132112062,57.6884331421127,54.7996890381242,63.5817594829701,61.9580698942894,53.7932987782592,51.6803410853708,63.2711862626895,50.1245571180578,39.0391928486296,62.0031463292102,32.3358152653098,57.6443754374821,47.804705438829,64.3146203136102,56.6985382911142,54.6535595652996,68.1686137576346,61.6715948355786,49.3589733089498
68.3776128003606,47.4293220771542,56.2881784953296,63.9919014721461,68.7229115089443,68.4022665457496,65.2840873947983,55.8772378381844,42.9763701365359,35.4477963560808,69.697332675945,54.2244132112062,57.6884331421127,54.7996890381242,63.5817594829701,61.9723567294233,53.7932990496897,51.6803410853708,63.2713698095529,50.1372593176658,39.0391928486296,62.0031463292102,32.3358152653098,57.6443754374821,47.804705438829,64.3146203136102,56.6985382911142,54.6541528177753,68.1686137576346,61.6715948355786,49.3589733089498
68.3776128003606,47.4293220771542,56.2961936772612,63.9919014721461,68.7229115089443,68.4022665457496,65.2840873947983,55.8772378381844,43.0336194357948,35.4477963560808,69.697332675945,54.2409012415796,57.6899608509101,54.7996890381242,63.617604679221,61.9723567294233,53.7932990496897,51.6803410853708,63.2713698095529,50.1374907187067,39.0391928486296,62.0031463292102,32.3358152653098,57.6443754374821,48.5312882611698,64.3146203136102,56.6985382911142,54.6541528177753,68.1686137576346,61.6715948355786,49.3589733089498
68.3776352045213,47.4293220771542,56.2961936772612,63.9927830707995,68.7229115089443,68.4022665457496,65.2840873947983,55.8772378381844,43.0336194357948,35.4477963560808,69.697332675945,54.2409012415796,57.6899608509101,54.8061200597163,63.617604679221,61.9892127298424,53.7932990496897,51.6834156109899,63.2713698095529,50.1446991647101,39.0391928486296,62.0031463292102,32.3358152653098,57.6550823473893,48.5312882611698,64.3146203136102,56.6985382911142,54.6541528177753,68.1686137576346,61.9226954592326,49.36155321637
68.3776352045213,47.4293220771542,56.2961936772612,63.9927830707995,68.7229115089443,68.4022665457496,65.2840873947983,55.8772378381844,43.0336194357948,35.4477963560808,69.697332675945,54.2409012415796,57.6902857200804,54.8061200597163,63.617604679221,61.9892127298424,53.7932990496897,51.6834156109899,63.2713698095529,50.1446991647101,39.0391928486296,62.0031463292102,32.3358152653098,57.6550823473893,51.0470419693792,64.3146203136102,56.6985382911142,54.6541528177753,68.1686137576346,61.9226954592326,49.36155321637
68.3776352045213,47.4293220771542,56.2961936772612,63.9927830707995,68.7229115089443,68.4068191256852,65.2840873947983,55.8772378381844,43.0953325860718,35.4477963560808,69.697332675945,54.2409012415796,57.6902857200804,54.8152891389457,63.6393686437824,61.9892127298424,53.7932990496897,51.6834156109899,63.2713698095529,50.1446991647101,39.0391928486296,62.0031463292102,32.3358152653098,57.6648810633234,54.1082906261787,64.3146203136102,56.6985382911142,54.6541528177753,68.1686137576346,61.9226954592326,49.36155321637
68.3776352045213,47.4293220771542,56.297279967045,63.9927830707995,68.7239518611252,68.4068191256852,65.2840873947983,55.8772378381844,43.0953325860718,35.4477963560808,69.697332675945,54.2409012415796,57.6902857200804,54.8152891389457,63.6393686437824,61.9892127298424,53.7932990496897,51.6834156109899,63.2734554005812,50.1446991647101,39.0391928486296,62.0031463292102,32.3358152653098,57.6648810633234,56.7530292881579,64.3147319048817,56.6985382911142,54.6541528177753,68.1686137576346,61.9226954592326,49.36155321637
68.3776352045213,47.4293220771542,56.297279967045,63.9929433475238,68.7239518611252,68.4068191256852,65.2840873947983,55.8772378381844,43.1497896740855,35.4477963560808,69.697332675945,54.2409012415796,57.6912425459082,54.8152891389457,63.6393686437824,61.9892127298424,53.7932990496897,51.6834156109899,63.2734554005812,50.1446991647101,39.0391928486296,62.0031463292102,32.3358152653098,57.6648810633234,57.1939118454018,64.3147319048817,56.6985382911142,54.6541528177753,68.1686137576346,61.9226954592326,49.3648864327204
68.3776352045213,47.4293220771542,56.301102470281,63.9929433475238,68.7239518611252,68.4068191256852,65.2840873947983,55.8772378381844,43.1497896740855,35.4477963560808,69.697332675945,54.2409012415796,57.6912425459082,54.8358608359628,63.6393686437824,61.9892127298424,53.7932990496897,51.6834156109899,63.2734554005812,50.1632116361733,39.0391928486296,62.0031463292102,32.3358152653098,57.6725900628809,57.1939118454018,64.3147319048817,56.6985382911142,54.6541528177753,68.1686137576346,61.9226954592326,49.3648864327204
68.3776352045213,47.4293220771542,56.301102470281,63.9929433475238,68.727685144346,68.409557398025,65.2840873947983,55.8772378381844,43.1497896740855,35.4477963560808,69.697332675945,54.2409012415796,57.692809913157,54.8358608359628,63.6602746528621,61.9892127298424,53.7932990496897,51.6834156109899,63.2734554005812,50.1866465675479,39.0391928486296,62.0031463292102,32.3358152653098,57.6725900628809,57.1939118454018,64.3148141449586,56.6985382911142,54.6549141152168,68.1686137576346,61.9226954592326,49.3648864327204
68.3776352045213,47.4293220771542,56.3075222202191,63.9929433475238,68.727685144346,68.409557398025,65.2840873947983,55.8772378381844,43.1497896740855,35.4477963560808,69.697332675945,54.2409012415796,57.692809913157,54.8479403970225,63.7663044596942,61.9892127298424,53.7932990569729,51.6849738011256,63.2734554005812,50.1866465675479,39.0391928486296,62.0031463292102,32.3358152653098,57.6725900628809,57.1939118454018,64.3148141449586,56.6985382911142,54.6549141152168,68.1686137576346,61.9226954592326,49.3648864327204
68.3776352045213,47.4293220771542,56.3075222202191,63.9932229603102,68.7297666687251,68.409557398025,65.2840873947983,55.8772378381844,43.199460468964,35.4477963560808,69.697332675945,54.2409012415796,57.692809913157,54.8479403970225,63.7663044596942,61.9892127298424,53.7932990569729,51.6849738011256,63.275036675696,50.1866465675479,39.0391928486296,62.0031463292102,32.3358152653098,57.6870603464048,57.252133267502,64.3148141449586,56.6985382911142,54.6557757381008,68.1686137576346,62.7382905361792,49.3667884882204
68.3776352045213,47.4293220771542,56.3104995635832,63.9932229603102,68.7297666687251,68.409557398025,65.2840873947983,55.8772378381844,43.2498977145523,35.4477963560808,69.697332675945,54.2924954574144,57.692809913157,54.8479403970225,63.8134406441945,61.9892127298424,53.7932990569729,51.6849738011256,63.275036675696,50.1866465675479,39.0391928486296,62.0031463292102,32.3358152653098,57.6870603464048,57.252133267502,64.3149229389826,56.6985382911142,54.6557757381008,68.1686137576346,62.7382905361792,49.3667884882204
68.3776352045213,47.4293220771542,56.3104995635832,63.9932229603102,68.7297666687251,68.4121015479221,65.2840873947983,55.8772378381844,43.2498977145523,35.4477963560808,69.6983062264648,54.2924954574144,57.692809913157,54.8686739368315,63.8134406441945,61.9892127298424,53.7932990569729,51.6849738011256,63.275036675696,50.1948510855194,39.0391928486296,62.0031463292102,32.3358152653098,57.6870603464048,57.3275584158137,64.3149229389826,56.6985382911142,54.6557757381008,68.1686137576346,62.8630025420648,49.3667884882204
68.3776352045213,47.4293220771542,56.3358277032922,63.9932229603102,68.7297666687251,68.4121015479221,65.2840873947983,55.8772378381844,43.2498977145523,35.4477963560808,69.6983062264648,54.2924954574144,57.692809913157,54.8686739368315,63.8134406441945,61.9892127298424,53.7932990569729,51.6849738011256,63.275036675696,50.2033994130189,39.0391928486296,62.0801224354934,32.3358152653098,57.7000408297329,57.3275584158137,64.3149229389826,56.6985382911142,54.6582926491255,68.1686137576346,62.8630025420648,49.3687387939226
68.3776352045213,47.4293220771542,56.3358277032922,63.9932229603102,68.7297666687251,68.4121015479221,65.2840873947983,55.8772378381844,43.2498977145523,35.4477963560808,69.6983062264648,54.2924954574144,57.692809913157,54.8686739368315,63.8368051786054,61.9892127298424,53.7932990569729,51.6849738011256,63.275036675696,50.219842163178,39.0391928486296,62.0801224354934,32.3358152653098,57.7000408297329,57.9315674207853,64.3149229389826,56.6985382911142,54.6590684916538,68.1686137576346,62.8630025420648,49.3687387939226
68.3776352045213,47.4293220771542,56.3358277032922,63.9932229603102,68.7297666687251,68.4121015479221,65.2840873947983,55.8772378381844,43.2498977145523,35.4480351726492,69.6983062264648,54.2924954574144,57.692809913157,54.8838817875053,63.8368051786054,61.9892127298424,53.7932990569729,51.6872516057211,63.2781909376844,50.219842163178,39.0391928486296,62.1875852992321,32.3358152653098,57.7000408297329,59.1951127450604,64.3150163876451,56.6985382911142,54.6590684916538,68.1686137576346,62.8630025420648,49.3687387939226
68.3776352045213,47.4293220771542,56.3358277032922,63.9932229603102,68.7300667583924,68.4121015479221,65.2840873947983,55.8772378381844,43.2498977145523,35.4480351726492,69.6983062264648,54.3226754624734,57.692809913157,54.8838817875053,63.9052017423515,61.9892127298424,53.7932990569729,51.6872516057211,63.2781909376844,50.219842163178,39.0391928486296,62.1875852992321,32.3358152653098,57.7087135649664,59.1951127450604,64.3150163876451,56.6985382911142,54.6590684916538,68.1686137576346,63.166638772513,49.3687387939226
68.3776352045213,47.4293220771542,56.3520279995005,63.9932229603102,68.7300667583924,68.4121015479221,65.2840873947983,55.8772378381844,43.2498977145523,35.4480351726492,69.6983062264648,54.3226754624734,57.692809913157,54.8838817875053,63.9174060862497,61.9892127298424,53.7932990569729,51.6872516057211,63.2781909376844,50.219842163178,39.0391928486296,62.1875852992321,32.3358152653098,57.7087135649664,59.7786492656839,64.3150163876451,56.6985382911142,54.6590684916538,68.1686137576346,63.166638772513,49.3703660545683
68.3776352045213,47.4293220771542,56.3520279995005,63.9932229603102,68.7300667583924,68.4121015479221,65.2840873947983,55.8772378381844,43.2498977145523,35.4480351726492,69.6983062264648,54.3226754624734,57.692809913157,54.8952257974613,63.968487724321,61.9892127298424,53.7932990569729,51.6884464492176,63.2781909376844,50.2203496753561,39.0391928486296,62.1875852992321,32.3358152653098,57.7087135649664,60.4630470812752,64.3150163876451,56.6985382911142,54.6590684916538,68.1687684847034,63.166638772513,49.3703660545683
68.3776352045213,47.4293220771542,56.3559842422938,63.9932229603102,68.7346996745605,68.4121015479221,65.2840873947983,55.8772378381844,43.2498977145523,35.4480351726492,69.6983062264648,54.3226754624734,57.692809913157,54.8952257974613,64.0632542907869,61.9892127298424,53.7932990569729,51.6884464492176,63.2781909376844,50.2283185807729,39.0391928486296,62.1875852992321,32.3358152653098,57.7181244047052,60.4630470812752,64.3150163876451,56.6985382911142,54.6590684916538,68.1687684847034,63.166638772513,49.3703660545683
68.3776352045213,47.4293220771542,56.3559842422938,63.9932229603102,68.7346996745605,68.4157587256633,65.2840873947983,55.8772378381844,43.2498977145523,35.4480351726492,69.6983062264648,54.3226754624734,57.692809913157,54.8959695011577,64.1258372407956,61.9892127298424,53.7932990569729,51.6884464492176,63.2785135576987,50.2409775885087,39.0391928486296,62.1875852992321,32.3358152653098,57.7181244047052,60.9206203926027,64.3150163876451,56.6985382911142,54.6590684916538,68.1687684847034,63.166638772513,49.3721484249292
68.3776352045213,47.4293220771542,56.3598899946647,63.9932229603102,68.7346996745605,68.4157587256633,65.2840873947983,55.8772378381844,43.2498977145523,35.4480351726492,69.6983062264648,54.3514030037009,57.6969783506079,54.8959695011577,64.2045111352644,61.9892127298424,53.7932990569729,51.689891313136,63.2785135576987,50.2409775885087,39.0391928486296,62.1875852992321,32.3358152653098,57.7181244047052,60.9206203926027,64.3150163876451,56.6985382911142,54.6590684916538,68.1687684847034,63.166638772513,49.3721484249292
68.3776352045213,47.4296005713275,56.3598899946647,63.9936126513388,68.7346996745605,68.4157587256633,65.2840873947983,55.8772378381844,43.2498977145523,35.4480351726492,69.6983062264648,54.3514030037009,57.6969783506079,54.8959695011577,64.2261619281534,61.9892127298424,53.7932990569729,51.689891313136,63.2785135576987,50.2409775885087,39.0391928486296,62.1875852992321,32.3358152653098,57.7322718945731,61.1609115786805,64.3189013358757,56.6985382911142,54.6590684916538,68.1688695422872,63.166638772513,49.3721484249292
68.3776352045213,47.4296005713275,56.3613736117664,63.9936126513388,68.7346996745605,68.4157587256633,65.2840873947983,55.8772378381844,43.2498977145523,35.4480351726492,69.6983062264648,54.3514030037009,57.6990475347707,54.9010282713684,64.2410284970366,61.9892127298424,53.7932990569729,51.689891313136,63.2785135576987,50.2409775885087,39.0391928486296,62.1875852992321,32.3398555185565,57.7322718945731,61.1609115786805,64.3189013358757,56.6985382911142,54.6590684916538,68.1688695422872,63.166638772513,49.3721484249292
68.3776352045213,47.4296005713275,56.3613736117664,63.9936126513388,68.7346996745605,68.4213065205316,65.2840873947983,55.8772378381844,43.2498977145523,35.4480351726492,69.6983062264648,54.3514030037009,57.6990475347707,54.9010282713684,64.2410284970366,61.9892127298424,53.7932990569729,51.6920302116781,63.2794046506724,50.2543709709823,39.0391928486296,62.1875852992321,32.3423664150533,57.7322718945731,61.1609115786805,64.3189013358757,56.6985382911142,54.6590684916538,68.1688695422872,63.3092919422064,49.3725608302498
68.3776352045213,47.4296005713275,56.3613736117664,63.9936126513388,68.7346996745605,68.4213065205316,65.2840873947983,55.8772378381844,43.2498977145523,35.4480351726492,69.6983062264648,54.3514030037009,57.6990475347707,54.9123358882171,64.2649691526107,61.9892127298424,53.7932991290064,51.6920302116781,63.2794046506724,50.2543709709823,39.0391928486296,62.1875852992321,32.3423664150533,57.7424317831728,61.8947505743331,64.3189013358757,56.6985382911142,54.6590684916538,68.1688695422872,63.3092919422064,49.3725608302498
68.3776352045213,47.4296005713275,56.3617595958779,63.9936126513388,68.7351052340261,68.4213065205316,65.2840873947983,55.8772378381844,43.2498977145523,35.4480351726492,69.6983062264648,54.3729456251253,57.6990475347707,54.9123358882171,64.2826907699082,61.9892127298424,53.7932991290064,51.6920302116781,63.2794046506724,50.2580732486792,39.0391928486296,62.1875852992321,32.3423664150533,57.7424317831728,61.8947505743331,64.3194023678754,56.6985382911142,54.6590684916538,68.1688796355811,63.3092919422064,49.3725608302498
68.3776352045213,47.4296005713275,56.3617595958779,63.9936126513388,68.7351052340261,68.4213065205316,65.2902244862559,55.8772378381844,43.2498977145523,35.4480351726492,69.6983062264648,54.3729456251253,57.6990475347707,54.9123358882171,64.2826907699082,61.9892127298424,53.7932991290064,51.6920302116781,63.2794046506724,50.2580732486792,39.0400298310994,62.1875852992321,32.3423664150533,57.7424317831728,62.0038910523553,64.3194023678754,56.6985382911142,54.6590684916538,68.1688796355811,63.3092919422064,49.3731660476042
68.3776352045213,47.4296005713275,56.3617595958779,63.9936126513388,68.7351052340261,68.4283991481112,65.2902244862559,55.8772378381844,43.2498977145523,35.4480351726492,69.7061065649448,54.3729456251253,57.6990475347707,54.9473559438019,64.3189401918298,61.9892127298424,53.7932991290064,51.6920302116781,63.2794046506724,50.2580732486792,39.0400298310994,62.2752268055387,32.3423664150533,57.7504496168015,62.0038910523553,64.3194023678754,56.6985382911142,54.6590684916538,68.1688796355811,63.3092919422064,49.3731660476042
68.3776352045213,47.4296005713275,56.3620387760154,63.9936126513388,68.736853634823,68.4283991481112,65.2902244862559,55.8772378381844,43.2498977145523,35.4480351726492,69.7061065649448,54.3729456251253,57.6990475347707,54.9473559438019,64.3297976338009,62.0041167615132,53.7932991290064,51.6920302116781,63.2801723620583,50.2580732486792,39.0400298310994,62.2752268055387,32.3423664150533,57.7504496168015,62.0038910523553,64.321461370844,56.6985382911142,54.6591795352675,68.1688796355811,63.4593750640095,49.3731660476042
68.3776352045213,47.4296005713275,56.3620387760154,63.9938805169509,68.736853634823,68.4283991481112,65.2902244862559,55.8772378381844,43.2498977145523,35.4480351726492,69.7061065649448,54.3729456251253,57.6990475347707,54.9473559438019,64.3297976338009,62.0041167615132,53.7932991290064,51.6920302116781,63.2801723620583,50.2580732486792,39.0400298310994,62.2752268055387,32.3423664150533,57.7504496168015,62.1920506230546,64.321461370844,56.6985382911142,54.6591795352675,68.1688796355811,63.5479016437306,49.3731660476042
68.3776352045213,47.4296005713275,56.3644570469183,63.9938805169509,68.736853634823,68.4287275352823,65.2902244862559,55.8772378381844,43.2498977145523,35.4480351726492,69.7061065649448,54.3729456251253,57.6990475347707,54.9839321175659,64.339305857723,62.0279920328449,53.7932991290064,51.6922129139646,63.2801723620583,50.2734460125492,39.0400298310994,62.3749151521145,32.3423664150533,57.7621013518084,62.5201212619242,64.321461370844,56.6985382911142,54.6591795352675,68.1688796355811,63.5479016437306,49.3733166582609
68.3776352045213,47.4296005713275,56.3644570469183,63.9938805169509,68.736853634823,68.4287275352823,65.2902244862559,55.8772378381844,43.2498977145523,35.4480351726492,69.7061065649448,54.3729456251253,57.6990475347707,54.9839321175659,64.339305857723,62.0279920328449,53.7932991290064,51.6922129139646,63.2801723620583,50.2734460125492,39.0400298310994,62.3749151521145,32.3470774968481,57.7621013518084,62.5201212619242,64.3238480350796,56.6985382911142,54.6596242392149,68.1688796355811,63.5479016437306,49.3733166582609
68.3776352045213,47.4296005713275,56.3644570469183,63.9938805169509,68.736853634823,68.4287275352823,65.2902244862559,55.8772378381844,43.2498977145523,35.4480351726492,69.7061065649448,54.3729456251253,57.6990475347707,54.9839321175659,64.339305857723,62.0279920328449,53.7932991290064,51.6922129139646,63.2802719258776,50.2734460125492,39.0400298310994,62.3749151521145,32.3496491210655,57.7621013518084,62.5201212619242,64.3238480350796,56.6985382911142,54.6596242392149,68.1688796355811,63.5479016437306,49.3733166582609
68.3776352045213,47.4296005713275,56.3644570469183,63.9938805169509,68.736853634823,68.4287275352823,65.2902244862559,55.8772378381844,43.2498977145523,35.4480351726492,69.7061065649448,54.3729456251253,57.6990475347707,55.0123753851644,64.3550447605359,62.0279920328449,53.7932991290064,51.6939920127241,63.2802719258776,50.2734460125492,39.0400298310994,62.3749151521145,32.3496491210655,57.7708783303464,62.5201212619242,64.3238480350796,56.6985382911142,54.6596242392149,68.1688796355811,63.601516040914,49.3736947564174
68.3776352045213,47.4296005713275,56.3644570469183,63.9938805169509,68.736853634823,68.4287275352823,65.2902244862559,55.8772378381844,43.2498977145523,35.4480351726492,69.7061065649448,54.3729456251253,57.6990475347707,55.0123753851644,64.3550447605359,62.0279920328449,53.7932991325307,51.6939920127241,63.2802719258776,50.2734460125492,39.0400298310994,62.3749151521145,32.3496491210655,57.7708783303464,62.5201212619242,64.3265614311312,56.6985382911142,54.6596242392149,68.1688796355811,63.6668099817579,49.3736947564174
68.3776352045213,47.4296005713275,56.3644570469183,63.9938805169509,68.736853634823,68.4287275352823,65.2902244862559,55.8772378381844,43.2498977145523,35.4480351726492,69.7061065649448,54.4137152713378,57.6990475347707,55.0544207396066,64.3550447605359,62.0429015339336,53.7932991325307,51.6939920127241,63.2802719258776,50.2734460125492,39.0400298310994,62.3749151521145,32.3496491210655,57.7708783303464,62.9372500617103,64.3265614311312,56.6985382911142,54.6596242392149,68.1688796355811,63.6668099817579,49.3736947564174
68.3776352045213,47.4296005713275,56.366482343506,63.9938805169509,68.736853634823,68.4287275352823,65.2902244862559,55.8776696630574,43.2498977145523,35.4480351726492,69.7061065649448,54.4137152713378,57.6990475347707,55.0544207396066,64.3965351496121,62.0429015339336,53.7932991325307,51.6939920127241,63.2802719258776,50.2734460125492,39.0400298310994,62.3749151521145,32.3496491210655,57.7761597709121,62.9372500617103,64.3265614311312,56.6985382911142,54.6596242392149,68.1688796355811,63.6668099817579,49.3736947564174
68.3776352045213,47.4296005713275,56.366482343506,63.9939928199014,68.736853634823,68.4287275352823,65.2902244862559,55.8776696630574,43.2498977145523,35.4480351726492,69.7061065649448,54.4137152713378,57.6990475347707,55.0544207396066,64.3965351496121,62.0655684892417,53.7932991325307,51.6939920127241,63.2804134276205,50.2759629640869,39.0400298310994,62.3749151521145,32.3496491210655,57.7761597709121,62.9372500617103,64.3274825170212,56.7049379426411,54.6596242392149,68.1688796355811,63.8886723351494,49.3741173019176
68.3776352045213,47.4296005713275,56.366482343506,63.9939928199014,68.736853634823,68.4287275352823,65.2902244862559,55.8790466329214,43.2498977145523,35.4480351726492,69.7061065649448,54.4137152713378,57.6990475347707,55.0892878129779,64.3965351496121,62.0655684892417,53.7932992634988,51.6939920127241,63.2804134276205,50.2759629640869,39.0400298310994,62.3749151521145,32.3496491210655,57.7761597709121,63.0408432286709,64.3274825170212,56.7109365149709,54.6596242392149,68.1688796355811,63.8886723351494,49.3741173019176
68.3776352045213,47.4296005713275,56.366482343506,63.9939928199014,68.736853634823,68.4287275352823,65.2902244862559,55.8790466329214,43.2498977145523,35.4480351726492,69.7061065649448,54.4137152713378,57.6990475347707,55.0892878129779,64.3965351496121,62.0655684892417,53.7932992634988,51.6939920127241,63.2804134276205,50.2759629640869,39.0400298310994,62.3749151521145,32.3496491210655,57.78118007259,63.0408432286709,64.3286589519099,56.7109365149709,54.6596242392149,68.1688796355811,63.9308377919425,49.3741173019176
68.3776352045213,47.4296005713275,56.366482343506,63.9939928199014,68.736853634823,68.4287275352823,65.2902244862559,55.8946607534495,43.2498977145523,35.4480351726492,69.7061065649448,54.4898427718979,57.6990475347707,55.0892878129779,64.3965351496121,62.0655684892417,53.7932992634988,51.6939920127241,63.2804134276205,50.2759629640869,39.0400298310994,62.3749151521145,32.3496491210655,57.78118007259,63.0408432286709,64.3286589519099,56.7109365149709,54.6596242392149,68.1688796355811,64.072026967454,49.3743825261596
68.3776352045213,47.4296005713275,56.366482343506,63.9940297836356,68.736853634823,68.4393532122786,65.292877292279,55.8946607534495,43.2498977145523,35.4480351726492,69.7061065649448,54.4898427718979,57.6990475347707,55.0892878129779,64.3965351496121,62.0819739892295,53.7932993201062,51.694182848474,63.2804134276205,50.2788607760844,39.0400298310994,62.3749151521145,32.3496491210655,57.7869069606406,63.1053823924851,64.3286589519099,56.7109365149709,54.6596242392149,68.1688983819761,64.2210287417864,49.3743825261596
68.3776352045213,47.4296005713275,56.366482343506,63.9940297836356,68.736853634823,68.4393532122786,65.292877292279,55.8946607534495,43.2498977145523,35.4480351726492,69.7061065649448,54.4898427718979,57.6990475347707,55.0892878129779,64.3965351496121,62.0819739892295,53.7932993201062,51.694182848474,63.2804134276205,50.2833816725668,39.0400298310994,62.3749151521145,32.3496491210655,57.7869069606406,63.1053823924851,64.3296557399441,56.7109365149709,54.6607472064417,68.1688983819761,64.2210287417864,49.3743825261596
68.3776352045213,47.4296005713275,56.3669792367517,63.9940297836356,68.736853634823,68.4393532122786,65.292877292279,55.8946607534495,43.2498977145523,35.4482525548909,69.7061065649448,54.4898427718979,57.6990475347707,55.0892878129779,64.3982716992322,62.1020571388611,53.7932993201062,51.694182848474,63.2804134276205,50.2833816725668,39.0400298310994,62.3749151521145,32.3496491210655,57.7869069606406,63.4846234254971,64.3296557399441,56.7109365149709,54.6607472064417,68.1688983819761,64.2527679245402,49.3743825261596
68.3776352045213,47.4296005713275,56.3669792367517,63.9940297836356,68.736853634823,68.4421259304381,65.292877292279,55.8946607534495,43.2498977145523,35.4482525548909,69.7061065649448,54.4898427718979,57.6990475347707,55.0892878129779,64.3982716992322,62.1020571388611,53.7932993201062,51.694182848474,63.2804134276205,50.2833816725668,39.0400298310994,62.3749151521145,32.3496491210655,57.7919968374874,63.4846234254971,64.3308201246541,56.7109365149709,54.6607965672738,68.1688983819761,64.2825086351139,49.3747744939235
68.3776352045213,47.4296005713275,56.3669792367517,63.9940297836356,68.736853634823,68.4421259304381,65.292877292279,55.8946607534495,43.2498977145523,35.4482525548909,69.7061065649448,54.4898427718979,57.6990475347707,55.0892878129779,64.4000762495729,62.1020571388611,53.7932993750169,51.694182848474,63.2804134276205,50.2833816725668,39.0400298310994,62.3749151521145,32.3496491210655,57.7919968374874,63.6292516294607,64.3308201246541,56.7109365149709,54.6607965672738,68.1689812005162,64.2825086351139,49.3747744939235
68.3776352045213,47.4296005713275,56.3672269146005,63.9940297836356,68.736853634823,68.4421259304381,65.292877292279,55.8946607534495,43.2498977145523,35.4500606010653,69.7061065649448,54.5671481283386,57.6990475347707,55.0892878129779,64.4494967496763,62.1020571388611,53.7932993750169,51.694182848474,63.2804134276205,50.2833816725668,39.0400298310994,62.3749151521145,32.3496491210655,57.7919968374874,63.8307661332411,64.3308201246541,56.7109365149709,54.6615114100718,68.1689812005162,64.2825086351139,49.3747744939235
68.3776352045213,47.4296005713275,56.3672269146005,63.9940297836356,68.736853634823,68.4421259304381,65.292877292279,55.8946607534495,43.3240963594423,35.4500606010653,69.7061065649448,54.5671481283386,57.6990475347707,55.0920553592109,64.4494967496763,62.1020571388611,53.7932993750169,51.694182848474,63.2804134276205,50.2833816725668,39.0400298310994,62.3749151521145,32.3496491210655,57.7951507186497,64.2047910538631,64.3314761680456,56.7109365149709,54.6615114100718,68.1689812005162,64.2825086351139,49.3747744939235
68.3776352045213,47.4296005713275,56.3689737278259,63.9941282366688,68.736853634823,68.4421259304381,65.292877292279,55.8946607534495,43.4105368285535,35.4500606010653,69.7061065649448,54.5671481283386,57.6990475347707,55.0920553592109,64.4494967496763,62.1125552815175,53.7932993750169,51.694182848474,63.2804134276205,50.2870212824298,39.0400298310994,62.3749151521145,32.3496491210655,57.7951507186497,64.2047910538631,64.3314761680456,56.7109365149709,54.6615114100718,68.1689812005162,64.2825086351139,49.3748703690448
68.3776352045213,47.4296005713275,56.3689737278259,63.9941282366688,68.7373640829551,68.4534486104621,65.292877292279,55.8946607534495,43.4105368285535,35.4500606010653,69.7061065649448,54.5671481283386,57.6990475347707,55.0920553592109,64.4679580260868,62.1125552815175,53.7932993750169,51.694182848474,63.2804134276205,50.2870212824298,39.0400298310994,62.3749151521145,32.3496491210655,57.7951507186497,64.2047910538631,64.3323652152542,56.7109365149709,54.6615114100718,68.1691295338249,64.2825086351139,49.3748703690448
68.3776352045213,47.4296005713275,56.3689737278259,63.9941282366688,68.7373640829551,68.4534486104621,65.292877292279,55.8946607534495,43.4105368285535,35.4500606010653,69.7061065649448,54.5671481283386,57.6990475347707,55.0974110843991,64.4679580260868,62.1300643873183,53.7932993750169,51.694182848474,63.2804134276205,50.2870212824298,39.0494670706511,62.3749151521145,32.3496491210655,57.7972200842253,64.2047910538631,64.3323652152542,56.7109365149709,54.6617849805279,68.1691295338249,64.2825086351139,49.3748703690448
68.3776352045213,47.4296005713275,56.3702792015356,63.9943816601036,68.7374849287401,68.4534486104621,65.292877292279,55.8946607534495,43.4717636603245,35.4500606010653,69.7061065649448,54.5671481283386,57.6990475347707,55.0974110843991,64.4816467505329,62.1300643873183,53.7932993750169,51.694182848474,63.2804134276205,50.2870212824298,39.0494670706511,62.4627827545915,32.3496491210655,57.7972200842253,64.2047910538631,64.3323652152542,56.7109365149709,54.6617849805279,68.1691295338249,64.3032023615638,49.37518899891
68.3776352045213,47.4296005713275,56.3702792015356,63.9943816601036,68.7374849287401,68.4534486104621,65.292877292279,55.8946607534495,43.4717636603245,35.450687010309,69.7061065649448,54.6016842195284,57.6990475347707,55.1091814562761,64.4865013493113,62.1300643873183,53.7932994099606,51.694182848474,63.2804134276205,50.2880471595387,39.0494670706511,62.4627827545915,32.3496491210655,57.7972200842253,64.2964546624914,64.3323652152542,56.7109365149709,54.6621538623479,68.1691295338249,64.3032023615638,49.37518899891
68.3776352045213,47.4296005713275,56.3730677544213,63.9943816601036,68.7374849287401,68.4695410162155,65.292877292279,55.8946607534495,43.5469809151298,35.450687010309,69.7061065649448,54.6016842195284,57.6990475347707,55.1091814562761,64.4865013493113,62.1300643873183,53.7932994099606,51.694182848474,63.2804134276205,50.2948450587651,39.0494670706511,62.54660927058,32.3496491210655,57.7993467143781,64.2964546624914,64.332522402373,56.7109365149709,54.6621538623479,68.1691480631655,64.3032023615638,49.37518899891
68.3776352045213,47.4296005713275,56.3730677544213,63.9943816601036,68.7374849287401,68.4695410162155,65.292877292279,55.8946607534495,43.5469809151298,35.450687010309,69.7061065649448,54.6016842195284,57.6990475347707,55.1091814562761,64.4872545658995,62.1300643873183,53.7932994099606,51.694182848474,63.2804134276205,50.2987132296617,39.0494670706511,62.54660927058,32.3496491210655,57.7993467143781,64.2964546624914,64.332522402373,56.7152902477518,54.6627195904496,68.1691480631655,64.3032023615638,49.37518899891
68.3776352045213,47.4296005713275,56.3730677544213,63.9945647024017,68.7374849287401,68.4695410162155,65.292877292279,55.8946607534495,43.5469809151298,35.451936055506,69.7061065649448,54.6016842195284,57.6990475347707,55.1251488460987,64.4962552150967,62.1300643873183,53.7932994099606,51.694182848474,63.2807210246032,50.2987132296617,39.0494670706511,62.54660927058,32.3496491210655,57.8019390248216,64.2964546624914,64.332522402373,56.7207027639971,54.6627195904496,68.1691480631655,64.3045185474107,49.3753512829962
68.3776352045213,47.4296005713275,56.3781840744383,63.9945647024017,68.7374849287401,68.4695410162155,65.292877292279,55.8946607534495,43.6109371186929,35.451936055506,69.7061065649448,54.6016842195284,57.6990475347707,55.1251488460987,64.4962552150967,62.1300643873183,53.7932994205448,51.6941930530045,63.2807210246032,50.2987132296617,39.0494670706511,62.6528908498583,32.3516030247875,57.8019390248216,64.2964546624914,64.3330726555766,56.7207027639971,54.663179663015,68.1691480631655,64.3394938316803,49.3753512829962
68.3776352045213,47.4296005713275,56.3781840744383,63.9945647024017,68.7374849287401,68.4923566608956,65.292877292279,55.8946607534495,43.6657472041366,35.451936055506,69.7061065649448,54.6562165797484,57.6990475347707,55.1251488460987,64.5035418300167,62.1300643873183,53.7932994205448,51.6941930530045,63.2807210246032,50.2996947776999,39.0494670706511,62.6528908498583,32.3516030247875,57.8019390248216,64.2964546624914,64.3330726555766,56.7207027639971,54.663179663015,68.1691678078375,64.3763675673874,49.3753512829962
68.3776352045213,47.4296005713275,56.3807329008933,63.9946001405182,68.7374849287401,68.4923566608956,65.292877292279,55.8946607534495,43.6657472041366,35.451936055506,69.7061065649448,54.6562165797484,57.6990475347707,55.1251488460987,64.5035418300167,62.1300643873183,53.7932994205448,51.6941930530045,63.2807210246032,50.303010502723,39.0494670706511,62.739333663232,32.3525329447631,57.8019390248216,64.3256243311692,64.3330726555766,56.7207027639971,54.6634487216212,68.1691678078375,64.3763675673874,49.3758912002334
68.3776352045213,47.4296005713275,56.3807329008933,63.9946001405182,68.7374849287401,68.4923566608956,65.297991919938,55.8946607534495,43.7092607870451,35.451936055506,69.7061065649448,54.6562165797484,57.6990475347707,55.1251488460987,64.5035418300167,62.1300643873183,53.7932994255722,51.6941930530045,63.2807538211567,50.303010502723,39.0494670706511,62.739333663232,32.3525329447631,57.8074554237696,64.3256243311692,64.3343112122477,56.7207027639971,54.6634487216212,68.1691678078375,64.3763675673874,49.3758912002334
68.3776352045213,47.4296005713275,56.3807329008933,63.9946001405182,68.7374849287401,68.4923566608956,65.297991919938,55.8946607534495,43.7092607870451,35.451936055506,69.7061065649448,54.6562165797484,57.7018411075207,55.1251488460987,64.5216496830113,62.1300643873183,53.7932994255722,51.6941930530045,63.2807538211567,50.303010502723,39.0494670706511,62.739333663232,32.3525329447631,57.8074554237696,64.5423226269305,64.3343112122477,56.7207027639971,54.6636093628291,68.1691916157785,64.4820348151788,49.3758912002334
68.3776352045213,47.4296005713275,56.3819033783697,63.9946001405182,68.7374849287401,68.5050597082519,65.3008735007335,55.8946607534495,43.7092607870451,35.4525772762917,69.7061065649448,54.6562165797484,57.7018411075207,55.1251488460987,64.5216496830113,62.1300643873183,53.7932994255722,51.6941930530045,63.2807538211567,50.303010502723,39.0494670706511,62.739333663232,32.3525329447631,57.8074554237696,64.5994731690402,64.3343112122477,56.7207027639971,54.6636093628291,68.1691916157785,64.5853936541047,49.3758912002334
68.3776352045213,47.4296005713275,56.3819033783697,63.9946001405182,68.7374849287401,68.5050597082519,65.3008735007335,55.8946607534495,43.7508932468812,35.4525772762917,69.7061065649448,54.6562165797484,57.7018411075207,55.1251488460987,64.5216496830113,62.1300643873183,53.7932994625815,51.6941930530045,63.2807538211567,50.3030410036439,39.0494670706511,62.739333663232,32.3552512417083,57.8143557849536,64.5994731690402,64.3343112122477,56.7207027639971,54.6637075136396,68.1691916157785,64.5853936541047,49.3760854388135
68.3776352045213,47.4296005713275,56.3823742924854,63.9946001405182,68.7374849287401,68.5050597082519,65.3008735007335,55.8946607534495,43.7508932468812,35.4527384602174,69.7061065649448,54.6912195373484,57.7018411075207,55.1251488460987,64.5216496830113,62.1300643873183,53.7932994625815,51.6941930530045,63.2807538211567,50.3030410036439,39.0494670706511,62.739333663232,32.3552512417083,57.8143557849536,64.5994731690402,64.3343112122477,56.7207027639971,54.6637075136396,68.1691916157785,64.6239823105562,49.3760854388135
68.3776352045213,47.4296005713275,56.3823742924854,63.9946001405182,68.7381650661108,68.5050597082519,65.3008735007335,55.8946607534495,43.778408650341,35.4527384602174,69.7061065649448,54.6912195373484,57.7018411075207,55.1251488460987,64.5216496830113,62.1300643873183,53.7932994625815,51.6941930530045,63.2807538211567,50.3035031188642,39.0494670706511,62.739333663232,32.3566261314569,57.8143557849536,64.5994731690402,64.3348785856456,56.7207027639971,54.6637689589901,68.16921194713,64.6314891718019,49.3760854388135
68.3776352045213,47.4296005713275,56.3823742924854,63.9946001405182,68.7381650661108,68.5121176863038,65.3008735007335,55.8946607534495,43.778408650341,35.4527384602174,69.7061065649448,54.6912195373484,57.7018411075207,55.1251488460987,64.5216496830113,62.1300643873183,53.7932994625815,51.6942609558022,63.2807538211567,50.3035031188642,39.0494670706511,62.739333663232,32.3566261314569,57.818791726113,64.6373438098675,64.3348785856456,56.7207027639971,54.6637689589901,68.16921194713,64.6314891718019,49.3769375506604
68.3776352045213,47.4296005713275,56.3825101178011,63.9946001405182,68.7390356670779,68.5121176863038,65.3008735007335,55.8946607534495,43.778408650341,35.4527384602174,69.7061065649448,54.6912195373484,57.7018411075207,55.1251488460987,64.5495018537381,62.137446847295,53.7932994625815,51.6942609558022,63.2807538211567,50.3035031188642,39.0494670706511,62.739333663232,32.3566261314569,57.818791726113,64.6724593224696,64.3348785856456,56.7207027639971,54.6638083703793,68.16921194713,64.6778599535699,49.3769375506604
68.3776352045213,47.4296005713275,56.3825101178011,63.9946303351185,68.7390356670779,68.5121176863038,65.3008735007335,55.8946607534495,43.8174811640111,35.4527384602174,69.7061065649448,54.6912195373484,57.7018411075207,55.1269880789393,64.5495018537381,62.137446847295,53.7932994625815,51.6942609558022,63.2807538211567,50.3035031188642,39.0494670706511,62.739333663232,32.3566261314569,57.818791726113,64.6961992617791,64.3354845346425,56.7207027639971,54.6638083703793,68.16921194713,64.726307761361,49.3769375506604
68.3776352045213,47.4296005713275,56.3880914669267,63.9946303351185,68.7390356670779,68.5121176863038,65.3008735007335,55.8946607534495,43.8174811640111,35.4527384602174,69.7061065649448,54.7600044091586,57.7018411075207,55.1269880789393,64.5636045185562,62.1467043427299,53.7932994625815,51.6942609558022,63.2810188090062,50.3036225442268,39.0494670706511,62.739333663232,32.3566261314569,57.818791726113,64.7124614792598,64.3354845346425,56.7207027639971,54.6638083703793,68.16921194713,64.726307761361,49.3769375506604
68.3776352045213,47.4296005713275,56.3880914669267,63.9946303351185,68.7403517268545,68.5298995921814,65.3008735007335,55.8946607534495,43.8174811640111,35.4527384602174,69.7061065649448,54.7600044091586,57.7018411075207,55.1288077337684,64.5636045185562,62.1467043427299,53.7932994625815,51.6942609558022,63.2810188090062,50.304912641949,39.0494670706511,62.739333663232,32.3566261314569,57.8291383485333,64.7124614792598,64.3354845346425,56.7207027639971,54.663834237717,68.16921194713,64.726307761361,49.3773289942011
68.3776352045213,47.4296005713275,56.3880914669267,63.9946303351185,68.7403517268545,68.5298995921814,65.3008735007335,55.8946607534495,43.8490723485411,35.4527384602174,69.7061065649448,54.7600044091586,57.7018411075207,55.1288077337684,64.5636045185562,62.1467043427299,53.7932994625815,51.6942609558022,63.2810188090062,50.306083728693,39.0494670706511,62.739333663232,32.3566261314569,57.8291383485333,64.7237409071199,64.3354845346425,56.7207027639971,54.663834237717,68.16921194713,64.726307761361,49.3773289942011
68.3776352045213,47.4296005713275,56.3926777383233,63.994856771417,68.7408858306886,68.5298995921814,65.3008735007335,55.8946607534495,43.8490723485411,35.4527384602174,69.7061065649448,54.7600044091586,57.7018411075207,55.1288077337684,64.5636045185562,62.1467043427299,53.793299464928,51.6942609558022,63.2810188090062,50.306083728693,39.0494670706511,62.739333663232,32.3566261314569,57.8291383485333,64.7237409071199,64.3354845346425,56.7207027639971,54.6641240504926,68.1692225074354,64.726307761361,49.3773289942011
68.3776352045213,47.4296005713275,56.3926777383233,63.994856771417,68.7408858306886,68.5298995921814,65.3008735007335,55.8946607534495,43.8490723485411,35.4527384602174,69.7061065649448,54.7600044091586,57.7018411075207,55.1288077337684,64.5636045185562,62.1467043427299,53.793299464928,51.6942609558022,63.2810188090062,50.306083728693,39.0494670706511,62.739333663232,32.3566261314569,57.8353503944549,64.7237409071199,64.3354845346425,56.7207027639971,54.6641240504926,68.1692225074354,64.77436751302,49.3774915861557
68.3776907203084,47.4296005713275,56.3959733989446,63.994856771417,68.7408858306886,68.5394685989009,65.3008735007335,55.8946607534495,43.8807088775268,35.4527384602174,69.7061065649448,54.7600044091586,57.7018411075207,55.1288077337684,64.5636045185562,62.1467043427299,53.793299464928,51.6942609558022,63.2811332928068,50.306083728693,39.0494670706511,62.739333663232,32.3566261314569,57.8353503944549,64.731650436354,64.3354845346425,56.7207027639971,54.6641240504926,68.1692225074354,64.8549523779363,49.3774915861557
68.3776907203084,47.4296005713275,56.3959733989446,63.994856771417,68.7417944934005,68.5394685989009,65.3008735007335,55.8946607534495,43.8807088775268,35.4527384602174,69.7061065649448,54.8140182663675,57.7018411075207,55.1288077337684,64.5636045185562,62.1467043427299,53.793299464928,51.6942609558022,63.2811332928068,50.306083728693,39.0494670706511,62.739333663232,32.3566261314569,57.8353503944549,64.731650436354,64.3354845346425,56.7207027639971,54.6749390209887,68.1692225074354,64.8549523779363,49.3774915861557
68.3776907203084,47.4296005713275,56.3959733989446,63.9949558402365,68.7417944934005,68.5394685989009,65.3008735007335,55.8946607534495,43.9092897347813,35.4527384602174,69.7061065649448,54.8140182663675,57.7018411075207,55.1288077337684,64.5692980290812,62.1467043427299,53.793299464928,51.6942609558022,63.2811332928068,50.3075866458414,39.0578258582773,62.739333663232,32.3566261314569,57.8417040369983,64.7412385657455,64.3354845346425,56.7207027639971,54.6749390209887,68.1692225074354,64.9083073515277,49.3774915861557
68.3776954404562,47.4296005713275,56.3959733989446,63.9949558402365,68.7421528562315,68.554468626076,65.3008735007335,55.8946607534495,43.9092897347813,35.4527384602174,69.7061065649448,54.8140182663675,57.7018411075207,55.1288077337684,64.5692980290812,62.1467043427299,53.793299464928,51.6942609558022,63.2811332928068,50.3075866458414,39.0578258582773,62.739333663232,32.3566261314569,57.8417040369983,64.7412385657455,64.3364968401717,56.7207027639971,54.6749390209887,68.1692225074354,64.9441245862148,49.3777972655468
68.3776954404562,47.4296005713275,56.3959733989446,63.9949558402365,68.7421528562315,68.554468626076,65.3008735007335,55.8946607534495,43.9092897347813,35.4527384602174,69.7073727126341,54.8140182663675,57.7040449616603,55.1288077337684,64.5823098932509,62.1467043427299,53.793299464928,51.6942752372026,63.2811332928068,50.3075866458414,39.0640874922144,62.739333663232,32.3566261314569,57.8417040369983,64.744100208561,64.3364968401717,56.7207027639971,54.6749390209887,68.1692225074354,65.2757197217342,49.3777972655468
68.3776954404562,47.4296005713275,56.3959733989446,63.9949558402365,68.7421528562315,68.554468626076,65.3008735007335,55.8946607534495,43.9451375456738,35.4527384602174,69.7073727126341,54.8140182663675,57.7040449616603,55.1288077337684,64.5948504015346,62.1467043427299,53.793299464928,51.6942752372026,63.2811390112224,50.3075866458414,39.0640874922144,62.739333663232,32.3566261314569,57.8417040369983,64.754882764353,64.3364968401717,56.7207027639971,54.6749390209887,68.1692431880404,65.3526463435619,49.3777972655468
68.3777279390438,47.4296005713275,56.3959733989446,63.9949558402365,68.7424231059921,68.554468626076,65.3008735007335,55.8946607534495,43.9451375456738,35.4528170767482,69.7073727126341,54.8188564996059,57.7049132779127,55.1288077337684,64.6293669418292,62.1467043427299,53.793299464928,51.6945103981191,63.2811390112224,50.30802167711,39.0640874922144,62.739333663232,32.3566261314569,57.8454027644811,64.754882764353,64.3364968401717,56.7207027639971,54.6805510022305,68.1692431880404,65.5118170284973,49.37860791022
68.3777279390438,47.4333454987,56.3959733989446,63.9949558402365,68.7424231059921,68.554468626076,65.3008735007335,55.8983164532298,43.99116940095,35.4528170767482,69.7098250681983,54.8188564996059,57.7049132779127,55.1288077337684,64.6293669418292,62.1467043427299,53.7932994666295,51.6945103981191,63.2811390112224,50.3083486608439,39.0640874922144,62.8175419157818,32.3566261314569,57.8454027644811,64.754882764353,64.3364968401717,56.7207027639971,54.6805510022305,68.1692431880404,65.6634672811858,49.37860791022
68.3777820954062,47.4333454987,56.4004748778269,63.9949558402365,68.7429097226651,68.5644505736345,65.3008735007335,55.8983164532298,43.99116940095,35.4528170767482,69.7098250681983,54.8188564996059,57.7049132779127,55.1288077337684,64.6370860672847,62.1653963352348,53.7932994666295,51.6945103981191,63.2811390112224,50.3091531051725,39.0640874922144,62.8175419157818,32.3566261314569,57.8454027644811,64.7610898192583,64.3364968401717,56.7207027639971,54.6805510022305,68.1692431880404,65.7949596017221,49.37860791022
68.3777820954062,47.4333454987,56.4004748778269,63.9949558402365,68.7429097226651,68.5644505736345,65.3008735007335,55.8983164532298,43.99116940095,35.4528170767482,69.7113647303478,54.8188564996059,57.7049132779127,55.1288077337684,64.6554248204678,62.1798177381491,53.7932994666295,51.6945103981191,63.2812241591096,50.3095061151825,39.0640874922144,62.8175419157818,32.3566261314569,57.8454027644811,64.7610898192583,64.3369393218119,56.7207027639971,54.6854126144724,68.1692431880404,65.9204144020314,49.37860791022
68.3777820954062,47.4333454987,56.4038638984895,63.9951419155153,68.7429097226651,68.5644505736345,65.3008735007335,55.8983164532298,44.0361327434972,35.4528170767482,69.7113647303478,54.8188564996059,57.7049132779127,55.1288077337684,64.6554248204678,62.1798177381491,53.7932994666295,51.6946167532816,63.2812241591096,50.3095061151825,39.0659791613136,62.8175419157818,32.3566261314569,57.8472874849429,64.7610898192583,64.3369393218119,56.7207027639971,54.6854126144724,68.1692431880404,65.9204144020314,49.3794220774516
68.3777820954062,47.4333454987,56.4038638984895,63.9951419155153,68.7431272824794,68.5644505736345,65.3008735007335,55.8983164532298,44.0823761806378,35.4529072964139,69.7113647303478,54.8188564996059,57.7049132779127,55.1288077337684,64.6726659432154,62.1798177381491,53.7932994692328,51.6946167532816,63.2812241591096,50.3095061151825,39.0659791613136,62.8175419157818,32.3566261314569,57.8472874849429,64.7618721113172,64.3369393218119,56.7207027639971,54.6854126144724,68.1692431880404,66.0176495567474,49.3794220774516
68.3777820954062,47.4333454987,56.4038638984895,63.9951419155153,68.7431272824794,68.5795290475753,65.3024075970024,55.8983164532298,44.0823761806378,35.4529072964139,69.7113647303478,54.8523752293194,57.7049132779127,55.1288077337684,64.6726659432154,62.1798177381491,53.7932994692328,51.6946167532816,63.2812241591096,50.3095061151825,39.0659791613136,62.8175419157818,32.3566261314569,57.8472874849429,64.7712730197191,64.3372745284261,56.7207027639971,54.689664159759,68.1692431880404,66.0176495567474,49.3794220774516
68.3777820954062,47.4333454987,56.4063748561063,63.9951419155153,68.7439816074342,68.5795290475753,65.3024075970024,55.8983164532298,44.1395782198719,35.4529072964139,69.7113647303478,54.8523752293194,57.7049132779127,55.1288077337684,64.6923237750407,62.1798177381491,53.7932994692328,51.6946167532816,63.2812241591096,50.3095061151825,39.0659791613136,62.8175419157818,32.3566261314569,57.8498136893624,64.7712730197191,64.3372745284261,56.7207027639971,54.689664159759,68.1692431880404,66.0176495567474,49.3814307640833
68.3777820954062,47.4333454987,56.4063748561063,63.9952814016394,68.7439816074342,68.5795290475753,65.3024075970024,55.8983164532298,44.1945124169935,35.4529072964139,69.7113647303478,54.8523752293194,57.7049132779127,55.1288077337684,64.6923237750407,62.1798177381491,53.7932994692328,51.6946167532816,63.2813118137983,50.3095061151825,39.0659791613136,62.8175419157818,32.3566261314569,57.8498136893624,64.7712730197191,64.3378486895121,56.7207027639971,54.689664159759,68.1692431880404,66.0384542819772,49.3814307640833
68.3777820954062,47.4333454987,56.4087769684039,63.9952814016394,68.7439816074342,68.5795290475753,65.3035188637203,55.8983164532298,44.1945124169935,35.4529072964139,69.7113647303478,54.8523752293194,57.7049132779127,55.1288077337684,64.6973386954882,62.1798177381491,53.7932994692328,51.6946167532816,63.2813118137983,50.3095061151825,39.0659791613136,62.883712931383,32.3566261314569,57.8498136893624,64.7840127510044,64.3378486895121,56.7207027639971,54.6908020693439,68.1692431880404,66.0384542819772,49.3814307640833
68.3777820954062,47.4333454987,56.4087769684039,63.9952814016394,68.7443382151693,68.5959956378033,65.3035188637203,55.8983164532298,44.1945124169935,35.4529072964139,69.7113647303478,54.8523752293194,57.7049132779127,55.1288077337684,64.7250978970557,62.1798177381491,53.7932994692328,51.6946167532816,63.2813118137983,50.3095061151825,39.0659791613136,62.9530509815071,32.3566261314569,57.8498136893624,64.7840127510044,64.3378486895121,56.7207027639971,54.6908020693439,68.1692566302613,66.0384542819772,49.3814307640833
68.3777820954062,47.4333454987,56.4087769684039,63.9952814016394,68.7443382151693,68.5959956378033,65.3035188637203,55.8983164532298,44.2499446851546,35.4529072964139,69.7113647303478,54.8590151792952,57.7049132779127,55.1288077337684,64.7250978970557,62.1798177381491,53.7932994692328,51.6946167532816,63.2813118137983,50.3095061151825,39.0659791613136,62.9530509815071,32.3572283395424,57.8513433283143,64.7840127510044,64.3394005254635,56.7207027639971,54.6908020693439,68.1692566302613,66.073450853136,49.383032464397
68.3777820954062,47.4333454987,56.410137909447,63.9953285745694,68.7445375480228,68.5959956378033,65.3041819157659,55.8983164532298,44.2499446851546,35.4529072964139,69.7113647303478,54.8590151792952,57.7049132779127,55.1289252218924,64.7508145074193,62.1798177381491,53.7932994692328,51.6946423137691,63.2813118137983,50.3095061151825,39.0659791613136,62.9530509815071,32.3572283395424,57.8513433283143,64.7984169625427,64.3394005254635,56.7207027639971,54.6923196129359,68.1692566302613,66.0793754045567,49.383032464397
68.3777820954062,47.4333454987,56.410137909447,63.9953285745694,68.7445375480228,68.6095405077527,65.3041819157659,55.8983164532298,44.2499446851546,35.4529072964139,69.7113647303478,54.8590151792952,57.7049132779127,55.1289252218924,64.7639892736124,62.1798177381491,53.7932994692328,51.6946423137691,63.2813118137983,50.3095061151825,39.0708553768012,62.9530509815071,32.3604597018465,57.8513433283143,64.8155914972852,64.3397869407044,56.7207027639971,54.6923196129359,68.1692566302613,66.0793754045567,49.383032464397
68.3777820954062,47.4333454987,56.4109074402355,63.9953285745694,68.7445375480228,68.6095405077527,65.3041819157659,55.8983164532298,44.3211517097565,35.4529072964139,69.7113647303478,54.8590151792952,57.7049132779127,55.1289252218924,64.7639892736124,62.1798177381491,53.7932994700965,51.6946423137691,63.2813118137983,50.3095061151825,39.0708553768012,62.9530509815071,32.3604597018465,57.8525839824998,64.8155914972852,64.3397869407044,56.7207027639971,54.6923196129359,68.1692566302613,66.0793754045567,49.3844650742331
68.3777820954062,47.4333454987,56.4109074402355,63.9953285745694,68.7450559491082,68.6095405077527,65.3041819157659,55.8983164532298,44.3211517097565,35.4529072964139,69.7113647303478,54.8590151792952,57.7049132779127,55.1289252218924,64.7639892736124,62.1798177381491,53.7932994700965,51.6946423137691,63.2813118137983,50.3095061151825,39.0708553768012,62.9530509815071,32.3604597018465,57.8525839824998,64.8155914972852,64.3397869407044,56.7207027639971,54.6923196129359,68.1692566302613,66.0793754045567,49.3844650742331
68.3777820954062,47.4333454987,56.4109074402355,63.995428922142,68.7450559491082,68.6095405077527,65.3041819157659,55.8983164532298,44.3211517097565,35.4529072964139,69.7113647303478,54.8590151792952,57.7049132779127,55.1289252218924,64.8058192984921,62.1798177381491,53.7932994700965,51.6949544992269,63.2813118137983,50.3095061151825,39.0708553768012,62.9530509815071,32.3604597018465,57.8525839824998,64.8155914972852,64.340682114142,56.7207027639971,54.6923410984208,68.1692566302613,66.0793754045567,49.3844650742331
68.3777820954062,47.4333454987,56.4113450813587,63.995428922142,68.7450559491082,68.6279384351617,65.3041819157659,55.8983164532298,44.3881475715736,35.4529072964139,69.7113647303478,54.8590151792952,57.7049132779127,55.1289252218924,64.8058192984921,62.1798177381491,53.7932994732212,51.6949544992269,63.2813118137983,50.3095061151825,39.0708553768012,63.0134267801877,32.3604597018465,57.8525839824998,64.8155914972852,64.340682114142,56.7207027639971,54.6923410984208,68.1692566302613,66.0816002698905,49.3844650742331
68.3777820954062,47.4333454987,56.4113450813587,63.995428922142,68.7452754832462,68.6279384351617,65.3041819157659,55.8983164532298,44.3881475715736,35.4529072964139,69.7113647303478,54.8590151792952,57.7049132779127,55.1289252218924,64.8058192984921,62.1798177381491,53.7932994732212,51.6949544992269,63.2813118137983,50.3099656495199,39.0708553768012,63.0134267801877,32.3604597018465,57.8537620038656,64.8836957732458,64.340682114142,56.7207027639971,54.6923410984208,68.1692566302613,66.0816002698905,49.3852761672085
68.3777820954062,47.4333454987,56.4115969196936,63.995428922142,68.7452754832462,68.6279384351617,65.3041819157659,55.8983164532298,44.3881475715736,35.4529072964139,69.7113647303478,54.8590151792952,57.7049132779127,55.1289252218924,64.8163200102383,62.1798177381491,53.7932994732212,51.6953638696242,63.2813118137983,50.3099656495199,39.0708553768012,63.0555555830253,32.3651837520414,57.8537620038656,64.9104034835528,64.3410941049426,56.7207027639971,54.6923410984208,68.1692566302613,66.0816002698905,49.3852761672085
68.3777820954062,47.4333454987,56.4115969196936,63.995967843397,68.7452754832462,68.6432526054602,65.3041819157659,55.8983164532298,44.4441872638812,35.4529072964139,69.7113647303478,54.8590151792952,57.7049132779127,55.1289252218924,64.8511681137124,62.1798177381491,53.7932994851016,51.6953638696242,63.2813118137983,50.3099656495199,39.0708553768012,63.0555555830253,32.3651837520414,57.8537620038656,64.9104034835528,64.3410941049426,56.7207027639971,54.692382845996,68.1692566302613,66.0816002698905,49.3852761672085
68.3777820954062,47.4333454987,56.4115969196936,63.995967843397,68.7453356115222,68.6432526054602,65.3041819157659,55.8983164532298,44.4992985981727,35.4529072964139,69.7113647303478,54.8590151792952,57.7049132779127,55.1289252218924,64.8511681137124,62.1798177381491,53.7932994851016,51.6953638696242,63.2813118137983,50.3099656495199,39.0708553768012,63.0555555830253,32.3704278626737,57.8546277811955,64.9128608388286,64.3412647202428,56.7207027639971,54.692382845996,68.1692566302613,66.0816002698905,49.3852761672085
68.3777820954062,47.4333454987,56.4117442514803,63.995967843397,68.7453356115222,68.6432526054602,65.3050178033876,55.8983164532298,44.4992985981727,35.4529072964139,69.7113647303478,54.8624382719478,57.7049132779127,55.1289252218924,64.8511681137124,62.1798177381491,53.7932994851016,51.6953638696242,63.2813118137983,50.310303362092,39.0708553768012,63.0976483209152,32.3704278626737,57.8546277811955,64.9197857148086,64.3412647202428,56.7207027639971,54.692382845996,68.1692566302613,66.0935923194991,49.3864728234053
68.3778411237418,47.4333454987,56.4117442514803,63.995967843397,68.7453356115222,68.6432526054602,65.3050178033876,55.8983164532298,44.5606587515011,35.4529072964139,69.7113647303478,54.8624382719478,57.7049132779127,55.1289252218924,64.9035524442722,62.1798177381491,53.7932995021249,51.6953638696242,63.2813118137983,50.3104729180371,39.0708553768012,63.1162239724765,32.3704278626737,57.8546277811955,64.9207148628084,64.3412647202428,56.7207027639971,54.6928139762413,68.1692566302613,66.0961657391492,49.3864728234053
68.3778411237418,47.4333454987,56.4117442514803,63.9961722372514,68.7483793419893,68.6553001336121,65.3050178033876,55.8983164532298,44.6092324529751,35.4529072964139,69.7113647303478,54.8624382719478,57.7049132779127,55.128961278416,64.9035524442722,62.1798177381491,53.7932995021249,51.6953638696242,63.2813118137983,50.3104729180371,39.0708553768012,63.1162239724765,32.3704278626737,57.8546277811955,64.9207148628084,64.3413196103258,56.7207027639971,54.6928139762413,68.1692997855643,66.0961657391492,49.3864728234053
68.3778759652035,47.4333454987,56.4118322030791,63.9961722372514,68.7483793419893,68.6553001336121,65.3050502497868,55.8983164532298,44.6092324529751,35.4529072964139,69.7113647303478,54.8624382719478,57.7049132779127,55.128961278416,64.9035524442722,62.1798177381491,53.7932995021249,51.6956499952197,63.2813118137983,50.3104729180371,39.0708553768012,63.1162239724765,32.3704278626737,57.8552810954123,64.9695005636543,64.3413196103258,56.7207027639971,54.6928139762413,68.1692997855643,66.0961657391492,49.3864728234053
68.3778759652035,47.4333454987,56.4118322030791,63.9961722372514,68.7483793419893,68.6553001336121,65.3050502497868,55.8983164532298,44.6776454407317,35.4529072964139,69.7113647303478,54.8624382719478,57.7049132779127,55.128961278416,64.9354667124627,62.1798177381491,53.7932995175506,51.6956499952197,63.2813118137983,50.3104729180371,39.0708553768012,63.1350152088255,32.3704278626737,57.8552810954123,64.9794662649319,64.3418511391714,56.7207027639971,54.6928139762413,68.1692997855643,66.1317480128588,49.3867161275282
68.3778759652035,47.4333454987,56.4165512380954,63.9961722372514,68.7497672551091,68.6553001336121,65.3050502497868,55.8983164532298,44.6776454407317,35.4529262681905,69.7113647303478,54.8624382719478,57.7049132779127,55.128961278416,64.9817785943675,62.1798177381491,53.7932995175506,51.6956499952197,63.2813118137983,50.3104729180371,39.0708553768012,63.1350152088255,32.3704278626737,57.8552810954123,64.9980660384093,64.3418511391714,56.7207027639971,54.6998984668583,68.1693027538777,66.1317480128588,49.3867161275282
68.3778759652035,47.4333454987,56.4165512380954,63.9965937422997,68.7497672551091,68.6728810423065,65.3050502497868,55.8983164532298,44.7396735940587,35.4529262681905,69.7113647303478,54.8624382719478,57.7049132779127,55.128961278416,64.9817785943675,62.1798177381491,53.7932995175506,51.6956499952197,63.2813118137983,50.3104729180371,39.0708553768012,63.1497474759305,32.3704278626737,57.8553492624733,65.0122548323225,64.3418511391714,56.7255330487964,54.6998984668583,68.1693027538777,66.1317480128588,49.3867161275282
68.3778759652035,47.4333454987,56.4165512380954,63.9965937422997,68.7515808407545,68.6728810423065,65.3050502497868,55.8983164532298,44.7396735940587,35.4531414260183,69.7113647303478,54.8624382719478,57.7049132779127,55.128961278416,64.9817785943675,62.1798177381491,53.7932995268868,51.6956499952197,63.2813118137983,50.3104729180371,39.0708553768012,63.1497474759305,32.3704278626737,57.8553492624733,65.0350095659147,64.3419975135046,56.7255330487964,54.6998984668583,68.1693027538777,66.1374976833765,49.3867161275282
68.3778759652035,47.4333454987,56.4182591597023,63.9965937422997,68.7515808407545,68.6728810423065,65.3050502497868,55.8983164532298,44.7396735940587,35.4531414260183,69.7113647303478,54.8624382719478,57.7049132779127,55.128961278416,65.0154250182294,62.1798177381491,53.7932995268868,51.6956499952197,63.2813257682305,50.3104729180371,39.0708553768012,63.1497474759305,32.3704278626737,57.8553492624733,65.0527329507872,64.3419975135046,56.7289851471696,54.7059018818557,68.1693027538777,66.1412167868668,49.3875604708737
68.3778759652035,47.4333454987,56.4182591597023,63.9965937422997,68.7515808407545,68.680294934313,65.3052443122802,55.8983164532298,44.8024136647643,35.4531414260183,69.7113647303478,54.8624382719478,57.7049132779127,55.128961278416,65.0154250182294,62.1798177381491,53.7932995268868,51.6956499952197,63.2813257682305,50.3104729180371,39.0708553768012,63.1497474759305,32.3704278626737,57.8553492624733,65.073457050676,64.3420194423982,56.7289851471696,54.7059018818557,68.1693027538777,66.1465913989228,49.3875604708737
68.3778759652035,47.4333454987,56.4186929714277,63.9966769029875,68.7553390948041,68.680294934313,65.3052443122802,55.8983164532298,44.8024136647643,35.4531430465931,69.7113647303478,54.8624382719478,57.7049132779127,55.128961278416,65.0154250182294,62.1798177381491,53.7932995299663,51.6956499952197,63.2813257682305,50.3104729180371,39.0708553768012,63.1497474759305,32.3704278626737,57.8553492624733,65.073457050676,64.3420194423982,56.7289851471696,54.7059018818557,68.1693027538777,66.1482681282383,49.3875604708737
68.3778759652035,47.4333454987,56.4186929714277,63.9966769029875,68.7553390948041,68.680294934313,65.3052443122802,55.8983164532298,44.8024136647643,35.4531430465931,69.7113647303478,54.8624382719478,57.7049132779127,55.128961278416,65.084108363169,62.1798177381491,53.7932995299663,51.6956499952197,63.2813257682305,50.3111534313778,39.0708553768012,63.1497474759305,32.3704278626737,57.8553492624733,65.073457050676,64.3420194423982,56.7344862494724,54.7059018818557,68.1693027538777,66.1549198195547,49.3875604708737
68.3778759652035,47.4333454987,56.4186929714277,63.9966769029875,68.7575451514168,68.680294934313,65.3052443122802,55.8983164532298,44.8621369284405,35.4531430465931,69.7113647303478,54.8624382719478,57.7049132779127,55.1289630277112,65.084108363169,62.1798177381491,53.7932995302247,51.6956499952197,63.2813257682305,50.3111534313778,39.0807330940253,63.1497474759305,32.3704278626737,57.8553492624733,65.073457050676,64.3420194423982,56.7344862494724,54.7101604922109,68.1693027538777,66.1549198195547,49.3885530517738
68.3778817928921,47.4333454987,56.4186929714277,63.9966769029875,68.7575451514168,68.6931466011418,65.3056043489115,55.8983164532298,44.8621369284405,35.4531430465931,69.7113647303478,54.8624382719478,57.7049132779127,55.1289630277112,65.084108363169,62.1798177381491,53.7932995302247,51.6956499952197,63.2813257682305,50.3111534313778,39.0807330940253,63.1497474759305,32.3704278626737,57.8553492624733,65.073457050676,64.3420194423982,56.7397530940043,54.7101604922109,68.1693027538777,66.1557453226361,49.3885530517738
68.3778817928921,47.4333454987,56.4186929714277,63.9972144910578,68.7575451514168,68.6931466011418,65.3056043489115,55.8983164532298,44.8621369284405,35.4531430465931,69.7113647303478,54.8624382719478,57.7049132779127,55.1289630277112,65.0959459013591,62.1798177381491,53.7932995302247,51.6956499952197,63.2813257682305,50.3111534313778,39.0807330940253,63.1497474759305,32.3704278626737,57.8554247970653,65.0848959452895,64.3420194423982,56.7397530940043,54.7101604922109,68.1693027538777,66.1557453226361,49.3885530517738
68.3778817928921,47.4333454987,56.419044001772,63.9972144910578,68.7607742747075,68.6931466011418,65.3056043489115,55.8983164532298,44.9299882292539,35.4531430465931,69.7113647303478,54.8624382719478,57.7049132779127,55.1289802834334,65.0959459013591,62.1798177381491,53.7932995469694,51.6956499952197,63.2813257682305,50.3111534313778,39.0807330940253,63.1497474759305,32.3704278626737,57.8554247970653,65.0848959452895,64.3421495598266,56.7397530940043,54.7167910248391,68.1693027538777,66.1557453226361,49.3885530517738
68.3778817928921,47.4333454987,56.419044001772,63.9972144910578,68.7607742747075,68.704627569745,65.3057388780736,55.8983164532298,44.9299882292539,35.4531430465931,69.7113647303478,54.8624382719478,57.7049132779127,55.1289802834334,65.0959459013591,62.1798177381491,53.7932995469694,51.6956499952197,63.2813257682305,50.3111534313778,39.0807330940253,63.1497474759305,32.3704278626737,57.8554247970653,65.097213215076,64.3421495598266,56.7397530940043,54.7167910248391,68.1693027538777,66.1557453226361,49.3886397622096
68.3778817928921,47.4333454987,56.419044001772,63.9972144910578,68.761673571706,68.704627569745,65.3057388780736,55.8983164532298,44.9299882292539,35.4531535879584,69.7113647303478,54.8624382719478,57.7049132779127,55.1289802834334,65.1437803552887,62.1798177381491,53.7932995469694,51.6956499952197,63.2813257682305,50.3111534313778,39.0807330940253,63.1497474759305,32.3704278626737,57.8554247970653,65.0988392391327,64.3422425208194,56.7397530940043,54.7167910248391,68.1693056973124,66.1557453226361,49.5908602400223
68.3779015248466,47.4333454987,56.4205662682493,63.9976103214541,68.761673571706,68.704627569745,65.3070932368064,55.8983164532298,44.9299882292539,35.4531535879584,69.7123486320761,54.8624382719478,57.7049132779127,55.1293658706202,65.1437803552887,62.1798177381491,53.7932995469694,51.6956499952197,63.2813257682305,50.3113005103559,39.0807330940253,63.1497474759305,32.3704278626737,57.8554247970653,65.0988392391327,64.3422425208194,56.7397530940043,54.7222384200569,68.1693056973124,66.1563463664677,50.3482003231601
68.3779015248466,47.4333454987,56.4205662682493,63.9976103214541,68.761673571706,68.704627569745,65.3070932368064,55.8983164532298,44.9830251441254,35.4531535879584,69.7123486320761,54.8624382719478,57.7049132779127,55.1293658706202,65.1437803552887,62.1798177381491,53.7932995469694,51.6956499952197,63.2813257682305,50.3113005103559,39.0807330940253,63.1497474759305,32.3704278626737,57.8554247970653,65.0988392391327,64.3422425208194,56.7397530940043,54.7222384200569,68.1693056973124,66.1563463664677,50.3482003231601
68.3781192262419,47.4333454987,56.4216190320461,63.9976103214541,68.7640345075631,68.7201982039969,65.3070932368064,55.8983164532298,44.9830251441254,35.4531687770575,69.7123486320761,54.8624382719478,57.7049132779127,55.1293658706202,65.1679363796848,62.1798177381491,53.7932995477688,51.6956499952197,63.2813257682305,50.3113005103559,39.0807330940253,63.1497474759305,32.3704278626737,57.8554247970653,65.1055839758059,64.3422425208194,56.7397530940043,54.7222384200569,68.1693056973124,66.1563463664677,50.3482003231601
68.3781192262419,47.4333454987,56.4216190320461,63.9976103214541,68.7640345075631,68.7201982039969,65.3074073463717,55.8983164532298,44.9830251441254,35.4531687770575,69.7123486320761,54.8624382719478,57.7049132779127,55.1293658706202,65.1679363796848,62.1798177381491,53.7932995477688,51.6961841760666,63.2813257682305,50.3113005103559,39.0807330940253,63.1497474759305,32.3704278626737,57.8554247970653,65.1124922186627,64.3422425208194,56.7397530940043,54.7276166125566,68.1693056973124,66.1563463664677,50.3482003231601
68.3781192262419,47.4333454987,56.4216190320461,63.9993662347349,68.7640345075631,68.7201982039969,65.3074073463717,55.8983164532298,45.0306699408094,35.4531687770575,69.7123486320761,54.8624382719478,57.7049132779127,55.1293658706202,65.1679363796848,62.1798177381491,53.793299554333,51.6961841760666,63.2813257682305,50.3113005103559,39.0807330940253,63.1497474759305,32.3704278626737,57.855690848564,65.1150079386386,64.3422425208194,56.7397530940043,54.7276166125566,68.1693056973124,66.1563463664677,50.5925471951593
68.3781476567525,47.4333454987,56.4216190320461,63.9993662347349,68.7662242594182,68.7368401543936,65.3074073463717,55.8983164532298,45.0306699408094,35.4531687770575,69.7123486320761,54.8624382719478,57.7049132779127,55.1293658706202,65.1679363796848,62.1798177381491,53.793299554333,51.6962108468354,63.2813257682305,50.3113005103559,39.0807330940253,63.1641186709509,32.3704278626737,57.855690848564,65.115030740157,64.3422425208194,56.7397530940043,54.7276166125566,68.1693056973124,66.1583937478842,50.5925471951593
68.3781476567525,47.4333454987,56.4216190320461,63.9993662347349,68.7662242594182,68.7368401543936,65.3074073463717,55.8983164532298,45.0306699408094,35.4531687770575,69.7123486320761,54.8624382719478,57.7049132779127,55.1295308247202,65.1679363796848,62.1798177381491,53.793299554333,51.6962108468354,63.2813257682305,50.31190691273,39.0807330940253,63.1641186709509,32.3704278626737,57.855690848564,65.1191201641863,64.3422425208194,56.7397530940043,54.7276166125566,68.1693056973124,66.1583937478842,50.682459190097
68.3782217536657,47.4361583029603,56.4216190320461,63.9993662347349,68.767525739904,68.7368401543936,65.3074073463717,55.8983164532298,45.0720953793438,35.4531687770575,69.7129899050576,54.8624382719478,57.7049132779127,55.1295308247202,65.1679363796848,62.1798177381491,53.793299566916,51.6962108468354,63.2813623095293,50.3121526056184,39.0807330940253,63.1785654788811,32.3704278626737,57.855690848564,65.1191201641863,64.3428786975786,56.7397530940043,54.7307902923971,68.1693089748589,66.1583937478842,50.682459190097
68.3782217536657,47.4361583029603,56.4216190320461,63.9993662347349,68.767525739904,68.7368401543936,65.3074073463717,55.8983164532298,45.0720953793438,35.4531713112059,69.7129899050576,54.8624382719478,57.7076502701386,55.1295308247202,65.1679363796848,62.1798177381491,53.793299566916,51.6962108468354,63.2813623095293,50.3121526056184,39.0807330940253,63.1785654788811,32.3704278626737,57.8557781973852,65.1191201641863,64.3428786975786,56.7397530940043,54.7307902923971,68.1693089748589,66.1605929222735,50.682459190097
68.3782217536657,47.4401498068337,56.4216190320461,63.9993662347349,68.767525739904,68.7468008852563,65.3084478164236,55.8983164532298,45.0720953793438,35.4531713112059,69.7129899050576,54.8624382719478,57.7076502701386,55.1295983188249,65.1679363796848,62.1798177381491,53.7932995749654,51.6962108468354,63.2813623095293,50.3121526056184,39.0807330940253,63.1785654788811,32.3704278626737,57.8557781973852,65.1191201641863,64.3439872655897,56.7397530940043,54.7307902923971,68.1693089748589,66.1605929222735,51.4199296277027
68.3782715543656,47.4401498068337,56.4216190320461,63.9993662347349,68.7684558395069,68.7468008852563,65.3084478164236,55.8983164532298,45.0720953793438,35.4535675517428,69.7129899050576,54.8624382719478,57.7083822937553,55.1295983188249,65.1679363796848,62.1798177381491,53.7932995749654,51.6962108468354,63.2813623095293,50.3121526056184,39.0807330940253,63.1866828949811,32.3704278626737,57.8557781973852,65.1191201641863,64.3439872655897,56.7397530940043,54.733981687433,68.1693089748589,66.1605929222735,51.5871077353185
68.3782715543656,47.4401498068337,56.4216190320461,63.9993662347349,68.7684558395069,68.7468008852563,65.3092889553344,55.8983164532298,45.0720953793438,35.4535675517428,69.7129899050576,54.8624382719478,57.7083822937553,55.1295983188249,65.1698962982486,62.1798177381491,53.7932995749654,51.6962108468354,63.2813623095293,50.3121526056184,39.0807330940253,63.1866828949811,32.3704278626737,57.8557781973852,65.1291758243946,64.3439872655897,56.7397530940043,54.733981687433,68.1693118912454,66.1605929222735,52.4249628512217
68.3782834806573,47.4401498068337,56.4216190320461,63.9999635217942,68.7688971005599,68.7547117353663,65.3092889553344,55.8983164532298,45.1174520264649,35.4535675517428,69.7129899050576,54.8624382719478,57.7083822937553,55.1296022851336,65.1698962982486,62.1798177381491,53.7932995824795,51.6962641858577,63.2813623095293,50.3121526056184,39.0807330940253,63.193967780005,32.3704278626737,57.8560005007823,65.1291758243946,64.3447812607819,56.7397530940043,54.733981687433,68.1693118912454,66.1605929222735,52.5994691457333
68.3782834806573,47.4401498068337,56.4216190320461,63.9999635217942,68.7688971005599,68.7547117353663,65.3092889553344,55.8983164532298,45.1174520264649,35.4535675517428,69.7129899050576,54.8624382719478,57.7083822937553,55.1296022851336,65.1698962982486,62.1798177381491,53.7932995824795,51.6962641858577,63.2813623095293,50.3121526056184,39.0807330940253,63.193967780005,32.3704278626737,57.8560005007823,65.1296090033826,64.3447812607819,56.7397530940043,54.733981687433,68.1693118912454,66.1608793278687,52.7588465974447
68.3782834806573,47.4401498068337,56.4216190320461,63.9999635217942,68.7688971005599,68.7547117353663,65.3101280393045,55.8983164532298,45.1174520264649,35.4535675517428,69.7129899050576,54.8624382719478,57.7105819389145,55.1296022851336,65.1698962982486,62.1798177381491,53.7932995841375,51.6962641858577,63.2813623095293,50.3121526056184,39.0807330940253,63.193967780005,32.3704278626737,57.8560005007823,65.1296090033826,64.3453525414517,56.7444055564211,54.7365633429037,68.1693118912454,66.1608793278687,52.8601545056015
68.3782834806573,47.4401498068337,56.4217959975456,63.9999635217942,68.7710046328167,68.7547117353663,65.3101280393045,55.8983164532298,45.1668932930595,35.4535675517428,69.7225121097474,54.8624382719478,57.7105819389145,55.1296555932077,65.1698962982486,62.1798177381491,53.7932995841375,51.6962641858577,63.2814254927408,50.3121526056184,39.0807330940253,63.1948745748176,32.3704278626737,57.8560005007823,65.1377413028626,64.3453525414517,56.7444055564211,54.7365633429037,68.1693118912454,66.1608793278687,53.3866440384557
68.3782834806573,47.4401498068337,56.4217959975456,63.9999635217942,68.7710046328167,68.7581075771898,65.3107570614701,55.8983164532298,45.1668932930595,35.4535733021062,69.7225121097474,54.8624382719478,57.7112054967966,55.1296555932077,65.1698962982486,62.1798177381491,53.7932995841375,51.6962641858577,63.2814254927408,50.3121526056184,39.0807330940253,63.1948745748176,32.3704278626737,57.856033705286,65.1415965573403,64.3453525414517,56.7444055564211,54.7365633429037,68.1693118912454,66.1629950953068,53.7106146364922
68.3782834806573,47.4401498068337,56.4217959975456,63.9999635217942,68.7729418124875,68.7581075771898,65.3112871626551,55.8983164532298,45.1668932930595,35.4535733021062,69.7225121097474,54.8624382719478,57.7112054967966,55.1296555932077,65.181771598498,62.1798177381491,53.7932995970198,51.6966880264167,63.2814254927408,50.3121526056184,39.0807330940253,63.2005446265806,32.3704278626737,57.856033705286,65.1459617670604,64.3460449205232,56.7444055564211,54.7384129957984,68.1693118912454,66.1629950953068,54.2658526421944
68.378457675645,47.4401498068337,56.4217959975456,63.9999635217942,68.7729418124875,68.7581075771898,65.3112871626551,55.8983164532298,45.1668932930595,35.4535733021062,69.7225121097474,54.8624382719478,57.7112054967966,55.1296776512259,65.181771598498,62.1798177381491,53.7932995970198,51.6966880264167,63.2814254927408,50.3121526056184,39.0807330940253,63.2005446265806,32.3704278626737,57.856033705286,65.1459617670604,64.3460449205232,56.7444055564211,54.7384129957984,68.1693118912454,66.1635322878126,54.482097868694
68.378457675645,47.4401498068337,56.4217959975456,63.9999635217942,68.7729418124875,68.7592923044282,65.3118328785557,55.8983164532298,45.2096995707344,35.4535733021062,69.7225121097474,54.8624382719478,57.7112054967966,55.1296776512259,65.181771598498,62.1798177381491,53.7932996050924,51.6970992818114,63.2814254927408,50.3123775425197,39.0807330940253,63.2005446265806,32.3704278626737,57.856033705286,65.1459617670604,64.3460449205232,56.7483163975666,54.7384129957984,68.1693194433357,66.1635322878126,54.482097868694
68.378457675645,47.4401498068337,56.4222936446008,64.0000641063298,68.7742448772115,68.7592923044282,65.3118328785557,55.8983164532298,45.2096995707344,35.4535733021062,69.7225121097474,54.8624382719478,57.7112054967966,55.1296776512259,65.1846067113522,62.1798177381491,53.7932996050924,51.6970992818114,63.2814254927408,50.3123775425197,39.0807330940253,63.2318333372904,32.3704278626737,57.856033705286,65.1480108353671,64.3469604245336,56.7483163975666,54.7384129957984,68.1693194433357,66.1635322878126,54.7966345978402
68.3786110425132,47.4401498068337,56.4222936446008,64.0000641063298,68.7742448772115,68.7592923044282,65.3118328785557,55.8983164532298,45.2096995707344,35.4536543961279,69.7225121097474,54.8630589630738,57.7151818733634,55.1296776512259,65.1846067113522,62.1798177381491,53.7932996050924,51.6973951122211,63.2814254927408,50.3123775425197,39.0807330940253,63.2318333372904,32.3704278626737,57.8560534532758,65.1525702525624,64.3469604245336,56.7483163975666,54.7415137052693,68.1693194433357,66.1652525560286,55.2864140525904
68.3786110425132,47.4401498068337,56.4232723801526,64.0000641063298,68.7755049100071,68.7592923044282,65.3118328785557,55.8983164532298,45.2096995707344,35.4536543961279,69.7225121097474,54.8630589630738,57.7151818733634,55.1296800802972,65.1846067113522,62.1798177381491,53.793299616964,51.6973951122211,63.2814254927408,50.3123775425197,39.0807330940253,63.2431561215785,32.3704278626737,57.8560534532758,65.155574989923,64.3475802920607,56.7483163975666,54.7415137052693,68.1693194433357,66.1652525560286,56.3253102344873
68.3787030276467,47.4401498068337,56.4232723801526,64.0000641063298,68.7755049100071,68.7594624554012,65.3118328785557,55.8983164532298,45.2387896278494,35.4536543961279,69.7225121097474,54.8630589630738,57.7151818733634,55.1296800802972,65.1846067113522,62.1798177381491,53.793299616964,51.6973951122211,63.2814370643115,50.3123775425197,39.0807330940253,63.2431561215785,32.3704278626737,57.8560534532758,65.1569214999577,64.3475802920607,56.7668599681578,54.7415137052693,68.1693280540256,66.1656027135906,56.3253102344873
68.3787030276467,47.4413314817901,56.4232723801526,64.0006821768511,68.7768046831036,68.7594624554012,65.3118746241311,55.8983164532298,45.2387896278494,35.4539154860706,69.7225121097474,54.8630589630738,57.7151818733634,55.1296800802972,65.1846067113522,62.1883006303871,53.7932996325095,51.697974817404,63.2814370643115,50.3123868886937,39.0807330940253,63.2431561215785,32.3704278626737,57.8560534532758,65.1569214999577,64.3475802920607,56.7668599681578,54.7426740986171,68.1693280540256,66.1656027135906,56.6314427962848
68.3787030276467,47.4413314817901,56.4232723801526,64.0006821768511,68.7768046831036,68.7594624554012,65.3118746241311,55.8983164532298,45.2387896278494,35.4539154860706,69.7225121097474,54.8630589630738,57.7151818733634,55.1296800802972,65.1846067113522,62.1964479157136,53.7932996325095,51.697974817404,63.2814370643115,50.3125998823379,39.0807330940253,63.2448906466916,32.3747149294889,57.856152090182,65.1634113219106,64.3480065130357,56.7668599681578,54.7426740986171,68.1693280540256,66.1656027135906,56.914515091661
68.3789003466584,47.4413314817901,56.4232723801526,64.0006821768511,68.7768046831036,68.7594624554012,65.3119183023828,55.8983164532298,45.2387896278494,35.4539154860706,69.7225121097474,54.8630589630738,57.7151818733634,55.1296800802972,65.1846067113522,62.1964479157136,53.7932996325095,51.6983631696245,63.2815605257096,50.3125998823379,39.0807330940253,63.2448906466916,32.3747149294889,57.856152090182,65.1735194830458,64.3480065130357,56.7863453242522,54.7426740986171,68.1693280540256,66.1656027135906,56.914515091661
68.3789003466584,47.4473317005454,56.4232723801526,64.0006821768511,68.7806696882626,68.7594624554012,65.3121123923095,55.8983164532298,45.2702591746431,35.4540642696578,69.7225121097474,54.8630589630738,57.7151818733634,55.1296800802972,65.1882633346542,62.1964479157136,53.7932996325095,51.6986095350031,63.2815605257096,50.3125998823379,39.0807330940253,63.2448906466916,32.3825675045792,57.856152090182,65.1735194830458,64.3487055326133,56.7863453242522,54.7426740986171,68.1693284056158,66.1656027135906,57.1590542191818
68.3789003466584,47.4473317005454,56.4232723801526,64.0008249732386,68.7806696882626,68.7594624554012,65.3121123923095,55.8983164532298,45.2702591746431,35.4540642696578,69.7225121097474,54.8630589630738,57.7151818733634,55.1296800802972,65.1882633346542,62.1964479157136,53.7932996580606,51.6986095350031,63.2815605257096,50.3125998823379,39.0807330940253,63.2448906466916,32.3825675045792,57.856152090182,65.1735194830458,64.3487055326133,56.797272446869,54.7429905769727,68.1693284056158,66.1663726493916,57.4353986990883
68.379002804582,47.4473317005454,56.4232723801526,64.0008249732386,68.7827954583942,68.7613129954581,65.3121123923095,55.8983164532298,45.2702591746431,35.4543530368841,69.7225121097474,54.8630589630738,57.7151818733634,55.1296879798555,65.1882633346542,62.1964479157136,53.7932996580606,51.698956893691,63.2815605257096,50.3125998823379,39.0807330940253,63.2487748477675,32.3825675045792,57.8565290283429,65.1767555257878,64.3487055326133,56.797272446869,54.7429905769727,68.1693284056158,66.1663726493916,57.5839495467368
68.379002804582,47.4493881862969,56.4232723801526,64.0008249732386,68.7827954583942,68.7613129954581,65.3124117689603,55.8983164532298,45.2951303984835,35.4543530368841,69.7254094715006,54.8630589630738,57.7151818733634,55.1296879798555,65.1882633346542,62.1964479157136,53.7932996762452,51.698956893691,63.2816469689902,50.3125998823379,39.0823825514905,63.2487748477675,32.3895000300092,57.8565290283429,65.1767555257878,64.3497046151087,56.797272446869,54.7429905769727,68.1693284056158,66.1663726493916,57.6456393140726
68.379002804582,47.4493881862969,56.4237225305225,64.0008249732386,68.7827954583942,68.7613129954581,65.3124117689603,55.8983164532298,45.2951303984835,35.4543530368841,69.7254094715006,54.8630589630738,57.7151818733634,55.1296879798555,65.1882633346542,62.1964479157136,53.7932996762452,51.698956893691,63.2816469689902,50.3126562136449,39.0823825514905,63.2487748477675,32.3895000300092,57.8565290283429,65.1767555257878,64.3497046151087,56.797272446869,54.7434047471474,68.1693431988802,66.1663726493916,57.7724152285958
68.3790554367675,47.4493881862969,56.4237225305225,64.0008249732386,68.784234826327,68.7637304720341,65.312945591418,55.8983164532298,45.2951303984835,35.4544409200455,69.7327663721134,54.8641576143018,57.7151818733634,55.1296879798555,65.1882633346542,62.1964479157136,53.7932996762452,51.698956893691,63.2816469689902,50.3126562136449,39.0823825514905,63.2562282141165,32.3967071526506,57.8568277697085,65.1805861916042,64.350951340347,56.797272446869,54.7434047471474,68.1693431988802,66.1663726493916,57.7779293902378
68.3790554367675,47.4493881862969,56.4237225305225,64.0008249732386,68.784234826327,68.7637304720341,65.312945591418,55.8983164532298,45.2951303984835,35.4544409200455,69.7327663721134,54.8641576143018,57.7151818733634,55.1296955417994,65.1882633346542,62.1964479157136,53.7932997028909,51.6993360843862,63.2817023259544,50.3126562136449,39.0823825514905,63.2562282141165,32.3967071526506,57.8568277697085,65.1805861916042,64.350951340347,56.797272446869,54.7434047471474,68.1693431988802,66.1663726493916,57.7779293902378
68.3791050709566,47.4493881862969,56.4237225305225,64.0008249732386,68.7863442936454,68.7637304720341,65.3132324315026,55.8983164532298,45.2951303984835,35.4544409200455,69.7407103482691,54.8641576143018,57.7151818733634,55.1296955417994,65.1979181804431,62.1964479157136,53.7932997028909,51.6993360843862,63.2817023259544,50.3126562136449,39.0823825514905,63.2587190918505,32.3967071526506,58.0181703903357,65.1805861916042,64.350951340347,56.797272446869,54.7434047471474,68.1693431988802,66.1667961637075,57.7779293902378
68.3791050709566,47.4493881862969,56.4237225305225,64.0008249732386,68.7863442936454,68.7642340926276,65.3132324315026,55.8983164532298,45.319250341726,35.4547596242189,69.7407103482691,54.8641576143018,57.7151818733634,55.1296955417994,65.1979181804431,62.1964479157136,53.793299747401,51.6993360843862,63.2817023259544,50.3126562136449,39.0823825514905,63.2587190918505,32.3967071526506,58.0181703903357,65.1812743052678,64.3519757425654,56.797272446869,54.7453452950361,68.1693442646422,66.1667961637075,57.795372801647
68.3791050709566,47.4493881862969,56.4237225305225,64.0008249732386,68.7876363545895,68.7642340926276,65.3139311966684,55.8983164532298,45.319250341726,35.4547596242189,69.7407103482691,54.8641576143018,57.7151818733634,55.1297072956946,65.1979181804431,62.2042307824714,53.793299747401,51.6993360843862,63.2817023259544,50.3127079769688,39.0823825514905,63.2587190918505,32.3967071526506,58.0181703903357,65.1913344154504,64.3519757425654,56.797272446869,54.7453452950361,68.1693442646422,66.1670536799154,57.795372801647
68.3791405254562,47.4493881862969,56.4237225305225,64.0008249732386,68.7876363545895,68.7642340926276,65.3139311966684,55.8983164532298,45.319250341726,35.4547596242189,69.7407103482691,54.8641576143018,57.7151818733634,55.1297072956946,65.2113487422013,62.2042307824714,53.793299747401,51.6993360843862,63.2817554401148,50.3127111551835,39.0823825514905,63.2589480095853,32.3967071526506,58.0181703903357,65.1913344154504,64.3529174300013,56.797272446869,54.7453452950361,68.1693442646422,66.1670536799154,57.8521561934426
68.3791405254562,47.4493881862969,56.4237225305225,64.0008249732386,68.7884423936559,68.7647876552784,65.3143198899022,55.8983164532298,45.319250341726,35.4549424881576,69.7407103482691,54.8641576143018,57.7151818733634,55.1297072956946,65.2113487422013,62.2072983093477,53.7932997711011,51.6993777663339,63.2817554401148,50.3127111551835,39.0823825514905,63.2589480095853,32.3967071526506,58.0181703903357,65.195998026593,64.3529174300013,56.797272446869,54.7453452950361,68.1693442646422,66.1670536799154,57.8619328758935
68.3791405254562,47.4493881862969,56.4237225305225,64.0008249732386,68.7884423936559,68.7647876552784,65.3143198899022,55.8983164532298,45.3344961406481,35.4549424881576,69.7407103482691,54.8641576143018,57.7151818733634,55.1297072956946,65.2113487422013,62.2072983093477,53.7932997711011,51.6993777663339,63.2817554401148,50.3127111551835,39.0823825514905,63.2589480095853,32.3967071526506,58.0181703903357,65.195998026593,64.3529174300013,56.797272446869,54.7465365166852,68.1693502687747,66.1672775362642,57.8619328758935
68.3791582762335,47.4493881862969,56.423786487693,64.0008249732386,68.7889559499609,68.7647876552784,65.3147146823348,55.8983164532298,45.3344961406481,35.4550494345292,69.7407103482691,54.8641576143018,57.717696204857,55.1297075284363,65.2113487422013,62.2072983093477,53.7932998446641,51.6993777663339,63.2817554401148,50.3127111551835,39.0823825514905,63.2589480095853,32.3967071526506,58.0181703903357,65.2094631524326,64.3539996765151,56.797272446869,54.7465365166852,68.1693502687747,66.1672775362642,57.8619328758935
68.3791582762335,47.4493881862969,56.423786487693,64.0008249732386,68.7889559499609,68.7718898608259,65.3147146823348,55.8983164532298,45.3344961406481,35.4550494345292,69.7407103482691,54.8641576143018,57.717696204857,55.1297075284363,65.2291765020657,62.2072983093477,53.7932998446641,51.6993777663339,63.2817554401148,50.3127111551835,39.0823825514905,63.2589480095853,32.3967071526506,58.3205520969751,65.2094631524326,64.3539996765151,56.797272446869,54.7465365166852,68.1693502687747,66.1679915439047,57.8669317922496
68.3791582762335,47.4493881862969,56.4239297752002,64.0008249732386,68.7892903461143,68.7718898608259,65.3152673920998,55.8983164532298,45.3344961406481,35.4550494345292,69.7407103482691,54.8641576143018,57.7191985892831,55.1297075284363,65.2291765020657,62.2072983093477,53.7932998446641,51.6993777663339,63.2817554401148,50.3127111551835,39.0830155378954,63.2604828563169,32.3967071526506,58.4977382543315,65.2094631524326,64.355037444663,56.8225054759148,54.7465365166852,68.1693502687747,66.1679915439047,57.8669317922496
68.3791692729654,47.4493881862969,56.4239297752002,64.0008249732386,68.7892903461143,68.7718898608259,65.3157767671139,55.8983164532298,45.3528721339232,35.4551133581239,69.7407103482691,54.8660351111478,57.7191985892831,55.1297239064237,65.2291765020657,62.2072983093477,53.7932998794737,51.6993777663339,63.2817554401148,50.3127773162564,39.0847851824669,63.2604828563169,32.3967071526506,58.4977382543315,65.2094631524326,64.355037444663,56.8225054759148,54.7472802835787,68.1693670283285,66.1679915439047,57.8669317922496
68.3791692729654,47.4493881862969,56.4239297752002,64.0008249732386,68.7897357096813,68.7782450844975,65.3157767671139,55.8983164532298,45.3528721339232,35.4551133581239,69.7407103482691,54.8660351111478,57.7191985892831,55.1297239064237,65.2550046053935,62.2072983093477,53.7932998794737,51.6994474998596,63.2820739580885,50.3128099541414,39.0847851824669,63.2655927241056,32.4047029396258,58.4977382543315,65.2214492525529,64.355037444663,56.8393020182022,54.7472802835787,68.1693670283285,66.1679915439047,57.867097929607
68.3791843482812,47.4493881862969,56.4239443309652,64.0008249732386,68.7897357096813,68.7782450844975,65.3161228047336,55.8983164532298,45.3528721339232,35.4551524833955,69.7407103482691,54.8660351111478,57.7201157322989,55.1297239064237,65.2550046053935,62.2072983093477,53.7932999098314,51.6994474998596,63.2820739580885,50.3128176887493,39.0847851824669,63.2655927241056,32.4047029396258,58.6022209250343,65.2214492525529,64.3558488810295,56.8393020182022,54.7472802835787,68.1693670283285,66.1679915439047,57.867097929607
68.3791843482812,47.4493881862969,56.4239443309652,64.0008249732386,68.7899011712483,68.7782450844975,65.3167205835412,55.8983164532298,45.3528721339232,35.4551524833955,69.7407103482691,54.8660351111478,57.7201157322989,55.1297239064237,65.2550046053935,62.2104507417228,53.7932999098314,51.6995116726275,63.2820739580885,50.3128176887493,39.0847851824669,63.2655927241056,32.4092604870035,58.6022209250343,65.2297615050777,64.3558488810295,56.8393020182022,54.7472802835787,68.1693670283285,66.1679915439047,57.8702206683808
68.3791843482812,47.4493881862969,56.4239443309652,64.0008249732386,68.7899011712483,68.780304621251,65.3167205835412,55.8983164532298,45.3528721339232,35.4551524833955,69.7407103482691,54.8660351111478,57.72068885525,55.1297312417363,65.2550046053935,62.2104507417228,53.7932999098314,51.6995116726275,63.2820739580885,50.3128176887493,39.0847851824669,63.2699343989059,32.4092604870035,58.6646846139322,65.2297615050777,64.3560627827791,56.8403160512241,54.7477541830077,68.1693711064764,66.1680226783809,57.8754705088881
68.3792062139249,47.4493881862969,56.4239443309652,64.0009032849635,68.7901378695128,68.780304621251,65.3167205835412,55.8983164532298,45.3688449529304,35.4551770276065,69.7407103482691,54.8660351111478,57.72068885525,55.1297312417363,65.2550046053935,62.2105243296212,53.7932999866846,51.6995116726275,63.2821791503574,50.3128530525562,39.0847851824669,63.2733657882914,32.4092604870035,58.6646846139322,65.2297615050777,64.3560627827791,56.8403160512241,54.7477541830077,68.1693711064764,66.1680226783809,57.8754705088881
68.3792062139249,47.4493881862969,56.4239443309652,64.0009032849635,68.7902854821305,68.780304621251,65.3171160350543,55.8983164532298,45.3688449529304,35.4551770276065,69.7407103482691,54.8660351111478,57.72068885525,55.1297312417363,65.2550046053935,62.2105243296212,53.7932999866846,51.6995116726275,63.2821791503574,50.3128530525562,39.0847851824669,63.2733657882914,32.4171905350501,58.6646846139322,65.2375600393319,64.3560627827791,56.8403160512241,54.7477541830077,68.1693711064764,66.1681634285472,57.8754705088881
68.3792062139249,47.4493881862969,56.4239443309652,64.0009032849635,68.7902854821305,68.7834882493545,65.3171160350543,55.8983164532298,45.3688449529304,35.4551770276065,69.7474600753912,54.8660351111478,57.72068885525,55.1297312417363,65.2550046053935,62.2105243296212,53.7933000095911,51.6995116726275,63.2821791503574,50.3128530525562,39.0847851824669,63.280235654625,32.4171905350501,58.7228077513299,65.2375600393319,64.3560627827791,56.86142210167,54.7477541830077,68.1693711064764,66.1681634285472,57.9128959462599
68.3792266314087,47.4493881862969,56.4239443309652,64.0009032849635,68.7908553244148,68.7834882493545,65.3181386205369,55.8983164532298,45.3688449529304,35.4553032836153,69.7474600753912,54.8660351111478,57.72068885525,55.1297312417363,65.2684566945537,62.2105243296212,53.7933000095911,51.6995414118759,63.2821791503574,50.3128530525562,39.0847851824669,63.2863821960494,32.425659491494,58.7228077513299,65.24647106353,64.3560627827791,56.86142210167,54.7488175234308,68.1693850373183,66.1681634285472,57.9128959462599
68.3792266314087,47.4493881862969,56.4239473311412,64.0011959243566,68.7908553244148,68.7834882493545,65.3181386205369,55.8983164532298,45.3863762965247,35.4553032836153,69.7474600753912,54.8660351111478,57.72068885525,55.1297312417363,65.2684566945537,62.2105243296212,53.7933000095911,51.6995414118759,63.2822710016834,50.3128530525562,39.0847851824669,63.2863821960494,32.425659491494,58.7228077513299,65.24647106353,64.3560627827791,56.86142210167,54.7488175234308,68.1693850373183,66.1681634285472,57.9128959462599
68.3792558809985,47.4493881862969,56.4239473311412,64.0011959243566,68.7908553244148,68.7868411112276,65.3190494730618,55.8983164532298,45.3863762965247,35.4553427477925,69.7474600753912,54.8660351111478,57.72068885525,55.1297312417363,65.2684566945537,62.2105243296212,53.7933000416935,51.6995414118759,63.2822710016834,50.3128768894213,39.0847851824669,63.292128201872,32.425659491494,58.7228077513299,65.24647106353,64.3565600950035,56.8728253099599,54.7488175234308,68.1693850373183,66.1681634285472,57.9128959462599
49.7359014700675,35.9473152200279,50.2507233745335,32.4907770485732,45.10227070459,33.896999869881,63.3420274235589,55.8009633892273,30.3890661756882,27.5513148649807,49.3317335827259,39.6333140755629,55.7650205254517,48.0203185836124,35.3316468239872,52.3420698546728,49.9575277434942,55.0457364673296,29.8580927296137,48.6454877583486,32.1210735479514,55.9813783304867,34.3464058711158,49.4795359925645,27.0579535656407,18.7012617671192,35.392886019537,29.9296446202971,56.8630233242751,47.5881573384459,52.7463731756825
51.8575866067167,35.9473152200279,53.0882916783272,33.6701052176973,47.2546220137781,51.3320196619713,63.3420274235589,55.8009633892273,30.3890661756882,27.8095955899887,50.5811996949352,39.6333140755629,55.7650205254517,48.0203185836124,62.0364739547515,52.3420698546728,49.9575277434942,55.0457364673296,29.8580927296137,48.6454877583486,32.1210735479514,55.9813783304867,34.3464058711158,49.4795359925645,27.0579535656407,58.6354712050996,35.392886019537,29.9296446202971,58.3646442312902,47.5881573384459,52.7463731756825
53.2367020356431,36.6132899518255,53.0882916783272,55.9719476549701,53.4873923923878,57.6589299599463,63.3420274235589,56.9167562051682,30.3890661756882,27.8095955899887,51.2966458279744,39.6333140755629,55.767672697049,48.0203185836124,62.0364739547515,52.3533758295124,49.9575277434942,55.8787420736284,54.4444830962724,48.6454877583486,33.1245350958112,56.6280077215873,34.3464058711158,49.4795359925645,60.7849066058413,58.6354712050996,35.4728570329646,38.0603625483531,58.3646442312902,51.5313425227981,52.7463731756825
56.242026039221,36.6132899518255,53.0882916783272,55.9719476549701,53.4873923923878,57.6589299599463,63.3420274235589,56.9167562051682,30.3890661756882,27.8095955899887,52.1468573201331,39.6333140755629,55.7695756333147,48.0203185836124,62.0364739547515,52.361355305656,49.9575277434942,55.8787420736284,54.4444830962724,48.6454877583486,33.5467306020492,56.8934696166947,34.3464058711158,49.4795359925645,60.7849066058413,58.6354712050996,36.9668721152013,38.0603625483531,58.3646442312902,51.5313425227981,52.7463731756825
56.242026039221,36.6132899518255,53.0882916783272,55.9719476549701,55.0029618425745,57.6589299599463,63.3420274235589,56.9167562051682,31.1834480682823,28.1492998701675,52.1468573201331,39.6333140755629,55.7695756333147,48.0203185836124,62.0364739547515,52.361355305656,49.9575277434942,55.8787420736284,54.4444830962724,48.6454877583486,33.5467306020492,56.8934696166947,35.6731909765118,49.4795359925645,62.3183856907488,59.5022693856458,36.9668721152013,38.0603625483531,58.3646442312902,51.5313425227981,52.7463731756825
56.242026039221,36.6132899518255,53.0882916783272,55.9719476549701,55.0029618425745,58.7062139431468,63.3429242991697,58.1268566967803,31.1834480682823,28.1492998701675,52.20450887098,40.5854421572294,56.8419233937374,48.0203185836124,62.0364739547515,52.3670338311393,52.634894695438,56.1137987542943,54.4444830962724,48.6454877583486,33.5467306020492,56.8934696166947,35.6731909765118,50.7175227356566,62.3183856907488,59.5022693856458,36.9668721152013,40.7607834552082,58.7982748110473,51.5313425227981,52.7463731756825
56.242026039221,37.4725688998987,53.0882916783272,57.4718388776515,58.392369185641,58.7561173139618,63.3435786991922,58.346000992027,31.1834480682823,29.1384590131635,52.20450887098,40.5854421572294,57.541982254518,48.4783897293014,62.0692114141368,52.8435553431642,52.634894695438,56.1137987542943,54.4844476049295,48.6454877583486,33.5467306020492,56.8934696166947,35.6731909765118,50.7175227356566,63.3524009757283,59.940811802712,37.8889920956465,40.7607834552082,58.7982748110473,51.5313425227981,52.7463731756825
56.242026039221,37.4725688998987,53.6693065436053,59.0270047311176,58.392369185641,58.7561173139618,63.7841599267526,58.346000992027,31.1834480682823,29.1384590131635,52.20450887098,40.5854421572294,57.541982254518,48.4783897293014,62.8610318053113,52.8435553431642,52.7581253642906,56.4414849930512,54.5392865548224,50.8944101174881,33.5467306020492,57.4756911355906,35.6731909765118,50.7175227356566,63.3524009757283,59.940811802712,37.8889920956465,40.7607834552082,58.7982748110473,51.7978915863059,52.7463731756825
58.1023663270856,37.4847223860169,54.1601357405651,59.0270047311176,58.392369185641,58.9352333679609,63.7841599267526,58.346000992027,31.3879549758293,29.7935311715043,52.8285136274079,40.80485197482,57.541982254518,48.4783897293014,62.8610318053113,52.8435553431642,52.7581253642906,56.4414849930512,54.5392865548224,50.8944101174881,34.7404377678961,57.4756911355906,35.6731909765118,50.8326950026952,63.3524009757283,59.940811802712,38.3058344876624,42.0843834384013,58.7982748110473,55.9660639460434,53.7157463566779
58.1023663270856,38.0800184106128,54.1601357405651,59.0270047311176,58.392369185641,58.9352333679609,64.0222237925512,59.1776837836417,31.3879549758293,29.9572646295953,52.8285136274079,40.8914058675716,58.1861427617319,48.4783897293014,62.8610318053113,52.8435553431642,52.7581253642906,56.4414849930512,54.5392865548224,50.8944101174881,34.7404377678961,58.0398613225101,35.6731909765118,50.8326950026952,63.3524009757283,59.940811802712,38.7663595740629,43.3219416631814,59.6078851529396,56.4100883926694,55.0319478719385
59.2630646006326,38.0800184106128,54.1601357405651,59.9651547624602,58.392369185641,58.9352333679609,64.0222237925512,59.1776837836417,31.3879549758293,29.9572646295953,52.8285136274079,40.8914058675716,58.1861427617319,49.8729132851043,62.8610318053113,52.8435553431642,52.7581253642906,56.9155905909821,54.8854597562915,50.8944101174881,34.7404377678961,58.0398613225101,36.1072336700909,50.8326950026952,64.4741428659743,59.940811802712,38.7663595740629,43.3219416631814,59.6078851529396,56.4100883926694,55.8714528800453
59.2630646006326,38.3639497685216,54.3537398793269,60.6138564277506,58.392369185641,58.9352333679609,64.0342953422999,59.1776837836417,32.0134291191055,29.9572646295953,53.0950451351577,40.8914058675716,58.1861427617319,49.8729132851043,64.1366367930907,53.311012883411,53.4521394317456,56.9155905909821,54.8854597562915,50.8944101174881,34.7404377678961,58.0398613225101,36.1072336700909,50.8326950026952,64.4741428659743,61.2777389422733,38.7663595740629,43.3219416631814,59.6078851529396,57.8368288713568,55.8714528800453
62.5469444744412,38.3639497685216,55.613681868925,60.6761397060106,58.392369185641,58.9352333679609,64.1960548574677,59.2733116024279,32.0237211951973,29.9572646295953,53.7245873078702,40.8914058675716,58.1861427617319,49.8729132851043,64.4265816126694,53.311012883411,54.9463781572713,57.7113342554964,54.8854597562915,50.8944101174881,34.7630913382071,58.0398613225101,36.1072336700909,50.8326950026952,64.4741428659743,61.2777389422733,38.7663595740629,43.3219416631814,59.6078851529396,57.8368288713568,55.8714528800453
62.5469444744412,38.3639497685216,55.613681868925,60.6761397060106,58.392369185641,60.1205135881158,64.1960548574677,59.2733116024279,32.386616586696,29.9572646295953,53.7245873078702,40.9390806206012,58.1861427617319,51.0672703389427,64.4265816126694,53.311012883411,56.4153662645798,58.7130455909115,54.8854597562915,50.8944101174881,34.7630913382071,58.4016522300877,36.1072336700909,50.8326950026952,64.4741428659743,61.2777389422733,38.7663595740629,43.9737073765278,59.6078851529396,57.8368288713568,55.8714528800453
62.8810437707312,38.3639497685216,55.613681868925,60.6761397060106,58.5763344781469,60.1205135881158,64.7049235259826,59.2733116024279,32.386616586696,29.9572646295953,54.3101045825294,40.9655772126001,58.1861427617319,51.0672703389427,64.4265816126694,53.8632409563443,56.4153662645798,58.7130455909115,54.8854597562915,50.8944101174881,35.406440690679,58.5663955326312,36.1072336700909,51.2926002077153,65.0207759137687,61.2777389422733,38.7663595740629,44.7257294352578,59.6078851529396,57.8368288713568,55.8714528800453
63.3822386166882,38.7846801937217,55.613681868925,61.0965397145119,58.5763344781469,60.1205135881158,64.7895805888449,59.2733116024279,32.386616586696,30.4774220190478,54.9086673137612,40.9655772126001,58.7407331639933,51.0672703389427,64.4265816126694,54.96912092512,56.4153662645798,59.0387064425404,54.8854597562915,50.8944101174881,36.0636333085388,58.5663955326312,36.1072336700909,51.6949943935879,65.0207759137687,61.4021714847672,38.7663595740629,44.7257294352578,59.6078851529396,59.506575502466,56.2820138726533
63.3822386166882,38.7846801937217,56.2549891148076,61.0965397145119,58.5763344781469,60.1205135881158,65.3306923242004,59.2733116024279,32.386616586696,30.4774220190478,54.9086673137612,40.9655772126001,58.7407331639933,51.0672703389427,64.4265816126694,54.96912092512,57.2771017275619,59.0387064425404,56.4062115057777,50.8944101174881,36.0636333085388,58.5663955326312,36.1072336700909,51.6949943935879,65.0207759137687,61.4021714847672,38.7663595740629,44.7257294352578,60.2606730523677,59.506575502466,56.2820138726533
63.3822386166882,39.5637115168307,56.2549891148076,61.0965397145119,59.2876273376705,60.4657854930644,65.3306923242004,59.3267847137433,32.386616586696,30.9388028923843,55.2499410889928,40.9655772126001,58.7407331639933,51.269967927475,64.6049721324692,54.96912092512,57.5661851694879,59.0387064425404,56.69109902067,50.8944101174881,36.7226882311689,58.5663955326312,36.1451582330197,51.9334745939451,65.0391493929712,61.4021714847672,38.7663595740629,44.8623232518075,60.2606730523677,59.506575502466,56.2820138726533
63.3822386166882,39.5637115168307,56.2549891148076,61.0965397145119,60.1072538093732,60.4657854930644,65.3306923242004,59.3267847137433,32.386616586696,30.9388028923843,55.2499410889928,40.9655772126001,59.1710071489916,51.269967927475,64.6049721324692,55.5506932509438,57.5661851694879,59.0387064425404,57.7651496395775,50.8944101174881,37.0620490234442,58.5663955326312,36.1451582330197,51.9334745939451,65.0391493929712,61.4021714847672,38.978535936433,44.8623232518075,60.2606730523677,59.506575502466,56.2820138726533
63.6759743567031,39.5637115168307,56.7611879014253,61.0965397145119,60.1072538093732,60.4657854930644,65.3306923242004,59.3267847137433,32.386616586696,30.9388028923843,55.2499410889928,40.9655772126001,59.1710071489916,51.5172439534072,64.6049721324692,55.5506932509438,57.5661851694879,59.5487726232868,57.7651496395775,50.8944101174881,37.0620490234442,58.5930505285361,36.1451582330197,51.9952997500703,65.1665361957438,61.4021714847672,38.978535936433,47.4868987032511,60.2606730523677,59.506575502466,56.2820138726533
63.6759743567031,39.5637115168307,56.7611879014253,61.0965397145119,60.1962339141583,60.4657854930644,65.3306923242004,59.7636650715045,32.386616586696,31.3708534545406,55.2499410889928,40.9804820464394,59.1710071489916,51.5172439534072,64.6049721324692,56.4865683725689,57.7629499686538,59.5487726232868,57.7651496395775,51.3907051131717,37.3087041994064,58.5930505285361,36.3454593039547,51.9952997500703,65.1665361957438,61.4021714847672,39.4047511403261,50.084841615978,60.5045696932537,59.506575502466,57.7464583077495
64.0083794159299,40.4332481399067,56.9047699205708,63.8959052290576,60.1962339141583,60.4657854930644,65.3306923242004,59.7636650715045,32.386616586696,31.3708534545406,55.2846117081224,40.9889946812974,59.1710071489916,51.5172439534072,65.0570768718501,56.4865683725689,58.2442144854933,59.5487726232868,58.5296411855965,51.9550396483047,37.6121400015764,58.7305076523585,36.4365243611475,51.9952997500703,65.1665361957438,61.4021714847672,39.4047511403261,50.084841615978,60.5045696932537,59.506575502466,57.7464583077495
64.4862397078146,40.4332481399067,56.9047699205708,63.8959052290576,62.3366951891332,60.8852879553448,65.3306923242004,59.7636650715045,32.386616586696,31.3708534545406,55.2846117081224,44.2203407474606,59.1710071489916,51.5172439534072,65.0570768718501,56.4865683725689,58.2442144854933,59.5487726232868,58.5296411855965,51.9550396483047,37.6121400015764,58.7305076523585,36.4365243611475,51.9952997500703,65.649852274605,61.4021714847672,39.4047511403261,51.3325061356561,60.5045696932537,59.506575502466,57.7464583077495
64.5482424032001,40.4657236009387,56.9047699205708,63.8959052290576,62.3366951891332,61.413506205212,65.3306923242004,59.7636650715045,32.386616586696,31.4985730499703,55.5550086094111,44.2203407474606,59.3900345460611,51.5172439534072,65.0570768718501,57.1531284281386,58.2442144854933,59.5487726232868,58.6177008403998,51.9550396483047,37.6121400015764,58.7961343418107,36.4365243611475,52.0998129870606,65.649852274605,62.0800054230213,39.4047511403261,52.6597355224948,60.5045696932537,59.506575502466,58.1561710621657
65.0394856664392,40.4657236009387,57.5027639759444,63.8959052290576,62.3366951891332,61.413506205212,65.8894554853574,59.8500229885671,32.5727911772002,31.4985730499703,55.8099981781421,44.2203407474606,59.3900345460611,51.5172439534072,65.0570768718501,57.1531284281386,58.2442144854933,59.5487726232868,58.6177008403998,51.9550396483047,37.8797248742146,58.7961343418107,36.5037349710258,52.0998129870606,65.649852274605,62.0800054230213,39.4047511403261,52.6597355224948,61.0999735396047,59.506575502466,58.1561710621657
65.0394856664392,40.4657236009387,58.1592211754967,64.6152778371781,63.4429654383642,61.413506205212,65.8894554853574,59.8500229885671,32.5727911772002,31.8085031136134,55.8099981781421,44.2203407474606,59.3900345460611,51.5172439534072,65.0570768718501,57.1531284281386,58.2442144854933,59.5487726232868,58.6177008403998,52.3166467355133,37.8797248742146,59.1071815983334,36.5037349710258,52.0998129870606,65.649852274605,62.0800054230213,39.4047511403261,52.6597355224948,61.6969480887551,59.506575502466,58.1561710621657
65.0903128733772,40.4657236009387,58.1592211754967,64.6152778371781,63.8188645014082,61.413506205212,66.1029957298608,60.0954430969032,32.5727911772002,31.8085031136134,55.8099981781421,44.2203407474606,59.3900345460611,51.5172439534072,65.0570768718501,57.1531284281386,58.2442144854933,59.5487726232868,58.6177008403998,52.6608329694463,38.0772606767873,59.1071815983334,36.6188675869604,52.0998129870606,65.6643386559653,62.0800054230213,39.5664985305141,52.6597355224948,61.6969480887551,59.506575502466,58.1561710621657
65.0903128733772,41.1205940948721,58.1592211754967,64.6152778371781,63.8188645014082,61.8216008498594,66.1029957298608,60.1975883884003,32.5727911772002,31.8085031136134,56.0134136787578,45.0043049291233,59.3900345460611,51.5172439534072,65.3182137988737,57.1531284281386,58.2442144854933,59.5487726232868,58.7522110235922,52.6608329694463,38.3620897683743,59.1071815983334,36.9566829871381,52.142251336328,65.6643386559653,62.4376870124389,39.5664985305141,53.3003006174407,61.6969480887551,59.506575502466,58.1561710621657
65.173315265817,41.1205940948721,58.2650256017321,64.6152778371781,63.8188645014082,61.8216008498594,66.1029957298608,60.1975883884003,32.5727911772002,32.2909289674568,56.0134136787578,46.3056444395628,59.3900345460611,51.5172439534072,65.3182137988737,57.1531284281386,58.2442144854933,59.5662191107541,58.7522110235922,52.6608329694463,38.3620897683743,59.1071815983334,36.9566829871381,52.142251336328,66.2145687670863,62.6021865420807,39.5664985305141,53.787769008795,61.6969480887551,59.506575502466,58.3079521985482
65.173315265817,41.5998126111209,58.2650256017321,64.6152778371781,64.0233733572257,61.8216008498594,66.3743059159197,60.2224697575352,32.5727911772002,32.2909289674568,56.0134136787578,46.9374517371376,59.3900345460611,51.6758382104787,65.3182137988737,57.1531284281386,58.2442144854933,59.5662191107541,58.7522110235922,52.6608329694463,38.5473645908556,59.1071815983334,36.9566829871381,52.142251336328,66.2494100221221,62.6021865420807,39.5664985305141,53.787769008795,61.6969480887551,59.506575502466,58.3079521985482
65.2050731678709,41.5998126111209,58.2650256017321,64.6152778371781,64.6260030120784,61.8216008498594,66.7625031304897,60.4428438003218,32.5739864074516,33.3425719229242,56.1739503603115,46.9374517371376,59.3900345460611,51.780320481943,65.3182137988737,57.3284472783664,58.325143173364,59.8993636516735,58.7522110235922,52.6608329694463,38.5548280358163,59.1071815983334,37.8885565481784,52.5540391932987,66.2494100221221,62.6021865420807,39.8532803593047,53.787769008795,61.6969480887551,59.506575502466,58.3567692342459
65.2050731678709,41.5998126111209,58.2650256017321,64.6152778371781,64.6260030120784,61.8216008498594,66.7625031304897,60.4428438003218,32.7739005614754,34.6624050481052,56.1739503603115,46.9374517371376,60.0178059616295,51.780320481943,65.3182137988737,57.3284472783664,58.325143173364,59.8993636516735,58.7522110235922,52.6608329694463,38.5548280358163,59.1071815983334,37.8885565481784,52.6110362329889,66.2494100221221,62.6021865420807,39.8532803593047,54.4360473802808,61.6969480887551,59.6913428966104,58.3567692342459
65.5271633291669,41.5998126111209,58.2650256017321,64.9319424134925,64.6260030120784,62.1772723740311,66.7625031304897,60.4428438003218,32.7739005614754,35.195354405644,56.1739503603115,46.9374517371376,60.0178059616295,51.780320481943,65.3182137988737,57.6657887470199,58.4107138284429,59.8993636516735,58.8351930940864,52.9205725565875,38.5548280358163,59.1071815983334,37.8885565481784,52.6110362329889,66.2494100221221,63.2478151847037,39.8576770573321,54.4360473802808,61.6969480887551,60.175072160735,58.3567692342459
65.6080768973717,41.5998126111209,58.2650256017321,64.9319424134925,64.6260030120784,62.1772723740311,66.7625031304897,60.4428438003218,32.9361486608966,35.195354405644,56.2909834223274,46.9374517371376,60.0178059616295,51.780320481943,65.3182137988737,57.7950764547359,58.4107138284429,60.0136004844778,58.8351930940864,53.0649731481749,38.9947157382844,59.1071815983334,37.8885565481784,52.7972729467676,66.2494100221221,63.2478151847037,39.8576770573321,54.4360473802808,61.6969480887551,60.175072160735,59.562940771892
65.6711004728256,41.5998126111209,58.2650256017321,64.9319424134925,64.9967913413771,62.1772723740311,66.7625031304897,60.4428438003218,32.9361486608966,36.7137472056245,56.2909834223274,47.8072254939665,60.0178059616295,51.780320481943,65.4750737994688,57.7950764547359,58.4107138284429,60.05400079155,58.8351930940864,53.0649731481749,38.9947157382844,59.1071815983334,37.8885565481784,52.7972729467676,66.4851428287192,63.2478151847037,39.8576770573321,54.4360473802808,61.6969480887551,60.175072160735,60.1930969126585
65.6792316033174,41.5998126111209,58.2650256017321,65.4840081874213,64.9967913413771,62.1772723740311,66.9500204847422,60.4978785055413,32.9361486608966,36.7137472056245,56.2909834223274,47.8072254939665,60.174068094237,51.780320481943,65.4750737994688,57.8230020469491,58.4107138284429,60.05400079155,58.8351930940864,53.0649731481749,39.0381489414024,59.1071815983334,38.0721390106731,52.9061371937136,66.4851428287192,63.2478151847037,39.8576770573321,54.4360473802808,61.6969480887551,60.175072160735,60.1930969126585
65.7460477635377,41.5998126111209,58.3231789011748,65.4840081874213,64.9967913413771,62.1772723740311,66.9500204847422,60.4978785055413,32.9361486608966,36.7137472056245,56.2909834223274,47.8072254939665,60.174068094237,51.780320481943,65.4750737994688,57.8230020469491,58.4752568600521,60.05400079155,58.8968050344025,53.0649731481749,39.3692859601856,59.1071815983334,38.6964209757844,52.9061371937136,66.4851428287192,63.2478151847037,40.134591719101,54.4360473802808,61.6969480887551,60.175072160735,60.1930969126585
65.7460477635377,41.5998126111209,58.3936294078012,65.6174254476543,64.9967913413771,62.3965980572111,67.0913907349785,60.4978785055413,32.9361486608966,37.673085697103,56.2909834223274,47.8072254939665,60.174068094237,51.8129745585339,65.4750737994688,57.8230020469491,58.5099760823767,60.05400079155,58.8968050344025,53.0649731481749,39.3692859601856,59.1071815983334,38.6964209757844,52.9061371937136,66.7302502988602,63.2478151847037,40.134591719101,54.641155372214,61.6969480887551,60.175072160735,60.1930969126585
65.8903709837741,41.5998126111209,58.3936294078012,65.6174254476543,65.1426454005687,62.3965980572111,67.2367629048365,60.5100957305387,33.4123233180207,37.6855684605476,56.5052689148435,47.8072254939665,60.174068094237,51.8795720673059,65.5011961150708,58.0143869776694,58.5099760823767,60.05400079155,58.8968050344025,53.0649731481749,39.7665766138235,59.1071815983334,38.6964209757844,52.9061371937136,66.7302502988602,63.2478151847037,40.3150846483856,54.641155372214,61.6969480887551,60.175072160735,60.2978881554434
66.1107485180828,41.6141638547035,58.3936294078012,65.6174254476543,65.1426454005687,62.3965980572111,67.2367629048365,60.5482953406921,33.4123233180207,37.9794946796664,56.5780872949925,47.8072254939665,60.174068094237,51.8795720673059,65.5746329171685,58.4541725045295,58.5099760823767,60.05400079155,58.8968050344025,53.7023725431373,40.8163597021854,59.1742554510762,38.6964209757844,52.9061371937136,66.7302502988602,63.2478151847037,40.4406870044584,54.641155372214,61.8320835172632,60.175072160735,60.2978881554434
66.1487077546905,41.6141638547035,58.3936294078012,65.6174254476543,65.1426454005687,62.3965980572111,67.2367629048365,60.5482953406921,33.4123233180207,37.9794946796664,56.5780872949925,47.8072254939665,60.174068094237,51.8795720673059,65.5746329171685,58.4541725045295,58.5099760823767,60.15893292967,58.8968050344025,53.7023725431373,40.8163597021854,59.3754894671437,38.6964209757844,52.9061371937136,66.8573800225919,63.2478151847037,40.4406870044584,54.641155372214,61.8320835172632,60.2652180501222,60.2978881554434
66.1487077546905,42.3752024735924,58.3936294078012,65.6174254476543,65.1746594185353,62.7319359504179,67.2367629048365,60.5482953406921,33.4123233180207,37.989311846625,56.6698315709535,47.8072254939665,60.1789744176341,51.967308468145,65.5746329171685,58.5682837605916,58.5099760823767,60.15893292967,58.9568357254571,53.7023725431373,40.8163597021854,59.3754894671437,38.6964209757844,52.9061371937136,66.8573800225919,63.2478151847037,40.4406870044584,54.9912518487959,62.147474122884,61.5879003985235,60.2978881554434
66.1669673852696,42.3752024735924,58.3936294078012,65.6174254476543,65.1746594185353,62.8916702357009,67.3007039926487,60.6463352138819,33.714790567229,37.989311846625,56.6698315709535,47.8072254939665,60.1789744176341,52.0022228929205,65.5746329171685,58.7357355417403,58.5099760823767,60.15893292967,58.9568357254571,53.7023725431373,40.8163597021854,59.3754894671437,38.6964209757844,52.9061371937136,66.9180671984467,63.2478151847037,40.4406870044584,54.9912518487959,62.147474122884,61.5879003985235,60.2978881554434
66.1669673852696,42.3752024735924,58.3936294078012,65.6174254476543,65.1746594185353,62.8916702357009,67.3643735979472,60.6463352138819,33.714790567229,37.989311846625,56.6698315709535,47.8072254939665,60.2409699545069,52.0022228929205,65.6467515566144,58.7357355417403,58.5099760823767,60.15893292967,58.9568357254571,53.7023725431373,40.8163597021854,59.3754894671437,38.6964209757844,52.949225544183,66.9180671984467,63.4313318560741,40.4406870044584,54.9912518487959,62.147474122884,61.5879003985235,60.7857166862283
66.1751810793306,42.6735853401943,58.3936294078012,65.6174254476543,65.1746594185353,62.8916702357009,67.3643735979472,60.6463352138819,33.9654183539552,38.1526125903793,56.6698315709535,47.8072254939665,60.4031304553955,52.0022228929205,65.6467515566144,58.9429509600528,58.5099760823767,60.15893292967,58.9737427577042,53.7023725431373,40.8163597021854,59.7083730344917,38.9109423930098,53.5062775207909,66.9180671984467,63.4313318560741,40.5897977542676,54.9912518487959,62.147474122884,61.5879003985235,60.7857166862283
66.2498649491131,42.6735853401943,58.3936294078012,65.8171436861029,65.1746594185353,62.8916702357009,67.3954130524992,60.8028522500184,33.9654183539552,38.1964735845198,56.7228832233582,47.8072254939665,60.4031304553955,52.0193350051587,65.6467515566144,59.1339154362654,58.5099760823767,60.15893292967,58.9791459483815,53.7023725431373,40.8163597021854,59.7083730344917,38.9109423930098,53.7553660419113,66.9453438406881,63.4313318560741,40.5897977542676,54.9912518487959,62.147474122884,61.5879003985235,60.7857166862283
66.7614068104902,42.6735853401943,58.3936294078012,65.8795507295325,65.1746594185353,63.1532134574418,67.4040737914279,60.8028522500184,34.3995224858506,38.2080734134017,56.7228832233582,47.8072254939665,60.4031304553955,52.0812404774369,65.6467515566144,59.1339154362654,58.5099760823767,60.24431109139,59.0072502592145,54.4052539389802,40.8163597021854,59.7083730344917,38.9109423930098,53.7553660419113,66.9576093369494,63.4313318560741,40.5897977542676,54.9912518487959,62.4208964841839,61.9391515776712,60.7857166862283
66.8861603114394,42.6735853401943,58.3936294078012,65.8795507295325,65.1746594185353,63.1532134574418,67.4040737914279,60.8887402778045,34.3995224858506,38.2080734134017,56.7228832233582,47.8072254939665,60.5971208699852,52.0812404774369,65.6467515566144,59.5037309361813,58.5099760823767,60.24431109139,59.0072502592145,54.4052539389802,40.8163597021854,59.7083730344917,39.1142788294513,53.7553660419113,67.3492444219593,63.4313318560741,40.7419447378552,54.9912518487959,62.4208964841839,61.9391515776712,60.7857166862283
66.8861603114394,42.6735853401943,58.5013632952408,65.9698723091159,65.1746594185353,63.1532134574418,67.4444529298709,61.0772765367413,34.3995224858506,38.2080734134017,56.7823673090645,49.1914327921659,60.5971208699852,52.0812404774369,65.6467515566144,59.5218292875125,58.5099760823767,60.24431109139,59.0072502592145,54.4052539389802,40.8371062882483,59.7083730344917,39.1142788294513,53.9023461860355,67.3492444219593,63.4313318560741,40.7553937033575,54.9912518487959,62.4208964841839,61.9391515776712,60.7857166862283
66.8861603114394,42.6735853401943,58.5013632952408,65.9698723091159,65.1746594185353,63.3090242993592,67.519784297502,61.0772765367413,34.4606810103843,38.2513766071603,56.7823673090645,49.1914327921659,60.6531141824302,52.0812404774369,65.8009004561866,59.5218292875125,58.576558985684,60.24431109139,59.0412489205878,54.4052539389802,40.8371062882483,59.9612984354286,39.1142788294513,53.9023461860355,67.3492444219593,63.4313318560741,40.7553937033575,54.9912518487959,62.4208964841839,61.9391515776712,61.3064676763631
66.9570333484628,42.6735853401943,58.5013632952408,66.0889209730285,65.2781951372931,63.3090242993592,67.519784297502,61.0772765367413,34.4606810103843,38.388131439125,56.7823673090645,49.1914327921659,60.6531141824302,52.1421197772207,65.8009004561866,59.7253104077726,58.576558985684,60.24431109139,59.2104763599728,54.4052539389802,41.0320448023987,59.9612984354286,39.365328591098,53.9023461860355,67.6960289356049,63.4313318560741,40.7553937033575,54.9912518487959,62.4208964841839,62.1779739399244,61.3064676763631
66.9570333484628,42.6735853401943,58.5013632952408,66.1408997511231,65.2781951372931,63.3090242993592,67.519784297502,61.0772765367413,34.4606810103843,38.4985225526193,56.8474087939415,49.1914327921659,60.6531141824302,52.4043989557113,65.8009004561866,59.7253104077726,58.576558985684,60.24431109139,59.2959097074426,54.4052539389802,41.0320448023987,59.9612984354286,39.365328591098,53.9023461860355,67.6960289356049,63.4313318560741,40.8414279326262,54.9912518487959,62.4208964841839,63.0134143770539,61.3064676763631
66.9971631090951,42.6735853401943,58.5251812394896,66.1770692241242,65.2781951372931,63.3090242993592,67.5608254632253,61.0772765367413,34.4606810103843,38.5304432961049,56.8474087939415,49.1914327921659,60.7196609742812,52.4043989557113,65.8009004561866,59.7253104077726,58.576558985684,60.24431109139,59.2959097074426,54.4052539389802,41.0320448023987,59.9612984354286,39.365328591098,53.9023461860355,67.6960289356049,63.4743249462228,40.8414279326262,54.9912518487959,62.4208964841839,63.0748875886621,61.8798818863029
66.9971631090951,42.7484800839145,58.8455017420561,66.1770692241242,65.2873314752855,63.3090242993592,67.5608254632253,61.2933965801024,34.4972959782198,38.5927274904118,56.8775474024631,49.1914327921659,60.7196609742812,52.4043989557113,65.8009004561866,59.7253104077726,58.7732014851967,60.2504664376411,59.2959097074426,54.4052539389802,41.0320448023987,59.9612984354286,39.365328591098,53.9023461860355,67.6960289356049,63.4904514216916,40.9651344931915,54.9912518487959,62.4208964841839,63.0748875886621,61.9225938315786
67.0199960050636,42.7484800839145,58.8463914133104,66.1770692241242,65.3570921783505,63.3090242993592,67.6345347701919,61.2954928891421,34.5650302637089,38.5927274904118,56.9144531905856,49.1914327921659,60.7196609742812,52.4043989557113,65.8009004561866,59.8272815845913,58.7732014851967,60.2504664376411,59.2959097074426,54.4552936054017,41.0320448023987,59.9612984354286,39.3787340178038,53.9023461860355,67.7071334355577,63.4904514216916,40.9712255113824,54.9912518487959,62.4208964841839,63.0748875886621,61.9612301859479
67.0405224221466,42.7484800839145,58.8463914133104,66.1798127749733,65.3570921783505,63.3090242993592,67.6345347701919,61.2954928891421,34.6515635503897,38.5927274904118,56.9144531905856,49.1914327921659,60.7196609742812,52.4805349310754,65.9474938133448,59.8272815845913,58.7732014851967,60.3254487794773,59.3342053825076,54.9439833767503,41.0320448023987,59.9612984354286,39.3787340178038,53.9023461860355,67.7071334355577,63.4904514216916,40.9712255113824,54.9912518487959,62.5778983233832,63.0748875886621,61.9612301859479
67.0405224221466,42.7484800839145,58.8687354327846,66.189749835393,65.3570921783505,63.3090242993592,67.6345347701919,61.2954928891421,34.6515635503897,38.5927274904118,56.9430921683801,49.6426524267659,60.8053473234938,52.483469347582,65.9474938133448,60.06112490524,58.8118752865764,60.3254487794773,59.3342053825076,54.9439833767503,41.3619767345663,59.9612984354286,39.3787340178038,53.9023461860355,67.7071334355577,63.5624858741909,40.9712255113824,54.9912518487959,62.6580156850835,63.0748875886621,61.9612301859479
67.3647197727145,42.7484800839145,58.8786530351885,66.2760683139475,65.3570921783505,63.3090242993592,67.6345347701919,61.2954928891421,34.7418469876198,38.5927274904118,56.999196250142,49.6426524267659,60.8053473234938,52.483469347582,65.9474938133448,60.06112490524,58.9118714045061,60.3254487794773,59.3342053825076,54.9439833767503,41.4737761239684,59.9612984354286,39.3787340178038,53.9023461860355,67.7071334355577,63.608330238908,41.0164302585053,54.9912518487959,62.6580156850835,63.0748875886621,61.9612301859479
67.3647197727145,42.7484800839145,58.8786530351885,66.2760683139475,65.3751696593463,63.5350374247047,67.6345347701919,61.2954928891421,34.7418469876198,38.5927274904118,56.999196250142,49.6426524267659,60.8665178635477,52.483469347582,65.9474938133448,60.06112490524,58.9118714045061,60.3254487794773,59.3342053825076,54.9439833767503,41.4737761239684,59.9612984354286,39.3787340178038,53.9023461860355,67.7071334355577,63.608330238908,41.0164302585053,55.1023791403894,62.6580156850835,63.2197305019174,62.2980531927861
67.3647197727145,43.0438949371687,58.8786530351885,66.2760683139475,65.3751696593463,63.5350374247047,67.6345347701919,61.3065440701628,34.7418469876198,38.5927274904118,57.0133960148595,49.6426524267659,60.8899372035092,52.483469347582,65.9474938133448,60.06112490524,58.9118714045061,60.3254487794773,59.3342053825076,54.9439833767503,41.4737761239684,59.9612984354286,39.4503318461472,53.9023461860355,67.7071334355577,63.608330238908,41.2326074926524,55.3089979703882,62.6580156850835,63.2197305019174,62.2980531927861
67.545321609014,43.0438949371687,58.9231701991136,66.2760683139475,65.3751696593463,63.5350374247047,67.6345347701919,61.3065440701628,34.7418469876198,38.5927274904118,57.0133960148595,49.6426524267659,60.8899372035092,52.5008280333083,66.1349964213482,60.06112490524,58.9305589286971,60.3254487794773,59.3447197364951,54.9439833767503,41.4867141475892,59.9612984354286,39.4503318461472,53.9023461860355,67.7071334355577,63.6380971905072,41.2326074926524,55.3089979703882,62.7307097593114,63.2860942563571,62.2980531927861
67.9430500004998,43.0438949371687,59.2113943045414,66.2760683139475,65.5306128883474,63.5919141000092,67.6345347701919,61.3065440701628,34.7794039546177,38.6569142251874,57.0133960148595,50.9329444818164,60.8899372035092,52.5008280333083,66.1349964213482,60.06112490524,58.9305589286971,60.3839178154443,59.3575746894837,54.9751308118319,41.4867141475892,59.9689173073764,39.4503318461472,53.907226547425,67.7302071621589,63.6578172569597,41.2326074926524,55.3089979703882,62.7307097593114,63.2860942563571,62.2980531927861
68.110134140743,43.1167329226184,59.2198344030187,66.2760683139475,65.5306128883474,63.6373766053963,67.6529448587196,61.3065440701628,34.7841501804052,38.6784555713942,57.0236518384881,50.9329444818164,60.8899372035092,52.5008280333083,66.1349964213482,60.1219325453465,58.9305589286971,60.3839178154443,59.3575746894837,54.9751308118319,41.6166523092315,59.9689173073764,39.4503318461472,53.907226547425,67.7302071621589,63.8914662122579,41.4285370225276,55.3089979703882,62.7307097593114,63.3036899203096,62.3481978180818
68.2789822759952,43.1829295070047,59.2198344030187,66.2760683139475,65.5306128883474,63.6373766053963,67.6529448587196,61.3301022042818,34.7841501804052,38.708260861326,57.0674116952918,51.0852445149341,60.8899372035092,52.5366214339981,66.1349964213482,60.19154556116,58.9305589286971,60.3839178154443,59.3575746894837,54.9751308118319,41.6166523092315,59.9758723571633,39.4503318461472,53.907226547425,67.7302071621589,63.8914662122579,41.4983436305277,55.3089979703882,62.7307097593114,63.3036899203096,62.3481978180818
68.3269256223422,43.1829295070047,59.3145213830105,66.2760683139475,65.5306128883474,63.6489856236216,67.6862488771877,61.3301022042818,34.7841501804052,38.7639218352002,57.0674116952918,51.0852445149341,60.8899372035092,52.5374119332511,66.1349964213482,60.19154556116,58.9481172585566,60.3839178154443,59.3575746894837,54.9751308118319,41.6166523092315,60.0241173757876,39.4503318461472,53.907226547425,67.7302071621589,63.8914662122579,41.4983436305277,55.4351721903064,62.7803709005811,63.3036899203096,62.3481978180818
68.4145737927759,43.1829295070047,59.3145213830105,66.2760683139475,65.5950702822068,63.8273593223638,67.7201467058263,61.3301022042818,34.7841501804052,38.9049129688716,57.0858219055017,51.0852445149341,60.9484224163738,52.5765319445319,66.5550782464541,60.2230874806247,58.9746633200047,60.3839178154443,59.3575746894837,54.9751308118319,41.6578297648031,60.0241173757876,39.4666938127015,53.907226547425,67.7593255224848,63.9535651917189,41.5366629599867,55.4351721903064,62.7803709005811,64.0548676044977,62.3481978180818
68.4495807456114,44.3550494572988,59.3145213830105,66.2760683139475,65.6017953779565,63.8273593223638,67.7201467058263,61.3301022042818,34.7841501804052,38.9714303646945,57.0918515151413,51.0852445149341,60.9484224163738,52.5765319445319,66.7230929436771,60.2355955910368,58.9746633200047,60.3839178154443,59.3575746894837,54.9751308118319,41.6578297648031,60.0241173757876,39.4666938127015,53.962671886851,67.7625420634323,64.235131864074,41.5366629599867,55.4351721903064,62.8778276581973,64.4460409873291,62.3481978180818
68.4583999905628,44.3550494572988,59.3145213830105,66.2760683139475,65.6017953779565,63.8273593223638,67.7572415528278,61.3301022042818,34.7841501804052,38.9916450587393,57.0918515151413,51.0852445149341,60.9484224163738,52.5765319445319,66.7230929436771,60.2355955910368,58.9746633200047,60.4498291654794,59.3575746894837,54.9751308118319,41.6578297648031,60.0241173757876,39.4666938127015,53.962671886851,67.7625420634323,64.235131864074,41.5366629599867,55.4351721903064,62.8778276581973,64.4460409873291,62.4705117469592
68.5816470175295,44.3550494572988,59.3629245074113,66.2760683139475,65.6017953779565,63.9779608225312,67.7572415528278,61.3301022042818,34.7841501804052,39.0433093288164,57.0922684350117,51.0852445149341,60.960032978789,52.5816447804478,66.7230929436771,60.2390689399638,58.9746633200047,60.4498291654794,59.3581107508149,54.9751308118319,41.6578297648031,60.2105629558111,39.6635066406643,53.962671886851,67.7625420634323,64.235131864074,41.5518361276452,55.5500656426171,62.8778276581973,64.4460409873291,62.4705117469592
68.7269695884176,44.3550494572988,59.4900393868635,66.2760683139475,65.7757477117477,64.0246528961803,67.7572415528278,61.3813146327154,34.9120826978455,39.0433093288164,57.0929540773885,51.890735922551,60.960032978789,52.5816447804478,66.7230929436771,60.2529002070474,58.9746633200047,60.4498291654794,59.3623795121494,54.9751308118319,41.6578297648031,60.2105629558111,39.7306235073677,53.962671886851,67.7625420634323,64.5221000053392,41.6412157343899,55.7689065239283,62.8778276581973,64.6903492066079,62.4705117469592
68.7269695884176,44.3550494572988,59.4900393868635,66.2760683139475,65.8545238940976,64.0246528961803,67.7688402518328,61.3813146327154,34.9643952904873,39.0433093288164,57.0929540773885,52.4147762121118,60.9949431715393,52.5816447804478,66.7230929436771,60.2529002070474,58.9746633200047,60.4498291654794,59.3623795121494,54.9751308118319,41.7312138455406,60.2105629558111,39.7306235073677,53.962671886851,67.8858304636086,64.5221000053392,41.6412157343899,55.7689065239283,63.1761142744026,64.6903492066079,62.4914901167027
68.7269695884176,44.3550494572988,59.4900393868635,66.2760683139475,65.8545238940976,64.0246528961803,67.7688402518328,61.391174262131,34.9643952904873,39.0915119274098,57.1351680508698,52.4147762121118,60.9949431715393,52.5816447804478,66.8613280696714,60.2551284367993,58.9746633200047,60.4498291654794,59.3623795121494,54.9751308118319,41.7563856593836,60.2105629558111,39.7306235073677,54.0200768895052,67.8858304636086,64.8513323959599,41.642901750389,55.7689065239283,63.2929207691906,64.6903492066079,62.9372948665316
68.8622618564227,44.4041456898674,59.6138290490968,66.2760683139475,65.8545238940976,64.0930559094374,67.7688402518328,61.391174262131,34.9643952904873,39.1776635703125,57.1500184826341,52.4147762121118,60.9949431715393,52.6262017610226,66.8613280696714,60.3123250318479,58.9746633200047,60.4665387304895,59.3623795121494,54.9751308118319,41.7563856593836,60.2105629558111,39.7306235073677,54.0200768895052,67.8858304636086,64.8513323959599,41.6879912631386,55.7689065239283,63.2929207691906,64.7782830401912,62.9791658615355
68.8622618564227,44.4041456898674,59.6138290490968,66.2760683139475,65.8777903726736,64.0930559094374,67.7688402518328,61.391174262131,34.9845886505249,39.1776635703125,57.1500184826341,52.4147762121118,60.9949431715393,52.6262017610226,66.8613280696714,60.3123250318479,59.0035379752187,60.4820495548234,59.3661437428552,54.9751308118319,41.7799174888233,60.3783212404454,39.7306235073677,54.0200768895052,67.8858304636086,64.8513323959599,41.6879912631386,55.7689065239283,63.2929207691906,64.7782830401912,62.9791658615355
69.0348947652904,44.4041456898674,59.6138290490968,66.2760683139475,65.9356705347974,64.1694724079123,67.7688402518328,61.408971709989,34.9845886505249,39.1776635703125,57.1585701012783,52.9429997531425,60.9949431715393,52.6262017610226,66.8613280696714,60.3476022141556,59.0035379752187,60.4820495548234,59.3661437428552,55.0397920178691,41.7799174888233,60.4141866884292,39.7306235073677,54.0200768895052,68.1641869836897,65.148223743912,41.6879912631386,55.7689065239283,63.2929207691906,64.7782830401912,62.9791658615355
69.0348947652904,44.6811566889777,59.6138290490968,66.307258166677,65.9356705347974,64.1694724079123,67.7961570782426,61.4262223686436,34.9845886505249,39.1776635703125,57.1714657731038,53.2449956901981,60.9949431715393,52.6262017610226,66.8613280696714,60.3821587498175,59.0035379752187,60.4820495548234,59.3661437428552,55.0397920178691,41.7799174888233,60.4141866884292,39.7306235073677,54.0497578326243,68.1900162527896,65.2081906805011,41.7320102909031,55.7689065239283,63.5453505345056,64.7782830401912,63.1302198362569
69.0561807159777,44.6811566889777,59.7571093634507,66.307258166677,65.9356705347974,64.1694724079123,67.7961570782426,61.4262223686436,34.9845886505249,39.1776635703125,57.1714657731038,53.6420565860254,61.0062120030225,52.6262017610226,66.8613280696714,60.3821587498175,59.0035379752187,60.4835379161627,59.3661437428552,55.1949853206788,41.8056064873924,60.4141866884292,39.7306235073677,54.0497578326243,68.1900162527896,65.5580405223853,41.7320102909031,55.7957677518297,63.5453505345056,64.7782830401912,63.1866486639083
69.0561807159777,44.6811566889777,59.785183817089,66.307258166677,66.0113229566854,64.2475005358102,67.8167374413169,61.436961109783,34.9845886505249,39.1776635703125,57.1983289727877,53.6420565860254,61.0062120030225,52.6294495233986,66.9590981775311,60.4778412936001,59.0122179520769,60.5485477182136,59.366647313554,55.1949853206788,41.8160475356303,60.4480827473881,39.7306235073677,54.0497578326243,68.1900162527896,65.5580405223853,41.7320102909031,55.7957677518297,63.5453505345056,64.7782830401912,63.1866486639083
69.0561807159777,44.7560594288097,59.785183817089,66.307258166677,66.0199562535846,64.4338695981865,67.8167374413169,61.436961109783,35.0199451985345,39.1776635703125,57.2246030780149,53.6420565860254,61.0062120030225,52.6341582687135,67.0775792997495,60.4778412936001,59.0122179520769,60.5485477182136,59.366647313554,55.1949853206788,41.8160475356303,60.4480827473881,39.7306235073677,54.0497578326243,68.5875579942525,65.5580405223853,41.7320102909031,55.7957677518297,63.5453505345056,64.7782830401912,63.1866486639083
69.0561807159777,44.7560594288097,59.785183817089,66.307258166677,66.0199562535846,64.4338695981865,67.8167374413169,61.436961109783,35.6971534112008,39.1776635703125,57.2246030780149,53.6420565860254,61.0437745030681,52.6341582687135,67.0775792997495,60.5839654188265,59.0122179520769,60.5485477182136,59.366647313554,55.1949853206788,41.8160475356303,60.4480827473881,39.7306235073677,54.0497578326243,68.5875579942525,65.7280134120969,41.7320102909031,55.7957677518297,63.5453505345056,64.7782830401912,63.3711373999197
69.0561807159777,44.9444402826319,60.3309611136943,66.3558475321797,66.0199562535846,64.4338695981865,67.825570820949,61.436961109783,43.1557696500641,39.1959985272826,57.2876289606264,53.6420565860254,61.0935785273449,52.6341582687135,67.0775792997495,60.5839654188265,59.0122179520769,60.5485477182136,59.366647313554,55.1949853206788,41.8222082570166,60.4480827473881,39.7858741392419,54.0497578326243,68.5875579942525,65.7280134120969,41.7320102909031,55.7957677518297,63.5453505345056,64.7782830401912,63.6040123199103
69.0886761837285,44.9569636458723,60.6951949400926,66.4254641256615,66.0199562535846,64.4655900334147,67.8479980327543,61.436961109783,43.1557696500641,39.1959985272826,57.3189895195977,53.6420565860254,61.0935785273449,52.6458356557736,67.0775792997495,60.65752053364,59.0122179520769,60.5485477182136,59.3674373552767,55.2225079178572,41.8222082570166,60.4480827473881,39.893773112515,54.0497578326243,68.5875579942525,65.7280134120969,41.7796245257463,56.0149996350745,63.5453505345056,64.7782830401912,64.3210572777004
69.1458898395795,44.9569636458723,60.6951949400926,66.4842896082715,66.0718540732866,64.4655900334147,67.9393423798513,61.436961109783,43.1557696500641,39.1959985272826,57.3189895195977,53.6420565860254,61.0965104377353,52.6458356557736,67.0775792997495,60.811495156567,59.0122179520769,60.5485477182136,59.3674373552767,55.2225079178572,41.8427415248903,60.4480827473881,39.893773112515,54.0497578326243,68.5875579942525,65.7280134120969,41.7796245257463,56.0513065424057,63.5453505345056,64.7782830401912,64.3210572777004
69.1458898395795,45.0212547538786,60.6951949400926,66.4842896082715,66.2140366253935,64.4655900334147,67.9508901637726,61.4476862384772,43.1557696500641,39.1959985272826,57.4119573871369,53.6420565860254,61.1977031871767,52.6458356557736,67.2705461512679,60.811495156567,59.0122179520769,60.5485477182136,59.3674373552767,55.2225079178572,41.8518906347391,60.4480827473881,39.893773112515,54.0497578326243,68.5875579942525,65.8871651170097,41.7796245257463,56.0513065424057,63.5453505345056,64.7782830401912,64.3210572777004
69.1458898395795,45.0212547538786,60.7200455006214,66.4842896082715,66.2140366253935,64.4655900334147,67.9713555424403,61.4589571022308,43.1557696500641,39.1959985272826,57.4890840705611,53.6420565860254,61.1977031871767,52.6458356557736,67.2705461512679,61.0580331769844,59.0171065117261,60.5838280266345,59.3674373552767,55.2225079178572,41.8518906347391,60.4480827473881,39.893773112515,54.0497578326243,68.5875579942525,65.9146672103139,41.7796245257463,56.0513065424057,63.5453505345056,64.8532846442752,64.9945249595706
69.1458898395795,45.0212547538786,61.0663033867474,66.6476878385787,66.2140366253935,64.4655900334147,67.9849053036233,61.4589571022308,43.1557696500641,39.1959985272826,57.4890840705611,53.6420565860254,61.201990751605,52.6458356557736,67.2705461512679,61.2320806121538,59.0171065117261,60.5838280266345,59.3674373552767,55.2225079178572,41.855424344735,60.4480827473881,39.893773112515,54.090381323056,68.5875579942525,66.1072457637095,41.7796245257463,56.1797530594317,63.5453505345056,64.9020823205496,65.7363084713079
69.1458898395795,45.0212547538786,61.0663033867474,66.6476878385787,66.2140366253935,64.4816272765164,67.9849053036233,61.4666167152313,43.1557696500641,39.1959985272826,57.5351920878171,53.6420565860254,61.3035438076236,52.6458356557736,67.2705461512679,61.2320806121538,59.0171065117261,60.6018067182124,59.3674373552767,55.2225079178572,41.9220415371515,60.4663547893412,39.893773112515,54.0975247497598,68.5875579942525,66.1072457637095,41.8006992786117,56.1797530594317,63.8332038024782,64.9020823205496,65.7363084713079
69.1458898395795,45.0212547538786,61.0663033867474,66.6476878385787,66.2140366253935,64.4816272765164,67.9849053036233,61.4728773748372,43.1557696500641,39.2431382262813,57.5663361977104,53.8459062290821,61.3035438076236,52.6458356557736,67.2705461512679,61.3554430002635,59.0171065117261,60.6018067182124,59.3674373552767,55.2225079178572,41.9220415371515,60.4663547893412,39.893773112515,54.0975247497598,68.5875579942525,66.1072457637095,41.8006992786117,56.4208212567853,63.8332038024782,64.9020823205496,65.7363084713079
69.1458898395795,45.0212547538786,61.2432921593421,66.6476878385787,66.2140366253935,64.4816272765164,67.9931376545127,61.4728773748372,43.1557696500641,39.2431382262813,57.5663361977104,54.5195317746385,61.3035438076236,52.6458356557736,67.2705461512679,61.521501438031,59.0171065117261,60.6099999029662,59.3674373552767,55.2598195770942,41.9220415371515,60.4663547893412,39.893773112515,54.0975247497598,68.5957759590198,66.1683408662965,41.8006992786117,56.4208212567853,63.8332038024782,64.9043317159704,66.1650272973365
69.1479736540127,45.0212547538786,61.3243349248585,66.6476878385787,66.2182919265905,64.4816272765164,68.0100780588377,61.4785570150872,44.8764503888344,39.2431382262813,57.6987911534136,54.5195317746385,61.3977089548299,52.6458356557736,67.3796959870421,61.521501438031,59.0171065117261,60.6099999029662,59.3674373552767,55.2598195770942,41.9341175253999,60.4663547893412,39.9025732532616,54.1238033562374,68.6162280901657,66.1865597473254,41.8650588096594,56.4208212567853,63.8332038024782,64.9453934065324,66.7334033537868
69.1479736540127,45.0212547538786,61.3789365497576,66.7261844515892,66.2182919265905,64.5156353624907,68.0100780588377,61.4817103746857,44.8764503888344,39.2684634884709,57.7599751529999,54.5195317746385,61.3977089548299,52.6909429841779,67.3796959870421,61.5913612519932,59.0171065117261,60.6180476148567,59.3674373552767,55.2598195770942,41.9341175253999,60.4663547893412,39.9060641377989,54.1238033562374,68.6162280901657,66.1865597473254,41.8650588096594,56.4257027735732,64.0104452607498,64.9453934065324,66.7334033537868
69.1593609491469,45.1583666008344,61.3789365497576,66.7261844515892,66.2182919265905,64.5503157552458,68.0100780588377,61.4817103746857,44.8764503888344,39.3249851833711,57.7599751529999,54.5195317746385,61.4153098433133,52.6909429841779,67.3796959870421,61.61205025074,59.0171065117261,60.6180476148567,59.3674373552767,55.2598195770942,41.9394155808381,60.4663547893412,39.9060641377989,54.1238033562374,68.6162280901657,66.1865597473254,41.8650588096594,56.7273202928761,64.7065874740414,64.9453934065324,66.7334033537868
69.1593609491469,45.2308439187858,61.4427214039088,66.7261844515892,66.2182919265905,64.5503157552458,68.0533982667947,61.4869181231059,44.8764503888344,39.3249851833711,57.7775903091449,54.5195317746385,61.4441563931721,52.6909429841779,67.3796959870421,61.61205025074,59.0186659896187,60.6180476148567,59.3674373552767,55.2598195770942,41.93964286779,60.4663547893412,39.9525333072686,54.1238033562374,68.6162280901657,66.3243250265935,41.8657288853512,56.809501172598,64.7065874740414,64.9453934065324,66.7334033537868
69.1593609491469,45.2308439187858,61.4489857548165,66.7261844515892,66.2339112939435,64.5503157552458,68.0533982667947,61.4880274524135,44.8764503888344,39.3249851833711,57.8574688467609,54.5195317746385,61.4441563931721,52.6909429841779,67.3796959870421,61.6372011471309,59.0188080285816,60.6347031529872,59.3674373552767,55.2598195770942,41.93964286779,60.4663547893412,40.0262518095319,54.1238033562374,68.6162280901657,66.351228614297,41.8657288853512,56.809501172598,64.7065874740414,64.9932928989954,67.1049571669238
69.1593609491469,45.3398051228454,61.4489857548165,66.7261844515892,66.2735988524549,64.5503157552458,68.0774346552082,61.4880274524135,44.8764503888344,39.335949896376,57.8574688467609,56.17741141946,61.4441563931721,52.7859693317626,67.4900388899054,61.83317969362,59.0188080285816,60.6534899649563,59.3674373552767,55.2598195770942,41.93964286779,60.4663547893412,40.0262518095319,54.1238033562374,68.6162280901657,66.642450272126,41.8657288853512,56.883059888501,64.7065874740414,64.9932928989954,67.1915735105297
69.2893180441044,45.3398051228454,61.4489857548165,66.7261844515892,66.3617701450804,64.5560728756246,68.1132558618631,61.5462659871466,44.8764503888344,39.335949896376,57.9373143095115,58.0333948321803,61.4539755600445,52.7859693317626,67.5766739311024,61.83317969362,59.0188080285816,60.6534899649563,59.3674373552767,55.2598195770942,41.9445297425302,60.4663547893412,40.0262518095319,54.1238033562374,68.6162280901657,66.642450272126,41.8964664551278,57.1001928303118,65.0599804832307,64.9932928989954,67.1915735105297
69.340496075344,45.4095547594346,61.4489857548165,66.7633564143191,66.3617701450804,64.5560728756246,68.1132558618631,61.5462659871466,44.8764503888344,39.335949896376,58.0038256265342,58.1250419113501,61.4539755600445,52.7859693317626,67.5766739311024,62.0017448178747,59.0188080285816,60.6534899649563,59.3674373552767,55.2598195770942,41.9445297425302,60.4663547893412,40.041939128035,54.1238033562374,68.6463709224981,66.642450272126,41.8964664551278,57.5905730621202,65.0927651769477,65.1505765299021,67.1915735105297
69.340496075344,45.4285120860183,61.5224306845901,66.7633564143191,66.3617701450804,64.5560728756246,68.1132558618631,61.5462659871466,44.8764503888344,39.335949896376,58.0038256265342,58.1250419113501,61.5047869973543,52.7859693317626,67.5766739311024,62.0945232883829,59.0188080285816,60.6534899649563,59.3674373552767,55.265037203264,41.9445297425302,60.4663547893412,40.041939128035,54.1782906715403,68.6463709224981,66.642450272126,41.8964664551278,57.5905730621202,65.0927651769477,65.1505765299021,67.1915735105297
69.340496075344,45.4819607278753,61.5224306845901,66.7633564143191,66.3617701450804,64.5560728756246,68.1132558618631,61.5462659871466,44.8764503888344,39.335949896376,58.0038256265342,58.1250419113501,61.5336671133881,52.7859693317626,67.5766739311024,62.0945232883829,59.0188080285816,60.6731607051781,59.3674373552767,55.265037203264,41.9522888266714,60.4663547893412,40.0873009248118,54.1782906715403,68.6463709224981,66.9264166910559,41.9799278742714,57.6951886212542,65.0927651769477,65.1505765299021,67.5163413216012
69.340496075344,45.4819607278753,61.5224306845901,66.7633564143191,66.4186653570429,64.5560728756246,68.1132558618631,61.5462659871466,46.6033635497952,39.3434684811173,58.0743667839152,58.1250419113501,61.5336671133881,52.9503915920656,67.5766739311024,62.2532172945405,59.0188080285816,60.6731607051781,59.3674373552767,55.265037203264,41.9522888266714,60.4663547893412,40.0873009248118,54.2369747338897,68.6463709224981,66.9264166910559,42.0110278436141,57.7191009126969,65.0927651769477,65.1505765299021,67.7104455370237
69.340496075344,45.513738318714,61.5224306845901,66.7633564143191,66.4186653570429,64.5560728756246,68.1132558618631,61.5462659871466,47.1442567432897,39.3752975200286,58.0743667839152,58.1250419113501,61.5336671133881,53.2491815097461,67.5766739311024,62.4178531052438,59.0195207637009,60.751058795748,59.3687633161266,55.265037203264,41.9587879313142,60.4663547893412,40.0873009248118,54.2369747338897,68.6463709224981,66.9264166910559,42.0110278436141,57.9981942860883,65.1887593621204,65.1667789566818,67.810793417146
69.3529197406883,45.529514136638,61.5224306845901,66.7633564143191,66.4186653570429,64.635136749406,68.1395001994766,61.5476753275155,47.1442567432897,39.3752975200286,58.1069498243247,58.2384361311983,61.5607742032837,53.3081982591505,67.5766739311024,62.4178531052438,59.0197013767422,60.751058795748,59.3687633161266,55.265037203264,41.9599203824975,60.4663547893412,40.0986703762123,54.2369747338897,68.6463709224981,67.1783570544684,42.0598248889372,57.9981942860883,65.1887593621204,65.220394215134,67.810793417146
69.3529197406883,45.529514136638,61.5486637304698,66.8026746339903,66.4186653570429,64.635136749406,68.1395001994766,61.5476753275155,47.1442567432897,39.3752975200286,58.2294140520827,58.4262609129104,61.5607742032837,53.4696368404305,67.5766739311024,62.4741460457642,59.02377417745,60.7720917369473,59.3687633161266,55.265037203264,41.9599203824975,60.4663547893412,40.1762522303861,54.2522719786965,68.7506007297939,67.1783570544684,42.1236916109517,57.9981942860883,65.1887593621204,65.220394215134,67.810793417146
69.3529197406883,45.5327804787522,61.5486637304698,66.8026746339903,66.4389539993708,64.635136749406,68.1442776179484,61.5476753275155,48.2948883120297,39.3925064862721,58.2294140520827,58.4262609129104,61.5845807368984,53.5639617802359,67.5766739311024,62.4741460457642,59.02377417745,60.7720917369473,59.3687633161266,55.265037203264,41.9599203824975,60.4663547893412,40.1762522303861,54.2522719786965,68.7506007297939,67.3041173383397,42.1236916109517,58.2058512660154,65.1887593621204,65.220394215134,67.8667587429135
69.3529197406883,45.5327804787522,61.5486637304698,66.8026746339903,66.4389539993708,64.635136749406,68.154336343235,61.5476753275155,48.6728232267212,39.4352919562245,58.2294140520827,58.4262609129104,61.6262283736594,53.5639617802359,67.5766739311024,62.5767474603028,59.02377417745,60.7720917369473,59.3687633161266,55.265037203264,41.96241113046,60.4663547893412,40.1762522303861,54.2522719786965,68.7506007297939,67.4979118438309,42.1617861796802,58.2287186151493,65.1887593621204,65.220394215134,67.8667587429135
69.3529197406883,45.5327804787522,61.5486637304698,66.8026746339903,66.4389539993708,64.635140053169,68.154336343235,61.5549563931266,49.3966263301223,39.4728998713964,58.2294140520827,58.4262609129104,61.6262283736594,53.5639617802359,67.5766739311024,62.5776432881874,59.02377417745,60.7720917369473,59.3712110150865,55.265037203264,41.96241113046,60.4663547893412,40.2064307003124,54.2522719786965,68.7817404316866,67.4979118438309,42.1840538075966,58.2287186151493,65.1887593621204,65.220394215134,67.8813703751786
69.3741173113281,45.5486492175151,61.5571555544644,66.8026746339903,66.4389539993708,64.635140053169,68.1734112846444,61.5549563931266,49.3966263301223,39.4728998713964,58.3034896923137,58.4262609129104,61.6446901866862,53.5639617802359,67.5766739311024,62.6296893473573,59.02377417745,60.7720917369473,59.3724164446419,55.265037203264,41.9639037718791,60.4663547893412,40.2064307003124,54.2522719786965,68.7817404316866,67.4979118438309,42.1840538075966,58.2287186151493,65.1887593621204,65.220394215134,67.8813703751786
69.3741173113281,45.5486492175151,61.5571555544644,66.8138869869038,66.4389539993708,64.635140053169,68.1734112846444,61.5549563931266,50.5903326720991,39.4728998713964,58.3808190217554,58.5347827651035,61.6511915620519,53.6179739477868,67.5850689201788,62.6744807199089,59.02377417745,60.8112008010851,59.3724164446419,55.265037203264,41.9643909381462,60.4663547893412,40.2064307003124,54.2659149417674,68.7817404316866,67.6603375763199,42.1969678764634,58.2699304386043,65.1887593621204,65.220394215134,67.8813703751786
69.3741173113281,45.5486492175151,61.5571555544644,66.8273686147408,66.4521819784248,64.6434729802442,68.1942675258511,61.5549563931266,50.5903326720991,39.5088998935155,58.4610197684412,58.8424516296735,61.6511915620519,53.6179739477868,67.5850689201788,62.6744807199089,59.02377417745,60.8112008010851,59.3724164446419,55.265037203264,41.9643909381462,60.7065780740907,40.2108729673358,54.2659149417674,68.7817404316866,67.6603375763199,42.2094192619231,58.2699304386043,65.1887593621204,65.2476171337858,67.8813703751786
69.3752519568928,45.5738098101665,61.5571555544644,66.8326189414968,66.4521819784248,64.6434729802442,68.1942675258511,61.5549563931266,51.7109825980757,39.5696502622314,58.4610197684412,58.8424516296735,61.7162133475785,53.6179739477868,67.5850689201788,62.6821577118127,59.02377417745,60.8800451301958,59.3724164446419,55.3198766405927,41.964425490932,60.7065780740907,40.2108729673358,54.2659149417674,68.7817404316866,67.6603375763199,42.2094192619231,58.2699304386043,65.1887593621204,65.2476171337858,67.8813703751786
69.3752519568928,45.6326578449865,61.5571555544644,66.8326189414968,66.4521819784248,64.6920116149471,68.1942675258511,61.5549563931266,51.7109825980757,39.5696502622314,58.5014190681455,58.8424516296735,61.7337048457822,53.6179739477868,67.5850689201788,62.6821577118127,59.02377417745,60.8800451301958,59.3724164446419,55.4864721924567,41.964425490932,60.7065780740907,40.2602337366068,54.2659149417674,68.795417091558,67.6603375763199,42.2594881660862,58.2829647143669,65.1887593621204,65.2476171337858,67.8813703751786
69.3752519568928,45.6326578449865,61.5931121022041,66.8326189414968,66.7951442810676,64.6920116149471,68.197357114607,61.5549563931266,52.5987170245734,39.5696502622314,58.5014190681455,58.8424516296735,61.7337048457822,53.7436330632739,67.5850689201788,62.6821577118127,59.02377417745,60.8888300574049,59.3756539400127,55.4864721924567,41.964425490932,60.8714716513461,40.2878500234395,54.2659149417674,68.8009325176849,67.6603375763199,42.2896989274635,58.2871658523482,65.1887593621204,65.2476171337858,67.8813703751786
69.3752519568928,45.6515166347881,61.5931121022041,66.8326189414968,66.7951442810676,64.6920116149471,68.2230027927622,61.5608519053206,52.5987170245734,39.6577354656423,58.5014190681455,58.8424516296735,61.7415905727965,53.8206405714776,67.5850689201788,62.7058378755254,59.02377417745,61.0327895114335,59.3756539400127,55.4864721924567,41.9644592767532,60.8714716513461,40.2878500234395,54.2659149417674,68.8009325176849,67.6837776569277,42.2896989274635,58.2871658523482,65.1887593621204,65.2476171337858,67.8813703751786
69.4377806260756,45.6515166347881,61.5931121022041,66.8373792850574,66.9612078785107,64.6920116149471,68.2230027927622,61.5608519053206,52.5987170245734,39.675668099883,58.5374075877205,59.4343880459831,61.8263363817911,53.8206405714776,67.5889848770397,62.7377654153866,59.0243626511054,61.0621456673359,59.3756539400127,55.4864721924567,41.9644892475207,60.8785295886426,40.2878500234395,54.2659149417674,68.8009325176849,67.6837776569277,42.3143504560208,58.2871658523482,65.1887593621204,65.2805669894149,67.8813703751786
69.4377806260756,45.6515166347881,61.5983546894806,66.8409856901564,66.9612078785107,64.7106730866527,68.2230027927622,61.5608519053206,52.5987170245734,39.7821372179546,58.5472172891491,59.6397344962702,61.8263363817911,53.8206405714776,67.5889848770397,62.7377654153866,59.0243626511054,61.0621456673359,59.3756539400127,55.4864721924567,41.9644892475207,60.8821803942691,40.2878500234395,54.2659149417674,68.8009325176849,67.6837776569277,42.3521460610164,58.2913339031728,65.1887593621204,65.2805669894149,67.8813703751786
69.4465413564045,45.6515166347881,61.6003809553787,66.8409856901564,66.9612078785107,64.7106730866527,68.2247867773241,61.5608519053206,52.9977167560228,39.7821372179546,58.5472172891491,59.6544051261013,61.8337274827377,53.8206405714776,67.5889848770397,62.7583798398841,59.0243626511054,61.0621456673359,59.3773682807861,55.4864721924567,41.9644892475207,60.8821803942691,40.2878500234395,54.2659149417674,68.8009325176849,67.6837776569277,42.3521460610164,58.2913339031728,65.2241547247245,65.334171236262,67.8813703751786
69.4465413564045,45.651572882722,61.6003809553787,66.8409856901564,67.0447599905228,64.7106730866527,68.2247867773241,61.5608519053206,52.9977167560228,39.7821372179546,58.5626304411213,59.6544051261013,61.8382648365761,53.9566064765129,67.5889848770397,62.7767994711458,59.0243626511054,61.137952337318,59.3781915702424,55.4864721924567,41.9648729807839,60.8821803942691,40.317115764188,54.2674146362066,68.8255742606895,67.6837776569277,42.3667266222364,58.3080779650119,65.2492369020109,65.3892488560518,67.8813703751786
69.4465413564045,45.651572882722,61.6003809553787,66.8409856901564,67.0594580407693,64.7201744180319,68.2247867773241,61.5608519053206,52.9977167560228,39.8702009383837,58.5626304411213,59.6544051261013,61.8382648365761,54.0605312234922,67.5889848770397,62.7767994711458,59.0243626511054,61.137952337318,59.3786670951851,55.6265999897931,41.9648729807839,60.8821803942691,40.317115764188,54.2674146362066,68.8255742606895,67.7123810614315,42.3819394446609,58.3080779650119,65.2492369020109,65.4301363582086,67.8813703751786
69.4465413564045,45.6759770510032,61.6407772363936,66.842618732342,67.0594580407693,64.7201744180319,68.2247867773241,61.5608519053206,52.9977167560228,39.9946315330389,58.5626304411213,59.6544051261013,61.8867793678583,54.0605312234922,67.5889848770397,62.8266026412046,59.0244256687847,61.2063048189661,59.3786670951851,55.7061163813609,41.9651720489251,60.8821803942691,40.317115764188,54.2674146362066,68.8255742606895,67.7123810614315,42.3819394446609,58.3149771928051,65.2492369020109,65.4301363582086,67.8813703751786
69.4465413564045,45.6992780673844,61.6407772363936,66.8457359049371,67.0594580407693,64.7201744180319,68.2247867773241,61.5608519053206,53.1684978393435,39.9946315330389,58.5928886426711,59.8051292333295,61.8867793678583,54.0605312234922,67.5889848770397,62.8510670240187,59.0244256687847,61.2063048189661,59.3786670951851,55.7061163813609,41.9653880121935,60.8821803942691,40.3221531720011,54.2674146362066,68.8255742606895,67.7123810614315,42.3819394446609,58.3214070128577,65.2492369020109,65.4301363582086,67.8813703751786
69.4465413564045,45.6992780673844,61.6407772363936,66.8457359049371,67.0594580407693,64.7201744180319,68.3116024496839,61.5608519053206,53.1684978393435,39.9946315330389,58.6379323076929,59.8051292333295,61.8867793678583,54.165244352685,67.5889848770397,62.8510670240187,59.0244256687847,61.2063048189661,59.3791317188435,55.7061163813609,41.9653880121935,60.8821803942691,40.3221531720011,54.3079572005223,68.8255742606895,67.7123810614315,42.3819394446609,58.3214070128577,65.2677552045649,65.6497154851709,67.8813703751786
69.4465413564045,45.6992780673844,61.6407772363936,66.8457359049371,67.0872779104138,64.7201744180319,68.3116024496839,61.5608519053206,56.0744585284815,40.1041026722708,58.6379323076929,59.8051292333295,61.8867793678583,54.165244352685,67.5889848770397,62.861239409038,59.0244256687847,61.2063048189661,59.3791317188435,55.7061163813609,41.9718442057425,60.8821803942691,40.3221531720011,54.3102449548543,68.8293936133661,67.7123810614315,42.3819394446609,58.3214070128577,65.2677552045649,65.6497154851709,67.8813703751786
69.4965632925858,45.7568516219775,61.6407772363936,66.8457359049371,67.2226603380761,64.7201744180319,68.3116024496839,61.5608519053206,56.0744585284815,40.1890878212486,58.6379323076929,59.8051292333295,61.8867793678583,54.165244352685,67.5889848770397,62.9087948567616,59.0245903293072,61.2597473689299,59.3791317188435,55.7061163813609,41.9774646052482,60.8821803942691,40.3260062732463,54.3488127506529,68.8293936133661,67.7164752966379,42.3819394446609,58.3214070128577,65.2677552045649,65.7222320373573,67.8813703751786
69.4965632925858,45.7568516219775,61.6407772363936,66.8457359049371,67.2226603380761,64.7301369470087,68.3116024496839,61.5608519053206,56.5324699468752,40.304818983241,58.6779190340272,59.8051292333295,61.8867793678583,54.165244352685,67.5889848770397,62.9087948567616,59.0245903293072,61.2707097010658,59.3791317188435,55.7135085774041,41.9774646052482,60.8855370601887,40.3275504417114,54.3488127506529,68.8293936133661,67.7164752966379,42.3892515821827,58.3251281424471,65.2677552045649,65.8122356673058,67.9339396093387
69.4965632925858,45.7644834841678,61.6407772363936,66.8527254155811,67.2226603380761,64.7301369470087,68.3226499452183,61.5608519053206,56.5324699468752,40.304818983241,58.6779190340272,59.8051292333295,61.9328190015371,54.165244352685,67.5889848770397,62.9746019494872,59.0245903293072,61.2975951103988,59.3791317188435,55.7376422336715,41.9861647212716,60.8855370601887,40.3275504417114,54.3488127506529,68.8293936133661,67.7164752966379,42.3892515821827,58.3251281424471,65.2677552045649,65.8551506241187,67.9339396093387
69.4965632925858,45.7644834841678,61.6604757449455,66.8527254155811,67.2226603380761,64.7301369470087,68.3799554454494,61.5608519053206,56.5324699468752,40.304818983241,58.7237128186214,60.0212136146528,61.949109823285,54.2970630671444,67.5900649486024,63.0128778168223,59.0245903293072,61.2975951103988,59.3795565088093,55.8079090741159,41.9940043667783,60.8855370601887,40.3275504417114,54.353963713675,68.8293936133661,67.7164752966379,42.3892515821827,58.3251281424471,65.5785960459646,65.8551506241187,67.9339396093387
69.4965632925858,45.7644834841678,61.6604757449455,66.8527254155811,67.2752406832865,64.7392352536826,68.4260912803549,61.5608519053206,56.5324699468752,40.4425223629271,58.7592923230402,60.0212136146528,61.949109823285,54.4597401583909,67.5926895090005,63.0128778168223,59.0245903293072,61.2975951103988,59.3803098812904,55.8079090741159,41.9940043667783,60.8855370601887,40.3632368809515,54.353963713675,68.8293936133661,67.7164752966379,42.3892515821827,58.3300339424866,65.8856867870819,65.8551506241187,67.9339396093387
69.4965632925858,45.7750500268143,61.6717039364451,66.8527254155811,67.2752406832865,64.7722385802911,68.4260912803549,61.5608519053206,56.6016273765895,40.5128326483549,58.7592923230402,60.1158246413802,62.0020072328295,54.4597401583909,67.5926895090005,63.0128778168223,59.0245903293072,61.300690223897,59.3803098812904,55.8079090741159,42.0027534048754,60.8855370601887,40.3632368809515,54.353963713675,68.8293936133661,67.7164752966379,42.3892515821827,58.3300339424866,65.8856867870819,66.2593247444374,67.9339396093387
69.510159876602,45.9197320977315,61.6717039364451,66.8527254155811,67.2752406832865,64.7722385802911,68.4296174396988,61.5608519053206,57.321670552124,40.5128326483549,58.7700647857326,60.4288311874801,62.018605115298,54.4597401583909,67.5926895090005,63.0449909302777,59.0246133132884,61.3173092348268,59.3803098812904,55.8079090741159,42.1156876588947,60.8855370601887,40.3638466718391,54.353963713675,68.8293936133661,67.7628678648796,42.3892515821827,58.3300339424866,65.8856867870819,66.7546032456091,67.9339396093387
69.510159876602,45.9197320977315,61.6717039364451,66.8538055911502,67.2943973692878,64.7722385802911,68.4321150258203,61.5608519053206,58.4923726211898,40.5128326483549,58.7700647857326,60.4288311874801,62.018605115298,54.4597401583909,67.5926895090005,63.0449909302777,59.0246133132884,61.3220562271531,59.3803098812904,55.8079090741159,42.1156876588947,60.897783890096,40.3817883673332,54.353963713675,68.8293936133661,67.7638996015136,42.3892515821827,58.3300339424866,65.8856867870819,66.7838251026833,67.9339396093387
69.510159876602,45.9690937443154,61.6717039364451,66.8573854675443,67.2943973692878,64.7736732108237,68.4321150258203,61.5608519053206,58.4923726211898,40.640117247389,58.7700647857326,60.4288311874801,62.0239022691356,54.4605046097792,67.59987050368,63.0523308482673,59.0254331743107,61.3304607263162,59.3803098812904,55.8079090741159,42.2195725820249,60.897783890096,40.3817883673332,54.353963713675,68.864973208089,67.7638996015136,42.3892515821827,58.3343805208719,65.9538138259857,66.7838251026833,67.9339396093387
69.5193144601662,45.9690937443154,61.6717039364451,66.8840173390629,67.3274349659127,64.7736732108237,68.4618781139157,61.5608519053206,58.873829854201,40.7216521143542,58.8305360739023,60.4288311874801,62.0239022691356,54.4605046097792,67.59987050368,63.1048992104728,59.0254331743107,61.3304607263162,59.3803098812904,55.8595449011661,42.2907777786916,60.9019479023464,40.3817883673332,54.353963713675,68.8792145022588,67.7638996015136,42.3953665382114,58.3438817581617,65.9538138259857,67.8476523856084,67.9339396093387
69.5193144601662,45.9690937443154,61.6755059383876,66.8840173390629,67.3274349659127,64.7766953168352,68.507830748639,61.5608519053206,58.873829854201,40.7556700611777,58.95942455083,60.4288311874801,62.0239022691356,54.4605046097792,67.59987050368,63.1048992104728,59.0254331743107,61.3304607263162,59.3803098812904,55.9085186962092,42.2907777786916,60.9058292800469,40.4177464554708,54.353963713675,68.8792145022588,67.7638996015136,42.3953665382114,58.3438817581617,65.9538138259857,67.8961971364111,67.9339396093387
69.5193144601662,46.0240522050923,61.6922541732915,66.8840173390629,67.3274349659127,64.7766953168352,68.5412546012174,61.5608519053206,58.873829854201,40.7556700611777,58.95942455083,60.4288311874801,62.0344030489684,54.4605046097792,67.59987050368,63.1686516772287,59.0254331743107,61.3304607263162,59.3803098812904,55.9085186962092,42.3104344338493,60.9058292800469,40.4177464554708,54.3648142712544,68.8792145022588,67.8100332547989,42.3953665382114,58.3438817581617,65.9538138259857,67.8961971364111,67.9339396093387
69.5193144601662,46.1084899845709,61.6922541732915,66.8840173390629,67.3274349659127,64.7914505912611,68.5412546012174,61.5608519053206,58.873829854201,40.832190495256,58.9998976503683,60.4288311874801,62.0518119189222,54.4605046097792,67.59987050368,63.2781275391621,59.0254331743107,61.335834920125,59.3803098812904,55.9085186962092,42.3506789442587,60.9058292800469,40.4224834211532,54.3648142712544,68.8792145022588,67.8100332547989,42.4095123378133,58.3489768941411,65.9538138259857,67.8961971364111,67.9397487191769
69.5193144601662,46.1084899845709,61.6922541732915,66.8919373864026,67.3280349704141,64.8026878703273,68.5849965860994,61.5608519053206,58.873829854201,40.832190495256,58.9998976503683,60.4288311874801,62.0518119189222,54.4868037428706,67.6013091416017,63.2781275391621,59.0254331743107,61.335834920125,59.3805263304222,55.9085186962092,42.3506789442587,60.919658973902,40.5316370167251,54.3648142712544,68.8861630630449,67.8100332547989,42.4095123378133,58.3493048455727,65.9563759295177,67.9030523278184,67.9397487191769
69.5193144601662,46.1445525019001,61.6922541732915,66.9055118812212,67.3280349704141,64.8026878703273,68.6265836112689,61.5608519053206,58.873829854201,40.919637110223,58.9998976503683,60.4288311874801,62.0633692923352,54.4868037428706,67.6013091416017,63.3674316892478,59.0261016111367,61.3472460776355,59.3806130329914,55.9085186962092,42.4118959647398,60.919658973902,40.5316370167251,54.3648142712544,68.8907890250123,67.8100332547989,42.4095123378133,58.3493048455727,65.9563759295177,67.9030523278184,67.9397487191769
69.5247310356608,46.1445525019001,61.6922541732915,66.9055118812212,67.3280349704141,64.8026878703273,68.6265836112689,61.5608519053206,59.0048093645938,40.919637110223,58.9998976503683,60.4288311874801,62.0633692923352,54.4868037428706,67.6013091416017,63.4224471432373,59.0261016111367,61.3472460776355,59.3809554269771,55.9530387368124,42.4302217142799,60.919658973902,40.6025681823337,54.3648142712544,68.8907890250123,67.8100332547989,42.416976142033,58.3493048455727,65.9563759295177,67.9030523278184,67.9397487191769
69.5247310356608,46.1445525019001,61.7074266881185,66.9055118812212,67.3280349704141,64.8222496894666,68.6311541198823,61.5608519053206,59.5013493351533,40.919637110223,58.9998976503683,60.7897294034686,62.0633692923352,54.5010423752509,67.6013091416017,63.4224471432373,59.027572352407,61.3472460776355,59.3809554269771,55.9530387368124,42.4302217142799,60.919658973902,40.6721336338613,54.3648142712544,68.8907890250123,67.8100332547989,42.4290462825823,58.3493048455727,65.9563759295177,68.0003812466418,67.9397487191769
69.5247310356608,46.1747643765997,61.710408397327,66.9055118812212,67.3280349704141,64.8222496894666,68.6494255269105,61.5608519053206,59.5013493351533,40.9816441858292,58.9998976503683,61.1750400697791,62.0753473451067,54.5011015250399,67.6013091416017,63.4597505417923,59.027572352407,61.3563233123634,59.3809554269771,55.9530387368124,42.5457967028036,60.919658973902,40.6721336338613,54.4175210813736,68.8907890250123,67.8449562983493,42.4290462825823,58.3749777881815,65.9563759295177,68.0003812466418,67.9397487191769
69.5247310356608,46.2169413069117,61.710408397327,66.9055118812212,67.3280349704141,64.8222496894666,68.6494255269105,61.5608519053206,59.5013493351533,40.9816441858292,58.9998976503683,61.3387170227138,62.0753473451067,54.5330406689478,67.6013091416017,63.4807534586319,59.027572352407,61.3607381978181,59.3809554269771,55.9530387368124,42.5566386653077,60.9331944356831,40.7268329858505,54.4175210813736,68.8907890250123,67.8449562983493,42.4434689492588,58.3749777881815,65.9780776615476,68.0003812466418,67.9397487191769
69.5247310356608,46.2169413069117,61.710408397327,66.9055118812212,67.3280349704141,64.8222496894666,68.6494255269105,61.5608519053206,60.4017380464038,40.9816441858292,59.0025720786349,61.3932555157635,62.0753473451067,54.5330406689478,67.6013091416017,63.4807534586319,59.0281855636149,61.3607381978181,59.3809554269771,55.9530387368124,42.5566386653077,60.9331944356831,40.8144502096179,54.4597479631134,68.8907890250123,67.8449562983493,42.4445559232158,58.3749777881815,65.9780776615476,68.0003812466418,67.9397487191769
69.5247310356608,46.2169413069117,61.7144800619205,66.9055118812212,67.3280349704141,64.8222496894666,68.6498351726963,61.5608519053206,60.4017380464038,40.9816441858292,59.0025720786349,61.3932555157635,62.0753473451067,54.5330406689478,67.6013091416017,63.5230785894631,59.0285202198299,61.3607381978181,59.3809554269771,55.9530387368124,42.7631460058392,60.9331944356831,40.8368334127379,54.5022133001094,68.9060912317051,67.8608270403948,42.4445559232158,58.3790738351518,65.9780776615476,68.0550262984085,67.9397487191769
69.5693333652304,46.2169413069117,61.7144800619205,66.9055118812212,67.3280349704141,64.8582031039752,68.7207481390535,61.5608519053206,60.4017380464038,40.9816441858292,59.0264962716721,61.3932555157635,62.0753473451067,54.5330406689478,67.6013091416017,63.5255692492496,59.0285202198299,61.381256130618,59.3809554269771,55.9530387368124,43.0281676837689,60.9633421637947,40.8368334127379,54.5022133001094,68.9060912317051,67.8807372493591,42.4445559232158,58.4002954393132,65.9780776615476,68.1479516857465,67.9397487191769
69.5693333652304,46.2169413069117,61.7144800619205,66.9055118812212,67.3280349704141,64.8803447754375,68.7207481390535,61.5608519053206,60.4017380464038,40.9816441858292,59.0333017687281,61.7355623204682,62.0753473451067,54.5643610694852,67.6013091416017,63.5255692492496,59.0285202198299,61.381256130618,59.3809554269771,55.9871320272031,43.0281676837689,60.9633421637947,40.8368334127379,54.5022133001094,68.9060912317051,67.8807372493591,42.4445559232158,58.4002954393132,65.9780776615476,68.1479516857465,67.9397487191769
69.5693333652304,46.2169413069117,61.7144800619205,66.9055118812212,67.3280349704141,65.0515548573908,68.7207481390535,61.5608519053206,60.4017380464038,40.9816441858292,59.0333017687281,61.8228226070035,62.0753473451067,54.5643610694852,67.6013091416017,63.5732928811169,59.0285202198299,61.381256130618,59.3809554269771,56.0955884033044,43.1578075114633,60.9633421637947,40.8688200094362,54.5022133001094,68.9060912317051,67.8807372493591,42.4445559232158,58.4002954393132,65.9780776615476,68.1479516857465,67.9466506586327
69.5693333652304,46.2169413069117,61.7144800619205,66.9057560203081,67.3384183311621,65.1009423860317,68.7207481390535,61.5608519053206,60.4017380464038,40.9816441858292,59.0386265585002,61.8228226070035,62.0753473451067,54.5643610694852,67.6013091416017,63.5836466681633,59.0297429624185,61.3890926029135,59.3809554269771,56.0955884033044,43.2081692809867,60.9759915358348,40.8877820919173,54.5022133001094,68.9060912317051,67.8807372493591,42.4445559232158,58.4002954393132,66.0699659335862,68.1479516857465,67.9466506586327
69.5693333652304,46.2169413069117,61.7144800619205,66.908033132974,67.3384183311621,65.1009423860317,68.7658326042966,61.5608519053206,60.4017380464038,41.0032421885638,59.0386265585002,61.8228226070035,62.0753473451067,54.5645629589495,67.6013091416017,63.5836466681633,59.0301455411565,61.3890926029135,59.3809554269771,56.0955884033044,43.2081692809867,60.9955561253478,40.8877820919173,54.5022133001094,68.9060912317051,67.8807372493591,42.4445559232158,58.4180437644465,66.2711929063043,68.2344264102584,67.9466506586327
69.5693333652304,46.2398081495653,61.7144800619205,66.9128645105444,67.3384183311621,65.1272175435391,68.8490386916986,61.5608519053206,60.4017380464038,41.0032421885638,59.0386265585002,61.8228226070035,62.0808684990856,54.5645629589495,67.6013091416017,63.5848100747381,59.0301455411565,61.3890926029135,59.3809554269771,56.0955884033044,43.2943675661459,60.9955561253478,40.9051926514869,54.5022133001094,68.9060912317051,67.8807372493591,42.4445559232158,58.4255070160794,66.2711929063043,68.2550035699343,67.9466506586327
69.5693333652304,46.2398081495653,61.7161870913111,66.9128645105444,67.3384183311621,65.1416709087933,68.8490386916986,61.5608519053206,61.3128000740195,41.0032421885638,59.0386265585002,61.8228226070035,62.0808684990856,54.5645629589495,67.6013091416017,63.5848100747381,59.0301455411565,61.3979199935836,59.3810153993437,56.0955884033044,43.2943675661459,60.9955561253478,40.9150750834958,54.52631008516,68.9060912317051,67.8807372493591,42.4445559232158,58.4255070160794,66.2711929063043,68.2550035699343,67.947184888969
69.5693333652304,46.2398081495653,61.7161870913111,66.9128645105444,67.3506267897763,65.1416709087933,68.8490386916986,61.5608519053206,61.3128000740195,41.0032421885638,59.0517711883527,61.8733311018727,62.0808684990856,54.5645629589495,67.6013091416017,63.5848100747381,59.030756926597,61.3979199935836,59.3810153993437,56.0955884033044,43.2943675661459,60.9955561253478,40.9150750834958,54.52631008516,68.9120273945799,67.8807372493591,42.4492115344797,58.4322640310907,66.3423969228628,68.3671042941416,67.947184888969
69.5693333652304,46.2398081495653,61.7161870913111,66.9128645105444,67.3536352313854,65.1416709087933,68.8490386916986,61.5608519053206,61.3128000740195,41.0355701421091,59.0517711883527,61.8733311018727,62.0808684990856,54.5645629589495,67.602291639636,63.5863185564249,59.0310611727241,61.3979199935836,59.3810153993437,56.0955884033044,43.2943675661459,60.9987381059309,40.9207272728633,54.5456437101743,68.9120273945799,67.8807372493591,42.4492115344797,58.4486245149252,66.3423969228628,68.3671042941416,67.947184888969
69.5776171787907,46.2398081495653,61.7161870913111,66.9181606008995,67.3536352313854,65.1418615379561,68.8490386916986,61.5608519053206,61.7391616643469,41.1133453491375,59.0517711883527,61.8733311018727,62.0808684990856,54.5645629589495,67.602291639636,63.5863185564249,59.0311552925486,61.3979199935836,59.3810153993437,56.0955884033044,43.4246361338224,60.9987381059309,41.2032374689504,54.5456437101743,68.9120273945799,67.8807372493591,42.4563281142895,58.4594969068678,66.3423969228628,68.3671042941416,67.947184888969
69.5776171787907,46.2398081495653,61.7235419118711,66.9181606008995,67.3536352313854,65.1418615379561,68.8490386916986,61.5608519053206,61.7391616643469,41.1133453491375,59.0517711883527,61.8733311018727,62.0808684990856,54.5650757600578,67.602291639636,63.5863185564249,59.0311552925486,61.4050764791829,59.381284291398,56.0955884033044,43.4246361338224,60.9987381059309,41.2032374689504,54.5456437101743,68.9120273945799,67.8807372493591,42.4563281142895,58.4594969068678,66.3423969228628,68.3671042941416,67.947184888969
69.5776171787907,46.2605242073297,61.7235419118711,66.9181606008995,67.3536352313854,65.2037061987987,68.8490386916986,61.5608519053206,61.7391616643469,41.1133453491375,59.0517711883527,61.8733311018727,62.0808684990856,54.5650757600578,67.602291639636,63.5863185564249,59.0311552925486,61.4050764791829,59.381284291398,56.0955884033044,43.5230680515243,61.004746700473,41.2304729600005,54.5572190904176,68.9120273945799,67.8807372493591,42.4563281142895,58.4681520104017,66.3423969228628,68.4709455135775,67.947184888969
69.5919825683138,46.2869737466263,61.7235419118711,66.9181606008995,67.3731252461444,65.2037061987987,68.8490386916986,61.5608519053206,61.7391616643469,41.1432006214931,59.0523043339097,61.8733311018727,62.0808684990856,54.5650757600578,67.602291639636,63.5902813308647,59.0311552925486,61.4050764791829,59.381284291398,56.0955884033044,43.5230680515243,61.004746700473,41.2304729600005,54.6032913027967,68.9299735609063,67.8807372493591,42.4596643492849,58.4875130725037,66.3423969228628,68.5326092206785,67.9489359587553
69.5919825683138,46.2869737466263,61.7235419118711,66.9181606008995,67.3731252461444,65.2037061987987,68.8490386916986,61.5608519053206,62.0310113396117,41.5926757194353,59.0643607053496,61.9579323325397,62.0808684990856,54.5650757600578,67.602291639636,63.5902813308647,59.0317510606518,61.4090597434416,59.381284291398,56.0955884033044,43.5230680515243,61.004746700473,41.2304729600005,54.6032913027967,68.9299735609063,67.8916141760633,42.4596643492849,58.5007935763752,66.3600685628155,68.5326092206785,67.9489359587553
69.5919825683138,46.2966989715256,61.7349994054993,66.9181606008995,67.3731252461444,65.2181730989811,68.8525297478437,61.5608519053206,62.0726598324077,41.5926757194353,59.0643607053496,62.0180638445909,62.0808684990856,54.5690158830062,67.602291639636,63.5970345065758,59.0320535800424,61.4099459069435,59.381284291398,56.0955884033044,43.6486125753414,61.0058761573155,41.2304729600005,54.61404386688,68.9299735609063,67.9011679878737,42.4655615003287,58.5007935763752,66.3850257689287,68.5326092206785,67.9489359587553
69.5919825683138,46.3531909815772,61.7349994054993,66.9181606008995,67.3731252461444,65.2528788624098,68.8525297478437,61.5608519053206,62.0726598324077,41.5926757194353,59.0665387034547,62.0180638445909,62.0808684990856,54.5706854326008,67.602291639636,63.6077924852129,59.0320535800424,61.4099459069435,59.381284291398,56.1764144495753,43.6486125753414,61.0058761573155,41.2375012758007,54.61404386688,68.9299735609063,67.907044408151,42.4655615003287,58.5014593801625,66.3850257689287,68.5516746497632,67.9489359587553
69.5919825683138,46.3531909815772,61.7349994054993,66.9181606008995,67.3731252461444,65.2528788624098,68.8525297478437,61.5608519053206,62.0726598324077,41.5926757194353,59.0665387034547,62.0180638445909,62.0808684990856,54.5706854326008,67.602291639636,63.6077924852129,59.0320535800424,61.4099459069435,59.381284291398,56.2823269640621,43.6486125753414,61.0058761573155,41.2375012758007,54.61404386688,68.9299735609063,67.9236715646467,42.4668993870858,58.5014593801625,66.3850257689287,68.5886349482674,67.9489359587553
69.5919825683138,46.3531909815772,61.7349994054993,66.9282480205348,67.3731252461444,65.2528788624098,68.8525297478437,61.5608519053206,62.4589448649947,41.5926757194353,59.0665387034547,62.0180638445909,62.0808684990856,54.5706854326008,67.602291639636,63.6122695488112,59.0320535800424,61.4099459069435,59.381284291398,56.2823269640621,43.657977144033,61.0064865722036,41.2375012758007,54.61404386688,68.9299735609063,67.9236715646467,42.4668993870858,58.5014593801625,66.3850257689287,68.5886349482674,67.9489359587553
69.5919825683138,46.3776625540625,61.7587300856273,66.9282480205348,67.3788102016159,65.2528788624098,68.8525297478437,61.5608519053206,62.4589448649947,41.5926757194353,59.0665387034547,62.0180638445909,62.0808684990856,54.5706854326008,67.6032583375491,63.6137107162827,59.0320535800424,61.4099459069435,59.381284291398,56.2823269640621,43.657977144033,61.0075887527832,41.2647726790315,54.61404386688,68.9299735609063,67.9337818519805,42.4668993870858,58.5014593801625,66.3850257689287,68.5886349482674,67.9489359587553
69.5919825683138,46.3776625540625,61.7587300856273,66.9282480205348,67.3820131130108,65.2528788624098,68.8525297478437,61.5608519053206,62.4589448649947,41.5926757194353,59.0774256018322,62.0913242827621,62.0808684990856,54.5706854326008,67.6032583375491,63.6137107162827,59.0320535800424,61.4099459069435,59.381284291398,56.2823269640621,43.657977144033,61.0214412925866,41.2647726790315,54.61404386688,68.9341846758447,67.943176733047,42.4668993870858,58.5073836813044,66.3850257689287,68.7167506202965,67.9489359587553
69.5919825683138,46.3900345583035,61.7587300856273,66.9282480205348,67.3820131130108,65.2725429087326,68.8525297478437,61.5608519053206,62.4589448649947,43.2280857207717,59.0774256018322,62.1210576965418,62.0808684990856,54.5706854326008,67.6032583375491,63.6388577433689,59.0320535800424,61.4099459069435,59.381284291398,56.2823269640621,43.657977144033,61.0214412925866,41.2780229530396,54.61404386688,68.9341846758447,67.9598084043357,42.4668993870858,58.5287919616779,66.3850257689287,68.7602684017438,67.9489359587553
69.6006164503198,46.3900345583035,61.7587300856273,66.9282480205348,67.3820131130108,65.2986468748476,68.8525297478437,61.5608519053206,62.8805835183212,43.348200860959,59.0774256018322,62.1210576965418,62.0808684990856,54.5706854326008,67.6032583375491,63.6461510946338,59.0320535800424,61.4099459069435,59.381284291398,56.2823269640621,43.6827501214562,61.0227625313877,41.2780229530396,54.61404386688,68.9341846758447,67.9598084043357,42.4668993870858,58.5287919616779,66.3850257689287,68.7602684017438,67.9822249619638
69.6006164503198,46.3900345583035,61.7644800068033,66.9396277391554,67.3826591404797,65.2986468748476,68.8525297478437,61.5608519053206,62.8805835183212,43.348200860959,59.0774256018322,62.1210576965418,62.0808684990856,54.5706854326008,67.6032583375491,63.6461510946338,59.0322797184866,61.4102399540657,59.381284291398,56.299152104969,43.6827501214562,61.0227625313877,41.2780229530396,54.61404386688,68.9341846758447,67.9598084043357,42.4668993870858,58.5287919616779,66.3850257689287,68.7602684017438,67.9822249619638
69.6006164503198,46.3900345583035,61.7644800068033,66.9396277391554,67.3826591404797,65.2986468748476,68.8549066633942,61.5608519053206,62.8805835183212,43.348200860959,59.0774256018322,62.1210576965418,62.0808684990856,54.5706854326008,67.6037414176945,63.6546337985933,59.03273562282,61.4102399540657,59.381284291398,56.299152104969,43.6827501214562,61.0227625313877,41.2877188116589,54.61404386688,68.9346494846076,67.9598084043357,42.4668993870858,58.5305864700995,66.4033654601261,68.7602684017438,67.9822249619638
69.6006164503198,46.3900345583035,61.7644800068033,66.9396277391554,67.3826591404797,65.3008948375641,68.8549066633942,61.5608519053206,62.8805835183212,43.348200860959,59.0774256018322,62.1210576965418,62.0808684990856,54.5708376026529,67.6037414176945,63.6551505657832,59.03273562282,61.4102399540657,59.381284291398,56.4161081241946,43.7315187122209,61.0269614598087,41.2971395115078,54.61404386688,68.9346494846076,67.9598084043357,42.4668993870858,58.5477937704193,66.4033654601261,68.7946133049906,67.9822249619638
69.6006164503198,46.3900345583035,61.7644800068033,66.9396277391554,67.3826591404797,65.3008948375641,68.8549066633942,61.5608519053206,63.219766011034,43.348200860959,59.0774256018322,62.1359330815022,62.0808684990856,54.5708376026529,67.6037414176945,63.6551505657832,59.03273562282,61.4102399540657,59.381284291398,56.4161081241946,43.7315187122209,61.033695222545,41.2971395115078,54.61404386688,68.9346494846076,67.9598084043357,42.4668993870858,58.5477937704193,66.4033654601261,68.7946133049906,67.9822249619638
69.6006164503198,46.3900345583035,61.7684156216577,66.9396277391554,67.3826591404797,65.3008948375641,68.8549066633942,61.5608519053206,63.219766011034,43.348200860959,59.0774256018322,62.1359330815022,62.0808684990856,54.5708376026529,67.6037414176945,63.6551505657832,59.03273562282,61.4199366516436,59.381284291398,56.4161081241946,43.7752386699054,61.033695222545,41.2991967493233,54.61404386688,68.9346494846076,67.9598084043357,42.4668993870858,58.5477937704193,66.4033654601261,68.7946133049906,67.9822249619638
69.6283608673401,46.3900345583035,61.7684156216577,66.9396277391554,67.3975541683774,65.3160874945799,68.8549066633942,61.5608519053206,63.5492214745398,43.348200860959,59.0774256018322,62.1359330815022,62.0808684990856,54.5708376026529,67.6037414176945,63.6696351576688,59.0328782962378,61.4199366516436,59.381284291398,56.4161081241946,43.7848305847285,61.033695222545,41.3120384355342,54.61404386688,68.9389710826193,67.9781806336866,42.4668993870858,58.5551640056953,66.4033654601261,68.8313353237673,67.9824153516868
69.6283608673401,46.3900345583035,61.7684156216577,66.9396277391554,67.4126028214596,65.3160874945799,68.8549066633942,61.5608519053206,63.5492214745398,43.348200860959,59.0774256018322,62.1359330815022,62.0808684990856,54.5747227970741,67.6037414176945,63.6696351576688,59.7681839199538,61.4199366516436,59.381284291398,56.4161081241946,43.7848305847285,61.033695222545,41.3120384355342,54.61404386688,68.9389710826193,67.9781806336866,42.4668993870858,58.5696132308891,66.4033899339907,68.8313353237673,67.9824153516868
69.6283608673401,46.3904262237897,61.7684156216577,66.9396277391554,67.4126028214596,65.3160874945799,68.8549066633942,61.5608519053206,63.988006712588,43.348200860959,59.0774256018322,62.1359330815022,62.0808684990856,54.5747227970741,67.6037414176945,63.7046270208625,59.857459249557,61.424737780051,59.381284291398,56.4161081241946,43.7899456887082,61.033695222545,41.3138830881583,54.61404386688,68.9389710826193,67.9781806336866,42.4668993870858,58.6928010184207,66.4033899339907,68.8313353237673,67.9824153516868
69.654853288592,46.3930696022634,61.784535104587,66.9396277391554,67.4126028214596,65.3160874945799,68.8560759137269,61.5608519053206,63.9960651743692,43.348200860959,59.0774256018322,62.1359330815022,62.0808684990856,54.5747227970741,67.6037414176945,63.7176935629241,59.857459249557,61.4271312470487,59.381284291398,56.504772830261,43.7944227203837,61.033695222545,41.3186194067079,54.61404386688,68.9389710826193,67.9781806336866,42.4668993870858,58.6928010184207,66.4033899339907,68.8313353237673,67.9824153516868
69.654853288592,46.3930696022634,61.784535104587,66.9396277391554,67.4126028214596,65.3160874945799,68.8560759137269,61.5608519053206,63.9960651743692,43.348200860959,59.0774256018322,62.1359330815022,62.0808684990856,54.5747227970741,67.6037414176945,63.7176935629241,59.857459249557,61.4271312470487,59.381284291398,56.5541585464123,43.7944227203837,61.033695222545,41.3186194067079,54.61404386688,68.9389710826193,67.9781806336866,42.4668993870858,58.7230344767884,66.4033899339907,68.8316145152943,67.982679599865
69.654853288592,46.3935131087486,61.784535104587,66.9396277391554,67.4126028214596,65.3160874945799,68.8560759137269,61.5608519053206,63.9960651743692,43.6762578772205,59.0774256018322,62.1610588255962,62.0808684990856,54.5747227970741,67.6037414176945,63.7531630377274,59.857459249557,61.4271312470487,59.381284291398,56.5541585464123,43.8396314217022,61.0358175700141,41.3210366876998,54.61404386688,68.9416276108719,67.996799022683,42.4668993870858,58.8086851480479,66.4033899339907,68.857773863521,68.0150913260087
69.6846166579609,46.3935131087486,61.784535104587,66.9396277391554,67.4126028214596,65.3290658792623,68.8560759137269,61.5608519053206,64.1016963569111,43.6762578772205,59.0774256018322,62.1610588255962,62.0808684990856,54.5775209839515,67.6037414176945,63.7810641475193,59.857459249557,61.4282342253452,59.3813128467286,56.5541585464123,43.8522255789933,61.0358175700141,41.322237572774,54.61404386688,68.9436696353945,67.996799022683,42.4668993870858,58.8720334168486,66.4076652961204,68.857773863521,68.0318120490221
69.6846166579609,46.3935131087486,61.8005810800239,66.9396277391554,67.4126028214596,65.3290658792623,68.8560759137269,61.5608519053206,64.4067849390938,43.6762578772205,59.0774256018322,62.1610588255962,62.0808684990856,54.5775209839515,67.6037414176945,63.7810641475193,60.0836441795781,61.4299344119125,59.3813128467286,56.5541585464123,43.8522255789933,61.0358175700141,41.322237572774,54.61404386688,68.9436696353945,67.996799022683,42.4668993870858,58.8720334168486,66.4354321822163,68.857773863521,68.0318120490221
69.6846166579609,46.3952788271431,61.8005810800239,66.9396277391554,67.4126028214596,65.3290658792623,68.8562152528538,61.5608519053206,64.4067849390938,43.6762578772205,59.0774256018322,62.1610588255962,62.0808684990856,54.5775209839515,67.6037414176945,63.7962143547462,60.3148729359937,61.4299344119125,59.3813128467286,56.5541585464123,43.8522255789933,61.0358175700141,41.322811336393,54.61404386688,68.9436696353945,67.996799022683,42.4668993870858,58.9563680802233,66.4354321822163,68.857773863521,68.0318120490221
69.706926625239,46.3969670322412,61.8005810800239,66.9396277391554,67.4173363081512,65.3290658792623,68.8562152528538,61.5608519053206,64.4067849390938,43.6762578772205,59.0774256018322,62.1610588255962,62.0808684990856,54.5775209839515,67.6037414176945,63.8250228251762,60.5600105972827,61.4299344119125,59.3813128467286,56.5541585464123,43.8944419424028,61.0385599761908,41.3374915316386,54.61404386688,68.9436696353945,68.0290703352373,42.4668993870858,59.0613706407249,66.4354321822163,68.8743886378347,68.039543357221
69.706926625239,46.3969670322412,61.8005810800239,66.9396277391554,67.4173363081512,65.3347438773339,68.8671716354743,61.5608519053206,64.4983068057824,43.6762578772205,59.0774256018322,62.2038859663418,62.0808684990856,54.5775209839515,67.6037414176945,63.8250228251762,60.5600105972827,61.4299344119125,59.3813128467286,56.5541585464123,43.8944419424028,61.0385599761908,41.3374915316386,54.61404386688,68.9436696353945,68.0290703352373,42.4668993870858,59.0613706407249,66.4803503746296,68.8743886378347,68.0935641678785
69.706926625239,46.3969670322412,61.8206345893777,66.9396277391554,67.4173363081512,65.3388865029574,68.8718832709906,61.5608519053206,64.5309740582691,43.6762578772205,59.0774256018322,62.294004176065,62.0808684990856,54.5857458801293,67.6037414176945,63.8250228251762,60.5600105972827,61.431757466164,59.3813762524286,56.5541585464123,43.9300366750752,61.0385599761908,41.3430012327168,54.61404386688,68.9477156890957,68.0290703352373,42.4668993870858,59.0613706407249,66.4803503746296,68.8743886378347,68.100595025712
69.706926625239,46.3969670322412,61.8206345893777,66.9396277391554,67.4173363081512,65.3388865029574,68.8718832709906,61.5608519053206,64.7030624885223,43.6762578772205,59.0774256018322,62.5291230100994,62.0808684990856,54.5857458801293,67.6037414176945,63.8313505401609,60.9136282786052,61.431757466164,59.3813762524286,56.5541585464123,43.9300366750752,61.0385599761908,41.348548344393,54.6217056972416,68.9493449129299,68.0290703352373,42.4668993870858,59.1112463236543,66.4803503746296,68.8743886378347,68.1152392944445
69.706926625239,46.3969670322412,61.8206345893777,66.9396277391554,67.4173363081512,65.3388865029574,68.8742557311865,61.5608519053206,64.7030624885223,43.6762578772205,59.0774256018322,62.5291230100994,62.0808684990856,54.5857458801293,67.6037414176945,63.8313505401609,61.076949199838,61.431757466164,59.3813762524286,56.5541585464123,43.9300366750752,61.0385599761908,41.348548344393,54.6217056972416,68.9493449129299,68.0290703352373,42.4668993870858,59.2065987651701,66.4803503746296,68.8834810783959,68.1152392944445
69.706926625239,46.3969670322412,61.8206345893777,66.9396277391554,67.4262494120866,65.3388865029574,68.8742557311865,61.5608519053206,64.7030624885223,43.6762578772205,59.0774256018322,62.5291230100994,62.0808684990856,54.5857458801293,67.6037414176945,63.8313505401609,61.076949199838,61.431757466164,59.3813762524286,56.5541585464123,43.9519258004935,61.0385599761908,41.348548344393,54.6217056972416,68.9493449129299,68.045857157048,42.4748953957789,59.2065987651701,66.4803503746296,68.8925793580257,68.1152392944445
69.7207212556713,46.397248614588,61.8377581125121,66.9396277391554,67.4262494120866,65.3450878617617,68.8759418409651,61.5608519053206,64.7030624885223,43.6762578772205,59.0774256018322,62.5291230100994,62.0808684990856,54.5891586702539,67.6037414176945,63.8313505401609,61.076949199838,61.431757466164,59.3814724568523,56.5541585464123,43.9525514973017,61.0385599761908,41.3618475146709,54.6241560644545,68.9493449129299,68.045857157048,42.4748953957789,59.2065987651701,66.5218519353728,68.8925793580257,68.1269821919759
69.7207212556713,46.397248614588,61.8377581125121,66.9396277391554,67.4262494120866,65.3450878617617,68.8759418409651,61.5608519053206,64.856747152961,43.6762578772205,59.0774256018322,62.6633697373792,62.0808684990856,54.5891586702539,67.604342876347,63.8313505401609,61.1408600611649,61.431757466164,59.3814724568523,56.5541585464123,43.9525514973017,61.0385599761908,41.3618475146709,54.6241560644545,68.9493449129299,68.045857157048,42.4748953957789,59.2671686089719,66.5692196252815,68.9034031458853,68.1269821919759
69.7207212556713,46.397248614588,61.8377581125121,66.9396277391554,67.4262494120866,65.3450878617617,68.8759418409651,61.5608519053206,64.856747152961,43.9419844225318,59.0774256018322,62.7943011083646,62.0808684990856,54.5891586702539,67.604342876347,63.8313505401609,61.1738972021237,61.431757466164,59.3814724568523,56.5541585464123,43.9525514973017,61.0385599761908,41.3618475146709,54.6241560644545,68.9513949548511,68.045857157048,42.4748953957789,59.298021142578,66.7651022443861,68.9096400718177,68.1269821919759
69.7207212556713,46.397248614588,61.8377581125121,66.9412601119009,67.4262494120866,65.3462535568526,68.8759418409651,61.5608519053206,64.9556924272192,43.9419844225318,59.0774256018322,62.8673039656092,62.0808684990856,54.5891586702539,67.604342876347,63.8313505401609,61.4501061276469,61.431757466164,59.3814724568523,56.6550773675222,43.9525514973017,61.0385599761908,41.3618475146709,54.6241560644545,68.9513949548511,68.0513506299187,42.4748953957789,59.298021142578,66.7651022443861,68.9125013737509,68.1269821919759
69.7207212556713,46.397248614588,61.8534728114924,66.9412601119009,67.4262494120866,65.3462535568526,68.8759418409651,61.5608519053206,65.0080032245752,44.1808587871474,59.0774256018322,62.8673039656092,62.0808684990856,54.5891586702539,67.604342876347,63.8313505401609,61.4501061276469,61.431757466164,59.3814724568523,56.6550773675222,43.9569631474146,61.0385599761908,41.3618475146709,54.6241560644545,68.9513949548511,68.0513506299187,42.4748953957789,59.298021142578,66.7651022443861,68.9125013737509,68.1376786574974
69.7207212556713,46.397248614588,61.8534728114924,66.9412601119009,67.4262494120866,65.3462535568526,68.8759418409651,61.5608519053206,65.0080032245752,44.1808587871474,59.0774256018322,62.8673039656092,62.0808684990856,54.5904819393399,67.604342876347,63.8313505401609,61.4501061276469,61.4353919386376,59.3814724568523,56.6550773675222,43.9690852533049,61.0385599761908,41.3618475146709,54.6241560644545,68.9513949548511,68.0513506299187,42.4748953957789,59.3432309524038,66.8045531269818,68.9319422823842,68.1376786574974
69.7237649816683,46.397248614588,61.8534728114924,66.9412601119009,67.4262494120866,65.3462535568526,68.8807669444536,61.5608519053206,65.0080032245752,44.3949295324117,59.0774256018322,62.8673039656092,62.0808684990856,54.5904819393399,67.604342876347,63.8313505401609,61.4901374831469,61.4353919386376,59.3814724568523,56.6550773675222,43.9729087508919,61.0385599761908,41.3618475146709,54.6241560644545,68.9513949548511,68.0513506299187,42.4748953957789,59.5242306055537,66.8539538713235,68.9353794950817,68.1376786574974
69.7237649816683,46.397248614588,61.8534728114924,66.9412601119009,67.4262494120866,65.3462535568526,68.8807669444536,61.5612326692116,65.0080032245752,44.4595464345125,59.0774256018322,63.0154873195663,62.091869252058,54.5904819393399,67.604342876347,63.8313505401609,61.8000848533338,61.4353919386376,59.3814724568523,56.6550773675222,43.9729087508919,61.0385599761908,41.3618475146709,54.6341408095613,68.9559305967942,68.0513506299187,42.4748953957789,59.5242306055537,66.9361291296713,68.9353794950817,68.1376786574974
69.7237649816683,46.397248614588,61.8789130918967,66.9449436050423,67.4262494120866,65.3462535568526,68.8807669444536,61.5612326692116,65.0080032245752,44.4595464345125,59.0774256018322,63.0154873195663,62.091869252058,54.5904819393399,67.604342876347,63.8313505401609,61.8000848533338,61.437006170697,59.3814724568523,56.6550773675222,43.9729087508919,61.0385599761908,41.3618475146709,54.6341408095613,68.9625239566533,68.0513506299187,42.4748953957789,59.5242306055537,66.9361291296713,68.9353794950817,68.1376786574974
69.7237649816683,46.397248614588,61.8789130918967,66.9449436050423,67.4293053571577,65.3462535568526,68.8807669444536,61.5612326692116,65.0864559373325,44.4595464345125,59.0774256018322,63.068130810015,62.091869252058,54.5904819393399,67.604342876347,63.8313505401609,61.8000848533338,61.437006170697,59.3814939198794,56.6630338825194,43.9819019647819,61.0385599761908,41.3618475146709,54.6341408095613,68.9625239566533,68.0513506299187,42.4748953957789,59.5686536820352,66.9361291296713,68.9353794950817,68.1376786574974
69.7237649816683,46.397248614588,61.8789130918967,66.9449436050423,67.4293053571577,65.3463882556385,68.8808763957069,61.5631936396184,65.0864559373325,44.6317662021716,59.0774256018322,63.068130810015,62.091869252058,54.5904819393399,67.604342876347,63.8313505401609,61.8499740283262,61.437006170697,59.3814939198794,56.8374590225799,43.9819019647819,61.0428775913291,41.3618475146709,54.6341408095613,68.9625239566533,68.0513506299187,42.4748953957789,59.6457862199692,67.0089483628778,68.9353794950817,68.1383810951366
69.7237649816683,46.397248614588,61.8789130918967,66.9449436050423,67.4293053571577,65.3463882556385,68.8808763957069,61.5631936396184,65.2453875751351,44.6317662021716,59.0774256018322,63.068130810015,62.091869252058,54.5904819393399,67.6049670345163,63.8313505401609,61.9190366823995,61.437006170697,59.3814939198794,56.8635993859599,43.9879221161945,61.0428775913291,41.3618475146709,54.6341408095613,68.969720060228,68.0513506299187,42.4748953957789,59.6955977900826,67.0662855115432,68.9353794950817,68.1383810951366
69.7237649816683,46.397248614588,61.9047823085696,66.9449436050423,67.4293053571577,65.3463882556385,68.8808763957069,61.5631936396184,65.3009864970901,44.6317662021716,59.0774256018322,63.068130810015,62.091869252058,54.5904819393399,67.6049670345163,63.8313505401609,61.9190366823995,61.4372193639738,59.3814939198794,56.8635993859599,43.993498132944,61.0428775913291,41.3618475146709,54.6341408095613,68.9838750130565,68.0540805690055,42.4748953957789,59.6955977900826,67.1625147811805,68.9500212234807,68.1383810951366
69.7237649816683,46.397248614588,61.9047823085696,66.9449436050423,67.4293053571577,65.3463882556385,68.8808763957069,61.5631936396184,65.3009864970901,44.6317662021716,59.0774256018322,63.0911891933142,62.091869252058,54.5904819393399,67.6049670345163,63.8313505401609,61.9190366823995,61.4372193639738,59.3814939198794,56.8635993859599,43.993498132944,61.0428775913291,41.3630886037128,54.6341408095613,68.9902473342245,68.0540805690055,42.4748953957789,59.6955977900826,67.1625147811805,68.9500212234807,68.1383810951366
69.7237649816683,46.397248614588,61.9047823085696,66.9459657923816,67.4348939942383,65.3463882556385,68.8808763957069,61.5663781281557,65.3009864970901,44.7737726134592,59.0774256018322,63.1372516666835,62.091869252058,54.6003482145207,67.6049670345163,63.8313505401609,61.9190366823995,61.4372193639738,59.3815381503759,56.8635993859599,43.993498132944,61.0481440401305,41.3630886037128,54.6341408095613,68.9902473342245,68.0540805690055,42.4748953957789,59.7806704789756,67.1625147811805,68.9500212234807,68.139195838413
69.7329272399789,46.397248614588,61.9047823085696,66.9459657923816,67.4348939942383,65.3463882556385,68.8808763957069,61.5663781281557,65.5357132553159,44.939622998458,59.0774256018322,63.2466510212163,62.091869252058,54.6003482145207,67.6049670345163,63.8313505401609,61.9190366823995,61.4372193639738,59.3815381503759,56.8635993859599,43.993498132944,61.0481440401305,41.3674688699342,54.6351112729969,68.9902473342245,68.0540805690055,42.4748953957789,59.8158425378815,67.2252932487886,68.9542607743521,68.1571135582567
69.7329272399789,46.397248614588,61.9150133604629,66.9459657923816,67.4348939942383,65.3463882556385,68.8808763957069,61.5761215411791,65.5455600269206,44.939622998458,59.0774256018322,63.4192823796124,62.091869252058,54.6003482145207,67.6056211363071,63.8313505401609,61.9190366823995,61.4372193639738,59.3815381503759,56.9012899242043,43.993498132944,61.0481440401305,41.3674688699342,54.6351112729969,68.9902473342245,68.0540805690055,42.4748953957789,59.8158425378815,67.2293532517944,68.9542607743521,68.1571135582567
69.7329272399789,46.397248614588,61.9150133604629,66.9459657923816,67.4348939942383,65.3463882556385,68.8808763957069,61.5761215411791,65.5455600269206,44.939622998458,59.0774256018322,63.4192823796124,62.091869252058,54.6003482145207,67.6056211363071,63.8313505401609,61.9190366823995,61.4372193639738,59.3815381503759,56.9012899242043,44.0035154862481,61.0481440401305,41.3674688699342,54.6351112729969,69.0091440313149,68.0590205626403,42.4748953957789,59.8158425378815,67.2293532517944,68.9542607743521,68.1571135582567
69.733351621597,46.397248614588,61.9150133604629,66.9459657923816,67.4348939942383,65.3463882556385,68.8808824760015,61.5761215411791,65.5455600269206,45.01581378237,59.0774256018322,63.4192823796124,62.091869252058,54.6052713743083,67.6056211363071,63.8313505401609,61.9190366823995,61.4372193639738,59.3815381503759,56.9012899242043,44.0111099258179,61.0481594354022,41.3674688699342,54.6376131166459,69.0091440313149,68.0590205626403,42.4748953957789,59.8158425378815,67.2293532517944,68.9542607743521,68.1571135582567
69.733351621597,46.397248614588,61.9150133604629,66.9506216037876,67.4348939942383,65.3566194109668,68.8808824760015,61.579604136153,65.6783097425823,45.0714976029623,59.0774256018322,63.4622800129194,62.091869252058,54.6052713743083,67.6056211363071,63.8313505401609,61.9190366823995,61.4372193639738,59.3815381503759,56.9012899242043,44.0111099258179,61.0481594354022,41.3674688699342,54.6376131166459,69.0091440313149,68.0590205626403,42.4748953957789,59.895444744534,67.2293532517944,68.9654674969183,68.1575662507967
69.733351621597,46.397248614588,61.9238061370506,66.9506216037876,67.4348939942383,65.3566194109668,68.8808824760015,61.579604136153,65.7418388961157,45.0714976029623,59.0774256018322,63.5698857194115,62.091869252058,54.6052713743083,67.6056211363071,63.8313505401609,61.9190366823995,61.4372193639738,59.3815381503759,56.9012899242043,44.0141275468893,61.0481594354022,41.3674688699342,54.6376131166459,69.0091440313149,68.0590205626403,42.4748953957789,59.895444744534,67.2293532517944,68.9654674969183,68.1626310377338
69.7349433942255,46.397248614588,61.9238061370506,66.9506216037876,67.4348939942383,65.3566194109668,68.8808824760015,61.5818981627379,65.7418388961157,45.0714976029623,59.0774256018322,63.5698857194115,62.091869252058,54.6052713743083,67.6056211363071,63.8313505401609,61.9190366823995,61.4372193639738,59.3815381503759,56.9012899242043,44.0149621003721,61.0481594354022,41.3674688699342,54.6376131166459,69.0164693555025,68.0619373709776,42.4748953957789,59.895444744534,67.2887110976995,68.9654674969183,68.1626310377338
69.7349433942255,46.397248614588,61.9238061370506,66.9506216037876,67.4348939942383,65.3566194109668,68.8860270428416,61.5818981627379,65.7418388961157,45.1963633387698,59.0774256018322,63.5698857194115,62.091869252058,54.6052713743083,67.6074470807686,63.8313505401609,61.9190366823995,61.4372193639738,59.3815381503759,56.9012899242043,44.0149621003721,61.048709851668,41.3674688699342,54.6392361747161,69.0433428779046,68.0619373709776,42.4748953957789,59.895444744534,67.3136857843255,68.9665039531294,68.1626310377338
69.7349433942255,46.397248614588,61.9238061370506,66.9506216037876,67.4348939942383,65.3566194109668,68.8860270428416,61.5818981627379,65.7418388961157,45.1963633387698,59.0774256018322,63.5698857194115,62.091869252058,54.6181347364256,67.6074470807686,63.8313505401609,61.9190366823995,61.4372193639738,59.381541954021,56.9012899242043,44.0294880474996,61.048709851668,41.3674688699342,54.6392361747161,69.0433428779046,68.0619373709776,42.4748953957789,59.979750520786,67.3136857843255,68.9665039531294,68.1626310377338
69.7349433942255,46.397248614588,61.9421779235868,66.9506216037876,67.4348939942383,65.3566194109668,68.8860270428416,61.5818981627379,65.7418388961157,45.2404254301315,59.0774256018322,63.5698857194115,62.091869252058,54.6181347364256,67.6074470807686,63.8313505401609,62.0789256240629,61.4385996622268,59.381541954021,56.9012899242043,44.0294880474996,61.048709851668,41.3674688699342,54.6392361747161,69.0433428779046,68.0619373709776,42.4748953957789,59.979750520786,67.3136857843255,68.9665039531294,68.1682039306421
69.7349433942255,46.397248614588,61.9421779235868,66.9523212440302,67.4348939942383,65.3584575760701,68.8860270428416,61.5865501973897,65.8327938371602,45.2404254301315,59.0774256018322,63.6327632703336,62.091869252058,54.6181347364256,67.6074470807686,63.8313505401609,62.1517653612742,61.4385996622268,59.381541954021,56.9012899242043,44.0294880474996,61.048709851668,41.3674688699342,54.6392361747161,69.0433428779046,68.0619373709776,42.4748953957789,59.979750520786,67.3136857843255,68.9665039531294,68.1682039306421
69.7349433942255,46.397248614588,61.9421779235868,66.9523212440302,67.4348939942383,65.3584575760701,68.8914636547796,61.5865501973897,65.8327938371602,45.2404254301315,59.0774256018322,63.6768968636408,62.091869252058,54.6181347364256,67.6074470807686,63.8313505401609,62.3114487320915,61.4385996622268,59.381541954021,56.9012899242043,44.0353277259291,61.0508727169494,41.3674688699342,54.6392361747161,69.0445355871759,68.0619373709776,42.4748953957789,59.979750520786,67.3136857843255,68.9665039531294,68.1813548804377
69.7349433942255,46.397248614588,61.9444647870796,66.9523212440302,67.4348939942383,65.3584575760701,68.8914636547796,61.5875239544115,65.8327938371602,45.2550739580548,59.0774256018322,63.6768968636408,62.091869252058,54.6222181058194,67.6115941143435,63.8313505401609,62.4179901507052,61.4385996622268,59.381541954021,56.9012899242043,44.0353277259291,61.0508727169494,41.3674688699342,54.6392361747161,69.0539405697519,68.0619373709776,42.4748953957789,60.0824878773137,67.3136857843255,68.9665039531294,68.1813548804377
69.7349433942255,46.397248614588,61.9444647870796,66.9523212440302,67.4348939942383,65.3595379976219,68.8914636547796,61.5875239544115,65.8327938371602,45.2550739580548,59.0774256018322,63.6768968636408,62.091869252058,54.6222181058194,67.6115941143435,63.8313505401609,62.4179901507052,61.4385996622268,59.381541954021,56.9012899242043,44.0353277259291,61.0508727169494,41.3674688699342,54.6392361747161,69.0539405697519,68.0619373709776,42.4748953957789,60.2171109611483,67.3136857843255,68.9665039531294,68.1813548804377
69.7349433942255,46.397248614588,61.9444647870796,66.9523212440302,67.4379815404001,65.3595379976219,68.8914636547796,61.5875239544115,65.8332514271742,45.2550739580548,59.0786735662024,63.6768968636408,62.091869252058,54.6222181058194,67.6115941143435,63.8313505401609,62.4217027886976,61.4385996622268,59.381541954021,56.9241947934725,44.0353277259291,61.0508727169494,41.3674688699342,54.6424567696491,69.0539405697519,68.0619373709776,42.4748953957789,60.3401186245091,67.3136857843255,68.9684785528034,68.1813548804377
69.7349433942255,46.397248614588,61.9444647870796,66.9551871453342,67.4379815404001,65.3595379976219,68.8914636547796,61.5875239544115,65.8332514271742,45.2550739580548,59.0882142013417,63.6768968636408,62.091869252058,54.6222181058194,67.6115941143435,63.8313505401609,62.4344417817788,61.4385996622268,59.381541954021,56.9241947934725,44.0353277259291,61.0508727169494,41.3674688699342,54.6424567696491,69.0539405697519,68.0620410044808,42.4748953957789,60.3401186245091,67.3136857843255,68.9684785528034,68.1862498943532
69.7349433942255,46.397248614588,61.9801619001141,66.9551871453342,67.4379815404001,65.3595379976219,68.8929123809502,61.5875239544115,65.8378284515939,45.2550739580548,59.0882142013417,63.8078758890551,62.091869252058,54.6222181058194,67.6115941143435,63.8313505401609,62.4344417817788,61.4385996622268,59.381541954021,56.9241947934725,44.0353277259291,61.0508727169494,41.3674688699342,54.6424567696491,69.0561206953486,68.0620410044808,42.4822707328371,60.3401186245091,67.3354972738004,68.9684785528034,68.1862498943532
69.7349433942255,46.397248614588,61.9801619001141,66.9551871453342,67.4379815404001,65.3595379976219,68.8929123809502,61.5883828366405,65.8456316291385,45.5446840299678,59.0882142013417,63.9597271353283,62.091869252058,54.6263766703018,67.6133111902582,63.8313505401609,62.4344417817788,61.4385996622268,59.381541954021,56.9241947934725,44.0353277259291,61.0508727169494,41.3674688699342,54.6448040094423,69.0730654059779,68.0620410044808,42.4822707328371,60.4904726332698,67.3354972738004,68.9684785528034,68.1862498943532
69.7392286456881,46.397248614588,61.9801619001141,66.9551871453342,67.4379815404001,65.3598493850581,68.8929123809502,61.5883828366405,65.8532465222163,46.4073952594777,59.0882142013417,63.9597271353283,62.091869252058,54.6263766703018,67.6133111902582,63.8313505401609,62.4602517241322,61.4386302776652,59.381541954021,56.9241947934725,44.0353277259291,61.0508727169494,41.3674688699342,54.6448040094423,69.0730654059779,68.0620410044808,42.4822707328371,60.598406430323,67.3354972738004,68.9684785528034,68.1862498943532
69.7392286456881,46.397248614588,62.0015086089958,66.9551871453342,67.4431419662353,65.3598493850581,68.8929123809502,61.5883828366405,65.9013659349697,46.4073952594777,59.0882142013417,63.9597271353283,62.091869252058,54.6263766703018,67.6133111902582,63.8313505401609,62.4602517241322,61.4386302776652,59.381541954021,56.9241947934725,44.0353277259291,61.0508727169494,41.3674688699342,54.6448040094423,69.0730654059779,68.0620410044808,42.4849616640644,60.8843764250372,67.3354972738004,68.9684785528034,68.1862498943532
69.7392286456881,46.397248614588,62.0015086089958,66.9551871453342,67.4431419662353,65.3598493850581,68.8995747663052,61.5887799781501,65.9013659349697,46.4073952594777,59.0882142013417,63.9597271353283,62.091869252058,54.6263766703018,67.6133111902582,63.8313505401609,62.4602517241322,61.4386302776652,59.381541954021,56.9241947934725,44.0353277259291,61.0508727169494,41.3674688699342,54.6448040094423,69.0730654059779,68.0620410044808,42.4849616640644,60.9499930971316,67.3354972738004,68.9684785528034,68.1862498943532
69.7421004511691,46.397248614588,62.0015086089958,66.9562744671257,67.4431419662353,65.3598493850581,68.8995747663052,61.5887799781501,65.9013659349697,46.7889979885652,59.0882142013417,63.9597271353283,62.091869252058,54.6280299424318,67.6133111902582,63.8313505401609,62.4602517241322,61.4386302776652,59.381541954021,56.9602879400758,44.0353277259291,61.0508727169494,41.3674688699342,54.6466611198634,69.0730654059779,68.0620410044808,42.4849616640644,60.9499930971316,67.3354972738004,68.9684785528034,68.1862498943532
69.7421004511691,46.397248614588,62.0015086089958,66.9562744671257,67.4431419662353,65.3598493850581,68.8995747663052,61.5887799781501,65.9118847219228,47.4373902423821,59.0882142013417,64.2658825497963,62.091869252058,54.6280299424318,67.6143660800355,63.8313505401609,62.4602517241322,61.4386302776652,59.381541954021,56.9602879400758,44.0353277259291,61.0508727169494,41.3674688699342,54.6466611198634,69.0730654059779,68.0620410044808,42.4849616640644,61.0928788454975,67.3717358980842,68.9684785528034,68.1862498943532
69.7421004511691,46.397248614588,62.0178425184323,66.9562744671257,67.4431419662353,65.3598493850581,68.8995747663052,61.5887799781501,65.9118847219228,47.7472878524151,59.0882142013417,64.5953128449512,62.091869252058,54.6280299424318,67.6143660800355,63.8313505401609,62.4602517241322,61.4386302776652,59.381541954021,57.0436869075735,44.0353277259291,61.0514023636446,41.3674688699342,54.6466611198634,69.0730654059779,68.0620410044808,42.4849616640644,61.2415814090341,67.3719878012416,68.9684785528034,68.1862498943532
69.7432896385923,46.397248614588,62.0178425184323,66.9562744671257,67.4498367676419,65.3598493850581,68.8995747663052,61.5904386207117,65.9118847219228,48.1423196641573,59.0882142013417,64.5953128449512,62.091869252058,54.6280299424318,67.6143660800355,63.844933347957,62.4602517241322,61.4386302776652,59.381541954021,57.0436869075735,44.0353277259291,61.0514023636446,41.3674688699342,54.6470876851837,69.0730654059779,68.0663086257099,42.4888361530437,61.2415814090341,67.3719878012416,68.9684785528034,68.1862498943532
69.7432896385923,46.397248614588,62.0178425184323,66.9562744671257,67.4498367676419,65.3598493850581,68.9068278730798,61.5904386207117,65.9118847219228,48.1423196641573,59.0882142013417,64.5953128449512,62.091869252058,54.6280299424318,67.6143660800355,63.844933347957,62.4637692417042,61.4386302776652,59.381541954021,57.0436869075735,44.0353277259291,61.0514023636446,41.3674688699342,54.6470876851837,69.086451185723,68.0663086257099,42.4888361530437,61.2415814090341,67.3719878012416,68.9698780877902,68.1862498943532
69.7432896385923,46.397248614588,62.0178425184323,66.9565321140995,67.4498367676419,65.3598493850581,68.9068278730798,61.5904659530745,65.9118847219228,48.2919604329519,59.0882142013417,64.5953128449512,62.091869252058,54.6341756463644,67.6143660800355,63.844933347957,62.4637692417042,61.439242731783,59.381541954021,57.0436869075735,44.0353277259291,61.0514023636446,41.3674688699342,54.6470876851837,69.086451185723,68.0663086257099,42.4888361530437,61.2415814090341,67.3719878012416,68.9698780877902,68.1877465676447
69.7436609076989,46.397248614588,62.0178425184323,66.9565321140995,67.4498367676419,65.3598493850581,68.9068278730798,61.5904659530745,65.9118847219228,49.1177719824554,59.0882142013417,64.5953128449512,62.091869252058,54.6341756463644,67.6143660800355,63.844933347957,62.4695403808769,61.439242731783,59.381541954021,57.0436869075735,44.0353277259291,61.0521104720418,41.3674688699342,54.6470876851837,69.086451185723,68.0663086257099,42.4907301915231,61.3956768328685,67.3719878012416,68.9698780877902,68.1877465676447
69.7436609076989,46.397248614588,62.0178425184323,66.9565321140995,67.4498367676419,65.3598493850581,68.9068278730798,61.5904659530745,65.9118847219228,49.1177719824554,59.0882142013417,64.7923090410802,62.091869252058,54.6341756463644,67.6143660800355,63.844933347957,62.4695403808769,61.439242731783,59.381541954021,57.3986473715074,44.0353277259291,61.0521104720418,41.3674688699342,54.6483820094519,69.086451185723,68.0663086257099,42.4907301915231,61.3956768328685,67.3719878012416,68.9698780877902,68.1877465676447
69.7436609076989,46.397248614588,62.0178425184323,66.9565321140995,67.4498367676419,65.3598992669714,68.9087607024435,61.5904659530745,65.9118847219228,49.1177719824554,59.0882142013417,65.2243426622395,62.091869252058,54.6341756463644,67.6143660800355,63.844933347957,62.4695403808769,61.439242731783,59.381541954021,57.3986473715074,44.0353277259291,61.0521104720418,41.3674688699342,54.6483820094519,69.1036460476737,68.0685226465938,42.4907301915231,61.3956768328685,67.3719878012416,68.9698780877902,68.1877465676447
69.7444943556544,46.397248614588,62.0178425184323,66.9565321140995,67.4498367676419,65.3598992669714,68.9087607024435,61.5916839670183,65.9118847219228,50.1151369058563,59.0882142013417,65.3727444917991,62.091869252058,54.6456424386427,67.6143660800355,63.844933347957,62.4695403808769,61.4407024334271,59.381541954021,57.3986473715074,44.0353277259291,61.0534680008933,41.3674688699342,54.6483820094519,69.1036460476737,68.0685226465938,42.4907301915231,61.3956768328685,67.3722128396587,68.9698780877902,68.1877465676447
69.7444943556544,46.397248614588,62.0178425184323,66.9565321140995,67.4498367676419,65.3598992669714,68.9087607024435,61.5916839670183,65.9118847219228,50.8344738820762,59.0882142013417,65.3727444917991,62.0965240561775,54.6456424386427,67.6143660800355,63.844933347957,62.4695403808769,61.4407024334271,59.381541954021,57.3986473715074,44.0353277259291,61.0534680008933,41.3674688699342,54.6489648784278,69.1036460476737,68.0685226465938,42.4907301915231,61.3956768328685,67.3722128396587,68.9698780877902,68.1877465676447
69.7444943556544,46.397248614588,62.0178425184323,66.9565321140995,67.4498367676419,65.3598992669714,68.9087607024435,61.5916839670183,65.9118847219228,51.7615669316718,59.0882142013417,65.3727444917991,62.0965240561775,54.6456424386427,67.6151736936685,63.844933347957,62.4743118343675,61.4407024334271,59.381541954021,57.3986473715074,44.0353277259291,61.0534680008933,41.3674688699342,54.6489648784278,69.1036460476737,68.0685226465938,42.4931138692557,61.4714198474295,67.3722128396587,68.971235311803,68.1877465676447
69.7452668094585,46.397248614588,62.0178425184323,66.9565321140995,67.4498367676419,65.3598992669714,68.9087607024435,61.5916839670183,65.9118847219228,51.7615669316718,59.0882142013417,65.3727444917991,62.0965240561775,54.6456424386427,67.6151736936685,63.844933347957,62.4860907901217,61.4407024334271,59.381541954021,57.6999997227932,44.0353277259291,61.0534680008933,41.3674688699342,54.6489648784278,69.1036460476737,68.0688802446099,42.4931138692557,61.5041517930472,67.3722128396587,68.971235311803,68.1877465676447
69.7452668094585,46.397248614588,62.0240999148191,66.9565321140995,67.464904003589,65.3598992669714,68.9087607024435,61.5916839670183,65.9118847219228,51.7615669316718,59.0932426138967,65.5928613257717,62.1203931305012,54.6456424386427,67.6151736936685,63.844933347957,62.5274375677995,61.4407024334271,59.381541954021,57.8398714729385,44.0353277259291,61.0534680008933,41.3674688699342,54.6489648784278,69.1036460476737,68.0688802446099,42.4931138692557,61.5255078365802,67.3722128396587,68.971235311803,68.1877465676447
69.7452668094585,46.397248614588,62.0240999148191,66.9565321140995,67.464904003589,65.3598992669714,68.9127266168197,61.5916839670183,65.9118847219228,52.6217765119909,59.0932426138967,65.654827266945,62.1203931305012,54.6463386427047,67.6151736936685,63.844933347957,62.5274375677995,61.4407024334271,59.381541954021,57.8398714729385,44.0353277259291,61.0540656651985,41.3674688699342,54.6506344011553,69.1036460476737,68.0688802446099,42.4931138692557,61.5255078365802,67.3722128396587,68.971235311803,68.1877465676447
69.7452668094585,46.397248614588,62.0240999148191,66.9565321140995,67.464904003589,65.3600230779776,68.9127266168197,61.5916839670183,65.9118847219228,52.693406946834,59.1036465885332,65.7305371152025,62.1203931305012,54.6463386427047,67.6151736936685,63.844933347957,62.5274375677995,61.4407024334271,59.381541954021,57.8398714729385,44.0353277259291,61.0540656651985,41.3674688699342,54.6506344011553,69.1036460476737,68.0688802446099,42.4931138692557,61.5255078365802,67.3722128396587,68.971235311803,68.1877465676447
69.7452668094585,46.397248614588,62.0240999148191,66.9578338323646,67.464904003589,65.3600230779776,68.9127266168197,61.5916839670183,65.9118847219228,52.693406946834,59.1036465885332,65.7305371152025,62.1203931305012,54.6463386427047,67.6151736936685,63.844933347957,62.5274375677995,61.4407024334271,59.381558290356,57.8398714729385,44.0353277259291,61.0540656651985,41.3674688699342,54.6506344011553,69.1036460476737,68.0688802446099,42.4931138692557,61.5255078365802,67.3722128396587,68.971235311803,68.1877465676447
69.7452668094585,46.397248614588,62.0240999148191,66.9578338323646,67.464904003589,65.3600230779776,68.9127266168197,61.5924267360942,65.9118847219228,52.693406946834,59.1036465885332,65.7305371152025,62.1203931305012,54.6463386427047,67.6151736936685,63.844933347957,62.5409361128551,61.4437301308102,59.381558290356,57.8398714729385,44.0353277259291,61.0540656651985,41.3674688699342,54.6513860603768,69.1036460476737,68.0688802446099,42.4936203509456,61.5280388665616,67.3722128396587,68.971235311803,68.1877465676447
69.7452668094585,46.397248614588,62.0240999148191,66.9578338323646,67.4666511352878,65.3600230779776,68.9127266168197,61.5924267360942,65.9118847219228,53.5375258729718,59.1247388240433,65.7305371152025,62.1203931305012,54.6463386427047,67.6151736936685,63.844933347957,62.5409361128551,61.4437301308102,59.381558290356,57.8398714729385,44.0353277259291,61.0541332813995,41.3674688699342,54.6513860603768,69.1036460476737,68.0688802446099,42.4936203509456,61.5728451250121,67.3722128396587,68.971235311803,68.1877465676447
69.7452668094585,46.397248614588,62.024909643306,66.9578338323646,67.4666511352878,65.3600230779776,68.9150475590178,61.5924267360942,65.9118847219228,53.5375258729718,59.1247388240433,65.8609762713529,62.1203931305012,54.6524085688089,67.6151736936685,63.844933347957,62.5409361128551,61.4437301308102,59.381558290356,57.9856169698215,44.0353277259291,61.0541332813995,41.3674688699342,54.6513860603768,69.1036460476737,68.0688802446099,42.4955611534259,61.5728451250121,67.3773051070145,68.971235311803,68.1877465676447
69.7452668094585,46.397248614588,62.024909643306,66.9578338323646,67.4666511352878,65.3606202355995,68.9150475590178,61.5930422034262,65.9118847219228,53.8367193361686,59.1247388240433,66.1961476478274,62.1203931305012,54.6524085688089,67.6151736936685,63.844933347957,62.5422449723066,61.4437301308102,59.381558290356,57.9856169698215,44.0353277259291,61.0541332813995,41.3674688699342,54.6513860603768,69.1036460476737,68.0699012877801,42.4955611534259,61.5728451250121,67.3773051070145,68.971235311803,68.1877465676447
69.7452668094585,46.397248614588,62.024909643306,66.9578338323646,67.4666511352878,65.3606202355995,68.9150475590178,61.5930422034262,65.9118847219228,53.8367193361686,59.1365900147332,66.1961476478274,62.1203931305012,54.6524085688089,67.6151736936685,63.844933347957,62.5422449723066,61.4437301308102,59.3815822538577,57.9856169698215,44.0353277259291,61.0541332813995,41.3674688699342,54.6522434894307,69.1036460476737,68.0699012877801,42.4955611534259,61.5728451250121,67.3773051070145,68.971235311803,68.1877465676447
69.7452668094585,46.397248614588,62.0341461104808,66.9588065580258,67.4666511352878,65.3606202355995,68.9150475590178,61.5930422034262,65.921095665746,53.8367193361686,59.1365900147332,66.1961476478274,62.1203931305012,54.6524085688089,67.6151736936685,63.844933347957,62.5422449723066,61.4437301308102,59.3815822538577,57.9856169698215,44.0353277259291,61.0553724441781,41.3674688699342,54.6522434894307,69.1036460476737,68.0699012877801,42.4965900501454,61.5728451250121,67.3773051070145,68.971235311803,68.1877465676447
69.747874562935,46.397248614588,62.0341461104808,66.9588065580258,67.4748322790203,65.3606202355995,68.9150475590178,61.593771770857,65.921095665746,54.891249035742,59.1365900147332,66.1961476478274,62.1203931305012,54.6524085688089,67.6151736936685,63.844933347957,62.5422449723066,61.4437301308102,59.3815822538577,57.9856169698215,44.0353277259291,61.0553724441781,41.3674688699342,54.6522434894307,69.1036460476737,68.0699012877801,42.506299784222,61.5728451250121,67.3773051070145,68.971235311803,68.1877465676447
69.747874562935,46.397248614588,62.0341461104808,66.9588065580258,67.4748322790203,65.3620243866294,68.9165235277854,61.593771770857,65.921095665746,54.891249035742,59.1365900147332,66.1961476478274,62.1203931305012,54.6548308629528,67.6151736936685,63.844933347957,62.5422449723066,61.4437301308102,59.3815822538577,57.9856169698215,44.0353277259291,61.0553724441781,41.3674688699342,54.6523537259935,69.1036460476737,68.07042159058,42.506299784222,61.5728451250121,67.3869617945327,68.971235311803,68.1877465676447
69.747874562935,46.397248614588,62.0341461104808,66.9588065580258,67.4748322790203,65.3620243866294,68.9165235277854,61.593771770857,65.9337784918873,54.891249035742,59.1365900147332,66.4109402095677,62.1211065352993,54.6548308629528,67.6151736936685,63.8544105250818,62.5422449723066,61.4446586259296,59.3815822538577,58.201428776167,44.0353277259291,61.0553724441781,41.3674688699342,54.6523537259935,69.1036460476737,68.07042159058,42.506299784222,61.5728451250121,67.3869617945327,68.9719196320601,68.1877465676447
69.747874562935,46.397248614588,62.0341461104808,66.9588065580258,67.4748322790203,65.3620243866294,68.9165235277854,61.593771770857,65.9337784918873,54.891249035742,59.1365900147332,66.6432187732932,62.1211065352993,54.6548308629528,67.6151736936685,63.8544105250818,62.5676613318971,61.4446586259296,59.3816303314722,58.6617658127999,44.0353277259291,61.0569679735451,41.3674688699342,54.6523537259935,69.1060803638399,68.07042159058,42.506299784222,61.5793106083587,67.3869617945327,68.9719196320601,68.1877465676447
69.7670762628446,46.397248614588,62.0341461104808,66.9594906061301,67.4748322790203,65.3620243866294,68.9165235277854,61.5944047251555,65.9337784918873,54.891249035742,59.1365900147332,66.8771188147746,62.1211065352993,54.6548308629528,67.6151736936685,63.8544105250818,62.5676613318971,61.4446586259296,59.3816303314722,58.9796953851023,44.0353277259291,61.0569679735451,41.3674688699342,54.6523537259935,69.1060803638399,68.07042159058,42.5358313828201,61.5869526548802,67.3869617945327,68.9719196320601,68.1877465676447
69.7670762628446,46.397248614588,62.0353951813289,66.9594906061301,67.4748322790203,65.3620243866294,68.9169159980844,61.5944047251555,65.9368255180332,55.0140713425701,59.1365900147332,66.8771188147746,62.1211065352993,54.6548308629528,67.6151736936685,63.8544105250818,62.5676613318971,61.4454683330172,59.3816303314722,58.9796953851023,44.0353277259291,61.0569679735451,41.3674688699342,54.6532367007016,69.1060803638399,68.07042159058,42.5358313828201,61.5869526548802,67.3869617945327,68.9719196320601,68.188491876968
69.7670762628446,46.397248614588,62.0353951813289,66.9594906061301,67.4780095795331,65.3629203854603,68.9169159980844,61.5944047251555,65.9368255180332,55.0140713425701,59.1365900147332,66.8771188147746,62.1211065352993,54.6612413949274,67.6151736936685,63.8544105250818,62.5711316294023,61.4454683330172,59.3816303314722,58.9796953851023,44.0353277259291,61.0569679735451,41.3674688699342,54.6532367007016,69.1060803638399,68.0716483822464,42.5358313828201,61.5869526548802,67.3869617945327,68.9757510081948,68.188491876968
69.7670762628446,46.397248614588,62.0353951813289,66.9594906061301,67.4780095795331,65.3629203854603,68.9169159980844,61.5944047251555,65.9368255180332,55.0140713425701,59.1365900147332,66.8771188147746,62.1211065352993,54.6612413949274,67.6159480798324,63.8544105250818,62.5711316294023,61.4454683330172,59.3816303314722,58.9796953851023,44.0353277259291,61.0569679735451,41.3674688699342,54.6532367007016,69.1060803638399,68.0716483822464,42.5431927289652,61.5869526548802,67.3869617945327,68.9757510081948,68.188491876968
69.7670762628446,46.397248614588,62.0353951813289,66.9594906061301,67.4780095795331,65.3629203854603,68.9169159980844,61.5944047251555,65.964630118,55.0140713425701,59.1365900147332,66.9931232492374,62.1211065352993,54.6612413949274,67.6159480798324,63.8544105250818,62.5711316294023,61.4454683330172,59.3816669729066,58.9796953851023,44.0353277259291,61.0569679735451,41.3674688699342,54.6537173963313,69.1081213123764,68.0716483822464,42.5431927289652,61.5871665846799,67.3869617945327,68.9757510081948,68.188491876968
69.7670762628446,46.397248614588,62.0353951813289,66.9594906061301,67.4780095795331,65.3629203854603,68.9169159980844,61.5944047251555,65.964630118,55.0140713425701,59.1365900147332,67.1862747539793,62.1211065352993,54.6612413949274,67.6159480798324,63.8544105250818,62.5711316294023,61.4454683330172,59.3816669729066,59.4792562404617,44.0353277259291,61.0569679735451,41.3674688699342,54.6537173963313,69.1081213123764,68.0716483822464,42.5431927289652,61.602593441902,67.3869617945327,68.9767743558976,68.188491876968
69.7670762628446,46.397248614588,62.0353951813289,66.9609163711428,67.4780095795331,65.363671206187,68.9169198914167,61.5951653788695,65.964630118,55.0140713425701,59.1365900147332,67.1862747539793,62.127613102396,54.6612413949274,67.6159480798324,63.8544105250818,62.5711316294023,61.4454683330172,59.3816669729066,59.8158886655111,44.0353277259291,61.0569679735451,41.3674688699342,54.6537173963313,69.1081213123764,68.0716483822464,42.5431927289652,61.602593441902,67.3869617945327,68.9767743558976,68.1892156008821
69.7670762628446,46.397248614588,62.0470614515281,66.9609163711428,67.4807360929135,65.363671206187,68.9169198914167,61.5951653788695,65.964630118,55.0140713425701,59.1365900147332,67.1862747539793,62.127613102396,54.6667865473931,67.6159480798324,63.8544105250818,62.5716195404169,61.4454683330172,59.3816669729066,59.8158886655111,44.0353277259291,61.0569679735451,41.3674688699342,54.6537173963313,69.1081213123764,68.0716668906507,42.5431927289652,61.602593441902,67.4117228005479,68.9767743558976,68.1892156008821
69.7670762628446,46.397248614588,62.0470614515281,66.9609163711428,67.4807360929135,65.363671206187,68.9169198914167,61.5951653788695,65.964630118,55.0140713425701,59.1365900147332,67.1862747539793,62.127613102396,54.6667865473931,67.6162299739807,63.8544105250818,62.5754780658913,61.4454683330172,59.3816669729066,59.8158886655111,44.0353277259291,61.0586796336692,41.3674688699342,54.6545315736531,69.1094151092036,68.0716668906507,42.546028888392,61.602593441902,67.4117228005479,68.9767743558976,68.1892156008821
69.7670762628446,46.397248614588,62.0470614515281,66.9609163711428,67.4807360929135,65.363671206187,68.9169198914167,61.5951653788695,65.964630118,55.0140713425701,59.1365900147332,67.1862747539793,62.127613102396,54.6667865473931,67.6162299739807,63.8544105250818,62.5754780658913,61.4454683330172,59.3816669729066,59.8158886655111,44.0353277259291,61.0586796336692,41.3674688699342,54.6545315736531,69.1094151092036,68.0716668906507,42.546028888392,61.6131770682663,67.4117228005479,68.9811035820595,68.1892156008821
69.7670762628446,46.397248614588,62.0525939209452,66.9609163711428,67.4807360929135,65.363671206187,68.9172825498531,61.5951653788695,65.964630118,55.0140713425701,59.1365900147332,67.360075696744,62.127613102396,54.6667865473931,67.6162299739807,63.8544105250818,62.5754780658913,61.4454683330172,59.3816669729066,59.8158886655111,44.0353277259291,61.0586796336692,41.3674688699342,54.6545315736531,69.1094151092036,68.0716668906507,42.546028888392,61.6205337871348,67.4117228005479,68.9811035820595,68.1892156008821
69.7723526400795,46.397248614588,62.0525939209452,66.9615252331005,67.4807360929135,65.3647672508531,68.9172825498531,61.5951653788695,65.964630118,55.0140713425701,59.1365900147332,67.4451501888371,62.127613102396,54.6667865473931,67.6162299739807,63.8544105250818,62.5756463371726,61.4454683330172,59.3816669729066,60.0784190744837,44.0353277259291,61.0586796336692,41.3674688699342,54.6563293407815,69.1094151092036,68.0725585025143,42.546028888392,61.6547532230602,67.4117228005479,68.9811035820595,68.202768122491
69.7723526400795,46.397248614588,62.0525939209452,66.9615252331005,67.4807360929135,65.3647672508531,68.9172825498531,61.5951653788695,65.964630118,55.0140713425701,59.1365900147332,67.4451501888371,62.127613102396,54.6751450248996,67.616482050964,63.8544105250818,62.5781278493626,61.4454683330172,59.3816669729066,60.4538848960493,44.0358598949205,61.0587463811369,41.3674688699342,54.6563293407815,69.1094151092036,68.0725585025143,42.546028888392,61.6636380760872,67.4332643364595,68.9862500512455,68.202768122491
69.7723526400795,46.397248614588,62.0615760788485,66.9615252331005,67.4814941004024,65.3647672508531,68.9172825498531,61.5956223429688,65.964630118,55.0140713425701,59.1365900147332,67.4451501888371,62.1340635555058,54.6751450248996,67.616482050964,63.8544105250818,62.5781278493626,61.4475708593992,59.3816669729066,61.0285825719725,44.0358598949205,61.0587463811369,41.3674688699342,54.6563293407815,69.1138535397108,68.0725585025143,42.546028888392,61.6636380760872,67.4332643364595,68.9862500512455,68.202768122491
69.7723526400795,46.397248614588,62.0615760788485,66.9615252331005,67.4814941004024,65.3647672508531,68.9192892986384,61.5956223429688,65.964630118,55.0491066973986,59.1365900147332,67.4451501888371,62.1340635555058,54.6751450248996,67.616482050964,63.8544105250818,62.5781278493626,61.4475708593992,59.3816971434158,61.2721331647066,44.0358598949205,61.0587463811369,41.3674688699342,54.6563293407815,69.1138535397108,68.0725585025143,42.546028888392,61.6807665781082,67.4332643364595,68.9862500512455,68.202768122491
69.7723526400795,46.397248614588,62.0615760788485,66.9615252331005,67.4814941004024,65.3647672508531,68.9192892986384,61.5964655575971,65.964630118,55.0491066973986,59.1365900147332,67.4451501888371,62.1340635555058,54.6751450248996,67.616482050964,63.8622291540782,62.5781278493626,61.4475708593992,59.3816971434158,61.2721331647066,44.0618619142044,61.0587463811369,41.3674688699342,54.6563293407815,69.1138535397108,68.0725585025143,42.546028888392,61.6807665781082,67.4332643364595,68.9862500512455,68.202768122491
69.7723526400795,46.397248614588,62.0615760788485,66.9615252331005,67.4814941004024,65.3647672508531,68.9192892986384,61.5967047138478,65.964630118,55.2813801881339,59.1365900147332,67.5464384668625,62.1340635555058,54.6751450248996,67.616482050964,63.8753487018769,62.5815401897426,61.4475708593992,59.3816971434158,61.2721331647066,44.0618619142044,61.0587463811369,41.3674688699342,54.657065331677,69.1138535397108,68.0725585025143,42.546028888392,61.6807665781082,67.4332643364595,68.9894175957157,68.2037477440665
69.7723526400795,46.397248614588,62.0796197955404,66.9615252331005,67.4814941004024,65.3647672508531,68.9192892986384,61.5967047138478,65.964630118,55.2813801881339,59.1365900147332,67.6340442759558,62.1374801588131,54.6751450248996,67.6165397323105,63.8753487018769,62.5848022653815,61.4475708593992,59.3816971434158,61.2721331647066,44.0746220059315,61.0587463811369,41.3674688699342,54.657065331677,69.1200792240365,68.0747105665891,42.546028888392,61.6910377685429,67.4332643364595,68.9894175957157,68.2371232531636
69.7723526400795,46.397248614588,62.0796197955404,66.9615252331005,67.4854023100028,65.3647672508531,68.9192892986384,61.5967047138478,65.964630118,55.2813801881339,59.1365900147332,67.6340442759558,62.1374801588131,54.6751450248996,67.6165397323105,63.8753487018769,62.5848022653815,61.4482447539702,59.3817076428874,61.5722178976302,44.0746220059315,61.0587463811369,41.3674688699342,54.657065331677,69.1200792240365,68.0747105665891,42.546028888392,61.6910377685429,67.4332643364595,68.9894175957157,68.2371232531636
69.7723526400795,46.397248614588,62.0796197955404,66.9615252331005,67.4854023100028,65.3647672508531,68.9192892986384,61.5967047138478,65.9913275623913,55.4239505170364,59.1365900147332,67.6340442759558,62.1374801588131,54.6751450248996,67.6165397323105,63.8753487018769,62.5848022653815,61.4482447539702,59.3817076428874,61.7524022464693,44.0746220059315,61.0587463811369,41.3674688699342,54.657065331677,69.1200792240365,68.0747105665891,42.546028888392,61.691461336365,67.4332643364595,68.9894175957157,68.2371232531636
69.7723526400795,46.397248614588,62.08572030844,66.9615252331005,67.4854023100028,65.3647672508531,68.9192892986384,61.5974685159764,65.9913275623913,55.4239505170364,59.1365900147332,67.6340442759558,62.1394402299506,54.6751450248996,67.6165397323105,63.8753487018769,62.5848022653815,61.4482447539702,59.3817076428874,61.7524022464693,44.0746220059315,61.0587463811369,41.3674688699342,54.6580018893824,69.1200792240365,68.0747105665891,42.546028888392,61.691461336365,67.4332643364595,68.9894175957157,68.2371232531636
69.7723526400795,46.3977705804485,62.08572030844,66.9615252331005,67.4854023100028,65.3647672508531,68.9192892986384,61.5974685159764,65.9913275623913,55.4314465026096,59.1365900147332,67.6340442759558,62.1394402299506,54.6751450248996,67.6173138186865,63.8753487018769,62.5848022653815,61.4482447539702,59.3817076428874,61.7524022464693,44.0746220059315,61.0597686995062,41.3674688699342,54.6580018893824,69.1200792240365,68.0747105665891,42.546028888392,61.691461336365,67.4332643364595,68.9894175957157,68.2371232531636
69.7723526400795,46.3977705804485,62.08572030844,66.9615252331005,67.4854023100028,65.3647672508531,68.9199371384467,61.5974685159764,66.021739196754,55.4314465026096,59.1365900147332,67.6579628295051,62.1394402299506,54.6792066401686,67.6173138186865,63.8753487018769,62.5848022653815,61.4482447539702,59.3817076428874,61.7524022464693,44.0746220059315,61.0597686995062,41.3674688699342,54.6580018893824,69.1213741117296,68.0768814983371,42.546028888392,61.691461336365,67.4332643364595,68.9894175957157,68.2371232531636
69.7723526400795,46.3977705804485,62.08572030844,66.9615252331005,67.4854023100028,65.3647672508531,68.9199371384467,61.5985558960642,66.021739196754,55.4314465026096,59.1365900147332,67.927641538405,62.1394402299506,54.6792066401686,67.6173138186865,63.8753487018769,62.5848022653815,61.4482447539702,59.3817076428874,61.7524022464693,44.0746220059315,61.0597686995062,41.3674688699342,54.6580018893824,69.1213741117296,68.0768814983371,42.546028888392,61.691461336365,67.4332643364595,68.9941713000461,68.2918194668597
69.7723526400795,46.3983210486117,62.1018384450159,66.9615252331005,67.4883355920195,65.3647672508531,68.9199371384467,61.5985558960642,66.021739196754,55.4452742331063,59.1365900147332,67.927641538405,62.1394402299506,54.6792066401686,67.6173138186865,63.8753487018769,62.5848022653815,61.4482447539702,59.3817076428874,61.8613738061929,44.0746220059315,61.0597686995062,41.3674688699342,54.6585245310616,69.1213741117296,68.0768814983371,42.5473100600219,61.691461336365,67.4332643364595,68.9941713000461,68.3724235102876
69.7723526400795,46.398443301583,62.1018384450159,66.9615252331005,67.4883355920195,65.3647672508531,68.9199371384467,61.5985558960642,66.0295888468463,55.5277975319083,59.1365900147332,67.927641538405,62.140551641115,54.6792066401686,67.6173138186865,63.8753487018769,62.5876902653817,61.4482447539702,59.3817076428874,61.9282466947124,44.0746220059315,61.0597686995062,41.3674688699342,54.6585245310616,69.1213741117296,68.0768814983371,42.5473100600219,61.6939183904923,67.4332643364595,68.9941713000461,68.3984628829161
69.7723526400795,46.398443301583,62.1018384450159,66.9615252331005,67.4883355920195,65.3647672508531,68.9204052575666,61.5992711477348,66.0295888468463,55.5277975319083,59.1365900147332,67.927641538405,62.140551641115,54.6792066401686,67.6173138186865,63.8753487018769,62.5936947000768,61.4490108438122,59.3817076428874,62.1328506957768,44.0746220059315,61.0597686995062,41.3674688699342,54.6585245310616,69.1213741117296,68.0768814983371,42.5473100600219,61.6939183904923,67.4386243163436,68.9941713000461,68.3984628829161
69.774688046119,46.398443301583,62.1085587375149,66.9615252331005,67.4883355920195,65.3647672508531,68.9204052575666,61.5992711477348,66.0295888468463,55.5277975319083,59.1365900147332,67.927641538405,62.140551641115,54.6792066401686,67.6173138186865,63.8753487018769,62.5936947000768,61.4490108438122,59.3817076428874,62.3184668937601,44.0746220059315,61.0597686995062,41.3674688699342,54.6585245310616,69.1213741117296,68.0808395288646,42.5473100600219,61.6939183904923,67.4386243163436,69.0015882096831,68.4988714538612
69.774688046119,46.398443301583,62.1085587375149,66.9615252331005,67.4883355920195,65.3647672508531,68.9204052575666,61.5992711477348,66.0295888468463,55.5277975319083,59.1365900147332,68.0160421265734,62.1431964101527,54.6792066401686,67.6173138186865,63.8753487018769,62.5936947000768,61.4490108438122,59.3817076428874,62.3184668937601,44.0746220059315,61.0597686995062,41.3674688699342,54.6585245310616,69.1213741117296,68.0808395288646,42.5473100600219,61.6939183904923,67.4386243163436,69.0015882096831,68.5027226903193
69.774688046119,46.398443301583,62.1085587375149,66.9615252331005,67.4940132661158,65.3647672508531,68.9204052575666,61.5992711477348,66.0295888468463,55.5421005687621,59.1365900147332,68.0555009145366,62.1431964101527,54.6792066401686,67.6173138186865,63.8753487018769,62.5966830903501,61.4490108438122,59.3817076428874,62.3184668937601,44.0746220059315,61.0597686995062,41.3677977608374,54.6585245310616,69.1213741117296,68.0808395288646,42.548970064976,61.6939183904923,67.4386243163436,69.0015882096831,68.5027226903193
69.774688046119,46.398443301583,62.1085587375149,66.9615252331005,67.4940132661158,65.3647672508531,68.9206571402153,61.6005874557853,66.0295888468463,55.5421005687621,59.1365900147332,68.0555009145366,62.1461544693511,54.6792066401686,67.6173138186865,63.8753487018769,62.601466999152,61.4490609965667,59.3817076428874,62.3184668937601,44.0746220059315,61.0597686995062,41.3677977608374,54.6585245310616,69.1213741117296,68.0808395288646,42.548970064976,61.7008628042491,67.4386243163436,69.0139603401775,68.5027226903193
69.7880001793617,46.398443301583,62.1234992399918,66.9615252331005,67.4940132661158,65.3647672508531,68.9206571402153,61.6005874557853,66.0295888468463,55.5421005687621,59.1365900147332,68.0555009145366,62.1461544693511,54.6792066401686,67.6180853399675,63.8753487018769,62.601466999152,61.4490609965667,59.3817076428874,62.5040727447261,44.0746220059315,61.0597686995062,41.3677977608374,54.6585245310616,69.1213741117296,68.0808395288646,42.5493629963843,61.7143210617957,67.4386243163436,69.0139603401775,68.5027226903193
69.7880001793617,46.398443301583,62.1234992399918,66.9615252331005,67.4940132661158,65.3647672508531,68.9206571402153,61.6005874557853,66.0295888468463,55.5446177858604,59.1365900147332,68.0555009145366,62.1478891354753,54.6792066401686,67.6180853399675,63.8753487018769,62.601466999152,61.4490609965667,59.3817076428874,62.67288428964,44.0746220059315,61.0597686995062,41.3677977608374,54.659074922013,69.1213741117296,68.081428736646,42.5493629963843,61.7143210617957,67.4386243163436,69.0139603401775,68.5027226903193
69.7880001793617,46.398443301583,62.1234992399918,66.9615252331005,67.4940132661158,65.3647672508531,68.9206571402153,61.6020290862857,66.0295888468463,55.5446177858604,59.1365900147332,68.0555009145366,62.1478891354753,54.6792066401686,67.6180853399675,63.8753487018769,62.601466999152,61.4520154834698,59.3817076428874,62.67288428964,44.0746220059315,61.0597686995062,41.3677977608374,54.659074922013,69.1213741117296,68.081428736646,42.5493629963843,61.7143210617957,67.4386243163436,69.0139603401775,68.5535157506341
69.7943647569708,46.398443301583,62.1351895961554,66.9615252331005,67.4940132661158,65.3647672508531,68.9215855117974,61.6020290862857,66.032766901824,55.5446177858604,59.1365900147332,68.1419655104166,62.1489205288968,54.6792066401686,67.6180853399675,63.8753487018769,62.601466999152,61.4520154834698,59.3817076428874,62.67288428964,44.0746220059315,61.0597686995062,41.3677977608374,54.659074922013,69.1213741117296,68.081428736646,42.5493629963843,61.7143210617957,67.4386243163436,69.0211393863534,68.6285244177993
69.7943647569708,46.398443301583,62.1351895961554,66.9623552337294,67.5001339420035,65.3647672508531,68.9215855117974,61.6028879220221,66.032766901824,55.5446177858604,59.1365900147332,68.1419655104166,62.1489205288968,54.6792066401686,67.6191033010002,63.8753487018769,62.601466999152,61.4520154834698,59.3817076428874,62.67288428964,44.0746220059315,61.0597686995062,41.3677977608374,54.659074922013,69.1213741117296,68.081428736646,42.5493629963843,61.7216437909613,67.4406002297238,69.0211393863534,68.7202837140784
69.7943647569708,46.398443301583,62.1351895961554,66.9623552337294,67.5001339420035,65.3647672508531,68.9215855117974,61.6028879220221,66.032766901824,55.5446177858604,59.1365900147332,68.2423903816374,62.1495454464503,54.6792066401686,67.6191033010002,63.8753487018769,62.601466999152,61.4520154834698,59.3817076428874,62.67288428964,44.0746220059315,61.0597686995062,41.3766330728301,54.6598855090667,69.1213741117296,68.081428736646,42.5493629963843,61.7251340752041,67.4406002297238,69.0211393863534,68.7202837140784
69.7943647569708,46.398443301583,62.1351895961554,66.9623552337294,67.5001339420035,65.3647672508531,68.9215855117974,61.6039834515274,66.0470541408421,55.5446177858604,59.1365900147332,68.3403150845793,62.1495454464503,54.6802822908964,67.6191033010002,63.8753487018769,62.6043503021069,61.4546486915723,59.3817076428874,62.8558943059905,44.0746220059315,61.0597686995062,41.3766330728301,54.6598855090667,69.1252148006968,68.081428736646,42.5500457508646,61.7251340752041,67.4406002297238,69.0252741277573,68.7202837140784
69.7943647569708,46.398443301583,62.1494804282668,66.9623552337294,67.5001339420035,65.3647672508531,68.922284906316,61.6039834515274,66.0470541408421,55.5446177858604,59.1365900147332,68.3403150845793,62.1499325016986,54.6802822908964,67.6191033010002,63.8753487018769,62.6043503021069,61.4546486915723,59.3817076428874,62.8558943059905,44.0746220059315,61.060447148105,41.3766330728301,54.6598855090667,69.1252148006968,68.081428736646,42.5500457508646,61.7251340752041,67.4406002297238,69.0252741277573,68.7649640724051
69.7943647569708,46.398443301583,62.1494804282668,66.9623552337294,67.5001339420035,65.3647672508531,68.922284906316,61.6039834515274,66.0470541408421,55.5446177858604,59.1365900147332,68.3403150845793,62.1499325016986,54.6802822908964,67.6191033010002,63.8753487018769,62.6043503021069,61.4546486915723,59.3817076428874,63.2584590575944,44.0746220059315,61.060447148105,41.3781943877613,54.6598855090667,69.1252148006968,68.081428736646,42.5500457508646,61.7251340752041,67.4406002297238,69.0252741277573,68.8181272628979
69.7943647569708,46.398443301583,62.1494804282668,66.9623552337294,67.5012616541936,65.3647672508531,68.922284906316,61.6047531641453,66.060078741963,55.5446177858604,59.1365900147332,68.3765314652521,62.1499325016986,54.6802822908964,67.6203668992842,63.883758003964,62.605111721677,61.456545486521,59.3817076428874,63.2584590575944,44.0746220059315,61.060447148105,41.3781943877613,54.6598855090667,69.1252148006968,68.081428736646,42.5500457508646,61.7266856936776,67.4406002297238,69.0252741277573,68.933140377761
69.7943647569708,46.398443301583,62.1494804282668,66.9656602011283,67.5012616541936,65.3648382026919,68.922284906316,61.6047531641453,66.060078741963,55.5446177858604,59.1365900147332,68.3765314652521,62.1501779033437,54.6802822908964,67.6203668992842,63.8892500811635,62.605111721677,61.456545486521,59.3817076428874,63.2584590575944,44.0746220059315,61.060447148105,41.3893458657744,54.6598855090667,69.1252148006968,68.0823472984423,42.5500457508646,61.729444808291,67.4406002297238,69.0276618347142,69.0202824970465
69.7943647569708,46.398443301583,62.1494804282668,66.9656602011283,67.5012616541936,65.3648382026919,68.9226944395148,61.6047531641453,66.060078741963,55.5446177858604,59.1365900147332,68.3765314652521,62.1501779033437,54.6805128227687,67.6203668992842,63.8892500811635,62.605111721677,61.456545486521,59.3817076428874,63.2584590575944,44.0746220059315,61.060963101235,41.3893458657744,54.6598855090667,69.1265909007619,68.0823472984423,42.5548824795614,61.729444808291,67.4406002297238,69.0276618347142,69.0202824970465
69.7943647569708,46.398443301583,62.1494804282668,66.9656602011283,67.5012616541936,65.3648382026919,68.9226944395148,61.6061071931039,66.0613025483363,55.5446177858604,59.1365900147332,68.3765314652521,62.150337145607,54.6805128227687,67.6203668992842,63.8892500811635,62.605111721677,61.456545486521,59.3817076428874,63.2584590575944,44.0746220059315,61.060963101235,41.3893458657744,54.6598855090667,69.1265909007619,68.0823472984423,42.5548824795614,61.729444808291,67.4406002297238,69.0276618347142,69.0202824970465
69.7943647569708,46.398443301583,62.1494804282668,66.9656602011283,67.5012616541936,65.3648382026919,68.9226944395148,61.6061071931039,66.0613025483363,55.5446177858604,59.1365900147332,68.3765314652521,62.150337145607,54.6805128227687,67.6204022416624,63.8892500811635,62.6058494400841,61.4575182382108,59.3817076428874,63.2584590575944,44.0746220059315,61.060963101235,41.3893458657744,54.6598855090667,69.1265909007619,68.0823472984423,42.5548824795614,61.729444808291,67.4506505791878,69.0320240883476,69.0477449306264
69.7943647569708,46.398443301583,62.1516491991564,66.9656602011283,67.5063248811442,65.3648382026919,68.9226944395148,61.6061071931039,66.0613025483363,55.5446177858604,59.1365900147332,68.3765314652521,62.150337145607,54.6805128227687,67.6204022416624,63.8892500811635,62.6058494400841,61.4575182382108,59.3817109897249,63.4338957597649,44.0746220059315,61.060963101235,41.3893458657744,54.6598855090667,69.1265909007619,68.0823472984423,42.5568995022933,61.729444808291,67.4506505791878,69.0320240883476,69.0477449306264
69.7950226398825,46.398443301583,62.1516491991564,66.9656602011283,67.5063248811442,65.3657483312063,68.9233343420605,61.6064103248745,66.0626612337539,55.5446177858604,59.1383943010174,68.4265204670099,62.150442750338,54.6805128227687,67.6204022416624,63.8892500811635,62.6058494400841,61.4575182382108,59.3817109897249,63.4338957597649,44.0746220059315,61.0609965906558,41.3893458657744,54.6598855090667,69.1314587684951,68.0829956721264,42.5568995022933,61.729444808291,67.4506505791878,69.0320240883476,69.0477449306264
69.7950226398825,46.398443301583,62.1516491991564,66.9698043808614,67.5063248811442,65.3657483312063,68.9233343420605,61.6064103248745,66.0626612337539,55.5785994958854,59.1383943010174,68.4265204670099,62.150442750338,54.6812356013565,67.6204022416624,63.8892500811635,62.606372826894,61.4614158684409,59.3817109897249,63.4338957597649,44.0746220059315,61.0609965906558,41.3893458657744,54.6598855090667,69.1314587684951,68.0829956721264,42.5582787805021,61.729444808291,67.4506505791878,69.0320240883476,69.0477449306264
69.7950226398825,46.398443301583,62.1516491991564,66.9698043808614,67.5063248811442,65.3657483312063,68.9233343420605,61.6064103248745,66.0626612337539,55.5785994958854,59.1383943010174,68.4265204670099,62.1505141567076,54.6812356013565,67.6204022416624,63.8892500811635,62.606372826894,61.4614158684409,59.3817109897249,63.4338957597649,44.0746220059315,61.0609965906558,41.3909636231443,54.6598855090667,69.1314587684951,68.0829956721264,42.5582787805021,61.729444808291,67.4506505791878,69.0420490870535,69.0477449306264
69.7965980983332,46.398443301583,62.1516491991564,66.9698043808614,67.5063248811442,65.3657483312063,68.9233343420605,61.6071038878544,66.0687336262783,55.5785994958854,59.1383943010174,68.4265204670099,62.1505141567076,54.6812356013565,67.6211256907782,63.8892500811635,62.606372826894,61.4614158684409,59.3817109897249,63.4338957597649,44.0746220059315,61.0609965906558,41.3909636231443,54.6598855090667,69.1314587684951,68.0829956721264,42.5582787805021,61.729444808291,67.4560978538363,69.0420490870535,69.0477449306264
69.7965980983332,46.398443301583,62.1516491991564,66.9698043808614,67.5063248811442,65.3657483312063,68.923890809784,61.6071038878544,66.0687336262783,55.5918581444249,59.1383943010174,68.4265204670099,62.1505141567076,54.6812356013565,67.6211256907782,63.8892500811635,62.606372826894,61.4614158684409,59.3817109897249,63.4338957597649,44.0746220059315,61.0609965906558,41.3909636231443,54.6598855090667,69.1314587684951,68.0829956721264,42.5617414557971,61.729444808291,67.4560978538363,69.0420490870535,69.081913757825
69.7965980983332,46.398443301583,62.1516491991564,66.9698043808614,67.5063248811442,65.3660788567623,68.923890809784,61.6072592728164,66.0687336262783,55.5991349109784,59.1383943010174,68.4265204670099,62.1505632479956,54.6812356013565,67.6211256907782,63.8892500811635,62.606372826894,61.4633533529011,59.3817109897249,63.540936797157,44.0746220059315,61.0612286464551,41.3909636231443,54.6598855090667,69.1330621489183,68.0829956721264,42.5617414557971,61.729444808291,67.4560978538363,69.0483842143522,69.1236877294546
69.7965980983332,46.398443301583,62.1519300520318,66.9698043808614,67.5063248811442,65.3660788567623,68.923890809784,61.6072592728164,66.0691690329294,55.5991349109784,59.1407679416942,68.4559206525727,62.1505632479956,54.6812356013565,67.6211256907782,63.8892500811635,62.606372826894,61.4633533529011,59.3817109897249,63.6461967855885,44.0746220059315,61.0612286464551,41.3909636231443,54.6598855090667,69.1330621489183,68.0829956721264,42.5617414557971,61.729444808291,67.4560978538363,69.0483842143522,69.1236877294546
69.807110351518,46.398443301583,62.1519300520318,66.9720839590288,67.5063248811442,65.3660788567623,68.923890809784,61.6072592728164,66.0691690329294,55.5991349109784,59.1431633951508,68.4559206525727,62.1505632479956,54.6812356013565,67.6226239746574,63.8892500811635,62.606372826894,61.4633533529011,59.3817109897249,63.7091038078057,44.0746220059315,61.0612286464551,41.3909636231443,54.6598855090667,69.1330621489183,68.0829956721264,42.5637992646743,61.7317161160811,67.4571093607764,69.0483842143522,69.1236877294546
69.807110351518,46.398443301583,62.1519300520318,66.9720839590288,67.5063248811442,65.3660788567623,68.923890809784,61.6077398363192,66.0691690329294,55.5991349109784,59.1431633951508,68.4559206525727,62.1521176325111,54.6812356013565,67.6226239746574,63.8892500811635,62.606372826894,61.4633533529011,59.3817109897249,63.7091038078057,44.0746220059315,61.0612286464551,41.3909636231443,54.6598855090667,69.1330621489183,68.0829956721264,42.5637992646743,61.7317161160811,67.4571093607764,69.0483842143522,69.125620127613
69.807110351518,46.398443301583,62.1562570007226,66.9720839590288,67.5063248811442,65.3660788567623,68.924748302706,61.6077398363192,66.0691690329294,55.6011437123914,59.1431633951508,68.4559206525727,62.1521176325111,54.6812356013565,67.6226239746574,63.8892500811635,62.606372826894,61.4641600751727,59.3817109897249,63.7091038078057,44.0746220059315,61.0612286464551,41.3909636231443,54.6598855090667,69.1348042064988,68.0832498072085,42.5637992646743,61.7317161160811,67.4571093607764,69.0524209442057,69.125620127613
69.817522598313,46.398443301583,62.1562570007226,66.9720839590288,67.5063248811442,65.3660788567623,68.924748302706,61.6077864155824,66.0744400941277,55.6011437123914,59.1431633951508,68.4559206525727,62.1521176325111,54.6812356013565,67.6226239746574,63.8892500811635,62.606372826894,61.4641600751727,59.3817109897249,63.7091038078057,44.0746220059315,61.0612286464551,41.3909636231443,54.6598855090667,69.1348042064988,68.0832498072085,42.5652259543654,61.7317161160811,67.4571093607764,69.0524209442057,69.1290821814321
69.817522598313,46.398443301583,62.1562570007226,66.9720839590288,67.5063248811442,65.3660788567623,68.924748302706,61.6077864155824,66.0744400941277,55.6011437123914,59.1431633951508,68.4613512618323,62.1521176325111,54.6812356013565,67.6226239746574,63.8892500811635,62.606372826894,61.4641600751727,59.3817109897249,63.7091038078057,44.0746220059315,61.0612286464551,41.3909636231443,54.6598855090667,69.1348042064988,68.0832498072085,42.5652259543654,61.7317161160811,67.4581386299658,69.0524209442057,69.1290821814321
69.817522598313,46.398443301583,62.1562570007226,66.9720839590288,67.5063248811442,65.3660788567623,68.924748302706,61.6077864155824,66.0744400941277,55.6049525631518,59.1431633951508,68.4613512618323,62.1521176325111,54.6812356013565,67.6226239746574,63.8892500811635,62.6105044738088,61.4641600751727,59.3817109897249,63.7935398224521,44.0746220059315,61.0612286464551,41.3909636231443,54.6598855090667,69.1348042064988,68.0832498072085,42.5652259543654,61.7342969387183,67.4581386299658,69.0524209442057,69.1290821814321
69.817522598313,46.398443301583,62.1576877717822,66.9727388619912,67.5063248811442,65.3660788567623,68.9258964340668,61.6078711567805,66.0744400941277,55.6451977403358,59.1431633951508,68.4613512618323,62.1524130000192,54.6812356013565,67.6226239746574,63.8892500811635,62.6105044738088,61.4644085423598,59.3817109897249,63.903824828256,44.0746220059315,61.0614485584088,41.3909636231443,54.6598855090667,69.1348042064988,68.0884722169994,42.5666599193235,61.7342969387183,67.4581386299658,69.0550297135524,69.1303909982769
69.8195596557052,46.398443301583,62.1576877717822,66.9727388619912,67.5063248811442,65.3660788567623,68.9258964340668,61.6078711567805,66.0744400941277,55.6451977403358,59.1431633951508,68.4613512618323,62.1524130000192,54.6812356013565,67.6226239746574,63.8940711742509,62.6105044738088,61.4644085423598,59.3817109897249,63.903824828256,44.0746220059315,61.0614485584088,41.3909636231443,54.6599457384115,69.1362880423112,68.0884722169994,42.5666599193235,61.7342969387183,67.4581386299658,69.0550297135524,69.1303909982769
69.8195596557052,46.398443301583,62.1576877717822,66.9727388619912,67.5063248811442,65.3660788567623,68.9258964340668,61.6078711567805,66.0744400941277,55.6451977403358,59.1431633951508,68.4613512618323,62.1524130000192,54.6812356013565,67.6226239746574,63.8940711742509,62.612832751244,61.4644085423598,59.3817109897249,63.903824828256,44.0746220059315,61.0614485584088,41.3909636231443,54.6599457384115,69.1362880423112,68.0884722169994,42.5666599193235,61.7342969387183,67.4645712716598,69.0550297135524,69.1303909982769
69.8195596557052,46.398443301583,62.1615485985628,66.9727388619912,67.5063248811442,65.3660788567623,68.9258964340668,61.6078711567805,66.0783720196759,55.6638217712339,59.1431633951508,68.4613512618323,62.1526150621971,54.6812356013565,67.6226239746574,63.9030486772965,62.612832751244,61.4644085423598,59.3817109897249,63.903824828256,44.0746220059315,61.0614485584088,41.3909636231443,54.6599457384115,69.1362880423112,68.0884722169994,42.5669554912032,61.7366147605777,67.4645712716598,69.0567446938687,69.1303909982769
69.8230452244731,46.398443301583,62.1615485985628,66.9727388619912,67.5063248811442,65.3660788567623,68.9262460975646,61.6078711567805,66.0783720196759,55.6675837056318,59.1431633951508,68.4630253906062,62.1526150621971,54.6812356013565,67.6226239746574,63.9030486772965,62.612832751244,61.464615721083,59.3817109897249,63.903824828256,44.0746220059315,61.0615846349689,41.3909636231443,54.6599457384115,69.1362880423112,68.0884722169994,42.5669554912032,61.7366147605777,67.4645712716598,69.0567446938687,69.1303909982769
69.8230452244731,46.398443301583,62.1615485985628,66.9727388619912,67.5063248811442,65.3660788567623,68.9262460975646,61.6078711567805,66.0783720196759,55.6708808337167,59.1431633951508,68.4630253906062,62.1537318725534,54.6812356013565,67.6226239746574,63.9030486772965,62.612832751244,61.464615721083,59.3817109897249,64.0778603738755,44.0746220059315,61.0615846349689,41.3909636231443,54.6599631116064,69.1431788208786,68.0900709650301,42.5669554912032,61.7366147605777,67.4645712716598,69.0567446938687,69.1303909982769
69.8230452244731,46.398443301583,62.1615485985628,66.9731803389001,67.5072778869872,65.3660788567623,68.9262460975646,61.6082238619026,66.0784443963492,55.6708808337167,59.1431633951508,68.4630253906062,62.1537318725534,54.6812356013565,67.6226239746574,63.9073721104351,62.612832751244,61.464615721083,59.3817109897249,64.2494495721564,44.0746220059315,61.0615846349689,41.3909636231443,54.6599631116064,69.1431788208786,68.0900709650301,42.5676084778185,61.7366147605777,67.4667808360535,69.0567446938687,69.1317580057784
69.8230452244731,46.398443301583,62.1615485985628,66.9731803389001,67.5072778869872,65.3660788567623,68.9262460975646,61.6082238619026,66.0784443963492,55.6708808337167,59.1431633951508,68.4630253906062,62.1537318725534,54.6812356013565,67.6226239746574,63.9073721104351,62.615029500529,61.464615721083,59.3817109897249,64.3999739991075,44.0746220059315,61.0615846349689,41.3909636231443,54.6599631116064,69.1431788208786,68.0900709650301,42.5676084778185,61.7366147605777,67.4667808360535,69.065150463096,69.1317580057784
69.8245845098147,46.398443301583,62.1615485985628,66.9731803389001,67.5072778869872,65.3660788567623,68.9268979724138,61.6082238619026,66.0784443963492,55.6785207333959,59.1431633951508,68.4630253906062,62.1539349288585,54.6812356013565,67.6233113602123,63.9162154347034,62.615029500529,61.4649588184976,59.3817109897249,64.3999739991075,44.0746220059315,61.0620220919161,41.3909636231443,54.6599631116064,69.1431788208786,68.0900709650301,42.5676084778185,61.7399569761218,67.4667808360535,69.065150463096,69.1317580057784
69.8245845098147,46.398443301583,62.1615485985628,66.9731803389001,67.5072778869872,65.3660788567623,68.9268979724138,61.6089793359172,66.0784443963492,55.6785207333959,59.1431633951508,68.4685042029238,62.1539349288585,54.6812356013565,67.6233113602123,63.9162154347034,62.615029500529,61.4649588184976,59.3817109897249,64.3999739991075,44.0746220059315,61.0620220919161,41.3909636231443,54.6599631116064,69.1431788208786,68.0900709650301,42.5676084778185,61.7399569761218,67.4667808360535,69.065150463096,69.1317580057784
69.8245845098147,46.398443301583,62.1625416855033,66.9731803389001,67.5111453855282,65.3660788567623,68.9268979724138,61.6089793359172,66.0784443963492,55.6785207333959,59.1431633951508,68.4685042029238,62.1539349288585,54.6819736224993,67.6233113602123,63.9162154347034,62.615029500529,61.4649588184976,59.3817109897249,64.3999739991075,44.0746220059315,61.0620220919161,41.3909636231443,54.6599631116064,69.1462568887348,68.0962325366415,42.5676084778185,61.7399569761218,67.4698717823976,69.0718113450589,69.1317580057784
69.8245845098147,46.398443301583,62.1625416855033,66.9731803389001,67.5111453855282,65.3660788567623,68.9268979724138,61.6089793359172,66.0784443963492,55.6886409083657,59.1431633951508,68.4685042029238,62.1539349288585,54.6819736224993,67.6233113602123,63.9162154347034,62.6159244449049,61.4649588184976,59.3817109897249,64.3999739991075,44.0746220059315,61.0620220919161,41.3909636231443,54.6599631116064,69.1462568887348,68.0962325366415,42.5676084778185,61.7399569761218,67.4698717823976,69.0718113450589,69.1340103801605
69.8245845098147,46.398443301583,62.1625416855033,66.9732412970515,67.5111453855282,65.3663626400331,68.9268979724138,61.6095143182236,66.0810250648716,55.6886409083657,59.1431633951508,68.4685042029238,62.1539349288585,54.6819736224993,67.6259733860399,63.9162154347034,62.6159244449049,61.4649588184976,59.3817109897249,64.6430594509279,44.0746220059315,61.0625657164452,41.3909636231443,54.6599631116064,69.1462568887348,68.0962325366415,42.5679613513694,61.7431574016544,67.4698717823976,69.0718113450589,69.1340103801605
69.8245845098147,46.398443301583,62.1625416855033,66.9732412970515,67.5111453855282,65.3663626400331,68.9268979724138,61.6095143182236,66.0810250648716,55.6964685698806,59.1431633951508,68.4685042029238,62.1540391778124,54.6819736224993,67.6259733860399,63.9162154347034,62.6159244449049,61.4649588184976,59.3817109897249,64.7969104371096,44.0746220059315,61.0625657164452,41.3909636231443,54.6599631116064,69.1462568887348,68.0962325366415,42.5679613513694,61.7431574016544,67.4698717823976,69.0718113450589,69.1340103801605
69.8245845098147,46.398443301583,62.1625416855033,66.9732412970515,67.5111453855282,65.3663626400331,68.9268979724138,61.6100561042469,66.0810250648716,55.6964685698806,59.1431633951508,68.4685042029238,62.1540391778124,54.6819736224993,67.6259733860399,63.9162154347034,62.6159244449049,61.4649588184976,59.3817109897249,64.7969104371096,44.0746220059315,61.0625657164452,41.3909636231443,54.6599631116064,69.1474288485316,68.0962325366415,42.5679613513694,61.7431574016544,67.4770825801892,69.0760982409081,69.1340103801605
69.8245845098147,46.398443301583,62.1625416855033,66.9732412970515,67.5266129006216,65.3663626400331,68.9268979724138,61.6100561042469,66.0810250648716,55.6992767516734,59.1431633951508,68.4685042029238,62.1543880239007,54.6838308215474,67.6259733860399,63.9162154347034,62.6192952770539,61.4649588184976,59.3817109897249,64.7969104371096,44.0746220059315,61.0625657164452,41.3909636231443,54.6599631116064,69.1474288485316,68.0962325366415,42.5679613513694,61.7431574016544,67.4770825801892,69.0760982409081,69.1340103801605
69.8245845098147,46.398443301583,62.1625416855033,66.9732412970515,67.5266129006216,65.3663626400331,68.927229210017,61.6100561042469,66.0810250648716,55.6992767516734,59.1442754612489,68.4685042029238,62.1543880239007,54.6838308215474,67.6259733860399,63.9162154347034,62.6192952770539,61.4654911530422,59.3817109897249,64.7969104371096,44.0746220059315,61.0626552600234,41.3909636231443,54.6599631116064,69.1474288485316,68.0962325366415,42.5679613513694,61.7431574016544,67.4770825801892,69.0760982409081,69.1340103801605
69.8245845098147,46.398443301583,62.1625416855033,66.9732412970515,67.5266129006216,65.3664878528333,68.927229210017,61.6108962667467,66.0810250648716,55.700838329613,59.1442754612489,68.4685042029238,62.1546650597125,54.6838308215474,67.6259733860399,63.9162154347034,62.6192952770539,61.4654911530422,59.3817109897249,64.7969104371096,44.0746220059315,61.0626552600234,41.3909636231443,54.6599631116064,69.1474288485316,68.0962325366415,42.5686844386913,61.7458098606041,67.4770825801892,69.0767545292087,69.1349505119253
69.8278287229668,46.398443301583,62.1626540687234,66.9732412970515,67.5266129006216,65.3664878528333,68.927229210017,61.6108962667467,66.0810250648716,55.7031515461828,59.1442754612489,68.4685042029238,62.1546650597125,54.6838308215474,67.6259733860399,63.9162154347034,62.6192952770539,61.4654911530422,59.3817109897249,64.9331980923534,44.0746220059315,61.0626552600234,41.3909636231443,54.6601352923491,69.1486025676018,68.0962325366415,42.5686844386913,61.7458098606041,67.4770825801892,69.0767545292087,69.1349505119253
69.8278287229668,46.398443301583,62.1626540687234,66.9732412970515,67.5266129006216,65.3664878528333,68.927229210017,61.612756434596,66.0810250648716,55.7031867685226,59.1442754612489,68.4685042029238,62.1546650597125,54.6838308215474,67.6259733860399,63.9162154347034,62.6216815776326,61.4654911530422,59.3817109897249,65.063639887843,44.0746220059315,61.0626552600234,41.3909636231443,54.6601352923491,69.1486025676018,68.1002877043997,42.5686844386913,61.7458098606041,67.4770825801892,69.0767545292087,69.1349505119253
69.8278287229668,46.398443301583,62.1626540687234,66.9732412970515,67.5266129006216,65.3664878528333,68.927642548288,61.612756434596,66.0810250648716,55.7045372011064,59.1447417137747,68.4685042029238,62.1549306816268,54.6838308215474,67.6259733860399,63.9162154347034,62.6216815776326,61.4654911530422,59.3817109897249,65.063639887843,44.0746220059315,61.0628880084383,41.3909636231443,54.6601352923491,69.1486025676018,68.1002877043997,42.5692861420852,61.7458098606041,67.4770825801892,69.0767545292087,69.1349505119253
69.8278287229668,46.398443301583,62.1635853466057,66.9732412970515,67.5266129006216,65.3664878528333,68.927642548288,61.612756434596,66.0810250648716,55.7083318056072,59.1447417137747,68.4685042029238,62.1549306816268,54.6838308215474,67.6259733860399,63.9162154347034,62.6216815776326,61.4654911530422,59.3817109897249,65.063639887843,44.0746220059315,61.0628880084383,41.3909636231443,54.6602011413186,69.1486025676018,68.1002877043997,42.5692861420852,61.7507844958628,67.4770825801892,69.0919116820398,69.1379463658637
69.8342394711991,46.398443301583,62.1635853466057,66.9732412970515,67.5266129006216,65.3668723679199,68.927642548288,61.6138404083743,66.0810250648716,55.7083318056072,59.1448965240709,68.4693688851549,62.1549306816268,54.6838308215474,67.6259733860399,63.9162154347034,62.6216815776326,61.4654911530422,59.3817109897249,65.063639887843,44.0746220059315,61.0628880084383,41.3909636231443,54.6602011413186,69.1550379906101,68.1002877043997,42.5696412210042,61.7507844958628,67.4770825801892,69.0919116820398,69.1379463658637
69.8342394711991,46.398443301583,62.1635853466057,66.9732412970515,67.5272834911892,65.3668723679199,68.927642548288,61.6138404083743,66.0810250648716,55.7085189656303,59.1448965240709,68.4693688851549,62.1549306816268,54.6838308215474,67.6259733860399,63.9162154347034,62.6238437744929,61.4657141168667,59.3817109897249,65.063639887843,44.0746220059315,61.0628880084383,41.3909636231443,54.6602011413186,69.1550379906101,68.1076528047767,42.5696412210042,61.7507844958628,67.4770825801892,69.0919116820398,69.1379463658637
69.8342394711991,46.398443301583,62.1635853466057,66.9743132457464,67.5272834911892,65.3668723679199,68.927976397216,61.6138404083743,66.0816354120558,55.7111091618516,59.1448965240709,68.4693688851549,62.1549306816268,54.6838308215474,67.6278413718364,63.9162154347034,62.6238437744929,61.4657141168667,59.3817131088995,65.063639887843,44.0746220059315,61.0630913515785,41.3909636231443,54.6602011413186,69.1550379906101,68.1076528047767,42.5696412210042,61.7507844958628,67.4770825801892,69.0919116820398,69.1379463658637
69.8342394711991,46.398443301583,62.164872253647,66.9743132457464,67.5272834911892,65.3668723679199,68.927976397216,61.6146437066954,66.0816354120558,55.7111091618516,59.1448965240709,68.4693688851549,62.1551332409394,54.6838308215474,67.6278413718364,63.9162154347034,62.6238437744929,61.4657141168667,59.3817131088995,65.2373348891198,44.0746220059315,61.0630913515785,41.3909636231443,54.6602011413186,69.1589544646099,68.1076528047767,42.5700103739398,61.7507844958628,67.4770825801892,69.0919116820398,69.1406380780883
69.8342394711991,46.398443301583,62.164872253647,66.9743132457464,67.5272834911892,65.3668723679199,68.927976397216,61.6146437066954,66.0816354120558,55.7111091618516,59.1448965240709,68.4693688851549,62.1551332409394,54.6838308215474,67.6278413718364,63.9162154347034,62.6238437744929,61.4657141168667,59.3817131088995,65.4766196232637,44.0746220059315,61.0630913515785,41.3909636231443,54.6602011413186,69.1589544646099,68.1076528047767,42.5700103739398,61.7543157908502,67.4770825801892,69.0919116820398,69.1413061329325
69.8342394711991,46.398443301583,62.164872253647,66.9743132457464,67.5272834911892,65.3669038764861,68.927976397216,61.6162426706854,66.0816354120558,55.7111091618516,59.1448965240709,68.4693688851549,62.1551332409394,54.6838308215474,67.6278413718364,63.9162154347034,62.6241471240826,61.4664550284308,59.3817131088995,65.4766196232637,44.0746220059315,61.0636965879249,41.3909636231443,54.6602011413186,69.1589544646099,68.1076528047767,42.5700103739398,61.7543157908502,67.4814105051074,69.0919116820398,69.1421026674238
69.8342394711991,46.398443301583,62.1662264483056,66.9743132457464,67.5272834911892,65.3669038764861,68.9283038259851,61.6162426706854,66.0816354120558,55.7143827579455,59.1448965240709,68.4693688851549,62.1551582725156,54.6838308215474,67.627888136623,63.9162154347034,62.6241471240826,61.4664550284308,59.3817131088995,65.4766196232637,44.0844156997825,61.0636965879249,41.3909636231443,54.6602011413186,69.1589544646099,68.1120405906656,42.5700103739398,61.7543157908502,67.4814105051074,69.1002718239503,69.1421026674238
69.8388911292738,46.398443301583,62.1662264483056,66.9743132457464,67.5272834911892,65.3669038764861,68.9283038259851,61.6162426706854,66.0816354120558,55.7303032965398,59.1448965240709,68.4693688851549,62.1551582725156,54.6838308215474,67.627888136623,63.9162154347034,62.6241471240826,61.4664550284308,59.3817131088995,65.4766196232637,44.0844156997825,61.0636965879249,41.3909636231443,54.6602011413186,69.1634381932605,68.1120405906656,42.5707263138225,61.7543157908502,67.4814105051074,69.1002718239503,69.1421026674238
69.8388911292738,46.398443301583,62.1662264483056,66.9743132457464,67.5272834911892,65.3669038764861,68.9283038259851,61.6192239280417,66.0883624876124,55.7303032965398,59.1448965240709,68.4693688851549,62.1551582725156,54.6838308215474,67.627888136623,63.9162154347034,62.6241471240826,61.4664550284308,59.3817131088995,65.4766196232637,44.0844156997825,61.0643116506481,41.3909636231443,54.6603051509214,69.1634381932605,68.1120405906656,42.5707263138225,61.7567503338527,67.4814105051074,69.1002718239503,69.1452470251281
69.8388911292738,46.398443301583,62.1662264483056,66.9743132457464,67.5272834911892,65.3707146175571,68.9283038259851,61.6192239280417,66.0883624876124,55.7387211349487,59.1448965240709,68.4693688851549,62.1551582725156,54.6838308215474,67.627888136623,63.9162154347034,62.6264359437582,61.4664550284308,59.3817131088995,65.5267087852495,44.0844156997825,61.0643116506481,41.3909636231443,54.6603051509214,69.1634381932605,68.1120405906656,42.5707263138225,61.7567503338527,67.4814105051074,69.1120270152467,69.1474690181433
69.8388911292738,46.398443301583,62.1663116583223,66.9743132457464,67.5272834911892,65.3707146175571,68.9284225498128,61.6192239280417,66.0883624876124,55.7418934614343,59.1448965240709,68.4693688851549,62.1551582725156,54.6838308215474,67.6296444841643,63.9162154347034,62.6264359437582,61.4664550284308,59.3817131088995,65.5729891657459,44.0844156997825,61.0643116506481,41.3909636231443,54.6603051509214,69.1640350772304,68.1146958695423,42.5708223912101,61.7567503338527,67.4814105051074,69.1120270152467,69.1474690181433
69.8388911292738,46.398443301583,62.1663116583223,66.9743132457464,67.5272834911892,65.3707146175571,68.9284225498128,61.6214495648145,66.0883624876124,55.7520700225702,59.1448965240709,68.4697092642844,62.1552318361429,54.6838308215474,67.6296444841643,63.9162154347034,62.6264359437582,61.4664550284308,59.3817131088995,65.5729891657459,44.0844156997825,61.0647565859724,41.3909636231443,54.6603074803504,69.1640350772304,68.1146958695423,42.5708223912101,61.7567503338527,67.4814105051074,69.1120270152467,69.1474690181433
69.8388911292738,46.398443301583,62.1663116583223,66.9743132457464,67.5272834911892,65.3707146175571,68.9284225498128,61.6214495648145,66.0883624876124,55.7520700225702,59.1448965240709,68.4697092642844,62.1552318361429,54.6838308215474,67.6296444841643,63.9162154347034,62.6264359437582,61.4669987025868,59.3817131088995,65.5729891657459,44.0844156997825,61.0647565859724,41.3909636231443,54.6603074803504,69.1640350772304,68.1146958695423,42.5708223912101,61.7593579487699,67.4814105051074,69.1120270152467,69.1474690181433
69.8388911292738,46.398443301583,62.1673206862808,66.9743132457464,67.5272834911892,65.3709514438162,68.9284225498128,61.6214495648145,66.0883624876124,55.7613741628592,59.1448965240709,68.4697092642844,62.1552318361429,54.6838308215474,67.6296444841643,63.9162154347034,62.6300614641484,61.4669987025868,59.3817131088995,65.5729891657459,44.0844156997825,61.0647565859724,41.391876989129,54.6603074803504,69.1640350772304,68.1146958695423,42.5710428007326,61.7593579487699,67.4814105051074,69.1213691090795,69.1530330382421
69.8388911292738,46.398443301583,62.1673206862808,66.9743636975005,67.5272834911892,65.3709514438162,68.9284569821736,61.6232850441821,66.0883624876124,55.7746094225472,59.1448965240709,68.4697092642844,62.1557672784792,54.6838308215474,67.6296444841643,63.9162154347034,62.6300614641484,61.4669987025868,59.3817140592519,65.5729891657459,44.0844156997825,61.067982545503,41.391876989129,54.6603699737779,69.1674834447851,68.1146958695423,42.5710428007326,61.7593579487699,67.4852493776329,69.1213691090795,69.1538046226572
69.8388911292738,46.398443301583,62.1673206862808,66.9743636975005,67.5272834911892,65.3709514438162,68.9284569821736,61.6232850441821,66.0883624876124,55.7870472985499,59.1448965240709,68.4697092642844,62.1557672784792,54.6838308215474,67.6305461703737,63.9162154347034,62.6300614641484,61.4669987025868,59.3817140592519,65.5729891657459,44.0844156997825,61.067982545503,41.391876989129,54.6603699737779,69.1674834447851,68.1266843584465,42.5710428007326,61.7593579487699,67.4852493776329,69.1213691090795,69.1538046226572
69.8388911292738,46.398443301583,62.1673206862808,66.9743636975005,67.5272834911892,65.3709514438162,68.9284569821736,61.6262205712467,66.0883624876124,55.7870472985499,59.1448965240709,68.4705840485463,62.1563930738791,54.6838308215474,67.6305461703737,63.9162154347034,62.63270984722,61.4686259920724,59.3817140592519,65.5937519513232,44.0844156997825,61.067982545503,41.391876989129,54.6603699737779,69.1674834447851,68.1266843584465,42.5710428007326,61.7607668039299,67.4852493776329,69.1213691090795,69.1538046226572
69.8388911292738,46.398443301583,62.1673206862808,66.9743636975005,67.5347382547277,65.3712300490406,68.9284569821736,61.6262205712467,66.0883624876124,55.8032838749455,59.1448965240709,68.4705840485463,62.1563930738791,54.6838308215474,67.6305461703737,63.9479689642491,62.63270984722,61.4686259920724,59.3817140592519,65.6036512104353,44.0844156997825,61.0689823478524,41.391876989129,54.6603699737779,69.1705568030337,68.1266843584465,42.5713106642498,61.7607668039299,67.4852493776329,69.1213691090795,69.1538046226572
69.8388911292738,46.398443301583,62.1673206862808,66.9743636975005,67.5347382547277,65.3712300490406,68.9289102911542,61.6262205712467,66.0926940231265,55.8125567595028,59.1448965240709,68.4705840485463,62.1563930738791,54.6838308215474,67.6305461703737,63.9479689642491,62.63270984722,61.4686259920724,59.3817140592519,65.6036512104353,44.0844156997825,61.0689823478524,41.391876989129,54.6603773213933,69.1705568030337,68.1266843584465,42.5713106642498,61.7607668039299,67.4852493776329,69.1213691090795,69.1538046226572
69.8388911292738,46.398443301583,62.1673206862808,66.9743636975005,67.5347382547277,65.3712300490406,68.9289102911542,61.62891250449,66.0926940231265,55.8125567595028,59.1448965240709,68.4705840485463,62.1563930738791,54.6838308215474,67.6305461703737,63.9666115200528,62.63270984722,61.4693595601972,59.3817140592519,65.6036512104353,44.0844156997825,61.0689823478524,41.391876989129,54.6603773213933,69.1705568030337,68.1339205479674,42.5713106642498,61.7607668039299,67.4869538796466,69.1213691090795,69.1538046226572
69.8388911292738,46.398443301583,62.1691382312114,66.9744747723459,67.5347382547277,65.3712300490406,68.9289102911542,61.62891250449,66.0926940231265,55.8125567595028,59.1448965240709,68.4705840485463,62.1563930738791,54.6838308215474,67.6325138692676,63.9666115200528,62.6363247242742,61.4693595601972,59.3817140592519,65.6036512104353,44.0844156997825,61.0704868763854,41.391876989129,54.6603773213933,69.1705568030337,68.1339205479674,42.5713106642498,61.7616353742198,67.4869538796466,69.1260122466393,69.1538046226572
69.8388911292738,46.398443301583,62.1691382312114,66.9744747723459,67.5561316375489,65.3712300490406,68.9289102911542,61.6314129115689,66.0926940231265,55.8148617077305,59.1448965240709,68.4705840485463,62.1571775932627,54.6842903198879,67.6325138692676,63.9666115200528,62.6363247242742,61.4693595601972,59.3817140592519,65.6036512104353,44.0844156997825,61.0704868763854,41.391876989129,54.6603773213933,69.1761467653147,68.1339205479674,42.5713106642498,61.7616353742198,67.4869538796466,69.1260122466393,69.1538046226572
69.8422407441362,46.398443301583,62.1691382312114,66.9744747723459,67.5561316375489,65.3712300490406,68.9294102261907,61.6314129115689,66.0926940231265,55.8148617077305,59.1448965240709,68.4722960060819,62.1571775932627,54.6842903198879,67.6325138692676,64.0128017851654,62.6363247242742,61.4693595601972,59.3817140592519,65.6220907897715,44.0844156997825,61.0704868763854,41.391876989129,54.6603773213933,69.1761467653147,68.1339205479674,42.5714500232883,61.7616353742198,67.4869538796466,69.1260122466393,69.1578682518533
69.8422407441362,46.398443301583,62.1691382312114,66.9744747723459,67.5561316375489,65.3712300490406,68.9294102261907,61.6314129115689,66.0926940231265,55.8148617077305,59.1448965240709,68.4722960060819,62.1578070249593,54.6842903198879,67.6325138692676,64.0128017851654,62.6410792400951,61.4700339018089,59.3817140592519,65.6220907897715,44.0844156997825,61.0763208196792,41.391876989129,54.6603773213933,69.1761467653147,68.1339205479674,42.5714500232883,61.7616353742198,67.487095954276,69.1260651685419,69.1578682518533
69.8422407441362,46.398443301583,62.1695687363593,66.9744747723459,67.5561316375489,65.3712300490406,68.9294102261907,61.633596739703,66.0949552774716,55.8148617077305,59.1448965240709,68.4722960060819,62.1578070249593,54.6842903198879,67.6343807025581,64.0439526733248,62.6410792400951,61.4700339018089,59.3817140592519,65.6220907897715,44.0844156997825,61.0763208196792,41.391876989129,54.6603773213933,69.1777860106162,68.1339205479674,42.5714500232883,61.7627985346107,67.487095954276,69.1260651685419,69.1578682518533
69.8422407441362,46.398443301583,62.1695687363593,66.9744747723459,67.5561316375489,65.3712300490406,68.9294102261907,61.633596739703,66.0949552774716,55.8447493132875,59.1448965240709,68.4722960060819,62.1582630037032,54.6842903198879,67.6343807025581,64.0439526733248,62.6410792400951,61.4700339018089,59.3817140592519,65.6220907897715,44.0844156997825,61.0763208196792,41.391876989129,54.6603888465336,69.1777860106162,68.1339205479674,42.5714500232883,61.7627985346107,67.487095954276,69.1260651685419,69.1578682518533
69.8422407441362,46.398443301583,62.1695687363593,66.9744747723459,67.5561316375489,65.3712300490406,68.930102924788,61.633596739703,66.0949552774716,55.8447493132875,59.1448965240709,68.4722960060819,62.1582630037032,54.6842903198879,67.6343807025581,64.0439526733248,62.6410792400951,61.4701742540986,59.3817140592519,65.6220907897715,44.0844156997825,61.0763208196792,41.391876989129,54.6603888465336,69.1777860106162,68.1339205479674,42.5714500232883,61.7627985346107,67.487095954276,69.1260651685419,69.1578682518533
69.8422407441362,46.398443301583,62.1695687363593,66.9744747723459,67.5561316375489,65.3712300490406,68.930102924788,61.6359465757559,66.0969552646976,55.8447493132875,59.1448965240709,68.4722960060819,62.1587498434005,54.6842903198879,67.6343807025581,64.0961888485206,62.6436801778973,61.4701742540986,59.3817140592519,65.6220907897715,44.0844156997825,61.0770583912838,41.391876989129,54.6603888465336,69.1777860106162,68.1339205479674,42.7261282981653,61.7627985346107,67.487095954276,69.1260651685419,69.1641800453851
69.8422407441362,46.398443301583,62.1695687363593,66.9744747723459,67.5561316375489,65.3712300490406,68.930102924788,61.6359465757559,66.0969552646976,55.8447493132875,59.1449104271443,68.4722960060819,62.1587498434005,54.6842903198879,67.6343807025581,64.0961888485206,62.6436801778973,61.4701742540986,59.3817140592519,65.6307488809189,44.0844156997825,61.0770583912838,41.391876989129,54.6603888465336,69.1784788454054,68.1339205479674,42.7261282981653,61.7635922022009,67.487899847163,69.1336605409405,69.1641800453851
69.8422407441362,46.398443301583,62.1695687363593,66.9744747723459,67.5561316375489,65.3712300490406,68.930102924788,61.6376373335538,66.0969552646976,55.8447493132875,59.1463121847956,68.4722960060819,62.1587498434005,54.6842903198879,67.6376203941263,64.123488624589,62.6436801778973,61.4701742540986,59.3817140592519,65.6307488809189,44.0844156997825,61.0770583912838,41.391876989129,54.6603888465336,69.1784788454054,68.1438965088965,42.8719450237544,61.7635922022009,67.487899847163,69.1336605409405,69.1641800453851
69.8422407441362,46.398443301583,62.1695687363593,66.9744747723459,67.5561316375489,65.3712300490406,68.9308151520325,61.6376373335538,66.0969552646976,55.8447493132875,59.1463121847956,68.4722960060819,62.1592245695296,54.6842903198879,67.6376203941263,64.123488624589,62.645193604931,61.4701742540986,59.3817140592519,65.6307488809189,44.0844156997825,61.0795297748247,41.391876989129,54.6603888465336,69.1784788454054,68.1438965088965,42.9908155674957,61.7635922022009,67.487899847163,69.1336605409405,69.1641800453851
69.8422407441362,46.398443301583,62.1695687363593,66.9744747723459,67.5561316375489,65.3712300490406,68.9308151520325,61.6376373335538,66.0969552646976,55.8463764663299,59.1463121847956,68.4722960060819,62.1592245695296,54.6842903198879,67.6376203941263,64.123488624589,62.645193604931,61.4720854693395,59.3817140592519,65.6307488809189,44.0844156997825,61.0795297748247,41.391876989129,54.6603888465336,69.1784788454054,68.1438965088965,43.144095246918,61.7635922022009,67.487899847163,69.1336605409405,69.1641800453851
69.8422407441362,46.398443301583,62.1695687363593,66.9750440412434,67.5561316375489,65.3712300490406,68.9308151520325,61.6376373335538,66.0969552646976,55.8463764663299,59.1463121847956,68.4722960060819,62.1595475397523,54.6842903198879,67.6376203941263,64.123488624589,62.645193604931,61.4720854693395,59.3817140592519,65.6307488809189,44.0844156997825,61.0795297748247,41.391876989129,54.6603953157965,69.180250764917,68.1438965088965,43.144095246918,61.7635922022009,67.4886365756323,69.1365229107717,69.1690358676112
69.8422407441362,46.398443301583,62.1695687363593,66.9750440412434,67.5570580530429,65.3718559381162,68.9308151520325,61.6392808748313,66.0969552646976,55.8463764663299,59.1463121847956,68.4742840025306,62.1595475397523,54.6842903198879,67.6385909383984,64.1810054565609,62.645193604931,61.4720854693395,59.3817140592519,65.6307488809189,44.0844156997825,61.0795297748247,41.391876989129,54.6603953157965,69.180250764917,68.151702678372,43.2240890748705,61.7635922022009,67.4886365756323,69.1365229107717,69.1690358676112
69.8425412731938,46.398443301583,62.1695687363593,66.9750440412434,67.5570580530429,65.3718559381162,68.9320657598307,61.6392808748313,66.0969552646976,55.8528983533044,59.1463121847956,68.4742840025306,62.159718120701,54.6842903198879,67.6385909383984,64.1810054565609,62.6491332994599,61.4720854693395,59.3817140592519,65.6532281039066,44.0844156997825,61.082565221162,41.391876989129,54.6603953157965,69.180250764917,68.151702678372,43.2718034876051,61.7635922022009,67.4886365756323,69.1365229107717,69.1690358676112
69.8425412731938,46.398443301583,62.1695687363593,66.9750440412434,67.5570580530429,65.3718559381162,68.9320657598307,61.6392808748313,66.0969552646976,55.8615113480766,59.1463121847956,68.4742840025306,62.159718120701,54.6842903198879,67.6385909383984,64.2024269655888,62.6491332994599,61.4720983221397,59.3817140592519,65.6532281039066,44.0844156997825,61.082565221162,41.391876989129,54.660416187879,69.1807475017346,68.151702678372,43.2718034876051,61.7635922022009,67.4886365756323,69.1365229107717,69.1690358676112
69.8425412731938,46.398443301583,62.1695687363593,66.9750440412434,67.5570580530429,65.3718559381162,68.9320657598307,61.6404025039934,66.097286247921,55.8615113480766,59.1463121847956,68.4742840025306,62.159718120701,54.6842903198879,67.6385909383984,64.2024269655888,62.6491332994599,61.4720983221397,59.3817140592519,65.6532281039066,44.0844156997825,61.082565221162,41.391876989129,54.660416187879,69.1807475017346,68.151702678372,43.3668642166627,61.7646707957081,67.4886365756323,69.1370030747178,69.1690358676112
69.8425412731938,46.398443301583,62.170334744605,66.9750440412434,67.5570580530429,65.3718559381162,68.9320657598307,61.6404025039934,66.097286247921,55.8615113480766,59.1463121847956,68.4742840025306,62.159718120701,54.6842903198879,67.6385909383984,64.2024269655888,62.6491332994599,61.4720983221397,59.3817140592519,65.6532281039066,44.0844156997825,61.0844509600461,41.391876989129,54.660416187879,69.1807475017346,68.151702678372,43.4248218550727,61.7646707957081,67.4904083233828,69.1370030747178,69.1701193637688
69.8425412731938,46.398443301583,62.170334744605,66.9754201954158,67.5570580530429,65.3718559381162,68.9328538468541,61.6404025039934,66.097286247921,55.8615113480766,59.1463121847956,68.4746538291085,62.1598331160022,54.6852806663,67.6411002717022,64.2129070477718,62.6515554963791,61.4720983221397,59.3817140592519,65.6532281039066,44.0844156997825,61.0844509600461,41.391876989129,54.660416187879,69.1807475017346,68.1593923058487,43.4248218550727,61.7646707957081,67.4904083233828,69.1370030747178,69.1701193637688
69.8425412731938,46.398443301583,62.170334744605,66.9754201954158,67.5570580530429,65.3718559381162,68.9328538468541,61.6422978900835,66.097286247921,55.8632155249938,59.1480390893237,68.4746538291085,62.1598331160022,54.6852806663,67.6411002717022,64.2129070477718,62.6515554963791,61.47222060447,59.3817140592519,65.6532281039066,44.0844156997825,61.0844509600461,41.391876989129,54.660416187879,69.1817916138938,68.1593923058487,43.5929561656182,61.7646707957081,67.4904083233828,69.1370030747178,69.1701193637688
69.8425412731938,46.398443301583,62.1704602674836,66.9754201954158,67.5570580530429,65.3718559381162,68.9328538468541,61.6422978900835,66.097286247921,55.8632155249938,59.1480390893237,68.4746538291085,62.1600941937913,54.6852806663,67.6411002717022,64.2265335167398,62.6515554963791,61.47222060447,59.3817140592519,65.6670082350088,44.0844156997825,61.0844509600461,41.391876989129,54.660416187879,69.1817916138938,68.1593923058487,43.6692548880083,61.7683125720094,67.4904083233828,69.1370030747178,69.1701193637688
69.8425412731938,46.398443301583,62.1704602674836,66.9754201954158,67.5570580530429,65.3729503363596,68.9328538468541,61.6422978900835,66.097286247921,55.8632155249938,59.1480390893237,68.4746538291085,62.1600941937913,54.6852806663,67.6411002717022,64.2265335167398,62.6558694767617,61.47222060447,59.3817140592519,65.6670082350088,44.0844156997825,61.0875465799986,41.391876989129,54.660416187879,69.1817916138938,68.1593923058487,43.6692548880083,61.7683125720094,67.4904083233828,69.1370030747178,69.1701193637688
69.8447373046526,46.398443301583,62.1704602674836,66.9754201954158,67.5570580530429,65.3729503363596,68.9328538468541,61.6436048211672,66.097286247921,55.8632155249938,59.1480390893237,68.4746538291085,62.1600941937913,54.6852806663,67.6429757170393,64.2265335167398,62.6558694767617,61.47222060447,59.3817140592519,65.6670082350088,44.0844156997825,61.0875465799986,41.391876989129,54.660416187879,69.1872687575933,68.1704221055479,43.7983940571582,61.7683125720094,67.4904083233828,69.1370030747178,69.1701193637688
69.8447373046526,46.398443301583,62.1705502618003,66.9754201954158,67.5570580530429,65.3729503363596,68.9342208471259,61.6436048211672,66.097286247921,55.8664492894607,59.1490418277998,68.4746538291085,62.16069909679,54.6863455504368,67.6429757170393,64.2686843587208,62.6558694767617,61.4724640586972,59.3817140592519,65.6670082350088,44.0844156997825,61.0875465799986,41.391876989129,54.660416187879,69.1872687575933,68.1704221055479,43.9570257602044,61.7683125720094,67.4904083233828,69.1380785029828,69.1701193637688
69.8447373046526,46.398443301583,62.1705502618003,66.9756495812224,67.5570580530429,65.3729503363596,68.9342208471259,61.6436048211672,66.097286247921,55.8664492894607,59.1490418277998,68.4758103405478,62.16069909679,54.6863455504368,67.6429757170393,64.2686843587208,62.6588574772168,61.4724640586972,59.3817140592519,65.6670082350088,44.0844156997825,61.0879039525245,41.391876989129,54.660416187879,69.1872687575933,68.1704221055479,43.9570257602044,61.7698050666349,67.4904083233828,69.1380785029828,69.1701193637688
69.8447373046526,46.398443301583,62.1705502618003,66.9756495812224,67.5570580530429,65.3729503363596,68.9342208471259,61.646984496326,66.097286247921,55.8664492894607,59.1490418277998,68.4758103405478,62.1610877589046,54.6863455504368,67.6429757170393,64.2750865242745,62.6588574772168,61.4724640586972,59.3817140592519,65.6807571585362,44.0844156997825,61.0879039525245,41.391876989129,54.660416187879,69.1872687575933,68.1704221055479,44.1004644162524,61.7698050666349,67.4926816303736,69.1380785029828,69.1701193637688
69.8447373046526,46.398443301583,62.1709128161606,66.9756495812224,67.5606407402296,65.3729503363596,68.9342208471259,61.646984496326,66.097286247921,55.8664492894607,59.1500051161482,68.4758103405478,62.1610877589046,54.6863455504368,67.6429757170393,64.2750865242745,62.6588574772168,61.4724640586972,59.3817140592519,65.6807571585362,44.0844156997825,61.0879039525245,41.391876989129,54.6604286220893,69.1892781505344,68.1704221055479,44.1004644162524,61.7698050666349,67.4926816303736,69.1380785029828,69.1701193637688
69.8447373046526,46.398443301583,62.1709128161606,66.9756495812224,67.5606407402296,65.3729503363596,68.9342208471259,61.646984496326,66.097286247921,55.8664492894607,59.1500051161482,68.4758103405478,62.1610877589046,54.6863455504368,67.6473082633132,64.2750865242745,62.6618171886486,61.4724640586972,59.3817140592519,65.6807571585362,44.0844156997825,61.0879039525245,41.391876989129,54.6604286220893,69.1892781505344,68.1747772793456,44.1874820331117,61.7698050666349,67.4926816303736,69.1413853430784,69.173249226173
69.8447373046526,46.398443301583,62.1709128161606,66.9756495812224,67.5606407402296,65.3729503363596,68.9351816920206,61.6487638225093,66.097286247921,55.8664492894607,59.1500051161482,68.4758103405478,62.161609121856,54.6863455504368,67.6473082633132,64.2812716983111,62.6618171886486,61.4724640586972,59.3817140592519,65.6807571585362,44.0868676543136,61.0895795215661,41.391876989129,54.6604286220893,69.1892781505344,68.1747772793456,44.1874820331117,61.7721418954857,67.4926816303736,69.1413853430784,69.173249226173
69.8447373046526,46.398443301583,62.1714643530259,66.9756495812224,67.5606407402296,65.3729503363596,68.9351816920206,61.6487638225093,66.097286247921,55.8705771376885,59.1508326525806,68.4758103405478,62.161609121856,54.6865922194396,67.6473082633132,64.2812716983111,62.6618171886486,61.4724640586972,59.3817140592519,65.6807571585362,44.1204888569015,61.0895795215661,41.391876989129,54.6604286220893,69.1892781505344,68.1747772793456,44.1874820331117,61.7721418954857,67.4943915823691,69.1413853430784,69.173249226173
69.8447373046526,46.398443301583,62.1714643530259,66.9760715527536,67.5606407402296,65.3729503363596,68.9351816920206,61.6487638225093,66.097286247921,55.8705771376885,59.1508326525806,68.4758103405478,62.1622691740991,54.6865922194396,67.6473082633132,64.2812716983111,62.6641689612278,61.4724640586972,59.3817140592519,65.6807571585362,44.1204888569015,61.0895795215661,41.391876989129,54.6604286220893,69.1892781505344,68.1747772793456,44.1973674631969,61.7721418954857,67.4943915823691,69.1435993758437,69.173249226173
69.8447373046526,46.398443301583,62.1714643530259,66.9760715527536,67.5606407402296,65.3729503363596,68.9351816920206,61.6504243642062,66.097286247921,55.8705771376885,59.1508326525806,68.4758103405478,62.1622691740991,54.6865922194396,67.6501187768673,64.2812716983111,62.6641689612278,61.4725194347823,59.3817140592519,65.7191322478798,44.1204888569015,61.0906727363205,41.391876989129,54.6604286220893,69.1892781505344,68.1767649188456,44.2415278975833,61.7721418954857,67.4943915823691,69.1435993758437,69.173249226173
69.8447373046526,46.398443301583,62.1717129164788,66.9760715527536,67.5606407402296,65.3729503363596,68.9363099859683,61.6504243642062,66.097286247921,55.8793749217385,59.1537975787786,68.4758103405478,62.1622691740991,54.6865922194396,67.6501187768673,64.2812716983111,62.6641689612278,61.4725194347823,59.3817140592519,65.7191322478798,44.1204888569015,61.0906727363205,41.391876989129,54.6604286220893,69.1892781505344,68.1767649188456,44.3048518348308,61.7761041865426,67.4943915823691,69.1435993758437,69.1752466295202
69.8447373046526,46.398443301583,62.1717129164788,66.9760715527536,67.5606407402296,65.3739247363925,68.9363099859683,61.6504243642062,66.097286247921,55.9074978373705,59.1537975787786,68.4758103405478,62.1622691740991,54.6865922194396,67.6501187768673,64.2812716983111,62.668518110922,61.4725194347823,59.3817140592519,65.7191322478798,44.1239302117509,61.0906727363205,41.391876989129,54.6604286220893,69.190130336868,68.1767649188456,44.3048518348308,61.7761041865426,67.4943915823691,69.1444797455499,69.1752466295202
69.8454746748546,46.398443301583,62.1717129164788,66.9760715527536,67.5606407402296,65.3739247363925,68.9363099859683,61.6541375386171,66.097286247921,55.9074978373705,59.1537975787786,68.4787149962534,62.1631586709625,54.6900436756482,67.6501187768673,64.2812716983111,62.668518110922,61.4727454627209,59.381726664268,65.7191322478798,44.1686641484986,61.0906727363205,41.391876989129,54.6604286220893,69.190130336868,68.1767649188456,44.3147053360508,61.7761041865426,67.4943915823691,69.1444797455499,69.1752466295202
69.8454746748546,46.398443301583,62.1722319997036,66.9760715527536,67.5606407402296,65.3739247363925,68.9363099859683,61.6541375386171,66.0992372026236,55.9074978373705,59.155538418644,68.4787149962534,62.1631586709625,54.6900436756482,67.6557280589357,64.2939119042928,62.668518110922,61.4727454627209,59.381726664268,65.7191322478798,44.1686641484986,61.092822163667,41.391876989129,54.6604286220893,69.190130336868,68.1767649188456,44.6255227543086,61.7761041865426,67.4943915823691,69.1444797455499,69.1752466295202
69.8454746748546,46.398443301583,62.1722319997036,66.9764157346074,67.5606407402296,65.3739247363925,68.9363099859683,61.6541375386171,66.0992372026236,55.9155444083669,59.155538418644,68.4787149962534,62.1631586709625,54.6900436756482,67.6557280589357,64.2939119042928,62.6728396355425,61.4727454627209,59.381726664268,65.740215320553,44.1686641484986,61.092822163667,41.391876989129,54.6604305884835,69.191391666754,68.1849837723686,44.9110386150477,61.7786274489495,67.4943915823691,69.1444797455499,69.1752466295202
69.8454746748546,46.398443301583,62.1722319997036,66.9764157346074,67.5606407402296,65.3744342073003,68.9376888630885,61.656927706905,66.0992372026236,55.919293155908,59.1565767094522,68.4787149962534,62.1641588542226,54.6900436756482,67.6557280589357,64.2939119042928,62.6728396355425,61.4727454627209,59.381726664268,65.740215320553,44.1686641484986,61.092822163667,41.391876989129,54.6604305884835,69.191391666754,68.1849837723686,45.298314018213,61.7786274489495,67.4947186806783,69.1447138012372,69.1752997060769
69.8454746748546,46.398443301583,62.1722916621964,66.9764157346074,67.5624527109892,65.3744342073003,68.9376888630885,61.656927706905,66.0992372026236,55.919293155908,59.1565767094522,68.4787149962534,62.1641588542226,54.6900436756482,67.6557280589357,64.3118331364685,62.6728396355425,61.4733122778435,59.3817415685806,65.740215320553,44.1686641484986,61.092822163667,41.391876989129,54.6604305884835,69.191391666754,68.1849837723686,45.5493752580787,61.7786274489495,67.4947186806783,69.1447138012372,69.1752997060769
69.8454746748546,46.398443301583,62.1722916621964,66.9764157346074,67.5624527109892,65.3744342073003,68.9376888630885,61.656927706905,66.0992372026236,55.919293155908,59.1565767094522,68.4787149962534,62.1641588542226,54.6923518312073,67.6712867525489,64.3118331364685,62.6771708686056,61.4733122778435,59.3817415685806,65.740215320553,44.1686641484986,61.1007452593158,41.391876989129,54.6604305884835,69.191391666754,68.1849837723686,45.7132902735404,61.7786274489495,67.4947186806783,69.1447138012372,69.1752997060769
69.8454746748546,46.398443301583,62.1722916621964,66.9764157346074,67.5624527109892,65.3744342073003,68.9376888630885,61.6608821520113,66.0992372026236,55.9210573387228,59.1590404108576,68.4787149962534,62.1649209190639,54.6923518312073,67.6712867525489,64.3235668760698,62.6771708686056,61.4733122778435,59.3817415685806,65.740215320553,44.1686641484986,61.1007452593158,41.391876989129,54.6604305884835,69.1927760876736,68.1871125772059,45.821615971156,61.7861960280454,67.4947186806783,69.1447138012372,69.1752997060769
69.8454746748546,46.398443301583,62.1722916621964,66.9764157346074,67.5624527109892,65.3750849961669,68.9386415987707,61.6608821520113,66.0996421931411,55.9210573387228,59.1590404108576,68.4787149962534,62.1649209190639,54.6923518312073,67.6712867525489,64.3235668760698,62.6771708686056,61.4733122778435,59.3817415685806,65.740215320553,44.1686641484986,61.1007452593158,41.391876989129,54.6604305884835,69.1927760876736,68.1871125772059,46.1913894696954,61.7861960280454,67.4950765926789,69.1489458524783,69.1752997060769
69.8500109172,46.398443301583,62.172558270374,66.9768673795162,67.5624527109892,65.3750849961669,68.9386415987707,61.6608821520113,66.0996421931411,55.9210573387228,59.1590404108576,68.4787149962534,62.1649209190639,54.6923518312073,67.6712867525489,64.3235668760698,62.6816874184175,61.4733122778435,59.3817592842047,65.740215320553,44.1686641484986,61.109839750975,41.391876989129,54.6604305884835,69.1927760876736,68.1871125772059,46.5997062796931,61.7861960280454,67.4950765926789,69.1489458524783,69.1756002024407
69.8500109172,46.398443301583,62.172558270374,66.9768673795162,67.5624527109892,65.3750849961669,68.9386415987707,61.6667044112169,66.0996421931411,55.9210573387228,59.1610778313347,68.4787149962534,62.1655272060985,54.6923518312073,67.6813261528977,64.337166623284,62.6816874184175,61.4733122778435,59.3817592842047,65.7452467648994,44.1686641484986,61.109839750975,41.391876989129,54.6604585570226,69.1934544100411,68.1871125772059,47.4995813158794,61.7861960280454,67.4950765926789,69.1489458524783,69.1756002024407
69.8500109172,46.398443301583,62.172558270374,66.9768673795162,67.5624527109892,65.3750849961669,68.9386415987707,61.6667044112169,66.0996421931411,55.9210573387228,59.1610778313347,68.4845182846648,62.1655272060985,54.6958392099902,67.6813261528977,64.337166623284,62.6816874184175,61.4733122778435,59.3817592842047,65.7452467648994,44.1686641484986,61.109839750975,41.391876989129,54.6604585570226,69.1934544100411,68.1871125772059,48.1010595342418,61.7920242524866,67.4950765926789,69.1530051305186,69.1756002024407
69.8500109172,46.398443301583,62.1732333034553,66.9768673795162,67.5624527109892,65.3755807879717,68.9386415987707,61.6667044112169,66.0996421931411,55.9214305835197,59.1610778313347,68.4845182846648,62.1655272060985,54.6958392099902,67.6813261528977,64.3694609641664,62.6832094370604,61.4733122778435,59.3817592842047,65.7452467648994,44.1686641484986,61.109839750975,41.391876989129,54.6604585570226,69.1934544100411,68.1952126068317,48.1010595342418,61.7920242524866,67.4950765926789,69.1530051305186,69.1756002024407
69.8500109172,46.398443301583,62.1732333034553,66.9768673795162,67.5624527109892,65.3755807879717,68.9393081683606,61.6667044112169,66.0996421931411,55.9287674792481,59.1620895954745,68.4845182846648,62.166249517154,54.6958392099902,67.6870347721463,64.3694609641664,62.6832094370604,61.4733122778435,59.3817801655333,65.7452467648994,44.1686641484986,61.1184730643839,41.391876989129,54.6604585570226,69.1934544100411,68.1952126068317,48.1097494368769,61.7920242524866,67.4966596711512,69.1530051305186,69.1756002024407
69.8500109172,46.398443301583,62.1732333034553,66.9768673795162,67.5624527109892,65.3755807879717,68.9393081683606,61.6736781637598,66.0996421931411,55.9287674792481,59.1620895954745,68.4845182846648,62.166249517154,54.6958392099902,67.6870347721463,64.3694609641664,62.6832094370604,61.4733122778435,59.3817801655333,65.7452467648994,44.1686641484986,61.1184730643839,41.391876989129,54.6604639165016,69.1934544100411,68.1952126068317,48.1097494368769,61.7920242524866,67.4966596711512,69.1530051305186,69.1827370116441
69.8500109172,46.398443301583,62.1732333034553,66.9769435264327,67.5646192335921,65.3755807879717,68.9393081683606,61.6736781637598,66.0996421931411,55.9296605644747,59.1625700992931,68.4845182846648,62.166249517154,54.6958392099902,67.6870347721463,64.3726254306531,62.6862774456381,61.4733122778435,59.3817801655333,65.7452467648994,44.1686641484986,61.1184730643839,41.391876989129,54.6604639165016,69.1934544100411,68.1952126068317,48.173929218505,61.8002983350156,67.4966596711512,69.1530051305186,69.1827370116441
69.8500109172,46.402651895228,62.1732333034553,66.9769435264327,67.5646192335921,65.3756803275921,68.9393081683606,61.6736781637598,66.0996421931411,55.932531844622,59.1625700992931,68.4845182846648,62.1667408479891,54.7000074976519,67.6870347721463,64.3726254306531,62.6862774456381,61.4733122778435,59.3817801655333,65.7834114013899,44.1686641484986,61.1288411199094,41.391876989129,54.6604639165016,69.1934544100411,68.1952126068317,48.173929218505,61.8002983350156,67.4966596711512,69.1530051305186,69.1827370116441
69.8500109172,46.402651895228,62.1732333034553,66.9769435264327,67.5646192335921,65.3756803275921,68.9400147386523,61.6787530472049,66.0996421931411,55.932531844622,59.1625700992931,68.4845182846648,62.1667408479891,54.7000074976519,67.6916217984705,64.3889602244051,62.6862774456381,61.4733122778435,59.3817801655333,65.7834114013899,44.1686641484986,61.1288411199094,41.391876989129,54.6604907934811,69.1934544100411,68.1952126068317,48.173929218505,61.8002983350156,67.4989737779986,69.1530051305186,69.1827370116441
69.8564741590872,46.402651895228,62.1738550969557,66.9769435264327,67.5646192335921,65.3756803275921,68.9400147386523,61.6787530472049,66.0996421931411,55.932531844622,59.1628004444989,68.4845182846648,62.1672157130608,54.7000074976519,67.6916217984705,64.3889602244051,62.6905222991445,61.4733122778435,59.3817801655333,65.7834114013899,44.1686641484986,61.1288411199094,41.391876989129,54.6604907934811,69.1934544100411,68.1952126068317,48.2529147807914,61.8002983350156,67.4989737779986,69.1530051305186,69.1827370116441
69.8564741590872,46.402651895228,62.1738550969557,66.9769435264327,67.5662628098974,65.3756803275921,68.9400147386523,61.6787530472049,66.0996421931411,55.932531844622,59.1628004444989,68.4845182846648,62.1672157130608,54.7000074976519,67.6916217984705,64.3907992935773,62.6905222991445,61.4738650886288,59.3817801655333,65.7834114013899,44.1686641484986,61.1288411199094,41.3938451077941,54.6604907934811,69.1934544100411,68.1952126068317,48.262822986507,61.8084065283747,67.4989737779986,69.1530051305186,69.1848869683555
69.8564741590872,46.402651895228,62.1738550969557,66.9769435264327,67.5662628098974,65.375812782891,68.9400147386523,61.686127366436,66.0996744037606,55.932531844622,59.1628056433104,68.4845182846648,62.1672157130608,54.7000074976519,67.6976062212974,64.3907992935773,62.6905222991445,61.4738650886288,59.3817801655333,65.7834114013899,44.1686641484986,61.1417867909323,41.3938451077941,54.6604907934811,69.1934544100411,68.1952126068317,48.262822986507,61.8084065283747,67.4989737779986,69.158055119755,69.1848869683555
69.8564741590872,46.402651895228,62.1740054039525,66.9771101950896,67.5662628098974,65.375812782891,68.9400147386523,61.686127366436,66.0996744037606,55.932531844622,59.1628056433104,68.4845182846648,62.1672157130608,54.703384695721,67.6976062212974,64.3907992935773,62.6930109769372,61.4738650886288,59.3817839320528,65.7834114013899,44.1686641484986,61.1417867909323,41.3948506292098,54.6604907934811,69.1936930601134,68.1971588480844,48.262822986507,61.8084065283747,67.501244511475,69.158055119755,69.1848869683555
69.8564741590872,46.4038014608338,62.1740054039525,66.9771101950896,67.5662628098974,65.375812782891,68.9407601357578,61.686127366436,66.0996744037606,55.932531844622,59.1628056433104,68.4845182846648,62.1680806202936,54.703384695721,67.6976062212974,64.3907992935773,62.6930109769372,61.4738650886288,59.3817839320528,65.8154715117432,44.1686641484986,61.1417867909323,41.3948506292098,54.6604907934811,69.1936930601134,68.1971588480844,48.262822986507,61.8084065283747,67.501244511475,69.158055119755,69.1848869683555
69.8606648916805,46.4038014608338,62.1740054039525,66.9771101950896,67.5662628098974,65.375812782891,68.9407601357578,61.6914258812791,66.1025586413175,55.932531844622,59.1664384493062,68.4845182846648,62.1680806202936,54.703384695721,67.6976062212974,64.3907992935773,62.6930109769372,61.4740903690828,59.3817839320528,65.8154715117432,44.1686641484986,61.1624204606284,41.3948506292098,54.6604907934811,69.1936930601134,68.1971588480844,48.4029462575282,61.8163456194036,67.501244511475,69.1605011576858,69.1848869683555
69.8606648916805,46.4042550196648,62.1740054039525,66.9771101950896,67.5662628098974,65.3763156157118,68.9407601357578,61.6914258812791,66.1025586413175,55.9342557223544,59.1664384493062,68.4845182846648,62.1680806202936,54.703384695721,67.7008554366716,64.3907992935773,62.6947770959003,61.4740903690828,59.3817839320528,65.8154715117432,44.2090617489957,61.1624204606284,41.3953990005915,54.660499814365,69.1937545309682,68.1971588480844,48.4029462575282,61.8163456194036,67.501244511475,69.1605011576858,69.1848869683555
69.8606648916805,46.4042550196648,62.1740054039525,66.9771101950896,67.5662628098974,65.3763156157118,68.9407601357578,61.6914258812791,66.1025586413175,55.9350381561293,59.1700690807905,68.4845182846648,62.1684810317797,54.7065824603754,67.7008554366716,64.4200333213678,62.6947770959003,61.4740903690828,59.3817839320528,65.8154715117432,44.246107677258,61.1624204606284,41.3970985803448,54.660499814365,69.1937545309682,68.1993023182496,48.4029462575282,61.8272597197226,67.501992663768,69.1605011576858,69.1848869683555
69.8606648916805,46.4042550196648,62.1740054039525,66.9771101950896,67.5672876276345,65.3763156157118,68.9414203029854,61.6963835483059,66.1025586413175,55.9350381561293,59.1700690807905,68.4845182846648,62.1684810317797,54.7065824603754,67.7008554366716,64.4200333213678,62.6947770959003,61.4740903690828,59.3817839320528,65.8154715117432,44.246107677258,61.1624204606284,41.3970985803448,54.660499814365,69.1937545309682,68.1993023182496,48.4029462575282,61.8272597197226,67.501992663768,69.161160187241,69.1848869683555
69.8627774761995,46.406084131762,62.1740054039525,66.9772046603258,67.5672876276345,65.3763156157118,68.9414203029854,61.6963835483059,66.1025586413175,55.9353132369087,59.1700690807905,68.4845182846648,62.1684810317797,54.7065824603754,67.7008554366716,64.4200333213678,62.6966880359354,61.4744406064878,59.3817839320528,65.8154715117432,44.246107677258,61.1835302504187,41.3970985803448,54.660499814365,69.1943437808648,68.1993023182496,48.4029462575282,61.8272597197226,67.501992663768,69.161160187241,69.1848869683555
69.8627774761995,46.406084131762,62.1740054039525,66.9772046603258,67.5672876276345,65.3764580565148,68.9414203029854,61.6963835483059,66.1025586413175,55.9361956824524,59.1707834419103,68.4845182846648,62.1691068239539,54.7065824603754,67.7008554366716,64.4200333213678,62.6966880359354,61.4744406064878,59.3817839320528,65.8351467513917,44.246107677258,61.1835302504187,41.3970985803448,54.6605155213821,69.1943437808648,68.1993023182496,48.4029462575282,61.8272597197226,67.501992663768,69.161160187241,69.1848869683555
69.8627774761995,46.4106012779751,62.1740054039525,66.9772046603258,67.5697741966778,65.3764580565148,68.9414203029854,61.70610896436,66.1025586413175,55.9361956824524,59.1707834419103,68.4845182846648,62.1691068239539,54.7065824603754,67.7008554366716,64.4200333213678,62.6966880359354,61.4744406064878,59.3817945441299,65.8351467513917,44.246107677258,61.1835302504187,41.3970985803448,54.6605155213821,69.1943437808648,68.1993023182496,48.4331124019677,61.8348883011922,67.501992663768,69.161160187241,69.1913918851843
69.8627774761995,46.4106012779751,62.174144782395,66.9772046603258,67.5697741966778,65.3764580565148,68.9414203029854,61.70610896436,66.1025586413175,55.9361956824524,59.1707834419103,68.4845182846648,62.1691068239539,54.710290053723,67.7008554366716,64.4249221881924,62.6972742137807,61.4744406064878,59.3817945441299,65.8351467513917,44.246107677258,61.2007079884533,41.3970985803448,54.6605155213821,69.1946429031256,68.2092519069855,48.4331124019677,61.8348883011922,67.501992663768,69.161160187241,69.1913918851843
69.8627774761995,46.4106012779751,62.174144782395,66.9772046603258,67.5697741966778,65.3764580565148,68.9420746383468,61.70610896436,66.1025586413175,55.9367960448063,59.1707834419103,68.487736702743,62.1696944707758,54.710290053723,67.701457318845,64.4249221881924,62.6972742137807,61.4745818950377,59.3817945441299,65.8351467513917,44.246107677258,61.2007079884533,41.3970985803448,54.6605155213821,69.1946429031256,68.2092519069855,48.4339077043911,61.8348883011922,67.501992663768,69.161160187241,69.1913918851843
69.8651700504837,46.4106012779751,62.174144782395,66.9772591267747,67.5697741966778,65.3768326192837,68.9420746383468,61.7150867613582,66.1025586413175,55.9367960448063,59.1707834419103,68.487736702743,62.1696944707758,54.710290053723,67.701457318845,64.4249221881924,62.6972742137807,61.4745818950377,59.381801055896,65.8351467513917,44.246107677258,61.2007079884533,41.3970985803448,54.6605503624537,69.1946429031256,68.2092519069855,48.4503920956813,61.8403983387567,67.501992663768,69.161160187241,69.1913918851843
69.8651700504837,46.4106012779751,62.174144782395,66.9772591267747,67.5705338875211,65.3768326192837,68.9420746383468,61.7150867613582,66.1025586413175,55.9367960448063,59.1738418023376,68.487736702743,62.1700589759504,54.710290053723,67.701457318845,64.4249221881924,62.6999746284382,61.4745818950377,59.381801055896,65.8351467513917,44.246107677258,61.2007079884533,41.3970985803448,54.6605503624537,69.1951086913012,68.2092519069855,48.4703784229066,61.8403983387567,67.5039419292661,69.161160187241,69.1913918851843
69.8651700504837,46.4106012779751,62.174144782395,66.9772591267747,67.5705338875211,65.3768326192837,68.9420746383468,61.7150867613582,66.1025586413175,55.9367960448063,59.1738418023376,68.487736702743,62.1700589759504,54.7144548020353,67.7049233500127,64.4249221881924,62.6999746284382,61.4745818950377,59.381801055896,65.8759987663826,44.246107677258,61.2215196667395,41.3970985803448,54.6605503624537,69.1951086913012,68.2163899971948,48.4703784229066,61.8403983387567,67.5039419292661,69.161160187241,69.1913918851843
69.8651700504837,46.4126140935664,62.174144782395,66.9772591267747,67.5705338875211,65.3768326192837,68.9425695251076,61.7150867613582,66.1025586413175,55.9367960448063,59.1738418023376,68.490097498209,62.1700589759504,54.7144548020353,67.7049233500127,64.4249221881924,62.6999746284382,61.4745818950377,59.381801055896,65.8759987663826,44.246107677258,61.2215196667395,41.3970985803448,54.6605503624537,69.1951086913012,68.2163899971948,48.4799585470721,61.8428741048468,67.5039419292661,69.1632270450924,69.1913918851843
69.8676655156604,46.4126140935664,62.174144782395,66.9772591267747,67.5737407833403,65.37723096351,68.9425695251076,61.7292666364424,66.1025586413175,55.9367960448063,59.1738418023376,68.490097498209,62.1702903908682,54.7144548020353,67.7049233500127,64.4249221881924,62.6999746284382,61.4746593271447,59.3818125825775,65.8759987663826,44.246107677258,61.2215196667395,41.3970985803448,54.6605661866299,69.1951086913012,68.2163899971948,48.4854381409948,61.8428741048468,67.5039419292661,69.1632270450924,69.1913918851843
69.8676655156604,46.4126140935664,62.174144782395,66.9772591267747,67.5737407833403,65.37723096351,68.9425695251076,61.7292666364424,66.1025586413175,55.9367960448063,59.1738418023376,68.490097498209,62.1702903908682,54.7144548020353,67.7049233500127,64.4249221881924,62.7033676031765,61.4746593271447,59.3818125825775,65.8759987663826,44.246107677258,61.2396963060523,41.3970985803448,54.6605661866299,69.1951086913012,68.2163899971948,48.4854381409948,61.8428741048468,67.5039419292661,69.1632270450924,69.1913918851843
69.8676655156604,46.4126140935664,62.174144782395,66.9774479884941,67.5737407833403,65.37723096351,68.9425695251076,61.7292666364424,66.1025586413175,55.9373793014228,59.1738418023376,68.490097498209,62.170832478497,54.7222310729347,67.7101819843647,64.4249221881924,62.7033676031765,61.4746593271447,59.3818125825775,65.8759987663826,44.246107677258,61.2396963060523,41.3970985803448,54.6605661866299,69.1951086913012,68.2163899971948,48.4905717304359,61.8457183193777,67.5039419292661,69.1659807450071,69.1913918851843
69.8676655156604,46.4126140935664,62.1743408072198,66.9774479884941,67.5737407833403,65.37723096351,68.9425695251076,61.7377222733116,66.1025586413175,55.9373793014228,59.1773228524495,68.490097498209,62.170832478497,54.7222310729347,67.7101819843647,64.4253276483066,62.7033676031765,61.4746593271447,59.3818208361719,65.8759987663826,44.246107677258,61.2396963060523,41.3970985803448,54.6605661866299,69.1951086913012,68.2163899971948,48.4949151399608,61.8457183193777,67.5039419292661,69.1659807450071,69.1913918851843
69.8676655156604,46.4126140935664,62.1743408072198,66.9774479884941,67.5743900771558,65.378333142899,68.9430599555464,61.7377222733116,66.1025586413175,55.9373793014228,59.1773228524495,68.4930490081901,62.170832478497,54.7222310729347,67.7101819843647,64.4253276483066,62.7068004268574,61.4752648371626,59.3818208361719,65.888830975995,44.246107677258,61.2396963060523,41.3970985803448,54.6605661866299,69.1951086913012,68.2176236603983,48.4984178527768,61.8468137347433,67.5057405908324,69.1659807450071,69.1913918851843
69.8676655156604,46.4126140935664,62.1743408072198,66.9774479884941,67.5743900771558,65.378333142899,68.9430599555464,61.7377222733116,66.1030083787139,55.9373793014228,59.1773228524495,68.4930490081901,62.1709375792074,54.7222310729347,67.7116987898205,64.4253276483066,62.7068004268574,61.4752648371626,59.3818208361719,65.888830975995,44.246107677258,61.2490048328726,41.3970985803448,54.6605661866299,69.1951086913012,68.2176236603983,48.4984178527768,61.8468137347433,67.5057405908324,69.1672675397602,69.1913918851843
69.8676655156604,46.4126140935664,62.1745540370656,66.9774479884941,67.5743900771558,65.378333142899,68.9430599555464,61.7377222733116,66.1030083787139,55.9379679947537,59.1784206143463,68.4930490081901,62.1709375792074,54.7331915451958,67.7116987898205,64.4305684420558,62.7068004268574,61.4752648371626,59.3818208361719,65.888830975995,44.246107677258,61.2490048328726,41.3970985803448,54.6605661866299,69.1957490255526,68.2176236603983,48.4984178527768,61.8468137347433,67.5057405908324,69.1672675397602,69.1913918851843
69.8676655156604,46.4126140935664,62.1745540370656,66.9776756387256,67.5743900771558,65.378333142899,68.9430599555464,61.7430911044554,66.1030083787139,55.9379679947537,59.1784206143463,68.4930490081901,62.1721994466556,54.7331915451958,67.7116987898205,64.4305684420558,62.7068004268574,61.4752648371626,59.3818208361719,65.888830975995,44.246107677258,61.2490048328726,41.3970985803448,54.6605661866299,69.1957490255526,68.2176236603983,48.5070191608065,61.8476541965518,67.5057405908324,69.1672675397602,69.1913918851843
69.8676655156604,46.4126140935664,62.1745540370656,66.9776756387256,67.5743900771558,65.3791337054545,68.9436994005937,61.7430911044554,66.1033754211554,55.9379679947537,59.1784206143463,68.4970914783384,62.1721994466556,54.7331915451958,67.7145087207613,64.4305684420558,62.7088691436091,61.4759030348269,59.3818208361719,65.888830975995,44.246107677258,61.2814084727655,41.3970985803448,54.6605781544214,69.1957490255526,68.2176236603983,48.5070191608065,61.8476541965518,67.5057405908324,69.1672675397602,69.1913918851843
69.8676655156604,46.4126140935664,62.1748265191598,66.9776756387256,67.5743900771558,65.3791337054545,68.9436994005937,61.7430911044554,66.1033754211554,55.9384673965781,59.1784206143463,68.4970914783384,62.1721994466556,54.7331915451958,67.7145087207613,64.4305684420558,62.7088691436091,61.4759030348269,59.3818304062794,65.888830975995,44.246107677258,61.2814084727655,41.3970985803448,54.6605781544214,69.1965146466405,68.2176236603983,48.5155035730257,61.8496651978544,67.5057405908324,69.1672675397602,69.1913918851843
69.8676655156604,46.4126140935664,62.1748265191598,66.9776756387256,67.5743900771558,65.3791337054545,68.9436994005937,61.7498790947207,66.1033754211554,55.9384673965781,59.1784206143463,68.4970914783384,62.1724885885525,54.736003232309,67.7145087207613,64.4305684420558,62.7088691436091,61.4759030348269,59.3818304062794,65.901413202963,44.246107677258,61.2814084727655,41.3970985803448,54.6605781544214,69.1965146466405,68.2176236603983,48.5155035730257,61.8496651978544,67.5057405908324,69.1672675397602,69.1913918851843
69.8676655156604,46.4126140935664,62.1748265191598,66.9776756387256,67.5743900771558,65.3791337054545,68.9436994005937,61.7498790947207,66.1037994779918,55.9384673965781,59.1790848536182,68.4970914783384,62.1724885885525,54.736003232309,67.7165895388419,64.4305684420558,62.7103103307093,61.4759030348269,59.3818304062794,65.901413202963,44.246107677258,61.2814084727655,41.3970985803448,54.6605781544214,69.1965146466405,68.2176236603983,48.5155035730257,61.8496651978544,67.5076511446149,69.1676811292186,69.1913918851843
69.8676655156604,46.4126140935664,62.1748265191598,66.9776756387256,67.5743900771558,65.3802215849655,68.9436994005937,61.7498790947207,66.1037994779918,55.9385781685309,59.1790848536182,68.4970914783384,62.173494157633,54.736003232309,67.7165895388419,64.4333497145932,62.7103103307093,61.476260342352,59.3818357907641,65.901413202963,44.246107677258,61.2814084727655,41.3970985803448,54.6605781544214,69.1969845356172,68.2176236603983,48.5155035730257,61.850109500233,67.5076511446149,69.1676811292186,69.1913918851843
69.8676655156604,46.4126140935664,62.1748265191598,66.9778055365611,67.5743900771558,65.3802215849655,68.9436994005937,61.7498790947207,66.1037994779918,55.9385781685309,59.1791556245783,68.4996299641965,62.173494157633,54.736003232309,67.7165895388419,64.4333497145932,62.7103103307093,61.476260342352,59.3818357907641,65.901413202963,44.246107677258,61.291795428848,41.3970985803448,54.6605781544214,69.1969845356172,68.2176236603983,48.5155035730257,61.850109500233,67.5076511446149,69.1676811292186,69.1941364650813
69.8676655156604,46.4126140935664,62.1748265191598,66.9778055365611,67.5743900771558,65.3802215849655,68.9441469661452,61.7577807965782,66.104300741553,55.9385781685309,59.1791556245783,68.4996299641965,62.173494157633,54.7485175223136,67.7176250201446,64.4333497145932,62.7103103307093,61.476260342352,59.3818357907641,65.901413202963,44.2647227800317,61.291795428848,41.3970985803448,54.6605781544214,69.1969845356172,68.2274690929784,48.5155035730257,61.850109500233,67.5076511446149,69.1676811292186,69.1941364650813
69.8676655156604,46.4126140935664,62.1748466531687,66.9778055365611,67.5743900771558,65.3802215849655,68.9441469661452,61.7577807965782,66.104300741553,55.9389295059935,59.1807568712838,68.4996299641965,62.1746526353026,54.7485175223136,67.7176250201446,64.4333497145932,62.7132186026016,61.476260342352,59.3818357907641,65.901413202963,44.2897771263831,61.291795428848,41.3970985803448,54.6605781544214,69.1973751843237,68.2274690929784,48.5287479721128,61.850109500233,67.5093401759009,69.1682263559606,69.1941364650813
69.8691276823712,46.4126140935664,62.1748466531687,66.9778055365611,67.5744059121496,65.3817027211548,68.9441469661452,61.7577807965782,66.104300741553,55.9389295059935,59.1807568712838,68.4996299641965,62.1746526353026,54.7485175223136,67.7176250201446,64.4333497145932,62.7132186026016,61.4789147730577,59.3818357907641,65.932084020809,44.2897771263831,61.291795428848,41.3970985803448,54.6605814984232,69.1973751843237,68.2274690929784,48.5287479721128,61.850109500233,67.5093401759009,69.1682263559606,69.1941364650813
69.8691276823712,46.4126140935664,62.1748466531687,66.9778055365611,67.5744059121496,65.3817027211548,68.9441469661452,61.7577807965782,66.1045363959544,55.9389295059935,59.181898933418,68.5012618729175,62.1746526353026,54.7485175223136,67.7191854019825,64.4333497145932,62.7132186026016,61.4789147730577,59.3818357907641,65.932084020809,44.2897771263831,61.3458711947585,41.3970985803448,54.6605814984232,69.1973751843237,68.2274690929784,48.5287479721128,61.850109500233,67.5093401759009,69.1682263559606,69.1941364650813
69.8691276823712,46.4126140935664,62.1748466531687,66.9778467477166,67.5744059121496,65.3817027211548,68.9441469661452,61.7645175297972,66.1045363959544,55.9392950821645,59.1826075323352,68.5012618729175,62.1758625552125,54.7581074838487,67.7191854019825,64.4333497145932,62.7149717103175,61.4789147730577,59.3818417394143,65.932084020809,44.3168201906721,61.3458711947585,41.3970985803448,54.6605814984232,69.1979392899431,68.2274690929784,48.5287479721128,61.8508658600808,67.5093401759009,69.1682263559606,69.1941364650813
69.8691276823712,46.4126140935664,62.1748466531687,66.9778467477166,67.5744059121496,65.3817027211548,68.9447721092821,61.7645175297972,66.1045363959544,55.9392950821645,59.1826075323352,68.5012618729175,62.1758625552125,54.7581074838487,67.7191854019825,64.4333497145932,62.7149717103175,61.4791027737347,59.3818417394143,65.932084020809,44.3168201906721,61.3458711947585,41.3970985803448,54.6605814984232,69.1979392899431,68.2330230912464,48.5287479721128,61.8508658600808,67.5093401759009,69.1683607826425,69.196245010585
69.8701825615414,46.4126140935664,62.1748466531687,66.9778467477166,67.5744059121496,65.3825843030528,68.9447721092821,61.7645175297972,66.1047264599456,55.9392950821645,59.1838379063987,68.5012618729175,62.1767950836332,54.7581074838487,67.7210006936274,64.4333497145932,62.7149717103175,61.4791027737347,59.3818417394143,65.932084020809,44.3168201906721,61.3458711947585,41.3970985803448,54.6605884702319,69.1979392899431,68.2330230912464,48.5309653563486,61.8570160133749,67.5093401759009,69.1683607826425,69.196245010585
69.8701825615414,46.4126140935664,62.1748807911022,66.9778467477166,67.5744059121496,65.3825843030528,68.9447721092821,61.7722729466857,66.1047264599456,55.9392950821645,59.185029237417,68.5012618729175,62.1767950836332,54.7581074838487,67.7210006936274,64.4333497145932,62.7167786811241,61.4791027737347,59.3818417394143,65.932084020809,44.3168201906721,61.3991582248942,41.3970985803448,54.6605884702319,69.1983631713914,68.2330230912464,48.5324922832143,61.8570160133749,67.5093401759009,69.1683607826425,69.196245010585
69.8701825615414,46.4126140935664,62.1748807911022,66.9778467477166,67.5744059121496,65.3825843030528,68.9447721092821,61.7722729466857,66.1047264599456,55.9392950821645,59.185029237417,68.5088550623937,62.1767950836332,54.7635365704715,67.7210006936274,64.4379067099454,62.7167786811241,61.4791027737347,59.3818417394143,65.9376471942241,44.3168201906721,61.3991582248942,41.3970985803448,54.6605884702319,69.1983631713914,68.2330230912464,48.5324922832143,61.8570160133749,67.5105896856572,69.1697484010113,69.196245010585
69.8701825615414,46.4126140935664,62.1748807911022,66.9783212014705,67.5744059121496,65.3825843030528,68.9447721092821,61.7722729466857,66.1050415557781,55.9392950821645,59.1870698444477,68.5088550623937,62.1781113996076,54.7635365704715,67.7210006936274,64.4379067099454,62.7167786811241,61.4803713883934,59.3818417394143,65.9376471942241,44.3168201906721,61.3991582248942,41.3970985803448,54.6605884702319,69.1983631713914,68.2330230912464,48.5324922832143,61.8649665187145,67.5105896856572,69.1697484010113,69.196245010585
69.8709977831578,46.4126140935664,62.1752492487798,66.9783212014705,67.5744059121496,65.384303517353,68.9454291958321,61.7722729466857,66.1050415557781,55.9392950821645,59.1870698444477,68.5088550623937,62.1781113996076,54.7635365704715,67.7232938700508,64.4379067099454,62.7198992525221,61.4803713883934,59.3818428252723,65.9376471942241,44.3168201906721,61.3991582248942,41.3970985803448,54.6605932699998,69.1983631713914,68.2413754564525,48.5370582085441,61.8649665187145,67.5105896856572,69.1697484010113,69.1994636148447
69.8709977831578,46.4126140935664,62.1752492487798,66.9783212014705,67.5744059121496,65.384303517353,68.9454291958321,61.7813592331621,66.1050415557781,55.9392950821645,59.1877286360364,68.5088550623937,62.179705637502,54.7635365704715,67.7232938700508,64.4379067099454,62.7198992525221,61.4803713883934,59.3818428252723,65.9376471942241,44.3168201906721,61.4240321251643,41.3970985803448,54.6605932699998,69.1983631713914,68.2413754564525,48.5370582085441,61.8804041110809,67.5126217196561,69.1697484010113,69.1994636148447
69.8709977831578,46.4126140935664,62.1752492487798,66.9783212014705,67.5744059121496,65.384303517353,68.9454291958321,61.7813592331621,66.1051246980637,55.9392950821645,59.1877286360364,68.5128270016538,62.179705637502,54.7716148947281,67.7232938700508,64.4379067099454,62.7198992525221,61.4803713883934,59.3818428252723,65.9376471942241,44.3168201906721,61.4240321251643,41.3970985803448,54.6605932699998,69.1983631713914,68.2413754564525,48.5370582085441,61.8804041110809,67.5126217196561,69.1711902420922,69.1994636148447
69.8709977831578,46.4126140935664,62.1753093739553,66.9783212014705,67.5744059121496,65.384303517353,68.9454291958321,61.7813592331621,66.1051246980637,55.9392950821645,59.1877286360364,68.5128270016538,62.179705637502,54.7716148947281,67.7250719308749,64.4379067099454,62.7215961406854,61.4803713883934,59.3818428252723,65.9376471942241,44.3168201906721,61.4240321251643,41.3970985803448,54.6605932699998,69.1983631713914,68.2413754564525,48.5390002238841,61.8804041110809,67.5126217196561,69.1711902420922,69.1994636148447
69.871476498359,46.4126140935664,62.1753093739553,66.9784263511815,67.5744059121496,65.384303517353,68.9454291958321,61.7915620857697,66.1051246980637,55.9397642217118,59.1877600648861,68.5128270016538,62.1807776170477,54.7716148947281,67.7250719308749,64.4381682755352,62.7215961406854,61.4803713883934,59.3818428252723,65.9745992721551,44.3168201906721,61.4240321251643,41.3970985803448,54.6605932699998,69.1983631713914,68.2413754564525,48.5392575932961,61.8908250066405,67.5126217196561,69.1711902420922,69.1994636148447
69.871476498359,46.4126140935664,62.1753093739553,66.9784263511815,67.5744059121496,65.3858202972489,68.9459035249008,61.7915620857697,66.1051294767023,55.9397642217118,59.1877600648861,68.5128270016538,62.1807776170477,54.7716148947281,67.7250719308749,64.4381682755352,62.7215961406854,61.4803713883934,59.3818428252723,65.9745992721551,44.3168201906721,61.4400536226833,41.3970985803448,54.6605932699998,69.1983631713914,68.2463366727369,48.5397534725203,61.8908250066405,67.5126217196561,69.1723833675466,69.1994636148447
69.871476498359,46.4126140935664,62.1753918433361,66.9784263511815,67.5744059121496,65.3858202972489,68.9459035249008,61.7915620857697,66.1051294767023,55.9397642217118,59.1877600648861,68.5128270016538,62.1823603817443,54.7812924374504,67.7250719308749,64.4381682755352,62.7216336889112,61.4871094435517,59.3818428252723,65.9745992721551,44.3168201906721,61.4400536226833,41.3970985803448,54.6605932699998,69.1983631713914,68.2463366727369,48.5397534725203,61.9008640070612,67.5126217196561,69.1723833675466,69.1994636148447
69.871476498359,46.4126140935664,62.1753918433361,66.9784263511815,67.5744059121496,65.3858202972489,68.9459035249008,61.7915620857697,66.1051294767023,55.9397642217118,59.1887316367866,68.517794270227,62.1823603817443,54.7812924374504,67.7255450787296,64.4381682755352,62.7216336889112,61.4871094435517,59.3818428252723,65.9745992721551,44.3168201906721,61.4400536226833,41.3970985803448,54.6605932699998,69.1983631713914,68.2463366727369,48.5526889971158,61.9008640070612,67.5126217196561,69.1723833675466,69.1994636148447
69.871476498359,46.4126140935664,62.1753918433361,66.9784263511815,67.5766693548721,65.3858202972489,68.9459035249008,61.7986085589536,66.105224079767,55.9397642217118,59.1887316367866,68.517794270227,62.1823603817443,54.7812924374504,67.7255450787296,64.4381682755352,62.7216336889112,61.4871094435517,59.3818428252723,65.9745992721551,44.3168201906721,61.4400536226833,41.3970985803448,54.6605937210958,69.1983631713914,68.2463366727369,48.5545970722501,61.9008640070612,67.5173053393468,69.1723833675466,69.1994636148447
69.871476498359,46.4126140935664,62.1755479054086,66.9787987304543,67.5766693548721,65.3858202972489,68.9459035249008,61.7986085589536,66.105224079767,55.9397642217118,59.1887316367866,68.517794270227,62.1835460638185,54.7812924374504,67.7255450787296,64.4381682755352,62.725332115494,61.4871094435517,59.3818428252723,65.9745992721551,44.3168201906721,61.4494022553466,41.3970985803448,54.6605937210958,69.1983631713914,68.2463366727369,48.5545970722501,61.9059830407018,67.5173053393468,69.1727041230997,69.2019159038608
69.871476498359,46.4126140935664,62.1755479054086,66.9787987304543,67.5766693548721,65.3874292445674,68.9466364756729,61.7986085589536,66.105224079767,55.9397642217118,59.1887316367866,68.517794270227,62.1835460638185,54.7880939025561,67.7270579485513,64.4381682755352,62.725332115494,61.4871094435517,59.3818428252723,66.0118955278138,44.3168201906721,61.4494022553466,41.3970985803448,54.6605937210958,69.1983631713914,68.2491003120323,48.5545970722501,61.9059830407018,67.5173053393468,69.1727041230997,69.2019159038608
69.871476498359,46.4126140935664,62.1755479054086,66.9787987304543,67.5766693548721,65.3874292445674,68.9466364756729,61.8060668734952,66.1055960008849,55.9399379240307,59.1887316367866,68.5218295762224,62.1843112724866,54.7880939025561,67.7270579485513,64.4381682755352,62.725332115494,61.4871094435517,59.3818428252723,66.0118955278138,44.3168201906721,61.4494022553466,41.3970985803448,54.6605937210958,69.1983631713914,68.2491003120323,48.5575561581321,61.9085270761746,67.5173053393468,69.1727041230997,69.2019159038608
69.871476498359,46.4126140935664,62.1757268957764,66.9787987304543,67.5796150702453,65.3874292445674,68.9466364756729,61.8060668734952,66.1055960008849,55.9399379240307,59.1887316367866,68.5218295762224,62.1843112724866,54.7880939025561,67.7270579485513,64.4381682755352,62.7274113434134,61.4871094435517,59.3818428252723,66.0118955278138,44.3168201906721,61.4494022553466,41.3970985803448,54.6606006841341,69.1983631713914,68.2491003120323,48.5581901838296,61.9085270761746,67.5176379004824,69.1730364013139,69.2019159038608
69.871476498359,46.4126140935664,62.1757268957764,66.9787987304543,67.5796150702453,65.3874292445674,68.9466364756729,61.8060668734952,66.1055960008849,55.9399379240307,59.1887316367866,68.5218295762224,62.1843112724866,54.7880939025561,67.7270579485513,64.4381682755352,62.7274113434134,61.4893116171918,59.3818428252723,66.0118955278138,44.3168201906721,61.4985713866793,41.3970985803448,54.6606006841341,69.1983631713914,68.2491003120323,48.5581901838296,61.9085270761746,67.5176379004824,69.1730364013139,69.2025999532922
69.871476498359,46.4126140935664,62.1757268957764,66.9790525138561,67.5796150702453,65.3891849744539,68.9466364756729,61.8060668734952,66.1059487268456,55.9399379240307,59.1887316367866,68.5218295762224,62.1851673798846,54.7944402040563,67.7277442574807,64.4381682755352,62.7274113434134,61.4893116171918,59.3818435133824,66.0118955278138,44.3168201906721,61.4985713866793,41.3970985803448,54.6606006841341,69.1983631713914,68.2491003120323,48.5581901838296,61.909744532936,67.5176379004824,69.1730364013139,69.2025999532922
69.871476498359,46.4126140935664,62.1761124446999,66.9790525138561,67.5796150702453,65.3891849744539,68.9477189734322,61.8143878113919,66.1059487268456,55.9403970166675,59.1887316367866,68.5218295762224,62.1851673798846,54.7944402040563,67.7277442574807,64.4381682755352,62.7289477829762,61.4893116171918,59.3818435133824,66.0118955278138,44.3168201906721,61.4985713866793,41.3970985803448,54.6606006841341,69.1988275301256,68.2543227780387,48.5585086200864,61.909744532936,67.5176379004824,69.1730364013139,69.2025999532922
69.871476498359,46.4126140935664,62.1761124446999,66.9790525138561,67.5814983408814,65.3891849744539,68.9477189734322,61.8143878113919,66.1059487268456,55.9403970166675,59.1897539059163,68.5218295762224,62.1856733717396,54.7944402040563,67.7277442574807,64.4381682755352,62.7289477829762,61.4902215677586,59.3818484300391,66.051932844483,44.319996669979,61.4985713866793,41.3970985803448,54.6606086312727,69.1988275301256,68.2543227780387,48.5585086200864,61.9166570147779,67.5176379004824,69.1738001541806,69.2025999532922
69.871476498359,46.4126140935664,62.1761124446999,66.9790525138561,67.5814983408814,65.3891849744539,68.9477189734322,61.8143878113919,66.1061408544159,55.9403970166675,59.1897539059163,68.5324360218525,62.1856733717396,54.7944402040563,67.7291282509016,64.4381682755352,62.7289477829762,61.4902215677586,59.3818484300391,66.051932844483,44.319996669979,61.5199425110938,41.3992031504619,54.6606086312727,69.1988275301256,68.2543227780387,48.5585086200864,61.9166570147779,67.5176379004824,69.1738001541806,69.2025999532922
69.871476498359,46.4126140935664,62.1764637067193,66.9790525138561,67.5814983408814,65.3891849744539,68.9477189734322,61.8206609476928,66.1061408544159,55.9404500023858,59.1911283827467,68.5324360218525,62.1856733717396,54.7954520198922,67.7291282509016,64.4381682755352,62.7312026250178,61.4902215677586,59.3818484300391,66.051932844483,44.319996669979,61.5199425110938,41.4013252303549,54.6606086312727,69.1990265850111,68.2543227780387,48.5585086200864,61.9166570147779,67.5176379004824,69.1738001541806,69.2038222108625
69.871476498359,46.4126140935664,62.1764637067193,66.9793108470117,67.5814983408814,65.3909151714358,68.9477189734322,61.8206609476928,66.1061408544159,55.9404500023858,59.1911283827467,68.5324360218525,62.1867563391045,54.7954520198922,67.7291282509016,64.4381682755352,62.7312026250178,61.4902215677586,59.3818493003912,66.051932844483,44.319996669979,61.5199425110938,41.4013252303549,54.6606086312727,69.1990265850111,68.2543227780387,48.5642587636904,61.9199088385863,67.5176379004824,69.1738001541806,69.2038222108625
69.871476498359,46.4126140935664,62.1764637067193,66.9793108470117,67.5817569336267,65.3909151714358,68.9484386394092,61.8206609476928,66.1063153970542,55.9404500023858,59.1911283827467,68.5324360218525,62.1867563391045,54.7954520198922,67.7291282509016,64.4381682755352,62.7312026250178,61.4902215677586,59.3818493003912,66.051932844483,44.319996669979,61.5199425110938,41.4013252303549,54.6606111706783,69.1990265850111,68.2641553425659,48.5670507796196,61.9199088385863,67.5176379004824,69.1738001541806,69.2038222108625
69.871476498359,46.4126140935664,62.1768496724579,66.9793108470117,67.5817569336267,65.3909151714358,68.9484386394092,61.8206609476928,66.1063153970542,55.9404500023858,59.1919136278485,68.5324360218525,62.1871067192747,54.7954520198922,67.7313067576892,64.4401765111861,62.7312123948418,61.4902215677586,59.3818508811935,66.051932844483,44.319996669979,61.5199425110938,41.4013252303549,54.6606111706783,69.1990265850111,68.2641553425659,48.5670507796196,61.9377520182071,67.5176379004824,69.1738001541806,69.2038222108625
69.871476498359,46.4126140935664,62.1768496724579,66.9793108470117,67.5817569336267,65.3909151714358,68.9484386394092,61.8233365144199,66.1063153970542,55.9404500023858,59.1919136278485,68.539797227619,62.1871067192747,54.8029808372059,67.7313067576892,64.4401765111861,62.7312123948418,61.4902215677586,59.3818508811935,66.0561459758445,44.319996669979,61.5199425110938,41.4013252303549,54.6606111706783,69.1990265850111,68.2641553425659,48.5670507796196,61.9377520182071,67.5182030072174,69.1738001541806,69.2075373594801
69.8728297228051,46.420191880901,62.1768496724579,66.9793108470117,67.5817569336267,65.3925678497608,68.9484386394092,61.8233365144199,66.106316192949,55.9404500023858,59.1919136278485,68.539797227619,62.1871067192747,54.8029808372059,67.7313067576892,64.4401765111861,62.7312123948418,61.4905597769787,59.3818508811935,66.0561459758445,44.319996669979,61.5199425110938,41.4013252303549,54.6606111706783,69.1990265850111,68.2641553425659,48.5673242854023,61.9377520182071,67.5182030072174,69.1744484509914,69.2075373594801
69.8728297228051,46.420191880901,62.1773550957924,66.9795434633744,67.5817569336267,65.3925678497608,68.9484386394092,61.8233365144199,66.106316192949,55.9404500023858,59.1920758217154,68.539797227619,62.1877983377642,54.8029808372059,67.7323234538444,64.4401765111861,62.7312123948418,61.4905597769787,59.3818508811935,66.0561459758445,44.319996669979,61.5199425110938,41.4013252303549,54.6606111706783,69.1990265850111,68.2641553425659,48.5690861118677,61.9516837580728,67.5182030072174,69.1744484509914,69.2075373594801
69.8728297228051,46.4265633189588,62.1773550957924,66.9795434633744,67.5817569336267,65.3925678497608,68.9492917148372,61.8250102470704,66.106316192949,55.9404500023858,59.1920758217154,68.539797227619,62.1877983377642,54.8029808372059,67.7323234538444,64.4401765111861,62.7312123948418,61.4905597769787,59.3818508811935,66.0561459758445,44.319996669979,61.5246064776197,41.4013252303549,54.6606111706783,69.1990265850111,68.2716359939356,48.5690861118677,61.9516837580728,67.5182030072174,69.1744484509914,69.2075373594801
69.8728297228051,46.4265633189588,62.1773550957924,66.9795434633744,67.5817569336267,65.3925678497608,68.9492917148372,61.8250102470704,66.106316192949,55.9404500023858,59.19348554625,68.5448680478212,62.1887342602816,54.8170569305049,67.7323234538444,64.4401765111861,62.7312123948418,61.4905597769787,59.3818559969993,66.0561459758445,44.319996669979,61.5246064776197,41.4013252303549,54.6606111706783,69.1990265850111,68.2716359939356,48.5733293368875,61.9643941166316,67.5182030072174,69.1747091029585,69.210440011622
69.8728297228051,46.4265633189588,62.1777085654295,66.9795434633744,67.5817569336267,65.3925678497608,68.9492917148372,61.8250102470704,66.106316192949,55.9404500023858,59.19348554625,68.5448680478212,62.1887342602816,54.8170569305049,67.7323234538444,64.4401765111861,62.7339679785076,61.4905597769787,59.3818559969993,66.0561459758445,44.319996669979,61.5246064776197,41.4013252303549,54.6606111706783,69.1990265850111,68.2716359939356,48.5794245532418,61.9643941166316,67.5182030072174,69.1747091029585,69.210440011622
69.8728297228051,46.4265633189588,62.1777085654295,66.9796225335403,67.5821832081994,65.3944969973972,68.9492917148372,61.8250102470704,66.106316192949,55.9404500023858,59.19348554625,68.5448680478212,62.1887342602816,54.8170569305049,67.7336013048173,64.4401765111861,62.7339679785076,61.4905597769787,59.3818559969993,66.1269213659071,44.319996669979,61.5246064776197,41.4013252303549,54.6606111706783,69.1990265850111,68.2716359939356,48.5794245532418,61.9643941166316,67.5192380592963,69.1747091029585,69.210440011622
69.8728297228051,46.4265633189588,62.1777085654295,66.9796225335403,67.5821832081994,65.3944969973972,68.9492917148372,61.8250102470704,66.106316192949,55.9404500023858,59.19348554625,68.5448680478212,62.1887342602816,54.8170569305049,67.7336013048173,64.4432978352767,62.7339679785076,61.4905597769787,59.3818577617559,66.1269213659071,44.319996669979,61.5383986464834,41.4013252303549,54.6606111706783,69.1990265850111,68.2716359939356,48.5805606714375,61.9737477804462,67.5192380592963,69.1747091029585,69.210440011622
69.8742779622121,46.4265633189588,62.1783590910186,66.9796225335403,67.5821832081994,65.3944969973972,68.9505289766131,61.8250102470704,66.106316192949,55.9404937250225,59.1949281589595,68.5448680478212,62.1894614268863,54.8324750309721,67.7336013048173,64.4432978352767,62.7353297632507,61.4915610563708,59.3818577617559,66.1269213659071,44.319996669979,61.5383986464834,41.4013252303549,54.6606111706783,69.1990265850111,68.2795355478302,48.5854166303724,61.9737477804462,67.5192380592963,69.1748758537959,69.2120751221646
69.8742779622121,46.4265633189588,62.1783590910186,66.9796225335403,67.5821832081994,65.3944969973972,68.9505289766131,61.8250102470704,66.106316192949,55.9404937250225,59.1949281589595,68.5484061592571,62.1894614268863,54.8324750309721,67.7359866228826,64.4432978352767,62.7353297632507,61.4915610563708,59.3818577617559,66.1269213659071,44.319996669979,61.5383986464834,41.4013252303549,54.6606111706783,69.1990265850111,68.2795355478302,48.5854166303724,61.9818327314485,67.5210604850066,69.1748758537959,69.2120751221646
69.8742779622121,46.4265633189588,62.1783590910186,66.9796225335403,67.5821977962542,65.3958692336439,68.9505289766131,61.8250102470704,66.1063179814108,55.9404937250225,59.1958791008625,68.5484061592571,62.1894614268863,54.8324750309721,67.7359866228826,64.4432978352767,62.7353297632507,61.4915610563708,59.3818593935627,66.1269213659071,44.319996669979,61.5383986464834,41.4013252303549,54.6606602517202,69.1990265850111,68.2795355478302,48.5854166303724,61.9818327314485,67.5210604850066,69.1748758537959,69.2120751221646
69.8742779622121,46.4265633189588,62.1786969933905,66.9797553112126,67.5821977962542,65.3958692336439,68.9505289766131,61.8250102470704,66.1063179814108,55.9404937250225,59.1958791008625,68.5484061592571,62.1899651588793,54.8324750309721,67.7359866228826,64.4432978352767,62.736562350127,61.4915610563708,59.3818593935627,66.1269213659071,44.319996669979,61.5383986464834,41.4013252303549,54.6606602517202,69.1990265850111,68.2795355478302,48.5854166303724,61.9818327314485,67.5210604850066,69.1751559104676,69.2120751221646
69.8742779622121,46.4265633189588,62.1786969933905,66.9797553112126,67.5821977962542,65.3958692336439,68.9505289766131,61.8250102470704,66.1063179814108,55.9406083100997,59.1958791008625,68.5484061592571,62.1899651588793,54.851759180224,67.7359866228826,64.4432978352767,62.736562350127,61.4923079076342,59.3818593935627,66.1733918719321,44.319996669979,61.5383986464834,41.4013252303549,54.6606602517202,69.1992332954149,68.2795355478302,48.5915430242177,61.9818327314485,67.5219700695302,69.1751559104676,69.2130965223826
69.8742779622121,46.4265633189588,62.1786969933905,66.9797553112126,67.5821977962542,65.3958692336439,68.9518105390487,61.8250102470704,66.1065582475018,55.9406083100997,59.1958791008625,68.5509009272025,62.1899651588793,54.851759180224,67.736989950785,64.4432978352767,62.736562350127,61.4923079076342,59.3818597098312,66.1733918719321,44.319996669979,61.5383986464834,41.4013252303549,54.6606602517202,69.1992332954149,68.2844492751262,48.5915430242177,61.9859536848294,67.5219700695302,69.1751559104676,69.2130965223826
69.8742779622121,46.4265633189588,62.1790536128007,66.9797553112126,67.5824928240595,65.3958692336439,68.9518105390487,61.8256549653636,66.1065582475018,55.9406083100997,59.196517700755,68.5509009272025,62.1906769456513,54.851759180224,67.736989950785,64.4432978352767,62.736562350127,61.4923079076342,59.3818597098312,66.1733918719321,44.319996669979,61.5392642928933,41.402318211492,54.6606602517202,69.1992332954149,68.2844492751262,48.6068934238193,61.9859536848294,67.5219700695302,69.1751559104676,69.2130965223826
69.8742779622121,46.4265633189588,62.1790536128007,66.9798913967878,67.5824928240595,65.3975164297562,68.9518105390487,61.8256549653636,66.1065582475018,55.9406083100997,59.196517700755,68.5509009272025,62.1906769456513,54.851759180224,67.736989950785,64.4432978352767,62.736562350127,61.4923079076342,59.3818597098312,66.1733918719321,44.319996669979,61.5392642928933,41.402318211492,54.6606602517202,69.1992332954149,68.2844492751262,48.6354026453926,61.9859536848294,67.5219700695302,69.1751559104676,69.2130965223826
69.8742779622121,46.4265633189588,62.1790536128007,66.9798913967878,67.5824928240595,65.3975164297562,68.9518105390487,61.8256549653636,66.106750181827,55.9406083100997,59.1974617451969,68.5509009272025,62.1906769456513,54.8835193136206,67.7386810430446,64.4432978352767,62.736562350127,61.4923079076342,59.3818597098312,66.1733918719321,44.319996669979,61.5392642928933,41.4023428774402,54.6606602517202,69.1992332954149,68.2844492751262,48.6564504888841,61.9897349999924,67.5219700695302,69.1751569113797,69.2169584589407
69.8742779622121,46.4265633189588,62.1791887501226,66.9798913967878,67.5824928240595,65.3975164297562,68.9518105390487,61.8261513441874,66.106750181827,55.9406083100997,59.1974617451969,68.5509009272025,62.1912051798871,54.8835193136206,67.7386810430446,64.444520393227,62.7380550144817,61.4923079076342,59.3818597098312,66.1733918719321,44.3477916904358,61.5392642928933,41.4023428774402,54.6606602517202,69.1995647767518,68.2844492751262,48.6737833811657,61.9897349999924,67.5219700695302,69.1751569113797,69.2169584589407
69.8742779622121,46.4265633189588,62.1791887501226,66.9798913967878,67.5824928240595,65.3975164297562,68.9529109289577,61.8261513441874,66.106750181827,55.9406083100997,59.1974617451969,68.5526748116882,62.1912051798871,54.8835193136206,67.7386810430446,64.444520393227,62.7380550144817,61.4923079076342,59.3818597098312,66.2187916099977,44.3477916904358,61.5392642928933,41.4023428774402,54.6606602517202,69.1995647767518,68.2861991420562,48.6857202637652,61.9897349999924,67.5219700695302,69.1751569113797,69.2169584589407
69.8742779622121,46.4265633189588,62.1791887501226,66.9798913967878,67.5824928240595,65.3991610011544,68.9529109289577,61.8261513441874,66.1068438970193,55.9406083100997,59.1980333396269,68.5526748116882,62.1912051798871,54.8835193136206,67.7386810430446,64.444520393227,62.7380550144817,61.4926231302419,59.3818609678372,66.2187916099977,44.3477916904358,61.5392642928933,41.4023428774402,54.6606602517202,69.1997409785394,68.2861991420562,48.7319010787158,61.9930627018447,67.5228117447107,69.1751569113797,69.2169584589407
69.8742779622121,46.4265633189588,62.179457645098,66.9800096817196,67.5824928240595,65.3991610011544,68.9529109289577,61.8261513441874,66.1068438970193,55.9406169582325,59.1980333396269,68.5526748116882,62.1917357290642,54.9099498137583,67.7410394204783,64.444520393227,62.7380550144817,61.4926231302419,59.3818609678372,66.2187916099977,44.3477916904358,61.5392642928933,41.4023428774402,54.6606602517202,69.1997409785394,68.2861991420562,48.7319010787158,61.9930627018447,67.5228117447107,69.1751569113797,69.2193956685188
69.8742779622121,46.4265633189588,62.179457645098,66.9800096817196,67.5824928240595,65.3991610011544,68.9529109289577,61.8275545906226,66.1068438970193,55.9406169582325,59.1980333396269,68.5526748116882,62.1917357290642,54.9099498137583,67.7410394204783,64.444520393227,62.7380550144817,61.4926231302419,59.3818609678372,66.2187916099977,44.3477916904358,61.5392642928933,41.4023428774402,54.6606602517202,69.1997409785394,68.2861991420562,48.7564741951048,61.9930627018447,67.5228117447107,69.1751569113797,69.2193956685188
69.8742779622121,46.4265633189588,62.179457645098,66.9800096817196,67.5831607751948,65.3991610011544,68.9542274117139,61.8275545906226,66.1069871690497,55.9406169582325,59.1994183004346,68.5556482851329,62.1917357290642,54.9099498137583,67.7410394204783,64.444520393227,62.7380550144817,61.4926231302419,59.3818633909336,66.2187916099977,44.3477916904358,61.5409326786329,41.4103380682779,54.6606895783692,69.1997500878145,68.2894563445729,48.7856358453659,61.9950053455438,67.5228117447107,69.1751569113797,69.2193956685188
69.8742779622121,46.4265633189588,62.179457645098,66.9800096817196,67.5831607751948,65.3991610011544,68.9542274117139,61.8275545906226,66.1069871690497,55.9406169582325,59.1994183004346,68.5556482851329,62.192200729438,54.9099498137583,67.7429662022398,64.444520393227,62.7388790556451,61.4926231302419,59.3818633909336,66.2187916099977,44.3477916904358,61.5409326786329,41.4103380682779,54.6606895783692,69.1997500878145,68.2894563445729,48.7913721956975,61.9950053455438,67.5235307090005,69.1751569113797,69.2193956685188
69.8742779622121,46.4265633189588,62.1801943245647,66.980112211142,67.5831607751948,65.4005866131019,68.9542274117139,61.8286872878992,66.1069871690497,55.9406169582325,59.2047150413593,68.5556482851329,62.192200729438,54.9099498137583,67.7429662022398,64.444520393227,62.7388790556451,61.4926231302419,59.3818633909336,66.2328623141665,44.3477916904358,61.5409326786329,41.4103380682779,54.6606895783692,69.1997500878145,68.2894563445729,48.8141968866804,61.9950053455438,67.5235307090005,69.1752371135289,69.2223399257406
69.8742779622121,46.4265633189588,62.1801943245647,66.980112211142,67.5831607751948,65.4005866131019,68.9542274117139,61.8286872878992,66.1070169632189,55.9406169582325,59.2047150413593,68.5556482851329,62.192200729438,54.9443252895275,67.7429662022398,64.444520393227,62.7388790556451,61.4926231302419,59.3818645540898,66.2328623141665,44.3477916904358,61.5409326786329,41.4103380682779,54.6606895783692,69.1997500878145,68.2894563445729,48.8362164089604,62.0050471466756,67.5235307090005,69.1752371135289,69.2223399257406
69.8742779622121,46.4265633189588,62.1801943245647,66.980112211142,67.5831607751948,65.4005866131019,68.9542274117139,61.8286872878992,66.1070169632189,55.9406169582325,59.2066114706913,68.5556482851329,62.1925667798162,54.9443252895275,67.7429662022398,64.444520393227,62.739372713611,61.4927432633229,59.3818645540898,66.2328623141665,44.3477916904358,61.5422247945906,41.4103380682779,54.6606987793071,69.1997500878145,68.2894563445729,48.8609650053303,62.0050471466756,67.5243254862826,69.1752371135289,69.2223399257406
69.8742779622121,46.4265633189588,62.1812636666619,66.980112211142,67.5831607751948,65.4005866131019,68.9555120951485,61.8286872878992,66.1070169632189,55.9406169582325,59.2066114706913,68.5611150973435,62.1925667798162,54.9443252895275,67.7439394966015,64.4492403021566,62.739372713611,61.4927432633229,59.3818645540898,66.2328623141665,44.3477916904358,61.5422247945906,41.4103380682779,54.6606987793071,69.1997500878145,68.2950176911005,48.8609650053303,62.0050471466756,67.5243254862826,69.1752371135289,69.2223399257406
69.8742779622121,46.4265633189588,62.1812636666619,66.9804599443511,67.5831607751948,65.4019243351739,68.9555120951485,61.829343943771,66.1070169632189,55.9406374566175,59.2106146132093,68.5611150973435,62.1925667798162,54.9443252895275,67.7439394966015,64.4492403021566,62.739372713611,61.4927432633229,59.3818663662839,66.2328623141665,44.3477916904358,61.5422247945906,41.4103380682779,54.6606987793071,69.1997500878145,68.2950176911005,48.875263563272,62.0105706243862,67.5243254862826,69.176123805701,69.2256446633134
69.8742779622121,46.4265633189588,62.1812636666619,66.9804599443511,67.5831607751948,65.4019243351739,68.9555120951485,61.829343943771,66.1070169632189,55.9406374566175,59.2106146132093,68.5611150973435,62.1929521906406,54.9443252895275,67.7439394966015,64.4492403021566,62.7405916528569,61.4927432633229,59.3818663662839,66.2328623141665,44.3477916904358,61.5422247945906,41.4103380682779,54.6606987793071,69.1997500878145,68.2950176911005,48.9211936966184,62.0105706243862,67.5243254862826,69.176123805701,69.2256446633134
69.8742779622121,46.4265633189588,62.1812636666619,66.9804599443511,67.5831607751948,65.4019243351739,68.9555120951485,61.829343943771,66.1070169632189,55.9406374566175,59.217055149916,68.5611150973435,62.1929521906406,54.959893037498,67.7472027197007,64.4492403021566,62.7405916528569,61.4929562119916,59.3818663662839,66.2706193666054,44.3477916904358,61.5422247945906,41.4103380682779,54.6606987793071,69.1998499589962,68.2950176911005,48.9211936966184,62.0105706243862,67.5243853615396,69.176123805701,69.2256446633134
69.8742779622121,46.4265633189588,62.1816319757808,66.9804599443511,67.5831607751948,65.4019243351739,68.9565018836981,61.8297286073938,66.1070423892782,55.9406374566175,59.217055149916,68.5657684491587,62.1929521906406,54.959893037498,67.7472027197007,64.4492403021566,62.7405916528569,61.4929562119916,59.381867400865,66.2706193666054,44.3477916904358,61.5422247945906,41.4103380682779,54.6606987793071,69.1998499589962,68.2950176911005,48.9543358230554,62.0163316125587,67.5243853615396,69.176123805701,69.2256446633134
69.8753834212085,46.4265633189588,62.1816319757808,66.9807289664515,67.5831607751948,65.4019243351739,68.9565018836981,61.8297286073938,66.1070423892782,55.9406374566175,59.217055149916,68.5657684491587,62.1929521906406,54.959893037498,67.7472027197007,64.4492403021566,62.7414418304337,61.4929562119916,59.381867400865,66.2706193666054,44.3537019667032,61.5422247945906,41.4103380682779,54.6606987793071,69.1998499589962,68.2982285889208,48.9543358230554,62.0163316125587,67.5243853615396,69.176123805701,69.2285411345234
69.8753834212085,46.4265633189588,62.1816319757808,66.9807289664515,67.5831607751948,65.4028901535569,68.9565018836981,61.8297286073938,66.1070423892782,55.9406374566175,59.2211573587773,68.5657684491587,62.1932877234552,54.959893037498,67.7472027197007,64.4492403021566,62.7414418304337,61.4929562119916,59.381867400865,66.2706193666054,44.3537019667032,61.5422247945906,41.4103380682779,54.6606987793071,69.1999292031182,68.2982285889208,48.9755583209556,62.0163316125587,67.5255487800919,69.176123805701,69.2285411345234
69.8753834212085,46.4265633189588,62.1824327558272,66.9807289664515,67.5831607751948,65.4028901535569,68.9565018836981,61.8297286073938,66.1070582606364,55.9406374566175,59.2211573587773,68.5657684491587,62.1932877234552,54.9929182025433,67.7489159311213,64.4492403021566,62.7414418304337,61.4929562119916,59.3818687662258,66.2706193666054,44.3889679422513,61.5422247945906,41.4103380682779,54.6606987793071,69.1999292031182,68.2982285889208,48.9755583209556,62.0221706091495,67.5255487800919,69.176123805701,69.2285411345234
69.8753834212085,46.4305634106413,62.1824327558272,66.9807289664515,67.5831607751948,65.4028901535569,68.9565018836981,61.8302360262967,66.1070582606364,55.9406374566175,59.2278585085729,68.5657684491587,62.1936411494448,54.9929182025433,67.7489159311213,64.4492403021566,62.7414948105126,61.4929562119916,59.3818687662258,66.2941824115307,44.3889679422513,61.5422247945906,41.4103380682779,54.6606987793071,69.1999292031182,68.2982285889208,49.0101359004978,62.0221706091495,67.5255487800919,69.176123805701,69.2285411345234
69.8753834212085,46.4305634106413,62.1824327558272,66.981087445072,67.5831607751948,65.4028901535569,68.9577162157331,61.8302360262967,66.1070582606364,55.9406374566175,59.2278585085729,68.5667280160518,62.1936411494448,54.9929182025433,67.7489159311213,64.4501510111577,62.7414948105126,61.4929562119916,59.3818687662258,66.2941824115307,44.3889679422513,61.5422247945906,41.4103380682779,54.6606987793071,69.1999997821556,68.2982285889208,49.0101359004978,62.0221706091495,67.5255487800919,69.176123805701,69.2302571302792
