-70.1963601241122,-47.2781364354868,-79.6561883486087,-137.297338000495,-82.466563003934,-140.522386962162,-68.0754447878561,-79.0873056088816,-86.7399381676633,-71.0690174434478,-96.3520392461959,-96.0052291824777,-87.2897943778118,-109.620240765493,-39.3213542351003,-79.8941577958482,-40.9810630025163,-63.7198612987876,-123.930979296863,-74.5026406556369,-105.430146450956,-83.4534355392832,-116.271247506447,-258.812890543152,-92.2203609582857,-73.0247306162725,-58.8744923998657,-55.9475810157439,-154.362883084644,-177.285468119503,-116.858946968431
-23.9739340697544,-31.839469602357,-39.6393016672494,-68.9778714079981,-36.5756648950276,-94.819563281815,-16.4929717216163,-79.0873056088816,-27.5791483309093,-17.0471112542103,-45.5020652353053,-92.8894772622481,-83.1068984210241,-64.0421187549026,-14.0877510387815,-57.5427087384404,-39.2493310861046,-26.8545824457067,-85.5610491502171,-6.40341845555509,-45.9821209447703,-47.4769955053715,-49.4329334816401,-140.080368147516,-43.5208127228983,-73.0247306162725,-58.8744923998657,-43.6280526050707,-73.0544401397908,-107.674571657224,-43.1022868764451
-23.9739340697544,-9.3299780133779,-15.0008164082347,-28.2364696853899,-26.2344185801105,-64.6365483835928,-16.4929717216163,-48.2740594260212,-27.5791483309093,-17.0471112542103,-36.3910015561636,-59.9008149227878,-70.0335446936008,-48.1905225045414,-14.0877510387815,-57.5427087384404,-39.2493310861046,-26.8545824457067,-85.1144154756124,-6.40341845555509,-45.9821209447703,-41.5286206294528,-49.4329334816401,-122.859491861507,-21.2261683661692,-55.4118867067168,-51.0984130714803,-9.51988547530338,-51.446421890338,-107.674571657224,-43.1022868764451
-21.2712750969078,-9.3299780133779,-15.0008164082347,-28.2364696853899,-23.951568694696,-64.6365483835928,-16.4929717216163,-47.1250496512673,-27.5791483309093,-17.0471112542103,-36.3910015561636,-59.9008149227878,-23.6383372295283,-48.1905225045414,-14.0877510387815,-49.8371498929066,-32.920825016488,-26.8545824457067,-54.968652692718,-6.40341845555509,-45.9821209447703,-41.5286206294528,-49.4329334816401,-122.859491861507,-21.2261683661692,-49.4139681920965,-17.9631968777395,-8.36495207096363,-51.446421890338,-91.6243066236033,-43.1022868764451
-21.2712750969078,-9.3299780133779,-15.0008164082347,-28.2364696853899,-14.6694060688103,-64.6365483835928,-16.4929717216163,-32.0428702699995,-27.5791483309093,-17.0471112542103,-36.3910015561636,-59.9008149227878,-23.6383372295283,-38.1933639435111,-14.0877510387815,-32.6487725321951,-32.920825016488,-26.8545824457067,-40.1933621837446,-6.40341845555509,-45.9821209447703,-41.5286206294528,-49.111268484174,-122.859491861507,-21.2261683661692,-20.3534232803851,-17.9631968777395,-8.36495207096363,-51.446421890338,-49.360474468862,-43.1022868764451
-17.6870070596034,-9.3299780133779,-9.1512528415319,-28.2364696853899,-14.6694060688103,-40.7980397007944,-16.4929717216163,-32.0428702699995,-27.5791483309093,-17.0471112542103,-36.3910015561636,-59.9008149227878,-23.6383372295283,-38.1933639435111,-14.0877510387815,-32.6487725321951,-32.920825016488,-23.7487199232414,-40.1933621837446,-6.40341845555509,-26.6374130548105,-26.0936394198179,-49.111268484174,-122.859491861507,-21.2261683661692,-20.3534232803851,-17.9631968777395,-8.36495207096363,-51.446421890338,-49.360474468862,-43.1022868764451
-17.6870070596034,-9.3299780133779,-9.1512528415319,-28.2364696853899,-14.6694060688103,-40.7980397007944,-16.4929717216163,-32.0428702699995,-27.0959074996741,-17.0471112542103,-36.3910015561636,-52.3644730288672,-23.6383372295283,-38.1933639435111,-14.0877510387815,-28.5134787004804,-32.920825016488,-23.7487199232414,-40.1933621837446,-6.40341845555509,-26.6374130548105,-26.0936394198179,-49.111268484174,-122.859491861507,-21.2261683661692,-20.3534232803851,-17.9631968777395,-8.36495207096363,-51.446421890338,-4.90711428627655,-43.1022868764451
-17.6870070596034,-9.3299780133779,-9.1512528415319,-24.487674477432,-11.6960388913578,-40.7980397007944,-16.4929717216163,-18.9265371511934,-27.0959074996741,-17.0471112542103,-36.3910015561636,-52.3644730288672,-23.6383372295283,-38.1933639435111,-14.0877510387815,-28.5134787004804,-25.8350472692252,-23.7487199232414,-40.1933621837446,-6.40341845555509,-26.6374130548105,-26.0936394198179,-49.111268484174,-122.859491861507,-21.2261683661692,-20.3534232803851,-17.9631968777395,-8.36495207096363,-51.446421890338,-4.90711428627655,-43.1022868764451
-17.6870070596034,-1.56651952681791,-9.1512528415319,-24.487674477432,-11.6960388913578,-40.7980397007944,-16.4929717216163,-18.9265371511934,-27.0959074996741,-17.0471112542103,-36.3910015561636,-52.3644730288672,-23.6383372295283,-38.1933639435111,-14.0877510387815,-28.5134787004804,-22.2679206104642,-23.7487199232414,-40.1933621837446,-6.40341845555509,-26.6374130548105,-26.0936394198179,-49.111268484174,-98.3375234689964,-21.2261683661692,-20.3534232803851,-17.9631968777395,-8.36495207096363,-51.446421890338,-4.90711428627655,-43.1022868764451
-17.6870070596034,-1.56651952681791,-9.1512528415319,-24.487674477432,-11.6960388913578,-40.7980397007944,-16.4929717216163,-18.9265371511934,-23.8821593142089,-17.0471112542103,-27.1043098169999,-52.3644730288672,-23.6383372295283,-38.1933639435111,-14.0877510387815,-20.0913876987903,-22.2679206104642,-23.7487199232414,-40.1933621837446,-6.40341845555509,-26.6374130548105,-26.0936394198179,-49.111268484174,-98.3375234689964,-21.2261683661692,-20.3534232803851,-17.9631968777395,-8.36495207096363,-46.6938949755813,-4.90711428627655,-43.1022868764451
-17.6870070596034,-1.56651952681791,-8.25261004856782,-24.487674477432,-11.6960388913578,-40.7980397007944,-16.4929717216163,-18.9265371511934,-23.8821593142089,-17.0471112542103,-27.1043098169999,-43.1790922390403,-23.6383372295283,-32.4522381283415,-14.0877510387815,-20.0913876987903,-10.5186952153835,-17.4265247506883,-40.1933621837446,-6.40341845555509,-26.6374130548105,-26.0936394198179,-49.111268484174,-98.3375234689964,-21.2261683661692,-20.3534232803851,-17.9631968777395,-8.36495207096363,-46.6938949755813,-4.90711428627655,-43.1022868764451
-7.8206911416447,-1.56651952681791,-8.25261004856782,-24.487674477432,-11.6960388913578,-40.7980397007944,-16.4929717216163,-18.9265371511934,10.2566557865689,-17.0471112542103,-27.1043098169999,-43.1790922390403,-2.84572367041756,-32.4522381283415,-14.0877510387815,-20.0913876987903,-10.5186952153835,-17.4265247506883,-40.1933621837446,-6.40341845555509,-26.6374130548105,-26.0936394198179,-46.1613180495217,-98.3375234689964,-21.2261683661692,-20.3534232803851,-17.9631968777395,-8.36495207096363,-46.6938949755813,-4.90711428627655,-43.1022868764451
-7.8206911416447,-1.56651952681791,-8.25261004856782,-24.487674477432,-11.6960388913578,-40.7980397007944,-16.4929717216163,-18.9265371511934,10.2566557865689,-17.0471112542103,-27.1043098169999,-43.1790922390403,-2.84572367041756,-32.4522381283415,-14.0877510387815,-17.957691366649,-10.5186952153835,-17.4265247506883,-40.1933621837446,-6.40341845555509,-26.6374130548105,-26.0936394198179,-46.1613180495217,-98.3375234689964,-21.2261683661692,-13.3442931684814,-17.9631968777395,-8.36495207096363,-36.8632014763551,-4.90711428627655,-43.1022868764451
-7.8206911416447,-1.56651952681791,-8.25261004856782,-24.487674477432,-11.6960388913578,-40.7980397007944,-16.4929717216163,-18.9265371511934,10.2566557865689,-17.0471112542103,-19.0429164307963,-37.114058080853,-2.84572367041756,-32.4522381283415,-14.0877510387815,-17.957691366649,-10.5186952153835,-17.4265247506883,-40.1933621837446,-6.40341845555509,-26.6374130548105,-26.0936394198179,-46.1613180495217,-98.3375234689964,-21.2261683661692,1.52238609451121,-17.9631968777395,-8.36495207096363,-36.8632014763551,-4.90711428627655,-43.1022868764451
-7.8206911416447,-1.56651952681791,-8.25261004856782,-24.487674477432,-2.06561531897518,-40.7980397007944,-16.4929717216163,-18.9265371511934,10.2566557865689,-17.0471112542103,-19.0429164307963,-37.114058080853,-2.84572367041756,-32.4522381283415,-14.0877510387815,-17.957691366649,-10.5186952153835,-17.4265247506883,-40.1933621837446,-6.40341845555509,-12.4481113191934,-26.0936394198179,-46.1613180495217,-98.3375234689964,-21.2261683661692,1.52238609451121,-17.9631968777395,-8.36495207096363,-36.8632014763551,-4.90711428627655,-43.1022868764451
-7.8206911416447,-1.56651952681791,-6.02627427208708,-24.487674477432,-2.06561531897518,-40.7980397007944,-16.4929717216163,-18.9265371511934,10.2566557865689,-17.0471112542103,-19.0429164307963,-37.114058080853,-2.84572367041756,-32.4522381283415,-14.0877510387815,-17.957691366649,-10.5186952153835,-17.4265247506883,-31.7279950294437,-6.40341845555509,-12.4481113191934,-26.0936394198179,-46.1613180495217,-98.3375234689964,-20.6944396009937,1.52238609451121,-8.1235320499302,-8.36495207096363,-36.8632014763551,-4.90711428627655,-43.1022868764451
-7.8206911416447,-1.56651952681791,-6.02627427208708,-24.487674477432,-2.06561531897518,-40.7980397007944,-16.4929717216163,-18.9265371511934,10.2566557865689,-17.0471112542103,-19.0429164307963,-37.114058080853,-2.84572367041756,-25.4759649625528,-14.0877510387815,-8.68653374810064,-10.5186952153835,-17.4265247506883,-31.7279950294437,-6.40341845555509,-12.4481113191934,-26.0936394198179,-46.1613180495217,-98.3375234689964,-20.6944396009937,1.52238609451121,-8.1235320499302,-8.36495207096363,-36.8632014763551,-4.90711428627655,-31.9253216389604
-7.8206911416447,-1.56651952681791,-6.02627427208708,-24.487674477432,-2.06561531897518,-40.7980397007944,-16.4929717216163,-18.9265371511934,10.2566557865689,-17.0471112542103,-19.0429164307963,-37.114058080853,-2.84572367041756,-25.4759649625528,-14.0877510387815,-8.68653374810064,-10.5186952153835,-17.4265247506883,-31.7279950294437,12.2380833688292,-12.4481113191934,-26.0936394198179,-46.1613180495217,-98.3375234689964,-20.6944396009937,1.52238609451121,-8.1235320499302,-8.36495207096363,-36.8632014763551,-4.90711428627655,-31.9253216389604
-7.8206911416447,-1.56651952681791,-6.02627427208708,-24.487674477432,-2.06561531897518,-40.7980397007944,-16.4929717216163,-16.9337570448438,10.2566557865689,-17.0471112542103,-13.7648781313445,-37.114058080853,-2.84572367041756,-25.4759649625528,-14.0877510387815,-8.68653374810064,-10.5186952153835,-17.4265247506883,-31.7279950294437,12.2380833688292,-12.4481113191934,-26.0936394198179,-46.1613180495217,-98.3375234689964,-20.6944396009937,1.52238609451121,-8.1235320499302,-8.36495207096363,-36.8632014763551,-4.90711428627655,-31.9253216389604
-7.8206911416447,-1.56651952681791,-6.02627427208708,-24.487674477432,-2.06561531897518,-40.7980397007944,-16.4929717216163,-16.9337570448438,10.2566557865689,-17.0471112542103,-13.7648781313445,-29.620143687719,-2.84572367041756,-25.4759649625528,-14.0877510387815,-8.68653374810064,-10.5186952153835,-17.4265247506883,-31.7279950294437,12.2380833688292,-12.4481113191934,-26.0936394198179,-46.1613180495217,-98.3375234689964,-20.6944396009937,1.52238609451121,-8.1235320499302,-8.36495207096363,-36.8632014763551,-4.90711428627655,-31.9253216389604
-7.8206911416447,1.59825133394362,-6.02627427208708,-24.487674477432,-2.06561531897518,-40.7980397007944,-16.4929717216163,-16.9337570448438,10.2566557865689,-17.0471112542103,-13.7648781313445,-29.620143687719,-2.84572367041756,-25.4759649625528,-14.0877510387815,-8.68653374810064,-10.5186952153835,-17.4265247506883,-31.7279950294437,12.2380833688292,-12.4481113191934,-24.0337948930064,-46.1613180495217,-98.3375234689964,-20.6944396009937,1.52238609451121,-8.1235320499302,-8.36495207096363,-36.8632014763551,-4.90711428627655,-31.9253216389604
-7.8206911416447,1.59825133394362,-6.02627427208708,-24.487674477432,-2.06561531897518,-40.7980397007944,-16.4929717216163,-16.9337570448438,10.2566557865689,-17.0471112542103,-13.7648781313445,-29.620143687719,-2.84572367041756,-25.4759649625528,-14.0877510387815,-8.68653374810064,-10.5186952153835,-17.4265247506883,-31.7279950294437,12.2380833688292,-12.4481113191934,-24.0337948930064,-45.1235340007794,-98.3375234689964,-20.6944396009937,1.52238609451121,-8.1235320499302,-8.36495207096363,-36.8632014763551,-4.90711428627655,-31.9253216389604
-7.8206911416447,1.59825133394362,-6.02627427208708,-24.487674477432,-2.06561531897518,-40.7980397007944,-16.4929717216163,-16.9337570448438,10.2566557865689,-17.0471112542103,-7.74711083075863,-29.620143687719,-2.84572367041756,-25.4759649625528,-14.0877510387815,-8.68653374810064,-10.5186952153835,-17.4265247506883,-31.7279950294437,12.2380833688292,-11.2941733966707,-24.0337948930064,-45.1235340007794,-98.3375234689964,-20.6944396009937,1.52238609451121,-8.1235320499302,-8.36495207096363,-36.8632014763551,-4.90711428627655,-31.9253216389604
1.23572337192992,1.59825133394362,-6.02627427208708,-24.487674477432,-2.06561531897518,-40.7980397007944,-16.4929717216163,-16.9337570448438,10.2566557865689,-17.0471112542103,-7.74711083075863,-24.2122928539734,-2.84572367041756,-25.4759649625528,-11.3146278528415,-8.68653374810064,-5.5529319228759,-17.4265247506883,-31.7279950294437,12.2380833688292,-11.2941733966707,-12.3926257936456,-41.185479939731,-98.3375234689964,-20.6944396009937,1.52238609451121,-8.1235320499302,-8.36495207096363,-35.3298155454961,-4.90711428627655,-10.9032672007194
1.23572337192992,1.59825133394362,-6.02627427208708,-24.487674477432,-2.06561531897518,-40.7980397007944,-16.4929717216163,-16.9337570448438,10.2566557865689,-17.0471112542103,-7.74711083075863,-24.2122928539734,-2.84572367041756,-25.4759649625528,-11.3146278528415,-8.68653374810064,-5.5529319228759,-17.4265247506883,-31.7279950294437,12.2380833688292,-11.2941733966707,-12.3926257936456,-28.7676732848616,-98.3375234689964,-20.6944396009937,1.52238609451121,-8.1235320499302,-8.36495207096363,-35.3298155454961,-4.90711428627655,-10.9032672007194
1.23572337192992,1.59825133394362,0.565325894096858,-24.487674477432,-2.06561531897518,-40.7980397007944,-16.4929717216163,-16.9337570448438,10.2566557865689,-17.0471112542103,-7.74711083075863,-24.2122928539734,-2.84572367041756,-25.4759649625528,-11.3146278528415,-8.68653374810064,-5.5529319228759,-17.4265247506883,-31.7279950294437,12.2380833688292,0.0279883683965707,-12.3926257936456,-28.7676732848616,-98.3375234689964,-20.6944396009937,1.52238609451121,-4.88888941824075,-8.36495207096363,-35.3298155454961,-4.90711428627655,-10.9032672007194
1.23572337192992,1.59825133394362,0.565325894096858,-24.487674477432,-2.06561531897518,-40.7980397007944,-16.4929717216163,-16.9337570448438,10.2566557865689,-17.0471112542103,-7.74711083075863,-24.2122928539734,-2.84572367041756,-25.4759649625528,-11.3146278528415,-8.68653374810064,-5.5529319228759,-17.4265247506883,-31.7279950294437,12.2380833688292,0.0279883683965707,-12.3926257936456,-28.7676732848616,-94.8938302359474,-20.6944396009937,1.52238609451121,-4.88888941824075,-8.36495207096363,-35.3298155454961,-4.90711428627655,-10.9032672007194
1.23572337192992,1.59825133394362,0.565325894096858,-24.487674477432,-2.06561531897518,-40.7980397007944,-16.4929717216163,-16.9337570448438,10.2566557865689,-17.0471112542103,-7.74711083075863,-24.2122928539734,-2.84572367041756,-15.8852778047415,-11.3146278528415,-8.68653374810064,-5.5529319228759,-12.9887884376601,-31.7279950294437,12.2380833688292,0.0279883683965707,-12.3926257936456,-28.7676732848616,-94.8938302359474,-20.6944396009937,1.52238609451121,-4.88888941824075,-8.36495207096363,-30.5746590082616,-4.90711428627655,-10.9032672007194
1.23572337192992,1.59825133394362,0.565325894096858,-24.487674477432,-2.06561531897518,-40.7980397007944,-16.4929717216163,-16.9337570448438,10.2566557865689,-17.0471112542103,-7.74711083075863,-24.2122928539734,-2.84572367041756,-15.8852778047415,-11.3146278528415,-8.68653374810064,-5.5529319228759,-12.9887884376601,-31.7279950294437,12.2380833688292,0.0279883683965707,-12.3926257936456,-28.7676732848616,-94.8938302359474,-20.6944396009937,1.52238609451121,6.20299797667569,-8.36495207096363,-30.5746590082616,-4.90711428627655,-10.9032672007194
1.23572337192992,1.59825133394362,0.565325894096858,-24.487674477432,1.14042073279191,-40.7980397007944,-3.36682421802271,-16.9337570448438,10.2566557865689,-13.250666691981,-7.74711083075863,-24.2122928539734,-2.84572367041756,-14.7006290292688,-11.3146278528415,-8.68653374810064,-5.5529319228759,-12.9887884376601,-31.7279950294437,12.2380833688292,0.0279883683965707,-12.3926257936456,-28.7676732848616,-94.8938302359474,-20.6944396009937,1.52238609451121,6.20299797667569,-8.36495207096363,-18.1386949903059,-4.90711428627655,-10.9032672007194
1.23572337192992,3.69990095024895,0.565325894096858,-24.487674477432,1.14042073279191,-40.7980397007944,-3.36682421802271,-4.78387320478076,10.2566557865689,-13.250666691981,-7.74711083075863,-24.2122928539734,-2.84572367041756,-14.7006290292688,-11.3146278528415,-8.68653374810064,-5.5529319228759,-12.9887884376601,-31.7279950294437,12.2380833688292,0.0279883683965707,-12.3926257936456,-28.7676732848616,-94.8938302359474,-20.6944396009937,1.52238609451121,6.20299797667569,-8.36495207096363,-18.1386949903059,-4.90711428627655,-10.9032672007194
1.23572337192992,3.69990095024895,0.565325894096858,-24.487674477432,1.14042073279191,-40.7980397007944,-3.36682421802271,-4.78387320478076,10.2566557865689,-13.250666691981,-7.74711083075863,-24.2122928539734,-2.84572367041756,-14.7006290292688,-11.3146278528415,-8.68653374810064,-5.5529319228759,-10.9812158476189,-31.7279950294437,12.2380833688292,0.0279883683965707,-12.3926257936456,-28.7676732848616,-94.8938302359474,-20.6944396009937,1.52238609451121,6.20299797667569,-8.36495207096363,-18.1386949903059,-4.90711428627655,-10.9032672007194
1.23572337192992,3.69990095024895,0.565325894096858,-24.487674477432,1.14042073279191,-40.7980397007944,-3.36682421802271,-4.78387320478076,10.2566557865689,-13.250666691981,-7.74711083075863,-15.9994140578087,-2.84572367041756,-14.7006290292688,-11.3146278528415,-8.68653374810064,-5.5529319228759,-10.9812158476189,-31.7279950294437,12.2380833688292,0.0279883683965707,-12.3926257936456,-28.7676732848616,-94.8938302359474,-20.6944396009937,1.52238609451121,6.20299797667569,-8.36495207096363,-18.1386949903059,-4.90711428627655,-10.9032672007194
1.23572337192992,3.69990095024895,0.565325894096858,-24.487674477432,1.14042073279191,-40.7980397007944,-3.36682421802271,-4.78387320478076,10.2566557865689,-13.250666691981,-7.74711083075863,-15.9994140578087,-2.84572367041756,-14.7006290292688,-11.3146278528415,-8.68653374810064,-5.5529319228759,-9.63092267934283,-31.7279950294437,12.2380833688292,0.0279883683965707,-12.3926257936456,-28.7676732848616,-94.8938302359474,-20.6944396009937,1.52238609451121,6.20299797667569,-8.36495207096363,-18.1386949903059,-4.90711428627655,0.0255220310854298
1.23572337192992,3.69990095024895,1.48041528054589,-24.487674477432,1.14042073279191,-40.7980397007944,-3.36682421802271,-4.78387320478076,10.2566557865689,-13.250666691981,-7.74711083075863,-15.9994140578087,-2.84572367041756,-14.7006290292688,-11.3146278528415,-8.68653374810064,2.0983122985683,-9.63092267934283,-29.2832076903187,16.8675871080425,0.0279883683965707,-12.3926257936456,-28.7676732848616,-93.1423817347581,-20.6944396009937,1.52238609451121,6.20299797667569,-8.36495207096363,-18.1386949903059,-4.90711428627655,3.07278617356808
1.23572337192992,3.69990095024895,1.48041528054589,-24.487674477432,1.14042073279191,-40.7980397007944,-3.36682421802271,-4.78387320478076,10.2566557865689,-13.250666691981,-7.74711083075863,-15.9994140578087,-2.84572367041756,-14.7006290292688,-6.34917447029368,0.807180091906886,2.0983122985683,-9.63092267934283,-29.2832076903187,16.8675871080425,0.0279883683965707,-12.3926257936456,-28.7676732848616,-93.1423817347581,-20.6944396009937,1.52238609451121,6.20299797667569,-8.36495207096363,-18.1386949903059,-4.90711428627655,3.07278617356808
1.23572337192992,3.69990095024895,1.48041528054589,-24.487674477432,1.14042073279191,-40.7980397007944,-3.36682421802271,-4.78387320478076,10.2566557865689,-13.250666691981,-7.74711083075863,-15.9994140578087,-2.84572367041756,-14.7006290292688,-5.64990830045867,0.807180091906886,2.0983122985683,-9.63092267934283,-29.2832076903187,16.8675871080425,0.0279883683965707,-12.3926257936456,-28.7676732848616,-87.3759398648919,-20.6944396009937,1.52238609451121,6.20299797667569,-2.60944987525937,-18.1386949903059,-4.90711428627655,3.07278617356808
1.23572337192992,3.69990095024895,1.48041528054589,-24.487674477432,1.14042073279191,-40.7980397007944,-3.36682421802271,-4.78387320478076,10.2566557865689,-13.250666691981,-7.74711083075863,-15.9994140578087,-2.84572367041756,-14.7006290292688,-5.64990830045867,0.807180091906886,2.0983122985683,-9.63092267934283,-29.2832076903187,16.8675871080425,0.0279883683965707,-12.3926257936456,-28.7676732848616,-87.3759398648919,-20.6944396009937,1.52238609451121,6.20299797667569,-2.60944987525937,-18.1386949903059,-4.90711428627655,3.07278617356808
1.23572337192992,5.223011841239,1.48041528054589,-24.487674477432,1.14042073279191,-40.7980397007944,-3.36682421802271,-4.78387320478076,10.2566557865689,-13.250666691981,-7.74711083075863,-15.9994140578087,-2.84572367041756,-0.922804285970663,-5.64990830045867,0.807180091906886,2.0983122985683,1.05971954020137,-29.2832076903187,16.8675871080425,0.0279883683965707,-12.3926257936456,-28.7676732848616,-87.3759398648919,-20.6944396009937,1.52238609451121,6.20299797667569,-2.60944987525937,-18.1386949903059,-4.90711428627655,3.07278617356808
1.23572337192992,5.223011841239,1.48041528054589,-10.4005104424368,1.14042073279191,-40.7980397007944,-3.36682421802271,-4.78387320478076,10.2566557865689,-13.250666691981,-7.74711083075863,-15.9994140578087,-2.84572367041756,-0.922804285970663,-5.64990830045867,0.807180091906886,2.0983122985683,1.05971954020137,-29.2832076903187,16.8675871080425,0.0279883683965707,-12.3926257936456,-28.7676732848616,-87.3759398648919,-20.6944396009937,1.52238609451121,6.20299797667569,-2.60944987525937,-18.1386949903059,-4.90711428627655,3.07278617356808
1.23572337192992,5.223011841239,1.48041528054589,-10.4005104424368,1.14042073279191,-40.7980397007944,-3.36682421802271,-4.78387320478076,10.2566557865689,-5.63015350875343,-7.74711083075863,-15.9994140578087,-2.84572367041756,-0.922804285970663,-5.64990830045867,0.807180091906886,2.0983122985683,1.05971954020137,-29.2832076903187,16.8675871080425,0.0279883683965707,-12.3926257936456,-28.7676732848616,-87.3759398648919,-20.6944396009937,1.52238609451121,6.20299797667569,-2.60944987525937,-18.1386949903059,-4.90711428627655,3.07278617356808
1.23572337192992,5.223011841239,1.48041528054589,-10.4005104424368,1.14042073279191,-40.7980397007944,-3.36682421802271,-4.78387320478076,10.2566557865689,-5.63015350875343,-7.74711083075863,-15.9994140578087,-2.84572367041756,-0.922804285970663,-5.64990830045867,0.807180091906886,2.0983122985683,1.05971954020137,-29.2832076903187,16.8675871080425,0.0279883683965707,-12.3926257936456,-28.7676732848616,-87.3759398648919,-20.6944396009937,1.52238609451121,6.20299797667569,-2.60944987525937,-18.1386949903059,-4.90711428627655,3.07278617356808
1.23572337192992,5.223011841239,1.48041528054589,-10.4005104424368,4.46279250392841,-40.7980397007944,-3.36682421802271,-4.78387320478076,10.2566557865689,-5.63015350875343,-7.74711083075863,-15.9994140578087,-2.84572367041756,-0.922804285970663,-5.64990830045867,0.807180091906886,2.0983122985683,1.05971954020137,-29.2832076903187,16.8675871080425,0.0279883683965707,-12.3926257936456,-28.7676732848616,-87.3759398648919,-20.6944396009937,1.52238609451121,6.20299797667569,-2.60944987525937,-18.1386949903059,-4.90711428627655,3.07278617356808
1.23572337192992,5.223011841239,1.48041528054589,-10.4005104424368,4.46279250392841,-29.8081579807081,-3.36682421802271,-4.78387320478076,10.2566557865689,-5.63015350875343,-7.74711083075863,-15.9994140578087,-2.84572367041756,-0.922804285970663,-5.64990830045867,5.84359643364451,2.0983122985683,1.05971954020137,-29.2832076903187,16.8675871080425,10.1329112398861,-12.3926257936456,-28.7676732848616,-87.3759398648919,-20.6944396009937,1.52238609451121,6.20299797667569,-2.60944987525937,-18.1386949903059,-4.90711428627655,3.07278617356808
1.23572337192992,5.223011841239,1.48041528054589,-10.4005104424368,4.46279250392841,-29.8081579807081,-3.36682421802271,-4.78387320478076,10.2566557865689,-5.63015350875343,-7.74711083075863,-15.9994140578087,-2.84572367041756,-0.922804285970663,-5.64990830045867,5.84359643364451,2.0983122985683,1.05971954020137,-29.2832076903187,16.8675871080425,10.1329112398861,-12.3926257936456,-28.7676732848616,-87.3759398648919,-20.6944396009937,1.52238609451121,6.20299797667569,-2.60944987525937,-18.1386949903059,-4.90711428627655,3.07278617356808
1.23572337192992,6.64806237255485,1.48041528054589,-10.4005104424368,4.46279250392841,-29.8081579807081,-3.36682421802271,-2.99741258001682,10.2566557865689,-5.63015350875343,-7.74711083075863,-15.9994140578087,-2.84572367041756,-0.922804285970663,-5.64990830045867,5.84359643364451,2.0983122985683,1.05971954020137,-29.2832076903187,23.7975763564275,10.1329112398861,-12.3926257936456,-4.16213924340489,-87.3759398648919,-20.6944396009937,1.52238609451121,7.50946943025686,-2.60944987525937,-18.1386949903059,-4.90711428627655,17.7838502183067
1.23572337192992,10.0680064578469,8.80454714334324,-10.4005104424368,4.46279250392841,-29.8081579807081,-3.36682421802271,-2.99741258001682,10.2566557865689,-5.63015350875343,-7.74711083075863,-15.9994140578087,-2.84572367041756,-0.922804285970663,-5.64990830045867,5.84359643364451,2.0983122985683,1.05971954020137,-29.2832076903187,23.7975763564275,10.1329112398861,-12.3926257936456,-4.16213924340489,-79.790874642172,-20.6944396009937,1.52238609451121,7.50946943025686,-2.60944987525937,-18.1386949903059,-4.90711428627655,17.7838502183067
1.23572337192992,10.0680064578469,8.80454714334324,-10.4005104424368,4.46279250392841,-29.8081579807081,-3.36682421802271,-2.99741258001682,10.2566557865689,-5.63015350875343,-7.74711083075863,-15.9994140578087,-2.84572367041756,-0.922804285970663,-5.64990830045867,5.84359643364451,2.0983122985683,1.05971954020137,-23.0660680301679,23.7975763564275,10.1329112398861,0.706874259909007,-4.16213924340489,-44.5874251666281,-20.6944396009937,3.27688850021536,7.50946943025686,-2.60944987525937,-18.1386949903059,-4.90711428627655,17.7838502183067
1.23572337192992,10.0680064578469,8.80454714334324,-10.4005104424368,4.46279250392841,-29.8081579807081,-3.36682421802271,-2.99741258001682,10.2566557865689,-5.63015350875343,-7.74711083075863,-15.9994140578087,-2.84572367041756,-0.922804285970663,-5.64990830045867,5.84359643364451,2.0983122985683,1.05971954020137,-23.0660680301679,23.7975763564275,10.1329112398861,0.706874259909007,-4.16213924340489,-44.5874251666281,-20.6944396009937,3.27688850021536,7.50946943025686,-2.60944987525937,-18.1386949903059,-4.90711428627655,17.7838502183067
1.23572337192992,10.0680064578469,11.3190786942624,-10.4005104424368,4.46279250392841,-29.8081579807081,-3.36682421802271,-2.99741258001682,10.2566557865689,-5.63015350875343,-7.74711083075863,-15.9994140578087,-2.84572367041756,-0.922804285970663,-3.36549515277845,5.84359643364451,2.0983122985683,1.05971954020137,-23.0660680301679,23.7975763564275,10.1329112398861,0.706874259909007,-4.16213924340489,-44.5874251666281,-5.56069453781499,3.27688850021536,7.50946943025686,-2.60944987525937,-18.1386949903059,-4.90711428627655,17.7838502183067
5.32770059710505,10.0680064578469,11.3190786942624,-10.4005104424368,4.46279250392841,-29.8081579807081,-3.36682421802271,-2.99741258001682,10.2566557865689,-5.63015350875343,-7.74711083075863,-15.9994140578087,-2.84572367041756,-0.922804285970663,-3.36549515277845,5.84359643364451,2.56295092766246,1.05971954020137,-23.0660680301679,23.7975763564275,15.7692510831598,0.706874259909007,-4.16213924340489,-44.5874251666281,-5.56069453781499,3.27688850021536,7.50946943025686,-2.60944987525937,-18.1386949903059,-4.90711428627655,17.7838502183067
5.32770059710505,10.0680064578469,11.3190786942624,-10.4005104424368,4.46279250392841,-29.8081579807081,-3.36682421802271,-2.99741258001682,10.2566557865689,-5.63015350875343,-7.74711083075863,-15.9994140578087,-2.84572367041756,-0.922804285970663,-3.36549515277845,5.84359643364451,2.56295092766246,1.05971954020137,-23.0660680301679,23.7975763564275,15.7692510831598,0.706874259909007,-4.16213924340489,-44.5874251666281,-5.56069453781499,3.27688850021536,7.50946943025686,-2.60944987525937,-18.1386949903059,-4.90711428627655,17.7838502183067
16.9767258730114,10.0680064578469,11.3190786942624,-10.4005104424368,4.46279250392841,-29.8081579807081,-3.36682421802271,-2.99741258001682,10.2566557865689,-5.63015350875343,-7.74711083075863,-15.9994140578087,-2.84572367041756,-0.922804285970663,-3.36549515277845,5.84359643364451,2.56295092766246,1.05971954020137,-23.0660680301679,23.7975763564275,15.7692510831598,0.706874259909007,-4.16213924340489,-44.5874251666281,-5.56069453781499,3.27688850021536,7.50946943025686,-2.60944987525937,-18.1386949903059,-4.90711428627655,17.7838502183067
16.9767258730114,10.0680064578469,11.3190786942624,-10.4005104424368,4.46279250392841,-29.8081579807081,-3.36682421802271,-2.99741258001682,10.2566557865689,-5.63015350875343,-7.74711083075863,-4.21225698454823,-2.84572367041756,-0.922804285970663,-3.36549515277845,5.84359643364451,3.43085534158534,1.05971954020137,-23.0660680301679,23.7975763564275,15.7692510831598,0.706874259909007,-4.16213924340489,-44.5874251666281,-5.56069453781499,3.27688850021536,7.50946943025686,-2.60944987525937,-18.1386949903059,-4.90711428627655,17.7838502183067
16.9767258730114,10.0680064578469,11.3190786942624,-10.4005104424368,4.46279250392841,-29.8081579807081,8.42598969012553,-2.99741258001682,12.0706922151783,-5.63015350875343,-7.74711083075863,-2.88648283884986,-2.84572367041756,-0.922804285970663,-3.36549515277845,5.84359643364451,3.43085534158534,1.05971954020137,-23.0660680301679,23.7975763564275,15.7692510831598,0.706874259909007,-4.16213924340489,-44.5874251666281,-5.56069453781499,3.27688850021536,7.50946943025686,-2.60944987525937,-18.1386949903059,-4.90711428627655,17.7838502183067
16.9767258730114,10.0680064578469,11.3190786942624,-10.4005104424368,4.46279250392841,-3.98140012597283,8.42598969012553,2.47960506444524,12.0706922151783,-5.63015350875343,-7.74711083075863,-2.88648283884986,-2.84572367041756,-0.922804285970663,-3.36549515277845,5.84359643364451,3.43085534158534,1.05971954020137,-23.0660680301679,23.7975763564275,15.7692510831598,0.706874259909007,-4.16213924340489,-44.5874251666281,-5.56069453781499,3.27688850021536,7.50946943025686,-2.60944987525937,-18.1386949903059,-4.90711428627655,17.7838502183067
16.9767258730114,10.0680064578469,11.3190786942624,-10.4005104424368,4.46279250392841,-3.98140012597283,8.42598969012553,2.47960506444524,12.0706922151783,-5.63015350875343,-7.74711083075863,-2.88648283884986,-2.84572367041756,-0.922804285970663,-3.36549515277845,5.84359643364451,3.43085534158534,1.05971954020137,-23.0660680301679,23.7975763564275,15.7692510831598,7.74274151983675,-4.16213924340489,-44.5874251666281,-5.56069453781499,3.27688850021536,7.50946943025686,-2.60944987525937,-10.8662568683905,-4.90711428627655,17.7838502183067
16.9767258730114,10.0680064578469,11.3190786942624,-10.4005104424368,4.46279250392841,-3.98140012597283,8.42598969012553,2.47960506444524,12.0706922151783,-5.63015350875343,-2.65865192237028,-2.88648283884986,-2.84572367041756,-0.922804285970663,-3.36549515277845,5.84359643364451,3.43085534158534,1.05971954020137,-23.0660680301679,23.7975763564275,15.7692510831598,7.74274151983675,-4.16213924340489,-44.5874251666281,-5.56069453781499,3.27688850021536,7.50946943025686,-2.60944987525937,-10.8662568683905,-4.90711428627655,17.7838502183067
16.9767258730114,11.9968407287876,11.3190786942624,-10.4005104424368,4.46279250392841,-3.98140012597283,8.42598969012553,2.47960506444524,12.0706922151783,-5.63015350875343,-2.65865192237028,-2.88648283884986,-2.84572367041756,-0.922804285970663,-3.36549515277845,5.84359643364451,4.18090716582189,1.05971954020137,-23.0660680301679,23.7975763564275,15.7692510831598,7.74274151983675,-4.16213924340489,-44.5874251666281,-5.56069453781499,3.27688850021536,7.50946943025686,-2.60944987525937,-10.8662568683905,-4.90711428627655,17.7838502183067
16.9767258730114,11.9968407287876,11.3190786942624,-10.4005104424368,4.46279250392841,-3.98140012597283,8.42598969012553,2.47960506444524,12.0706922151783,-5.63015350875343,-2.65865192237028,-2.88648283884986,-2.84572367041756,-0.922804285970663,-3.36549515277845,5.84359643364451,4.18090716582189,1.05971954020137,-23.0660680301679,23.7975763564275,15.7692510831598,7.74274151983675,-4.16213924340489,-44.5874251666281,-5.56069453781499,3.27688850021536,7.50946943025686,-2.60944987525937,-3.03689298348043,-4.90711428627655,17.7838502183067
16.9767258730114,14.1284448302456,11.3190786942624,-10.4005104424368,4.46279250392841,-3.98140012597283,8.42598969012553,2.47960506444524,12.0706922151783,-5.63015350875343,-2.65865192237028,-2.88648283884986,-2.84572367041756,-0.922804285970663,-3.36549515277845,5.84359643364451,4.18090716582189,1.05971954020137,-23.0660680301679,23.7975763564275,15.7692510831598,11.2518421928594,-4.16213924340489,-44.5874251666281,-5.56069453781499,13.5191685898451,7.50946943025686,2.86588735624602,-3.03689298348043,-4.90711428627655,17.7838502183067
16.9767258730114,14.1284448302456,11.3190786942624,0.0740530707068103,4.46279250392841,-3.98140012597283,8.42598969012553,2.47960506444524,12.0706922151783,-5.63015350875343,-2.65865192237028,-2.88648283884986,-2.84572367041756,-0.922804285970663,-2.81412317275083,5.84359643364451,4.18090716582189,1.05971954020137,-23.0660680301679,23.7975763564275,15.7692510831598,11.2518421928594,-4.16213924340489,-44.5874251666281,-5.56069453781499,13.5191685898451,7.50946943025686,18.9651857358082,-3.03689298348043,-4.90711428627655,17.7838502183067
16.9767258730114,14.1284448302456,11.3190786942624,0.0740530707068103,4.46279250392841,-3.98140012597283,8.42598969012553,2.47960506444524,12.0706922151783,-5.63015350875343,-2.65865192237028,-2.88648283884986,-2.84572367041756,-0.922804285970663,-2.81412317275083,5.84359643364451,4.73619532415158,1.05971954020137,-23.0660680301679,23.7975763564275,15.7692510831598,11.2518421928594,-4.16213924340489,-44.5874251666281,-5.56069453781499,13.5191685898451,7.50946943025686,18.9651857358082,-3.03689298348043,-4.90711428627655,17.7838502183067
16.9767258730114,14.1284448302456,11.3190786942624,0.0740530707068103,4.46279250392841,-3.98140012597283,8.42598969012553,2.47960506444524,12.0706922151783,-5.63015350875343,-2.65865192237028,-2.88648283884986,-2.84572367041756,-0.922804285970663,5.59410239259071,5.84359643364451,11.8794553323334,1.05971954020137,-23.0660680301679,23.7975763564275,15.7692510831598,11.2518421928594,-4.16213924340489,-44.5874251666281,-5.56069453781499,13.5191685898451,7.50946943025686,18.9651857358082,-3.03689298348043,-4.90711428627655,17.7838502183067
16.9767258730114,14.1284448302456,11.3190786942624,0.0740530707068103,4.46279250392841,-3.98140012597283,8.42598969012553,2.47960506444524,12.0706922151783,-5.63015350875343,-2.65865192237028,-2.88648283884986,-2.84572367041756,-0.922804285970663,16.4356978108251,5.84359643364451,11.8794553323334,1.05971954020137,-23.0660680301679,23.7975763564275,15.7692510831598,11.2518421928594,-4.16213924340489,-44.5874251666281,-5.56069453781499,13.5191685898451,7.50946943025686,18.9651857358082,-3.03689298348043,-4.90711428627655,17.7838502183067
16.9767258730114,14.1284448302456,11.3190786942624,0.0740530707068103,6.57642118567139,-3.98140012597283,8.42598969012553,2.47960506444524,12.0706922151783,-5.63015350875343,-2.65865192237028,-2.88648283884986,-2.84572367041756,-0.922804285970663,16.4356978108251,5.84359643364451,11.8794553323334,1.67319186143898,-23.0660680301679,23.7975763564275,15.7692510831598,11.2518421928594,-4.16213924340489,-44.5874251666281,-5.56069453781499,13.5191685898451,7.50946943025686,18.9651857358082,-3.03689298348043,-4.90711428627655,17.7838502183067
16.9767258730114,14.1284448302456,11.3190786942624,0.860972568749816,6.57642118567139,-3.98140012597283,8.42598969012553,2.47960506444524,12.0706922151783,-5.63015350875343,-2.65865192237028,-2.88648283884986,-2.84572367041756,-0.922804285970663,16.4356978108251,5.84359643364451,11.8794553323334,1.67319186143898,-23.0660680301679,23.7975763564275,15.7692510831598,11.2518421928594,-4.16213924340489,-44.5874251666281,-5.56069453781499,13.5191685898451,7.50946943025686,18.9651857358082,-3.03689298348043,-4.90711428627655,17.7838502183067
16.9767258730114,14.1284448302456,11.3190786942624,0.860972568749816,6.57642118567139,-3.98140012597283,8.42598969012553,12.8951663870103,12.0706922151783,-5.63015350875343,-2.65865192237028,-2.88648283884986,-2.84572367041756,-0.922804285970663,16.4356978108251,5.84359643364451,11.8794553323334,1.67319186143898,-23.0660680301679,23.7975763564275,15.7692510831598,11.2518421928594,-4.16213924340489,-44.5874251666281,-5.56069453781499,13.5191685898451,7.50946943025686,18.9651857358082,-3.03689298348043,-4.90711428627655,17.7838502183067
16.9767258730114,14.1284448302456,11.3190786942624,0.860972568749816,6.57642118567139,-3.98140012597283,8.42598969012553,12.8951663870103,12.0706922151783,-5.63015350875343,-2.65865192237028,-2.88648283884986,-2.84572367041756,-0.922804285970663,16.4356978108251,5.84359643364451,11.8794553323334,1.67319186143898,-23.0660680301679,23.7975763564275,15.7692510831598,11.2518421928594,-4.16213924340489,-41.8045561652029,-5.56069453781499,13.5191685898451,7.50946943025686,18.9651857358082,-3.03689298348043,-4.90711428627655,17.7838502183067
16.9767258730114,14.1284448302456,11.3190786942624,0.860972568749816,6.57642118567139,-3.98140012597283,8.42598969012553,12.8951663870103,12.0706922151783,-5.63015350875343,-2.65865192237028,-2.88648283884986,-2.84572367041756,-0.922804285970663,16.4356978108251,5.84359643364451,11.8794553323334,1.67319186143898,-15.9581731016393,23.7975763564275,17.9365995629816,11.467279161276,-4.16213924340489,-36.5579616217664,-5.56069453781499,13.5191685898451,7.50946943025686,18.9651857358082,-3.03689298348043,-4.90711428627655,17.7838502183067
16.9767258730114,14.1284448302456,11.3190786942624,0.860972568749816,6.57642118567139,-3.98140012597283,8.42598969012553,12.8951663870103,12.0706922151783,-5.63015350875343,-2.65865192237028,15.3125814080854,-2.84572367041756,-0.922804285970663,16.4356978108251,5.84359643364451,11.8794553323334,1.67319186143898,-15.9581731016393,23.7975763564275,17.9365995629816,11.467279161276,-4.16213924340489,-36.5579616217664,-5.56069453781499,13.5191685898451,14.720254567783,18.9651857358082,-3.03689298348043,-4.90711428627655,17.7838502183067
16.9767258730114,14.1284448302456,11.3190786942624,0.860972568749816,6.57642118567139,-3.98140012597283,8.42598969012553,12.8951663870103,12.0706922151783,-5.63015350875343,-2.65865192237028,15.3125814080854,-2.84572367041756,-0.922804285970663,16.4356978108251,5.84359643364451,11.8794553323334,1.67319186143898,-15.9581731016393,23.7975763564275,17.9365995629816,11.467279161276,-4.16213924340489,-32.4598538404865,-5.56069453781499,13.5191685898451,14.720254567783,18.9651857358082,-3.03689298348043,-4.90711428627655,17.7838502183067
16.9767258730114,14.1284448302456,11.3190786942624,0.860972568749816,6.57642118567139,-3.98140012597283,8.42598969012553,12.8951663870103,12.0706922151783,-5.63015350875343,-2.65865192237028,15.3125814080854,-2.84572367041756,-0.922804285970663,16.4356978108251,5.84359643364451,11.8794553323334,1.67319186143898,-15.9581731016393,23.7975763564275,17.9365995629816,11.467279161276,-4.16213924340489,-32.4598538404865,-0.569303092255694,13.5191685898451,14.720254567783,18.9651857358082,-3.03689298348043,-4.90711428627655,17.7838502183067
16.9767258730114,14.1284448302456,11.3190786942624,0.860972568749816,6.57642118567139,-3.98140012597283,8.42598969012553,12.8951663870103,12.0706922151783,-5.63015350875343,-2.65865192237028,15.3125814080854,-2.84572367041756,-0.922804285970663,16.4356978108251,5.84359643364451,11.8794553323334,1.67319186143898,-15.9581731016393,23.7975763564275,17.9365995629816,11.467279161276,-4.16213924340489,-32.4598538404865,-0.569303092255694,13.5191685898451,14.720254567783,18.9651857358082,-3.03689298348043,-4.90711428627655,17.7838502183067
16.9767258730114,14.1284448302456,11.3190786942624,0.860972568749816,6.57642118567139,-3.98140012597283,8.42598969012553,12.8951663870103,12.0706922151783,-5.63015350875343,2.77739701701382,15.3125814080854,-2.84572367041756,-0.922804285970663,16.4356978108251,5.84359643364451,11.8794553323334,1.67319186143898,-15.9581731016393,23.7975763564275,17.9365995629816,11.467279161276,-4.16213924340489,-32.4598538404865,-0.569303092255694,13.5191685898451,14.720254567783,18.9651857358082,-3.03689298348043,-4.90711428627655,17.7838502183067
16.9767258730114,14.1284448302456,11.3190786942624,0.860972568749816,6.57642118567139,-3.98140012597283,8.42598969012553,12.8951663870103,12.0706922151783,-5.63015350875343,2.77739701701382,15.3125814080854,-2.84572367041756,-0.922804285970663,16.4356978108251,5.84359643364451,35.0539243213333,10.0085720840875,-15.9581731016393,23.7975763564275,17.9365995629816,11.467279161276,-4.16213924340489,-32.4598538404865,-0.569303092255694,13.5191685898451,14.720254567783,18.9651857358082,-3.03689298348043,-4.90711428627655,17.7838502183067
16.9767258730114,14.1284448302456,11.3190786942624,0.860972568749816,6.57642118567139,-3.98140012597283,8.42598969012553,12.8951663870103,12.0706922151783,-5.63015350875343,2.77739701701382,15.3125814080854,-2.84572367041756,-0.922804285970663,16.4356978108251,5.84359643364451,35.0539243213333,10.0085720840875,-15.9581731016393,23.7975763564275,17.9365995629816,11.467279161276,-4.16213924340489,-32.4598538404865,-0.569303092255694,13.5191685898451,14.720254567783,18.9651857358082,-3.03689298348043,-4.90711428627655,17.7838502183067
16.9767258730114,14.1284448302456,11.3190786942624,0.860972568749816,10.9903512317679,-3.98140012597283,8.42598969012553,12.8951663870103,12.0706922151783,-5.63015350875343,2.77739701701382,15.3125814080854,-2.84572367041756,-0.922804285970663,16.4356978108251,5.84359643364451,35.0539243213333,10.0085720840875,-15.9581731016393,23.7975763564275,17.9365995629816,11.467279161276,-4.16213924340489,-32.4598538404865,-0.569303092255694,13.5191685898451,14.720254567783,18.9651857358082,-3.03689298348043,-4.90711428627655,17.7838502183067
16.9767258730114,14.1284448302456,11.3190786942624,0.860972568749816,10.9903512317679,-3.98140012597283,8.42598969012553,12.8951663870103,12.0706922151783,-5.63015350875343,2.77739701701382,15.3125814080854,-2.84572367041756,-0.922804285970663,16.4356978108251,5.84359643364451,35.0539243213333,10.0085720840875,-15.9581731016393,23.7975763564275,17.9365995629816,11.467279161276,-4.16213924340489,-32.4598538404865,-0.569303092255694,13.5191685898451,14.720254567783,18.9651857358082,-3.03689298348043,-4.90711428627655,17.7838502183067
16.9767258730114,18.074670330663,11.3190786942624,0.860972568749816,10.9903512317679,-3.98140012597283,11.8557633702657,33.9950439856774,12.0706922151783,-5.63015350875343,4.66695320674626,15.3125814080854,-2.84572367041756,2.52877391278211,16.4356978108251,5.93586320848325,35.0539243213333,10.0085720840875,-15.9581731016393,23.7975763564275,17.9365995629816,11.467279161276,-4.16213924340489,-32.4598538404865,-0.569303092255694,13.5191685898451,14.720254567783,18.9651857358082,-3.03689298348043,-4.90711428627655,17.7838502183067
25.2236850091482,18.074670330663,11.3190786942624,0.860972568749816,10.9903512317679,-3.98140012597283,11.8557633702657,33.9950439856774,12.0706922151783,-5.63015350875343,4.66695320674626,15.3125814080854,-2.84572367041756,2.52877391278211,16.4356978108251,5.93586320848325,35.0539243213333,10.0085720840875,-15.9581731016393,23.7975763564275,17.9365995629816,11.467279161276,-4.16213924340489,-9.66647932840206,-0.569303092255694,13.5191685898451,27.8556222357075,18.9651857358082,-3.03689298348043,-4.90711428627655,17.7838502183067
25.2236850091482,18.074670330663,11.3190786942624,0.860972568749816,10.9903512317679,-3.98140012597283,11.8557633702657,33.9950439856774,12.0706922151783,-5.63015350875343,4.66695320674626,15.3125814080854,-2.84572367041756,2.52877391278211,16.4356978108251,5.93586320848325,35.0539243213333,10.0085720840875,7.06855632082385,23.7975763564275,17.9365995629816,11.467279161276,-4.16213924340489,-9.66647932840206,-0.569303092255694,13.5191685898451,27.8556222357075,18.9651857358082,-3.03689298348043,-4.90711428627655,17.7838502183067
25.2236850091482,18.074670330663,11.3190786942624,0.860972568749816,10.9903512317679,-3.98140012597283,11.8557633702657,33.9950439856774,12.0706922151783,-5.63015350875343,4.66695320674626,15.3125814080854,-2.84572367041756,2.52877391278211,16.4356978108251,5.93586320848325,35.0539243213333,10.0085720840875,7.06855632082385,23.7975763564275,17.9365995629816,11.467279161276,-4.16213924340489,-9.66647932840206,-0.569303092255694,13.5191685898451,27.8556222357075,18.9651857358082,-3.03689298348043,-4.90711428627655,17.7838502183067
25.2236850091482,18.074670330663,11.3190786942624,0.860972568749816,10.9903512317679,-3.98140012597283,11.8557633702657,33.9950439856774,12.0706922151783,-5.63015350875343,5.43998450583149,15.3125814080854,-2.84572367041756,2.52877391278211,16.4356978108251,5.93586320848325,35.0539243213333,10.0085720840875,7.06855632082385,23.7975763564275,17.9365995629816,11.467279161276,-1.39624464911589,-9.66647932840206,-0.569303092255694,17.1333632989515,27.8556222357075,18.9651857358082,-3.03689298348043,-4.90711428627655,17.7838502183067
25.2236850091482,18.074670330663,11.3190786942624,0.860972568749816,10.9903512317679,-3.98140012597283,11.8557633702657,33.9950439856774,12.0706922151783,-3.55956766032843,5.43998450583149,15.3125814080854,-2.84572367041756,2.52877391278211,16.4356978108251,5.93586320848325,35.0539243213333,10.0085720840875,7.06855632082385,23.7975763564275,17.9365995629816,11.467279161276,-1.39624464911589,-9.66647932840206,-0.569303092255694,17.1333632989515,27.8556222357075,19.0311613064198,-3.03689298348043,-4.90711428627655,17.7838502183067
25.2236850091482,18.074670330663,11.3190786942624,0.860972568749816,10.9903512317679,-3.98140012597283,11.8557633702657,33.9950439856774,12.0706922151783,-3.55956766032843,5.43998450583149,15.3125814080854,-2.84572367041756,2.52877391278211,16.4356978108251,5.93586320848325,35.0539243213333,10.0085720840875,7.06855632082385,23.7975763564275,17.9365995629816,11.467279161276,-1.39624464911589,-9.66647932840206,-0.569303092255694,17.1333632989515,27.8556222357075,19.0311613064198,-3.03689298348043,5.33859095708615,17.7838502183067
25.2236850091482,18.074670330663,11.3190786942624,0.860972568749816,10.9903512317679,-3.98140012597283,11.8557633702657,33.9950439856774,12.0706922151783,-3.55956766032843,5.43998450583149,15.3125814080854,-2.84572367041756,2.52877391278211,16.4356978108251,5.93586320848325,35.0539243213333,10.0085720840875,7.06855632082385,23.7975763564275,17.9365995629816,11.467279161276,-1.39624464911589,-9.66647932840206,-0.569303092255694,17.1333632989515,27.8556222357075,19.0311613064198,-3.03689298348043,5.33859095708615,17.7838502183067
25.2236850091482,18.074670330663,11.3190786942624,0.860972568749816,10.9903512317679,-3.98140012597283,11.8557633702657,33.9950439856774,12.0706922151783,-3.55956766032843,5.43998450583149,15.3125814080854,-2.84572367041756,2.52877391278211,16.4356978108251,5.93586320848325,35.0539243213333,14.6645767175003,7.06855632082385,23.7975763564275,17.9365995629816,11.467279161276,-1.39624464911589,-9.66647932840206,-0.569303092255694,17.1333632989515,27.8556222357075,19.0311613064198,-3.03689298348043,5.33859095708615,17.7838502183067
25.2236850091482,18.074670330663,11.3190786942624,0.860972568749816,10.9903512317679,-3.98140012597283,11.8557633702657,33.9950439856774,12.0706922151783,-3.55956766032843,5.43998450583149,15.3125814080854,-2.84572367041756,2.52877391278211,16.4356978108251,5.93586320848325,35.0539243213333,14.6645767175003,7.06855632082385,23.7975763564275,17.9365995629816,11.467279161276,-1.39624464911589,-9.66647932840206,-0.569303092255694,17.1333632989515,27.8556222357075,27.1562686450256,-3.03689298348043,5.33859095708615,18.5181825562392
25.2236850091482,20.0217300214836,22.055800126428,0.860972568749816,11.4599886845973,-3.98140012597283,11.8557633702657,33.9950439856774,12.0706922151783,-3.55956766032843,5.43998450583149,15.3125814080854,-2.84572367041756,2.52877391278211,16.4356978108251,5.93586320848325,35.0539243213333,14.6645767175003,7.06855632082385,23.7975763564275,17.9365995629816,11.467279161276,-1.39624464911589,-9.66647932840206,-0.569303092255694,17.1333632989515,27.8556222357075,27.1562686450256,-3.03689298348043,5.33859095708615,18.5181825562392
25.2236850091482,20.0217300214836,22.055800126428,0.860972568749816,13.5369104385294,-3.98140012597283,11.8557633702657,33.9950439856774,12.0706922151783,-3.55956766032843,5.43998450583149,15.3125814080854,-2.84572367041756,2.52877391278211,16.4356978108251,15.8432781379806,35.0539243213333,14.6645767175003,7.06855632082385,23.7975763564275,17.9365995629816,11.467279161276,-1.39624464911589,-9.66647932840206,-0.569303092255694,17.1333632989515,27.8556222357075,27.1562686450256,-3.03689298348043,5.33859095708615,18.5181825562392
25.2236850091482,20.0217300214836,22.055800126428,0.860972568749816,13.5369104385294,-3.98140012597283,11.8557633702657,33.9950439856774,12.0706922151783,-3.55956766032843,5.43998450583149,15.3125814080854,-2.84572367041756,2.52877391278211,16.4356978108251,15.8432781379806,35.0539243213333,14.6645767175003,7.06855632082385,23.7975763564275,17.9365995629816,11.467279161276,-1.39624464911589,-7.83451192664317,-0.569303092255694,17.1333632989515,27.8556222357075,27.1562686450256,-3.03689298348043,5.33859095708615,18.5181825562392
28.1101207576487,21.2859833192879,22.055800126428,0.860972568749816,31.3536642561787,-3.98140012597283,16.4449005033596,33.9950439856774,12.0706922151783,-3.55956766032843,5.43998450583149,15.3125814080854,-2.84572367041756,2.52877391278211,16.4356978108251,15.8432781379806,35.0539243213333,14.6645767175003,7.06855632082385,27.5189354566933,17.9365995629816,11.467279161276,-1.39624464911589,-7.83451192664317,-0.569303092255694,17.1333632989515,27.8556222357075,27.1562686450256,-3.03689298348043,5.33859095708615,18.5181825562392
28.1101207576487,24.4623401279252,22.055800126428,0.860972568749816,31.3536642561787,-3.98140012597283,16.4449005033596,33.9950439856774,12.0706922151783,-3.55956766032843,5.43998450583149,15.3125814080854,-0.564147993825408,2.52877391278211,16.4356978108251,15.8432781379806,35.0539243213333,14.6645767175003,7.06855632082385,27.5189354566933,17.9365995629816,11.467279161276,-1.39624464911589,-7.83451192664317,4.45205672146851,17.1333632989515,27.8556222357075,27.1562686450256,-3.03689298348043,5.33859095708615,18.5181825562392
28.1101207576487,25.2166489989387,22.055800126428,0.860972568749816,31.3536642561787,-3.98140012597283,16.4449005033596,33.9950439856774,12.0706922151783,2.37856092045681,5.43998450583149,15.3125814080854,7.77651304074465,2.52877391278211,16.4356978108251,15.8432781379806,35.0539243213333,14.6645767175003,7.06855632082385,27.5189354566933,26.9845381934472,11.467279161276,-1.39624464911589,-7.83451192664317,4.45205672146851,17.1333632989515,27.8556222357075,27.1562686450256,-3.03689298348043,5.33859095708615,18.5181825562392
28.1101207576487,30.5267654829936,22.055800126428,0.860972568749816,31.3536642561787,-3.98140012597283,16.4449005033596,33.9950439856774,12.0706922151783,2.37856092045681,5.43998450583149,15.3125814080854,7.77651304074465,2.52877391278211,16.4356978108251,15.8432781379806,35.0539243213333,14.6645767175003,13.884532959685,27.5189354566933,35.2464420586744,11.467279161276,-1.39624464911589,-7.83451192664317,4.45205672146851,17.1333632989515,27.8556222357075,27.1562686450256,-3.03689298348043,5.33859095708615,18.5181825562392
28.8618095701262,30.5267654829936,22.055800126428,0.860972568749816,31.3536642561787,-3.98140012597283,16.4449005033596,33.9950439856774,12.0706922151783,2.37856092045681,5.43998450583149,15.3125814080854,12.1005416494022,2.52877391278211,16.4356978108251,15.8432781379806,35.0539243213333,14.6645767175003,14.5987596513132,27.5189354566933,35.2464420586744,11.467279161276,-1.39624464911589,-7.83451192664317,4.45205672146851,17.1333632989515,27.8556222357075,27.1562686450256,-3.03689298348043,5.33859095708615,25.5058118476898
28.8618095701262,30.5267654829936,22.055800126428,0.860972568749816,31.3536642561787,-3.98140012597283,16.4449005033596,33.9950439856774,12.0706922151783,2.37856092045681,6.07848102809781,15.3125814080854,12.1005416494022,2.52877391278211,18.362393166153,15.8432781379806,35.0539243213333,14.6645767175003,14.5987596513132,27.5189354566933,35.2464420586744,11.467279161276,-1.39624464911589,-7.83451192664317,4.45205672146851,17.1333632989515,27.8556222357075,27.1562686450256,-3.03689298348043,5.33859095708615,25.5058118476898
28.8618095701262,30.5267654829936,22.055800126428,0.860972568749816,31.3536642561787,-3.98140012597283,16.4449005033596,33.9950439856774,12.0706922151783,2.37856092045681,6.07848102809781,15.3125814080854,12.1005416494022,2.52877391278211,18.362393166153,15.8432781379806,35.0539243213333,14.6645767175003,14.5987596513132,27.5189354566933,35.2464420586744,11.467279161276,-1.39624464911589,-7.83451192664317,4.45205672146851,17.1333632989515,27.8556222357075,27.1562686450256,-3.03689298348043,5.33859095708615,25.5058118476898
28.8618095701262,30.5267654829936,22.055800126428,0.860972568749816,31.3536642561787,-1.6242286934541,16.4449005033596,33.9950439856774,12.0706922151783,2.37856092045681,6.07848102809781,15.3125814080854,12.1005416494022,4.84165202927534,18.362393166153,15.8432781379806,35.0539243213333,14.6645767175003,14.5987596513132,27.5189354566933,35.2464420586744,11.467279161276,-1.39624464911589,-7.83451192664317,4.45205672146851,17.1333632989515,27.8556222357075,27.1562686450256,-3.03689298348043,7.23345814412152,25.5058118476898
28.8618095701262,30.5267654829936,22.055800126428,0.860972568749816,31.3536642561787,-1.6242286934541,16.4449005033596,33.9950439856774,12.0706922151783,2.37856092045681,6.07848102809781,15.3125814080854,12.1005416494022,4.84165202927534,18.362393166153,15.8432781379806,35.0539243213333,14.6645767175003,14.5987596513132,27.5189354566933,35.2464420586744,11.8317503528773,-1.39624464911589,-7.83451192664317,4.45205672146851,17.1333632989515,27.8556222357075,27.1562686450256,-3.03689298348043,7.23345814412152,25.5058118476898
28.8618095701262,30.5267654829936,22.055800126428,2.73957603594534,31.3536642561787,-1.6242286934541,16.4449005033596,33.9950439856774,12.0706922151783,2.37856092045681,6.07848102809781,15.3125814080854,12.1005416494022,8.25422813613213,18.362393166153,18.7200330795288,42.3686899441211,14.6645767175003,14.5987596513132,27.5189354566933,35.2464420586744,11.8317503528773,-1.39624464911589,-7.83451192664317,4.45205672146851,17.1333632989515,27.8556222357075,27.1562686450256,-3.03689298348043,7.23345814412152,25.5058118476898
28.8618095701262,30.5267654829936,22.055800126428,2.73957603594534,31.3536642561787,-1.6242286934541,21.5410974622406,33.9950439856774,12.0706922151783,2.37856092045681,6.07848102809781,15.3125814080854,12.1005416494022,8.25422813613213,18.362393166153,18.7200330795288,42.3686899441211,14.6645767175003,14.5987596513132,27.5189354566933,35.2464420586744,11.8317503528773,-1.39624464911589,-7.83451192664317,4.45205672146851,17.1333632989515,27.8556222357075,27.1562686450256,-3.03689298348043,7.23345814412152,25.5058118476898
30.9124769943319,30.5267654829936,22.055800126428,2.73957603594534,31.3536642561787,-1.6242286934541,21.5410974622406,33.9950439856774,12.0706922151783,2.37856092045681,6.07848102809781,15.3125814080854,12.1005416494022,8.25422813613213,18.362393166153,18.7200330795288,42.3686899441211,14.6645767175003,14.5987596513132,27.5189354566933,35.2464420586744,11.8317503528773,-1.39624464911589,-7.83451192664317,4.45205672146851,17.1333632989515,27.8556222357075,27.1562686450256,-3.03689298348043,7.23345814412152,25.5058118476898
30.9124769943319,30.5267654829936,22.055800126428,2.73957603594534,31.3536642561787,-1.6242286934541,21.5410974622406,33.9950439856774,12.0706922151783,2.37856092045681,6.07848102809781,15.3125814080854,12.1005416494022,8.25422813613213,18.362393166153,18.7200330795288,42.3686899441211,14.6645767175003,14.5987596513132,27.5189354566933,35.2464420586744,11.8317503528773,-1.39624464911589,-7.83451192664317,4.45205672146851,17.1333632989515,27.8556222357075,27.1562686450256,-3.03689298348043,14.9569614217455,25.5058118476898
30.9124769943319,30.5267654829936,22.055800126428,2.73957603594534,31.3536642561787,-1.6242286934541,21.5410974622406,33.9950439856774,12.0706922151783,2.37856092045681,10.4134242847598,15.3125814080854,12.1005416494022,8.25422813613213,18.362393166153,18.7200330795288,42.3686899441211,14.6645767175003,14.5987596513132,27.5189354566933,35.2464420586744,11.8317503528773,-1.39624464911589,3.34762736819418,4.45205672146851,17.1333632989515,27.8556222357075,27.1562686450256,-3.03689298348043,14.9569614217455,25.5058118476898
32.1165364081665,30.5267654829936,22.055800126428,2.73957603594534,31.3536642561787,-1.6242286934541,21.5410974622406,33.9950439856774,12.0706922151783,2.37856092045681,10.4134242847598,15.3125814080854,12.1005416494022,8.25422813613213,18.362393166153,18.7200330795288,42.3686899441211,14.6645767175003,14.5987596513132,27.5189354566933,35.2464420586744,11.8317503528773,-1.39624464911589,3.34762736819418,4.45205672146851,17.1333632989515,33.6927689274405,27.1562686450256,-3.03689298348043,14.9569614217455,25.5058118476898
32.1165364081665,31.1802171977402,22.055800126428,2.73957603594534,31.3536642561787,-1.6242286934541,21.5410974622406,33.9950439856774,12.0706922151783,2.37856092045681,12.7025931875566,15.3125814080854,12.1005416494022,8.25422813613213,18.362393166153,18.7200330795288,42.3686899441211,14.6645767175003,14.5987596513132,27.5189354566933,35.2464420586744,11.8317503528773,-1.39624464911589,3.34762736819418,4.45205672146851,17.1333632989515,33.6927689274405,27.1562686450256,-3.03689298348043,14.9569614217455,25.5058118476898
32.1165364081665,31.1802171977402,22.055800126428,2.73957603594534,31.3536642561787,12.3903776901885,21.5410974622406,33.9950439856774,12.0706922151783,2.37856092045681,12.7025931875566,15.3125814080854,12.1005416494022,8.25422813613213,18.362393166153,18.7200330795288,42.3686899441211,14.6645767175003,15.6033043616879,27.5189354566933,35.2464420586744,11.8317503528773,-1.39624464911589,3.34762736819418,4.45205672146851,17.1333632989515,33.6927689274405,27.1562686450256,-3.03689298348043,14.9569614217455,25.5058118476898
32.1165364081665,31.1802171977402,22.055800126428,2.73957603594534,31.3536642561787,12.3903776901885,21.5410974622406,33.9950439856774,16.977059062493,2.37856092045681,12.7025931875566,15.3125814080854,15.1786587741913,14.2987508984696,18.362393166153,18.7200330795288,42.3686899441211,14.6645767175003,15.6033043616879,30.3160005851526,37.4143024091964,11.8317503528773,-1.39624464911589,3.34762736819418,4.45205672146851,17.1333632989515,33.6927689274405,27.1562686450256,-3.03689298348043,14.9569614217455,29.4627730749
32.1165364081665,31.1802171977402,22.055800126428,2.73957603594534,31.3536642561787,12.3903776901885,21.5410974622406,33.9950439856774,16.977059062493,2.37856092045681,12.7025931875566,15.8126445954304,15.1786587741913,14.2987508984696,18.362393166153,18.7200330795288,42.3686899441211,14.6645767175003,15.6033043616879,30.3160005851526,38.8650568978119,11.8317503528773,-1.39624464911589,3.34762736819418,4.45205672146851,17.1333632989515,33.6927689274405,27.1562686450256,-3.03689298348043,14.9569614217455,29.4627730749
32.1165364081665,31.1802171977402,22.055800126428,4.1611561381533,31.3536642561787,12.3903776901885,21.5410974622406,33.9950439856774,16.977059062493,5.14205942581794,16.1756959811615,15.8126445954304,15.1786587741913,14.2987508984696,18.362393166153,18.7200330795288,42.3686899441211,14.6645767175003,15.6033043616879,30.3160005851526,38.8650568978119,11.8317503528773,-1.39624464911589,3.34762736819418,4.45205672146851,17.1333632989515,33.6927689274405,27.1562686450256,-3.03689298348043,14.9569614217455,29.4627730749
33.3288882106769,33.0841735346968,22.055800126428,4.1611561381533,31.3536642561787,12.3903776901885,21.5410974622406,33.9950439856774,16.977059062493,5.14205942581794,16.1756959811615,15.8126445954304,15.1786587741913,14.2987508984696,18.362393166153,19.0006817804238,46.5826216219143,14.6645767175003,15.6033043616879,30.3160005851526,38.8650568978119,11.8317503528773,-1.39624464911589,3.34762736819418,4.45205672146851,17.1333632989515,33.6927689274405,27.1562686450256,2.44110226252781,14.9569614217455,29.4627730749
33.3288882106769,34.6332151436094,22.055800126428,4.1611561381533,31.3536642561787,12.3903776901885,21.5410974622406,33.9950439856774,16.977059062493,5.14205942581794,19.1188814034223,15.8126445954304,15.1786587741913,14.2987508984696,18.362393166153,25.1328843930004,46.5826216219143,14.6645767175003,15.6033043616879,34.403206218181,38.8650568978119,13.9202610550803,-1.39624464911589,3.34762736819418,4.45205672146851,17.1333632989515,33.6927689274405,27.1562686450256,2.44110226252781,14.9569614217455,29.4627730749
33.3288882106769,34.6332151436094,22.055800126428,4.1611561381533,31.3536642561787,12.3903776901885,31.4438074416301,33.9950439856774,16.977059062493,5.14205942581794,26.0230935983994,15.8126445954304,15.1786587741913,14.2987508984696,18.362393166153,25.1328843930004,46.5826216219143,14.6645767175003,15.6033043616879,34.403206218181,38.8650568978119,13.9202610550803,-1.39624464911589,3.34762736819418,4.45205672146851,17.1333632989515,33.6927689274405,27.1562686450256,2.44110226252781,16.4894799733229,29.4627730749
33.3288882106769,34.6332151436094,22.055800126428,22.1912583315645,31.3536642561787,12.3903776901885,31.4438074416301,33.9950439856774,16.977059062493,5.14205942581794,26.0230935983994,15.8126445954304,21.0526789807797,14.2987508984696,18.362393166153,25.1328843930004,46.5826216219143,14.6645767175003,15.6033043616879,34.403206218181,38.8650568978119,13.9202610550803,2.4385772274331,13.2639001727882,4.45205672146851,17.1333632989515,33.6927689274405,27.1562686450256,2.44110226252781,16.4894799733229,29.4627730749
37.8529661596593,34.6332151436094,22.055800126428,22.1912583315645,31.3536642561787,12.3903776901885,31.4438074416301,33.9950439856774,16.977059062493,5.72179452588433,31.4284126064689,15.8126445954304,21.0526789807797,14.2987508984696,18.362393166153,25.1328843930004,46.5826216219143,14.6645767175003,15.6033043616879,34.403206218181,40.0363588272934,13.9202610550803,2.4385772274331,13.2639001727882,4.45205672146851,17.1333632989515,33.6927689274405,27.1562686450256,2.44110226252781,16.4894799733229,29.4627730749
37.8529661596593,35.7033420417944,27.8733376954246,22.1912583315645,31.3536642561787,20.4931522143324,31.4438074416301,33.9950439856774,16.977059062493,5.72179452588433,31.4284126064689,15.8126445954304,21.0526789807797,14.2987508984696,18.362393166153,25.1328843930004,46.5826216219143,14.6645767175003,15.6033043616879,34.403206218181,40.0363588272934,13.9202610550803,2.4385772274331,13.2639001727882,4.45205672146851,17.1333632989515,33.6927689274405,27.1562686450256,2.44110226252781,16.4894799733229,29.4627730749
37.8529661596593,35.7033420417944,27.8733376954246,22.1912583315645,31.3536642561787,20.4931522143324,31.4438074416301,33.9950439856774,23.2477235950052,5.72179452588433,38.0538945940784,15.8126445954304,21.0526789807797,14.2987508984696,18.362393166153,25.1328843930004,46.5826216219143,14.6645767175003,15.6033043616879,34.403206218181,40.0363588272934,13.9202610550803,2.4385772274331,13.2639001727882,4.45205672146851,17.1333632989515,33.6927689274405,33.3704762325683,2.44110226252781,21.0620928389923,29.4627730749
37.8529661596593,35.7033420417944,27.8733376954246,22.1912583315645,31.3536642561787,20.4931522143324,31.4438074416301,33.9950439856774,23.2477235950052,6.72335498024718,39.7928620191092,15.8126445954304,21.0526789807797,14.2987508984696,18.362393166153,25.1328843930004,46.5826216219143,14.6645767175003,15.6033043616879,34.403206218181,40.0363588272934,13.9202610550803,2.4385772274331,13.2639001727882,4.45205672146851,18.1513882989358,33.6927689274405,33.3704762325683,2.44110226252781,21.0620928389923,29.4627730749
37.8529661596593,36.8589085625143,27.8733376954246,22.1912583315645,31.3536642561787,20.4931522143324,31.4438074416301,33.9950439856774,23.2477235950052,6.72335498024718,44.4647138033889,15.8126445954304,21.0526789807797,14.2987508984696,18.362393166153,25.1328843930004,46.5826216219143,14.6645767175003,15.6033043616879,34.403206218181,40.0363588272934,13.9202610550803,2.4385772274331,13.2639001727882,7.43639998153784,18.1513882989358,33.6927689274405,33.3704762325683,2.44110226252781,21.0620928389923,29.4627730749
37.8529661596593,38.4348937411499,27.8733376954246,22.1912583315645,31.3536642561787,20.4931522143324,31.4438074416301,33.9950439856774,23.2477235950052,6.72335498024718,44.4647138033889,15.8126445954304,21.0526789807797,14.2987508984696,18.539938871496,25.1328843930004,46.5826216219143,14.6645767175003,15.6033043616879,34.403206218181,40.0363588272934,13.9202610550803,2.4385772274331,13.2639001727882,7.43639998153784,18.1513882989358,33.6927689274405,33.3704762325683,2.44110226252781,21.0620928389923,30.3296518515762
45.2630340751177,38.4348937411499,27.8733376954246,22.1912583315645,31.3536642561787,20.4931522143324,31.4438074416301,33.9950439856774,23.2477235950052,6.72335498024718,44.4647138033889,15.8126445954304,21.0526789807797,14.2987508984696,18.539938871496,25.1328843930004,53.6893349550864,14.6645767175003,15.6033043616879,34.403206218181,40.0363588272934,13.9202610550803,2.4385772274331,13.2639001727882,7.43639998153784,18.1513882989358,33.6927689274405,33.3704762325683,2.44110226252781,21.0620928389923,30.3296518515762
45.2630340751177,38.4348937411499,27.8733376954246,22.1912583315645,31.3536642561787,20.4931522143324,31.4438074416301,33.9950439856774,23.2477235950052,6.72335498024718,44.4647138033889,15.8126445954304,21.0526789807797,14.2987508984696,18.539938871496,25.1328843930004,53.6893349550864,14.6645767175003,15.6033043616879,34.403206218181,43.322587769049,13.9202610550803,2.4385772274331,13.2639001727882,7.43639998153784,18.1513882989358,33.6927689274405,33.3704762325683,2.44110226252781,25.9732348532309,30.3296518515762
45.2630340751177,38.4348937411499,27.8733376954246,22.1912583315645,31.3536642561787,20.4931522143324,31.4438074416301,41.2327474657939,23.2477235950052,6.72335498024718,44.9682479768522,15.8126445954304,21.0526789807797,14.2987508984696,18.539938871496,25.1328843930004,53.6893349550864,14.6645767175003,15.6033043616879,34.403206218181,43.322587769049,13.9202610550803,2.4385772274331,13.2639001727882,7.43639998153784,18.1513882989358,33.6927689274405,33.3704762325683,2.44110226252781,25.9732348532309,35.414938909798
45.2630340751177,38.9681367297421,35.976561820828,22.1912583315645,31.3536642561787,20.4931522143324,31.4438074416301,41.2327474657939,23.2477235950052,6.72335498024718,49.7181525278893,15.8126445954304,21.0526789807797,14.2987508984696,18.539938871496,25.1328843930004,53.6893349550864,22.0468189579738,15.6033043616879,34.403206218181,43.322587769049,13.9202610550803,2.4385772274331,13.2639001727882,7.43639998153784,18.1513882989358,33.6927689274405,33.3704762325683,2.44110226252781,27.2345985771025,35.414938909798
45.2630340751177,40.6536354816111,35.976561820828,22.1912583315645,31.3536642561787,20.4931522143324,31.4438074416301,41.2327474657939,25.389340553739,6.72335498024718,49.8130198885196,15.8126445954304,21.0526789807797,14.2987508984696,26.0345782574514,25.1328843930004,53.6893349550864,22.0468189579738,15.6033043616879,36.6642396925581,43.322587769049,13.9202610550803,2.4385772274331,13.2639001727882,7.43639998153784,18.1513882989358,33.6927689274405,34.1792375009297,2.44110226252781,30.0362178528041,35.414938909798
45.2630340751177,40.6536354816111,35.976561820828,22.1912583315645,31.3536642561787,20.4931522143324,31.4438074416301,41.2327474657939,25.389340553739,6.72335498024718,49.8130198885196,15.8126445954304,21.0526789807797,14.2987508984696,26.0345782574514,34.7669143626857,53.6893349550864,22.0468189579738,15.6033043616879,36.6642396925581,43.322587769049,13.9202610550803,2.4385772274331,13.2639001727882,7.43639998153784,18.1513882989358,33.6927689274405,34.1792375009297,2.44110226252781,30.0362178528041,35.414938909798
51.0508026777756,40.6536354816111,35.976561820828,22.1912583315645,31.3536642561787,20.4931522143324,31.4438074416301,41.2327474657939,25.389340553739,6.72335498024718,49.8130198885196,15.8126445954304,21.0526789807797,14.2987508984696,26.0345782574514,34.7669143626857,53.6893349550864,22.0468189579738,15.6033043616879,38.4182695057495,43.322587769049,13.9202610550803,2.4385772274331,13.2639001727882,7.43639998153784,18.1513882989358,33.6927689274405,34.1792375009297,2.44110226252781,30.0362178528041,35.414938909798
51.0508026777756,42.3743455527977,35.976561820828,22.1912583315645,31.3536642561787,20.4931522143324,31.4438074416301,41.2327474657939,25.389340553739,8.27635186574546,51.065300314013,15.8126445954304,21.0526789807797,14.2987508984696,26.0345782574514,34.7669143626857,53.6893349550864,22.0468189579738,15.6033043616879,38.4182695057495,43.322587769049,13.9202610550803,7.56455515372224,13.2639001727882,7.43639998153784,18.1513882989358,33.6927689274405,34.1792375009297,8.1282993981979,30.0362178528041,35.414938909798
51.0508026777756,42.3743455527977,35.976561820828,22.1912583315645,31.3536642561787,20.4931522143324,31.4438074416301,41.2327474657939,25.389340553739,8.27635186574546,51.065300314013,15.8126445954304,21.0526789807797,14.2987508984696,26.0345782574514,34.7669143626857,53.6893349550864,22.0468189579738,15.6033043616879,38.4182695057495,43.322587769049,13.9202610550803,7.56455515372224,13.2639001727882,7.43639998153784,18.1513882989358,33.6927689274405,34.1792375009297,8.1282993981979,30.0362178528041,35.414938909798
51.0508026777756,42.3743455527977,36.846588511445,22.1912583315645,31.3536642561787,20.4931522143324,31.4438074416301,41.2327474657939,25.389340553739,8.27635186574546,52.980829508621,15.8126445954304,21.9535428825046,14.2987508984696,26.0345782574514,34.7669143626857,53.7458069805247,22.0468189579738,15.6033043616879,38.4182695057495,43.322587769049,13.9202610550803,7.56455515372224,21.8744659138606,7.43639998153784,19.4656838950121,35.9942538517875,34.1792375009297,8.1282993981979,30.0362178528041,35.6898859375828
51.0508026777756,42.3743455527977,36.846588511445,22.1912583315645,40.7624915016395,20.4931522143324,31.4438074416301,41.2327474657939,25.389340553739,8.27635186574546,52.980829508621,15.8126445954304,21.9535428825046,14.2987508984696,26.0345782574514,34.7669143626857,54.6876211572658,22.0468189579738,15.6033043616879,38.4182695057495,44.2507233072575,13.9202610550803,7.56455515372224,21.8744659138606,7.43639998153784,19.4656838950121,35.9942538517875,34.1792375009297,8.1282993981979,30.0362178528041,35.6898859375828
51.0508026777756,42.8872393742587,36.846588511445,22.1912583315645,40.7624915016395,20.4931522143324,31.4438074416301,41.2327474657939,25.389340553739,8.27635186574546,52.980829508621,15.8126445954304,21.9535428825046,14.2987508984696,26.0345782574514,36.2226429947685,54.6876211572658,22.0468189579738,15.6033043616879,38.4182695057495,44.2507233072575,13.9202610550803,7.56455515372224,21.8744659138606,7.43639998153784,19.4656838950121,35.9942538517875,34.1792375009297,8.1282993981979,30.515403334903,35.6898859375828
51.0508026777756,43.5180946500234,36.846588511445,22.1912583315645,40.7624915016395,22.634309240832,31.4438074416301,41.2327474657939,28.3054911984873,8.27635186574546,52.980829508621,20.2686113622329,21.9535428825046,14.2987508984696,26.0345782574514,36.2226429947685,54.6876211572658,22.0468189579738,15.6033043616879,38.4182695057495,44.2507233072575,13.9202610550803,7.56455515372224,21.8744659138606,7.43639998153784,19.4656838950121,35.9942538517875,34.1792375009297,8.1282993981979,30.515403334903,37.0819696230881
51.0508026777756,43.5180946500234,36.846588511445,22.1912583315645,40.7624915016395,22.634309240832,31.4438074416301,41.2327474657939,28.3054911984873,8.27635186574546,53.582247973667,20.2686113622329,21.9535428825046,14.2987508984696,26.0345782574514,36.2226429947685,60.9753418771295,22.0468189579738,15.6033043616879,38.4182695057495,44.2507233072575,13.9202610550803,7.56455515372224,26.3628991205476,7.43639998153784,19.8429193181798,36.244934442004,34.1792375009297,8.1282993981979,31.9197463026372,37.0819696230881
51.0508026777756,43.5180946500234,36.846588511445,22.4285701754755,40.7624915016395,22.634309240832,31.4438074416301,41.2327474657939,28.3054911984873,8.27635186574546,53.582247973667,20.2686113622329,21.9535428825046,14.2987508984696,26.0345782574514,36.2226429947685,60.9753418771295,22.0468189579738,15.6033043616879,39.3691615254841,44.6790339012196,15.7232355576162,7.56455515372224,26.3628991205476,7.43639998153784,19.8429193181798,36.244934442004,34.1792375009297,8.1282993981979,33.8865661564167,37.0819696230881
51.0508026777756,43.6278609659162,36.846588511445,22.4285701754755,40.7624915016395,22.634309240832,31.4438074416301,41.7203132919771,28.3054911984873,8.27635186574546,54.9380972528888,20.2686113622329,21.9535428825046,14.2987508984696,26.0345782574514,36.2226429947685,60.9753418771295,24.5775472864455,15.6033043616879,39.3691615254841,44.6790339012196,17.0365561995418,7.56455515372224,26.3628991205476,7.43639998153784,19.8429193181798,36.244934442004,34.1792375009297,8.1282993981979,37.1288784306682,37.0819696230881
51.0508026777756,43.6278609659162,36.846588511445,22.4285701754755,40.7624915016395,22.634309240832,31.4438074416301,41.7203132919771,28.3054911984873,8.27635186574546,55.7676590157334,20.2686113622329,21.9535428825046,14.2987508984696,30.517563356151,36.2226429947685,60.9753418771295,24.5775472864455,15.6033043616879,39.3691615254841,44.6790339012196,17.0365561995418,7.56455515372224,26.3628991205476,7.43639998153784,19.8429193181798,36.244934442004,34.1792375009297,8.1282993981979,37.1288784306682,38.1846277306975
51.0508026777756,43.9485957742074,36.846588511445,22.4285701754755,40.7624915016395,22.634309240832,31.4438074416301,41.7203132919771,28.3054911984873,8.27635186574546,56.0499912809022,21.9735571675789,21.9535428825046,14.2987508984696,30.517563356151,36.2226429947685,61.1972946338665,24.5775472864455,15.6033043616879,39.3691615254841,44.6790339012196,17.0365561995418,9.65087329587771,29.8709327884268,7.43639998153784,20.2920891831698,36.5085560007507,34.1792375009297,8.1282993981979,37.1288784306682,38.1846277306975
51.0508026777756,43.9485957742074,36.846588511445,22.4285701754755,40.7624915016395,23.1503897341587,31.4438074416301,41.7203132919771,28.3054911984873,8.27635186574546,56.0499912809022,21.9735571675789,21.9535428825046,14.2987508984696,30.517563356151,36.2226429947685,61.1972946338665,24.5775472864455,15.6033043616879,39.3691615254841,44.8655790981795,17.0365561995418,9.65087329587771,29.8709327884268,7.43639998153784,20.2920891831698,36.5085560007507,34.1792375009297,8.1282993981979,37.1288784306682,38.1846277306975
51.0508026777756,44.711243629543,36.846588511445,22.4285701754755,40.7624915016395,23.1503897341587,31.4438074416301,41.7203132919771,28.3054911984873,8.27635186574546,56.0499912809022,21.9735571675789,21.9535428825046,14.2987508984696,30.517563356151,36.2226429947685,61.5472042703974,24.5775472864455,15.6033043616879,41.0978915235299,44.8655790981795,17.0365561995418,9.65087329587771,31.6720298726707,7.43639998153784,20.2920891831698,41.2885222191999,34.1792375009297,8.1282993981979,37.1288784306682,38.1846277306975
51.0508026777756,44.711243629543,36.846588511445,22.4285701754755,40.7624915016395,23.1503897341587,31.4438074416301,41.7203132919771,28.3054911984873,8.27635186574546,56.0499912809022,21.9735571675789,21.9535428825046,14.2987508984696,30.517563356151,36.2226429947685,61.5472042703974,24.5775472864455,15.6033043616879,42.9889508312183,44.8655790981795,17.0365561995418,9.65087329587771,31.6720298726707,7.43639998153784,20.2920891831698,41.2885222191999,34.1792375009297,8.1282993981979,37.1288784306682,38.5410515712115
51.0508026777756,44.711243629543,37.3673420481416,22.4285701754755,40.7624915016395,23.1503897341587,31.4438074416301,41.7203132919771,28.3054911984873,8.27635186574546,56.0499912809022,21.9735571675789,24.0121766398806,14.2987508984696,30.517563356151,36.2226429947685,61.5472042703974,24.5775472864455,15.6033043616879,42.9889508312183,44.8655790981795,17.0365561995418,9.65087329587771,33.3759582359154,8.80005777011536,22.9080866661414,41.2885222191999,41.8592407323315,8.1282993981979,37.1288784306682,38.5410515712115
51.0508026777756,44.8231806970839,37.3673420481416,22.4285701754755,40.7624915016395,23.1503897341587,31.4438074416301,41.7203132919771,28.3054911984873,8.27635186574546,56.0565884877868,24.2008021658236,24.0121766398806,14.2987508984696,30.517563356151,36.2226429947685,61.7277361185138,30.3299653519095,15.6033043616879,42.9889508312183,47.499161260347,17.0365561995418,14.5819213808924,33.3759582359154,8.80005777011536,22.9080866661414,41.2885222191999,41.8592407323315,8.1282993981979,37.1288784306682,38.5410515712115
51.0508026777756,45.136536593314,37.3673420481416,22.4285701754755,40.7624915016395,23.1503897341587,31.4438074416301,41.7203132919771,28.3054911984873,9.89752858537458,56.1760431543105,24.2008021658236,24.0121766398806,14.2987508984696,30.517563356151,36.2226429947685,61.7277361185138,30.3299653519095,15.6033043616879,47.077645456814,47.499161260347,17.0365561995418,14.5819213808924,33.3759582359154,8.80005777011536,22.9080866661414,41.5126579961377,41.8592407323315,8.1282993981979,37.1288784306682,38.5410515712115
51.0508026777756,45.136536593314,37.3673420481416,22.4285701754755,40.7624915016395,23.1503897341587,31.4438074416301,41.7203132919771,28.3054911984873,11.0056050203964,56.5955539722458,24.2008021658236,24.0121766398806,14.2987508984696,30.517563356151,36.2226429947685,62.9940523415294,30.3299653519095,15.6033043616879,47.077645456814,47.5214524777619,17.0365561995418,14.5819213808924,33.3759582359154,8.80005777011536,22.9080866661414,41.5126579961377,41.8592407323315,8.1282993981979,37.1288784306682,38.5410515712115
51.0508026777756,45.439639133226,37.684903089546,22.4285701754755,40.7624915016395,23.1503897341587,31.4438074416301,41.7203132919771,28.3054911984873,12.3633486347752,56.5955539722458,24.2008021658236,24.0121766398806,14.2987508984696,30.517563356151,36.2226429947685,62.9940523415294,30.3299653519095,15.6033043616879,47.077645456814,47.5214524777619,17.0365561995418,14.5819213808924,33.3759582359154,8.80005777011536,22.9080866661414,41.5126579961377,41.8592407323315,8.1282993981979,37.1288784306682,38.5410515712115
51.0508026777756,45.439639133226,37.684903089546,22.4285701754755,40.7624915016395,23.1503897341587,31.4438074416301,41.7203132919771,28.3054911984873,12.3633486347752,57.3259398273944,32.8009966431057,29.0691222959836,14.2987508984696,30.517563356151,36.2226429947685,63.1374233220187,30.3299653519095,15.6033043616879,47.077645456814,47.5214524777619,17.0365561995418,14.5819213808924,33.3759582359154,8.80005777011536,22.9080866661414,41.5126579961377,41.8592407323315,8.1282993981979,37.1288784306682,38.5410515712115
51.0508026777756,46.583344127479,37.7979341791389,22.4285701754755,40.7624915016395,23.1503897341587,31.4438074416301,41.7203132919771,28.3054911984873,12.3633486347752,57.3259398273944,32.8009966431057,29.0691222959836,14.2987508984696,30.517563356151,36.2226429947685,63.1374233220187,30.3299653519095,15.6033043616879,47.077645456814,47.5214524777619,17.0365561995418,14.5819213808924,33.3759582359154,8.80005777011536,22.9080866661414,41.5126579961377,41.8592407323315,8.1282993981979,37.1288784306682,38.5410515712115
51.0508026777756,46.583344127479,41.0419909371143,22.4285701754755,40.7624915016395,23.1503897341587,31.4438074416301,41.7203132919771,28.3054911984873,12.3633486347752,57.3259398273944,32.8009966431057,29.0691222959836,14.2987508984696,30.517563356151,36.2226429947685,63.1868937542404,30.3299653519095,15.6033043616879,47.077645456814,48.7895132302191,17.0365561995418,14.5819213808924,33.3759582359154,8.80005777011536,22.9080866661414,43.3003153189032,41.8592407323315,17.2577778032547,37.3055320982158,38.5410515712115
51.0508026777756,46.583344127479,41.0419909371143,22.4285701754755,40.7624915016395,23.4535146093121,31.4438074416301,41.7203132919771,28.3054911984873,13.3552737457814,57.3259398273944,32.8009966431057,29.0691222959836,14.2987508984696,30.517563356151,40.1279750108389,63.1868937542404,30.3299653519095,19.7142421240181,47.077645456814,48.7895132302191,17.0365561995418,14.5819213808924,33.3759582359154,10.1462551079393,25.97489093578,43.3003153189032,41.8592407323315,17.2577778032547,37.3055320982158,38.5410515712115
51.0508026777756,46.583344127479,42.0540143558381,22.4285701754755,40.7624915016395,23.4535146093121,31.4438074416301,41.7203132919771,28.3054911984873,13.4962696443123,57.3259398273944,33.5787112327053,29.0691222959836,14.2987508984696,30.517563356151,40.1279750108389,63.1868937542404,30.3299653519095,19.7142421240181,47.077645456814,48.7895132302191,18.542764253117,14.5819213808924,33.3759582359154,10.1462551079393,25.97489093578,43.6643152681686,41.8592407323315,17.2577778032547,37.3055320982158,38.9993054250151
51.0508026777756,46.583344127479,42.0540143558381,22.4285701754755,40.7624915016395,23.4535146093121,31.4438074416301,41.7203132919771,30.7686567657364,13.4962696443123,57.3927065668211,33.5787112327053,29.0691222959836,14.2987508984696,30.517563356151,40.1279750108389,64.0113315457477,30.3299653519095,19.7142421240181,47.077645456814,48.7895132302191,18.542764253117,14.5819213808924,33.3759582359154,10.1462551079393,25.97489093578,43.6643152681686,41.8592407323315,17.2577778032547,37.3055320982158,42.1179109647022
51.0508026777756,46.583344127479,42.0540143558381,22.4285701754755,40.7624915016395,23.4535146093121,31.4438074416301,41.7203132919771,30.7686567657364,13.4962696443123,57.3927065668211,33.5787112327053,29.0691222959836,17.426106791652,30.517563356151,40.1279750108389,64.0113315457477,30.3299653519095,19.7142421240181,50.0320154590354,49.8838850236391,18.542764253117,14.5819213808924,38.4376960709408,10.1462551079393,25.97489093578,43.6643152681686,41.8592407323315,17.2577778032547,37.3055320982158,42.1179109647022
51.0508026777756,46.583344127479,42.0540143558381,22.4285701754755,40.7624915016395,23.4535146093121,31.4438074416301,41.7203132919771,30.7686567657364,13.4962696443123,57.3927065668211,33.5787112327053,29.0691222959836,17.426106791652,31.5204581468581,40.1279750108389,64.0640291485547,30.3299653519095,19.7142421240181,50.0320154590354,49.8838850236391,18.542764253117,14.5819213808924,38.4376960709408,10.1462551079393,25.97489093578,43.6643152681686,41.8592407323315,17.2577778032547,37.3055320982158,42.1179109647022
51.0508026777756,46.583344127479,42.0540143558381,23.7023410945725,40.7624915016395,23.4535146093121,31.4438074416301,41.7203132919771,30.7686567657364,13.4962696443123,57.3927065668211,33.5787112327053,32.2913893771147,17.426106791652,31.5204581468581,41.5879288651106,64.0640291485547,30.3299653519095,19.7142421240181,50.0320154590354,49.8838850236391,18.542764253117,14.5819213808924,38.4376960709408,10.1462551079393,25.97489093578,43.6643152681686,41.8592407323315,17.2577778032547,37.3055320982158,42.1179109647022
51.0508026777756,46.583344127479,42.0540143558381,23.7023410945725,40.7624915016395,23.4535146093121,31.4438074416301,41.7203132919771,30.7686567657364,13.4962696443123,57.3927065668211,33.5787112327053,32.2913893771147,17.426106791652,31.5204581468581,41.5879288651106,64.2438319953194,30.3299653519095,19.7142421240181,50.0320154590354,49.8838850236391,18.542764253117,14.5819213808924,38.4376960709408,11.5204716489171,25.97489093578,43.6643152681686,41.8592407323315,17.2577778032547,37.4648546467894,42.1179109647022
51.0508026777756,46.583344127479,42.0540143558381,24.7250819096997,40.7624915016395,23.4535146093121,31.4438074416301,41.7203132919771,30.7686567657364,14.465493757655,57.3927065668211,33.5787112327053,32.2913893771147,17.426106791652,32.775181616284,41.5879288651106,64.8742253365252,30.3299653519095,19.7142421240181,50.0320154590354,50.1432105300897,18.7130569297121,14.5819213808924,38.6244658475452,11.5204716489171,25.97489093578,46.7331091079297,41.8592407323315,17.2577778032547,38.2888237047078,42.1179109647022
51.0508026777756,46.583344127479,42.0540143558381,24.7250819096997,45.1009720696805,23.4535146093121,31.4438074416301,41.7203132919771,31.1456797037338,15.6041390981741,57.3927065668211,33.5787112327053,32.2913893771147,17.426106791652,32.775181616284,41.5879288651106,64.8742253365252,30.3299653519095,19.7142421240181,50.0320154590354,50.1432105300897,18.7130569297121,14.5819213808924,44.99382485207,11.5204716489171,25.97489093578,47.9000651894158,41.8592407323315,17.2577778032547,38.2888237047078,42.4122547170158
51.0508026777756,46.583344127479,42.0540143558381,24.7250819096997,45.1009720696805,23.4535146093121,31.4438074416301,42.0502170203658,31.1456797037338,15.6041390981741,57.3927065668211,33.5787112327053,32.2913893771147,17.426106791652,32.775181616284,41.5879288651106,65.8437728197492,30.3299653519095,19.7142421240181,50.0320154590354,50.8617333892724,18.7130569297121,14.5819213808924,44.99382485207,11.5204716489171,28.7444514661269,47.9000651894158,41.8592407323315,17.2577778032547,38.2888237047078,42.4122547170158
51.0508026777756,46.583344127479,42.0540143558381,24.7250819096997,45.1009720696805,23.4535146093121,32.1146957872017,42.0502170203658,31.1456797037338,15.6041390981741,57.3927065668211,34.505455680929,32.2913893771147,17.426106791652,33.7974323552271,43.8680923795075,65.8437728197492,30.3299653519095,19.7142421240181,50.0320154590354,50.8617333892724,18.7130569297121,14.5819213808924,44.99382485207,11.5204716489171,28.7444514661269,47.9000651894158,41.8592407323315,17.2577778032547,38.2888237047078,42.4122547170158
56.5250111520812,46.583344127479,42.0540143558381,24.7250819096997,45.1009720696805,25.0160869413099,32.1146957872017,44.2923978636988,31.1456797037338,15.6431020139193,57.3927065668211,34.505455680929,33.0506743517423,17.426106791652,37.4789296500932,43.8680923795075,65.8437728197492,30.3299653519095,19.7142421240181,50.0320154590354,51.7711864892219,18.7130569297121,14.5819213808924,44.99382485207,11.5204716489171,28.7444514661269,47.9000651894158,42.3147788781537,17.2577778032547,38.2888237047078,42.4122547170158
56.5250111520812,46.583344127479,42.068978442138,24.7250819096997,45.1009720696805,25.0160869413099,32.1146957872017,44.2923978636988,31.1456797037338,15.6431020139193,57.3927065668211,34.505455680929,33.0506743517423,17.426106791652,37.4789296500932,43.8680923795075,65.8437728197492,30.3299653519095,19.7142421240181,50.0320154590354,51.8852739432214,18.7130569297121,14.5819213808924,44.99382485207,13.2930160613109,28.7444514661269,47.9000651894158,42.3147788781537,17.2577778032547,40.040070727231,42.4122547170158
56.5250111520812,46.583344127479,42.068978442138,24.7250819096997,45.1009720696805,25.0160869413099,32.1146957872017,44.2923978636988,31.1456797037338,15.6431020139193,57.3927065668211,34.505455680929,33.0506743517423,17.426106791652,37.4789296500932,43.8680923795075,65.8437728197492,30.3299653519095,19.7142421240181,50.0320154590354,51.8852739432214,18.7130569297121,14.5819213808924,44.99382485207,13.2930160613109,28.7444514661269,47.9000651894158,42.3147788781537,17.2577778032547,40.040070727231,42.4122547170158
56.5250111520812,46.583344127479,46.7546153975355,24.7250819096997,45.1009720696805,25.0160869413099,32.1146957872017,44.2923978636988,31.1456797037338,15.6431020139193,57.3927065668211,35.1421718895284,34.5251469631985,17.426106791652,38.2225909046457,43.8680923795075,65.8543146588035,30.3299653519095,19.7142421240181,50.0320154590354,52.6103180466429,18.7130569297121,14.5819213808924,44.99382485207,13.2930160613109,28.7444514661269,47.9000651894158,42.3147788781537,17.2577778032547,40.040070727231,42.4122547170158
56.5250111520812,46.583344127479,46.7546153975355,30.2201056926934,45.1009720696805,26.7724487117489,32.1146957872017,46.077439844596,31.1456797037338,16.8345539380943,57.3927065668211,35.1421718895284,34.5251469631985,17.426106791652,38.2225909046457,43.8680923795075,65.8543146588035,30.3299653519095,19.7142421240181,50.0320154590354,52.6103180466429,18.7130569297121,14.5819213808924,45.8205532626996,13.2930160613109,28.7444514661269,49.5087882070457,42.3147788781537,17.2577778032547,40.040070727231,42.4122547170158
56.5250111520812,46.583344127479,46.7546153975355,30.2201056926934,45.1009720696805,26.7724487117489,32.1146957872017,46.077439844596,31.1456797037338,16.8345539380943,57.3927065668211,35.1421718895284,34.5251469631985,17.426106791652,38.2225909046457,43.8680923795075,65.8543146588035,30.3299653519095,19.7142421240181,50.0320154590354,52.6103180466429,18.7130569297121,16.3996894288571,45.8205532626996,13.2930160613109,28.7444514661269,49.5087882070457,42.3147788781537,17.2577778032547,40.040070727231,43.2644263326895
56.5250111520812,46.583344127479,46.7546153975355,30.2201056926934,45.1009720696805,26.7724487117489,32.1146957872017,46.077439844596,31.1456797037338,18.0305165002192,57.3927065668211,35.1421718895284,34.5251469631985,17.944410723563,38.2225909046457,43.8680923795075,65.8543146588035,30.3299653519095,19.7142421240181,50.0320154590354,52.6103180466429,18.7130569297121,16.3996894288571,46.1105156431297,13.2930160613109,28.7444514661269,50.1852866762443,42.3147788781537,17.2577778032547,45.7708699430202,43.2644263326895
56.5250111520812,46.583344127479,46.7546153975355,30.2201056926934,45.1009720696805,26.7724487117489,32.1146957872017,46.077439844596,31.1456797037338,18.0305165002192,57.3927065668211,35.1421718895284,36.2896608913645,18.7577063644775,38.2225909046457,43.8680923795075,65.8543146588035,30.3299653519095,20.5149065442176,50.0320154590354,52.6103180466429,18.7130569297121,16.3996894288571,46.1105156431297,13.2930160613109,28.7444514661269,51.8640251827056,42.3147788781537,17.2577778032547,45.7708699430202,43.2644263326895
56.5250111520812,46.583344127479,46.7546153975355,30.2201056926934,45.1009720696805,26.7724487117489,32.1146957872017,48.9440028874987,31.1456797037338,18.8916330051503,57.3927065668211,35.1421718895284,36.2896608913645,18.7577063644775,38.2225909046457,43.8680923795075,65.8543146588035,30.3299653519095,20.5149065442176,50.0320154590354,52.6103180466429,20.4859565426561,16.3996894288571,51.3994649024904,13.8101547074103,28.7444514661269,51.8640251827056,42.3147788781537,17.2577778032547,45.7708699430202,43.2644263326895
56.5250111520812,46.583344127479,46.7546153975355,30.2201056926934,45.1009720696805,29.6092280440151,32.1146957872017,48.9440028874987,31.1456797037338,19.969936967643,57.3927065668211,35.1421718895284,37.5068537864227,18.7577063644775,38.2225909046457,43.8680923795075,65.8543146588035,30.3299653519095,20.5149065442176,51.2805318142314,52.8565753318944,21.0770504584779,16.3996894288571,51.3994649024904,13.8101547074103,30.7713246002836,51.8640251827056,42.3147788781537,17.2577778032547,45.7708699430202,43.2644263326895
58.7752455898,46.583344127479,46.7546153975355,30.2201056926934,45.1009720696805,29.6092280440151,36.1785121488524,48.9440028874987,31.1456797037338,19.969936967643,57.3927065668211,35.1421718895284,37.5068537864227,18.7577063644775,38.2225909046457,43.8680923795075,65.8616435239397,30.3299653519095,20.5149065442176,51.2805318142314,52.8565753318944,21.0770504584779,16.3996894288571,52.1470413146945,13.8101547074103,30.7713246002836,51.8640251827056,42.5044885374979,17.2577778032547,45.7708699430202,43.2644263326895
59.4146673250162,47.3743075053802,46.7546153975355,30.2201056926934,45.1009720696805,29.6092280440151,36.1785121488524,48.9440028874987,31.1456797037338,19.969936967643,57.3927065668211,35.1421718895284,37.5068537864227,18.7577063644775,38.2225909046457,43.8680923795075,65.8616435239397,30.3299653519095,20.5149065442176,51.2805318142314,52.8565753318944,21.0770504584779,16.3996894288571,52.1470413146945,14.2981877577154,30.7713246002836,51.8640251827056,42.5044885374979,17.2577778032547,45.9621302887492,43.2644263326895
59.4146673250162,47.3743075053802,46.7546153975355,30.2201056926934,45.1009720696805,29.6092280440151,36.1785121488524,48.9440028874987,31.1456797037338,19.969936967643,57.3927065668211,36.1164518260585,37.5068537864227,27.823106217682,38.2225909046457,43.8680923795075,66.255178227716,30.3299653519095,20.5149065442176,51.2805318142314,52.8565753318944,21.0770504584779,16.3996894288571,54.9098148705362,14.2981877577154,30.7713246002836,51.8640251827056,42.5044885374979,17.2577778032547,46.6469726437205,43.2644263326895
59.4146673250162,47.3743075053802,46.7546153975355,30.2201056926934,48.1513826562269,29.6092280440151,36.1785121488524,48.9440028874987,33.4829772258484,19.969936967643,57.3927065668211,36.1164518260585,38.1021782433328,27.823106217682,38.2225909046457,43.8680923795075,66.255178227716,30.3299653519095,23.9185720432744,51.2805318142314,52.8565753318944,21.0770504584779,16.3996894288571,54.9098148705362,14.2981877577154,30.7713246002836,51.8640251827056,42.5044885374979,17.2577778032547,46.6469726437205,43.2644263326895
59.4146673250162,47.3743075053802,46.7546153975355,32.1209557626005,48.1513826562269,29.6092280440151,36.1785121488524,48.9440028874987,33.4829772258484,19.969936967643,57.3927065668211,36.1164518260585,38.1297728959596,27.823106217682,38.2225909046457,43.8680923795075,66.3343387541664,30.3299653519095,23.9185720432744,51.2805318142314,52.8565753318944,21.0770504584779,16.3996894288571,54.9098148705362,14.2981877577154,30.7713246002836,51.8640251827056,46.6032526310926,17.2577778032547,46.6469726437205,43.2644263326895
59.4146673250162,47.3743075053802,49.1673807598641,32.1209557626005,48.1513826562269,29.6092280440151,36.1785121488524,48.9440028874987,33.4829772258484,19.969936967643,57.3927065668211,36.1164518260585,38.1297728959596,27.823106217682,38.2225909046457,43.8680923795075,66.3343387541664,30.3299653519095,23.9185720432744,51.2805318142314,52.8565753318944,21.4736344248235,18.4993574987463,54.9098148705362,14.2981877577154,30.7713246002836,51.8640251827056,46.6032526310926,17.2577778032547,46.6469726437205,43.2644263326895
59.4146673250162,47.3743075053802,49.1673807598641,32.1209557626005,48.1513826562269,29.6092280440151,36.1785121488524,48.9440028874987,33.4829772258484,20.9647448337362,57.3927065668211,36.7790068849641,38.1638231739967,27.823106217682,38.2225909046457,43.8680923795075,66.3343387541664,30.3299653519095,23.9185720432744,51.2805318142314,52.8565753318944,21.4736344248235,18.4993574987463,54.9098148705362,15.1294281252688,30.7713246002836,51.8640251827056,46.6032526310926,17.2577778032547,48.2547284088386,43.5334870269665
59.4146673250162,47.3743075053802,49.1673807598641,32.1209557626005,48.1819730197767,29.6092280440151,36.1785121488524,48.9440028874987,33.4829772258484,20.9647448337362,57.3927065668211,36.7790068849641,38.1638231739967,27.823106217682,38.2225909046457,43.8680923795075,66.3343387541664,30.3299653519095,23.9185720432744,52.257008035526,53.4234853977233,21.4736344248235,18.4993574987463,54.9098148705362,15.1294281252688,31.0011044635641,51.8640251827056,46.6032526310926,17.2577778032547,48.4283519699866,43.5334870269665
59.9115087784482,47.3743075053802,49.1673807598641,32.1209557626005,48.1819730197767,35.4829069796068,36.1785121488524,48.9440028874987,33.4829772258484,22.9227332296467,57.3927065668211,36.7790068849641,40.8966221181659,32.0756632684866,38.2225909046457,43.8680923795075,66.3343387541664,30.3299653519095,23.9185720432744,52.257008035526,53.4234853977233,21.4736344248235,18.4993574987463,54.9098148705362,16.1827797510185,31.0011044635641,51.8640251827056,50.5791926610839,17.2577778032547,48.4283519699866,43.5334870269665
59.9115087784482,47.3743075053802,49.1673807598641,32.1209557626005,48.1819730197767,35.4829069796068,40.8769430525424,51.0902981260693,33.4829772258484,22.9227332296467,57.3927065668211,36.7790068849641,40.8966221181659,32.0756632684866,38.2225909046457,43.8680923795075,66.5757985776693,30.3299653519095,25.4049571947777,52.257008035526,53.4234853977233,21.4736344248235,18.4993574987463,54.9098148705362,16.1827797510185,31.0011044635641,51.8640251827056,50.5791926610839,17.2577778032547,51.4610493959653,43.9309653862496
59.9115087784482,47.3743075053802,49.1673807598641,32.1209557626005,50.18667106706,35.4829069796068,40.8769430525424,51.0902981260693,33.5250258549487,23.6242057329063,57.3927065668211,36.7790068849641,41.1780163687033,32.0756632684866,38.2510180915443,43.8680923795075,66.5757985776693,30.3299653519095,25.4049571947777,52.257008035526,53.4234853977233,21.4736344248235,18.8473639313346,54.9098148705362,16.1827797510185,31.0011044635641,51.8640251827056,50.5791926610839,17.2577778032547,51.4610493959653,43.9309653862496
59.9115087784482,47.3743075053802,49.1673807598641,32.1209557626005,50.18667106706,35.4829069796068,40.8769430525424,51.4151017429396,33.5250258549487,23.6242057329063,57.3927065668211,42.5894931447211,41.1780163687033,32.0756632684866,38.3928982324367,43.8680923795075,66.6969734221998,32.9006793620935,25.4049571947777,52.257008035526,53.4234853977233,21.4736344248235,23.0301752378281,54.9098148705362,16.1827797510185,31.0011044635641,51.8640251827056,50.5791926610839,17.2577778032547,51.4610493959653,43.9309653862496
60.3536198316085,47.3743075053802,49.4123910299606,32.1209557626005,50.18667106706,35.4829069796068,40.8769430525424,51.4151017429396,33.5250258549487,23.6242057329063,57.3927065668211,42.5894931447211,41.1780163687033,32.0756632684866,38.3928982324367,43.8680923795075,66.6969734221998,32.9006793620935,25.4049571947777,52.257008035526,53.4234853977233,21.4736344248235,23.0301752378281,55.1036889785223,16.1827797510185,31.0011044635641,51.8640251827056,50.5791926610839,17.2577778032547,51.4610493959653,43.9309653862496
60.3536198316085,47.3743075053802,49.4123910299606,32.1209557626005,50.18667106706,35.4829069796068,40.8769430525424,51.4151017429396,33.5250258549487,23.6242057329063,57.3927065668211,42.5894931447211,41.1780163687033,32.0756632684866,38.3928982324367,43.8680923795075,66.6969734221998,32.9006793620935,25.4049571947777,52.257008035526,53.4234853977233,21.4736344248235,23.0301752378281,55.1036889785223,16.1827797510185,31.0011044635641,51.8640251827056,50.5791926610839,17.2577778032547,51.4610493959653,43.9309653862496
60.3536198316085,47.3743075053802,49.4123910299606,33.6476674767506,50.18667106706,35.4829069796068,40.8769430525424,51.4151017429396,33.5250258549487,23.9909218437596,57.3927065668211,42.5894931447211,41.1780163687033,32.0756632684866,38.8654032655767,44.0912948151765,66.6969734221998,32.9006793620935,39.203615152829,52.257008035526,53.773862251655,21.4736344248235,23.0301752378281,57.6433563463542,16.1827797510185,31.735687594991,51.8640251827056,50.5791926610839,17.2577778032547,51.4610493959653,43.9309653862496
60.3536198316085,47.4310133452127,49.4123910299606,33.6476674767506,50.18667106706,35.4829069796068,40.8769430525424,51.4151017429396,33.5250258549487,23.9909218437596,57.3927065668211,42.5894931447211,43.6433793974054,32.0756632684866,38.8654032655767,44.0912948151765,66.6969734221998,32.9006793620935,39.203615152829,52.257008035526,53.773862251655,21.4736344248235,23.0301752378281,57.6433563463542,16.684382533382,31.735687594991,52.4669733182143,50.5791926610839,17.2577778032547,51.4610493959653,43.9309653862496
60.6690018114268,47.4310133452127,49.8034150064318,33.6476674767506,50.18667106706,35.4829069796068,40.8769430525424,51.9789054816414,33.5250258549487,23.9909218437596,57.3927065668211,42.5894931447211,43.6433793974054,35.7784785125559,38.8654032655767,44.0912948151765,66.6969734221998,32.9006793620935,39.203615152829,52.6541746807224,53.773862251655,23.995362185037,23.0301752378281,57.6433563463542,16.684382533382,31.735687594991,53.7383819864511,50.5791926610839,17.2577778032547,51.4610493959653,43.9309653862496
60.6690018114268,47.4310133452127,49.8034150064318,33.6476674767506,50.18667106706,36.4723583727544,40.8769430525424,51.9789054816414,33.5250258549487,23.9909218437596,57.3927065668211,42.5894931447211,43.6433793974054,35.7784785125559,39.0886008880035,44.0912948151765,66.6969734221998,32.9006793620935,39.203615152829,52.6541746807224,53.773862251655,23.995362185037,23.0301752378281,57.6433563463542,16.684382533382,31.735687594991,53.7383819864511,53.3768028632659,17.2577778032547,51.8840071826499,43.9309653862496
60.6690018114268,47.4310133452127,49.8034150064318,33.6476674767506,50.18667106706,36.4723583727544,40.8769430525424,51.9789054816414,33.5250258549487,23.9909218437596,57.4497113142331,42.5894931447211,43.6433793974054,35.7784785125559,39.0886008880035,44.0912948151765,67.2564296867045,32.9006793620935,39.203615152829,52.6541746807224,53.773862251655,23.995362185037,23.0301752378281,57.6433563463542,17.7089385769108,33.5133474577261,53.7383819864511,53.3768028632659,17.2577778032547,51.8840071826499,43.9309653862496
60.6690018114268,47.4310133452127,50.8389065962738,33.6476674767506,50.18667106706,36.4723583727544,41.3744353451365,51.9789054816414,33.5250258549487,24.0507947993253,57.4497113142331,42.5894931447211,46.933357431008,35.7784785125559,40.7317575262343,47.0826233299588,67.2564296867045,32.9006793620935,39.203615152829,52.6541746807224,53.773862251655,23.995362185037,23.0301752378281,57.6433563463542,17.7089385769108,33.5133474577261,55.8025382614811,53.3768028632659,17.2577778032547,53.2649759468947,43.9309653862496
62.109602954357,47.4310133452127,50.8389065962738,33.6476674767506,50.18667106706,36.4723583727544,41.3744353451365,52.0248517804881,33.5250258549487,24.0507947993253,57.4497113142331,42.5894931447211,46.933357431008,35.7784785125559,40.7396963113797,47.0826233299588,67.2564296867045,32.9006793620935,39.203615152829,52.6541746807224,53.773862251655,23.995362185037,23.0301752378281,60.1612496147145,18.2845483265843,33.5133474577261,55.8025382614811,53.3768028632659,17.2577778032547,53.2649759468947,44.0879400529382
63.2634179075714,47.4310133452127,51.1748205499658,33.6476674767506,50.18667106706,36.4723583727544,41.3744353451365,52.0248517804881,33.5250258549487,24.0507947993253,57.4626631465918,42.5894931447211,46.933357431008,35.7784785125559,40.7396963113797,47.0826233299588,67.2564296867045,34.8227053270917,39.7341519099072,52.6541746807224,53.773862251655,23.995362185037,24.4988884244921,60.1612496147145,18.2845483265843,33.5133474577261,55.8025382614811,53.3768028632659,24.8379047969519,53.2649759468947,44.0879400529382
63.2634179075714,47.4310133452127,51.7869521904608,33.6476674767506,50.18667106706,36.4723583727544,41.3744353451365,52.0248517804881,33.5250258549487,24.9224559217197,57.7657435769115,42.5894931447211,46.933357431008,36.6563871149771,40.7396963113797,47.0826233299588,67.374792575364,34.8227053270917,39.7341519099072,52.6541746807224,53.773862251655,23.995362185037,24.4988884244921,63.3594962292365,19.0378649496005,34.0350335711869,55.8025382614811,53.3768028632659,24.8379047969519,53.2649759468947,44.0879400529382
63.2634179075714,47.4310133452127,51.7869521904608,33.6476674767506,51.361746320456,36.4723583727544,41.7624624783121,53.1207794311552,33.5250258549487,24.9224559217197,57.7657435769115,42.5894931447211,47.8082574306094,36.6563871149771,40.7396963113797,47.0826233299588,67.374792575364,36.2152460667912,39.7341519099072,53.0387755658894,53.773862251655,23.995362185037,24.4988884244921,63.3594962292365,19.7423647751547,34.0350335711869,55.9380924519133,53.3768028632659,24.8379047969519,53.2649759468947,44.0879400529382
63.2634179075714,47.4310133452127,51.7869521904608,33.6476674767506,51.361746320456,36.4723583727544,42.3995834353936,53.1207794311552,33.5250258549487,24.9224559217197,57.7657435769115,42.5894931447211,47.8082574306094,36.6563871149771,40.7396963113797,47.0826233299588,67.374792575364,36.2152460667912,39.7341519099072,53.0387755658894,53.773862251655,23.995362185037,24.4988884244921,63.6017129842105,19.7423647751547,34.0350335711869,55.9380924519133,53.3768028632659,24.8379047969519,53.2649759468947,44.5964811148547
63.2634179075714,47.4310133452127,51.7869521904608,33.6476674767506,51.361746320456,36.4723583727544,42.3995834353936,53.1207794311552,33.5250258549487,25.1979484430623,57.7657435769115,42.5894931447211,47.8082574306094,36.6563871149771,40.7396963113797,47.0826233299588,67.6115972588602,36.2152460667912,39.7341519099072,53.0387755658894,53.773862251655,23.995362185037,24.4988884244921,63.6017129842105,19.7423647751547,34.0350335711869,56.1047157250936,53.3768028632659,24.8379047969519,53.2649759468947,44.5964811148547
63.2634179075714,47.4310133452127,52.2587207246433,33.6476674767506,52.0714026534534,36.9111741412227,42.3995834353936,53.1207794311552,33.5250258549487,25.1979484430623,60.1025358453706,42.5894931447211,47.8082574306094,36.9257045416409,40.9667606081701,47.0826233299588,67.6115972588602,36.2152460667912,39.7341519099072,53.0387755658894,53.773862251655,23.995362185037,24.4988884244921,63.6017129842105,19.7423647751547,34.0350335711869,56.1047157250936,54.0801615240262,25.1469645605627,53.3814831398621,44.5964811148547
63.2634179075714,47.4310133452127,52.2587207246433,33.6476674767506,52.0714026534534,36.9111741412227,42.3995834353936,53.1207794311552,33.5250258549487,25.4493161182898,60.1025358453706,42.5894931447211,47.8082574306094,36.9257045416409,40.9667606081701,47.0826233299588,67.6115972588602,36.2152460667912,39.7341519099072,53.0387755658894,53.8496471929575,23.995362185037,24.4988884244921,63.6017129842105,32.0997761056779,34.0350335711869,56.1047157250936,54.0801615240262,25.1469645605627,53.3814831398621,44.5964811148547
64.2065174320616,47.4310133452127,52.2587207246433,33.6476674767506,52.0714026534534,36.9111741412227,42.3995834353936,53.1207794311552,33.5250258549487,25.4493161182898,60.1025358453706,42.5894931447211,47.8082574306094,36.9257045416409,41.7363716480591,47.0826233299588,67.6115972588602,37.4172628501866,39.7341519099072,53.0387755658894,53.8496471929575,23.995362185037,24.4988884244921,65.2273765519229,32.0997761056779,41.6110030506511,56.1047157250936,54.0801615240262,25.1469645605627,53.3814831398621,44.5964811148547
64.2065174320616,47.6546131838246,52.2587207246433,33.6476674767506,52.1446254037968,36.9111741412227,42.3995834353936,53.1207794311552,34.3572985999887,25.4493161182898,60.1025358453706,44.2072906648985,47.8082574306094,36.9257045416409,42.788255328451,47.0826233299588,67.8590275666148,37.4172628501866,39.7341519099072,53.0387755658894,53.8496471929575,27.9068622559523,24.4988884244921,65.2273765519229,32.0997761056779,41.6110030506511,57.8509841066906,54.0801615240262,25.1469645605627,53.5340119980872,44.5964811148547
64.4483536286997,47.6546131838246,52.2587207246433,33.6476674767506,52.1446254037968,36.9111741412227,42.3995834353936,55.0138795093304,34.3572985999887,25.4493161182898,60.1025358453706,44.2072906648985,48.76627785993,36.9257045416409,42.788255328451,47.0826233299588,67.8590275666148,37.4172628501866,39.7341519099072,53.0387755658894,53.8496471929575,27.9068622559523,26.9524990784913,65.2273765519229,32.0997761056779,41.6110030506511,57.8509841066906,54.0801615240262,25.1469645605627,53.5340119980872,44.5964811148547
64.4483536286997,47.6546131838246,52.2587207246433,33.6476674767506,52.1446254037968,39.9416302468285,42.3995834353936,55.0138795093304,34.3572985999887,27.7400009296689,60.1025358453706,44.2072906648985,48.76627785993,36.9257045416409,42.788255328451,47.0826233299588,67.9566438525745,37.4172628501866,39.7341519099072,53.0387755658894,53.8496471929575,27.9068622559523,26.9524990784913,65.2273765519229,32.0997761056779,41.6110030506511,57.8509841066906,54.0801615240262,35.090376841227,53.5340119980872,44.5964811148547
65.1419240742293,47.6546131838246,52.2587207246433,41.1544815140219,52.7317743890721,39.9416302468285,42.3995834353936,55.0138795093304,37.0773953120449,27.7400009296689,60.1025358453706,44.2072906648985,49.8536215584898,36.9257045416409,43.416362527065,47.0826233299588,68.0012706840624,37.4172628501866,40.6568747822707,53.0387755658894,53.8496471929575,27.9068622559523,26.9524990784913,65.3513894264106,32.0997761056779,41.6110030506511,57.8509841066906,54.0801615240262,35.090376841227,53.5340119980872,44.5964811148547
65.1419240742293,47.6546131838246,52.4342597421863,41.1544815140219,52.7317743890721,39.9416302468285,42.3995834353936,55.0138795093304,40.0956433699315,31.7187867004119,60.1025358453706,44.7520070321793,49.8536215584898,36.9257045416409,43.416362527065,47.0826233299588,68.0012706840624,37.4172628501866,40.6568747822707,53.0387755658894,53.8496471929575,27.9068622559523,30.8963048193863,65.3513894264106,32.0997761056779,41.6110030506511,58.5427488552432,54.0801615240262,35.090376841227,53.5340119980872,44.5964811148547
65.1419240742293,47.6546131838246,52.4342597421863,41.1544815140219,52.7317743890721,39.9416302468285,42.3995834353936,55.0138795093304,40.0956433699315,31.7187867004119,61.4203102036292,44.7520070321793,50.4368469650882,36.9257045416409,43.416362527065,47.0826233299588,68.0012706840624,40.7460048342007,40.6568747822707,53.0387755658894,53.8496471929575,28.7259740485725,30.8963048193863,65.9046153413761,32.0997761056779,41.6110030506511,58.5427488552432,54.0801615240262,35.090376841227,54.1641771120073,44.5964811148547
65.1419240742293,47.6546131838246,54.2120585611563,41.1544815140219,52.7317743890721,40.7494316500091,42.3995834353936,55.7917327347205,40.0956433699315,31.7187867004119,61.4203102036292,44.7520070321793,50.4368469650882,38.4655228486601,43.416362527065,47.0826233299588,68.0012706840624,40.7460048342007,40.6568747822707,53.0387755658894,53.8496471929575,28.7259740485725,30.8963048193863,65.9046153413761,32.0997761056779,41.6110030506511,58.5427488552432,54.0801615240262,35.090376841227,54.1641771120073,44.8905425202995
65.2752561572857,47.6546131838246,54.2120585611563,41.1544815140219,52.7317743890721,40.7494316500091,42.3995834353936,55.7917327347205,40.0956433699315,31.7187867004119,61.4203102036292,44.7520070321793,50.4368469650882,38.4655228486601,43.416362527065,47.0826233299588,68.0012706840624,40.7460048342007,40.6568747822707,53.0387755658894,53.8496471929575,28.7259740485725,30.8963048193863,66.3569305949136,33.881085945112,41.6110030506511,58.5427488552432,54.0801615240262,35.090376841227,54.1641771120073,44.8905425202995
65.9405235768091,48.0728209018493,54.2120585611563,41.1544815140219,52.7317743890721,40.7494316500091,42.3995834353936,56.1523153115949,40.0956433699315,31.7187867004119,61.4203102036292,45.5153934935073,50.4368469650882,38.4655228486601,43.416362527065,47.0826233299588,68.0012706840624,40.7460048342007,40.6568747822707,53.0387755658894,53.8496471929575,28.7259740485725,36.9782251787663,66.3569305949136,33.881085945112,41.6110030506511,58.5427488552432,54.0801615240262,37.3207822374149,54.824327359456,44.8905425202995
65.9405235768091,48.0728209018493,54.2120585611563,41.1544815140219,52.7317743890721,40.7494316500091,43.9640893456104,56.1523153115949,41.2882784617639,31.7187867004119,61.4203102036292,45.5153934935073,50.4368469650882,38.4655228486601,43.416362527065,47.0826233299588,68.1024574361958,40.7460048342007,41.8028682866282,53.0387755658894,53.8496471929575,28.7259740485725,36.9782251787663,66.3569305949136,33.881085945112,41.6110030506511,58.5427488552432,54.0801615240262,37.3207822374149,54.824327359456,44.8905425202995
66.7001365254595,48.0728209018493,54.2120585611563,41.1544815140219,53.019367931908,40.7494316500091,43.9640893456104,56.1523153115949,41.2882784617639,32.5470701915296,61.4203102036292,45.5153934935073,50.4368469650882,38.6294242765774,43.416362527065,47.0826233299588,68.3147648100828,43.574955063418,41.8028682866282,53.0387755658894,53.8496471929575,28.7259740485725,36.9782251787663,66.3569305949136,33.881085945112,41.6110030506511,58.5427488552432,54.1702587000227,37.3207822374149,56.0420558587381,44.8905425202995
66.7001365254595,48.0728209018493,54.2120585611563,46.0256630970644,53.019367931908,40.7494316500091,43.9640893456104,56.7124581697162,41.2882784617639,32.5470701915296,61.4203102036292,45.5153934935073,50.4368469650882,38.6294242765774,43.416362527065,47.0826233299588,68.3147648100828,43.574955063418,41.8028682866282,53.0387755658894,53.8496471929575,28.7259740485725,36.9782251787663,66.3569305949136,33.881085945112,41.6110030506511,59.2615343885695,54.1702587000227,37.3207822374149,56.0420558587381,44.8905425202995
66.7001365254595,48.0728209018493,54.2120585611563,46.0256630970644,53.019367931908,40.7494316500091,43.9640893456104,56.7124581697162,46.127593772159,32.5470701915296,61.4203102036292,45.5153934935073,50.4368469650882,38.6294242765774,43.416362527065,47.0826233299588,68.3147648100828,43.574955063418,41.8028682866282,53.0387755658894,53.8496471929575,28.7259740485725,36.9782251787663,66.3569305949136,35.7524439407864,41.6110030506511,59.2615343885695,54.1702587000227,37.3207822374149,56.0420558587381,44.8905425202995
66.7001365254595,48.0728209018493,54.2120585611563,46.0256630970644,54.1003238884879,40.7494316500091,43.9640893456104,56.8265825162732,46.127593772159,32.5470701915296,61.4203102036292,46.3220533624705,50.4368469650882,38.6294242765774,43.416362527065,47.0826233299588,68.3147648100828,43.574955063418,41.8028682866282,53.0387755658894,53.8496471929575,28.7259740485725,36.9782251787663,66.4986467815924,35.7524439407864,41.6110030506511,59.2615343885695,54.1702587000227,37.3207822374149,56.0907703463441,45.1262750887643
66.7001365254595,48.0728209018493,54.2120585611563,46.0256630970644,54.1003238884879,40.7494316500091,43.9640893456104,56.8973461275945,46.127593772159,32.5470701915296,61.6521977145461,46.3220533624705,50.4368469650882,43.5515214719742,43.416362527065,47.9849344781188,68.5955832114593,43.574955063418,41.8028682866282,53.0387755658894,53.8496471929575,29.1107446899408,36.9782251787663,66.4986467815924,35.7524439407864,41.6110030506511,59.2615343885695,54.1702587000227,37.3207822374149,56.0907703463441,45.1262750887643
67.3084185617229,48.309155736223,54.6332754838315,46.0256630970644,54.1003238884879,41.6275818482709,43.9640893456104,57.017600501463,46.127593772159,32.5470701915296,61.6521977145461,46.3220533624705,50.4368469650882,43.5515214719742,43.416362527065,52.4780884735491,68.5955832114593,43.574955063418,41.8028682866282,53.0387755658894,53.8496471929575,29.1107446899408,36.9782251787663,66.4986467815924,35.7524439407864,41.6110030506511,59.2615343885695,54.2029384562375,37.3207822374149,56.0907703463441,45.1262750887643
67.3084185617229,48.3404957091748,54.6332754838315,46.0256630970644,54.1003238884879,41.6275818482709,43.9640893456104,57.017600501463,46.127593772159,32.5470701915296,61.6521977145461,46.3220533624705,50.4368469650882,43.5515214719742,43.416362527065,52.4780884735491,68.5955832114593,43.574955063418,41.8028682866282,53.0387755658894,53.8496471929575,32.429864930586,36.9782251787663,66.4986467815924,38.7799972748505,41.6110030506511,59.2615343885695,54.2029384562375,37.3207822374149,56.0907703463441,45.1262750887643
67.3084185617229,48.3404957091748,55.1555228124132,46.0256630970644,54.1003238884879,41.6275818482709,43.9640893456104,57.017600501463,46.127593772159,34.4996890448656,61.6521977145461,47.2746477402479,50.4368469650882,43.5515214719742,43.416362527065,52.4780884735491,68.5955832114593,43.574955063418,41.8028682866282,53.0387755658894,53.8496471929575,32.429864930586,36.9782251787663,66.4986467815924,38.7799972748505,41.6110030506511,59.2615343885695,54.2029384562375,37.3207822374149,56.0907703463441,45.5718653470722
67.3084185617229,48.3404957091748,55.1555228124132,46.0256630970644,54.1003238884879,41.6275818482709,43.9640893456104,57.6054214891183,46.127593772159,34.4996890448656,61.6521977145461,47.2746477402479,50.4368469650882,43.5515214719742,43.6901808609584,52.4780884735491,68.5955832114593,43.574955063418,41.8028682866282,53.0387755658894,53.8496471929575,32.429864930586,36.9782251787663,66.4986467815924,38.7799972748505,41.6110030506511,59.2615343885695,54.2029384562375,37.3207822374149,56.0907703463441,45.5718653470722
67.3084185617229,48.3404957091748,55.1555228124132,46.0256630970644,54.1003238884879,41.6275818482709,44.371739363652,57.6054214891183,46.127593772159,34.4996890448656,61.6521977145461,47.2746477402479,50.5432238366681,43.5515214719742,43.6901808609584,52.4780884735491,68.5955832114593,43.574955063418,41.8028682866282,53.0387755658894,53.8496471929575,32.429864930586,36.9782251787663,66.4986467815924,38.7799972748505,41.6110030506511,59.2615343885695,56.5506170508734,38.9614225802722,56.0907703463441,45.5718653470722
67.3084185617229,48.3404957091748,55.1555228124132,46.0256630970644,54.1003238884879,41.6859504257236,44.371739363652,57.6054214891183,46.127593772159,34.4996890448656,61.6521977145461,47.2746477402479,50.5432238366681,43.5515214719742,43.6901808609584,52.4780884735491,68.5955832114593,43.574955063418,41.8028682866282,53.0387755658894,53.8496471929575,37.682884632388,36.9782251787663,66.4986467815924,38.7799972748505,41.6110030506511,59.2615343885695,56.5506170508734,38.9614225802722,56.0907703463441,45.6712951435353
67.3084185617229,48.3404957091748,55.1555228124132,46.0256630970644,54.1003238884879,41.6859504257236,44.371739363652,57.6054214891183,46.127593772159,34.4996890448656,61.6521977145461,47.2746477402479,50.5432238366681,43.5515214719742,43.6901808609584,52.4780884735491,68.5955832114593,43.574955063418,41.8028682866282,53.0387755658894,53.8496471929575,37.682884632388,36.9782251787663,66.4986467815924,38.7799972748505,41.6110030506511,59.2615343885695,56.5506170508734,38.9614225802722,56.0907703463441,45.6712951435353
67.3084185617229,48.3404957091748,55.3890229883515,46.0256630970644,54.1003238884879,41.6859504257236,44.371739363652,58.2635066847533,46.127593772159,34.4996890448656,61.7001522576827,47.2746477402479,50.5432238366681,43.5515214719742,43.6901808609584,52.4780884735491,68.5955832114593,43.574955063418,41.8028682866282,53.0387755658894,53.8496471929575,37.682884632388,36.9782251787663,66.4986467815924,38.7799972748505,41.6110030506511,59.2615343885695,56.5506170508734,38.9614225802722,56.0907703463441,45.6712951435353
67.3084185617229,48.3404957091748,55.3890229883515,46.0256630970644,54.2111330202509,41.6859504257236,44.5827710267698,58.4314564676534,46.127593772159,34.5703932044049,61.7001522576827,47.2746477402479,50.5432238366681,44.0755394236644,44.1701757479236,52.4780884735491,68.5955832114593,43.574955063418,41.8028682866282,53.0387755658894,53.971191696975,37.682884632388,36.9782251787663,66.5939204067244,38.7799972748505,41.6110030506511,59.2615343885695,57.4225900176859,38.9614225802722,56.0907703463441,45.7532905930659
67.4561596601104,48.3404957091748,55.6291650592743,46.0256630970644,54.7654714553314,42.458583595962,44.5827710267698,58.4314564676534,46.127593772159,34.5703932044049,61.7001522576827,47.2746477402479,50.5432238366681,44.0755394236644,44.1701757479236,52.4780884735491,68.5955832114593,46.1059304237745,41.8028682866282,53.0387755658894,53.971191696975,40.7352727996784,36.9782251787663,66.5939204067244,38.7799972748505,41.6110030506511,59.2615343885695,57.4225900176859,38.9614225802722,56.0907703463441,45.7532905930659
67.4561596601104,48.3404957091748,55.6291650592743,46.0256630970644,54.7654714553314,42.458583595962,44.5827710267698,58.4314564676534,46.127593772159,35.1554380593503,62.0989428549508,47.2746477402479,50.5432238366681,44.0755394236644,44.1701757479236,52.4780884735491,68.5955832114593,46.1059304237745,41.8028682866282,53.0818320127002,53.971191696975,40.7352727996784,36.9782251787663,66.6388116436182,38.7799972748505,41.6110030506511,59.2615343885695,57.4225900176859,38.9614225802722,56.0907703463441,45.7532905930659
67.4561596601104,48.6009389199503,55.6291650592743,46.0256630970644,56.0949031058035,42.458583595962,44.5827710267698,58.4314564676534,46.127593772159,35.1554380593503,62.0989428549508,48.0936556953299,50.5432238366681,44.0755394236644,44.1701757479236,52.4780884735491,68.5955832114593,46.1059304237745,48.1400167133684,53.0818320127002,53.971191696975,40.7352727996784,36.9782251787663,66.6388116436182,42.3418682032852,41.6110030506511,59.2615343885695,57.4225900176859,38.9614225802722,56.0907703463441,45.7532905930659
67.4561596601104,48.6009389199503,55.6291650592743,46.0256630970644,56.0949031058035,42.458583595962,44.5827710267698,58.4314564676534,46.127593772159,35.1554380593503,62.0989428549508,48.0936556953299,50.5432238366681,44.0755394236644,44.3036305921262,52.4780884735491,68.5955832114593,46.1059304237745,48.1400167133684,53.0818320127002,53.971191696975,40.7352727996784,36.9782251787663,66.6388116436182,42.3418682032852,41.6110030506511,59.2615343885695,57.4225900176859,38.9614225802722,56.0907703463441,45.7532905930659
67.4561596601104,48.6009389199503,55.6291650592743,46.0256630970644,56.0949031058035,42.458583595962,45.2316705535755,58.4314564676534,46.127593772159,35.4319232894348,62.0989428549508,48.0936556953299,50.5432238366681,47.8033040806292,44.3036305921262,52.4780884735491,68.5955832114593,46.1059304237745,48.1400167133684,53.0818320127002,53.971191696975,40.7352727996784,36.9782251787663,66.6388116436182,42.3418682032852,41.6110030506511,59.3308245166833,57.4225900176859,38.9614225802722,56.0907703463441,45.7532905930659
67.4561596601104,48.6009389199503,55.6291650592743,46.0256630970644,56.0949031058035,42.458583595962,45.2316705535755,58.4314564676534,46.127593772159,35.4319232894348,62.659170721182,48.0936556953299,50.5432238366681,47.8033040806292,44.3036305921262,52.6417443591083,68.5955832114593,46.1059304237745,48.1400167133684,53.0818320127002,53.971191696975,40.7352727996784,36.9782251787663,66.6388116436182,42.3418682032852,41.6110030506511,59.3308245166833,57.4225900176859,38.9614225802722,56.0907703463441,45.7532905930659
67.5735589286717,48.6009389199503,55.6291650592743,46.0256630970644,56.0949031058035,42.458583595962,45.2316705535755,58.4314564676534,46.127593772159,35.4319232894348,62.659170721182,48.9990579401487,50.5432238366681,47.8033040806292,45.1708189360957,52.6417443591083,68.5955832114593,46.1059304237745,48.1400167133684,53.0818320127002,53.971191696975,40.7352727996784,36.9782251787663,66.6388116436182,42.3418682032852,41.6110030506511,59.3308245166833,57.4225900176859,38.9614225802722,56.0907703463441,45.8104175895568
67.5735589286717,48.6009389199503,55.6386711650942,46.0256630970644,56.0949031058035,42.458583595962,45.2316705535755,58.4314564676534,46.127593772159,35.4319232894348,62.659170721182,48.9990579401487,50.5432238366681,47.8033040806292,45.1708189360957,52.6417443591083,68.5955832114593,46.1059304237745,48.1400167133684,53.0818320127002,53.971191696975,40.7352727996784,36.9782251787663,66.8905361429469,42.3418682032852,41.6110030506511,59.3308245166833,57.4225900176859,38.9614225802722,56.0907703463441,45.8104175895568
67.5735589286717,48.6009389199503,55.6386711650942,46.0256630970644,56.0949031058035,42.458583595962,45.2316705535755,58.4314564676534,46.127593772159,35.4319232894348,62.659170721182,48.9990579401487,50.5432238366681,47.8033040806292,45.1708189360957,52.6417443591083,68.5955832114593,46.1059304237745,48.1400167133684,53.0818320127002,53.971191696975,40.7352727996784,36.9782251787663,66.8905361429469,42.3418682032852,41.6110030506511,59.3308245166833,57.4225900176859,38.9614225802722,56.0907703463441,45.8104175895568
67.5735589286717,48.6009389199503,55.8143274075827,46.0256630970644,56.0949031058035,42.458583595962,45.2316705535755,58.4314564676534,46.127593772159,35.8745518178696,62.659170721182,48.9990579401487,50.5432238366681,48.8388075199443,45.5139674415719,52.6417443591083,68.5955832114593,46.1059304237745,48.1400167133684,53.1669368704951,53.971191696975,40.7352727996784,36.9782251787663,66.8905361429469,42.3418682032852,41.6110030506511,59.3308245166833,57.4225900176859,38.9614225802722,56.0907703463441,45.8104175895568
67.5735589286717,48.6009389199503,55.8143274075827,46.0256630970644,56.0949031058035,42.458583595962,45.2316705535755,58.4314564676534,46.127593772159,35.8745518178696,62.659170721182,49.8375234341136,50.5432238366681,48.8388075199443,45.5139674415719,52.6417443591083,68.5955832114593,46.1059304237745,48.1400167133684,53.1855847384305,53.971191696975,40.7352727996784,36.9782251787663,66.8905361429469,42.3418682032852,41.6110030506511,59.6096711998979,57.4225900176859,38.9614225802722,56.0907703463441,45.8746925976189
67.5735589286717,48.6009389199503,55.8143274075827,46.0256630970644,56.0949031058035,42.458583595962,45.2316705535755,58.8367785602863,46.127593772159,35.8745518178696,62.7231380046001,49.8375234341136,50.5432238366681,48.8388075199443,45.5139674415719,52.6417443591083,68.5955832114593,46.1059304237745,48.1400167133684,53.1855847384305,53.971191696975,40.7352727996784,36.9782251787663,66.8905361429469,44.9452836130262,41.6110030506511,59.6096711998979,57.4225900176859,38.9614225802722,56.0907703463441,45.9644826689724
67.5735589286717,48.6009389199503,56.0785761369316,48.770205123531,56.1013548660289,42.458583595962,45.2316705535755,58.8367785602863,46.127593772159,37.4257147199695,62.7231380046001,49.8375234341136,50.5432238366681,48.8388075199443,45.5139674415719,52.6417443591083,68.5955832114593,46.1059304237745,48.1400167133684,53.1855847384305,53.971191696975,40.7352727996784,36.9782251787663,66.8905361429469,44.9452836130262,41.6110030506511,59.6096711998979,57.4225900176859,41.1138168903814,56.0907703463441,45.9644826689724
67.5735589286717,48.6009389199503,56.0785761369316,48.770205123531,56.1013548660289,42.458583595962,45.2316705535755,58.8367785602863,46.127593772159,37.4257147199695,62.7231380046001,49.8375234341136,50.5432238366681,50.4303387095814,45.5139674415719,52.6417443591083,68.5955832114593,46.1059304237745,48.1400167133684,53.1855847384305,53.971191696975,40.7352727996784,36.9782251787663,66.8905361429469,44.9452836130262,41.6110030506511,59.6096711998979,57.4225900176859,41.1138168903814,56.0907703463441,46.0358928715571
67.5735589286717,48.6009389199503,56.0785761369316,48.770205123531,56.1013548660289,42.458583595962,45.5095769137948,58.8367785602863,46.127593772159,37.4257147199695,62.7231380046001,49.8375234341136,50.5432238366681,50.4303387095814,45.5139674415719,52.6417443591083,68.5955832114593,46.1059304237745,49.5626527445757,53.1855847384305,53.971191696975,41.0160612392804,36.9782251787663,66.8905361429469,44.9452836130262,41.6110030506511,59.6096711998979,57.4225900176859,41.1138168903814,56.0907703463441,46.0358928715571
67.5735589286717,48.6009389199503,56.0785761369316,48.770205123531,56.5411154918411,42.458583595962,45.5095769137948,58.8367785602863,46.127593772159,37.4257147199695,62.7231380046001,50.6173376713147,50.5432238366681,50.4303387095814,45.5139674415719,52.6417443591083,68.5955832114593,47.886946249937,49.5626527445757,53.1855847384305,53.971191696975,41.0160612392804,36.9782251787663,66.8905361429469,44.9452836130262,41.6110030506511,59.6096711998979,57.4225900176859,41.1138168903814,56.0907703463441,46.0358928715571
67.5735589286717,48.6009389199503,56.0785761369316,48.770205123531,57.2933935785811,42.458583595962,45.5095769137948,58.8367785602863,46.127593772159,37.4257147199695,62.7231380046001,50.6173376713147,50.5432238366681,50.4303387095814,45.5139674415719,52.6417443591083,68.5955832114593,47.886946249937,49.5626527445757,53.1855847384305,53.971191696975,41.0160612392804,36.9782251787663,66.970210134166,51.9815619345108,41.6110030506511,59.6096711998979,57.4225900176859,41.1138168903814,56.0907703463441,46.0358928715571
67.5735589286717,48.6009389199503,56.0785761369316,48.770205123531,57.2933935785811,42.458583595962,45.5095769137948,59.2021980338826,46.127593772159,37.8155883003645,62.7231380046001,50.6173376713147,50.5432238366681,50.4303387095814,45.5139674415719,52.6417443591083,68.5955832114593,47.886946249937,49.5626527445757,53.2823416564941,53.971191696975,41.0160612392804,36.9782251787663,66.970210134166,51.9815619345108,41.6110030506511,59.6096711998979,57.6233142173042,41.1138168903814,56.0907703463441,46.0358928715571
67.5735589286717,48.6009389199503,56.0785761369316,48.770205123531,57.2933935785811,43.2643602761163,45.5095769137948,59.2021980338826,46.127593772159,37.8155883003645,62.7231380046001,50.6173376713147,50.5432238366681,50.7465576840608,45.7745499945719,52.6417443591083,68.5955832114593,47.886946249937,49.5626527445757,53.2823416564941,53.971191696975,41.0160612392804,36.9782251787663,66.970210134166,51.9815619345108,41.6110030506511,60.4959407687364,57.6233142173042,42.5108783136981,56.0907703463441,46.2580566765205
67.5735589286717,48.8115249192123,56.0785761369316,48.770205123531,57.2933935785811,43.2643602761163,45.5095769137948,59.2021980338826,46.127593772159,37.8704605667613,62.7231380046001,50.6173376713147,50.5432238366681,50.7465576840608,45.7745499945719,52.6417443591083,68.5955832114593,47.886946249937,49.5626527445757,53.2823416564941,53.971191696975,41.0160612392804,36.9782251787663,66.970210134166,51.9815619345108,41.6110030506511,60.4959407687364,57.6233142173042,42.5108783136981,56.0907703463441,46.2580566765205
67.5735589286717,48.8115249192123,56.0785761369316,48.770205123531,57.2933935785811,43.2643602761163,45.5095769137948,59.2021980338826,46.127593772159,37.8704605667613,62.7231380046001,50.6173376713147,50.5432238366681,50.7465576840608,45.7745499945719,52.9629960843001,68.5955832114593,47.886946249937,50.0922853061448,53.2823416564941,53.971191696975,41.0160612392804,36.9782251787663,66.970210134166,51.9815619345108,41.6110030506511,60.4959407687364,57.6233142173042,42.5108783136981,56.0907703463441,46.2580566765205
67.5735589286717,48.8115249192123,56.0785761369316,48.770205123531,57.2933935785811,43.2643602761163,45.5095769137948,59.2021980338826,46.127593772159,37.8704605667613,62.7231380046001,50.6173376713147,50.5432238366681,50.7465576840608,46.9698807139112,53.2883632595001,68.5955832114593,50.4213967717576,56.6742558621718,53.2823416564941,53.971191696975,41.0160612392804,36.9782251787663,66.970210134166,51.9815619345108,41.6110030506511,60.4959407687364,58.5106441797204,42.5108783136981,56.0907703463441,46.2580566765205
67.5735589286717,48.8115249192123,56.0785761369316,48.770205123531,57.2933935785811,44.6975961282764,45.5095769137948,59.2021980338826,48.6229599743666,38.10354202066,62.7231380046001,50.6173376713147,50.5432238366681,50.7465576840608,46.9698807139112,53.2883632595001,68.5955832114593,50.4213967717576,56.6742558621718,53.2823416564941,53.971191696975,41.0160612392804,36.9782251787663,66.970210134166,51.9815619345108,41.6110030506511,60.4959407687364,58.5106441797204,42.5108783136981,56.4034753685262,46.2580566765205
67.5849401909171,48.8115249192123,56.0785761369316,48.770205123531,57.2933935785811,44.6975961282764,45.5095769137948,59.2021980338826,48.6229599743666,38.10354202066,62.7231380046001,50.754338696934,50.5432238366681,51.1854837850943,47.408097841124,53.3083202245051,68.7625579264662,50.4213967717576,56.6742558621718,53.2823416564941,53.971191696975,41.0160612392804,37.6337330796008,66.970210134166,51.9815619345108,41.6110030506511,60.4959407687364,58.5106441797204,45.9000990300277,56.4034753685262,46.2580566765205
67.5849401909171,48.8115249192123,56.0785761369316,48.770205123531,57.2933935785811,44.6975961282764,45.5095769137948,59.3755015356297,48.6229599743666,38.10354202066,62.7231380046001,50.754338696934,50.5432238366681,51.1854837850943,47.408097841124,53.3083202245051,68.7625579264662,50.4213967717576,56.6742558621718,53.6886674618244,53.971191696975,41.0160612392804,37.6337330796008,66.970210134166,51.9815619345108,41.6110030506511,61.1607618620531,58.5106441797204,45.9000990300277,56.4034753685262,46.2580566765205
67.5849401909171,48.8115249192123,56.0785761369316,48.770205123531,57.2933935785811,44.6975961282764,45.5095769137948,59.3755015356297,48.6229599743666,38.10354202066,62.7231380046001,50.754338696934,50.5432238366681,51.1854837850943,47.408097841124,53.3083202245051,68.7625579264662,50.4213967717576,56.6742558621718,53.78480380077,53.971191696975,41.0160612392804,37.6337330796008,66.970210134166,53.6308082105117,41.6110030506511,61.1607618620531,58.5106441797204,45.9000990300277,56.4034753685262,46.4395396197967
67.5849401909171,48.8115249192123,56.1502420295517,48.770205123531,57.2933935785811,44.6975961282764,45.5095769137948,59.3755015356297,48.6229599743666,38.2295572938002,62.8033090854061,50.754338696934,50.5432238366681,51.1854837850943,47.4139020935104,53.3083202245051,68.7625579264662,50.4213967717576,56.6742558621718,53.78480380077,53.971191696975,41.0160612392804,39.3954949464417,66.970210134166,54.1187615085706,41.6110030506511,61.1607618620531,58.5106441797204,45.9000990300277,56.4034753685262,46.4395396197967
67.5849401909171,48.8115249192123,56.1502420295517,48.770205123531,57.2933935785811,44.6975961282764,45.5095769137948,59.3755015356297,48.6229599743666,38.2295572938002,62.8033090854061,50.754338696934,50.5432238366681,53.5907562828759,47.4139020935104,53.3083202245051,68.7625579264662,50.4213967717576,56.6742558621718,53.78480380077,53.971191696975,41.0160612392804,39.3954949464417,66.970210134166,54.1187615085706,41.6110030506511,61.1607618620531,58.5106441797204,45.9000990300277,56.4034753685262,46.4395396197967
67.5849401909171,48.8115249192123,56.1502420295517,49.2132908204496,57.2933935785811,44.6975961282764,45.5095769137948,59.3755015356297,52.3935271901005,38.2295572938002,62.8033090854061,50.754338696934,50.5432238366681,53.5907562828759,47.4139020935104,53.3083202245051,68.7625579264662,50.4213967717576,56.6742558621718,53.78480380077,53.971191696975,41.9207819854984,39.3954949464417,66.970210134166,54.1187615085706,41.6110030506511,61.1948572316078,58.5106441797204,45.9000990300277,56.4034753685262,46.4395396197967
67.5849401909171,48.8115249192123,56.1502420295517,49.2132908204496,57.2933935785811,44.6975961282764,45.5095769137948,59.3755015356297,52.3935271901005,38.2295572938002,62.8033090854061,50.754338696934,50.5432238366681,53.5907562828759,47.5302174640457,53.3083202245051,68.7625579264662,50.4213967717576,56.6742558621718,53.78480380077,53.9774189510305,41.9207819854984,39.3954949464417,66.970210134166,54.1187615085706,41.6110030506511,61.4378958567377,58.5106441797204,45.9000990300277,56.6952093753819,46.4395396197967
67.5849401909171,48.8115249192123,56.1502420295517,49.2132908204496,57.2933935785811,44.6975961282764,45.5095769137948,59.3755015356297,52.3935271901005,38.2295572938002,62.8033090854061,50.754338696934,50.5432238366681,53.5907562828759,47.5302174640457,53.9924830466063,68.7625579264662,50.4213967717576,56.6742558621718,53.78480380077,53.9774189510305,41.9207819854984,39.3954949464417,66.970210134166,54.1187615085706,41.6110030506511,61.4378958567377,58.5418044308501,45.9000990300277,56.6952093753819,46.4395396197967
67.5849401909171,48.8115249192123,56.1502420295517,49.2132908204496,57.2933935785811,44.6975961282764,45.5095769137948,60.2347523458611,52.3935271901005,38.2295572938002,62.8033090854061,50.824417248265,50.5432238366681,54.9577510911428,47.5302174640457,53.9924830466063,68.7625579264662,50.4213967717576,56.6742558621718,53.78480380077,53.9774189510305,41.9207819854984,39.3954949464417,67.1390886899903,54.1187615085706,41.9535046747714,61.4378958567377,58.5418044308501,45.9000990300277,56.6952093753819,46.4395396197967
67.6727780100986,48.8115249192123,56.1502420295517,49.2132908204496,57.2933935785811,44.6975961282764,45.5095769137948,60.2347523458611,52.3935271901005,38.2295572938002,62.8033090854061,50.824417248265,50.5432238366681,54.9577510911428,47.5302174640457,53.9924830466063,68.8238120581103,50.4213967717576,56.6742558621718,53.78480380077,53.9818443834342,43.9243591226522,39.3954949464417,67.1390886899903,54.1187615085706,41.9535046747714,61.4378958567377,58.5418044308501,45.9000990300277,56.6952093753819,46.4395396197967
67.6727780100986,48.8115249192123,56.1502420295517,49.2132908204496,57.2933935785811,44.6975961282764,45.5095769137948,60.2347523458611,52.3935271901005,38.2295572938002,62.8033090854061,50.824417248265,50.5432238366681,54.9577510911428,47.5302174640457,54.6300225280156,68.8238120581103,50.4213967717576,56.6742558621718,53.9139723869416,54.0459201023122,43.9243591226522,39.3954949464417,67.1390886899903,54.1187615085706,47.0680247012515,61.4378958567377,58.5418044308501,45.9000990300277,56.6952093753819,46.4395396197967
67.6727780100986,48.8115249192123,56.1502420295517,49.2132908204496,57.2933935785811,44.6975961282764,45.5095769137948,60.2347523458611,53.061660021384,38.2295572938002,62.8033090854061,50.824417248265,51.0477500139869,54.9577510911428,47.5302174640457,54.6300225280156,68.8238120581103,50.4213967717576,56.6742558621718,53.9139723869416,54.2615410664962,43.9243591226522,39.3954949464417,67.1390886899903,54.1187615085706,47.0680247012515,61.4378958567377,58.8058754005094,45.9000990300277,56.6952093753819,46.4395396197967
67.6727780100986,48.8115249192123,56.265090488115,49.2132908204496,57.2933935785811,44.6975961282764,45.5095769137948,60.2347523458611,53.061660021384,38.2295572938002,63.0215067323824,50.824417248265,51.1485310004512,54.9577510911428,47.5302174640457,54.6300225280156,68.8238120581103,50.9403075825036,56.6742558621718,53.9139723869416,54.2615410664962,43.9243591226522,39.3954949464417,67.1390886899903,54.1187615085706,47.0680247012515,61.6298485764804,59.3122217126437,45.9000990300277,56.6952093753819,46.4395396197967
67.6727780100986,48.8115249192123,56.265090488115,49.2132908204496,57.2933935785811,44.6975961282764,45.5095769137948,60.2347523458611,53.061660021384,38.6122324398525,63.0215067323824,50.9077693132252,51.1485310004512,54.9577510911428,47.5302174640457,54.6300225280156,68.8238120581103,50.9403075825036,56.6742558621718,53.9139723869416,54.2615410664962,43.9243591226522,39.3954949464417,67.1390886899903,54.1187615085706,47.0680247012515,61.6298485764804,59.3122217126437,45.9000990300277,57.9790087742034,46.4395396197967
67.6727780100986,48.8115249192123,56.265090488115,49.2132908204496,57.2933935785811,44.6975961282764,45.5095769137948,60.2347523458611,53.061660021384,38.6122324398525,63.0215067323824,50.9077693132252,51.1485310004512,54.9577510911428,47.5302174640457,54.6300225280156,68.8238120581103,50.9403075825036,56.6742558621718,53.9139723869416,54.2615410664962,44.9661598545299,39.3954949464417,67.1390886899903,54.1187615085706,47.0680247012515,61.6298485764804,59.3122217126437,45.9000990300277,57.9790087742034,46.4395396197967
67.6727780100986,48.8115249192123,56.265090488115,49.2132908204496,57.2933935785811,44.6975961282764,45.8257098482696,60.2347523458611,53.061660021384,38.6122324398525,63.0215067323824,50.9077693132252,51.1485310004512,54.9577510911428,47.5302174640457,56.6554406411847,68.8238120581103,50.9403075825036,56.6742558621718,53.9139723869416,54.2615410664962,44.9661598545299,40.0406421789928,67.2360699504869,54.1187615085706,47.4275806295341,61.6298485764804,59.3122217126437,45.9000990300277,57.9790087742034,46.4395396197967
67.9678314663189,48.8115249192123,56.265090488115,49.2132908204496,57.2933935785811,44.6975961282764,45.8257098482696,60.2347523458611,56.4924150600135,38.6122324398525,63.0215067323824,50.9077693132252,51.1485310004512,54.9577510911428,47.5302174640457,56.6554406411847,68.8238120581103,50.9403075825036,56.6742558621718,53.9139723869416,54.2615410664962,44.9661598545299,40.0406421789928,67.2360699504869,55.8834916244562,47.4275806295341,61.9749373294342,59.8100881907864,45.9000990300277,57.9790087742034,46.4395396197967
67.9678314663189,48.8115249192123,56.265090488115,49.2132908204496,57.2933935785811,44.6975961282764,45.8257098482696,60.2347523458611,56.4924150600135,38.6122324398525,63.0215067323824,51.7153858539453,51.1485310004512,54.9577510911428,47.5302174640457,56.6554406411847,68.8238120581103,50.9403075825036,56.6742558621718,53.9139723869416,54.2615410664962,44.9661598545299,40.0406421789928,67.2360699504869,55.8834916244562,47.4275806295341,61.9749373294342,59.8100881907864,46.4315992190271,57.9790087742034,46.4395396197967
67.9678314663189,48.8115249192123,56.265090488115,49.2132908204496,57.2933935785811,44.7550780059698,45.8257098482696,60.2347523458611,56.4924150600135,40.1891598621578,63.0215067323824,51.7153858539453,51.1485310004512,54.9577510911428,47.5302174640457,56.6554406411847,68.9225868906481,50.9403075825036,56.6742558621718,53.9139723869416,54.2615410664962,44.9661598545299,40.0406421789928,67.2360699504869,55.8834916244562,47.4275806295341,61.9749373294342,59.8100881907864,52.5357480196363,57.9790087742034,46.4395396197967
67.9678314663189,48.8115249192123,56.265090488115,49.2132908204496,57.2933935785811,44.7550780059698,46.3581891679091,60.5245270180728,56.4924150600135,40.1891598621578,63.0215067323824,51.7153858539453,51.1485310004512,54.9577510911428,47.5498730074199,56.6554406411847,68.9225868906481,50.9403075825036,56.6742558621718,53.9139723869416,54.2615410664962,44.9661598545299,41.5453218163417,67.2360699504869,55.8834916244562,47.4275806295341,61.9749373294342,59.8100881907864,52.5357480196363,58.8614377507855,46.4395396197967
67.9678314663189,48.8115249192123,56.265090488115,49.2132908204496,57.2933935785811,44.7550780059698,46.3581891679091,60.5245270180728,56.4924150600135,40.1891598621578,63.1966493223963,51.7153858539453,51.1485310004512,54.9577510911428,47.5498730074199,56.6554406411847,68.9225868906481,50.9403075825036,56.6742558621718,53.9139723869416,54.2615410664962,44.9661598545299,41.5453218163417,67.2360699504869,55.8834916244562,47.4275806295341,62.2492079949094,60.3605563692614,52.5357480196363,58.8614377507855,46.4395396197967
67.9678314663189,48.8115249192123,56.265090488115,49.2132908204496,57.2933935785811,44.7550780059698,46.3581891679091,60.5245270180728,56.4924150600135,40.1891598621578,63.1966493223963,51.7153858539453,51.1485310004512,55.7185623369218,47.5498730074199,56.6554406411847,68.9225868906481,50.9403075825036,56.6742558621718,53.9139723869416,54.2615410664962,44.9661598545299,41.5453218163417,67.2360699504869,55.8834916244562,47.4275806295341,62.2492079949094,60.3605563692614,52.5357480196363,58.8614377507855,46.4395396197967
67.9678314663189,49.041157912767,56.265090488115,49.2132908204496,57.2933935785811,47.1133003327811,46.3581891679091,60.5245270180728,56.4924150600135,40.7971798082782,63.1966493223963,51.7153858539453,51.1485310004512,55.7185623369218,47.5498730074199,56.6554406411847,68.9225868906481,50.9403075825036,56.6742558621718,53.9139723869416,54.2615410664962,44.9661598545299,41.5453218163417,67.2360699504869,55.8834916244562,47.4275806295341,62.2492079949094,60.3605563692614,52.5357480196363,58.8614377507855,46.4395396197967
67.9678314663189,49.041157912767,56.265090488115,49.2132908204496,57.2933935785811,47.1133003327811,46.3581891679091,60.5850481682504,56.4924150600135,40.7971798082782,63.1966493223963,51.7153858539453,51.1485310004512,55.7185623369218,47.5498730074199,56.6554406411847,68.9225868906481,52.0826458286827,56.6742558621718,53.9139723869416,54.2615410664962,45.3531356360806,45.1289160855941,67.372980408557,55.8834916244562,47.4275806295341,62.2492079949094,60.3605563692614,52.5357480196363,58.8614377507855,46.5896961696508
67.9678314663189,49.041157912767,56.265090488115,49.2132908204496,57.2933935785811,47.1133003327811,46.3581891679091,60.5850481682504,56.4924150600135,40.7971798082782,63.1966493223963,51.7153858539453,51.1485310004512,55.7185623369218,47.5498730074199,56.6554406411847,68.9225868906481,52.0826458286827,56.6742558621718,54.0285793728991,54.2615410664962,45.3531356360806,45.1289160855941,67.372980408557,55.8834916244562,47.4275806295341,62.2492079949094,61.5321210329416,52.5357480196363,58.8614377507855,46.5896961696508
67.9678314663189,49.041157912767,56.265090488115,49.2132908204496,57.2933935785811,47.1133003327811,46.3581891679091,60.5850481682504,56.4924150600135,40.7971798082782,63.1966493223963,53.5409829017557,51.1485310004512,55.7185623369218,47.8356733254479,56.6554406411847,69.0845216710341,52.0826458286827,56.6742558621718,54.2503882085609,54.2615410664962,45.3531356360806,45.1289160855941,67.372980408557,55.8834916244562,47.4275806295341,62.2492079949094,61.5321210329416,52.5357480196363,58.8614377507855,46.5896961696508
67.9678314663189,49.041157912767,56.265090488115,49.2132908204496,57.2933935785811,47.1133003327811,46.3581891679091,60.5850481682504,56.4924150600135,40.7971798082782,63.1966493223963,53.5409829017557,51.1485310004512,56.7867149915512,47.8356733254479,56.6554406411847,69.0845216710341,53.5695610405575,56.6742558621718,54.2503882085609,54.2615410664962,45.3531356360806,45.1289160855941,67.372980408557,56.2154505030289,47.4275806295341,62.2492079949094,61.5321210329416,52.5357480196363,58.8614377507855,46.5896961696508
67.9678314663189,49.041157912767,56.265090488115,49.2132908204496,57.2933935785811,47.1133003327811,47.4519791149582,60.5850481682504,56.4924150600135,40.7971798082782,63.1966493223963,53.5409829017557,51.1485310004512,56.7867149915512,47.9261017293032,56.6554406411847,69.0845216710341,53.5695610405575,59.0418233265269,54.2503882085609,54.2615410664962,45.3531356360806,45.1289160855941,67.372980408557,56.2154505030289,47.4275806295341,62.2492079949094,61.5321210329416,52.5357480196363,58.8614377507855,46.5896961696508
67.9678314663189,49.041157912767,56.2702145442247,49.2132908204496,57.2933935785811,47.1133003327811,47.4519791149582,60.7784998781155,56.4924150600135,40.7971798082782,63.1966493223963,53.5409829017557,51.1485310004512,56.7867149915512,48.3680959149582,56.6554406411847,69.0845216710341,53.5695610405575,59.0418233265269,54.2503882085609,54.2615410664962,45.3531356360806,45.1289160855941,67.372980408557,56.2154505030289,47.4275806295341,62.2492079949094,61.5321210329416,53.0720410084309,58.8614377507855,46.5896961696508
67.9678314663189,49.041157912767,57.5046621104069,49.2132908204496,57.2933935785811,47.1133003327811,47.4519791149582,60.7784998781155,56.4924150600135,40.7971798082782,63.2293550877704,53.5409829017557,51.1485310004512,56.7867149915512,48.3680959149582,56.6554406411847,69.0845216710341,53.5695610405575,59.0418233265269,54.2503882085609,54.2855750873173,45.9751659983275,45.1289160855941,67.372980408557,56.2154505030289,47.4275806295341,62.2492079949094,61.5321210329416,53.0720410084309,58.8614377507855,46.5896961696508
67.9678314663189,49.0640828622605,57.5046621104069,49.2132908204496,57.2933935785811,47.1133003327811,47.4519791149582,60.7784998781155,56.4924150600135,40.7971798082782,63.2293550877704,53.5409829017557,51.1485310004512,56.7867149915512,48.3680959149582,56.6554406411847,69.0845216710341,53.5695610405575,59.0418233265269,54.2503882085609,54.2855750873173,45.9751659983275,45.1289160855941,67.372980408557,56.2154505030289,47.4275806295341,62.2492079949094,61.5321210329416,53.0720410084309,58.8614377507855,46.5896961696508
67.9678314663189,49.0640828622605,57.5046621104069,49.2132908204496,57.2933935785811,47.1133003327811,47.4519791149582,60.7784998781155,56.4924150600135,40.7971798082782,63.2293550877704,53.5409829017557,51.1485310004512,57.381635271142,48.3680959149582,56.6554406411847,69.0845216710341,53.8981276041331,59.0418233265269,54.2503882085609,54.2855750873173,45.9751659983275,47.9087124310245,67.372980408557,56.589727256692,47.4275806295341,62.2492079949094,61.5321210329416,53.0720410084309,58.8614377507855,46.5896961696508
67.9678314663189,49.0640828622605,57.5046621104069,49.2132908204496,57.2933935785811,47.1133003327811,47.5104518337996,60.7784998781155,56.4924150600135,40.7971798082782,63.2293550877704,53.5409829017557,51.1485310004512,57.381635271142,48.3680959149582,56.6554406411847,69.0845216710341,53.8981276041331,59.0418233265269,54.2503882085609,54.2855750873173,45.9751659983275,47.9087124310245,67.372980408557,56.589727256692,47.4275806295341,62.2492079949094,61.5321210329416,53.0720410084309,58.8614377507855,46.5896961696508
67.9678314663189,49.0640828622605,57.5046621104069,49.2132908204496,57.2933935785811,47.1133003327811,47.5104518337996,60.7784998781155,56.4924150600135,40.7971798082782,63.2293550877704,53.5409829017557,51.1485310004512,57.381635271142,48.3680959149582,56.6554406411847,69.0845216710341,53.8981276041331,59.0418233265269,54.3538445971599,54.2855750873173,45.9751659983275,47.9087124310245,67.372980408557,56.589727256692,47.4275806295341,62.2492079949094,61.5321210329416,53.0720410084309,58.8614377507855,46.5896961696508
67.9678314663189,49.0640828622605,57.5046621104069,49.2132908204496,57.2933935785811,47.1133003327811,47.5104518337996,60.7784998781155,56.4924150600135,40.7971798082782,63.2293550877704,53.5409829017557,51.1485310004512,57.381635271142,48.3680959149582,56.6554406411847,69.0845216710341,53.8981276041331,59.0418233265269,54.3538445971599,54.2855750873173,45.9751659983275,47.9087124310245,67.372980408557,56.589727256692,47.4275806295341,62.2492079949094,61.943710324525,53.0720410084309,58.8614377507855,46.5896961696508
67.9678314663189,49.0640828622605,57.5046621104069,49.2132908204496,57.2933935785811,47.1133003327811,47.5104518337996,60.9697443016916,56.4924150600135,40.7971798082782,63.2293550877704,53.5409829017557,51.1485310004512,60.3616142606671,48.3680959149582,57.028100214112,69.0845216710341,53.8981276041331,59.0418233265269,54.3538445971599,54.2855750873173,45.9751659983275,47.9087124310245,67.372980408557,57.0934617461756,47.4275806295341,62.2492079949094,61.943710324525,53.0720410084309,58.8614377507855,46.5896961696508
67.9678314663189,49.0640828622605,57.5046621104069,49.2132908204496,57.2933935785811,47.1133003327811,47.5104518337996,61.0776159979503,56.4924150600135,40.7971798082782,63.2293550877704,53.5409829017557,51.1562882641426,60.3616142606671,48.3680959149582,57.028100214112,69.1003096139037,53.8981276041331,59.0418233265269,54.3538445971599,54.2943353515103,45.9751659983275,47.9087124310245,67.372980408557,57.0934617461756,48.1755349577289,62.2492079949094,61.943710324525,53.0720410084309,59.1556652479047,46.5896961696508
67.9678314663189,49.305574030742,57.5313870611431,49.2132908204496,57.2933935785811,47.1133003327811,47.5104518337996,61.0776159979503,56.4924150600135,41.0742455326894,63.3076818812118,53.5409829017557,51.1562882641426,60.3616142606671,48.3680959149582,57.028100214112,69.1003096139037,53.8981276041331,59.0418233265269,54.3538445971599,54.2943353515103,45.9751659983275,47.9087124310245,67.372980408557,57.0934617461756,48.1755349577289,62.2492079949094,61.943710324525,53.0720410084309,59.1556652479047,46.5896961696508
67.9678314663189,49.305574030742,57.5313870611431,50.7688760436746,57.3812894073261,47.1133003327811,47.5104518337996,61.0776159979503,56.4924150600135,41.0742455326894,63.3076818812118,53.8971263907356,51.1562882641426,60.3616142606671,48.3680959149582,57.028100214112,69.1003096139037,53.8981276041331,59.0418233265269,54.3538445971599,54.2943353515103,47.5029720434275,48.5500400545425,67.6477142665416,57.0934617461756,48.1755349577289,62.2492079949094,61.943710324525,53.0720410084309,59.1556652479047,46.5896961696508
67.9678314663189,49.305574030742,57.5313870611431,50.7688760436746,57.3812894073261,47.1133003327811,47.5104518337996,61.0776159979503,59.7197217516803,41.0742455326894,63.3076818812118,53.8971263907356,51.19511027949,60.3616142606671,48.3680959149582,57.028100214112,69.3478995620407,53.8981276041331,59.0418233265269,54.3538445971599,54.2943353515103,47.5029720434275,48.5500400545425,67.6477142665416,57.0934617461756,48.1755349577289,62.2492079949094,61.943710324525,53.0720410084309,59.1556652479047,46.5896961696508
67.9678314663189,49.305574030742,57.5313870611431,50.7688760436746,57.3812894073261,47.1133003327811,47.5104518337996,61.0776159979503,59.7197217516803,41.0742455326894,63.3076818812118,53.8971263907356,51.19511027949,60.3616142606671,48.3680959149582,58.3931437298129,69.3478995620407,53.8981276041331,59.0418233265269,54.3538445971599,54.2943353515103,47.5029720434275,48.5500400545425,67.6477142665416,57.0934617461756,48.4707201375255,62.2492079949094,61.943710324525,53.0720410084309,59.1556652479047,46.5896961696508
67.9678314663189,49.305574030742,57.5313870611431,50.7688760436746,57.8772841606442,47.1133003327811,48.3679654613248,61.0776159979503,59.7197217516803,41.0742455326894,63.3076818812118,53.8971263907356,51.19511027949,60.3616142606671,48.3680959149582,58.3931437298129,69.3478995620407,53.8981276041331,59.0418233265269,54.3538445971599,54.2943353515103,47.5029720434275,48.5500400545425,67.6477142665416,57.0934617461756,48.4707201375255,62.2492079949094,61.943710324525,53.0720410084309,59.8711071447653,46.748476559329
67.9678314663189,49.305574030742,57.5313870611431,50.7688760436746,57.8772841606442,47.1133003327811,48.3679654613248,61.0776159979503,59.7197217516803,41.0742455326894,63.3076818812118,53.8971263907356,51.19511027949,60.3616142606671,48.3680959149582,58.3931437298129,69.3478995620407,53.8981276041331,59.0418233265269,54.3538445971599,54.2943353515103,47.783889105423,48.5500400545425,67.6477142665416,57.0934617461756,48.4707201375255,62.2492079949094,62.3208441312049,53.0720410084309,59.8711071447653,46.748476559329
67.9678314663189,49.4574369773381,57.5313870611431,50.7688760436746,57.8772841606442,47.1133003327811,48.3679654613248,61.0776159979503,59.7197217516803,41.0742455326894,63.3076818812118,53.8971263907356,51.19511027949,60.3616142606671,48.3680959149582,58.3931437298129,69.3478995620407,53.8981276041331,59.0418233265269,54.3538445971599,54.3635280663869,47.783889105423,48.5500400545425,67.6477142665416,57.0934617461756,48.4707201375255,62.2492079949094,62.3208441312049,53.0720410084309,59.8711071447653,46.748476559329
67.9678314663189,49.4574369773381,57.5313870611431,50.7688760436746,57.8772841606442,47.1133003327811,48.3679654613248,61.0776159979503,59.7197217516803,41.3463625590538,63.3076818812118,53.8971263907356,51.3305413838037,60.3616142606671,48.3680959149582,58.3931437298129,69.3478995620407,53.8981276041331,59.8993146288049,54.3538445971599,54.3635280663869,47.783889105423,48.5500400545425,67.6477142665416,57.0934617461756,48.4707201375255,62.2492079949094,62.3208441312049,53.0720410084309,59.8711071447653,46.748476559329
67.9678314663189,49.4574369773381,57.872476346551,50.7688760436746,58.4966769099624,47.1133003327811,48.3679654613248,61.0776159979503,59.7197217516803,41.3463625590538,63.3076818812118,53.8971263907356,51.4280249053358,60.3616142606671,48.3680959149582,59.7188555871212,69.3478995620407,53.8981276041331,59.8993146288049,54.3538445971599,54.3635280663869,47.783889105423,48.5500400545425,67.6477142665416,58.9328795976659,49.9780012415966,62.2492079949094,62.3208441312049,53.0720410084309,59.8711071447653,46.748476559329
67.9678314663189,49.4574369773381,57.872476346551,53.8658108536962,58.4966769099624,47.1133003327811,48.3679654613248,61.0776159979503,59.7197217516803,41.3463625590538,63.3076818812118,53.8971263907356,51.4280249053358,60.3616142606671,48.3680959149582,59.7188555871212,69.46351374303,53.8981276041331,59.8993146288049,54.3538445971599,54.3635280663869,47.783889105423,51.2083739222167,67.6477142665416,58.9328795976659,49.9780012415966,62.2492079949094,62.3208441312049,53.0720410084309,59.8711071447653,46.748476559329
67.9678314663189,49.4574369773381,57.872476346551,53.8658108536962,58.4966769099624,47.5064605480084,49.8061362633502,61.0776159979503,59.7197217516803,41.3463625590538,63.3076818812118,54.2116899236353,51.4280249053358,60.3616142606671,48.3680959149582,59.7188555871212,69.46351374303,54.2080413975729,59.8993146288049,54.3881975910171,54.3635280663869,48.5095225828201,51.2083739222167,67.6477142665416,58.9328795976659,49.9780012415966,62.2492079949094,62.9441889420985,53.0720410084309,59.9050738113088,46.748476559329
67.9678314663189,49.4574369773381,57.872476346551,53.8658108536962,59.9750616487576,47.5064605480084,49.8061362633502,61.0776159979503,59.7197217516803,41.3463625590538,63.3076818812118,54.2116899236353,51.4280249053358,60.8414745935168,48.3680959149582,59.7188555871212,69.46351374303,54.2080413975729,59.8993146288049,54.3881975910171,54.3635280663869,48.5095225828201,51.2083739222167,67.6477142665416,58.9328795976659,49.9780012415966,62.3677946419281,62.9441889420985,53.0720410084309,59.9050738113088,46.748476559329
67.9678314663189,49.4840505659048,57.872476346551,53.8658108536962,59.9750616487576,47.5064605480084,49.8061362633502,61.0776159979503,59.7197217516803,41.3463625590538,63.3076818812118,54.2116899236353,51.4280249053358,60.8581203776455,48.3680959149582,59.7188555871212,69.46351374303,54.2080413975729,59.8993146288049,54.3881975910171,54.3635280663869,48.5095225828201,51.2083739222167,67.6477142665416,58.9328795976659,49.9780012415966,62.3677946419281,62.9441889420985,53.0720410084309,59.9050738113088,46.748476559329
67.9678314663189,49.4840505659048,57.872476346551,53.8658108536962,59.9750616487576,47.5064605480084,49.8061362633502,61.0776159979503,59.7197217516803,41.3463625590538,63.3076818812118,54.2116899236353,51.4280249053358,60.8581203776455,48.3680959149582,59.7188555871212,69.4718598861063,54.2080413975729,60.5028223162676,54.3881975910171,54.3635280663869,48.5095225828201,51.2083739222167,67.6477142665416,58.9328795976659,49.9780012415966,62.3677946419281,62.9441889420985,53.0720410084309,59.9050738113088,46.7727641336533
67.9678314663189,49.4840505659048,57.872476346551,53.8658108536962,59.9750616487576,47.5064605480084,51.6872471372156,61.0776159979503,59.7197217516803,41.4305098350684,63.3076818812118,54.2116899236353,51.4280249053358,60.8581203776455,48.3680959149582,59.7188555871212,69.4718598861063,57.1354783061435,60.5028223162676,54.3881975910171,54.3635280663869,48.5095225828201,51.2083739222167,67.6477142665416,58.9328795976659,49.9780012415966,62.3677946419281,62.9441889420985,53.0720410084309,59.9050738113088,46.7727641336533
67.9678314663189,49.4840505659048,57.872476346551,53.8658108536962,59.9750616487576,47.5064605480084,51.6872471372156,61.0776159979503,59.7197217516803,41.4305098350684,63.3076818812118,54.2116899236353,51.8047333732867,60.8581203776455,48.3680959149582,59.7188555871212,69.4718598861063,57.1354783061435,60.5028223162676,54.3881975910171,54.3635280663869,48.6427850733843,51.2083739222167,67.6477142665416,58.9328795976659,49.9780012415966,62.3677946419281,62.9441889420985,53.0720410084309,59.9050738113088,46.7727641336533
67.9678314663189,49.4840505659048,57.872476346551,53.8658108536962,59.9750616487576,47.5064605480084,51.6872471372156,61.0776159979503,59.7197217516803,41.4305098350684,63.3140140943072,54.2116899236353,51.8047333732867,60.8581203776455,48.3680959149582,59.7188555871212,69.4718598861063,57.1354783061435,60.5028223162676,54.3881975910171,54.3635280663869,48.6427850733843,51.2083739222167,67.6477142665416,58.9328795976659,49.9780012415966,62.3677946419281,62.9441889420985,53.0720410084309,60.9839570529889,46.7727641336533
67.9678314663189,49.4840505659048,57.872476346551,53.8658108536962,59.9750616487576,47.8092781389098,51.6872471372156,61.0776159979503,59.7197217516803,41.4305098350684,63.3140140943072,54.2116899236353,51.8047333732867,60.8581203776455,48.3680959149582,59.7188555871212,69.4718598861063,57.1354783061435,60.5028223162676,54.6950851607505,54.3635280663869,48.6427850733843,52.3236896306706,67.6477142665416,59.5751109924053,49.9780012415966,62.3677946419281,62.9441889420985,53.0720410084309,60.9839570529889,46.7727641336533
68.1657574626064,49.4867985976175,57.872476346551,53.8658108536962,60.9289753743553,47.8092781389098,51.6872471372156,61.0776159979503,59.7197217516803,41.7732819504913,63.3140140943072,54.3454338354668,51.8047333732867,60.8581203776455,48.3680959149582,59.7188555871212,69.4718598861063,57.1354783061435,60.5028223162676,54.6950851607505,54.3635280663869,48.6427850733843,52.3236896306706,67.6477142665416,59.5751109924053,49.9780012415966,62.3677946419281,62.9441889420985,53.0720410084309,60.9839570529889,46.7727641336533
68.1657574626064,49.4867985976175,57.872476346551,53.8658108536962,60.9289753743553,48.1836622997762,51.6872471372156,61.0776159979503,59.7197217516803,41.7732819504913,63.3140140943072,55.263549883312,51.8047333732867,60.8581203776455,48.3680959149582,59.7188555871212,69.4718598861063,57.1354783061435,60.5028223162676,54.6950851607505,54.3635280663869,48.6427850733843,52.3236896306706,67.6477142665416,59.5751109924053,49.9780012415966,62.3677946419281,62.9441889420985,54.3507583482122,60.9839570529889,46.7727641336533
68.1657574626064,49.4867985976175,57.872476346551,53.8658108536962,60.9289753743553,48.1836622997762,51.6872471372156,61.0776159979503,59.7197217516803,41.7732819504913,63.3140140943072,55.263549883312,51.8047333732867,60.8581203776455,48.3680959149582,59.7188555871212,69.4718598861063,57.1354783061435,60.5028223162676,54.6950851607505,54.3635280663869,48.6427850733843,52.3236896306706,67.6477142665416,59.5751109924053,50.5883415294754,62.3677946419281,62.9441889420985,54.3507583482122,60.9839570529889,46.7727641336533
68.1657574626064,49.4867985976175,57.872476346551,53.8658108536962,61.2975172233568,48.1836622997762,51.6872471372156,61.0776159979503,59.7197217516803,41.7732819504913,63.329674236799,55.263549883312,51.8047333732867,60.8581203776455,48.3680959149582,59.7188555871212,69.4718598861063,57.1354783061435,60.5028223162676,54.6950851607505,54.3635280663869,48.6427850733843,52.3236896306706,67.6477142665416,59.9619860093355,50.5883415294754,62.3677946419281,62.9441889420985,54.3507583482122,60.9839570529889,46.7727641336533
68.1657574626064,49.4867985976175,57.872476346551,53.8658108536962,61.2975172233568,48.1836622997762,51.6872471372156,61.0776159979503,59.7197217516803,41.7732819504913,63.329674236799,55.263549883312,51.8047333732867,60.8581203776455,48.3680959149582,59.7188555871212,69.4718598861063,57.1354783061435,60.5028223162676,54.6950851607505,54.3635280663869,48.6427850733843,52.3236896306706,67.7888565929005,62.9314733500952,50.5883415294754,62.3787168984818,62.9441889420985,54.3507583482122,60.9839570529889,46.7727641336533
68.5763929356311,49.4867985976175,57.872476346551,53.8658108536962,61.2975172233568,48.5861761155411,51.6872471372156,61.0776159979503,59.7197217516803,41.7732819504913,63.329674236799,55.263549883312,51.8047333732867,60.8581203776455,48.3680959149582,59.7188555871212,69.4718598861063,57.1354783061435,60.5028223162676,54.6950851607505,54.3635280663869,48.6427850733843,52.3236896306706,67.7888565929005,62.9314733500952,50.5883415294754,62.3787168984818,62.9441889420985,54.3507583482122,60.9839570529889,46.7727641336533
68.5763929356311,49.4867985976175,57.872476346551,53.8658108536962,61.2975172233568,48.5861761155411,51.6872471372156,61.0776159979503,59.7197217516803,41.7732819504913,63.329674236799,55.263549883312,51.8047333732867,60.8581203776455,48.3680959149582,59.7188555871212,69.4718598861063,57.1354783061435,60.5028223162676,54.7782726672561,54.411736281298,49.0040156075401,52.3236896306706,67.7888565929005,62.9314733500952,50.5883415294754,62.3787168984818,62.9441889420985,54.3507583482122,60.9839570529889,46.7727641336533
68.5763929356311,49.4867985976175,58.2130295621053,53.8658108536962,61.2975172233568,48.5861761155411,51.6872471372156,61.0776159979503,60.9849234396179,41.7732819504913,63.329674236799,55.263549883312,51.8047333732867,60.8581203776455,48.4412750444893,59.7188555871212,69.4718598861063,57.1354783061435,60.6450463340244,54.7782726672561,54.411736281298,49.0040156075401,52.9167479513005,67.7888565929005,62.9314733500952,50.9523652145354,62.3787168984818,62.9441889420985,54.3507583482122,60.9839570529889,46.7727641336533
68.5763929356311,49.4867985976175,58.2130295621053,53.8658108536962,61.2975172233568,48.5861761155411,51.6872471372156,61.0776159979503,60.9849234396179,41.7732819504913,63.3602947727669,55.263549883312,51.8047333732867,61.0754720280082,48.4412750444893,59.7188555871212,69.4718598861063,57.1354783061435,60.6450463340244,54.7782726672561,54.411736281298,49.0040156075401,52.9167479513005,67.7888565929005,62.9314733500952,50.9523652145354,62.3787168984818,62.9441889420985,54.3507583482122,61.1447561253581,46.7727641336533
68.5763929356311,49.4867985976175,58.2130295621053,53.8658108536962,61.2975172233568,48.5861761155411,51.6872471372156,61.0776159979503,60.9849234396179,41.7732819504913,63.3602947727669,55.263549883312,51.8047333732867,61.0754720280082,48.4412750444893,59.7188555871212,69.5117443830693,57.1354783061435,60.6450463340244,55.051602299911,54.411736281298,49.0040156075401,52.9167479513005,67.7888565929005,62.9314733500952,50.9523652145354,62.3787168984818,62.9441889420985,54.3507583482122,61.1447561253581,46.7727641336533
68.6690074153145,49.4867985976175,58.2130295621053,53.8658108536962,61.2975172233568,48.7136161231546,51.6872471372156,61.0776159979503,60.9849234396179,41.7732819504913,63.3602947727669,55.263549883312,52.4235303145495,61.0754720280082,48.4412750444893,60.5540527209431,69.5117443830693,57.1354783061435,60.6450463340244,55.2563804584094,54.4293045023823,49.0040156075401,52.9167479513005,67.8765026247656,62.9314733500952,50.9523652145354,62.3787168984818,62.9441889420985,54.3507583482122,61.1447561253581,46.7727641336533
68.6690074153145,49.4867985976175,58.2130295621053,53.8658108536962,61.2975172233568,48.7136161231546,51.6872471372156,61.0776159979503,60.9849234396179,41.7732819504913,63.3602947727669,55.263549883312,52.4235303145495,61.0754720280082,48.4412750444893,60.5540527209431,69.5117443830693,57.1354783061435,60.6450463340244,55.2563804584094,54.4293045023823,49.3144953736291,53.7627990240173,67.8765026247656,62.9314733500952,50.9523652145354,62.3787168984818,62.9441889420985,54.3507583482122,61.1447561253581,46.7727641336533
68.6690074153145,49.4867985976175,58.2130295621053,53.8658108536962,61.2975172233568,48.7136161231546,51.6872471372156,61.0776159979503,60.9849234396179,41.8951463698514,63.3602947727669,55.263549883312,52.4235303145495,61.0754720280082,48.4412750444893,60.5540527209431,69.5117443830693,57.1354783061435,60.7891684068808,55.2563804584094,54.4293045023823,49.3144953736291,53.7627990240173,67.8765026247656,62.9314733500952,50.9523652145354,62.3787168984818,62.9441889420985,54.3507583482122,61.1447561253581,46.7727641336533
68.6690074153145,49.4867985976175,58.2130295621053,53.8658108536962,61.2975172233568,48.7136161231546,51.6872471372156,61.0776159979503,60.9849234396179,41.8951463698514,63.3602947727669,55.263549883312,52.4235303145495,61.0754720280082,48.4412750444893,60.5540527209431,69.5655046983864,57.1354783061435,60.7891684068808,55.2563804584094,54.4293045023823,49.3144953736291,53.7627990240173,67.8765026247656,62.9314733500952,50.9523652145354,62.3787168984818,63.0102363566993,55.0466028529306,61.1447561253581,46.7727641336533
68.6775387817194,49.4867985976175,58.2130295621053,53.8658108536962,61.2975172233568,49.7018750016277,51.6872471372156,61.0776159979503,60.9849234396179,41.8951463698514,63.3602947727669,55.263549883312,52.4235303145495,61.0754720280082,48.4412750444893,60.5540527209431,69.5655046983864,57.1354783061435,60.7891684068808,55.2563804584094,54.4536608793084,49.3144953736291,53.7627990240173,67.8765026247656,62.9314733500952,50.9523652145354,62.4357136136487,63.0102363566993,55.0466028529306,61.1447561253581,46.7727641336533
68.6775387817194,49.4867985976175,58.3594788042262,53.8658108536962,61.2975172233568,49.7018750016277,51.6872471372156,61.0776159979503,60.9849234396179,41.8951463698514,63.3602947727669,55.263549883312,52.4235303145495,61.0754720280082,48.4412750444893,60.5540527209431,69.5655046983864,57.1354783061435,60.7891684068808,55.2563804584094,54.4536608793084,49.4278351852098,53.7627990240173,67.8765026247656,62.9314733500952,52.6663450043637,62.4357136136487,63.0102363566993,55.0466028529306,61.1447561253581,46.7727641336533
68.6775387817194,49.4867985976175,58.3594788042262,53.8658108536962,61.2975172233568,49.7018750016277,51.6872471372156,61.0776159979503,60.9849234396179,41.8951463698514,63.6232734496746,55.263549883312,52.4235303145495,61.0754720280082,48.4412750444893,60.5540527209431,69.5655046983864,57.1354783061435,60.7891684068808,55.2563804584094,54.4536608793084,49.6453237047713,53.7627990240173,67.8765026247656,62.9314733500952,52.6663450043637,62.4357136136487,63.0102363566993,55.0466028529306,61.1447561253581,46.7727641336533
68.6775387817194,49.4867985976175,58.3594788042262,53.8658108536962,61.2975172233568,49.7018750016277,51.6872471372156,61.0776159979503,60.9849234396179,42.3493837238946,63.6232734496746,55.263549883312,52.4235303145495,61.0754720280082,48.4412750444893,60.5540527209431,69.5655046983864,57.1354783061435,60.7891684068808,55.2563804584094,54.4536608793084,49.6453237047713,53.7627990240173,67.8765026247656,62.9314733500952,52.6663450043637,62.4357136136487,63.0102363566993,55.0466028529306,61.2804658529885,46.7727641336533
68.6775387817194,49.4867985976175,58.3594788042262,53.8658108536962,61.2975172233568,49.7018750016277,51.6872471372156,61.1403564966359,60.9849234396179,42.3493837238946,63.6232734496746,55.263549883312,52.4235303145495,61.0754720280082,48.4412750444893,60.5540527209431,69.5655046983864,57.1354783061435,61.3743067306313,55.2563804584094,54.5126713453205,49.6453237047713,53.7627990240173,67.8765026247656,62.9314733500952,52.6663450043637,62.4357136136487,63.0418308819585,55.0893765822979,61.2804658529885,46.7727641336533
68.6775387817194,49.6351193458335,58.3594788042262,53.8658108536962,61.7537916685442,49.7018750016277,51.6872471372156,61.1403564966359,61.4177056583725,42.3493837238946,63.6232734496746,55.263549883312,52.4235303145495,61.0754720280082,48.4412750444893,60.5540527209431,69.5655046983864,57.1354783061435,61.3743067306313,55.2563804584094,54.5126713453205,49.6453237047713,53.7627990240173,67.8765026247656,62.9314733500952,52.6663450043637,62.7163256495211,63.0418308819585,55.0893765822979,61.2804658529885,46.9294001129376
68.6775387817194,49.6351193458335,58.3594788042262,53.8658108536962,61.7537916685442,49.7018750016277,51.7421250894621,61.1403564966359,61.4177056583725,42.3493837238946,63.7991257925337,55.263549883312,52.4235303145495,61.0754720280082,48.4412750444893,60.5540527209431,69.5655046983864,57.1354783061435,61.3743067306313,55.2563804584094,54.5126713453205,51.5582919341517,53.7627990240173,67.8765026247656,62.9314733500952,52.9216870045168,62.7163256495211,63.0418308819585,55.0893765822979,61.2804658529885,46.9294001129376
68.6775387817194,49.6351193458335,58.3594788042262,53.8658108536962,61.7537916685442,49.7018750016277,51.7421250894621,61.1403564966359,61.4177056583725,42.3493837238946,63.7991257925337,55.263549883312,52.4235303145495,61.8977334298813,48.4412750444893,60.5540527209431,69.5655046983864,57.1354783061435,61.3743067306313,55.2563804584094,54.5126713453205,51.5582919341517,53.7627990240173,67.8765026247656,62.9314733500952,52.9216870045168,62.7163256495211,63.0418308819585,55.0893765822979,61.4674263388256,46.9294001129376
68.6775387817194,49.6351193458335,58.3594788042262,53.8658108536962,62.1819097121214,49.7018750016277,51.7421250894621,61.1403564966359,61.4177056583725,42.4874082256895,63.7991257925337,55.2790809025555,52.4235303145495,61.8977334298813,48.4412750444893,60.5540527209431,69.5655046983864,57.1354783061435,61.3743067306313,55.2563804584094,54.5126713453205,51.5582919341517,53.7627990240173,67.8765026247656,63.142036981156,52.9216870045168,62.7163256495211,63.0514420982026,55.0893765822979,61.7451909898607,46.9294001129376
68.6775387817194,49.6351193458335,58.3594788042262,53.8658108536962,62.1819097121214,49.7018750016277,51.7421250894621,61.1403564966359,61.4177056583725,42.4874082256895,63.9856518058912,55.2790809025555,52.4235303145495,61.8977334298813,48.4412750444893,60.5540527209431,69.5655046983864,57.1354783061435,61.3743067306313,55.2563804584094,54.5126713453205,51.5582919341517,53.7627990240173,67.8765026247656,63.142036981156,52.9216870045168,62.7163256495211,63.2426139429714,55.0893765822979,61.7451909898607,46.9294001129376
68.7101879649455,49.6351193458335,58.3594788042262,54.0879016960206,62.1819097121214,49.7018750016277,51.7421250894621,61.1403564966359,61.6212956796795,42.4874082256895,63.9856518058912,55.2790809025555,52.4235303145495,61.8977334298813,48.4412750444893,60.5540527209431,69.5655046983864,57.1354783061435,61.3743067306313,55.2563804584094,54.5126713453205,51.5582919341517,53.7627990240173,67.8765026247656,63.142036981156,52.9216870045168,62.7163256495211,63.2426139429714,55.0893765822979,61.7451909898607,46.9294001129376
68.7101879649455,49.6351193458335,58.3594788042262,54.0879016960206,62.7111019350764,49.7018750016277,51.7421250894621,61.1403564966359,61.6212956796795,42.4874082256895,63.9856518058912,55.2790809025555,52.4235303145495,61.8977334298813,48.4412750444893,60.5540527209431,69.5655046983864,57.1354783061435,61.3743067306313,55.2563804584094,54.5126713453205,51.5582919341517,53.7627990240173,67.8765026247656,63.142036981156,52.9216870045168,62.7522209358565,63.2426139429714,56.5306226668536,61.8293756966614,46.9294001129376
68.7101879649455,49.685453286099,58.3594788042262,54.0879016960206,62.7111019350764,49.7018750016277,51.7421250894621,61.1403564966359,61.6212956796795,42.5044863517547,63.9856518058912,55.3318931455478,52.4235303145495,61.8977334298813,48.4950635485503,60.5540527209431,69.5655046983864,57.1354783061435,61.3743067306313,55.2563804584094,54.5126713453205,51.5582919341517,56.5432234274525,67.8765026247656,63.142036981156,52.9216870045168,62.7522209358565,63.2426139429714,56.5306226668536,61.8293756966614,46.9294001129376
68.7101879649455,49.685453286099,58.3594788042262,54.0879016960206,62.7111019350764,49.7018750016277,51.7421250894621,61.1403564966359,61.6212956796795,42.5044863517547,63.9856518058912,55.7150557486738,52.4235303145495,61.8977334298813,48.4950635485503,60.5540527209431,69.5655046983864,57.1354783061435,61.3743067306313,55.2563804584094,54.5126713453205,51.5582919341517,56.5432234274525,67.8765026247656,63.1821849217118,52.9216870045168,62.7522209358565,63.2426139429714,56.5306226668536,61.8293756966614,46.9294001129376
68.7101879649455,49.685453286099,58.3594788042262,54.0879016960206,62.7111019350764,49.7018750016277,51.7421250894621,61.2021776072458,61.6212956796795,42.5044863517547,63.9856518058912,55.7150557486738,52.486270809099,61.8977334298813,48.4950635485503,60.5540527209431,69.5655046983864,57.1354783061435,61.3743067306313,55.2563804584094,54.5126713453205,51.5582919341517,56.5432234274525,67.8765026247656,63.1821849217118,52.9216870045168,62.7522209358565,63.2426139429714,56.5306226668536,61.8293756966614,46.9294001129376
68.7101879649455,49.685453286099,58.3594788042262,54.0879016960206,62.7111019350764,49.7018750016277,52.789811273268,61.3946781943745,61.6212956796795,42.5044863517547,63.9856518058912,55.7150557486738,52.486270809099,61.8977334298813,48.4950635485503,60.5540527209431,69.5655046983864,57.1354783061435,61.3743067306313,55.2563804584094,54.5126713453205,51.5582919341517,56.5432234274525,67.8765026247656,63.1821849217118,52.9216870045168,62.7522209358565,63.2426139429714,56.5378606515127,61.8293756966614,46.9903973397122
68.7101879649455,49.685453286099,58.3594788042262,54.0879016960206,62.7111019350764,49.7018750016277,52.789811273268,61.3946781943745,61.8832678960666,42.5044863517547,63.9856518058912,56.3184112989277,52.486270809099,61.8977334298813,48.4950635485503,60.5540527209431,69.5655046983864,57.1354783061435,61.6254314331184,55.2563804584094,54.5126713453205,51.5582919341517,56.5432234274525,67.8765026247656,63.1821849217118,52.9216870045168,62.8282964558515,63.2426139429714,59.0475540219271,61.8293756966614,46.9903973397122
68.7101879649455,49.685453286099,58.3594788042262,54.0879016960206,62.7111019350764,49.7018750016277,52.789811273268,61.3946781943745,62.3487795511299,42.5044863517547,63.9856518058912,56.734642188148,52.486270809099,61.8977334298813,48.4950635485503,60.5540527209431,69.5655046983864,57.1354783061435,61.6254314331184,55.2563804584094,54.5126713453205,51.5582919341517,56.5432234274525,67.8765026247656,63.1821849217118,52.9216870045168,62.8282964558515,63.2864882606868,59.0475540219271,61.8293756966614,46.9903973397122
68.7101879649455,49.685453286099,58.4514821278824,55.0641652218084,62.7111019350764,49.7018750016277,52.789811273268,61.3946781943745,62.3487795511299,42.5044863517547,63.9856518058912,56.734642188148,52.495127959727,61.8977334298813,48.6227337423481,60.5540527209431,69.5655046983864,57.1354783061435,61.6254314331184,55.2563804584094,54.5168249764109,51.5582919341517,56.5432234274525,67.8765026247656,63.292065190761,53.6693640228794,62.8282964558515,63.9483724551149,59.0475540219271,61.8293756966614,46.9903973397122
68.7101879649455,49.685453286099,58.4514821278824,55.8567543107279,62.7111019350764,49.7018750016277,52.789811273268,61.3946781943745,62.3487795511299,42.5044863517547,64.0496658408711,56.734642188148,52.495127959727,61.8977334298813,48.6227337423481,60.5540527209431,69.5655046983864,58.6155803514617,61.6254314331184,55.2563804584094,54.5168249764109,51.5582919341517,56.5432234274525,67.8765026247656,63.292065190761,53.6693640228794,62.8282964558515,63.9483724551149,59.0475540219271,61.8293756966614,46.9903973397122
68.7101879649455,49.685453286099,58.4514821278824,55.8567543107279,62.7111019350764,49.7018750016277,52.789811273268,61.5257589468737,62.3487795511299,42.5044863517547,64.0496658408711,56.734642188148,52.495127959727,61.9990034113688,48.6227337423481,60.5540527209431,69.5655046983864,58.6155803514617,61.6254314331184,55.2563804584094,54.5168249764109,51.5582919341517,56.5432234274525,67.8765026247656,63.292065190761,53.6693640228794,62.8282964558515,63.9483724551149,59.0475540219271,61.8293756966614,46.9903973397122
68.7101879649455,49.685453286099,58.4514821278824,55.8567543107279,62.7111019350764,49.7018750016277,52.789811273268,61.5257589468737,62.3487795511299,42.5044863517547,64.0496658408711,56.734642188148,52.495127959727,61.9990034113688,48.6227337423481,60.5540527209431,69.5655046983864,58.6155803514617,61.6254314331184,55.2563804584094,54.5168249764109,51.5582919341517,56.5432234274525,67.8765026247656,63.292065190761,53.6693640228794,62.8282964558515,63.9483724551149,59.0475540219271,61.9478467788322,46.9903973397122
68.7101879649455,49.685453286099,58.4514821278824,55.8567543107279,62.7235172469297,49.7018750016277,52.789811273268,61.5257589468737,62.6319404551625,42.5044863517547,64.1128382108022,56.734642188148,52.495127959727,61.9990034113688,48.6227337423481,60.5540527209431,69.5655046983864,58.6155803514617,61.7295112638175,55.2563804584094,54.5168249764109,51.5582919341517,56.5432234274525,67.8765026247656,63.292065190761,53.6693640228794,62.8282964558515,64.1413648014832,59.0475540219271,61.9478467788322,46.9903973397122
68.7101879649455,49.7605679348314,58.4514821278824,55.8567543107279,62.7235172469297,49.7018750016277,52.789811273268,61.5257589468737,62.6319404551625,42.5044863517547,64.1461891304182,56.734642188148,52.495127959727,61.9990034113688,48.6227337423481,60.5540527209431,69.5655046983864,58.6155803514617,61.7295112638175,55.2563804584094,54.5168249764109,51.5582919341517,56.5432234274525,67.8765026247656,63.292065190761,53.6693640228794,62.8282964558515,64.1413648014832,59.0475540219271,61.9478467788322,46.9903973397122
68.7101879649455,49.7605679348314,58.4514821278824,55.8567543107279,62.7235172469297,49.7018750016277,52.789811273268,61.5257589468737,62.6319404551625,42.5044863517547,64.1461891304182,56.734642188148,52.495127959727,62.3941093276828,48.6227337423481,60.5540527209431,69.5655046983864,59.4642762759437,61.7295112638175,55.2563804584094,54.5168249764109,51.5582919341517,56.5432234274525,67.8765026247656,63.292065190761,53.6693640228794,62.8282964558515,64.1413648014832,59.0475540219271,61.9478467788322,46.9903973397122
68.7101879649455,49.7605679348314,58.4514821278824,55.8567543107279,62.7255374502238,49.7018750016277,52.789811273268,61.5257589468737,62.6319404551625,42.5216392527333,64.1461891304182,56.734642188148,52.495127959727,62.3941093276828,48.6227337423481,60.5540527209431,69.5655046983864,59.4642762759437,61.7295112638175,55.2904010392514,54.5168249764109,51.5582919341517,56.5432234274525,67.8765026247656,63.292065190761,53.6693640228794,62.8282964558515,64.1413648014832,59.0475540219271,61.9478467788322,46.9903973397122
68.7101879649455,49.7605679348314,58.4514821278824,56.7801645067675,62.7255374502238,51.1099433417437,52.789811273268,61.5257589468737,62.6319404551625,42.5216392527333,64.1985143977507,56.734642188148,52.495127959727,62.3941093276828,48.6227337423481,60.5540527209431,69.5655046983864,59.4642762759437,61.7295112638175,55.2904010392514,54.5168249764109,51.5582919341517,56.5432234274525,67.8765026247656,63.292065190761,53.6693640228794,62.8282964558515,64.8203194640281,59.0475540219271,61.9478467788322,47.0218480838048
68.7101879649455,49.7605679348314,58.4514821278824,56.7801645067675,62.7255374502238,51.1099433417437,52.789811273268,61.84819815204,62.6319404551625,42.5216392527333,64.1985143977507,56.734642188148,52.495127959727,62.3941093276828,48.6227337423481,60.5540527209431,69.5885208482084,59.4642762759437,61.7295112638175,55.2904010392514,54.5168249764109,51.5582919341517,56.5432234274525,67.8765026247656,64.0691818318923,53.6693640228794,62.8282964558515,64.8203194640281,59.0475540219271,61.9478467788322,47.0319787224265
68.7101879649455,49.7605679348314,58.4514821278824,56.7801645067675,62.7255374502238,51.1099433417437,52.789811273268,61.84819815204,62.8241611618797,42.5216392527333,64.1985143977507,56.734642188148,52.495127959727,62.3941093276828,48.6227337423481,60.5540527209431,69.5885208482084,59.4642762759437,61.8820484150633,55.2904010392514,54.5502171250646,51.5582919341517,56.5432234274525,67.8765026247656,64.0691818318923,53.6693640228794,62.8282964558515,64.8203194640281,59.0475540219271,61.9478467788322,47.4663111095732
68.7101879649455,49.7605679348314,58.4514821278824,56.7801645067675,62.7255374502238,51.1099433417437,52.789811273268,61.84819815204,62.8241611618797,42.5216392527333,64.2383438313685,56.734642188148,52.495127959727,62.3941093276828,48.6227337423481,60.5540527209431,69.5885208482084,59.4642762759437,61.8820484150633,55.4419221830109,54.5502171250646,51.5582919341517,56.5432234274525,67.8765026247656,64.0691818318923,53.6693640228794,62.8282964558515,64.8203194640281,59.0475540219271,61.9478467788322,47.4663111095732
68.7424441155085,49.7605679348314,58.4514821278824,56.7801645067675,62.7255374502238,51.1099433417437,52.789811273268,61.84819815204,62.8241611618797,42.5216392527333,64.2383438313685,56.734642188148,52.495127959727,62.3941093276828,48.6227337423481,60.5540527209431,69.5885208482084,60.2411349974178,61.8820484150633,55.4419221830109,54.5502171250646,51.5582919341517,56.5432234274525,67.8765026247656,64.0691818318923,53.6693640228794,62.9953569615947,64.8203194640281,59.0475540219271,61.9478467788322,47.4663111095732
68.7424441155085,49.7605679348314,58.4514821278824,56.7801645067675,63.0508491722708,51.6535906905319,52.789811273268,61.84819815204,62.8241611618797,42.5216392527333,64.2383438313685,56.734642188148,52.495127959727,62.3941093276828,48.6227337423481,60.5540527209431,69.5885208482084,60.2411349974178,61.8820484150633,55.4419221830109,54.5502171250646,51.5582919341517,56.5432234274525,67.8765026247656,64.0691818318923,53.6693640228794,62.9953569615947,64.8203194640281,59.0475540219271,61.9478467788322,47.4663111095732
68.7424441155085,49.7682223056026,58.4514821278824,56.7801645067675,63.0508491722708,51.6535906905319,52.789811273268,61.84819815204,62.8241611618797,42.6388611764961,64.2671402755716,56.734642188148,52.495127959727,62.3941093276828,48.6227337423481,60.5540527209431,69.5885208482084,60.2411349974178,61.8820484150633,55.4419221830109,54.5502171250646,51.5582919341517,56.5432234274525,67.8765026247656,64.0691818318923,53.6693640228794,62.9953569615947,64.8203194640281,59.4431254340434,62.1554278791895,47.4663111095732
68.7636638891035,49.7682223056026,58.4514821278824,56.7801645067675,63.0508491722708,51.6535906905319,52.789811273268,61.84819815204,62.8241611618797,42.6388611764961,64.2671402755716,56.734642188148,52.495127959727,62.3941093276828,48.6227337423481,60.5540527209431,69.5885208482084,60.2411349974178,61.8820484150633,55.4419221830109,54.5502171250646,51.5582919341517,56.5432234274525,67.8765026247656,64.0691818318923,53.6693640228794,62.9953569615947,64.8203194640281,59.4431254340434,62.1554278791895,47.4663111095732
68.7636638891035,49.7682223056026,58.4514821278824,56.9097930702998,63.0508491722708,51.6535906905319,52.789811273268,61.84819815204,64.4327190356487,42.6388611764961,64.2671402755716,56.734642188148,52.495127959727,62.7378801689321,48.6227337423481,61.2912671441338,69.5885208482084,60.2411349974178,61.8820484150633,55.4419221830109,54.5878071179647,51.5582919341517,56.5432234274525,67.8765026247656,64.0691818318923,53.6693640228794,62.9953569615947,64.8203194640281,59.4431254340434,62.1554278791895,47.4663111095732
68.7636638891035,49.7682223056026,58.4784071365756,56.9097930702998,63.0508491722708,51.6535906905319,52.789811273268,61.84819815204,64.4327190356487,42.6388611764961,64.4154599096167,56.734642188148,52.495127959727,62.7378801689321,48.6227337423481,61.2912671441338,69.619209530252,60.2411349974178,61.8820484150633,55.4419221830109,54.5878071179647,51.641784036954,56.5432234274525,67.8765026247656,64.0691818318923,53.6693640228794,62.9953569615947,64.8203194640281,59.4431254340434,62.2425161140548,47.5671027349102
68.7636638891035,49.8209390429162,58.4784071365756,56.9097930702998,63.0508491722708,51.6535906905319,52.789811273268,61.84819815204,64.4327190356487,42.6388611764961,64.4154599096167,56.734642188148,52.495127959727,62.7378801689321,48.6227337423481,61.2912671441338,69.619209530252,60.2411349974178,61.8820484150633,55.4419221830109,54.5878071179647,51.641784036954,56.5432234274525,67.8765026247656,64.0691818318923,53.6693640228794,62.9953569615947,64.8203194640281,59.4431254340434,62.2425161140548,47.6612174621345
68.7995561896724,49.8209390429162,58.4784071365756,56.9097930702998,63.0508491722708,51.6535906905319,52.789811273268,61.84819815204,64.4327190356487,42.6558969006204,64.4154599096167,56.734642188148,52.495127959727,62.7378801689321,48.6227337423481,61.2912671441338,69.619209530252,60.2411349974178,61.8820484150633,55.4419221830109,54.5878071179647,51.641784036954,56.5432234274525,67.8765026247656,64.0691818318923,53.6693640228794,62.9953569615947,64.8203194640281,59.4431254340434,62.2425161140548,47.6612174621345
68.7995561896724,49.8209390429162,58.4784071365756,56.9097930702998,63.0508491722708,51.6535906905319,52.789811273268,61.84819815204,64.4327190356487,42.6558969006204,64.5901505886311,56.734642188148,52.495127959727,62.9611333985713,48.6227337423481,61.2912671441338,69.619209530252,60.2411349974178,61.8820484150633,55.4419221830109,54.5878071179647,51.641784036954,56.5432234274525,67.8765026247656,64.0691818318923,53.6693640228794,62.9953569615947,64.8203194640281,59.4431254340434,62.2425161140548,47.6612174621345
68.7995561896724,49.8209390429162,58.4784071365756,56.9097930702998,63.0508491722708,51.6535906905319,53.9890105872278,61.84819815204,64.4327190356487,42.6558969006204,64.788315635199,56.734642188148,52.495127959727,62.9611333985713,48.6227337423481,61.2912671441338,69.619209530252,60.2411349974178,61.8820484150633,55.4419221830109,54.5878071179647,51.7967934022035,56.5432234274525,67.8765026247656,64.0691818318923,53.6693640228794,62.9953569615947,64.8203194640281,59.4431254340434,62.8424097385953,47.6612174621345
68.7995561896724,49.8209390429162,58.5045121860164,56.9097930702998,63.0508491722708,51.6535906905319,53.9890105872278,61.84819815204,64.4327190356487,42.6558969006204,64.788315635199,56.734642188148,52.495127959727,62.9611333985713,48.6417676225309,61.2912671441338,69.619209530252,60.2411349974178,62.014688890586,55.4419221830109,54.5878071179647,51.7967934022035,56.5432234274525,67.8765026247656,64.0691818318923,53.6693640228794,63.1297796130051,64.8203194640281,59.4431254340434,62.8424097385953,47.6612174621345
68.7995561896724,49.8209390429162,58.5045121860164,56.9097930702998,63.0508491722708,51.6535906905319,53.9890105872278,61.9481199686965,64.4327190356487,42.6558969006204,64.788315635199,56.734642188148,52.495127959727,62.9611333985713,48.6417676225309,61.2912671441338,69.619209530252,60.2411349974178,62.014688890586,55.4419221830109,54.5878071179647,51.7967934022035,56.5432234274525,67.8765026247656,64.4922997212128,53.6693640228794,63.1297796130051,64.8203194640281,59.4431254340434,62.8424097385953,47.6612174621345
68.7995561896724,49.8209390429162,58.5045121860164,56.9097930702998,63.0508491722708,51.6535906905319,53.9890105872278,61.9481199686965,64.4327190356487,42.7013458054096,64.788315635199,57.7347409233115,52.495127959727,64.0403486170683,48.6417676225309,61.2912671441338,69.619209530252,60.2411349974178,62.014688890586,55.4419221830109,54.5878071179647,51.7967934022035,56.5432234274525,67.8765026247656,64.4922997212128,53.6693640228794,63.1297796130051,64.8203194640281,59.4431254340434,62.8424097385953,47.6612174621345
68.8369111961072,49.8209390429162,58.5045121860164,56.9097930702998,63.0508491722708,51.6535906905319,53.9890105872278,61.9481199686965,64.4327190356487,42.8048538030206,64.788315635199,57.7347409233115,52.495127959727,64.0403486170683,48.6417676225309,61.2912671441338,69.619209530252,60.2411349974178,62.014688890586,55.4419221830109,54.5878071179647,51.7967934022035,56.5432234274525,67.9976923616465,64.4922997212128,53.6693640228794,63.1470406759865,65.0189902934047,59.6197544664194,62.8424097385953,47.7707488625944
68.8369111961072,49.8209390429162,58.5045121860164,56.9097930702998,63.0508491722708,51.6535906905319,53.9890105872278,61.9481199686965,64.4327190356487,42.8048538030206,64.788315635199,57.7347409233115,52.495127959727,64.0403486170683,48.6678904948002,61.2912671441338,69.619209530252,60.2411349974178,62.014688890586,55.5222041419227,54.5878071179647,51.7967934022035,56.5432234274525,67.9976923616465,64.4922997212128,53.6693640228794,63.1470406759865,65.0189902934047,59.6197544664194,62.8424097385953,47.7707488625944
68.8369111961072,49.8209390429162,58.5088875409908,56.9097930702998,63.0508491722708,51.6535906905319,53.9890105872278,61.9481199686965,64.4327190356487,42.8048538030206,64.788315635199,57.7347409233115,52.495127959727,64.0403486170683,48.9547502747081,61.2912671441338,69.619209530252,60.6569330859441,62.014688890586,55.5222041419227,54.6067991684912,51.7967934022035,56.5432234274525,67.9976923616465,64.4922997212128,53.6693640228794,63.1470406759865,65.0189902934047,59.6197544664194,62.8424097385953,47.7707488625944
68.8638263400192,49.8209390429162,58.6831587982249,56.9097930702998,63.0508491722708,51.6535906905319,54.1608571892242,61.9481199686965,64.4327190356487,42.8048538030206,64.788315635199,57.7347409233115,52.495127959727,64.0403486170683,48.9547502747081,61.2912671441338,69.619209530252,60.6569330859441,62.014688890586,55.5222041419227,54.6067991684912,51.7967934022035,56.5432234274525,68.2297485141855,64.7536715464459,53.6693640228794,63.1470406759865,65.0189902934047,59.6197544664194,62.8424097385953,47.7707488625944
68.8638263400192,49.8314057091904,58.6831587982249,56.9097930702998,63.0508491722708,51.6535906905319,54.1608571892242,62.0036544379349,64.4327190356487,42.8048538030206,64.788315635199,57.7347409233115,52.495127959727,66.1541626381199,48.9547502747081,61.2912671441338,69.619209530252,60.6569330859441,62.014688890586,55.5222041419227,54.6067991684912,51.7967934022035,56.5432234274525,68.2297485141855,64.7536715464459,53.6693640228794,63.1470406759865,65.0189902934047,59.6197544664194,62.8424097385953,47.7707488625944
68.8638263400192,49.9002290447469,58.6831587982249,56.9097930702998,63.0508491722708,51.6535906905319,54.1608571892242,62.0036544379349,64.4327190356487,42.8048538030206,64.788315635199,57.7347409233115,52.495127959727,66.1541626381199,48.9547502747081,61.2912671441338,69.619209530252,60.6569330859441,62.014688890586,55.5222041419227,54.6067991684912,51.7967934022035,56.5432234274525,68.2297485141855,64.7536715464459,53.6693640228794,63.1470406759865,65.214751435423,59.6197544664194,62.8424097385953,47.7707488625944
68.8982140631281,49.9002290447469,58.6831587982249,56.9097930702998,63.0508491722708,51.6535906905319,54.1608571892242,62.0036544379349,64.4327190356487,42.8048538030206,64.788315635199,57.7347409233115,52.495127959727,66.1541626381199,48.9547502747081,61.2912671441338,69.619209530252,60.6569330859441,62.014688890586,55.5222041419227,54.6067991684912,51.7967934022035,56.5432234274525,68.2297485141855,64.7536715464459,53.6693640228794,63.1470406759865,65.214751435423,59.6197544664194,62.8424097385953,47.7707488625944
68.8982140631281,49.9002290447469,58.6831587982249,58.814165837332,63.0508491722708,51.6535906905319,54.1608571892242,62.0036544379349,64.4327190356487,42.8048538030206,64.788315635199,57.7347409233115,52.495127959727,66.1541626381199,48.9547502747081,61.2912671441338,69.619209530252,60.6569330859441,62.014688890586,55.5222041419227,54.6067991684912,51.7967934022035,56.5432234274525,68.2297485141855,64.7536715464459,53.6693640228794,63.3691965050186,65.214751435423,59.6197544664194,62.8424097385953,47.7707488625944
68.8982140631281,49.9002290447469,58.6831587982249,58.814165837332,63.0508491722708,51.6535906905319,54.1608571892242,62.0036544379349,65.077709279403,42.8216408706031,64.788315635199,57.7347409233115,52.6665868413755,66.1541626381199,48.9547502747081,61.2912671441338,69.619209530252,60.7607669673792,62.014688890586,55.5222041419227,54.6098558350436,51.7967934022035,56.5432234274525,68.2297485141855,64.7536715464459,53.6693640228794,63.3691965050186,65.214751435423,59.6197544664194,62.8424097385953,47.7732661887595
68.8982140631281,49.9002290447469,58.6831587982249,58.814165837332,63.0508491722708,51.6535906905319,54.1608571892242,62.0036544379349,65.077709279403,42.8216408706031,64.788315635199,57.7347409233115,52.6665868413755,66.1541626381199,48.9547502747081,61.2912671441338,69.619209530252,60.7607669673792,62.0868693770361,55.5222041419227,54.6098558350436,51.7967934022035,56.5432234274525,68.2297485141855,64.7536715464459,53.6693640228794,63.3691965050186,65.214751435423,59.6197544664194,62.8424097385953,47.7732661887595
68.8982140631281,49.9002290447469,58.6831587982249,58.814165837332,63.0508491722708,51.6535906905319,54.1608571892242,62.0036544379349,65.077709279403,42.8216408706031,64.788315635199,57.7347409233115,52.6665868413755,66.1541626381199,48.9547502747081,61.2912671441338,69.6433577662891,60.7607669673792,62.0868693770361,55.5222041419227,54.6098558350436,51.7967934022035,56.5432234274525,68.2297485141855,64.7536715464459,53.6693640228794,63.3691965050186,65.214751435423,59.6197544664194,62.8424097385953,47.7732661887595
68.8982140631281,49.9002290447469,58.6831587982249,58.814165837332,63.0508491722708,51.6535906905319,54.1608571892242,62.0036544379349,65.077709279403,42.8216408706031,64.788315635199,57.7347409233115,52.6665868413755,66.1541626381199,48.9547502747081,61.2912671441338,69.6433577662891,60.7607669673792,62.0868693770361,55.5222041419227,54.6098558350436,51.7967934022035,56.5432234274525,68.2297485141855,64.7536715464459,53.6693640228794,63.3691965050186,65.214751435423,59.6197544664194,62.8424097385953,47.7732661887595
68.8982140631281,49.9002290447469,58.6831587982249,58.814165837332,63.0508491722708,51.6535906905319,54.4050011172777,62.0036544379349,65.077709279403,42.8216408706031,64.788315635199,57.7347409233115,52.8990555446063,66.1541626381199,48.9547502747081,61.2912671441338,69.6433577662891,60.7607669673792,62.0868693770361,55.5222041419227,54.6098558350436,51.7967934022035,57.65827685523,68.2297485141855,64.7536715464459,53.6693640228794,63.3691965050186,65.214751435423,59.6197544664194,62.8424097385953,47.7732661887595
68.8982140631281,49.9002290447469,58.6912918780154,58.814165837332,63.0508491722708,51.6535906905319,54.4050011172777,62.0036544379349,65.077709279403,42.8216408706031,64.788315635199,57.7347409233115,52.8990555446063,66.1541626381199,49.1158798503261,61.2912671441338,69.6433577662891,60.7607669673792,62.0868693770361,55.5222041419227,54.6110135968121,51.7967934022035,57.65827685523,68.3112137630161,64.7536715464459,53.6693640228794,63.3691965050186,65.214751435423,59.6197544664194,62.8424097385953,47.7871579479755
68.8982140631281,49.9002290447469,58.6912918780154,58.814165837332,63.0508491722708,51.6535906905319,54.4050011172777,62.0036544379349,65.2985500791278,42.8216408706031,64.788315635199,57.7347409233115,52.8990555446063,66.1541626381199,49.1158798503261,61.2912671441338,69.6433577662891,60.7607669673792,62.0868693770361,55.5519469549463,54.6110135968121,51.7967934022035,57.65827685523,68.3112137630161,64.7536715464459,53.6693640228794,63.3691965050186,65.3772135173804,59.6197544664194,62.8424097385953,48.0579103771822
68.8982140631281,49.9002290447469,58.6912918780154,58.814165837332,63.0508491722708,51.6535906905319,54.4050011172777,62.0036544379349,65.2985500791278,42.8216408706031,64.788315635199,57.7347409233115,52.8990555446063,66.1541626381199,49.1158798503261,61.2912671441338,69.6433577662891,60.7607669673792,62.0868693770361,55.5607958053333,54.6110135968121,51.9226094875162,57.65827685523,68.3112137630161,64.7536715464459,53.6693640228794,63.3691965050186,65.3772135173804,59.6197544664194,62.8424097385953,48.0579103771822
68.8982140631281,49.9002290447469,58.6912918780154,58.814165837332,63.0508491722708,51.6535906905319,54.4050011172777,62.0036544379349,65.2985500791278,42.8216408706031,64.788315635199,57.7347409233115,52.8990555446063,66.1541626381199,49.1158798503261,61.2912671441338,69.6433577662891,60.7607669673792,62.0868693770361,55.5607958053333,54.6110135968121,51.9226094875162,57.65827685523,68.3112137630161,65.1120987757481,53.6693640228794,63.3691965050186,65.3772135173804,59.6197544664194,62.8424097385953,48.0579103771822
68.8982140631281,49.9002290447469,58.6912918780154,58.814165837332,63.0508491722708,52.3858638599614,54.4050011172777,62.0036544379349,65.2985500791278,42.8216408706031,64.788315635199,57.7347409233115,52.8990555446063,66.1541626381199,49.1158798503261,61.2912671441338,69.6433577662891,60.7607669673792,62.0868693770361,55.5607958053333,54.6110135968121,51.9226094875162,57.65827685523,68.3112137630161,65.1120987757481,53.6693640228794,63.3691965050186,65.3772135173804,59.6584948203984,62.8424097385953,48.0579103771822
68.9429639757147,49.9002290447469,58.6912918780154,58.814165837332,63.0508491722708,52.3858638599614,54.4050011172777,62.0036544379349,65.2985500791278,42.8216408706031,64.788315635199,57.7347409233115,52.8990555446063,66.1541626381199,49.1158798503261,61.2912671441338,69.6814147009092,60.9857367589138,62.0868693770361,55.5607958053333,54.6110135968121,51.9226094875162,57.65827685523,68.3112137630161,65.1120987757481,53.6693640228794,63.3691965050186,65.3772135173804,59.6584948203984,62.8424097385953,48.0579103771822
68.9530761931429,49.9002290447469,58.7195034425259,58.814165837332,63.7070707648306,52.3858638599614,54.4050011172777,62.0036544379349,65.2985500791278,42.8216408706031,64.788315635199,57.7347409233115,52.8990555446063,66.1541626381199,49.1158798503261,61.2912671441338,69.6814147009092,60.9857367589138,62.0868693770361,55.5607958053333,54.6168831840493,51.9226094875162,57.65827685523,68.4343933223927,65.1120987757481,53.6693640228794,63.3691965050186,65.3772135173804,59.6584948203984,62.8424097385953,48.0579103771822
68.9530761931429,49.9002290447469,58.7195034425259,58.814165837332,63.7070707648306,52.3858638599614,54.4050011172777,62.1950104499668,65.3948421787795,42.8216408706031,64.788315635199,57.7347409233115,52.9731915271949,66.1541626381199,49.1293501937167,61.2912671441338,69.6814147009092,60.9857367589138,62.0868693770361,55.5607958053333,54.6168831840493,51.9226094875162,57.65827685523,68.4343933223927,65.1120987757481,53.6693640228794,63.3691965050186,65.3772135173804,59.6584948203984,62.8424097385953,48.5568607269764
68.9530761931429,49.9002290447469,58.7195034425259,58.814165837332,63.7070707648306,52.3858638599614,55.3349992246533,62.1950104499668,65.3948421787795,42.8470109920899,64.788315635199,57.7347409233115,52.9731915271949,66.1541626381199,49.1293501937167,61.2912671441338,69.6814147009092,60.9857367589138,62.4094355279692,55.5666296106227,54.6168831840493,51.9226094875162,57.65827685523,68.4343933223927,65.1120987757481,53.6693640228794,63.3691965050186,65.3772135173804,59.6584948203984,62.8424097385953,48.5568607269764
68.9530761931429,49.9002290447469,58.7195034425259,58.814165837332,63.7070707648306,52.3858638599614,55.3349992246533,62.1950104499668,65.3948421787795,42.8470109920899,64.788315635199,57.7347409233115,52.9731915271949,66.1541626381199,49.1293501937167,61.2912671441338,69.6814147009092,60.9857367589138,62.4094355279692,55.5676621249781,54.6168831840493,51.9226094875162,57.65827685523,68.4343933223927,65.1120987757481,53.6693640228794,63.3691965050186,65.3772135173804,59.6584948203984,62.8424097385953,48.5568607269764
68.9530761931429,49.9002290447469,58.7195034425259,58.814165837332,63.7070707648306,52.3858638599614,55.3349992246533,62.2692546300433,65.3948421787795,42.8470109920899,64.788315635199,57.7347409233115,52.9731915271949,66.1541626381199,49.1293501937167,61.2912671441338,69.6814147009092,61.0100791504746,62.4094355279692,55.5676621249781,54.6168831840493,51.9226094875162,57.65827685523,68.4759061343368,65.1120987757481,53.6693640228794,63.3691965050186,65.3772135173804,60.2794937570422,62.8674509205136,48.5568607269764
68.9922819052738,49.9002290447469,58.7195034425259,58.814165837332,63.7070707648306,52.3858638599614,55.3349992246533,62.2692546300433,65.3948421787795,42.8553060577423,64.788315635199,57.7347409233115,52.9731915271949,66.1541626381199,49.1293501937167,61.2912671441338,69.6814147009092,61.6945574878008,62.4094355279692,55.5676621249781,54.6214390508092,52.0107695989505,59.7007547080848,68.4759061343368,65.1120987757481,53.6693640228794,63.3691965050186,65.3772135173804,60.2794937570422,62.8674509205136,49.4413977154962
68.9922819052738,49.9002290447469,58.7195034425259,58.814165837332,63.7070707648306,52.3858638599614,55.3349992246533,62.2692546300433,65.9390428926887,42.8553060577423,64.788315635199,57.7347409233115,52.9731915271949,66.1541626381199,49.1293501937167,61.2912671441338,69.6826648590985,61.6945574878008,62.4094355279692,55.5676621249781,54.6214390508092,52.0107695989505,59.7007547080848,68.4759061343368,65.1120987757481,53.6693640228794,63.3691965050186,65.3772135173804,60.2794937570422,62.8674509205136,49.4413977154962
69.0118215912381,49.9002290447469,58.7195034425259,58.814165837332,63.7070707648306,52.3858638599614,55.3349992246533,62.2692546300433,65.9390428926887,42.8553060577423,64.788315635199,57.7347409233115,52.9731915271949,66.1541626381199,49.1293501937167,61.2912671441338,69.6826648590985,61.6945574878008,62.8482738116999,55.5676621249781,54.6214390508092,52.0107695989505,59.7007547080848,68.5924178311547,65.1120987757481,53.6693640228794,63.3691965050186,65.3772135173804,60.2794937570422,62.8674509205136,49.4413977154962
69.0118215912381,49.9002290447469,58.7195034425259,58.814165837332,63.7070707648306,52.3858638599614,55.3349992246533,62.2692546300433,65.9390428926887,42.8553060577423,64.788315635199,57.7347409233115,52.9731915271949,66.1541626381199,49.1293501937167,61.2912671441338,69.6826648590985,61.6945574878008,62.8482738116999,55.5676621249781,54.6214390508092,52.0107695989505,59.7007547080848,68.5924178311547,65.1120987757481,53.6693640228794,63.4108724597305,65.3772135173804,60.2794937570422,62.8674509205136,49.4413977154962
69.0118215912381,50.0099489490634,58.7195034425259,58.814165837332,63.7070707648306,52.3858638599614,55.3349992246533,62.2692546300433,65.9390428926887,42.9258775194873,64.788315635199,57.7347409233115,52.9731915271949,66.1541626381199,49.1293501937167,61.2912671441338,69.6826648590985,61.6945574878008,62.8482738116999,55.6371473887587,54.6214390508092,52.0107695989505,59.7007547080848,68.5924178311547,65.1120987757481,53.6693640228794,63.4108724597305,65.3772135173804,60.2794937570422,62.8674509205136,49.4413977154962
69.0118215912381,50.0099489490634,58.7195034425259,58.814165837332,63.7070707648306,52.3858638599614,55.3349992246533,62.2692546300433,65.9390428926887,42.9258775194873,64.788315635199,57.7347409233115,52.9731915271949,66.1541626381199,49.1293501937167,61.2912671441338,69.6826648590985,61.6945574878008,62.8482738116999,55.6371473887587,54.6214390508092,52.0107695989505,59.7007547080848,68.5924178311547,65.1120987757481,53.6693640228794,63.4108724597305,65.3772135173804,60.2794937570422,62.8674509205136,49.4413977154962
69.0118215912381,50.0099489490634,58.775073120381,58.814165837332,63.7070707648306,52.3858638599614,55.3349992246533,62.2787035952138,65.9390428926887,42.9258775194873,64.788315635199,57.7347409233115,52.9731915271949,66.1541626381199,49.1293501937167,61.2912671441338,69.6826648590985,61.6945574878008,62.8482738116999,55.6371473887587,54.6214390508092,52.0107695989505,59.7007547080848,68.5924178311547,65.1120987757481,53.6693640228794,63.4108724597305,65.3772135173804,60.2794937570422,62.8674509205136,49.4413977154962
69.0118215912381,50.0099489490634,58.775073120381,58.814165837332,63.7070707648306,52.3858638599614,55.452775371001,62.2787035952138,65.9390428926887,42.9258775194873,64.788315635199,57.7347409233115,52.9731915271949,66.1541626381199,49.1293501937167,61.2912671441338,69.6957606067674,61.6945574878008,62.8482738116999,55.6371473887587,54.6214390508092,52.0107695989505,59.7007547080848,68.5924178311547,65.1120987757481,53.6693640228794,63.4108724597305,65.3772135173804,60.2794937570422,62.8674509205136,49.4413977154962
69.1161136432748,50.0099489490634,58.775073120381,58.814165837332,63.7070707648306,52.3858638599614,55.452775371001,62.2787035952138,65.9390428926887,42.9258775194873,64.788315635199,57.7347409233115,52.9731915271949,66.1541626381199,49.1293501937167,61.2912671441338,69.6957606067674,61.6945574878008,62.8482738116999,55.6371473887587,54.6214390508092,52.0351756430688,59.7007547080848,68.5924178311547,65.1120987757481,54.061822151447,63.4108724597305,65.4017899849495,60.2794937570422,62.8674509205136,49.4413977154962
69.1161136432748,50.0099489490634,58.7865613648258,58.814165837332,64.1427065518114,52.3858638599614,55.452775371001,62.2787035952138,65.9390428926887,42.9258775194873,64.788315635199,57.7347409233115,52.9731915271949,66.1541626381199,49.1554390720676,61.2912671441338,69.6957606067674,61.6945574878008,62.8482738116999,55.6371473887587,54.6214390508092,52.0351756430688,59.7007547080848,68.5924178311547,65.1120987757481,54.061822151447,63.4108724597305,65.4017899849495,60.6366405523964,62.8674509205136,49.4413977154962
69.1161136432748,50.0099489490634,58.7865613648258,58.814165837332,64.1427065518114,52.3858638599614,55.452775371001,62.2787035952138,65.9390428926887,42.9258775194873,64.788315635199,57.7347409233115,52.9731915271949,66.1541626381199,49.1554390720676,61.2912671441338,69.6957606067674,61.6945574878008,62.8482738116999,55.7390655272426,54.6317513263446,52.0351756430688,59.7007547080848,68.5924178311547,65.1120987757481,54.061822151447,63.502903462206,65.4017899849495,60.9043407166605,62.8674509205136,49.5063321647428
69.1161136432748,50.0099489490634,58.7865613648258,58.814165837332,64.1427065518114,52.3858638599614,55.452775371001,62.2787035952138,65.9390428926887,42.9258775194873,64.788315635199,57.7347409233115,52.9731915271949,66.1541626381199,49.1554390720676,61.2912671441338,69.6957606067674,61.6945574878008,62.8482738116999,55.7390655272426,54.6317513263446,52.0351756430688,59.7007547080848,68.5924178311547,65.2011431756296,54.061822151447,63.502903462206,65.4017899849495,60.9043407166605,62.8674509205136,49.5063321647428
69.1161136432748,50.0099489490634,58.7865613648258,58.814165837332,64.1427065518114,52.3858638599614,55.452775371001,62.2787035952138,65.9390428926887,42.9258775194873,64.788315635199,57.7347409233115,52.9731915271949,66.1541626381199,49.1554390720676,61.2912671441338,69.6957606067674,61.6945574878008,62.8482738116999,55.7390655272426,54.6317513263446,52.0351756430688,59.7007547080848,68.5924178311547,65.2011431756296,54.061822151447,63.502903462206,65.4017899849495,60.9043407166605,62.8674509205136,49.5063321647428
69.1161136432748,50.0099489490634,58.7865613648258,58.814165837332,64.1427065518114,52.3858638599614,55.452775371001,62.3658658479135,66.2306703241331,42.9258775194873,64.788315635199,57.7347409233115,52.9731915271949,66.1541626381199,49.1554390720676,61.2912671441338,69.6957606067674,61.6945574878008,62.8482738116999,55.7390655272426,54.6317513263446,52.0351756430688,59.7007547080848,68.5924178311547,65.2011431756296,54.061822151447,63.502903462206,65.4017899849495,60.9043407166605,62.8674509205136,49.5063321647428
69.1259026694379,50.0099489490634,58.7865613648258,58.814165837332,64.1427065518114,52.3858638599614,55.452775371001,62.3658658479135,66.2306703241331,42.9459646218436,64.788315635199,57.7347409233115,53.0210367259707,66.1541626381199,49.1554390720676,61.2912671441338,69.7024766966383,61.6945574878008,63.1539310371058,55.7390655272426,54.6317513263446,52.0351756430688,59.7007547080848,68.5924178311547,65.2011431756296,54.061822151447,63.502903462206,65.4017899849495,60.9043407166605,62.8674509205136,49.5063321647428
69.1598828750216,50.0099489490634,58.7865613648258,58.814165837332,64.357733647691,52.3858638599614,55.6803187624818,62.3658658479135,66.2306703241331,42.9459646218436,64.788315635199,57.7347409233115,53.0210367259707,66.1541626381199,49.1554390720676,61.2912671441338,69.7024766966383,61.6945574878008,63.1539310371058,55.7390655272426,54.664238818069,52.0351756430688,59.7007547080848,68.5924178311547,65.2011431756296,54.061822151447,63.502903462206,65.4017899849495,60.9043407166605,62.9208586826609,49.5063321647428
69.1598828750216,50.0099489490634,58.7865613648258,58.814165837332,64.357733647691,52.3858638599614,55.6803187624818,62.3658658479135,66.2306703241331,42.9459646218436,64.788315635199,57.7347409233115,53.0210367259707,66.1541626381199,49.2163997705537,61.2912671441338,69.7024766966383,61.6945574878008,63.1539310371058,55.7390655272426,54.664238818069,52.0351756430688,59.7007547080848,68.5924178311547,65.2011431756296,54.061822151447,63.502903462206,65.4797916557896,60.9043407166605,62.9208586826609,49.5063321647428
69.1598828750216,50.0099489490634,58.7865613648258,58.814165837332,64.357733647691,52.3858638599614,55.6803187624818,62.3658658479135,66.2306703241331,42.9459646218436,64.788315635199,57.7347409233115,53.0520273823444,66.1541626381199,49.2163997705537,61.2912671441338,69.7024766966383,61.6945574878008,63.1539310371058,55.7390655272426,54.664238818069,52.0999870304357,59.7007547080848,68.5924178311547,65.2011431756296,54.061822151447,63.502903462206,65.4797916557896,60.9043407166605,62.9208586826609,49.5063321647428
69.1598828750216,50.0099489490634,58.7865613648258,58.814165837332,64.357733647691,52.3858638599614,55.6803187624818,62.3658658479135,66.2306703241331,42.9939713129729,64.788315635199,57.7347409233115,53.0520273823444,66.1541626381199,49.2163997705537,61.2912671441338,69.7024766966383,61.6945574878008,63.1539310371058,55.7390655272426,54.664238818069,52.0999870304357,59.7007547080848,68.5924178311547,65.2011431756296,54.061822151447,63.502903462206,65.4797916557896,60.9043407166605,62.9208586826609,49.5063321647428
69.1598828750216,50.0099489490634,58.7865613648258,58.814165837332,64.357733647691,52.3858638599614,55.6803187624818,62.3658658479135,66.2306703241331,43.063793196752,64.8259268858459,57.7347409233115,53.0520273823444,66.1541626381199,49.2163997705537,61.2912671441338,69.7024766966383,61.6945574878008,63.1539310371058,55.7390655272426,54.6704574841219,52.0999870304357,59.7007547080848,68.5924178311547,65.2011431756296,54.061822151447,63.502903462206,65.4797916557896,60.9043407166605,62.9208586826609,49.9849032060306
69.1598828750216,50.0099489490634,58.7865613648258,58.814165837332,64.357733647691,52.3858638599614,55.6803187624818,62.3658658479135,66.2306703241331,43.063793196752,64.8259268858459,57.7347409233115,53.0520273823444,66.1541626381199,49.2163997705537,61.2912671441338,69.7024766966383,61.6945574878008,63.6819421811021,55.7390655272426,54.7173956569495,52.0999870304357,59.7007547080848,68.5924178311547,65.2011431756296,54.061822151447,63.502903462206,65.4797916557896,60.9043407166605,62.9208586826609,49.9849032060306
69.2906039205379,50.0099489490634,58.7865613648258,58.814165837332,64.357733647691,52.3858638599614,55.6803187624818,62.3658658479135,66.2306703241331,43.063793196752,64.8259268858459,57.7559165991526,53.0520273823444,66.1541626381199,49.2163997705537,61.2912671441338,69.7024766966383,62.9955100027615,63.6819421811021,55.7523660260287,54.7173956569495,52.0999870304357,59.7007547080848,68.5924178311547,65.2011431756296,54.061822151447,63.502903462206,65.4797916557896,60.97339908107,62.9208586826609,49.9849032060306
69.2906039205379,50.0099489490634,58.8307344830804,58.814165837332,64.393334605265,52.3858638599614,55.7914038984917,62.3658658479135,66.2306703241331,43.063793196752,64.8259268858459,57.7559165991526,53.2044791796703,66.1541626381199,49.2163997705537,61.2912671441338,69.7024766966383,62.9955100027615,63.6819421811021,55.7523660260287,54.7173956569495,52.0999870304357,59.7007547080848,68.5924178311547,65.2011431756296,54.061822151447,63.502903462206,65.4797916557896,60.97339908107,62.9208586826609,49.9849032060306
69.2906039205379,50.0099489490634,58.8307344830804,58.814165837332,64.393334605265,52.3858638599614,55.7914038984917,62.3658658479135,66.2306703241331,43.063793196752,64.8259268858459,57.7559165991526,53.2044791796703,66.1541626381199,49.2399396811329,61.2912671441338,69.7024766966383,62.9955100027615,63.6819421811021,55.7523660260287,54.7173956569495,52.0999870304357,59.7007547080848,68.5924178311547,65.2011431756296,54.061822151447,63.502903462206,65.4797916557896,60.97339908107,62.9208586826609,49.9849032060306
69.2906039205379,50.0099489490634,58.8307344830804,59.5160928483799,64.393334605265,52.3858638599614,55.7914038984917,62.3658658479135,66.2306703241331,43.063793196752,64.828235101221,57.7559165991526,53.2044791796703,66.1541626381199,49.2399396811329,61.2912671441338,69.7024766966383,62.9955100027615,63.6819421811021,55.7523660260287,54.7230453878828,52.0999870304357,59.7007547080848,68.5924178311547,65.2011431756296,54.061822151447,63.502903462206,65.4797916557896,60.97339908107,62.9348724918322,50.2287766710813
69.2906039205379,50.0099489490634,58.8307344830804,59.5160928483799,64.393334605265,52.8957099519128,55.7914038984917,62.4283719265766,66.3085644847981,43.1858179784033,64.828235101221,57.7559165991526,53.2044791796703,66.1541626381199,49.2399396811329,61.2912671441338,69.7024766966383,62.9955100027615,63.6819421811021,55.7523660260287,54.7230453878828,52.0999870304357,59.7007547080848,68.5924178311547,65.2011431756296,54.061822151447,63.502903462206,65.4797916557896,60.97339908107,62.9348724918322,50.2287766710813
69.2906039205379,50.0099489490634,58.8307344830804,59.5160928483799,64.393334605265,52.8957099519128,55.7914038984917,62.4283719265766,66.3085644847981,43.1858179784033,64.828235101221,57.7559165991526,53.3093304534968,66.1541626381199,49.2399396811329,61.2912671441338,69.7024766966383,62.9955100027615,64.1812924266523,55.7523660260287,54.7230453878828,52.113249672778,59.7007547080848,68.5924178311547,65.2011431756296,54.061822151447,63.502903462206,65.4797916557896,60.97339908107,62.9348724918322,50.2287766710813
69.2906039205379,50.0099489490634,58.8307344830804,59.5160928483799,64.393334605265,52.8957099519128,55.7914038984917,62.4283719265766,66.3085644847981,43.1858179784033,64.861894585042,57.7559165991526,53.3093304534968,66.1541626381199,49.2399396811329,61.2912671441338,69.7024766966383,62.9955100027615,64.1812924266523,55.7523660260287,54.7230453878828,52.113249672778,59.7007547080848,68.6246354524987,65.2011431756296,54.061822151447,63.5138692343034,65.4797916557896,61.385539043579,62.9348724918322,50.2287766710813
69.3076657100258,50.0099489490634,58.8307344830804,59.5160928483799,64.4781139763407,52.8957099519128,55.815213965097,62.4283719265766,66.3085644847981,43.1858179784033,64.861894585042,57.7559165991526,53.3093304534968,66.1541626381199,49.2399396811329,61.2912671441338,69.7024766966383,62.9955100027615,64.1812924266523,55.7523660260287,54.7514131604821,52.113249672778,59.7007547080848,68.6246354524987,65.2011431756296,54.061822151447,63.5138692343034,65.4797916557896,61.385539043579,62.9348724918322,50.2287766710813
69.3076657100258,50.0099489490634,58.8307344830804,59.5160928483799,64.4781139763407,52.8957099519128,55.815213965097,62.4283719265766,66.3085644847981,43.1858179784033,64.861894585042,57.8587821217837,53.3093304534968,66.1541626381199,49.2399396811329,61.2912671441338,69.7024766966383,62.9955100027615,64.1812924266523,55.7523660260287,54.7514131604821,52.113249672778,59.7007547080848,68.6246354524987,65.2011431756296,54.061822151447,63.5138692343034,65.4797916557896,61.385539043579,62.9348724918322,50.2287766710813
69.3076657100258,50.0099489490634,58.8320549140528,59.5160928483799,64.4781139763407,52.8957099519128,55.815213965097,62.43098312572,66.4556414372054,43.2054289345481,64.9048695061288,57.8587821217837,53.3093304534968,66.1541626381199,49.2690774781574,61.2912671441338,69.7024766966383,62.9955100027615,64.1812924266523,55.7523660260287,54.7514131604821,52.113249672778,59.7007547080848,68.6246354524987,65.2011431756296,54.061822151447,63.5587411075549,65.4797916557896,61.385539043579,62.9348724918322,50.2287766710813
69.3076657100258,50.0099489490634,58.8320549140528,59.5160928483799,64.4781139763407,52.8957099519128,55.815213965097,62.43098312572,66.4803246961111,43.2054289345481,64.9048695061288,57.8587821217837,53.3093304534968,66.1541626381199,49.2690774781574,61.2912671441338,69.7024766966383,62.9955100027615,64.8090093453619,55.7523660260287,54.7514131604821,52.113249672778,59.7007547080848,68.6246354524987,65.66617804462,54.061822151447,63.5718711911196,65.5352421520437,61.385539043579,63.0074717003192,50.2287766710813
69.3076657100258,50.0099489490634,58.8320549140528,59.5160928483799,64.4781139763407,52.8957099519128,55.815213965097,62.43098312572,66.4803246961111,43.2054289345481,64.9048695061288,57.8587821217837,53.3093304534968,66.1541626381199,49.2690774781574,61.2912671441338,69.7024766966383,62.9955100027615,64.8090093453619,55.7523660260287,54.7514131604821,52.113249672778,59.7007547080848,68.6246354524987,65.66617804462,54.3141426313109,63.5718711911196,65.5411678423637,61.385539043579,63.0074717003192,50.2287766710813
69.3076657100258,50.0099489490634,58.8320549140528,59.541165879205,64.6747234407416,52.8957099519128,55.815213965097,62.43098312572,66.4803246961111,43.2054289345481,64.9048695061288,57.8587821217837,53.3093304534968,66.1541626381199,49.2690774781574,61.2912671441338,69.703788684776,62.9955100027615,64.8090093453619,55.7523660260287,54.7514131604821,52.113249672778,59.7007547080848,68.7994824797335,65.66617804462,54.3141426313109,63.5718711911196,65.5411678423637,61.385539043579,63.0074717003192,50.2995364860331
69.3076657100258,50.0099489490634,58.8320549140528,59.541165879205,64.6747234407416,52.8957099519128,55.9996919469314,62.43098312572,66.4803246961111,43.2054289345481,64.9048695061288,57.8587821217837,53.3162441414845,66.1541626381199,49.2690774781574,61.2912671441338,69.703788684776,62.9955100027615,64.8090093453619,55.7523660260287,54.7514131604821,52.113249672778,59.7007547080848,68.7994824797335,65.66617804462,54.3141426313109,63.5855343021319,65.5411678423637,61.385539043579,63.0074717003192,50.2995364860331
69.3076657100258,50.0099489490634,58.850760191968,59.541165879205,64.6747234407416,52.8957099519128,55.9996919469314,62.43098312572,66.4803246961111,43.2054289345481,64.9048695061288,57.8587821217837,53.3162441414845,66.1541626381199,49.2690774781574,61.3738235688885,69.703788684776,62.9955100027615,64.8090093453619,55.7523660260287,54.7514131604821,52.113249672778,59.7007547080848,68.7994824797335,65.66617804462,54.3141426313109,63.5855343021319,65.5411678423637,61.385539043579,63.0074717003192,50.2995364860331
69.3076657100258,50.0099489490634,58.850760191968,59.541165879205,64.6747234407416,52.8957099519128,55.9996919469314,62.4567160481856,66.4803246961111,43.2059470867016,64.9048695061288,57.8587821217837,53.3162441414845,66.1541626381199,49.540055018581,61.3738235688885,69.703788684776,62.9955100027615,64.8090093453619,55.7523660260287,54.7514131604821,52.113249672778,59.7007547080848,68.7994824797335,65.66617804462,54.3141426313109,63.5855343021319,65.5411678423637,61.385539043579,63.0074717003192,50.2995364860331
69.3375810637544,50.0099489490634,58.850760191968,59.541165879205,64.6747234407416,56.6995690709493,55.9996919469314,62.4567160481856,66.4803246961111,43.4201889894676,64.9048695061288,57.9313711617034,53.3162441414845,66.1541626381199,49.540055018581,61.3738235688885,69.703788684776,62.9955100027615,64.8090093453619,55.7523660260287,54.7514131604821,52.113249672778,59.7007547080848,68.7994824797335,65.66617804462,54.3141426313109,63.5935728378955,65.5411678423637,62.0771444781395,63.0074717003192,50.4635270796197
69.3375810637544,50.0099489490634,58.850760191968,59.541165879205,64.6747234407416,56.6995690709493,55.9996919469314,62.4567160481856,66.4803246961111,43.4201889894676,64.9048695061288,57.9313711617034,53.3162441414845,66.1541626381199,49.540055018581,61.3738235688885,69.703788684776,62.9955100027615,64.8508454572424,55.7523660260287,54.7514131604821,52.113249672778,59.8732625558868,68.8606739847765,65.66617804462,54.3846744685007,63.5935728378955,65.6932224261247,62.0771444781395,63.1852407993474,50.4635270796197
69.3375810637544,50.0099489490634,58.850760191968,59.541165879205,64.6747234407416,56.6995690709493,55.9996919469314,62.4567160481856,66.6918568754403,43.4201889894676,64.9048695061288,57.9313711617034,53.3162441414845,66.1541626381199,49.540055018581,61.3738235688885,69.703788684776,62.9955100027615,64.8508454572424,55.7523660260287,54.7514131604821,52.113249672778,59.8732625558868,68.8606739847765,65.66617804462,54.3846744685007,63.5935728378955,65.6932224261247,62.0771444781395,63.1852407993474,50.4635270796197
69.3375810637544,50.0099489490634,58.850760191968,59.541165879205,64.6747234407416,56.6995690709493,56.3506313385134,62.4567160481856,66.6918568754403,43.4201889894676,64.9048695061288,57.9313711617034,53.3162441414845,66.1541626381199,49.540055018581,61.3738235688885,69.7355701201482,63.0876678660461,64.8508454572424,55.7523660260287,54.7537307668806,52.113249672778,59.8732625558868,68.8606739847765,65.66617804462,54.3846744685007,63.5935728378955,65.6932224261247,62.0771444781395,63.1852407993474,50.4635270796197
69.4461819292119,50.0099489490634,58.8526715125951,59.541165879205,64.6747234407416,56.6995690709493,57.1182707148207,62.4567160481856,66.6918568754403,43.4201889894676,64.9048695061288,57.9313711617034,53.3162441414845,66.1541626381199,49.540055018581,61.3738235688885,69.7355701201482,63.0876678660461,64.8508454572424,55.7523660260287,54.7537307668806,52.113249672778,59.8732625558868,68.8606739847765,65.66617804462,54.3846744685007,63.6352927189822,65.6932224261247,62.0771444781395,63.1852407993474,50.4635270796197
69.4461819292119,50.0099489490634,58.8526715125951,59.541165879205,64.6747234407416,56.6995690709493,57.1182707148207,62.495030611953,66.6918568754403,43.4201889894676,64.9048695061288,57.9313711617034,53.3162441414845,66.1541626381199,49.6459921218469,61.3738235688885,69.7355701201482,63.0876678660461,64.8508454572424,55.7523660260287,54.7537307668806,52.113249672778,59.8732625558868,68.8606739847765,65.66617804462,54.3846744685007,63.6352927189822,65.6932224261247,62.0771444781395,63.1852407993474,50.5804953386578
69.4461819292119,50.0200645281113,58.8526715125951,59.541165879205,64.6747234407416,56.6995690709493,57.1182707148207,62.495030611953,66.6918568754403,43.4201889894676,64.9236229060737,57.9313711617034,53.3162441414845,66.1541626381199,49.6459921218469,61.3738235688885,69.7355701201482,63.0876678660461,65.5032902171682,55.7523660260287,54.7537307668806,52.113249672778,59.8732625558868,68.8606739847765,65.66617804462,54.3846744685007,63.6352927189822,65.6932224261247,62.1592061662762,63.1852407993474,50.5804953386578
69.4963203226874,50.0200645281113,58.8526715125951,59.541165879205,64.6747234407416,56.6995690709493,57.1182707148207,62.495030611953,66.6918568754403,43.4201889894676,64.9236229060737,58.0773914644387,53.338148849654,66.1541626381199,49.6459921218469,62.0059421488831,69.7355701201482,63.0876678660461,65.5032902171682,55.7523660260287,54.7537695991709,52.1204232097687,59.8732625558868,68.8606739847765,65.66617804462,54.3846744685007,63.6352927189822,65.7236276226888,62.1592061662762,63.1852407993474,50.5804953386578
69.4963203226874,50.0200645281113,58.8526715125951,59.541165879205,64.6747234407416,56.6995690709493,57.1182707148207,62.495030611953,66.6918568754403,43.4201889894676,64.9236229060737,58.0773914644387,53.338148849654,66.1541626381199,49.6459921218469,62.0059421488831,69.7355701201482,63.0876678660461,65.5032902171682,55.7523660260287,54.7537695991709,52.1204232097687,59.8732625558868,68.8606739847765,65.66617804462,54.3846744685007,63.6352927189822,65.7476412718533,62.1592061662762,63.1852407993474,50.5804953386578
69.4963203226874,50.0200645281113,58.8526715125951,59.541165879205,64.8175653859089,56.6995690709493,57.1182707148207,62.495030611953,66.6918568754403,43.4201889894676,64.9252557340645,58.0773914644387,53.338148849654,66.1541626381199,49.6459921218469,62.0059421488831,69.7355701201482,63.0876678660461,65.5032902171682,55.7523660260287,54.7537695991709,52.1204232097687,59.8732625558868,68.8606739847765,65.66617804462,54.3846744685007,63.6352927189822,65.7476412718533,62.1592061662762,63.1852407993474,50.5804953386578
69.4963203226874,50.0671370209593,58.8526715125951,59.541165879205,64.8175653859089,56.6995690709493,57.1182707148207,62.495030611953,66.6918568754403,43.4201889894676,64.9252557340645,58.0773914644387,53.338148849654,66.1541626381199,49.6459921218469,62.0059421488831,69.7504087541889,63.0876678660461,65.5032902171682,55.7523660260287,54.7537695991709,52.1204232097687,59.8732625558868,68.8606739847765,65.66617804462,54.3846744685007,63.6352927189822,65.7476412718533,62.1592061662762,63.1852407993474,50.5931534023492
69.4963203226874,50.0671370209593,58.8526715125951,59.541165879205,64.8175653859089,56.6995690709493,57.1182707148207,62.495030611953,66.6918568754403,43.4201889894676,64.966366136808,58.0773914644387,53.338148849654,66.1541626381199,49.6459921218469,62.0059421488831,69.7504087541889,63.0876678660461,65.5032902171682,55.7523660260287,54.7537695991709,52.1204232097687,59.8732625558868,68.8606739847765,65.66617804462,54.3846744685007,63.6352927189822,65.7476412718533,62.1592061662762,63.1852407993474,50.5931534023492
69.4963203226874,50.0671370209593,58.8526715125951,59.541165879205,64.8175653859089,56.6995690709493,57.1182707148207,62.495030611953,66.6918568754403,43.4201889894676,64.966366136808,58.0773914644387,53.338148849654,66.1541626381199,49.6459921218469,62.0059421488831,69.7504087541889,63.0876678660461,65.5032902171682,55.7523660260287,54.7537695991709,52.1204232097687,59.8732625558868,68.8606739847765,65.66617804462,54.3846744685007,63.6352927189822,65.7476412718533,62.384254408335,63.2492077886805,50.5931534023492
69.4963203226874,50.0671370209593,58.8526715125951,59.541165879205,64.8175653859089,56.6995690709493,57.1182707148207,62.495030611953,66.6918568754403,43.4201889894676,64.966366136808,58.0773914644387,53.338148849654,66.1541626381199,49.6459921218469,62.0059421488831,69.7504087541889,63.7469537237251,65.5032902171682,55.7523660260287,54.7537695991709,52.1204232097687,59.8732625558868,68.8606739847765,65.66617804462,54.5664180258702,63.6352927189822,65.7476412718533,62.384254408335,63.2492077886805,50.5931534023492
69.5544491311445,50.0671370209593,58.8716753313237,59.541165879205,64.8175653859089,56.6995690709493,57.1182707148207,62.495030611953,66.6918568754403,43.4201889894676,64.966366136808,58.0773914644387,53.338148849654,66.1541626381199,49.6459921218469,62.0059421488831,69.7504087541889,63.7469537237251,65.5032902171682,55.7523660260287,54.7537695991709,52.1204232097687,59.8732625558868,68.8606739847765,65.7084316986609,54.5664180258702,63.6352927189822,65.7476412718533,62.384254408335,63.2492077886805,50.6126827403633
69.5544491311445,50.0770614266831,58.8716753313237,59.541165879205,64.8175653859089,56.6995690709493,57.1182707148207,62.495030611953,66.6918568754403,43.4201889894676,65.0331733610088,58.2805852039782,53.338148849654,66.1541626381199,49.6459921218469,62.0059421488831,69.7504087541889,63.7469537237251,65.5032902171682,55.7523660260287,54.7537695991709,52.1907954930496,59.8732625558868,68.8606739847765,65.7084316986609,54.5664180258702,63.6352927189822,65.7476412718533,62.384254408335,63.2492077886805,51.0482233944074
69.5544491311445,50.0770614266831,58.8716753313237,59.541165879205,65.1674794166991,56.6995690709493,57.1182707148207,62.495030611953,66.6918568754403,43.4201889894676,65.0331733610088,58.2805852039782,53.4272993564476,66.1541626381199,49.6459921218469,62.0059421488831,69.7504087541889,63.7469537237251,65.5032902171682,55.7523660260287,54.7630061892033,52.1907954930496,59.8732625558868,68.8606739847765,65.7084316986609,54.5664180258702,63.6352927189822,65.7476412718533,62.384254408335,63.2492077886805,51.0482233944074
69.5560384330304,50.0770614266831,58.8716753313237,59.541165879205,65.1674794166991,56.6995690709493,57.1182707148207,62.5017740240057,66.6918568754403,43.4201889894676,65.0331733610088,58.2805852039782,53.4272993564476,66.5330895576237,49.6459921218469,62.0059421488831,69.7590944054062,63.7469537237251,65.5032902171682,55.7523660260287,54.7630061892033,52.1907954930496,59.8732625558868,68.8606739847765,65.7084316986609,54.5664180258702,63.6514197814142,65.7476412718533,62.8922096213503,63.2492077886805,51.0482233944074
69.5560384330304,50.0770614266831,58.8716753313237,59.541165879205,65.1674794166991,56.6995690709493,57.1182707148207,62.5017740240057,66.6918568754403,43.4201889894676,65.0331733610088,58.2805852039782,53.4272993564476,66.5330895576237,49.6459921218469,62.0059421488831,69.7590944054062,63.7469537237251,65.9973364095039,55.7523660260287,54.7630061892033,52.1907954930496,59.8732625558868,68.8606739847765,65.7084316986609,54.5664180258702,63.6514197814142,65.7476412718533,62.8922096213503,63.2492077886805,51.0482233944074
69.5560384330304,50.0770614266831,58.8716753313237,59.541165879205,65.1674794166991,56.6995690709493,57.1182707148207,62.5017740240057,66.6918568754403,43.4201889894676,65.0331733610088,58.2805852039782,53.4707392751552,66.5330895576237,49.6459921218469,62.0059421488831,69.7590944054062,63.7469537237251,65.9973364095039,55.7523660260287,54.7630061892033,52.1907954930496,59.8732625558868,68.9180695673038,65.7084316986609,54.5664180258702,63.6514197814142,65.7476412718533,62.8922096213503,63.2492077886805,51.0482233944074
69.5560384330304,50.0770614266831,58.9026526581322,60.1282571127993,65.1674794166991,56.6995690709493,57.1182707148207,62.5017740240057,66.6918568754403,43.4201889894676,65.0331733610088,58.2805852039782,53.4707392751552,66.5330895576237,49.6459921218469,62.0059421488831,69.7590944054062,63.7469537237251,65.9973364095039,55.7934410040869,54.7630061892033,52.1907954930496,59.8732625558868,68.9180695673038,65.7084316986609,54.5664180258702,63.6514197814142,65.7476412718533,62.8922096213503,63.2492077886805,51.0482233944074
69.5560384330304,50.1092655720572,58.9026526581322,60.1282571127993,65.1674794166991,56.6995690709493,57.1182707148207,62.5017740240057,66.6918568754403,43.4201889894676,65.0631885242924,58.2805852039782,53.4707392751552,66.5330895576237,49.6459921218469,62.0059421488831,69.7590944054062,63.7469537237251,65.9973364095039,55.7934410040869,54.7818613670579,52.1907954930496,59.8732625558868,68.9180695673038,65.7084316986609,54.5664180258702,63.6514197814142,65.8488240814415,62.8922096213503,63.2492077886805,51.0482233944074
69.5560384330304,50.1092655720572,58.9026526581322,60.1282571127993,65.1674794166991,56.6995690709493,57.1182707148207,62.5017740240057,66.6918568754403,43.4201889894676,65.0631885242924,58.2805852039782,53.4707392751552,66.5330895576237,49.6459921218469,62.0059421488831,69.7590944054062,63.7469537237251,65.9973364095039,55.7934410040869,54.7818613670579,52.1907954930496,59.8732625558868,68.9180695673038,65.7084316986609,54.5664180258702,63.6514197814142,65.8488240814415,62.8922096213503,63.2492077886805,51.0482233944074
69.5747502581304,50.1092655720572,58.9026526581322,60.1282571127993,65.1674794166991,56.6995690709493,57.1182707148207,62.5017740240057,66.6918568754403,43.4201889894676,65.0631885242924,58.2805852039782,53.5938621183633,66.5330895576237,49.6459921218469,62.0059421488831,69.7590944054062,63.7469537237251,65.9973364095039,55.7934410040869,54.7818613670579,52.1907954930496,59.8732625558868,68.9180695673038,65.7084316986609,54.5664180258702,63.6514197814142,65.8488240814415,62.8922096213503,63.2492077886805,51.0482233944074
69.5747502581304,50.1092655720572,58.9026526581322,60.1282571127993,65.1674794166991,56.6995690709493,57.1182707148207,62.5017740240057,66.6918568754403,43.4201889894676,65.0631885242924,58.2805852039782,53.5938621183633,66.5330895576237,49.6459921218469,62.0059421488831,69.7657931807317,63.7469537237251,66.3249132111773,55.7934410040869,54.7818613670579,52.1907954930496,59.8732625558868,68.9180695673038,65.7973667013826,54.5664180258702,63.6514197814142,65.8488240814415,62.8922096213503,63.2492077886805,51.0482233944074
69.5747502581304,50.1092655720572,58.9140976797327,60.1282571127993,65.1674794166991,56.6995690709493,57.1182707148207,62.5017740240057,66.7377467734432,43.4201889894676,65.0631885242924,58.2805852039782,53.5938621183633,66.5330895576237,49.6459921218469,62.0059421488831,69.7657931807317,63.7469537237251,66.3249132111773,55.7934410040869,54.7828144144354,52.1907954930496,59.8732625558868,68.9180695673038,65.7973667013826,54.5664180258702,63.6514197814142,65.8488240814415,62.8922096213503,63.2492077886805,51.0482233944074
69.5747502581304,50.1092655720572,58.9140976797327,60.1282571127993,65.1674794166991,56.6995690709493,57.1182707148207,62.5017740240057,66.7377467734432,43.9804536345888,65.0631885242924,58.2805852039782,53.5938621183633,66.5330895576237,49.6459921218469,62.0059421488831,69.7657931807317,63.7469537237251,66.3249132111773,55.7934410040869,54.7828144144354,52.1907954930496,59.8732625558868,68.9180695673038,65.7973667013826,54.5664180258702,63.6514197814142,65.8488240814415,62.8922096213503,63.2492077886805,51.0482233944074
69.5747502581304,50.1092655720572,58.9140976797327,60.1282571127993,65.1674794166991,56.6995690709493,57.1182707148207,62.5539557283805,66.7377467734432,43.9804536345888,65.1320296946395,58.2805852039782,53.5938621183633,66.5330895576237,49.6459921218469,62.0059421488831,69.7657931807317,63.7469537237251,66.3249132111773,55.7934410040869,54.7828144144354,52.1907954930496,59.8732625558868,68.9183620837729,65.7973667013826,54.5664180258702,63.6514197814142,65.8488240814415,62.8922096213503,63.2492077886805,51.0482233944074
69.5747502581304,50.1092655720572,58.9140976797327,60.1282571127993,65.1674794166991,56.6995690709493,57.1182707148207,62.5539557283805,66.7377467734432,43.9804536345888,65.1320296946395,58.2805852039782,53.5938621183633,66.5330895576237,49.6459921218469,62.0059421488831,69.7657931807317,63.7469537237251,66.3249132111773,55.7934410040869,54.7828144144354,52.1907954930496,59.8732625558868,68.9183620837729,65.7973667013826,54.5664180258702,63.6514197814142,65.8488240814415,62.8922096213503,63.2492077886805,51.0482233944074
69.5747502581304,50.1092655720572,58.9140976797327,60.1282571127993,65.1674794166991,56.6995690709493,57.1182707148207,62.5539557283805,66.7377467734432,43.9804536345888,65.1320296946395,58.2805852039782,53.6083256830328,66.5330895576237,49.6459921218469,62.0059421488831,69.7657931807317,63.7469537237251,66.3249132111773,55.7934410040869,54.7828144144354,52.1907954930496,59.8732625558868,68.9183620837729,65.7973667013826,54.5664180258702,63.6514197814142,65.8488240814415,62.8922096213503,63.2492077886805,51.0482233944074
69.5747502581304,50.1092655720572,58.9140976797327,60.1282571127993,65.1746044676029,56.9606664923373,57.1182707148207,62.5539557283805,66.7377467734432,44.8720180823917,65.1320296946395,58.3114583457075,53.6083256830328,66.5330895576237,49.6459921218469,62.0059421488831,69.7657931807317,63.7469537237251,66.6649228330757,55.7934410040869,54.7828144144354,52.1907954930496,59.8732625558868,68.9183620837729,65.7973667013826,54.5664180258702,63.6514197814142,65.8488240814415,62.8922096213503,63.2492077886805,51.0482233944074
69.5747502581304,50.1092655720572,58.9140976797327,60.1282571127993,65.1746044676029,56.9606664923373,57.1182707148207,62.5539557283805,66.7377467734432,44.8720180823917,65.1320296946395,58.5043191525941,53.6083256830328,66.5330895576237,49.6459921218469,62.0059421488831,69.7911728463113,63.7469537237251,66.6649228330757,55.7934410040869,54.7828144144354,52.1907954930496,59.8732625558868,68.9183620837729,65.7973667013826,54.6786591956749,63.6514197814142,65.8488240814415,62.8922096213503,63.2492077886805,51.0482233944074
69.5747502581304,50.1092655720572,58.9140976797327,60.1282571127993,65.1746044676029,56.9606664923373,57.1182707148207,62.5830866190086,66.7377467734432,44.8720180823917,65.1320296946395,58.5043191525941,53.6083256830328,66.5330895576237,49.6459921218469,62.0059421488831,69.7911728463113,63.9136513995094,66.6649228330757,55.7934410040869,54.7828144144354,52.1907954930496,60.5393968257098,68.9183620837729,65.7973667013826,54.6786591956749,63.6514197814142,65.8488240814415,62.8922096213503,63.2492077886805,51.0482233944074
69.5747502581304,50.1092655720572,58.9140976797327,60.1282571127993,65.1746044676029,56.9606664923373,57.1182707148207,62.5830866190086,66.7377467734432,44.8720180823917,65.1597889632462,58.5043191525941,53.8582917372571,66.5330895576237,49.6459921218469,62.0059421488831,69.7911728463113,63.9136513995094,66.6649228330757,55.7934410040869,54.7835712355295,52.1907954930496,60.5393968257098,68.9183620837729,65.7973667013826,54.6786591956749,63.6514197814142,65.8488240814415,62.8922096213503,63.2492077886805,51.0482233944074
69.6552084657172,50.1092655720572,58.9140976797327,60.1282571127993,65.1746044676029,56.9606664923373,57.361934724608,62.5830866190086,66.7377467734432,44.8720180823917,65.191560448591,58.5043191525941,53.8582917372571,66.5330895576237,49.6459921218469,62.0059421488831,69.7911728463113,63.9136513995094,66.6649228330757,55.7934410040869,54.7835712355295,52.1907954930496,60.5393968257098,68.9183620837729,65.7973667013826,54.6786591956749,63.6514197814142,65.8488240814415,62.8922096213503,63.2492077886805,51.0482233944074
69.6552084657172,50.1092655720572,58.9140976797327,60.1282571127993,65.1746044676029,56.9606664923373,57.361934724608,62.6681301020692,66.7377467734432,44.8720180823917,65.191560448591,58.5043191525941,53.8582917372571,66.5330895576237,49.6459921218469,62.0059421488831,69.7911728463113,63.9136513995094,66.6649228330757,55.7934410040869,54.7835712355295,52.1907954930496,60.5393968257098,69.0101310195765,65.8846928011588,54.6786591956749,63.6514197814142,65.8488240814415,62.8922096213503,63.2492077886805,51.0482233944074
69.6552084657172,50.1092655720572,58.9140976797327,60.6090962785552,65.1746044676029,56.9606664923373,57.361934724608,62.6681301020692,66.7377467734432,44.8720180823917,65.191560448591,58.5043191525941,53.8582917372571,66.5330895576237,49.6459921218469,62.0059421488831,69.7911728463113,63.9136513995094,66.8334414841869,55.7934410040869,54.7835712355295,52.1907954930496,60.5393968257098,69.0101310195765,65.8846928011588,54.6786591956749,63.6514197814142,65.8488240814415,62.8922096213503,63.2492077886805,51.0482233944074
69.6552084657172,50.1092655720572,58.9140976797327,60.6090962785552,65.2835096838811,56.9606664923373,57.361934724608,62.6681301020692,66.7377467734432,44.8720180823917,65.191560448591,58.5043191525941,53.8582917372571,66.5330895576237,49.6459921218469,62.0059421488831,69.7911728463113,63.9136513995094,66.8334414841869,55.7934410040869,54.7835712355295,52.1907954930496,60.5393968257098,69.0101310195765,65.8846928011588,54.6786591956749,63.6635372099194,65.8488240814415,62.8922096213503,63.2492077886805,51.096787798225
69.6552084657172,50.1092655720572,58.9140976797327,60.6090962785552,65.2835096838811,56.9606664923373,57.361934724608,62.6681301020692,66.7377467734432,44.8720180823917,65.191560448591,58.5043191525941,53.8582917372571,66.5330895576237,49.6459921218469,62.0059421488831,69.7911728463113,63.9136513995094,66.8334414841869,55.7934410040869,54.7835712355295,52.1907954930496,60.5393968257098,69.0101310195765,65.8846928011588,54.6786591956749,63.6635372099194,65.8488240814415,62.8922096213503,63.2492077886805,51.096787798225
69.6552084657172,50.1092655720572,58.931418673327,60.6090962785552,65.2835096838811,56.9606664923373,57.361934724608,62.6681301020692,66.7377467734432,44.8720180823917,65.191560448591,58.5043191525941,53.8582917372571,66.5330895576237,49.6459921218469,62.0059421488831,69.7911728463113,63.9136513995094,66.8334414841869,55.7934410040869,54.7835712355295,52.4281148711957,60.5393968257098,69.0101310195765,65.8846928011588,54.7278971363195,63.6635372099194,65.884238429986,62.8922096213503,63.2492077886805,51.096787798225
69.6552084657172,50.1143402560029,58.931418673327,60.6090962785552,65.2835096838811,56.9606664923373,57.5027927884486,62.6681301020692,66.7377467734432,44.8720180823917,65.191560448591,58.5043191525941,53.8582917372571,66.5330895576237,49.6459921218469,62.0059421488831,69.7911728463113,63.9136513995094,66.8334414841869,55.7934410040869,54.7835712355295,52.4281148711957,60.5393968257098,69.0101310195765,65.8846928011588,54.83682660703,63.6635372099194,65.884238429986,62.975098512819,63.2492077886805,51.096787798225
69.6552084657172,50.1143402560029,58.931418673327,60.6090962785552,65.2835096838811,56.9606664923373,57.5027927884486,62.6681301020692,66.7377467734432,44.8720180823917,65.191560448591,58.5043191525941,53.8582917372571,66.5330895576237,49.6459921218469,62.0059421488831,69.7911728463113,63.9349796668371,66.8334414841869,55.7934410040869,54.7835712355295,52.4281148711957,60.5393968257098,69.0101310195765,65.8846928011588,54.83682660703,63.6635372099194,65.884238429986,62.975098512819,63.2492077886805,51.096787798225
69.6552084657172,50.1143402560029,58.931418673327,60.6090962785552,65.2835096838811,56.9606664923373,57.5027927884486,62.6681301020692,66.7377467734432,44.8720180823917,65.191560448591,58.5043191525941,53.8582917372571,66.5330895576237,49.6459921218469,62.0059421488831,69.7911728463113,63.9349796668371,66.8334414841869,55.7934410040869,54.7922993018025,52.4281148711957,60.5393968257098,69.0101310195765,65.8846928011588,54.83682660703,63.6635372099194,65.884238429986,62.975098512819,63.2492077886805,51.096787798225
69.6552084657172,50.1221745465869,58.931418673327,60.6090962785552,65.361118676296,56.9606664923373,57.5027927884486,62.6849245891325,66.7377467734432,44.8720180823917,65.191560448591,58.5043191525941,53.8582917372571,66.5330895576237,49.6459921218469,62.0059421488831,69.7923623813003,63.9349796668371,66.8334414841869,55.7934410040869,54.7922993018025,52.4281148711957,60.5393968257098,69.0101310195765,65.8846928011588,54.83682660703,63.6635372099194,65.884238429986,62.975098512819,63.2492077886805,51.096787798225
69.6552084657172,50.1221745465869,58.9370627111779,60.6090962785552,65.361118676296,56.9606664923373,57.5027927884486,62.6849245891325,66.7377467734432,44.8720180823917,65.2230916479611,58.5043191525941,53.8582917372571,66.6066359688837,49.6459921218469,62.0059421488831,69.7923623813003,63.9349796668371,66.8334414841869,55.7934410040869,54.7922993018025,52.4281148711957,60.5393968257098,69.0101310195765,65.8846928011588,54.83682660703,63.6635372099194,65.884238429986,62.975098512819,63.2492077886805,51.096787798225
69.662425605407,50.1221745465869,58.9370627111779,61.2142709352137,65.361118676296,56.9606664923373,57.5027927884486,62.6849245891325,66.7377467734432,44.8720180823917,65.2230916479611,58.5043191525941,53.9260137789672,66.6066359688837,49.6459921218469,62.0059421488831,69.7923623813003,63.9349796668371,66.8334414841869,55.7934410040869,54.7983147443909,52.5093881826966,60.5393968257098,69.0101310195765,65.8952447059169,54.83682660703,63.6635372099194,65.884238429986,63.0850356346945,63.2492077886805,51.096787798225
69.662425605407,50.1221745465869,58.9370627111779,61.2142709352137,65.361118676296,56.9606664923373,57.5027927884486,62.7282452602626,66.7377467734432,44.8720180823917,65.2230916479611,58.5043191525941,53.9260137789672,66.6066359688837,49.6459921218469,62.0059421488831,69.7923623813003,63.9349796668371,66.8334414841869,55.7934410040869,54.7983147443909,52.5093881826966,60.5393968257098,69.0101310195765,65.8952447059169,54.83682660703,63.6635372099194,65.884238429986,63.0850356346945,63.2492077886805,51.096787798225
69.662425605407,50.1221745465869,58.9370627111779,61.2142709352137,65.361118676296,56.9606664923373,57.5027927884486,62.7282452602626,66.9483131634186,44.8720180823917,65.2230916479611,58.5043191525941,53.9260137789672,66.6066359688837,49.7371858926217,62.0059421488831,69.7923623813003,63.9349796668371,66.8334414841869,55.7934410040869,54.7983147443909,52.5093881826966,60.5393968257098,69.0101310195765,65.8952447059169,54.83682660703,63.6635372099194,65.884238429986,63.0850356346945,63.2492077886805,51.096787798225
69.662425605407,50.1221745465869,58.9370627111779,61.2142709352137,65.361118676296,56.9606664923373,57.5027927884486,62.7282452602626,66.9483131634186,44.8720180823917,65.2230916479611,58.5043191525941,53.9260137789672,66.6066359688837,49.7371858926217,62.0059421488831,69.7923623813003,63.9349796668371,66.8334414841869,55.7934410040869,54.8402422030949,52.5093881826966,60.5393968257098,69.0411158435767,65.8952447059169,54.880373757772,63.6635372099194,65.884238429986,63.0850356346945,63.2492077886805,51.096787798225
69.662425605407,50.1221745465869,58.9370627111779,61.2142709352137,65.361118676296,56.9606664923373,57.5027927884486,62.7282452602626,66.9483131634186,44.8720180823917,65.2230916479611,58.5043191525941,53.9260137789672,66.6066359688837,49.7371858926217,62.0059421488831,69.7923623813003,63.9349796668371,66.8334414841869,55.7934410040869,54.8402422030949,52.5093881826966,60.5393968257098,69.0411158435767,65.8952447059169,54.880373757772,63.6635372099194,65.884238429986,63.0850356346945,63.2791613326921,51.096787798225
69.662425605407,50.149848677175,58.9370627111779,61.2142709352137,65.361118676296,56.9606664923373,57.5027927884486,62.7807439107296,66.9483131634186,44.8720180823917,65.2230916479611,58.5043191525941,53.9260137789672,66.6066359688837,49.7371858926217,62.0059421488831,69.7923623813003,63.9349796668371,66.8334414841869,55.7934410040869,54.8402422030949,52.5093881826966,60.6051963332545,69.0411158435767,65.8952447059169,54.880373757772,63.6635372099194,65.884238429986,63.0850356346945,63.2791613326921,51.096787798225
69.7382891068639,50.149848677175,58.9370627111779,61.2142709352137,65.4387832673056,56.9606664923373,57.5027927884486,62.7807439107296,66.9483131634186,44.8720180823917,65.231774646647,58.6672576946026,53.9260137789672,66.6066359688837,49.7371858926217,62.0059421488831,69.7923623813003,63.9349796668371,66.8334414841869,55.7934410040869,54.8402422030949,52.5093881826966,60.6051963332545,69.0411158435767,65.8952447059169,54.880373757772,63.6635372099194,65.9836588618789,63.09930642266,63.2791613326921,51.096787798225
69.7382891068639,50.149848677175,58.9370627111779,61.2142709352137,65.4387832673056,56.9606664923373,57.5027927884486,62.7807439107296,66.9483131634186,44.8720180823917,65.231774646647,58.6672576946026,53.9260137789672,66.6066359688837,49.8453509700132,62.0059421488831,69.7923623813003,63.9349796668371,66.8334414841869,55.7934410040869,54.8402422030949,52.5093881826966,60.6051963332545,69.0411158435767,65.8952447059169,54.880373757772,63.6635372099194,65.9836588618789,63.09930642266,63.2791613326921,51.096787798225
69.7382891068639,50.149848677175,58.9480010885285,61.2142709352137,65.4387832673056,56.9606664923373,57.6293979051817,62.7807439107296,66.9483131634186,44.8720180823917,65.231774646647,58.6672576946026,53.9260137789672,66.6066359688837,49.8453509700132,62.0059421488831,69.7923623813003,63.9349796668371,66.8801214776412,55.7934410040869,54.8402422030949,52.5093881826966,60.6051963332545,69.0411158435767,65.8952447059169,54.880373757772,63.6635372099194,65.9836588618789,63.09930642266,63.2791613326921,51.096787798225
69.7382891068639,50.149848677175,58.9480010885285,61.2142709352137,65.4387832673056,56.9606664923373,57.6293979051817,62.7807439107296,66.9483131634186,44.8720180823917,65.231774646647,58.6672576946026,53.9260137789672,66.6066359688837,49.8453509700132,62.0059421488831,69.7942549045831,63.9349796668371,66.8801214776412,55.7934410040869,54.8402422030949,52.5093881826966,60.6051963332545,69.1246773392645,65.8952447059169,54.880373757772,63.6635372099194,65.9836588618789,63.09930642266,63.2791613326921,51.096787798225
69.7382891068639,50.151996986021,58.9480010885285,61.2142709352137,65.4387832673056,56.9606664923373,57.6293979051817,62.7807439107296,66.9483131634186,44.8720180823917,65.231774646647,58.6672576946026,53.9670778018287,66.6066359688837,49.8453509700132,62.0059421488831,69.7942549045831,63.9349796668371,66.8801214776412,55.7934410040869,54.8402422030949,52.5093881826966,60.6051963332545,69.1246773392645,65.8952447059169,54.880373757772,63.677709315309,65.9836588618789,63.09930642266,63.2791613326921,51.096787798225
69.7382891068639,50.151996986021,58.9480010885285,61.2142709352137,65.4387832673056,56.9606664923373,57.6293979051817,62.7807439107296,66.9483131634186,44.8720180823917,65.231774646647,58.6672576946026,53.9670778018287,66.6066359688837,49.8453509700132,62.0059421488831,69.7942549045831,63.9349796668371,66.8801214776412,55.7934410040869,54.8402422030949,52.5093881826966,60.6051963332545,69.1246773392645,65.8952447059169,54.880373757772,63.677709315309,65.9836588618789,63.09930642266,63.2791613326921,51.096787798225
69.7382891068639,50.151996986021,58.9576364266781,61.2142709352137,65.4387832673056,57.0754853152419,57.6293979051817,62.7807439107296,67.3243419051201,44.8720180823917,65.231774646647,58.6672576946026,53.9670778018287,66.6138839290074,49.8453509700132,62.0059421488831,69.7942549045831,63.9414405694089,66.8801214776412,55.7934410040869,54.8402422030949,52.5093881826966,60.6051963332545,69.1246773392645,65.8952447059169,54.880373757772,63.677709315309,65.9836588618789,63.09930642266,63.2791613326921,51.096787798225
69.7382891068639,50.151996986021,58.9576364266781,61.2142709352137,65.4387832673056,57.0754853152419,57.6293979051817,62.7807439107296,67.3243419051201,44.8720180823917,65.252839061393,58.6672576946026,53.9670778018287,66.6138839290074,49.8453509700132,62.0059421488831,69.7942549045831,63.9414405694089,66.8801214776412,55.7934410040869,54.8402422030949,52.5093881826966,60.6051963332545,69.1246773392645,65.8952447059169,54.880373757772,63.677709315309,65.9836588618789,63.09930642266,63.2791613326921,51.096787798225
69.7382891068639,50.151996986021,58.9576364266781,61.2142709352137,65.4387832673056,57.0754853152419,57.6293979051817,62.7807439107296,67.3243419051201,44.8720180823917,65.252839061393,58.6672576946026,53.9670778018287,66.6138839290074,49.8453509700132,62.0059421488831,69.8120042848862,63.9414405694089,66.8801214776412,55.7934410040869,54.8402422030949,52.5093881826966,60.6051963332545,69.1246773392645,65.8952447059169,54.880373757772,63.677709315309,66.005707757098,63.09930642266,63.2791613326921,51.096787798225
69.7382891068639,50.151996986021,58.9576364266781,61.2142709352137,65.4387832673056,57.0754853152419,57.6293979051817,62.7807439107296,67.3243419051201,44.8720180823917,65.252839061393,58.6672576946026,53.9670778018287,66.6138839290074,49.8453509700132,62.0059421488831,69.8120042848862,63.9414405694089,66.8801214776412,55.7934410040869,54.8402422030949,52.5093881826966,60.6051963332545,69.1246773392645,65.8952447059169,54.880373757772,63.677709315309,66.005707757098,63.09930642266,63.2791613326921,51.2192697170477
69.7382891068639,50.151996986021,58.9576364266781,62.6027003006893,65.4581550149344,57.0754853152419,57.6293979051817,62.7807439107296,67.3243419051201,44.8720180823917,65.252839061393,58.6672576946026,53.9670778018287,66.6138839290074,49.8453509700132,62.1309393244627,69.8120042848862,63.9414405694089,66.8801214776412,55.7934410040869,54.8402422030949,52.5093881826966,60.6051963332545,69.1246773392645,65.8952447059169,54.880373757772,63.677709315309,66.005707757098,63.09930642266,63.2791613326921,51.2192697170477
69.7382891068639,50.151996986021,58.9576364266781,62.6027003006893,65.4581550149344,57.0754853152419,57.738981570269,62.7807439107296,67.3243419051201,44.8720180823917,65.252839061393,58.6672576946026,53.9670778018287,66.6138839290074,49.8521799007116,62.1309393244627,69.8120042848862,63.9414405694089,66.8801214776412,55.7934410040869,54.8402422030949,52.5093881826966,60.6051963332545,69.1303007730015,65.9688667376971,55.0768261500954,63.677709315309,66.005707757098,63.1015221998371,63.3688099757913,51.2192697170477
69.7382891068639,50.151996986021,58.9576364266781,62.6027003006893,65.4581550149344,57.0754853152419,57.738981570269,62.7807439107296,67.3243419051201,44.8720180823917,65.252839061393,58.6672576946026,53.9670778018287,66.6138839290074,49.8521799007116,62.1309393244627,69.8120042848862,63.9414405694089,67.2232740473445,55.7934410040869,54.8402422030949,52.5093881826966,60.6051963332545,69.1303007730015,65.9688667376971,55.0768261500954,63.677709315309,66.005707757098,63.1015221998371,63.3688099757913,51.2192697170477
69.7382891068639,50.151996986021,58.9576364266781,62.6027003006893,65.4581550149344,57.8955494027891,57.738981570269,62.7807439107296,67.3243419051201,44.8720180823917,65.252839061393,58.7508241795423,53.9670778018287,66.6138839290074,49.8521799007116,62.1309393244627,69.8120042848862,63.9414405694089,67.2232740473445,55.7934410040869,54.8402422030949,52.5093881826966,60.6051963332545,69.1303007730015,65.9688667376971,55.0768261500954,63.677709315309,66.005707757098,63.1015221998371,63.3688099757913,51.2192697170477
69.7382891068639,50.151996986021,58.9576364266781,62.6027003006893,65.4581550149344,57.8955494027891,57.738981570269,62.7807439107296,67.3243419051201,44.8720180823917,65.252839061393,58.7508241795423,53.9670778018287,66.6138839290074,49.8521799007116,62.1309393244627,69.8120042848862,63.9414405694089,67.2232740473445,55.7934410040869,54.8402422030949,52.5093881826966,60.6051963332545,69.1303007730015,65.9688667376971,55.0768261500954,63.677709315309,66.005707757098,63.1015221998371,63.3688099757913,51.2192697170477
69.7382891068639,50.151996986021,58.9819856563729,62.6027003006893,65.4581550149344,57.8955494027891,57.738981570269,62.7807439107296,67.3243419051201,44.8720180823917,65.252839061393,58.7508241795423,53.9670778018287,66.6138839290074,49.8521799007116,62.1309393244627,69.8120042848862,63.9414405694089,67.2232740473445,55.7934410040869,54.8402422030949,52.5093881826966,61.8460183880262,69.1303007730015,65.9688667376971,55.0768261500954,63.677709315309,66.005707757098,63.1015221998371,63.3688099757913,51.2192697170477
69.7382891068639,50.151996986021,58.9819856563729,62.6027003006893,65.4581550149344,57.8955494027891,57.738981570269,62.7807439107296,67.3243419051201,44.8720180823917,65.252839061393,58.7508241795423,53.9690694105768,66.6138839290074,49.8521799007116,62.2557806670465,69.8120042848862,63.9414405694089,67.2232740473445,55.7934410040869,54.8402422030949,52.5093881826966,61.8460183880262,69.1303007730015,65.9688667376971,55.0768261500954,63.677709315309,66.005707757098,63.1015221998371,63.3688099757913,51.2192697170477
69.7382891068639,50.151996986021,58.9819856563729,62.6027003006893,65.4581550149344,57.8955494027891,57.738981570269,62.7807439107296,67.3243419051201,44.8720180823917,65.252839061393,58.7508241795423,53.9690694105768,66.6138839290074,49.8521799007116,62.2557806670465,69.8120042848862,63.9414405694089,67.2232740473445,55.7934410040869,54.8402422030949,52.5093881826966,61.8460183880262,69.1303007730015,65.9688667376971,55.0768261500954,63.677709315309,66.005707757098,63.1015221998371,63.3883966929485,51.2192697170477
69.7382891068639,50.151996986021,58.9819856563729,62.6027003006893,65.4581550149344,57.8955494027891,57.9271528573478,62.7807439107296,67.3243419051201,44.8720180823917,65.252839061393,58.7508241795423,53.9690694105768,66.6138839290074,49.8521799007116,62.2557806670465,69.8136478834054,63.9414405694089,67.2232740473445,55.7934410040869,54.8402422030949,52.5093881826966,61.8460183880262,69.1584368486658,65.9688667376971,55.0768261500954,63.677709315309,66.005707757098,63.1015221998371,63.3883966929485,51.2545031955492
69.7382891068639,50.151996986021,58.9848317698305,62.6027003006893,65.4687966778285,57.9659008352,57.9271528573478,62.7807439107296,67.3243419051201,44.8720180823917,65.252839061393,58.7508241795423,53.9876449945061,66.6138839290074,49.8521799007116,62.2557806670465,69.8136478834054,63.9414405694089,67.2232740473445,55.7934410040869,54.8402422030949,52.5093881826966,61.8460183880262,69.1584368486658,65.9688667376971,55.0768261500954,63.677709315309,66.005707757098,63.1015221998371,63.3883966929485,51.2545031955492
69.7382891068639,50.151996986021,58.9848317698305,62.6027003006893,65.4687966778285,58.0291210935795,57.9271528573478,62.7807439107296,67.3243419051201,44.8720180823917,65.2853901094915,58.7508241795423,53.9876449945061,66.6138839290074,49.8521799007116,62.2557806670465,69.8136478834054,63.9414405694089,67.2232740473445,55.7934410040869,54.8402422030949,52.5093881826966,61.8460183880262,69.1584368486658,65.9688667376971,55.0768261500954,63.677709315309,66.005707757098,63.1015221998371,63.3883966929485,51.2545031955492
69.7382891068639,50.151996986021,58.9848317698305,62.6027003006893,65.4687966778285,58.0291210935795,57.9271528573478,62.7807439107296,67.3243419051201,44.8720180823917,65.2853901094915,58.7508241795423,53.9876449945061,66.6138839290074,49.8521799007116,62.2557806670465,69.8136478834054,63.9414405694089,67.382613767916,55.7934410040869,54.8402422030949,52.5093881826966,61.8460183880262,69.1584368486658,65.9688667376971,55.0768261500954,63.6853171124288,66.005707757098,63.1015221998371,63.3883966929485,51.2545031955492
69.7382891068639,50.151996986021,58.9848317698305,62.6027003006893,65.4687966778285,58.0291210935795,57.9271528573478,62.7807439107296,67.3243419051201,44.8720180823917,65.2853901094915,58.7508241795423,53.9876449945061,66.6138839290074,49.8521799007116,62.4251356094693,69.8285514475924,63.9414405694089,67.382613767916,55.7934410040869,54.8402422030949,52.5093881826966,61.8460183880262,69.1584368486658,65.9688667376971,55.0768261500954,63.6853171124288,66.005707757098,63.1654522047251,63.3883966929485,51.2545031955492
69.7382891068639,50.151996986021,58.9848317698305,62.6027003006893,65.4687966778285,58.0291210935795,57.9271528573478,62.7807439107296,67.3243419051201,44.8720180823917,65.2853901094915,58.7508241795423,53.9876449945061,66.8411121057634,49.91750717774,62.4251356094693,69.8285514475924,63.9414405694089,67.382613767916,55.7934410040869,54.8402422030949,52.5093881826966,61.8460183880262,69.1584368486658,65.9688667376971,55.0768261500954,63.6853171124288,66.005707757098,63.1654522047251,63.3883966929485,51.2999652442489
69.7382891068639,50.151996986021,58.9848317698305,62.6027003006893,65.469208637989,58.0291210935795,57.9271528573478,62.7807439107296,67.3243419051201,44.8720180823917,65.2853901094915,58.7508241795423,53.9876449945061,66.8411121057634,49.91750717774,62.4251356094693,69.8285514475924,63.9414405694089,67.382613767916,55.8438145669508,54.8402422030949,52.5093881826966,61.8460183880262,69.1584368486658,65.9688667376971,55.1100607967008,63.6853171124288,66.005707757098,63.1654522047251,63.4799496355177,51.2999652442489
69.7382891068639,50.1751726796676,58.9848317698305,62.6027003006893,65.469208637989,58.0291210935795,57.9271528573478,62.7807439107296,67.3243419051201,44.8720180823917,65.3422403025234,58.7508241795423,53.9876449945061,66.8411121057634,49.91750717774,62.4251356094693,69.8285514475924,63.9414405694089,67.382613767916,55.8438145669508,54.8402422030949,52.5093881826966,61.8460183880262,69.1584368486658,66.0073174600145,55.1100607967008,63.6853171124288,66.005707757098,63.1654522047251,63.4799496355177,51.2999652442489
69.7382891068639,50.1751726796676,58.9848317698305,62.6027003006893,65.469208637989,58.0291210935795,57.9271528573478,62.7807439107296,67.3243419051201,44.8720180823917,65.3422403025234,58.7508241795423,53.9876449945061,66.8411121057634,49.9248260481034,62.4251356094693,69.8285514475924,63.9414405694089,67.382613767916,55.8438145669508,54.8402422030949,52.5093881826966,61.8460183880262,69.1584368486658,66.1094868235616,55.1100607967008,63.6853171124288,66.005707757098,63.1654522047251,63.4799496355177,51.2999652442489
69.7382891068639,50.1751726796676,58.9848317698305,62.6027003006893,65.469208637989,58.0291210935795,57.9271528573478,62.7807439107296,67.3243419051201,44.8720180823917,65.3422403025234,58.7508241795423,53.9876449945061,66.8411121057634,49.9248260481034,62.4251356094693,69.829386592207,63.9414405694089,67.382613767916,55.8438145669508,54.8402422030949,52.5093881826966,61.8460183880262,69.1584368486658,66.1094868235616,55.1100607967008,63.6853171124288,66.005707757098,63.1654522047251,63.4799496355177,51.2999652442489
69.7382891068639,50.1751726796676,58.9848317698305,62.6027003006893,65.469208637989,58.0291210935795,57.9271528573478,62.7807439107296,67.3243419051201,44.8720180823917,65.3422403025234,58.7508241795423,54.0230926090617,66.8411121057634,49.9248260481034,62.4251356094693,69.829386592207,63.9414405694089,67.382613767916,55.8438145669508,54.8402422030949,52.5093881826966,61.8460183880262,69.1584368486658,66.1094868235616,55.1100607967008,63.6853171124288,66.005707757098,63.1654522047251,63.4799496355177,51.2999652442489
46.5928144035332,41.2544422775974,35.5574844292124,45.8302940862812,46.1258502834621,20.4430017878292,46.2978837047802,49.5354373140626,25.2493333679148,28.6439285102925,63.9441447796006,28.981308842717,42.5180592897645,26.3853946209646,37.4327186863298,59.9887516243739,44.8868501549943,43.1372436735987,27.4556725704525,59.1328024840231,50.761004012466,38.2376210373174,25.6810654514602,40.1353567760215,28.3909863209821,24.2277602746693,47.3466233830446,38.2065265979608,28.5809710011998,53.6925761240762,37.7364939155576
61.4119860932828,41.3250176562597,50.5713916239906,46.667247584473,55.495038517757,31.0523589865411,55.338678113941,51.225327120323,55.5571083344614,28.7637380744206,64.0016380030809,43.4690653814217,52.1945668535698,31.4975298354411,57.9416521728599,59.9887516243739,58.5458896188295,43.2143508949436,27.7388725086417,59.1513247628597,50.8058094513777,39.0484098235461,25.8961790860801,48.0300443477275,60.9463430976907,28.2776027704437,60.8022614750637,39.9935858383345,28.6340816487288,53.8546768681168,52.6045190393295
61.4119860932828,41.3250176562597,50.5890118735434,46.667247584473,55.495038517757,42.888725558928,55.354370690625,51.225327120323,55.621026588857,46.2406080222295,64.0016380030809,43.4690653814217,52.1945668535698,45.8101327576859,57.9416521728599,59.9887516243739,58.5725344488268,58.5798725820063,35.9401313082748,59.1513247628597,50.8058094513777,39.0484098235461,51.3923349511038,48.0300443477275,60.9463430976907,57.8153423388535,60.8022614750637,54.8794381065031,33.1689787585684,53.8546768681168,52.6372658446638
61.4119860932828,41.3250176562597,50.5890118735434,54.3795163902928,55.495038517757,42.888725558928,55.354370690625,51.225327120323,55.621026588857,48.8593526396205,64.0016380030809,43.4690653814217,52.1945668535698,45.8101327576859,57.9416521728599,59.9887516243739,58.5725344488268,58.5798725820063,58.0669122893196,59.1513247628597,50.8284334276764,42.915278231711,51.3923349511038,48.0300443477275,60.9463430976907,57.8153423388535,60.8022614750637,54.8794381065031,60.1093344227031,53.8546768681168,52.6372658446638
61.4119860932828,41.3250176562597,50.6149181077357,54.3795163902928,55.495038517757,42.888725558928,55.354370690625,51.225327120323,55.621026588857,48.8593526396205,64.233592453474,43.4690653814217,52.2540071608187,45.8101327576859,58.4969822277617,60.1132886433086,58.5725344488268,58.5798725820063,59.0976453980148,59.273050304091,50.9265528193019,42.915278231711,51.3923349511038,48.0300443477275,60.9463430976907,57.8153423388535,60.8022614750637,54.8794381065031,60.1093344227031,54.0020912593525,52.6497834133698
61.4119860932828,41.3848086766676,50.7224115595795,54.3795163902928,55.495038517757,42.888725558928,55.354370690625,51.225327120323,55.621026588857,48.8593526396205,64.233592453474,43.4690653814217,52.6892126351258,45.8101327576859,58.4969822277617,61.4134129557751,58.7150578512979,58.5798725820063,59.0976453980148,59.273050304091,50.9265528193019,42.915278231711,51.3923349511038,48.0945956729896,60.9463430976907,57.8153423388535,60.8022614750637,54.8794381065031,60.1093344227031,54.4984912780351,53.175778080612
61.4119860932828,41.8703244753139,50.7224115595795,54.3795163902928,55.7219217302564,43.3452510022275,55.354370690625,51.3671593431348,56.1385511479494,48.8593526396205,64.233592453474,43.7338168894867,52.6892126351258,45.8101327576859,58.4969822277617,61.4134129557751,58.7623000805781,59.4952821243478,59.0976453980148,59.273050304091,50.9265528193019,42.915278231711,51.3923349511038,48.2118621790076,61.076062632917,57.8153423388535,60.8277091929898,54.8794381065031,60.1093344227031,54.4984912780351,53.3255355043342
61.4547854459983,41.8703244753139,50.7224115595795,54.3795163902928,57.2029598253444,43.3515965920459,56.6186321544666,51.7117116139679,56.1385511479494,48.8593526396205,64.233592453474,43.8066804077687,52.6892126351258,45.9035414866734,58.4969822277617,61.4134129557751,58.7623000805781,60.4376324213811,59.0976453980148,59.273050304091,50.9265528193019,42.915278231711,51.3923349511038,48.2118621790076,61.2763744049498,58.1531488602411,61.1272308425577,55.1670088499747,60.1093344227031,54.4984912780351,53.3255355043342
61.6000226523389,41.8703244753139,50.7234354816744,54.3795163902928,57.2029598253444,43.3515965920459,56.6186321544666,51.7117116139679,56.1385511479494,48.8593526396205,64.5452879172237,43.8066804077687,52.8568252517247,45.9035414866734,59.699170116648,61.4134129557751,58.7623000805781,60.4376324213811,59.0976453980148,59.273050304091,51.1256556687847,42.915278231711,51.6424350252783,48.2118621790076,61.2763744049498,58.9288268635396,61.1272308425577,55.87722122763,60.3959424587683,54.4984912780351,53.3255355043342
61.6000226523389,41.8703244753139,50.9475890796874,55.893940886279,57.2029598253444,43.3515965920459,56.6186321544666,51.7117116139679,56.1385511479494,48.8593526396205,64.5452879172237,43.8066804077687,52.8568252517247,45.9035414866734,59.699170116648,61.4134129557751,58.7837184364886,60.4376324213811,59.0976453980148,59.273050304091,51.1256556687847,44.487516738115,51.6424350252783,48.2118621790076,61.2763744049498,58.9288268635396,61.1272308425577,55.87722122763,60.7854473678554,54.4984912780351,53.3742143749246
61.6000226523389,41.8703244753139,50.9475890796874,57.694606376243,57.2029598253444,43.3515965920459,56.6186321544666,51.7117116139679,56.1385511479494,48.8593526396205,64.5452879172237,43.8066804077687,52.8568252517247,45.9035414866734,59.699170116648,61.6024270689718,59.253905174799,60.4376324213811,59.2558104530488,59.273050304091,51.1256556687847,44.487516738115,51.6424350252783,48.2118621790076,61.2763744049498,58.9288268635396,61.1272308425577,55.87722122763,60.7854473678554,55.7112655725251,53.6727572097853
61.6000226523389,41.8703244753139,50.9475890796874,57.694606376243,57.2029598253444,43.3515965920459,56.6186321544666,51.7117116139679,56.1385511479494,48.8593526396205,64.5452879172237,43.8066804077687,52.8568252517247,45.9035414866734,59.699170116648,61.6024270689718,59.253905174799,60.4376324213811,60.0083738623474,59.273050304091,51.1256556687847,44.487516738115,51.6424350252783,48.259599688834,61.2763744049498,58.9288268635396,61.1272308425577,55.87722122763,60.7854473678554,55.7112655725251,53.6727572097853
61.6000226523389,41.9640154806299,50.9475890796874,57.694606376243,57.2029598253444,43.3515965920459,56.6186321544666,52.9141373213441,56.1385511479494,48.8593526396205,64.548279976481,43.8066804077687,52.8568252517247,45.9035414866734,59.699170116648,61.6024270689718,59.253905174799,61.2535376487385,60.0083738623474,59.273050304091,51.1256556687847,44.487516738115,51.6424350252783,48.8965231387515,61.2763744049498,58.9288268635396,61.1272308425577,55.87722122763,60.7854473678554,55.7112655725251,53.6727572097853
61.6000226523389,42.136388691521,51.0410298608305,57.694606376243,57.2029598253444,44.3647572628218,56.6186321544666,52.9141373213441,56.1385511479494,48.8593526396205,65.4450812463119,43.8066804077687,53.4777141138156,45.9035414866734,59.699170116648,61.6024270689718,59.253905174799,61.2535376487385,60.0083738623474,59.51074028476,51.6999129737505,44.487516738115,51.6424350252783,48.8965231387515,61.2763744049498,58.9288268635396,61.1272308425577,55.87722122763,60.7854473678554,55.7112655725251,53.6746192819229
61.6000226523389,42.136388691521,51.5247568938922,57.694606376243,58.2354032817632,44.3647572628218,56.8231478537156,52.9141373213441,56.187188634018,48.8593526396205,65.4450812463119,43.8066804077687,53.4777141138156,45.9035414866734,59.699170116648,61.6024270689718,59.4041779590693,61.2535376487385,60.0083738623474,59.7808018069966,51.6999129737505,44.487516738115,51.6424350252783,48.8965231387515,61.2763744049498,59.8208037684788,61.1272308425577,55.87722122763,60.9678593174017,55.7112655725251,55.2783605901972
61.6000226523389,42.136388691521,51.5247568938922,57.694606376243,58.2354032817632,44.3647572628218,56.8339192504918,52.9141373213441,57.3355101419691,48.8593526396205,65.4450812463119,44.0482274745736,53.4777141138156,46.3278166569717,59.699170116648,61.6024270689718,61.1023650231324,61.2535376487385,60.0083738623474,59.7808018069966,51.6999129737505,44.487516738115,51.6424350252783,48.8965231387515,61.2763744049498,59.8208037684788,61.1272308425577,56.219463084112,61.9812027476159,55.7112655725251,55.2783605901972
61.6645875292956,42.1714539049647,51.5247568938922,57.694606376243,58.2354032817632,44.3647572628218,56.8339192504918,52.9141373213441,57.3355101419691,48.8593526396205,65.4450812463119,44.2104305955359,53.4777141138156,47.3400972052524,59.699170116648,61.6555783030928,61.1023650231324,61.2535376487385,60.0083738623474,59.7808018069966,51.6999129737505,44.487516738115,52.9297764075343,48.8965231387515,61.2763744049498,59.8208037684788,61.1272308425577,56.219463084112,61.9812027476159,56.314006695707,55.2783605901972
61.7110544873121,44.3683349850261,51.553898172232,57.7450225669263,58.2354032817632,44.3647572628218,56.8339192504918,52.9141373213441,57.3355101419691,48.8593526396205,65.4450812463119,44.2104305955359,53.7303168986763,47.3400972052524,59.699170116648,61.6555783030928,61.1023650231324,61.2535376487385,60.0083738623474,59.7808018069966,51.8743824307551,45.3543846021502,52.9297764075343,48.8965231387515,61.2763744049498,59.8208037684788,61.1272308425577,56.219463084112,61.9812027476159,56.314006695707,55.2783605901972
61.7110544873121,44.3683349850261,51.553898172232,57.7450225669263,58.2354032817632,44.3647572628218,56.8339192504918,53.1834776776867,57.3355101419691,48.8593526396205,65.4450812463119,44.2104305955359,53.7303168986763,47.3400972052524,59.699170116648,61.6555783030928,61.1023650231324,61.2535376487385,60.0083738623474,59.828701196501,51.8743824307551,45.7613596646687,52.9297764075343,50.4247832204583,61.2763744049498,59.8208037684788,61.1272308425577,56.219463084112,61.9812027476159,56.314006695707,55.2783605901972
61.7110544873121,44.3683349850261,51.553898172232,57.7450225669263,58.2354032817632,44.3647572628218,56.8339192504918,53.1834776776867,57.3355101419691,48.8593526396205,66.4043356320978,44.2104305955359,53.7303168986763,47.3400972052524,59.699170116648,61.6555783030928,61.4193697510477,61.2535376487385,60.0083738623474,59.828701196501,51.8743824307551,45.7613596646687,52.9297764075343,50.4247832204583,61.2763744049498,59.8208037684788,61.1272308425577,56.219463084112,61.9812027476159,56.314006695707,55.2783605901972
61.7110544873121,44.3683349850261,51.553898172232,57.7450225669263,58.2354032817632,44.3647572628218,56.8339192504918,53.1834776776867,57.3355101419691,48.8593526396205,66.4043356320978,44.2104305955359,53.7303168986763,47.3400972052524,59.699170116648,61.6555783030928,61.4193697510477,61.2535376487385,60.0083738623474,59.828701196501,52.9290787979857,45.7613596646687,52.9297764075343,50.4247832204583,61.3414019243792,60.6699731578419,61.4826305182861,56.219463084112,61.9812027476159,57.8090913986144,55.2783605901972
61.7110544873121,44.3683349850261,51.553898172232,57.7450225669263,58.5410027631062,44.3647572628218,56.8339192504918,53.1834776776867,57.7137059728509,50.5937043639355,66.4043356320978,44.2104305955359,53.7303168986763,47.3400972052524,59.699170116648,61.6555783030928,61.4193697510477,61.2535376487385,60.0083738623474,59.828701196501,53.341181059474,45.7613596646687,52.9297764075343,50.4247832204583,61.3414019243792,60.6699731578419,61.5201428413364,56.219463084112,61.9812027476159,57.8090913986144,55.2783605901972
61.7110544873121,44.3683349850261,51.7096289560886,57.7450225669263,58.7670241156671,44.3647572628218,57.8068049887758,54.3895343356313,58.2090452413801,50.5937043639355,66.4043356320978,44.2104305955359,53.7303168986763,47.3400972052524,59.699170116648,61.6555783030928,61.4193697510477,61.2535376487385,60.0083738623474,60.0156022499009,53.341181059474,45.7613596646687,52.9297764075343,50.4247832204583,61.3414019243792,60.6699731578419,61.5201428413364,56.219463084112,63.0987197258165,57.8090913986144,55.2783605901972
61.7110544873121,44.3683349850261,51.7096289560886,57.7450225669263,58.7670241156671,44.3647572628218,57.8068049887758,54.3895343356313,58.2090452413801,50.5937043639355,66.4043356320978,44.225654326039,53.7303168986763,47.9012406077102,59.699170116648,62.3635710561928,61.4193697510477,61.2535376487385,60.0083738623474,61.3171087492318,53.4489354273077,45.7613596646687,52.9297764075343,50.4247832204583,61.3414019243792,60.6699731578419,61.5201428413364,56.219463084112,63.0987197258165,57.8090913986144,55.5181843084021
61.7110544873121,44.3683349850261,51.7096289560886,57.7450225669263,58.7670241156671,44.3647572628218,57.8068049887758,54.3895343356313,58.2090452413801,50.5937043639355,66.7018637731451,44.3323832419507,53.972127142666,47.9012406077102,59.699170116648,62.3635710561928,61.4193697510477,61.2535376487385,60.0083738623474,61.3171087492318,53.4489354273077,45.7613596646687,52.9297764075343,51.3327517184785,61.3414019243792,60.6699731578419,61.5201428413364,56.219463084112,63.0987197258165,58.4182147486992,55.5181843084021
61.7110544873121,44.3683349850261,51.7096289560886,57.7450225669263,58.7670241156671,44.3647572628218,57.8068049887758,54.3895343356313,58.2090452413801,50.5937043639355,66.7018637731451,44.3323832419507,53.972127142666,47.9012406077102,59.699170116648,62.3635710561928,61.8016723714225,61.2780385589695,60.0083738623474,61.3171087492318,53.4489354273077,46.0664598967577,52.9297764075343,51.3327517184785,61.3414019243792,60.6699731578419,61.5364171404105,56.219463084112,63.0987197258165,58.4182147486992,55.5181843084021
62.6111810494377,44.6145472282634,51.7567499106257,57.7450225669263,58.7670241156671,44.3647572628218,57.8068049887758,54.3895343356313,58.2090452413801,50.5937043639355,66.7018637731451,44.3323832419507,53.972127142666,47.9012406077102,60.260327729895,62.3635710561928,61.9287141760775,61.2780385589695,60.0083738623474,61.3171087492318,53.8480533303783,46.0664598967577,52.9297764075343,51.3327517184785,61.674747238229,60.6699731578419,61.8933030716169,56.219463084112,63.0987197258165,58.4182147486992,55.5181843084021
62.6111810494377,44.6145472282634,51.7567499106257,57.7450225669263,58.7670241156671,47.8273657073766,57.8068049887758,54.3895343356313,58.2090452413801,50.5937043639355,66.7018637731451,44.3323832419507,53.972127142666,47.9012406077102,60.7314139397578,62.3635710561928,61.9287141760775,61.2780385589695,60.2936993397631,61.3171087492318,53.8480533303783,46.0664598967577,52.9297764075343,51.3327517184785,61.674747238229,60.6699731578419,61.8933030716169,56.219463084112,63.0987197258165,58.4182147486992,55.5181843084021
62.6111810494377,44.6145472282634,51.7567499106257,57.7450225669263,58.7670241156671,47.8273657073766,57.8068049887758,54.3895343356313,58.2090452413801,50.5937043639355,66.7018637731451,44.3323832419507,54.7790434138387,47.9012406077102,60.7314139397578,62.3635710561928,61.9287141760775,61.2780385589695,60.2936993397631,61.3171087492318,53.8480533303783,46.0664598967577,52.9297764075343,51.3327517184785,61.674747238229,60.6699731578419,61.8933030716169,56.219463084112,63.7657002429567,58.4182147486992,55.5181843084021
62.6111810494377,44.6145472282634,51.7567499106257,57.7450225669263,60.8010406995019,47.8273657073766,57.8068049887758,54.3895343356313,58.2090452413801,50.5937043639355,66.7018637731451,44.3323832419507,54.7790434138387,47.9012406077102,60.7314139397578,62.3635710561928,61.9287141760775,61.2780385589695,60.2936993397631,61.3171087492318,53.8480533303783,46.0664598967577,52.9297764075343,51.703923846402,61.674747238229,60.6699731578419,61.8933030716169,56.4906622848125,63.7657002429567,58.4182147486992,55.5181843084021
62.6111810494377,44.6145472282634,51.7567499106257,57.7450225669263,60.8010406995019,47.8273657073766,58.9013805914844,54.3895343356313,58.2090452413801,50.5937043639355,66.8730271047778,44.3323832419507,54.857803058064,47.9012406077102,60.7314139397578,62.3635710561928,61.9287141760775,61.2780385589695,60.2936993397631,61.3171087492318,53.8480533303783,46.0664598967577,52.9297764075343,51.703923846402,61.674747238229,60.6699731578419,61.8933030716169,56.6174807754759,63.7657002429567,58.4182147486992,55.5181843084021
62.6111810494377,45.1903741194429,52.2455196279584,57.7450225669263,60.8010406995019,47.8273657073766,58.9013805914844,54.3895343356313,58.2090452413801,50.5937043639355,66.8730271047778,44.3323832419507,54.857803058064,49.4744315232539,60.7314139397578,62.3635710561928,61.9287141760775,61.2780385589695,60.2936993397631,61.4698299188244,53.8480533303783,46.0664598967577,52.9297764075343,51.703923846402,61.674747238229,60.6699731578419,61.8933030716169,56.6174807754759,63.7657002429567,58.4182147486992,55.5181843084021
62.6111810494377,45.1903741194429,52.2455196279584,57.7450225669263,60.8010406995019,47.8273657073766,58.9013805914844,54.3895343356313,58.2090452413801,50.5937043639355,66.8730271047778,44.3498280435934,54.857803058064,49.4744315232539,60.7314139397578,62.3635710561928,61.948677418222,61.2780385589695,60.2936993397631,61.4698299188244,54.2663362876193,46.0664598967577,52.9297764075343,51.703923846402,61.674747238229,60.6699731578419,62.2702369330024,56.6174807754759,63.7657002429567,58.4182147486992,55.6052002923879
62.6111810494377,45.1903741194429,52.2455196279584,57.7450225669263,60.8010406995019,48.5408293571229,58.9013805914844,54.3895343356313,58.2090452413801,50.5937043639355,66.8730271047778,46.4571007945371,54.857803058064,49.4744315232539,60.7314139397578,62.3635710561928,61.948677418222,61.2780385589695,60.2936993397631,61.4698299188244,54.2663362876193,46.3134576816252,54.5612748859678,51.703923846402,61.674747238229,60.6699731578419,62.2702369330024,56.6174807754759,63.7657002429567,58.4182147486992,55.6052002923879
62.6111810494377,45.1903741194429,52.2455196279584,57.7450225669263,60.8010406995019,48.5408293571229,58.9013805914844,54.4116311799884,58.2090452413801,50.5937043639355,66.8730271047778,46.4571007945371,55.0095803998045,49.4744315232539,60.7314139397578,62.3635710561928,61.948677418222,62.8084231876085,60.2936993397631,61.4698299188244,54.2663362876193,46.3134576816252,54.5612748859678,51.7359913096306,61.8604090076832,60.6699731578419,62.2702369330024,56.6174807754759,63.8797247872744,58.4182147486992,55.6052002923879
62.6840143577891,45.1903741194429,52.4800972449413,57.7450225669263,60.8010406995019,48.5408293571229,58.9013805914844,55.205379788351,58.2090452413801,50.5937043639355,66.8730271047778,46.4571007945371,55.0095803998045,49.4744315232539,60.7314139397578,62.6808572780291,61.948677418222,62.8084231876085,60.5708774311185,61.4877755495066,54.2663362876193,46.3134576816252,54.5612748859678,51.7359913096306,62.3469152500578,60.6699731578419,62.2842275076859,56.6174807754759,63.8797247872744,58.4182147486992,55.6052002923879
64.4247392441046,45.3924548463959,52.6097852692653,57.7450225669263,60.8010406995019,48.5408293571229,58.9013805914844,55.205379788351,58.2090452413801,50.5937043639355,66.8730271047778,46.4571007945371,55.0095803998045,49.4744315232539,60.7314139397578,62.6808572780291,61.948677418222,62.8084231876085,60.5708774311185,62.3389313626451,54.2663362876193,46.3134576816252,54.5612748859678,51.7359913096306,62.3469152500578,60.6699731578419,62.6093800790704,58.3725529121367,63.8797247872744,58.4182147486992,55.7775788790798
64.4247392441046,45.3924548463959,52.6097852692653,57.7450225669263,60.8010406995019,48.5408293571229,58.9013805914844,55.205379788351,58.2090452413801,50.5937043639355,66.8730271047778,46.4571007945371,55.4250965877948,49.4744315232539,60.7314139397578,62.6808572780291,61.948677418222,62.8084231876085,60.5708774311185,62.3389313626451,54.2663362876193,46.3134576816252,54.5612748859678,51.7359913096306,62.3469152500578,60.6699731578419,62.6093800790704,58.3725529121367,63.8797247872744,58.4182147486992,55.7775788790798
64.4247392441046,45.3924548463959,52.6097852692653,57.7450225669263,60.8010406995019,48.5408293571229,59.600245271993,55.205379788351,58.2090452413801,50.5937043639355,66.8730271047778,46.4571007945371,55.4250965877948,49.4744315232539,60.7314139397578,62.6808572780291,61.948677418222,62.8084231876085,60.5708774311185,62.3389313626451,54.2663362876193,46.3134576816252,54.5612748859678,51.7359913096306,62.3469152500578,60.6699731578419,62.6093800790704,58.3725529121367,63.8797247872744,58.4182147486992,55.7775788790798
64.4247392441046,45.3924548463959,52.6097852692653,57.7450225669263,60.8010406995019,48.5408293571229,59.600245271993,55.205379788351,58.2090452413801,50.5937043639355,66.8730271047778,46.4571007945371,55.4250965877948,49.4744315232539,62.2426174767416,62.6808572780291,61.948677418222,62.8084231876085,60.5708774311185,62.3389313626451,54.2663362876193,46.3134576816252,54.5612748859678,51.7359913096306,62.3469152500578,60.6699731578419,62.6093800790704,58.3725529121367,63.8797247872744,58.4182147486992,55.7775788790798
64.4247392441046,45.3924548463959,54.1172298162542,57.7450225669263,60.8010406995019,48.5408293571229,59.600245271993,55.205379788351,58.2090452413801,50.5937043639355,66.8730271047778,48.0200324424181,55.4250965877948,49.4744315232539,62.2426174767416,62.9410540187007,61.948677418222,62.8084231876085,60.5708774311185,62.3389313626451,54.2663362876193,46.3134576816252,54.5612748859678,53.9188950246894,62.3469152500578,60.8520224826662,64.0615755494829,58.3725529121367,63.8797247872744,58.4182147486992,55.7775788790798
64.4247392441046,45.3924548463959,54.1172298162542,57.7450225669263,60.8010406995019,48.5408293571229,59.600245271993,55.205379788351,58.2090452413801,50.5937043639355,67.2948360673533,48.0200324424181,55.4250965877948,49.4744315232539,62.2426174767416,62.9410540187007,61.948677418222,62.8084231876085,60.5708774311185,62.3389313626451,54.2663362876193,46.3134576816252,55.8636861296276,53.9188950246894,62.3469152500578,60.8520224826662,64.0615755494829,58.3725529121367,63.8797247872744,58.4182147486992,55.7775788790798
64.4247392441046,45.3924548463959,54.1172298162542,57.7450225669263,60.8010406995019,48.5408293571229,59.600245271993,56.2661534094869,58.2685321267888,50.5937043639355,67.2948360673533,48.0200324424181,55.4250965877948,49.4744315232539,62.2426174767416,62.9410540187007,61.948677418222,62.8084231876085,60.5708774311185,62.3389313626451,54.2663362876193,46.3134576816252,56.5107483527577,53.9188950246894,62.3469152500578,60.8520224826662,64.0615755494829,58.3725529121367,63.8797247872744,60.008801004325,56.0123834549075
64.4247392441046,45.3924548463959,54.1172298162542,57.7450225669263,60.8010406995019,48.5408293571229,59.600245271993,56.2661534094869,58.2685321267888,50.5937043639355,67.2948360673533,48.0200324424181,55.4250965877948,49.4744315232539,62.2426174767416,62.9410540187007,61.948677418222,62.8084231876085,60.5708774311185,62.3389313626451,54.2663362876193,46.3134576816252,56.5107483527577,53.9188950246894,62.6529126469839,60.8520224826662,64.0615755494829,59.4013047127087,63.8797247872744,60.008801004325,56.0123834549075
64.4247392441046,45.5064987597602,54.1172298162542,57.7450225669263,60.8919566992111,48.5408293571229,59.600245271993,56.2661534094869,58.2685321267888,50.5937043639355,67.2948360673533,48.0200324424181,55.4250965877948,49.4744315232539,62.2426174767416,62.9410540187007,61.948677418222,62.8084231876085,61.0403622585571,62.3389313626451,54.5561673796701,46.3134576816252,56.5107483527577,53.9188950246894,62.6529126469839,60.8520224826662,64.6608968216207,59.4013047127087,63.8797247872744,60.008801004325,56.0123834549075
65.5648046293809,45.5064987597602,54.1172298162542,57.7450225669263,60.8919566992111,48.5408293571229,59.600245271993,56.2661534094869,58.2685321267888,50.5937043639355,67.2948360673533,48.0200324424181,55.4250965877948,50.6856571086172,62.2426174767416,62.9410540187007,62.225893967998,62.9345119860275,61.0403622585571,62.6051254845286,54.5561673796701,46.3134576816252,56.5107483527577,53.9188950246894,62.6529126469839,60.8520224826662,64.6608968216207,59.4013047127087,63.8797247872744,60.008801004325,56.0123834549075
65.5648046293809,45.5064987597602,54.1172298162542,57.7450225669263,60.8919566992111,49.3460787674009,60.8209547281002,56.2661534094869,58.2685321267888,50.5937043639355,67.2948360673533,48.0200324424181,55.4250965877948,50.6856571086172,62.2426174767416,62.9410540187007,62.3309438050463,62.9345119860275,61.0403622585571,62.6051254845286,54.5561673796701,46.3134576816252,56.5107483527577,53.9188950246894,62.6529126469839,60.9939861851692,64.6608968216207,59.4013047127087,63.8797247872744,60.008801004325,56.0753049729057
65.5648046293809,45.5064987597602,54.1172298162542,57.7450225669263,60.8919566992111,49.5906808103505,60.8209547281002,56.2661534094869,58.2685321267888,50.5937043639355,67.2948360673533,49.8127719631724,55.4250965877948,50.6856571086172,62.2426174767416,62.9410540187007,62.3309438050463,62.9345119860275,61.0403622585571,62.6051254845286,54.5561673796701,46.3134576816252,56.5107483527577,53.9188950246894,62.6529126469839,61.3147100558547,64.6608968216207,59.4013047127087,63.9859070202012,60.008801004325,56.0753049729057
65.5648046293809,45.5665826291984,54.1172298162542,57.7450225669263,60.8919566992111,49.5906808103505,60.8209547281002,56.2661534094869,59.6487143187756,52.0407040336782,67.2948360673533,49.8127719631724,55.4250965877948,50.6856571086172,62.2426174767416,62.9410540187007,62.3309438050463,62.9345119860275,61.0403622585571,62.6051254845286,54.5561673796701,46.3134576816252,56.5107483527577,53.9188950246894,62.6529126469839,61.3147100558547,64.6608968216207,59.4013047127087,63.9859070202012,60.008801004325,56.0753049729057
65.5648046293809,45.5665826291984,54.1172298162542,57.7450225669263,60.8919566992111,49.5906808103505,60.8209547281002,56.2661534094869,59.6487143187756,52.0407040336782,67.2948360673533,49.8127719631724,55.4250965877948,50.6856571086172,62.2426174767416,62.9410540187007,62.3309438050463,62.9345119860275,61.0403622585571,62.7620227446963,54.5561673796701,46.703708575252,56.5107483527577,53.9188950246894,62.6529126469839,61.3147100558547,64.7532465904925,59.4013047127087,63.9859070202012,60.008801004325,56.0753049729057
65.5648046293809,45.5665826291984,54.1172298162542,57.7450225669263,60.8919566992111,49.5906808103505,60.8209547281002,56.2661534094869,59.6487143187756,52.0407040336782,67.2948360673533,49.8127719631724,55.4250965877948,50.6856571086172,62.2426174767416,62.9410540187007,62.3309438050463,62.9345119860275,61.0403622585571,62.7620227446963,55.1900890453685,46.703708575252,56.5107483527577,54.5373820442359,62.8204096679172,61.3147100558547,64.7532465904925,61.512918369488,63.9859070202012,60.008801004325,56.3512051376313
65.5648046293809,45.5665826291984,54.1172298162542,57.7450225669263,60.8919566992111,49.5906808103505,60.8209547281002,56.2661534094869,59.6487143187756,52.0407040336782,67.2948360673533,49.8127719631724,55.4250965877948,50.6856571086172,62.8189803451386,62.9410540187007,62.3309438050463,62.9345119860275,61.0403622585571,62.7620227446963,55.1900890453685,46.703708575252,56.5107483527577,54.5373820442359,63.4920446353162,61.3147100558547,64.7532465904925,61.512918369488,63.9859070202012,60.008801004325,56.3512051376313
65.5648046293809,45.5665826291984,54.1172298162542,57.7450225669263,60.8919566992111,49.5906808103505,60.8209547281002,56.2661534094869,59.6487143187756,52.0407040336782,67.3978264991149,49.8127719631724,55.4250965877948,50.7769808670833,62.8189803451386,63.002043423712,62.9997514107488,62.9345119860275,61.4235743805961,62.7620227446963,55.1900890453685,46.703708575252,56.5107483527577,54.5373820442359,63.4920446353162,61.3147100558547,64.7532465904925,61.512918369488,63.9859070202012,60.008801004325,56.3512051376313
65.5648046293809,45.5665826291984,54.1172298162542,57.7450225669263,60.8919566992111,49.7353536673755,60.8209547281002,56.2661534094869,59.6487143187756,52.0407040336782,67.3978264991149,49.8127719631724,55.4250965877948,50.7769808670833,62.8189803451386,63.002043423712,62.9997514107488,62.9345119860275,61.4235743805961,62.7620227446963,55.1900890453685,46.703708575252,56.5107483527577,54.5373820442359,63.4920446353162,61.3147100558547,65.4302968451173,61.512918369488,63.9859070202012,60.008801004325,56.3512051376313
65.5648046293809,45.5665826291984,54.1172298162542,57.7450225669263,60.8919566992111,49.7353536673755,60.8209547281002,56.2661534094869,59.6487143187756,52.0407040336782,67.3978264991149,49.8127719631724,55.4250965877948,50.7769808670833,62.8189803451386,63.002043423712,62.9997514107488,62.9345119860275,61.4235743805961,62.9273938339308,55.1900890453685,46.703708575252,56.5107483527577,54.5373820442359,63.4920446353162,61.3147100558547,65.4302968451173,61.512918369488,63.9859070202012,60.008801004325,56.3512051376313
65.5648046293809,45.6537502612039,54.1172298162542,57.7450225669263,60.8919566992111,49.7353536673755,60.8209547281002,56.2661534094869,59.6487143187756,52.4695765190491,67.3978264991149,50.3722706013222,55.4250965877948,50.7769808670833,62.8189803451386,63.002043423712,62.9997514107488,62.9345119860275,61.4235743805961,62.9273938339308,55.1900890453685,46.703708575252,56.5107483527577,54.5373820442359,63.4920446353162,61.3147100558547,65.4302968451173,61.512918369488,63.9859070202012,60.008801004325,56.9905298286191
65.5648046293809,45.8541257218408,54.1172298162542,57.7450225669263,60.8919566992111,49.7353536673755,60.8209547281002,56.2661534094869,59.9013508473873,52.4695765190491,67.3978264991149,50.3722706013222,55.678202158406,50.7769808670833,62.8189803451386,63.002043423712,62.9997514107488,62.9345119860275,61.4235743805961,62.9273938339308,55.1900890453685,46.703708575252,57.0043680251853,54.5373820442359,63.4920446353162,61.3147100558547,65.4302968451173,61.512918369488,63.9859070202012,60.008801004325,56.9905298286191
65.5648046293809,45.8541257218408,54.1172298162542,57.7450225669263,60.8919566992111,49.7353536673755,60.8209547281002,56.2661534094869,59.9013508473873,52.4695765190491,67.3978264991149,50.3722706013222,55.678202158406,50.7769808670833,62.8189803451386,63.002043423712,62.9997514107488,62.9345119860275,61.4235743805961,62.9273938339308,55.1900890453685,46.703708575252,57.5375028677648,54.5373820442359,63.4920446353162,61.3147100558547,66.5275558621342,61.5214645431187,63.9859070202012,60.008801004325,56.9905298286191
65.5648046293809,45.8541257218408,54.1172298162542,58.2469096641316,60.8919566992111,49.7353536673755,60.8209547281002,56.2661534094869,59.9013508473873,52.4695765190491,67.3978264991149,50.3722706013222,55.678202158406,50.7769808670833,62.8189803451386,63.101433501098,62.9997514107488,62.9345119860275,61.4235743805961,62.9273938339308,55.1900890453685,46.8664098942036,57.5375028677648,54.5373820442359,63.573370835144,62.3722846034184,66.5275558621342,61.5214645431187,63.9859070202012,60.008801004325,56.9905298286191
65.5648046293809,45.8541257218408,54.1172298162542,59.942839494817,60.8919566992111,49.7353536673755,60.8209547281002,56.2661534094869,59.9013508473873,52.4695765190491,67.3978264991149,50.3722706013222,55.678202158406,50.7769808670833,62.8189803451386,63.3548631697791,62.9997514107488,62.9345119860275,61.4235743805961,62.9273938339308,55.1900890453685,46.8664098942036,57.5375028677648,54.8854112109181,63.573370835144,62.3722846034184,66.5275558621342,61.5214645431187,63.9859070202012,60.008801004325,56.9905298286191
65.5648046293809,45.8541257218408,54.1172298162542,59.942839494817,60.8919566992111,49.7353536673755,60.8209547281002,56.2661534094869,59.9013508473873,52.4695765190491,67.3978264991149,50.3722706013222,55.678202158406,50.7769808670833,62.8189803451386,63.3548631697791,62.9997514107488,62.9345119860275,61.7881955078702,63.2857297238723,55.1900890453685,46.8664098942036,57.5375028677648,55.4171671819142,63.573370835144,62.3722846034184,66.5275558621342,61.5214645431187,63.9859070202012,60.008801004325,57.4551557512994
65.5648046293809,45.8541257218408,54.1172298162542,59.942839494817,60.8919566992111,49.7353536673755,60.8209547281002,56.2661534094869,59.9013508473873,55.0913206955591,67.3978264991149,50.3722706013222,55.678202158406,50.7769808670833,62.8189803451386,63.3548631697791,62.9997514107488,62.9345119860275,61.7881955078702,63.2857297238723,55.1900890453685,46.8664098942036,57.5375028677648,55.4171671819142,63.573370835144,62.3722846034184,66.5275558621342,61.5214645431187,63.9859070202012,60.008801004325,57.4551557512994
65.5648046293809,45.8632191745639,54.1172298162542,59.942839494817,60.8919566992111,49.7353536673755,61.4294223155341,56.2661534094869,59.9013508473873,55.0913206955591,67.4036742034468,50.3722706013222,55.678202158406,50.7769808670833,62.8189803451386,63.3548631697791,62.9997514107488,62.9345119860275,61.7881955078702,63.2857297238723,55.1900890453685,46.8664098942036,58.0920096574538,55.4171671819142,63.573370835144,62.3722846034184,66.5275558621342,61.5214645431187,63.9859070202012,60.008801004325,57.4551557512994
65.5648046293809,45.8632191745639,54.1172298162542,59.942839494817,60.8919566992111,49.7353536673755,61.4294223155341,56.2661534094869,60.1794713947666,55.0913206955591,67.4036742034468,51.0204258685268,55.678202158406,50.7769808670833,62.8541376248607,63.3548631697791,62.9997514107488,62.9345119860275,61.7881955078702,63.2857297238723,55.1900890453685,46.8664098942036,58.0920096574538,55.4171671819142,63.573370835144,62.3722846034184,66.5275558621342,62.1043325038653,63.9859070202012,60.008801004325,57.4551557512994
65.88109537303,45.8632191745639,54.1172298162542,59.942839494817,60.8919566992111,49.7353536673755,61.4294223155341,56.2661534094869,60.1794713947666,55.0913206955591,67.4036742034468,51.0204258685268,55.678202158406,50.7769808670833,62.8541376248607,63.3548631697791,62.9997514107488,62.9345119860275,61.7881955078702,63.2857297238723,55.1900890453685,46.8664098942036,58.0920096574538,55.4171671819142,63.6109229874656,62.3722846034184,66.5275558621342,62.1043325038653,63.9859070202012,60.008801004325,58.2246146384979
65.88109537303,45.8632191745639,54.8943065379786,60.9858268813176,60.8919566992111,49.7353536673755,61.4294223155341,56.2661534094869,60.1794713947666,55.0913206955591,67.4036742034468,51.0204258685268,55.678202158406,50.7769808670833,62.8541376248607,63.3548631697791,63.2101204644202,62.9345119860275,61.7881955078702,63.2857297238723,55.1900890453685,46.8664098942036,58.0920096574538,55.9265361604874,63.8516192071638,62.3722846034184,66.5275558621342,62.1043325038653,63.9859070202012,60.008801004325,58.2246146384979
65.88109537303,45.9698029494839,54.8943065379786,60.9858268813176,60.8919566992111,49.7353536673755,61.4294223155341,56.2661534094869,61.2071515135096,55.0913206955591,67.4036742034468,51.0204258685268,55.678202158406,50.7769808670833,62.8541376248607,63.3548631697791,63.2101204644202,62.9345119860275,61.7881955078702,63.2857297238723,55.1900890453685,46.8664098942036,58.0920096574538,55.9265361604874,63.8516192071638,62.3722846034184,66.5735118670547,62.1043325038653,63.9859070202012,60.008801004325,58.2246146384979
65.88109537303,45.9698029494839,54.8943065379786,60.9858268813176,61.2352108827709,49.7353536673755,61.4294223155341,56.2661534094869,61.2071515135096,55.0913206955591,67.682615259318,51.0204258685268,55.678202158406,50.7769808670833,62.8541376248607,63.3548631697791,63.2101204644202,62.9345119860275,61.7881955078702,63.2857297238723,55.1900890453685,46.8664098942036,58.0920096574538,55.9265361604874,63.8516192071638,62.3722846034184,66.5735118670547,62.1043325038653,64.4440581020951,60.008801004325,58.2246146384979
65.88109537303,45.9698029494839,54.8943065379786,60.9858268813176,61.2352108827709,49.7353536673755,61.4294223155341,56.5986011419005,61.2071515135096,55.0913206955591,67.682615259318,51.0204258685268,55.678202158406,50.7769808670833,62.8541376248607,63.3548631697791,63.2101204644202,62.9345119860275,61.7881955078702,63.3642868910635,55.1900890453685,46.8664098942036,58.7259166385909,55.9265361604874,63.8516192071638,62.3722846034184,66.5735118670547,62.1043325038653,64.4440581020951,60.008801004325,58.2246146384979
65.88109537303,46.2346070509702,54.8943065379786,60.9858268813176,61.2352108827709,49.7353536673755,61.4294223155341,56.5986011419005,61.2071515135096,55.0913206955591,67.682615259318,51.0204258685268,55.678202158406,50.7769808670833,62.8541376248607,63.3548631697791,63.2101204644202,62.9345119860275,61.7881955078702,63.3642868910635,55.1900890453685,46.8664098942036,59.3264693850768,55.9265361604874,63.8516192071638,62.3722846034184,66.5735118670547,62.1043325038653,64.4440581020951,60.1213280727433,58.2382412291614
65.88109537303,46.2346070509702,54.8943065379786,60.9858268813176,61.2352108827709,49.7353536673755,61.4294223155341,56.5986011419005,61.2071515135096,55.0913206955591,67.682615259318,51.0956751219093,56.2797283241473,50.7769808670833,62.8541376248607,63.3828874319183,63.2840734621297,62.9345119860275,61.7881955078702,63.3642868910635,55.1900890453685,46.8664098942036,59.3264693850768,55.9265361604874,63.8516192071638,62.3722846034184,66.5735118670547,62.1043325038653,64.4440581020951,60.1213280727433,58.2382412291614
65.88109537303,46.2346070509702,54.8943065379786,60.9858268813176,61.2352108827709,49.7353536673755,61.4294223155341,56.5986011419005,61.2071515135096,55.0913206955591,67.682615259318,51.0956751219093,56.2797283241473,50.7769808670833,63.3199464313718,63.3828874319183,63.2840734621297,62.9345119860275,61.7881955078702,63.3642868910635,55.1900890453685,46.8664098942036,59.3264693850768,55.9265361604874,63.8516192071638,62.3722846034184,66.7217301820473,62.1043325038653,64.4440581020951,60.1213280727433,58.2382412291614
65.88109537303,46.2346070509702,54.8943065379786,60.9858268813176,61.2352108827709,49.7353536673755,61.4294223155341,56.5986011419005,61.6412384595628,55.0913206955591,67.682615259318,51.0956751219093,56.2797283241473,50.7769808670833,63.3199464313718,63.3828874319183,63.2840734621297,62.9345119860275,61.7881955078702,63.3642868910635,55.1900890453685,46.8664098942036,59.3264693850768,56.473577413371,64.0018934220009,62.3722846034184,66.7217301820473,62.1043325038653,64.4440581020951,60.1213280727433,58.2382412291614
65.88109537303,46.2346070509702,54.8943065379786,60.9858268813176,61.2352108827709,49.8024311392589,61.4294223155341,56.5986011419005,61.6412384595628,55.0913206955591,67.682615259318,51.0956751219093,56.2797283241473,50.7769808670833,63.3199464313718,63.3828874319183,63.2840734621297,62.9345119860275,61.7881955078702,63.3642868910635,55.3213747902671,46.8664098942036,59.3264693850768,56.473577413371,64.0018934220009,62.3722846034184,66.7217301820473,62.1043325038653,64.4440581020951,60.1213280727433,58.2382412291614
66.0631277123205,46.2762742650036,54.8943065379786,61.0332475603255,61.5591520854377,49.8024311392589,61.4294223155341,56.5986011419005,61.6412384595628,55.0913206955591,67.682615259318,51.0956751219093,56.2797283241473,50.7769808670833,63.3199464313718,63.3828874319183,63.2840734621297,62.9345119860275,61.8215967577846,63.3642868910635,55.3213747902671,47.0654264532991,59.3264693850768,56.473577413371,64.0018934220009,62.3722846034184,66.7217301820473,62.1043325038653,64.5956051536746,60.1213280727433,58.2382412291614
66.0631277123205,46.2762742650036,54.8943065379786,61.0332475603255,63.3672625412227,49.8024311392589,61.4294223155341,56.5986011419005,61.6412384595628,55.0913206955591,67.682615259318,51.0956751219093,56.2797283241473,50.7769808670833,63.3199464313718,63.3828874319183,63.509818858536,62.9345119860275,61.8215967577846,63.3642868910635,55.3213747902671,47.0654264532991,59.3264693850768,56.473577413371,64.0018934220009,62.3722846034184,67.6337751082575,62.1043325038653,64.5956051536746,60.1213280727433,58.2382412291614
66.0631277123205,46.2762742650036,54.8943065379786,61.0332475603255,63.3672625412227,49.8024311392589,61.4294223155341,56.5986011419005,61.6412384595628,55.0913206955591,67.682615259318,51.252683508809,56.2797283241473,50.7769808670833,63.3199464313718,63.3828874319183,63.509818858536,62.9345119860275,61.8215967577846,63.4532715299245,55.3213747902671,47.0654264532991,59.3264693850768,56.473577413371,64.0018934220009,62.3722846034184,67.6337751082575,62.7910935513985,64.5956051536746,60.1213280727433,58.2382412291614
66.0631277123205,46.2940707398871,54.8943065379786,61.0332475603255,63.3672625412227,49.8024311392589,61.4294223155341,56.5986011419005,61.6412384595628,55.0913206955591,67.682615259318,51.252683508809,56.2797283241473,50.7769808670833,63.3199464313718,63.3828874319183,63.509818858536,62.9345119860275,61.8215967577846,63.4532715299245,55.3213747902671,47.0654264532991,59.3264693850768,56.473577413371,64.0018934220009,62.8734610029746,67.6337751082575,62.7910935513985,64.5956051536746,60.3777887489483,58.2382412291614
66.0631277123205,46.2940707398871,54.8943065379786,61.0332475603255,63.3672625412227,49.8024311392589,61.5239882982008,56.5986011419005,61.6412384595628,55.0913206955591,67.682615259318,51.252683508809,56.3403473059308,50.7769808670833,63.3199464313718,63.3828874319183,63.509818858536,62.9345119860275,61.8215967577846,63.4532715299245,55.3213747902671,47.0654264532991,59.3264693850768,56.473577413371,64.0018934220009,62.8734610029746,67.6337751082575,62.7910935513985,64.5956051536746,60.3777887489483,58.3240799529324
66.0631277123205,46.2940707398871,54.8943065379786,61.0332475603255,63.3672625412227,49.8024311392589,61.5239882982008,56.5986011419005,61.6412384595628,55.0913206955591,67.682615259318,51.252683508809,56.3419223928936,51.4854458821308,63.3199464313718,63.3828874319183,63.509818858536,62.9345119860275,61.8215967577846,63.4532715299245,55.3213747902671,47.0654264532991,59.3264693850768,56.473577413371,64.0018934220009,62.8734610029746,67.7344902012175,62.7910935513985,64.5956051536746,60.3777887489483,58.3240799529324
66.0631277123205,46.2940707398871,54.8943065379786,61.0332475603255,63.3672625412227,50.130843278779,61.5239882982008,56.5986011419005,61.6412384595628,55.0913206955591,67.682615259318,51.252683508809,57.4502941556054,51.4854458821308,63.3199464313718,63.3828874319183,63.509818858536,62.9345119860275,61.8215967577846,63.4532715299245,55.3213747902671,47.0654264532991,59.3264693850768,56.473577413371,64.0018934220009,62.8734610029746,67.7344902012175,62.7910935513985,64.8726114867601,60.3777887489483,58.3240799529324
66.0631277123205,46.2940707398871,54.8943065379786,61.0332475603255,63.4055692811949,51.8264144536888,61.5239882982008,56.5986011419005,61.6412384595628,55.0913206955591,67.682615259318,52.1594451100617,57.4502941556054,51.4854458821308,63.3199464313718,63.3828874319183,63.509818858536,62.9345119860275,61.978918126491,63.4532715299245,55.5130233523593,47.0654264532991,59.3264693850768,56.473577413371,64.0018934220009,62.8734610029746,67.7344902012175,62.7910935513985,64.8726114867601,60.3777887489483,58.3240799529324
66.0631277123205,46.2940707398871,54.8943065379786,61.0332475603255,63.4055692811949,51.8264144536888,61.5239882982008,56.8802929846101,61.6412384595628,55.0913206955591,67.682615259318,52.1594451100617,57.4502941556054,51.4854458821308,63.3199464313718,63.3846975196928,63.509818858536,62.9345119860275,61.978918126491,63.4532715299245,55.5130233523593,47.3231534702877,59.3264693850768,56.473577413371,64.0018934220009,62.8734610029746,67.7344902012175,62.7910935513985,64.8726114867601,60.3777887489483,58.3240799529324
66.0631277123205,46.2940707398871,54.8943065379786,61.0332475603255,63.4055692811949,51.8264144536888,61.5239882982008,56.8802929846101,61.6412384595628,55.0913206955591,67.682615259318,52.1594451100617,60.2146957420888,51.4854458821308,63.3199464313718,63.5626733513858,63.509818858536,62.9345119860275,61.978918126491,63.4532715299245,55.5130233523593,47.3231534702877,59.3264693850768,56.473577413371,64.0018934220009,62.8734610029746,67.7344902012175,62.7910935513985,64.8726114867601,60.3777887489483,58.8011640008132
66.0631277123205,46.2940707398871,54.8943065379786,61.0332475603255,63.4055692811949,51.8264144536888,61.5239882982008,56.8802929846101,61.6412384595628,55.0913206955591,67.682615259318,52.1594451100617,60.2146957420888,51.4854458821308,63.3199464313718,63.5626733513858,63.509818858536,62.9345119860275,61.978918126491,63.9931021432629,55.5130233523593,47.3231534702877,59.3264693850768,56.473577413371,64.2536111486588,62.8734610029746,67.981855627137,62.7910935513985,64.8726114867601,60.3777887489483,58.8011640008132
66.0631277123205,46.4156174709275,54.8943065379786,61.0332475603255,63.4055692811949,51.8264144536888,61.5239882982008,56.8802929846101,61.6412384595628,55.7250462166322,67.682615259318,52.1594451100617,60.2146957420888,51.4854458821308,63.3199464313718,63.5626733513858,63.509818858536,62.9345119860275,61.978918126491,63.9931021432629,55.5130233523593,47.3231534702877,59.3264693850768,56.473577413371,64.2536111486588,62.8734610029746,67.981855627137,62.7910935513985,64.8726114867601,60.6100842644866,58.8011640008132
66.0631277123205,46.4156174709275,54.8943065379786,61.0332475603255,63.4055692811949,51.8264144536888,61.9650990012157,56.8802929846101,61.6412384595628,55.7250462166322,67.682615259318,52.1594451100617,60.2146957420888,51.4854458821308,63.3199464313718,63.5626733513858,63.509818858536,62.9345119860275,61.978918126491,63.9931021432629,55.7864403820375,47.3231534702877,59.3264693850768,56.473577413371,64.2536111486588,62.8734610029746,67.981855627137,62.7910935513985,64.8726114867601,60.6100842644866,58.8011640008132
66.0631277123205,46.4156174709275,54.8943065379786,61.0332475603255,63.4055692811949,52.6342134960629,61.9650990012157,56.9818289792654,61.6412384595628,55.7250462166322,67.682615259318,52.1594451100617,60.2146957420888,51.4854458821308,63.3199464313718,63.5626733513858,63.509818858536,62.9345119860275,61.978918126491,63.9931021432629,55.7864403820375,47.3231534702877,59.3264693850768,56.7515851608555,64.2536111486588,62.8734610029746,67.981855627137,62.7910935513985,64.9907888847827,60.6100842644866,58.8011640008132
66.0631277123205,46.4268045118997,54.8943065379786,61.0332475603255,63.4055692811949,52.6342134960629,61.9650990012157,56.9818289792654,61.6412384595628,55.7250462166322,67.682615259318,52.1594451100617,60.2146957420888,51.4854458821308,63.3199464313718,63.7122935262068,63.509818858536,62.9345119860275,61.978918126491,63.9931021432629,55.7864403820375,47.3231534702877,59.3264693850768,56.7515851608555,64.2536111486588,62.8734610029746,68.0690983731498,62.7910935513985,64.9907888847827,60.6100842644866,58.8011640008132
66.0631277123205,46.4268045118997,54.8943065379786,61.0332475603255,63.4055692811949,52.6342134960629,61.9650990012157,56.9818289792654,61.6412384595628,55.7250462166322,67.682615259318,52.1594451100617,60.2146957420888,51.4854458821308,63.3199464313718,63.7122935262068,63.509818858536,62.9345119860275,61.978918126491,63.9931021432629,55.7864403820375,47.3231534702877,59.3264693850768,56.7515851608555,64.2536111486588,62.8734610029746,68.0690983731498,62.7910935513985,64.9907888847827,60.6100842644866,58.8011640008132
66.0631277123205,46.4268045118997,55.0893304982139,61.0332475603255,63.4055692811949,52.6342134960629,61.9650990012157,56.9818289792654,61.6412384595628,55.7250462166322,67.682615259318,52.1594451100617,60.2146957420888,51.4854458821308,63.3199464313718,63.7122935262068,63.509818858536,62.9345119860275,61.978918126491,63.9931021432629,55.7864403820375,47.3520937912762,59.3264693850768,56.7515851608555,64.2536111486588,62.8734610029746,68.0690983731498,62.7910935513985,64.9907888847827,60.6100842644866,58.8011640008132
66.0631277123205,46.4268045118997,55.0893304982139,61.0332475603255,63.7805644314959,52.6342134960629,61.9650990012157,56.9818289792654,61.6412384595628,56.1480258383984,67.682615259318,52.1594451100617,60.2146957420888,51.4854458821308,63.3199464313718,63.7122935262068,63.5692903598561,62.9345119860275,61.978918126491,63.9931021432629,55.7864403820375,47.3520937912762,59.3264693850768,56.7515851608555,64.2536111486588,62.8734610029746,68.0690983731498,62.7910935513985,64.9907888847827,60.6100842644866,58.8011640008132
66.3367869839418,46.4268045118997,55.0893304982139,61.0332475603255,63.7805644314959,52.6342134960629,61.9650990012157,56.9818289792654,61.6412384595628,56.1480258383984,67.682615259318,52.1594451100617,60.2146957420888,51.4854458821308,63.3199464313718,63.7122935262068,63.5692903598561,62.9345119860275,61.978918126491,64.133685866761,55.7897839524575,47.3520937912762,59.3264693850768,56.7515851608555,64.2536111486588,62.8734610029746,68.0690983731498,62.7910935513985,64.9907888847827,60.6100842644866,58.8011640008132
66.3367869839418,46.4381852710549,55.0893304982139,61.0332475603255,63.7805644314959,52.6342134960629,61.9650990012157,56.9818289792654,61.6412384595628,56.1480258383984,67.9425625593875,52.1594451100617,60.2146957420888,51.4854458821308,63.3199464313718,63.7122935262068,63.5692903598561,62.9345119860275,61.978918126491,64.133685866761,55.7897839524575,47.3520937912762,59.5175641439801,56.801694883325,64.2536111486588,62.8734610029746,68.1110449127564,62.7910935513985,64.9907888847827,60.6100842644866,58.8011640008132
66.3367869839418,46.4381852710549,55.0893304982139,61.0332475603255,63.7805644314959,52.6342134960629,61.9650990012157,56.9818289792654,61.6412384595628,56.1480258383984,67.9425625593875,52.1594451100617,60.2146957420888,51.4854458821308,63.3199464313718,63.7122935262068,63.5692903598561,63.9930555125348,61.978918126491,64.133685866761,55.7897839524575,47.3520937912762,59.5175641439801,56.801694883325,64.2536111486588,62.8734610029746,68.1110449127564,62.7910935513985,65.4234461658624,60.6100842644866,58.8011640008132
66.3367869839418,46.4381852710549,55.0893304982139,61.0332475603255,63.7805644314959,52.6342134960629,61.9650990012157,56.9818289792654,61.6412384595628,56.1480258383984,67.9425625593875,52.1594451100617,61.1441790601735,51.4854458821308,63.3199464313718,63.7669178891583,63.5692903598561,63.9930555125348,61.978918126491,64.133685866761,55.8680495508737,47.3520937912762,59.5175641439801,56.801694883325,64.2536111486588,62.8734610029746,68.1110449127564,62.7910935513985,65.4234461658624,60.6100842644866,58.8011640008132
66.3367869839418,46.4381852710549,55.0893304982139,61.0332475603255,63.7805644314959,52.6342134960629,61.9650990012157,56.9818289792654,61.6412384595628,56.3639874992363,67.9425625593875,52.1594451100617,61.1441790601735,51.4854458821308,63.3199464313718,63.7669178891583,63.5692903598561,63.9930555125348,61.978918126491,64.133685866761,55.8680495508737,47.3520937912762,59.5175641439801,56.801694883325,64.2536111486588,62.8734610029746,68.1110449127564,62.7910935513985,65.4234461658624,60.6100842644866,58.8011640008132
66.3367869839418,47.9470064390258,55.0893304982139,61.0332475603255,63.7805644314959,52.6342134960629,61.9650990012157,57.019533891925,61.6412384595628,56.3639874992363,67.9425625593875,52.1594451100617,61.1441790601735,51.8871227081808,63.3199464313718,63.7669178891583,63.5692903598561,63.9930555125348,61.978918126491,64.133685866761,55.8680495508737,47.6664963153305,59.5175641439801,56.801694883325,64.2536111486588,62.8734610029746,68.1110449127564,62.7910935513985,65.4234461658624,60.6100842644866,58.8011640008132
66.3367869839418,47.9470064390258,55.0893304982139,61.6843491492019,63.7805644314959,52.6342134960629,61.9650990012157,57.019533891925,61.6412384595628,56.3639874992363,67.9425625593875,52.1594451100617,61.1441790601735,51.8871227081808,63.3199464313718,63.7669178891583,63.5692903598561,63.9930555125348,61.978918126491,64.133685866761,55.8680495508737,47.6664963153305,59.7100321691538,56.801694883325,64.5495185099087,62.8734610029746,68.1110449127564,62.7910935513985,65.4234461658624,60.6100842644866,58.8011640008132
66.3367869839418,47.9470064390258,55.0893304982139,61.6843491492019,63.7805644314959,52.6342134960629,61.9650990012157,57.019533891925,61.6412384595628,56.3639874992363,67.9425625593875,52.1594451100617,62.9146161996488,51.8871227081808,63.3199464313718,63.7669178891583,63.5692903598561,63.9930555125348,61.978918126491,64.133685866761,55.8680495508737,47.6664963153305,59.8032073423858,56.801694883325,64.5495185099087,62.8734610029746,68.1110449127564,63.378067660113,65.4234461658624,60.6100842644866,58.8011640008132
66.3367869839418,50.0514150998542,55.0893304982139,61.6843491492019,63.7805644314959,52.6342134960629,61.9650990012157,57.019533891925,61.6412384595628,56.3639874992363,68.0891424564801,52.1594451100617,62.9146161996488,51.8871227081808,63.3199464313718,63.914728252646,63.754411662767,63.9930555125348,61.978918126491,64.3516503887884,55.9889723761745,47.6664963153305,59.8032073423858,56.801694883325,64.5495185099087,62.8734610029746,68.1110449127564,63.378067660113,65.4234461658624,61.2212971895181,58.8011640008132
66.3367869839418,50.0514150998542,55.0893304982139,61.6843491492019,63.7805644314959,52.6342134960629,61.9650990012157,57.019533891925,61.6412384595628,56.3639874992363,68.0891424564801,52.1594451100617,62.9146161996488,51.8871227081808,63.3199464313718,63.914728252646,63.754411662767,63.9930555125348,61.978918126491,64.3516503887884,55.9889723761745,47.6664963153305,59.8032073423858,56.801694883325,64.5495185099087,62.8734610029746,68.1110449127564,63.378067660113,65.9900344591403,61.2212971895181,58.8011640008132
66.3367869839418,53.7717362024511,55.0893304982139,61.6843491492019,63.7805644314959,52.6342134960629,61.9650990012157,57.1744247372086,61.6412384595628,56.3639874992363,68.0891424564801,52.1594451100617,63.214433655677,51.8871227081808,63.3199464313718,63.914728252646,63.754411662767,63.9930555125348,62.2831641184591,64.3516503887884,55.9889723761745,47.6664963153305,59.8032073423858,56.801694883325,64.5495185099087,62.8734610029746,68.1798332471474,63.378067660113,65.9900344591403,61.2212971895181,58.8011640008132
66.3367869839418,53.7717362024511,55.0893304982139,61.6843491492019,63.7805644314959,52.6342134960629,61.9650990012157,57.1744247372086,61.6412384595628,56.3639874992363,68.0891424564801,52.1594451100617,63.214433655677,51.8871227081808,63.3199464313718,63.914728252646,63.754411662767,63.9930555125348,62.2831641184591,64.3516503887884,55.9889723761745,47.6664963153305,59.8032073423858,56.801694883325,64.5495185099087,62.8734610029746,68.1798332471474,63.378067660113,65.9900344591403,61.2212971895181,58.8011640008132
66.3367869839418,53.7717362024511,55.0893304982139,61.6843491492019,64.1993794824423,52.6342134960629,61.9650990012157,57.1744247372086,61.6412384595628,56.3639874992363,68.0891424564801,52.1594451100617,63.214433655677,51.8871227081808,63.3199464313718,63.914728252646,63.754411662767,63.9930555125348,62.2831641184591,64.3516503887884,55.9889723761745,47.7001687079065,59.8032073423858,56.801694883325,64.5495185099087,62.8734610029746,68.1798332471474,63.378067660113,65.9900344591403,61.2212971895181,58.8011640008132
66.3367869839418,53.7717362024511,55.2730971449733,61.6843491492019,64.1993794824423,52.6342134960629,61.9650990012157,57.1744247372086,61.6412384595628,56.7103613425415,68.0891424564801,52.1594451100617,63.214433655677,51.8871227081808,63.3199464313718,63.914728252646,63.754411662767,63.9930555125348,62.2831641184591,64.3516503887884,55.9889723761745,47.7001687079065,59.8032073423858,56.801694883325,64.5495185099087,62.8734610029746,68.1798332471474,63.6312780504457,65.9900344591403,61.2212971895181,58.8011640008132
66.3367869839418,53.7717362024511,55.2730971449733,61.6843491492019,64.1993794824423,52.6342134960629,61.9650990012157,57.8998720037626,61.6412384595628,56.7103613425415,68.0891424564801,52.1594451100617,63.214433655677,51.8871227081808,63.3199464313718,64.117590132225,63.754411662767,63.9930555125348,62.2831641184591,64.3516503887884,55.9889723761745,47.7001687079065,59.8032073423858,56.8276942975238,64.5495185099087,62.8734610029746,68.454883018229,63.6312780504457,65.9900344591403,61.2212971895181,58.8011640008132
66.3367869839418,53.7717362024511,55.2730971449733,61.6843491492019,64.1993794824423,52.6342134960629,61.9650990012157,57.8998720037626,61.6412384595628,56.7103613425415,68.0891424564801,52.1594451100617,63.214433655677,51.8871227081808,63.3199464313718,64.117590132225,63.754411662767,63.9930555125348,62.2831641184591,64.3516503887884,56.4972255005475,47.7001687079065,59.8032073423858,56.8276942975238,64.5495185099087,62.8734610029746,68.454883018229,63.6312780504457,65.9900344591403,61.2212971895181,59.059531344419
66.3367869839418,53.7717362024511,55.2730971449733,61.6843491492019,64.1993794824423,52.6342134960629,61.9650990012157,57.8998720037626,61.6412384595628,56.7103613425415,68.0891424564801,52.1594451100617,63.4394924512734,51.8871227081808,63.3199464313718,64.117590132225,63.754411662767,63.9930555125348,62.2831641184591,64.8328629812304,56.4972255005475,47.7001687079065,59.8032073423858,56.8276942975238,64.5495185099087,62.8734610029746,68.454883018229,63.6312780504457,66.6961060069426,61.2212971895181,59.059531344419
66.3367869839418,53.7717362024511,55.2730971449733,61.6843491492019,64.4473440634456,52.6342134960629,61.9650990012157,58.0854621501147,61.6412384595628,56.9347610481497,68.0891424564801,52.1594451100617,63.4394924512734,51.8871227081808,63.3199464313718,64.117590132225,64.0230001189581,63.9930555125348,62.2831641184591,64.8328629812304,56.4972255005475,47.7001687079065,59.8032073423858,56.8276942975238,64.5495185099087,62.8734610029746,68.454883018229,63.6312780504457,66.6961060069426,61.2212971895181,59.059531344419
66.8379100693622,55.2593826629489,55.2730971449733,61.6843491492019,64.4473440634456,52.6342134960629,61.9650990012157,58.0854621501147,61.6412384595628,57.7419259452753,68.0891424564801,52.1594451100617,63.4394924512734,51.8871227081808,63.3199464313718,64.117590132225,64.0230001189581,63.9930555125348,62.2831641184591,64.8328629812304,56.4972255005475,47.7001687079065,60.380311675232,56.8276942975238,64.5495185099087,62.8734610029746,68.454883018229,63.6312780504457,66.6961060069426,61.2212971895181,59.059531344419
66.8379100693622,55.2593826629489,55.2730971449733,61.6843491492019,64.4473440634456,52.6342134960629,61.9650990012157,58.0854621501147,61.6412384595628,57.7419259452753,68.1776380369998,52.1594451100617,63.4394924512734,51.8871227081808,63.3199464313718,64.117590132225,64.0230001189581,64.4454497409042,62.2831641184591,64.8328629812304,56.4972255005475,48.1926604450228,60.380311675232,56.8276942975238,64.6574827084269,62.8734610029746,68.454883018229,63.6312780504457,66.6961060069426,61.2212971895181,59.059531344419
66.8379100693622,55.2593826629489,55.2730971449733,61.6843491492019,64.4473440634456,52.6342134960629,61.9650990012157,58.2598919357113,61.6412384595628,57.7419259452753,68.1776380369998,52.1594451100617,63.4394924512734,51.8871227081808,63.4121806055637,64.117590132225,64.0230001189581,64.4454497409042,62.2831641184591,64.8328629812304,56.4972255005475,48.1926604450228,60.380311675232,57.1235709093948,64.6574827084269,62.8734610029746,68.454883018229,63.6312780504457,66.6961060069426,61.2212971895181,59.059531344419
66.8379100693622,55.2593826629489,55.2730971449733,61.6843491492019,64.5757884901753,52.9252838312211,61.9650990012157,58.2598919357113,61.6412384595628,57.7419259452753,68.1776380369998,52.1594451100617,63.4394924512734,52.0108129753854,63.4121806055637,64.117590132225,64.0230001189581,64.4454497409042,62.2831641184591,64.8328629812304,56.4972255005475,48.1926604450228,60.380311675232,57.1235709093948,64.6574827084269,62.8734610029746,68.454883018229,63.6312780504457,66.6961060069426,61.6139574798969,59.059531344419
66.8379100693622,55.2593826629489,55.2730971449733,61.6843491492019,64.666420929969,52.9252838312211,61.9650990012157,58.2598919357113,61.697053802402,57.7419259452753,68.1776380369998,52.1594451100617,63.4394924512734,52.0108129753854,63.4121806055637,64.117590132225,64.0230001189581,64.4454497409042,62.2831641184591,66.1493793346895,56.5447209289385,48.1926604450228,60.380311675232,57.1235709093948,64.6574827084269,62.8734610029746,68.454883018229,63.6312780504457,66.6961060069426,61.6139574798969,59.059531344419
66.9564180962622,55.2593826629489,55.2730971449733,61.7592237195839,64.666420929969,52.9252838312211,61.9650990012157,58.5222094018102,61.697053802402,57.7419259452753,68.1776380369998,52.1594451100617,63.4394924512734,52.0108129753854,63.4121806055637,64.117590132225,64.0230001189581,64.4454497409042,62.2831641184591,66.1493793346895,56.5447209289385,48.1926604450228,60.380311675232,57.1235709093948,64.6574827084269,62.8734610029746,68.4957323676727,63.6312780504457,66.6961060069426,61.6139574798969,59.059531344419
66.9564180962622,55.2593826629489,55.2730971449733,61.7592237195839,64.666420929969,52.9252838312211,61.9650990012157,58.6439357776874,61.697053802402,57.7419259452753,68.2305393410671,52.1594451100617,63.4394924512734,52.0108129753854,63.4121806055637,64.117590132225,64.0230001189581,64.4454497409042,62.2831641184591,66.1493793346895,56.5447209289385,48.1926604450228,60.380311675232,57.1235709093948,64.6574827084269,62.8734610029746,68.4957323676727,63.6312780504457,66.6961060069426,61.6139574798969,59.059531344419
66.9564180962622,55.2593826629489,55.2730971449733,61.7592237195839,65.1346617569201,52.9252838312211,61.9650990012157,58.6439357776874,61.697053802402,57.7419259452753,68.2305393410671,52.4002224530619,63.4394924512734,52.0108129753854,63.4121806055637,64.117590132225,64.0230001189581,64.4454497409042,62.2831641184591,66.1493793346895,56.5447209289385,48.1926604450228,60.380311675232,57.352527771345,64.7172014007848,62.8734610029746,68.4957323676727,63.6312780504457,66.6961060069426,61.6139574798969,59.059531344419
66.9564180962622,55.2593826629489,55.2730971449733,61.7592237195839,65.1346617569201,52.9252838312211,61.9650990012157,58.6439357776874,61.697053802402,57.7419259452753,68.2305393410671,52.4002224530619,63.993196990988,52.0108129753854,63.4121806055637,64.1547931014826,64.0230001189581,64.4454497409042,62.2831641184591,66.1493793346895,56.5447209289385,48.3738593041205,60.380311675232,57.352527771345,64.7172014007848,62.8734610029746,68.4957323676727,63.6312780504457,66.6961060069426,61.6139574798969,59.059531344419
66.9564180962622,55.2593826629489,55.2730971449733,61.7592237195839,65.1346617569201,52.9252838312211,61.9650990012157,58.6439357776874,61.697053802402,57.7419259452753,68.2922614985802,52.4002224530619,63.993196990988,52.1264022520839,63.4121806055637,64.1547931014826,64.0230001189581,64.4454497409042,62.2831641184591,66.1493793346895,56.5447209289385,48.3738593041205,60.380311675232,57.352527771345,64.7172014007848,62.8734610029746,68.4957323676727,63.6312780504457,66.6961060069426,61.6139574798969,59.059531344419
66.9564180962622,55.2593826629489,55.2730971449733,61.7592237195839,65.1346617569201,53.0033236529026,62.0039146691836,58.6439357776874,63.1010532046833,57.7419259452753,68.2922614985802,52.4002224530619,63.993196990988,52.2693033980855,63.4121806055637,64.1547931014826,64.0230001189581,64.4454497409042,62.2831641184591,66.1493793346895,56.5447209289385,48.3738593041205,60.380311675232,57.352527771345,64.7172014007848,62.8734610029746,68.4957323676727,63.6312780504457,66.6961060069426,61.6139574798969,59.059531344419
66.9564180962622,55.2593826629489,55.3847683323768,61.7592237195839,65.1346617569201,53.0033236529026,62.0039146691836,58.6439357776874,63.1010532046833,57.7419259452753,68.2922614985802,52.4002224530619,63.993196990988,52.2693033980855,63.5782926729337,64.1547931014826,64.0230001189581,64.4454497409042,62.2831641184591,66.1493793346895,56.5447209289385,48.3738593041205,60.380311675232,57.352527771345,64.7172014007848,62.8734610029746,68.4957323676727,63.6312780504457,66.6961060069426,61.6139574798969,59.059531344419
66.9564180962622,56.3612872036943,55.3847683323768,61.7592237195839,65.1346617569201,53.0033236529026,62.0039146691836,62.6254353577121,63.1010532046833,57.7419259452753,68.2922614985802,52.4002224530619,63.993196990988,52.2693033980855,63.5782926729337,64.1547931014826,64.0230001189581,64.4454497409042,62.2831641184591,66.1493793346895,56.5447209289385,48.3738593041205,60.380311675232,57.352527771345,64.7172014007848,62.8734610029746,68.4957323676727,63.6969559342351,66.6961060069426,61.6139574798969,59.3664884626137
66.9564180962622,56.3612872036943,55.3847683323768,61.7592237195839,65.1346617569201,53.0033236529026,62.0039146691836,62.6254353577121,63.1010532046833,57.7419259452753,68.2922614985802,52.4002224530619,63.993196990988,52.2693033980855,63.5782926729337,64.1547931014826,64.0230001189581,64.4454497409042,62.2831641184591,66.1493793346895,56.5447209289385,48.3738593041205,60.380311675232,57.352527771345,64.7172014007848,62.8734610029746,68.4957323676727,63.6969559342351,66.6961060069426,61.6139574798969,59.3664884626137
66.9564180962622,57.2450412807794,55.3847683323768,61.7592237195839,65.2878245527621,53.0033236529026,62.0039146691836,62.6254353577121,63.1010532046833,57.7419259452753,68.2922614985802,52.4002224530619,63.993196990988,52.2693033980855,63.5782926729337,64.1547931014826,64.0230001189581,64.4454497409042,62.2831641184591,66.1493793346895,56.5447209289385,48.3738593041205,60.380311675232,57.352527771345,64.7172014007848,62.8734610029746,68.4957323676727,63.6969559342351,66.6961060069426,61.691215008261,59.3664884626137
66.9564180962622,57.2450412807794,55.3847683323768,61.7592237195839,65.2878245527621,53.0033236529026,62.0039146691836,62.6254353577121,63.1010532046833,57.7419259452753,68.3294640681337,52.4002224530619,63.993196990988,52.2693033980855,63.5782926729337,64.3824314442476,64.0230001189581,64.4454497409042,62.2831641184591,66.1493793346895,56.5447209289385,48.8260554586806,60.380311675232,57.352527771345,64.7493771182245,62.8734610029746,68.4957323676727,63.6969559342351,66.6961060069426,61.691215008261,59.3664884626137
66.9564180962622,57.2450412807794,55.3847683323768,61.7592237195839,65.2878245527621,53.0033236529026,62.2128005050531,62.6254353577121,63.1010532046833,57.7419259452753,68.3294640681337,52.4002224530619,64.0637611301433,52.2693033980855,63.5782926729337,64.3824314442476,64.0230001189581,64.4454497409042,62.2831641184591,66.1493793346895,56.5447209289385,48.8260554586806,60.380311675232,57.5581619965519,64.7493771182245,62.8734610029746,68.4957323676727,63.6969559342351,66.6961060069426,61.691215008261,59.3664884626137
66.9564180962622,57.786951021908,55.3847683323768,61.7592237195839,65.2878245527621,53.0033236529026,62.2128005050531,62.6254353577121,63.1010532046833,57.7419259452753,68.3294640681337,52.4002224530619,64.0637611301433,52.2693033980855,63.5782926729337,64.3824314442476,64.0887961868522,64.4454497409042,62.2831641184591,66.1493793346895,56.5447209289385,48.8260554586806,60.380311675232,57.5581619965519,64.7493771182245,62.8734610029746,68.4957323676727,63.6969559342351,66.6961060069426,61.691215008261,59.3664884626137
66.9564180962622,57.786951021908,55.3847683323768,61.7592237195839,65.2878245527621,53.0033236529026,62.2128005050531,62.6254353577121,63.1010532046833,57.7419259452753,68.3294640681337,52.6756337404005,64.0637611301433,52.2693033980855,63.5782926729337,64.3824314442476,64.0887961868522,65.3249767704919,62.2831641184591,66.1493793346895,56.5447209289385,48.8260554586806,60.6307905223815,57.5581619965519,64.7493771182245,62.8734610029746,68.4957323676727,63.6969559342351,66.6961060069426,61.691215008261,59.3707481106291
66.9564180962622,57.786951021908,55.3847683323768,61.7592237195839,65.2878245527621,53.0033236529026,62.2128005050531,62.6254353577121,63.1010532046833,57.7419259452753,68.3294640681337,52.6756337404005,64.0637611301433,52.2693033980855,63.5782926729337,64.3824314442476,64.0887961868522,65.3249767704919,62.2831641184591,66.1493793346895,56.5447209289385,48.8260554586806,60.6307905223815,57.5581619965519,64.7493771182245,62.8734610029746,68.4957323676727,63.6969559342351,66.6961060069426,62.1369252432588,59.3707481106291
66.9564180962622,57.9527012595561,55.3847683323768,61.7592237195839,65.2878245527621,53.0033236529026,62.2128005050531,62.6254353577121,63.1010532046833,57.7419259452753,68.3294640681337,52.6756337404005,64.0637611301433,52.2693033980855,63.5782926729337,64.3824314442476,64.0887961868522,65.3249767704919,62.2831641184591,66.1493793346895,56.5447209289385,48.8260554586806,60.6307905223815,57.5581619965519,64.7493771182245,62.8734610029746,68.4957323676727,63.6969559342351,66.6961060069426,62.1369252432588,59.3707481106291
67.0867153420535,57.9527012595561,55.3847683323768,62.3955045038753,65.2878245527621,53.0033236529026,62.2128005050531,62.6254353577121,63.1010532046833,57.7419259452753,68.4396304015984,52.6756337404005,64.0637611301433,52.2693033980855,63.5782926729337,64.3824314442476,64.0887961868522,65.3249767704919,62.2831641184591,66.1493793346895,56.5447209289385,48.8260554586806,60.6307905223815,57.5581619965519,64.7493771182245,62.8734610029746,68.4957323676727,63.6969559342351,66.6961060069426,62.1369252432588,59.3707481106291
67.0867153420535,57.9527012595561,55.3847683323768,62.3955045038753,65.2878245527621,53.0033236529026,62.357991568177,62.6254353577121,63.1010532046833,57.7419259452753,68.4396304015984,52.6756337404005,64.0637611301433,52.3664989715678,63.5782926729337,64.3824314442476,64.0887961868522,65.3249767704919,62.2831641184591,66.1493793346895,56.5447209289385,48.9763120649461,60.6307905223815,57.5581619965519,64.7854906043234,62.8734610029746,68.5992085092394,63.6969559342351,66.6961060069426,62.1369252432588,59.3707481106291
67.0867153420535,57.9527012595561,55.3847683323768,62.3955045038753,65.2878245527621,53.0033236529026,62.357991568177,62.6254353577121,63.1010532046833,57.7419259452753,68.4396304015984,52.6756337404005,64.0637611301433,52.3995152648415,63.5782926729337,64.4574244267839,64.0887961868522,65.3249767704919,62.2831641184591,66.1493793346895,56.5447209289385,48.9763120649461,60.6307905223815,57.5581619965519,64.8533795103781,62.8734610029746,68.5992085092394,63.6969559342351,66.6961060069426,62.445999726621,59.3707481106291
67.0867153420535,57.9527012595561,55.3847683323768,62.3955045038753,65.2878245527621,53.0033236529026,62.357991568177,62.6254353577121,63.1010532046833,57.7419259452753,68.4396304015984,52.6756337404005,64.3556709875134,52.3995152648415,63.5782926729337,64.4574244267839,64.0887961868522,65.3249767704919,62.2831641184591,66.1493793346895,56.5447209289385,48.9763120649461,60.6307905223815,57.5976033611229,64.8533795103781,62.8734610029746,68.5992085092394,63.6969559342351,66.6961060069426,62.445999726621,59.3707481106291
67.0867153420535,57.9527012595561,55.3847683323768,62.3955045038753,65.2878245527621,53.0033236529026,62.357991568177,62.6254353577121,63.1010532046833,57.7419259452753,68.4396304015984,52.6756337404005,64.3556709875134,52.3995152648415,63.5782926729337,64.4574244267839,64.0887961868522,65.3249767704919,62.2831641184591,66.1493793346895,56.5447209289385,48.9763120649461,60.6307905223815,57.5976033611229,64.8533795103781,62.8734610029746,68.5992085092394,63.6969559342351,66.6961060069426,62.445999726621,59.3707481106291
67.0867153420535,57.9527012595561,55.3847683323768,62.3955045038753,65.2878245527621,53.0033236529026,62.357991568177,63.2859149111599,63.1010532046833,57.7419259452753,68.4396304015984,52.6756337404005,64.3556709875134,52.3995152648415,63.5782926729337,64.4574244267839,64.0887961868522,65.3249767704919,62.2831641184591,66.1493793346895,56.5744016319079,48.9763120649461,60.6307905223815,57.5976033611229,64.8533795103781,62.8734610029746,68.5992085092394,63.6969559342351,66.6961060069426,62.445999726621,59.3707481106291
67.1448153970714,57.9527012595561,55.3847683323768,62.3955045038753,65.2878245527621,53.0033236529026,62.357991568177,63.2859149111599,63.1010532046833,57.7419259452753,68.4396304015984,52.6756337404005,64.3556709875134,52.3995152648415,63.5782926729337,64.4574244267839,64.0887961868522,65.3249767704919,62.2831641184591,66.1493793346895,56.6300475503512,48.9763120649461,60.6307905223815,57.5976033611229,64.8533795103781,62.8734610029746,68.5992085092394,63.6969559342351,66.6961060069426,62.445999726621,59.3707481106291
67.1448153970714,58.7338874778573,55.3847683323768,62.3955045038753,65.2878245527621,53.0033236529026,62.5847081791391,63.2859149111599,63.1010532046833,57.8213066921657,68.4396304015984,52.7376866233661,64.3556709875134,52.3995152648415,63.7807838407363,64.4574244267839,64.0887961868522,65.3249767704919,62.2831641184591,66.1493793346895,56.6300475503512,48.9763120649461,60.6307905223815,57.6154987523356,64.8533795103781,62.8734610029746,68.5992085092394,63.6969559342351,66.6961060069426,62.4633480682826,59.3707481106291
67.1448153970714,58.7338874778573,55.3847683323768,62.5740244150747,65.2878245527621,53.0033236529026,62.5847081791391,63.2859149111599,63.1010532046833,57.8213066921657,68.4396304015984,52.9403577639572,64.3556709875134,52.6187425419505,63.7807838407363,64.4574244267839,64.0887961868522,65.3249767704919,62.2831641184591,66.1493793346895,56.6300475503512,49.1214197405154,60.6307905223815,57.6154987523356,64.8533795103781,62.9706546417701,68.5992085092394,63.6969559342351,66.6961060069426,62.4633480682826,59.3707481106291
67.1448153970714,58.7338874778573,55.3847683323768,62.5740244150747,65.2878245527621,53.0033236529026,62.5847081791391,63.2859149111599,63.1010532046833,57.8213066921657,68.4396304015984,52.9403577639572,64.3556709875134,52.6187425419505,63.7807838407363,64.4574244267839,64.0887961868522,65.3249767704919,62.2831641184591,66.1493793346895,56.6300475503512,49.1214197405154,60.9767071090021,57.6154987523356,65.0159849917054,62.9706546417701,68.5992085092394,63.6969559342351,66.6961060069426,62.4633480682826,59.3707481106291
67.1448153970714,58.7338874778573,55.4637130228217,62.5740244150747,65.2878245527621,53.0033236529026,62.5847081791391,63.2859149111599,63.1010532046833,57.8213066921657,68.4396304015984,52.9403577639572,64.3556709875134,52.6187425419505,63.7807838407363,64.4574244267839,64.1267548052144,65.3249767704919,62.2831641184591,66.1493793346895,56.6300475503512,49.1214197405154,60.9767071090021,57.6154987523356,65.0159849917054,62.9706546417701,68.6027365224661,63.6969559342351,66.6961060069426,62.4633480682826,59.3707481106291
67.290367625192,58.7338874778573,55.4637130228217,62.5740244150747,65.2878245527621,53.0033236529026,62.5847081791391,63.7065628350175,63.1010532046833,57.944164725447,68.4396304015984,52.9403577639572,64.3556709875134,52.6187425419505,63.7807838407363,64.4574244267839,64.1267548052144,65.5609897251871,62.2831641184591,66.1493793346895,56.6300475503512,49.1214197405154,60.9767071090021,57.6154987523356,65.0159849917054,62.9706546417701,68.6027365224661,63.6969559342351,66.6961060069426,62.6347801825733,59.4726072116716
67.290367625192,58.7338874778573,55.4637130228217,62.5740244150747,65.2878245527621,53.0033236529026,62.8731466527877,63.7065628350175,63.4733839346324,57.944164725447,68.4396304015984,52.9403577639572,64.3556709875134,52.6187425419505,63.7807838407363,64.4574244267839,64.1267548052144,65.5609897251871,62.2831641184591,66.1493793346895,57.0878596035991,49.1214197405154,60.9767071090021,57.6154987523356,65.0159849917054,62.9706546417701,68.6027365224661,63.6969559342351,66.6961060069426,62.6347801825733,59.4726072116716
67.290367625192,58.7338874778573,55.4637130228217,62.5740244150747,65.2878245527621,53.0033236529026,62.8731466527877,63.7065628350175,63.4733839346324,57.944164725447,68.4396304015984,52.9403577639572,64.3556709875134,52.6187425419505,63.7807838407363,64.4769690713325,64.1267548052144,65.5609897251871,62.2831641184591,66.3655856159561,57.0878596035991,49.1214197405154,60.9767071090021,57.6154987523356,65.0159849917054,62.9706546417701,68.6027365224661,63.6969559342351,66.6961060069426,62.6347801825733,59.4726072116716
67.290367625192,58.7338874778573,55.4637130228217,62.5740244150747,65.2878245527621,53.0033236529026,62.8731466527877,63.7065628350175,63.4733839346324,57.944164725447,68.4396304015984,52.9403577639572,64.3556709875134,52.6187425419505,63.7807838407363,64.4769690713325,64.1267548052144,65.5609897251871,62.2831641184591,66.3655856159561,57.0878596035991,49.1214197405154,60.9767071090021,57.6154987523356,65.0159849917054,62.9706546417701,68.6027365224661,63.7273868612799,66.6961060069426,62.6347801825733,59.4726072116716
67.290367625192,58.8941104387245,55.4637130228217,62.5740244150747,65.2878245527621,53.0033236529026,62.8731466527877,63.7065628350175,63.4733839346324,58.7515370383812,68.4396304015984,52.9403577639572,64.3556709875134,52.8687837011578,63.7807838407363,64.4769690713325,64.1267548052144,65.5609897251871,62.2831641184591,66.3655856159561,57.0878596035991,49.1214197405154,60.9767071090021,57.6154987523356,65.0159849917054,62.9706546417701,68.6027365224661,63.7273868612799,66.6961060069426,62.6347801825733,59.4726072116716
67.2925589557154,58.8941104387245,55.4637130228217,62.5740244150747,65.2878245527621,53.2410170385692,62.8731466527877,63.9999436042535,63.4733839346324,58.7515370383812,68.4396304015984,52.9403577639572,64.3556709875134,52.8687837011578,63.7807838407363,64.4769690713325,64.1267548052144,65.5609897251871,62.2831641184591,66.3655856159561,57.0878596035991,49.1214197405154,61.6373608852879,57.6154987523356,65.0159849917054,62.9706546417701,68.6027365224661,63.7273868612799,66.6961060069426,62.6347801825733,59.4726072116716
67.2925589557154,58.8941104387245,55.5578198233533,62.5740244150747,65.2878245527621,53.2410170385692,62.8731466527877,63.9999436042535,63.4733839346324,58.7515370383812,68.4396304015984,52.9403577639572,64.3556709875134,52.8687837011578,63.7807838407363,64.4769690713325,64.4716377609994,66.2371122001348,62.2831641184591,66.3655856159561,57.0878596035991,49.1214197405154,61.6373608852879,57.6154987523356,65.0159849917054,62.9706546417701,68.6027365224661,63.7273868612799,66.8446622079151,62.6347801825733,59.4726072116716
67.2925589557154,58.8941104387245,55.5578198233533,62.5740244150747,65.2878245527621,53.2410170385692,62.9732337626709,63.9999436042535,63.4733839346324,58.7515370383812,68.4396304015984,52.9403577639572,64.3556709875134,52.8687837011578,63.7807838407363,64.4769690713325,64.4716377609994,66.2371122001348,62.2831641184591,66.3655856159561,57.0878596035991,49.1214197405154,61.6373608852879,57.6154987523356,65.0159849917054,62.9706546417701,68.6027365224661,63.7273868612799,66.8446622079151,62.6347801825733,59.4726072116716
67.2925589557154,58.8941104387245,55.5578198233533,62.5740244150747,65.2878245527621,53.2410170385692,62.983406632506,63.9999436042535,63.4733839346324,58.7515370383812,68.4396304015984,53.0466340001129,64.3556709875134,52.8687837011578,63.7807838407363,64.4769690713325,64.4716377609994,66.2371122001348,62.2831641184591,66.3655856159561,57.0878596035991,49.1214197405154,61.6373608852879,57.6154987523356,65.0159849917054,62.9706546417701,68.6027365224661,63.7917315144842,66.8446622079151,62.6347801825733,59.4726072116716
67.2925589557154,59.8992624512671,55.5578198233533,62.5740244150747,65.2878245527621,53.2410170385692,62.983406632506,63.9999436042535,63.4733839346324,61.1262792729644,68.8155961778133,53.0466340001129,64.3556709875134,52.8687837011578,63.7807838407363,64.4769690713325,64.4716377609994,66.2371122001348,62.2831641184591,66.3655856159561,57.0878596035991,49.1214197405154,61.6373608852879,57.6154987523356,65.0159849917054,62.9706546417701,68.6027365224661,63.7917315144842,66.8446622079151,62.6347801825733,59.4726072116716
67.2925589557154,59.8992624512671,55.5578198233533,62.5740244150747,65.2878245527621,53.2410170385692,62.983406632506,63.9999436042535,63.4733839346324,61.1262792729644,68.8155961778133,53.0466340001129,64.3556709875134,53.0352548792875,63.7807838407363,64.4769690713325,64.4716377609994,66.2371122001348,62.2831641184591,66.3655856159561,57.0878596035991,49.1214197405154,62.1238977517532,57.6154987523356,65.0159849917054,62.9706546417701,68.6027365224661,63.7917315144842,66.8446622079151,62.6347801825733,59.4726072116716
67.2925589557154,59.8992624512671,55.5578198233533,62.5740244150747,65.2878245527621,53.252494208616,62.983406632506,63.9999436042535,63.4733839346324,61.1262792729644,68.8155961778133,53.0466340001129,64.3556709875134,53.0352548792875,63.7807838407363,64.4769690713325,64.4716377609994,66.2371122001348,62.2831641184591,66.3655856159561,57.0878596035991,49.632435316313,62.1238977517532,57.6154987523356,65.0159849917054,62.9706546417701,68.6027365224661,63.7917315144842,66.8446622079151,62.6347801825733,59.4726072116716
67.2925589557154,59.8992624512671,55.5578198233533,62.5740244150747,65.3759295333124,53.252494208616,62.983406632506,63.9999436042535,63.4733839346324,61.1262792729644,68.8155961778133,53.0466340001129,64.3556709875134,53.0352548792875,63.7807838407363,64.4769690713325,64.4716377609994,66.2371122001348,62.2831641184591,66.3655856159561,57.0878596035991,49.632435316313,62.1238977517532,57.6154987523356,65.0159849917054,62.9706546417701,68.629313167836,63.7917315144842,66.8446622079151,62.6347801825733,59.4726072116716
67.2925589557154,59.8992624512671,55.5578198233533,62.7481877250435,65.3759295333124,53.252494208616,63.2107338418396,63.9999436042535,63.4733839346324,61.1262792729644,68.8155961778133,53.0466340001129,64.3556709875134,53.0352548792875,63.7807838407363,64.5169387947136,64.4716377609994,66.8188500735098,62.2831641184591,66.834041606826,57.0878596035991,49.632435316313,62.1238977517532,57.623691385841,65.0159849917054,62.9706546417701,68.629313167836,63.7917315144842,66.8446622079151,62.6347801825733,59.4726072116716
67.2925589557154,59.8992624512671,55.5578198233533,62.7481877250435,65.3759295333124,53.252494208616,63.2107338418396,64.447917370706,63.4733839346324,61.1262792729644,68.8155961778133,53.0466340001129,65.0385226678504,53.0352548792875,63.7807838407363,64.5169387947136,64.4716377609994,66.8188500735098,62.2831641184591,66.834041606826,57.0878596035991,49.632435316313,62.1238977517532,57.623691385841,65.0159849917054,63.3565018638534,68.629313167836,63.8039977668033,66.8446622079151,63.0974153101783,59.4726072116716
67.2925589557154,59.8992624512671,55.5578198233533,62.7481877250435,65.3759295333124,53.252494208616,63.2107338418396,64.447917370706,63.4733839346324,61.1262792729644,68.8155961778133,53.0466340001129,65.0385226678504,53.0352548792875,63.7807838407363,64.5169387947136,64.4716377609994,66.8188500735098,62.2831641184591,66.834041606826,57.0878596035991,49.632435316313,62.1238977517532,57.623691385841,65.0159849917054,63.3565018638534,68.629313167836,63.8039977668033,66.8446622079151,63.0974153101783,59.4726072116716
67.3361982274195,59.8992624512671,55.5578198233533,62.7481877250435,65.3759295333124,53.252494208616,63.2107338418396,64.447917370706,63.4733839346324,61.1262792729644,68.8155961778133,53.0466340001129,65.0385226678504,53.2213311866234,63.7807838407363,64.5169387947136,64.4716377609994,66.8188500735098,62.2831641184591,66.834041606826,57.0878596035991,49.632435316313,62.1238977517532,57.623691385841,65.0159849917054,63.3565018638534,68.629313167836,63.8039977668033,66.8446622079151,63.0974153101783,59.4726072116716
67.3361982274195,59.8992624512671,55.6423552940133,62.7481877250435,65.3759295333124,53.252494208616,63.2107338418396,64.447917370706,64.0318052823312,61.1262792729644,68.8155961778133,53.0466340001129,65.0385226678504,53.2213311866234,63.7807838407363,64.5169387947136,64.4716377609994,66.8188500735098,62.2831641184591,66.834041606826,57.0878596035991,49.632435316313,62.1238977517532,57.6590829277979,65.0159849917054,63.3565018638534,68.629313167836,63.8039977668033,66.8446622079151,63.0974153101783,59.4726072116716
67.3361982274195,59.8992624512671,55.6423552940133,62.7481877250435,65.8087965460433,53.3985983189386,63.2107338418396,64.447917370706,64.0318052823312,61.1262792729644,68.8155961778133,53.0466340001129,65.4508767042348,53.2213311866234,63.8431183403259,64.5169387947136,64.4716377609994,66.8188500735098,62.2831641184591,66.834041606826,57.0878596035991,49.632435316313,62.1238977517532,57.6590829277979,65.0159849917054,63.3565018638534,68.629313167836,63.8039977668033,66.8446622079151,63.0974153101783,59.4726072116716
67.3361982274195,59.8992624512671,55.6423552940133,62.7481877250435,65.8087965460433,53.3985983189386,63.2911858337906,64.447917370706,64.0318052823312,61.1262792729644,68.8155961778133,53.0466340001129,65.4508767042348,53.2213311866234,63.8431183403259,64.5169387947136,64.4716377609994,66.8538601826472,62.2831641184591,66.834041606826,57.0878596035991,49.632435316313,62.1238977517532,57.6590829277979,65.0159849917054,63.3565018638534,68.629313167836,63.8039977668033,66.8446622079151,63.0974153101783,59.4726072116716
67.3361982274195,60.8656533738817,55.6423552940133,62.7481877250435,65.8087965460433,53.3985983189386,63.2911858337906,64.447917370706,64.0318052823312,61.1262792729644,68.8155961778133,53.0466340001129,65.4508767042348,53.2213311866234,63.8431183403259,64.5169387947136,64.4716377609994,66.8538601826472,62.2831641184591,66.834041606826,57.0878596035991,49.632435316313,62.1238977517532,57.6590829277979,65.0159849917054,63.3565018638534,68.629313167836,63.8039977668033,66.8446622079151,63.0974153101783,59.4726072116716
67.3363132648532,60.8656533738817,55.6423552940133,62.7481877250435,65.8087965460433,53.3985983189386,63.2911858337906,64.447917370706,64.0318052823312,61.1262792729644,68.8155961778133,53.0466340001129,65.4508767042348,53.2213311866234,63.8431183403259,64.5169387947136,64.4716377609994,66.8538601826472,62.3508468499124,66.834041606826,57.0878596035991,49.632435316313,62.1238977517532,57.6590829277979,65.0245096578715,63.3565018638534,68.7196402053418,63.8039977668033,66.8446622079151,63.0974153101783,59.4726072116716
67.3363132648532,60.8656533738817,55.6423552940133,62.7481877250435,65.8087965460433,53.3985983189386,63.2911858337906,64.447917370706,64.0318052823312,61.1262792729644,68.8155961778133,53.0466340001129,65.4508767042348,53.2213311866234,63.8431183403259,64.5169387947136,64.4716377609994,66.8538601826472,62.3508468499124,66.834041606826,57.0878596035991,49.632435316313,62.1787672458669,57.6590829277979,65.0245096578715,63.4374215981629,68.7196402053418,63.8039977668033,66.8446622079151,63.0974153101783,59.4726072116716
67.3363132648532,60.8656533738817,55.6604450211775,62.7481877250435,65.8087965460433,53.3985983189386,63.2911858337906,64.447917370706,64.0318052823312,61.7047446704309,68.8155961778133,53.0466340001129,65.4508767042348,53.2213311866234,63.8431183403259,64.5240325603995,64.4716377609994,66.8538601826472,62.3508468499124,66.834041606826,57.0878596035991,49.632435316313,62.1787672458669,57.6619088140412,65.0245096578715,63.4374215981629,68.7196402053418,63.8039977668033,66.8446622079151,63.0974153101783,59.4726072116716
67.3363132648532,60.8656533738817,55.6604450211775,62.7481877250435,65.8087965460433,53.3985983189386,63.2911858337906,64.447917370706,64.0318052823312,61.7047446704309,68.8155961778133,53.0466340001129,65.4508767042348,53.2213311866234,63.8431183403259,64.5240325603995,64.4716377609994,66.8538601826472,62.3508468499124,66.834041606826,57.0878596035991,49.632435316313,62.1787672458669,57.6619088140412,65.0245096578715,63.4374215981629,68.7196402053418,63.8039977668033,67.1313136155688,63.1364949358583,59.4726072116716
67.3363132648532,60.8656533738817,55.6604450211775,62.7481877250435,65.8087965460433,53.3985983189386,63.2911858337906,64.447917370706,64.058704670203,61.7047446704309,68.8155961778133,53.0466340001129,65.4508767042348,53.2213311866234,63.8431183403259,64.5240325603995,64.4716377609994,66.8538601826472,62.3508468499124,66.834041606826,57.2045365549522,49.632435316313,62.1787672458669,57.6619088140412,65.0245096578715,63.4374215981629,68.7502856880362,63.9045160020464,67.1313136155688,63.1364949358583,59.4726072116716
67.3363132648532,61.5022900113648,55.6604450211775,62.7481877250435,65.8087965460433,53.3985983189386,63.2911858337906,64.447917370706,64.058704670203,61.7047446704309,68.8155961778133,53.0466340001129,65.4550147444209,53.2213311866234,63.8431183403259,64.5240325603995,64.4716377609994,67.0758828398667,62.3508468499124,66.834041606826,57.2045365549522,49.632435316313,62.1787672458669,57.6619088140412,65.0245096578715,63.4374215981629,68.7587057721512,63.9045160020464,67.1313136155688,63.1364949358583,59.4726072116716
67.4681158257242,61.5022900113648,55.6604450211775,62.7481877250435,65.8087965460433,53.3985983189386,63.2911858337906,64.447917370706,64.058704670203,61.7047446704309,68.8155961778133,53.0466340001129,65.4550147444209,53.2213311866234,63.8431183403259,64.5240325603995,64.4716377609994,67.0758828398667,62.3508468499124,66.834041606826,57.2045365549522,49.632435316313,62.1787672458669,57.6619088140412,65.0245096578715,63.4374215981629,68.7587057721512,63.9045160020464,67.1313136155688,63.1364949358583,59.5365095401401
67.4681158257242,61.5022900113648,55.8647859151331,62.7481877250435,65.8087965460433,53.3985983189386,63.2911858337906,64.447917370706,64.058704670203,61.7047446704309,68.9786495134588,53.0466340001129,65.4550147444209,53.3635069793561,63.8431183403259,64.5240325603995,64.4716377609994,67.0758828398667,62.3508468499124,66.834041606826,57.2045365549522,49.632435316313,62.7288992447805,57.6619088140412,65.0245096578715,63.4374215981629,68.7587057721512,63.9045160020464,67.1313136155688,63.1364949358583,59.5365095401401
67.4681158257242,61.5022900113648,55.8647859151331,62.9182015866205,65.8087965460433,53.3985983189386,63.2911858337906,64.447917370706,64.058704670203,61.7047446704309,68.9786495134588,53.0466340001129,65.4550147444209,53.3635069793561,63.8431183403259,64.5240325603995,64.4716377609994,67.0758828398667,62.3508468499124,66.834041606826,57.2045365549522,49.632435316313,62.7288992447805,57.6619088140412,65.0245096578715,63.4374215981629,68.7587057721512,63.9045160020464,67.1313136155688,63.1364949358583,59.5365095401401
67.4681158257242,61.5022900113648,55.8647859151331,62.9182015866205,65.8087965460433,53.3985983189386,63.2911858337906,64.447917370706,64.058704670203,61.8774449077544,68.9786495134588,53.1497489961708,65.5582294886089,53.3635069793561,64.1658197555194,64.5240325603995,64.7849149523089,67.0758828398667,62.3508468499124,66.834041606826,57.2045365549522,49.632435316313,62.7288992447805,57.8523932329048,65.0245096578715,63.4374215981629,68.7587057721512,63.9045160020464,67.1313136155688,63.1364949358583,59.5365095401401
67.4681158257242,63.5297803930372,55.8647859151331,62.9182015866205,65.8087965460433,53.594852989646,63.4048970010634,64.447917370706,64.058704670203,61.8774449077544,68.9786495134588,53.1497489961708,65.5582294886089,53.3635069793561,64.1658197555194,64.5240325603995,64.7849149523089,67.0758828398667,62.8216919302103,66.834041606826,57.2045365549522,49.632435316313,62.7288992447805,57.8523932329048,65.0245096578715,63.4374215981629,68.7587057721512,63.9045160020464,67.1313136155688,63.1364949358583,59.5365095401401
67.4681158257242,63.5297803930372,55.8647859151331,62.9182015866205,65.8087965460433,53.594852989646,63.4048970010634,64.447917370706,64.058704670203,61.8774449077544,68.9786495134588,53.1497489961708,65.5582294886089,53.3635069793561,64.1658197555194,64.5240325603995,64.7849149523089,67.7749570911247,62.8216919302103,66.834041606826,57.2045365549522,49.7988696874465,62.7288992447805,57.8523932329048,65.0245096578715,63.4374215981629,68.7587057721512,63.9045160020464,67.1313136155688,63.4948120631137,59.5365095401401
67.4681158257242,63.5297803930372,55.9362878568707,62.9182015866205,65.8087965460433,53.594852989646,63.4048970010634,64.447917370706,64.3612623465702,61.8774449077544,68.9786495134588,53.1497489961708,65.5582294886089,53.3635069793561,64.1658197555194,64.5240325603995,64.7849149523089,67.7749570911247,62.8216919302103,66.834041606826,57.2045365549522,49.7988696874465,62.7288992447805,57.8523932329048,65.0245096578715,63.4374215981629,68.7587057721512,63.9045160020464,67.1313136155688,63.4948120631137,59.5365095401401
67.4681158257242,63.5297803930372,55.9362878568707,62.9182015866205,65.8087965460433,56.8438670991359,63.4048970010634,64.447917370706,64.3612623465702,61.8774449077544,69.0553147356109,53.1497489961708,65.5582294886089,53.6631682636305,64.1658197555194,64.5240325603995,64.7849149523089,67.7749570911247,62.8216919302103,66.834041606826,57.2045365549522,49.7988696874465,63.1074522717492,57.8523932329048,65.0245096578715,63.4374215981629,68.7587057721512,63.9045160020464,67.1313136155688,63.4948120631137,59.5365095401401
67.4681158257242,64.0149708547165,55.9362878568707,62.9182015866205,65.8087965460433,56.8438670991359,63.4048970010634,64.447917370706,64.3612623465702,61.8774449077544,69.0553147356109,53.1497489961708,65.5582294886089,53.6631682636305,64.1658197555194,64.5240325603995,64.7849149523089,67.7749570911247,62.8216919302103,66.834041606826,57.2045365549522,49.7988696874465,63.1074522717492,57.8523932329048,65.0513988524371,63.4374215981629,68.7587057721512,63.9045160020464,67.1313136155688,63.4948120631137,59.5365095401401
67.4681158257242,64.0566583850315,55.9362878568707,62.9182015866205,65.8087965460433,56.8438670991359,63.4048970010634,64.5999376982217,64.3612623465702,61.8774449077544,69.0553147356109,53.1497489961708,65.5582294886089,53.6631682636305,64.1658197555194,64.5240325603995,64.7849149523089,67.7749570911247,62.8216919302103,66.9940383081791,57.291575394255,49.7988696874465,63.1074522717492,57.8523932329048,65.0513988524371,63.4374215981629,68.7587057721512,63.9045160020464,67.1313136155688,63.4948120631137,59.5365095401401
67.5298625243696,64.0566583850315,55.9362878568707,62.9182015866205,65.8087965460433,56.8438670991359,63.4048970010634,64.5999376982217,64.3612623465702,61.8774449077544,69.0553147356109,53.1497489961708,65.5582294886089,53.6631682636305,64.1658197555194,64.5240325603995,64.7849149523089,67.7749570911247,62.8216919302103,66.9940383081791,57.291575394255,49.7988696874465,63.1074522717492,57.877764612929,65.0513988524371,63.4374215981629,68.7587057721512,64.0967400339032,67.1313136155688,63.4948120631137,59.5649852697101
67.5298625243696,64.0566583850315,55.9362878568707,62.9182015866205,65.8087965460433,56.8438670991359,63.4048970010634,64.5999376982217,64.3612623465702,61.8774449077544,69.0553147356109,53.1497489961708,65.5615554661554,53.6631682636305,64.1658197555194,64.5240325603995,64.7849149523089,67.7749570911247,62.8216919302103,66.9940383081791,57.291575394255,49.7988696874465,63.1074522717492,57.877764612929,65.0513988524371,63.4374215981629,68.7587057721512,64.0967400339032,67.1313136155688,63.4948120631137,59.5649852697101
67.5298625243696,64.0566583850315,55.9419516640202,62.9182015866205,65.8087965460433,56.8438670991359,63.4048970010634,64.5999376982217,64.3612623465702,62.4818368976576,69.0553147356109,53.1497489961708,65.5615554661554,53.6631682636305,64.1658197555194,64.5240325603995,64.7849149523089,67.7749570911247,62.8216919302103,66.9940383081791,57.291575394255,49.8773034854253,63.1074522717492,57.877764612929,65.0513988524371,63.4374215981629,68.7587057721512,64.0967400339032,67.1313136155688,63.4948120631137,59.5649852697101
67.5298625243696,64.2829325693257,55.9419516640202,62.9182015866205,66.2356005224061,56.8438670991359,63.4048970010634,64.5999376982217,64.3612623465702,62.4818368976576,69.0553147356109,53.1497489961708,65.5615554661554,53.6631682636305,64.1658197555194,64.5298576386375,64.7849149523089,67.7749570911247,62.8507601470839,66.9940383081791,57.291575394255,49.8773034854253,63.1074522717492,57.877764612929,65.0513988524371,63.4374215981629,68.7587057721512,64.0967400339032,67.1313136155688,63.4948120631137,59.5649852697101
67.5298625243696,64.8900231594913,55.9419516640202,62.9182015866205,66.5300479330727,56.8438670991359,63.4048970010634,64.7131282949638,64.3612623465702,62.4818368976576,69.0553147356109,53.1497489961708,65.5615554661554,53.6631682636305,64.1658197555194,64.7030427098802,64.7849149523089,67.7749570911247,62.8507601470839,66.9940383081791,57.291575394255,49.8773034854253,63.1074522717492,57.877764612929,65.0513988524371,63.4374215981629,68.7587057721512,64.0967400339032,67.1313136155688,63.4948120631137,59.5649852697101
67.5298625243696,64.8900231594913,55.9419516640202,62.9182015866205,66.5300479330727,56.8438670991359,63.4048970010634,64.7131282949638,64.3612623465702,62.4818368976576,69.0553147356109,53.1497489961708,65.732086479314,53.6631682636305,64.1658197555194,64.7030427098802,64.7849149523089,67.7749570911247,62.8507601470839,66.9940383081791,57.291575394255,49.8773034854253,63.1074522717492,57.877764612929,65.0513988524371,63.4374215981629,68.7587057721512,64.1932244932484,67.1313136155688,63.4948120631137,59.5649852697101
67.5298625243696,64.8900231594913,55.9419516640202,62.9182015866205,66.5300479330727,56.8438670991359,63.4048970010634,64.7131282949638,64.3612623465702,62.4818368976576,69.0553147356109,53.1497489961708,65.732086479314,53.6631682636305,64.1658197555194,64.7030427098802,64.9375127856766,67.7749570911247,62.8507601470839,66.9940383081791,57.291575394255,49.8773034854253,63.1074522717492,57.877764612929,65.0513988524371,63.4908008418408,68.7587057721512,64.1932244932484,67.1313136155688,63.4948120631137,59.5649852697101
67.5298625243696,64.8900231594913,56.0113585626135,62.9182015866205,66.5300479330727,56.8438670991359,63.4048970010634,64.7131282949638,64.3612623465702,62.4818368976576,69.0553147356109,53.1497489961708,65.732086479314,53.6631682636305,64.1658197555194,64.7030427098802,64.9375127856766,67.7749570911247,62.8507601470839,66.9940383081791,57.291575394255,49.8773034854253,63.1074522717492,57.877764612929,65.0944021689571,63.4908008418408,68.7587057721512,64.1932244932484,67.1313136155688,63.4948120631137,59.5649852697101
67.5298625243696,64.8900231594913,56.0113585626135,62.9182015866205,66.5300479330727,56.8438670991359,63.4048970010634,64.7131282949638,64.3612623465702,62.4818368976576,69.0553147356109,53.1497489961708,65.732086479314,53.8563883727694,64.1658197555194,64.7030427098802,64.9375127856766,67.7749570911247,62.8507601470839,66.9940383081791,57.291575394255,49.8773034854253,63.1074522717492,57.877764612929,65.141390179898,63.4908008418408,68.7587057721512,64.1932244932484,67.1313136155688,63.4948120631137,59.5649852697101
67.5298625243696,64.8900231594913,56.0113585626135,62.9544130521269,66.5300479330727,56.8438670991359,63.4048970010634,64.7131282949638,64.3612623465702,62.4818368976576,69.0605836426822,53.1497489961708,65.732086479314,53.8563883727694,64.1658197555194,64.7030427098802,64.9375127856766,67.7749570911247,62.8507601470839,66.9940383081791,57.291575394255,49.9254463096971,63.1074522717492,57.877764612929,65.141390179898,63.4908008418408,68.7587057721512,64.1932244932484,67.1313136155688,63.4948120631137,59.5649852697101
67.5298625243696,64.8900231594913,56.0113585626135,62.9544130521269,66.5300479330727,56.8438670991359,63.4048970010634,64.7131282949638,64.3612623465702,62.5600329217054,69.0605836426822,53.1497489961708,65.7573479091304,53.8563883727694,64.1658197555194,64.7030427098802,64.9375127856766,67.7749570911247,62.8507601470839,66.9940383081791,57.291575394255,49.9254463096971,63.1074522717492,57.877764612929,65.141390179898,63.4908008418408,68.7973343323546,64.1932244932484,67.1313136155688,63.4948120631137,59.5649852697101
67.5323264494496,64.8900231594913,56.0113585626135,62.9544130521269,66.5300479330727,56.8438670991359,63.4048970010634,64.7131282949638,64.3612623465702,62.5600329217054,69.0605836426822,53.1497489961708,65.7573479091304,53.8563883727694,64.1658197555194,64.7574109158672,64.9454328789972,67.7749570911247,62.8507601470839,66.9940383081791,57.291575394255,49.9254463096971,63.1074522717492,57.877764612929,65.141390179898,63.4908008418408,68.7973343323546,64.2402295469849,67.2234284833632,63.4948120631137,59.5649852697101
67.5323264494496,64.8900231594913,56.0113585626135,62.9544130521269,66.5300479330727,56.8438670991359,63.6561099514741,64.7131282949638,64.3612623465702,62.5600329217054,69.0605836426822,53.1497489961708,65.7573479091304,53.8563883727694,64.1658197555194,64.7574109158672,64.9454328789972,67.7749570911247,62.9840046467527,66.9940383081791,57.291575394255,49.9254463096971,63.1074522717492,57.877764612929,65.141390179898,63.5511982657615,68.7973343323546,64.2402295469849,67.2234284833632,63.4948120631137,59.5649852697101
67.5323264494496,65.5196802880096,56.0566313571514,62.9544130521269,66.5300479330727,56.8438670991359,63.6561099514741,65.0765267414594,64.3612623465702,62.5600329217054,69.0605836426822,53.1497489961708,65.7573479091304,53.8563883727694,64.1658197555194,64.7574109158672,64.9454328789972,67.7749570911247,62.9840046467527,66.9940383081791,57.291575394255,49.9254463096971,63.1074522717492,57.877764612929,65.141390179898,63.5511982657615,68.7973343323546,64.2402295469849,67.2234284833632,63.4948120631137,59.5649852697101
67.5323264494496,65.5196802880096,56.0566313571514,62.9544130521269,66.5300479330727,56.8438670991359,63.6561099514741,65.0765267414594,64.3612623465702,62.5600329217054,69.0605836426822,53.1497489961708,65.8013683174786,53.8563883727694,64.1658197555194,64.7574109158672,64.9454328789972,67.7749570911247,62.9840046467527,66.9940383081791,57.297162685536,49.9254463096971,63.1074522717492,57.9746087128944,65.141390179898,63.5511982657615,68.7973343323546,64.2402295469849,67.2234284833632,63.6495995757079,59.5649852697101
67.5323264494496,65.5196802880096,56.0566313571514,62.9544130521269,66.5300479330727,56.8438670991359,63.6561099514741,65.0765267414594,64.3612623465702,62.5600329217054,69.0605836426822,53.1497489961708,65.8013683174786,53.8563883727694,64.1658197555194,64.7574109158672,64.9454328789972,67.7749570911247,62.9840046467527,66.9940383081791,57.3060189931236,49.9254463096971,64.3687149902614,57.9746087128944,65.141390179898,63.5511982657615,68.7973343323546,64.2402295469849,67.2234284833632,63.6495995757079,59.5649852697101
67.5323264494496,65.5196802880096,56.0566313571514,62.9544130521269,66.5300479330727,56.8438670991359,63.6561099514741,65.0765267414594,64.3612623465702,62.5600329217054,69.0605836426822,53.1497489961708,65.8013683174786,53.8563883727694,64.1658197555194,64.7574109158672,64.9454328789972,67.7749570911247,62.9840046467527,66.9940383081791,57.3060189931236,49.9878459674471,64.3687149902614,57.9746087128944,65.1527246123379,63.5511982657615,68.7973343323546,64.2402295469849,67.2234284833632,63.6495995757079,59.5649852697101
67.7286880554427,65.5196802880096,56.0566313571514,62.9544130521269,66.5300479330727,56.8438670991359,63.6561099514741,65.0765267414594,64.3612623465702,62.5600329217054,69.0605836426822,53.1497489961708,65.8013683174786,53.8563883727694,64.3847290817176,64.7574109158672,64.9454328789972,67.7749570911247,62.9840046467527,66.9940383081791,57.3060189931236,49.9878459674471,64.3687149902614,57.9746087128944,65.1527246123379,63.5511982657615,68.7973343323546,64.2402295469849,67.2234284833632,63.6495995757079,59.5649852697101
67.7286880554427,65.8740759561974,56.0614261347773,63.149448940952,66.5300479330727,56.8438670991359,63.6561099514741,65.0765267414594,64.3612623465702,62.5600329217054,69.0605836426822,53.1497489961708,65.8013683174786,53.8563883727694,64.3847290817176,64.9303537386615,64.9454328789972,67.7749570911247,62.9840046467527,66.9940383081791,57.3060189931236,49.9878459674471,64.3687149902614,57.9746087128944,65.1527246123379,63.5511982657615,68.7973343323546,64.2402295469849,67.3771481767567,63.6495995757079,59.5649852697101
67.7286880554427,65.8740759561974,56.0614261347773,63.149448940952,66.5300479330727,56.8438670991359,63.6561099514741,65.0765267414594,64.3612623465702,62.7501853404446,69.0605836426822,53.1497489961708,66.0124272993064,53.8563883727694,64.3847290817176,64.9303537386615,64.9454328789972,67.7749570911247,62.9840046467527,66.9940383081791,57.3060189931236,49.9878459674471,64.3687149902614,57.9746087128944,65.1527246123379,63.5511982657615,68.7973343323546,64.2402295469849,67.3771481767567,63.6495995757079,59.5649852697101
67.7286880554427,65.8740759561974,56.0614261347773,63.149448940952,66.5300479330727,56.8438670991359,63.6561099514741,65.0765267414594,64.3612623465702,62.7501853404446,69.1548766339734,53.1497489961708,66.0124272993064,53.8563883727694,64.3847290817176,64.9303537386615,65.2365057630543,67.7749570911247,62.9840046467527,66.9940383081791,57.3105667438361,49.9878459674471,64.3687149902614,58.0502243798913,65.1527246123379,63.5511982657615,68.7973343323546,64.2402295469849,67.3771481767567,63.6495995757079,59.5649852697101
67.7286880554427,65.8740759561974,56.0614261347773,63.149448940952,66.7882052948441,56.8438670991359,63.6561099514741,65.0765267414594,64.3612623465702,62.7501853404446,69.1548766339734,53.1497489961708,66.0124272993064,53.8563883727694,64.3847290817176,64.9303537386615,65.2365057630543,67.7749570911247,62.9840046467527,66.9940383081791,57.3105667438361,49.9878459674471,64.3873379411323,58.0502243798913,65.1527246123379,63.5511982657615,68.8239750259534,64.2402295469849,67.3771481767567,63.6495995757079,59.5649852697101
67.7286880554427,65.8740759561974,56.0614261347773,63.149448940952,66.7882052948441,56.8438670991359,63.6561099514741,65.0765267414594,64.3612623465702,62.7501853404446,69.1548766339734,53.1497489961708,66.0124272993064,53.8563883727694,64.3847290817176,64.9303537386615,65.2365057630543,67.7749570911247,62.9840046467527,67.0865693843624,57.3105667438361,49.9878459674471,64.3873379411323,58.0502243798913,65.1527246123379,63.5511982657615,68.8239750259534,64.2402295469849,67.3771481767567,63.6495995757079,59.5649852697101
67.7286880554427,65.8740759561974,56.1496072470133,63.149448940952,66.7882052948441,56.8438670991359,63.6561099514741,65.0765267414594,64.3612623465702,62.7501853404446,69.1548766339734,53.1497489961708,66.0124272993064,53.8563883727694,64.3847290817176,64.9303537386615,65.2365057630543,67.7749570911247,62.9840046467527,67.0865693843624,57.3105667438361,49.9878459674471,64.3873379411323,58.0502243798913,65.1527246123379,63.5948383893546,68.8239750259534,64.2731177892184,67.3771481767567,63.7157156086583,59.5649852697101
67.7286880554427,65.8740759561974,56.1496072470133,63.149448940952,66.7882052948441,56.8438670991359,63.6561099514741,65.0765267414594,64.3612623465702,62.7501853404446,69.1548766339734,53.1497489961708,66.2748206668544,53.8563883727694,64.3847290817176,64.9303537386615,65.2365057630543,67.7749570911247,62.9840046467527,67.0865693843624,57.3105667438361,49.9878459674471,64.3873379411323,58.0502243798913,65.1527246123379,63.5948383893546,68.8239750259534,64.2731177892184,67.3771481767567,63.7157156086583,59.5649852697101
67.7286880554427,65.8740759561974,56.1496072470133,63.3158521094457,67.0188830283669,56.8438670991359,63.6561099514741,65.0765267414594,64.3612623465702,62.7501853404446,69.1548766339734,53.1497489961708,66.2748206668544,53.8563883727694,64.3847290817176,64.9303537386615,65.3631583676821,67.7749570911247,62.9840046467527,67.0865693843624,57.3105667438361,49.9878459674471,64.3873379411323,58.0502243798913,65.1527246123379,63.5948383893546,68.8239750259534,64.2731177892184,67.3771481767567,63.7157156086583,59.7066875110827
67.7286880554427,65.8740759561974,56.1496072470133,63.3158521094457,67.0188830283669,56.8438670991359,63.6561099514741,65.0765267414594,64.3612623465702,62.7501853404446,69.1548766339734,53.1497489961708,66.2748206668544,53.9141737589427,64.3847290817176,64.9303537386615,65.3631583676821,67.7749570911247,62.9840046467527,67.0865693843624,57.3105667438361,49.9878459674471,64.3873379411323,58.0502243798913,65.1527246123379,63.5948383893546,68.8239750259534,64.2731177892184,67.4293649350168,63.7157156086583,59.7066875110827
67.7286880554427,65.9400086870105,56.1496072470133,63.3158521094457,67.0188830283669,56.8438670991359,63.6561099514741,65.0765267414594,64.3612623465702,62.7501853404446,69.1548766339734,53.1497489961708,66.2748206668544,53.9141737589427,64.3847290817176,64.9303537386615,65.3631583676821,67.8827662911483,62.9840046467527,67.0865693843624,57.3105667438361,49.9878459674471,64.3873379411323,58.0502243798913,65.1527246123379,63.5948383893546,68.8239750259534,64.2731177892184,67.4293649350168,63.7157156086583,59.7066875110827
67.7286880554427,65.9400086870105,56.1496072470133,63.3158521094457,67.0188830283669,56.8438670991359,63.6561099514741,65.0765267414594,64.3612623465702,62.7501853404446,69.1548766339734,53.1497489961708,66.2748206668544,53.9141737589427,64.3847290817176,64.9303537386615,65.3631583676821,67.8827662911483,62.9840046467527,67.0865693843624,57.3105667438361,49.9878459674471,64.3873379411323,58.0502243798913,65.1527246123379,63.7149095477719,68.8239750259534,64.3238488098437,67.4293649350168,63.7919074962117,59.7066875110827
67.7286880554427,65.9400086870105,56.1496072470133,63.3158521094457,67.0188830283669,56.8438670991359,63.6561099514741,65.0765267414594,64.3612623465702,62.7501853404446,69.1548766339734,53.1497489961708,66.2748206668544,53.9141737589427,64.3847290817176,64.9303537386615,65.4650307684543,67.8827662911483,62.9895467338613,67.0865693843624,57.3882336988302,49.9878459674471,64.3873379411323,58.0502243798913,65.1527246123379,63.7149095477719,68.8239750259534,64.3238488098437,67.4293649350168,63.7919074962117,59.7066875110827
67.7286880554427,65.9400086870105,56.1496072470133,63.3158521094457,67.0188830283669,56.8438670991359,63.6561099514741,65.0765267414594,64.3612623465702,62.7501853404446,69.1548766339734,53.1497489961708,66.3576085041524,53.9185784347122,64.3847290817176,64.9303537386615,65.4650307684543,67.8827662911483,62.9895467338613,67.0865693843624,57.5472981730318,50.1424160634318,64.3873379411323,58.0502243798913,65.1527246123379,63.7149095477719,68.8239750259534,64.3238488098437,67.4293649350168,63.7919074962117,59.7066875110827
67.7286880554427,65.9400086870105,56.1496072470133,63.3158521094457,67.0188830283669,56.8438670991359,63.6561099514741,65.0765267414594,64.3612623465702,62.7501853404446,69.1548766339734,53.1497489961708,66.3576085041524,54.2418867415753,64.3847290817176,64.9303537386615,65.4650307684543,67.8827662911483,62.9895467338613,67.0865693843624,57.5472981730318,50.1424160634318,64.3873379411323,58.0502243798913,65.1527246123379,63.7149095477719,68.8239750259534,64.3238488098437,67.4293649350168,63.7919074962117,59.7066875110827
67.7286880554427,65.9400086870105,56.1496072470133,63.3158521094457,67.0188830283669,56.8438670991359,63.8308563202743,65.0765267414594,64.3612623465702,62.7501853404446,69.1548766339734,53.1497489961708,66.3576085041524,54.2418867415753,64.3847290817176,64.9303537386615,65.4650307684543,67.8827662911483,62.9895467338613,67.0865693843624,57.5472981730318,50.3639287818422,64.3873379411323,58.0502243798913,65.1527246123379,63.7149095477719,68.8239750259534,64.3238488098437,67.4832908442722,64.7393722182965,59.7066875110827
67.732773438823,66.0206546651057,56.1496072470133,63.3158521094457,67.0188830283669,56.8438670991359,63.8308563202743,65.0765267414594,64.3612623465702,62.7501853404446,69.1548766339734,53.1497489961708,66.3576085041524,54.2418867415753,64.3847290817176,64.9303537386615,65.493560041556,67.8827662911483,62.9895467338613,67.0865693843624,57.5472981730318,50.3639287818422,64.3873379411323,58.0502243798913,65.1527246123379,63.7149095477719,68.8239750259534,64.3238488098437,67.4832908442722,64.7393722182965,59.7066875110827
67.732773438823,66.0206546651057,56.1496072470133,63.3158521094457,67.0188830283669,56.8438670991359,63.8308563202743,65.0765267414594,64.3612623465702,62.7501853404446,69.1819612645866,53.2051107090276,66.3576085041524,54.2418867415753,64.3847290817176,64.9303537386615,65.493560041556,67.8827662911483,62.9895467338613,67.0865693843624,57.5472981730318,50.3639287818422,64.3873379411323,58.0502243798913,65.1527246123379,63.7917671484094,68.8239750259534,64.3752842022879,67.4832908442722,64.7393722182965,59.7066875110827
67.732773438823,66.0206546651057,56.1496072470133,63.3158521094457,67.0188830283669,56.8438670991359,63.8308563202743,65.0765267414594,64.3612623465702,62.7501853404446,69.1819612645866,53.2051107090276,67.0188991505676,54.2418867415753,64.7237816208693,64.9303537386615,65.493560041556,67.8827662911483,62.9895467338613,67.0865693843624,57.5472981730318,50.3639287818422,64.3873379411323,58.0502243798913,65.1527246123379,63.7917671484094,68.8239750259534,64.3752842022879,67.4832908442722,64.7393722182965,59.7066875110827
67.732773438823,66.0206546651057,56.1496072470133,63.3158521094457,67.0188830283669,56.8438670991359,63.8308563202743,65.0765267414594,64.3612623465702,62.7501853404446,69.1819612645866,53.2051107090276,67.0188991505676,54.2418867415753,64.7237816208693,64.9303537386615,65.493560041556,67.8827662911483,62.9895467338613,67.2135727473087,57.5472981730318,50.3639287818422,64.3873379411323,58.0502243798913,65.1527246123379,63.7917671484094,68.8312616603906,64.3752842022879,67.4832908442722,64.7393722182965,59.7066875110827
67.732773438823,66.0206546651057,56.1496072470133,63.3158521094457,67.0188830283669,56.8438670991359,63.8308563202743,65.0765267414594,64.3612623465702,62.9036558955563,69.1819612645866,53.2051107090276,67.0188991505676,54.2418867415753,64.7237816208693,64.9303537386615,65.493560041556,67.8827662911483,62.9895467338613,67.2135727473087,57.5472981730318,50.3639287818422,64.3873379411323,58.0502243798913,65.1527246123379,63.7917671484094,68.8312616603906,64.3752842022879,67.4832908442722,64.7393722182965,59.7066875110827
67.768695528355,66.0206546651057,56.1496072470133,63.3158521094457,67.0188830283669,56.8438670991359,63.8308563202743,65.0765267414594,64.3612623465702,62.9036558955563,69.1819612645866,53.2051107090276,67.0188991505676,54.2418867415753,64.7237816208693,64.9303537386615,65.493560041556,67.8827662911483,62.9895467338613,67.2135727473087,57.5472981730318,50.3639287818422,64.3873379411323,58.0502243798913,65.1765017350109,63.7917671484094,68.8312616603906,64.3752842022879,67.4832908442722,64.7393722182965,59.7066875110827
67.768695528355,66.2030897598458,56.1496072470133,63.3158521094457,67.0188830283669,56.8438670991359,63.8308563202743,65.0765267414594,64.3612623465702,62.9036558955563,69.1819612645866,53.2051107090276,67.0188991505676,54.2418867415753,64.7237816208693,64.9730344040077,65.493560041556,67.8827662911483,62.9895467338613,67.2135727473087,57.5472981730318,50.3639287818422,64.3873379411323,58.0502243798913,65.1765017350109,63.7917671484094,68.8312616603906,64.3832795228886,67.4832908442722,64.7393722182965,59.7438720149347
67.768695528355,66.2030897598458,56.1496072470133,63.3158521094457,67.0188830283669,56.8438670991359,63.8308563202743,65.0765267414594,64.3612623465702,62.9036558955563,69.1819612645866,53.2051107090276,67.0188991505676,54.2418867415753,64.7237816208693,64.9730344040077,65.493560041556,67.9818071862522,62.9895467338613,67.2135727473087,57.5472981730318,50.3639287818422,64.3873379411323,58.0502243798913,65.1765017350109,63.7917671484094,68.8312616603906,64.3832795228886,67.4832908442722,64.7393722182965,59.7438720149347
67.768695528355,66.2030897598458,56.1496072470133,63.3158521094457,67.0188830283669,56.8438670991359,63.8308563202743,65.2270534802495,64.3612623465702,62.9036558955563,69.3286469541043,53.2051107090276,67.0188991505676,54.2418867415753,64.737894682847,64.9730344040077,65.493560041556,67.9818071862522,62.9895467338613,67.2135727473087,57.5472981730318,50.3639287818422,64.3873379411323,58.1051161440265,65.1765017350109,63.7917671484094,68.8312616603906,64.3832795228886,67.4832908442722,64.7393722182965,59.7438720149347
67.768695528355,66.2030897598458,56.1496072470133,63.3158521094457,67.0188830283669,56.8438670991359,63.9549062402863,65.2270534802495,64.3612623465702,62.9036558955563,69.3286469541043,53.2051107090276,67.0188991505676,54.2418867415753,64.737894682847,65.2051450845431,65.493560041556,67.9818071862522,62.9895467338613,67.2135727473087,57.5472981730318,50.3639287818422,64.3873379411323,58.1051161440265,65.1765017350109,63.7917671484094,68.8312616603906,64.3832795228886,67.4832908442722,64.7393722182965,59.7438720149347
67.768695528355,66.2030897598458,56.1496072470133,63.3158521094457,67.0188830283669,56.8438670991359,64.1434737394585,65.2270534802495,64.3612623465702,62.9036558955563,69.3286469541043,53.2051107090276,67.0188991505676,54.2418867415753,64.737894682847,65.2051450845431,65.5470973959058,67.9818071862522,62.9895467338613,67.2135727473087,57.5472981730318,50.3639287818422,64.3873379411323,58.1051161440265,65.1765017350109,63.7917671484094,68.8312616603906,64.3832795228886,67.4832908442722,64.7393722182965,59.7438720149347
67.8209878003278,66.2030897598458,56.1496072470133,63.3158521094457,67.0188830283669,61.1037403693869,64.1434737394585,65.2270534802495,64.3612623465702,62.9036558955563,69.3286469541043,53.2051107090276,67.0188991505676,54.2418867415753,64.737894682847,65.2051450845431,65.5470973959058,67.9818071862522,63.2477215166243,67.2135727473087,57.5472981730318,50.3639287818422,64.3873379411323,58.1051161440265,65.1765017350109,63.7917671484094,68.8312616603906,64.3832795228886,67.4832908442722,64.7393722182965,59.7438720149347
67.8209878003278,66.2030897598458,56.2035409069462,63.3158521094457,67.0477136926678,61.1037403693869,64.1434737394585,65.2270534802495,64.3612623465702,62.9036558955563,69.3286469541043,53.2051107090276,67.0188991505676,54.2418867415753,64.737894682847,65.2051450845431,65.5470973959058,67.9818071862522,63.2477215166243,67.2135727473087,57.5574896281348,50.3639287818422,64.3873379411323,58.1051161440265,65.1765017350109,63.7917671484094,68.8312616603906,64.3832795228886,67.5359672546929,64.7393722182965,59.7438720149347
67.8209878003278,66.2030897598458,56.2035409069462,63.3158521094457,67.0477136926678,61.1037403693869,64.1434737394585,65.2270534802495,64.3612623465702,63.530853250191,69.3286469541043,53.2051107090276,67.0188991505676,54.2418867415753,64.737894682847,65.2051450845431,65.5470973959058,67.9818071862522,63.2477215166243,67.2135727473087,57.5574896281348,50.3639287818422,64.3873379411323,58.1051161440265,65.3007975479652,63.7917671484094,68.8312616603906,64.3832795228886,67.6073990266395,64.7393722182965,59.7438720149347
67.8209878003278,66.2030897598458,56.2035409069462,63.3158521094457,67.0477136926678,61.1037403693869,64.1434737394585,65.2270534802495,64.3612623465702,63.530853250191,69.3286469541043,53.2051107090276,67.0188991505676,54.2418867415753,64.8780237497333,65.2051450845431,65.5470973959058,67.9818071862522,63.2477215166243,67.2135727473087,57.5574896281348,50.3639287818422,64.3873379411323,58.1051161440265,65.3007975479652,63.7917671484094,68.8312616603906,64.3832795228886,67.6073990266395,64.7393722182965,59.7438720149347
67.8209878003278,66.2030897598458,56.2035409069462,63.3158521094457,67.0477136926678,61.1037403693869,64.1434737394585,65.2270534802495,64.3612623465702,63.530853250191,69.3286469541043,53.2051107090276,67.0188991505676,54.2418867415753,64.8780237497333,65.2051450845431,65.5470973959058,67.9818071862522,63.2477215166243,67.2135727473087,57.5574896281348,50.3639287818422,64.3873379411323,58.239291780785,65.3007975479652,63.7917671484094,68.8312616603906,64.3832795228886,67.6073990266395,64.7393722182965,59.7438720149347
67.8410938747394,66.2030897598458,56.2035409069462,63.3158521094457,67.0477136926678,61.1037403693869,64.1434737394585,65.2270534802495,64.3612623465702,63.530853250191,69.3286469541043,53.2051107090276,67.0188991505676,54.2418867415753,64.8780237497333,65.2051450845431,65.5470973959058,67.9818071862522,63.2477215166243,67.2135727473087,57.5574896281348,50.3639287818422,64.3873379411323,58.239291780785,65.3007975479652,63.7917671484094,68.8312616603906,64.3832795228886,67.6073990266395,64.7393722182965,59.7438720149347
67.8496719063927,66.2030897598458,56.2035409069462,63.5332569999204,67.0477136926678,61.1037403693869,64.1434737394585,65.2270534802495,64.3612623465702,63.530853250191,69.3286469541043,53.2051107090276,67.0188991505676,54.2418867415753,64.8780237497333,65.2051450845431,65.5470973959058,67.9818071862522,63.2477215166243,67.2396109820407,57.5610359008664,50.3639287818422,64.3873379411323,58.239291780785,65.3007975479652,63.7917671484094,68.8312616603906,64.3832795228886,67.6073990266395,64.7393722182965,59.7438720149347
67.8496719063927,66.2030897598458,56.2035409069462,63.5332569999204,67.0477136926678,61.1408214806951,64.156078829604,65.2270534802495,64.3612623465702,63.530853250191,69.3286469541043,53.2051107090276,67.0188991505676,54.2418867415753,64.8780237497333,65.2051450845431,65.5470973959058,67.9818071862522,63.2477215166243,67.2396109820407,57.5610359008664,50.3639287818422,64.3873379411323,58.239291780785,65.3007975479652,63.7917671484094,68.8312616603906,64.3832795228886,67.6073990266395,65.5314220521196,59.7438720149347
67.8496719063927,66.2030897598458,56.2035409069462,63.5332569999204,67.0477136926678,61.1408214806951,64.156078829604,65.2270534802495,64.3612623465702,63.530853250191,69.3505962588304,53.2051107090276,67.0188991505676,54.2418867415753,64.8780237497333,65.2051450845431,65.5470973959058,67.9818071862522,63.2477215166243,67.2396109820407,57.5610359008664,50.3821647232633,64.3873379411323,58.239291780785,65.3007975479652,63.7917671484094,68.8312616603906,64.3832795228886,67.7630890938642,65.5314220521196,59.7438720149347
67.8496719063927,66.2030897598458,56.2035409069462,63.5332569999204,67.0477136926678,61.1408214806951,64.156078829604,65.2270534802495,64.3612623465702,63.530853250191,69.3505962588304,53.2051107090276,67.0188991505676,54.2418867415753,64.8780237497333,65.2051450845431,65.5470973959058,68.0941745912631,63.2477215166243,67.2396109820407,57.5610359008664,50.3821647232633,64.3873379411323,58.239291780785,65.3007975479652,63.7917671484094,68.8312616603906,64.3832795228886,67.7630890938642,65.5314220521196,59.7438720149347
67.8496719063927,66.2030897598458,56.2035409069462,63.5332569999204,67.0477136926678,61.1408214806951,64.156078829604,65.2270534802495,64.3612623465702,63.530853250191,69.3505962588304,53.2051107090276,67.0188991505676,54.2418867415753,64.8780237497333,65.2051450845431,65.5470973959058,68.0941745912631,63.2477215166243,67.2396109820407,57.5610359008664,50.3821647232633,64.3873379411323,58.239291780785,65.3007975479652,63.7917671484094,68.8312616603906,64.3832795228886,67.7630890938642,65.5314220521196,59.8420558157871
67.8496719063927,66.2030897598458,56.2035409069462,63.5332569999204,67.0477136926678,61.1408214806951,64.156078829604,65.2270534802495,64.3612623465702,63.8385213258005,69.3505962588304,53.2051107090276,67.0188991505676,54.2418867415753,64.8780237497333,65.2051450845431,65.5470973959058,68.0941745912631,63.2477215166243,67.2396109820407,57.5909116253237,50.3821647232633,64.3873379411323,58.239291780785,65.3007975479652,63.7917671484094,68.8312616603906,64.3832795228886,67.7630890938642,65.5314220521196,59.8420558157871
67.8496719063927,66.2030897598458,56.2184486852061,63.5332569999204,67.0477136926678,61.1408214806951,64.156078829604,65.2270534802495,64.3612623465702,63.8385213258005,69.3505962588304,53.2051107090276,67.0188991505676,54.2418867415753,64.8780237497333,65.2051450845431,65.5470973959058,68.0941745912631,63.2477215166243,67.2396109820407,57.5909116253237,50.3821647232633,64.3873379411323,58.239291780785,65.3007975479652,63.7917671484094,68.8312616603906,64.3832795228886,67.7630890938642,65.5314220521196,59.8420558157871
67.8496719063927,66.2030897598458,56.2184486852061,63.5332569999204,67.0477136926678,61.1408214806951,64.156078829604,65.500264904165,64.3612623465702,63.8385213258005,69.3505962588304,53.2051107090276,67.0188991505676,54.2418867415753,64.8780237497333,65.2051450845431,65.6234138267965,68.0941745912631,63.3521234019513,67.2396109820407,57.5909116253237,50.3821647232633,64.3873379411323,58.239291780785,65.3007975479652,63.7917671484094,68.8312616603906,64.3832795228886,67.7630890938642,65.5314220521196,59.8420558157871
67.8496719063927,66.5818991400083,56.2184486852061,63.5585001981401,67.0477136926678,61.1408214806951,64.156078829604,65.500264904165,64.3612623465702,63.8385213258005,69.3505962588304,53.2051107090276,67.0188991505676,54.309622817382,64.8780237497333,65.2051450845431,65.6234138267965,68.0941745912631,63.3521234019513,67.2396109820407,57.5909116253237,50.5708561103316,64.3873379411323,58.239291780785,65.3007975479652,63.7917671484094,68.8402900133557,64.3832795228886,67.7630890938642,65.5314220521196,59.8420558157871
67.8496719063927,66.5818991400083,56.2184486852061,63.5585001981401,67.0477136926678,61.1408214806951,64.156078829604,65.500264904165,64.3612623465702,63.8385213258005,69.3505962588304,53.2051107090276,67.0188991505676,54.309622817382,64.8780237497333,65.2051450845431,65.6234138267965,68.0941745912631,63.3521234019513,67.2396109820407,57.5909116253237,52.4584509585804,64.3873379411323,58.239291780785,65.3007975479652,63.7917671484094,68.8811637071421,64.3832795228886,67.7630890938642,65.5314220521196,59.8420558157871
67.8496719063927,66.5818991400083,56.2184486852061,63.5585001981401,67.0477136926678,61.1408214806951,64.156078829604,65.500264904165,64.3612623465702,63.8385213258005,69.3505962588304,53.2051107090276,67.0188991505676,54.309622817382,64.8780237497333,65.2051450845431,65.6234138267965,68.0941745912631,63.3521234019513,67.2396109820407,57.5909116253237,52.4584509585804,64.3873379411323,58.239291780785,65.3007975479652,63.7917671484094,68.8811637071421,64.3832795228886,67.7630890938642,65.5314220521196,60.029224570983
67.8496719063927,66.5818991400083,56.2619060088918,63.5585001981401,67.0477136926678,61.1408214806951,64.156078829604,65.500264904165,64.3796417608598,63.8385213258005,69.3505962588304,53.2051107090276,67.0188991505676,54.6300374031135,64.8780237497333,65.2051450845431,65.6364373526639,68.0941745912631,63.3521234019513,67.2396109820407,57.5909116253237,52.4584509585804,64.3873379411323,58.239291780785,65.3007975479652,63.7917671484094,68.8811637071421,64.3832795228886,67.7630890938642,65.5314220521196,60.029224570983
67.8496719063927,66.5818991400083,56.2619060088918,63.5585001981401,67.0477136926678,61.1408214806951,64.156078829604,65.500264904165,64.3796417608598,63.8385213258005,69.3505962588304,53.2051107090276,67.0188991505676,54.6300374031135,64.8780237497333,65.2051450845431,65.6364373526639,68.0941745912631,63.3521234019513,67.2396109820407,57.5909116253237,52.4584509585804,64.3873379411323,58.239291780785,65.3007975479652,63.7917671484094,68.8811637071421,64.3832795228886,67.7630890938642,65.5314220521196,60.029224570983
67.8496719063927,66.5818991400083,56.2619060088918,63.5585001981401,67.0952029745042,61.1408214806951,64.156078829604,65.500264904165,64.3796417608598,63.8385213258005,69.4129137742319,53.2051107090276,67.0188991505676,54.6300374031135,64.8780237497333,65.2051450845431,65.6364373526639,68.0941745912631,63.3521234019513,67.2890401664304,57.5909116253237,52.4584509585804,64.4700842533026,58.239291780785,65.3799817040216,63.7917671484094,68.8811637071421,64.3973473821612,67.7630890938642,65.5314220521196,60.029224570983
67.8496719063927,66.5818991400083,56.2619060088918,63.5585001981401,67.0952029745042,61.1408214806951,64.156078829604,65.500264904165,64.3796417608598,63.8385213258005,69.4129137742319,53.2051107090276,67.0188991505676,54.6300374031135,64.8780237497333,65.2051450845431,65.6364373526639,68.0941745912631,63.471599782461,67.2890401664304,57.5909116253237,52.4584509585804,64.4700842533026,58.239291780785,65.3799817040216,63.8316557679786,68.8811637071421,64.3973473821612,67.7630890938642,65.5314220521196,60.029224570983
67.8496719063927,66.5818991400083,56.2619060088918,63.5585001981401,67.0952029745042,61.1408214806951,64.156078829604,65.6479411681929,64.3796417608598,63.8385213258005,69.4129137742319,53.2051107090276,67.0188991505676,54.6300374031135,64.8780237497333,65.2051450845431,65.6364373526639,68.0941745912631,63.471599782461,67.2890401664304,57.6010197371735,52.4584509585804,64.4700842533026,58.239291780785,65.3799817040216,63.8316557679786,68.8811637071421,64.3973473821612,67.7630890938642,65.5314220521196,60.029224570983
67.8496719063927,66.5818991400083,56.2628455997572,63.5812820281551,67.0952029745042,61.1408214806951,64.156078829604,65.6479411681929,64.3796417608598,63.8385213258005,69.4129137742319,53.2051107090276,67.0188991505676,54.6300374031135,64.8780237497333,65.2051450845431,65.711692356664,68.0941745912631,63.471599782461,67.2890401664304,57.6010197371735,52.4584509585804,64.4700842533026,58.239291780785,65.3799817040216,63.8316557679786,68.8811637071421,64.3973473821612,67.7630890938642,65.5314220521196,60.029224570983
67.8496719063927,66.5818991400083,56.2628455997572,63.5812820281551,67.0952029745042,61.1408214806951,64.2507879450059,65.6479411681929,64.3796417608598,64.0368394538434,69.4129137742319,53.2876759706101,67.0188991505676,54.6300374031135,64.8780237497333,65.2051450845431,65.711692356664,68.0941745912631,63.471599782461,67.2890401664304,57.6010197371735,52.4584509585804,64.4700842533026,58.239291780785,65.3799817040216,63.8316557679786,68.8811637071421,64.3973473821612,67.7630890938642,65.5314220521196,60.029224570983
67.8496719063927,66.5818991400083,56.2628455997572,63.5812820281551,67.0952029745042,61.1408214806951,64.2507879450059,65.6479411681929,64.3796417608598,64.0368394538434,69.4129137742319,53.2876759706101,67.0188991505676,54.6300374031135,64.8780237497333,65.2051450845431,65.711692356664,68.0941745912631,63.471599782461,67.2890401664304,57.6010197371735,52.4584509585804,64.4700842533026,58.239291780785,65.3799817040216,63.8316557679786,68.8811637071421,64.3973473821612,67.7630890938642,65.5314220521196,60.029224570983
67.8496719063927,66.5818991400083,56.2628455997572,63.5812820281551,67.0952029745042,61.1408214806951,64.2507879450059,65.6479411681929,64.4514938951833,64.0368394538434,69.4258613975607,53.2876759706101,67.0188991505676,54.6300374031135,64.8780237497333,65.2051450845431,65.711692356664,68.0941745912631,63.471599782461,67.2890401664304,57.6010197371735,52.4584509585804,64.4700842533026,58.239291780785,65.4209853928263,63.8316557679786,68.8811637071421,64.3973473821612,67.7630890938642,65.5314220521196,60.029224570983
67.8496719063927,66.5818991400083,56.2628455997572,63.5812820281551,67.0952029745042,61.1408214806951,64.2507879450059,65.6479411681929,64.4514938951833,64.0368394538434,69.4258613975607,53.2876759706101,67.0188991505676,54.6300374031135,64.8780237497333,65.2051450845431,65.711692356664,68.0941745912631,63.471599782461,67.3353602886236,57.6010197371735,52.4584509585804,64.4700842533026,58.239291780785,65.4209853928263,63.8316557679786,68.8811637071421,64.3973473821612,67.7630890938642,65.5314220521196,60.029224570983
68.1036024798029,66.5818991400083,56.2628455997572,63.5812820281551,67.0952029745042,61.1408214806951,64.2507879450059,65.6479411681929,64.4514938951833,64.0368394538434,69.4258613975607,53.2876759706101,67.0188991505676,54.6300374031135,64.8780237497333,65.2051450845431,65.711692356664,68.0941745912631,63.471599782461,67.3353602886236,57.6010197371735,52.4584509585804,64.4700842533026,58.239291780785,65.4209853928263,63.8316557679786,68.8811637071421,64.3973473821612,67.7630890938642,65.5314220521196,60.029224570983
68.1036024798029,66.7059170906806,56.292516980464,63.5812820281551,67.0952029745042,61.1408214806951,64.2507879450059,65.6479411681929,64.4514938951833,64.0368394538434,69.4258613975607,53.2876759706101,67.0188991505676,54.6300374031135,64.8780237497333,65.2051450845431,65.711692356664,68.0941745912631,63.5289770664271,67.3353602886236,57.6010197371735,52.4584509585804,64.4700842533026,58.239291780785,65.4209853928263,63.8316557679786,68.8811637071421,64.3973473821612,67.7630890938642,65.5314220521196,60.029224570983
68.1036024798029,66.7059170906806,56.292516980464,63.5812820281551,67.0952029745042,61.1408214806951,64.2507879450059,65.6479411681929,64.4514938951833,64.0368394538434,69.4258613975607,53.2876759706101,67.0188991505676,54.6300374031135,64.8780237497333,65.2051450845431,65.711692356664,68.0941745912631,63.5289770664271,67.3353602886236,57.6010197371735,52.4584509585804,64.4700842533026,58.2761036256983,65.4209853928263,63.8316557679786,68.8811637071421,64.4399111543734,67.7630890938642,65.8916668902785,60.029224570983
68.1036024798029,66.7059170906806,56.292516980464,63.5812820281551,67.0952029745042,61.5663931861656,64.2507879450059,65.6479411681929,64.4514938951833,64.0368394538434,69.4258613975607,53.2876759706101,67.0188991505676,54.6300374031135,64.8780237497333,65.2051450845431,65.711692356664,68.0941745912631,63.5289770664271,67.3353602886236,57.6010197371735,52.4584509585804,64.4700842533026,58.2761036256983,65.4209853928263,63.8316557679786,68.8811637071421,64.4399111543734,67.7630890938642,65.8916668902785,60.029224570983
68.1036024798029,66.7059170906806,56.292516980464,63.5812820281551,67.0952029745042,61.5663931861656,64.2507879450059,65.6479411681929,64.4514938951833,64.0368394538434,69.4531457640809,53.2876759706101,67.0188991505676,54.6300374031135,64.8780237497333,65.2051450845431,65.7785878092621,68.0941745912631,63.5289770664271,67.3353602886236,57.6010197371735,52.4584509585804,64.6082731532797,58.2761036256983,65.4391124501855,63.8316557679786,68.8811637071421,64.4399111543734,67.7630890938642,65.8916668902785,60.029224570983
68.1036024798029,66.7059170906806,56.292516980464,63.5812820281551,67.1368137081224,61.5663931861656,64.2507879450059,65.6479411681929,64.4514938951833,64.0368394538434,69.4531457640809,53.2876759706101,67.0188991505676,54.6300374031135,64.8780237497333,65.2051450845431,65.7785878092621,68.0941745912631,63.5289770664271,67.3353602886236,57.6010197371735,53.9174857904972,64.6082731532797,58.2761036256983,65.4391124501855,63.8316557679786,68.8811637071421,64.4399111543734,67.7630890938642,65.8916668902785,60.029224570983
68.1036024798029,66.7059170906806,56.2980867630458,63.5812820281551,67.2300368340075,61.5663931861656,64.2507879450059,65.6479411681929,64.4514938951833,64.0368394538434,69.4531457640809,53.2876759706101,67.0188991505676,55.1886019636401,64.8780237497333,65.2051450845431,65.7785878092621,68.0941745912631,63.5289770664271,67.3828555511788,57.6010197371735,53.9174857904972,64.6082731532797,58.2761036256983,65.4391124501855,63.8952521071193,68.8811637071421,64.4399111543734,67.7630890938642,65.8916668902785,60.029224570983
68.1036024798029,66.7059170906806,56.2980867630458,63.5812820281551,67.2300368340075,61.5663931861656,64.2507879450059,65.6479411681929,64.4514938951833,64.4985227110401,69.4531457640809,53.2876759706101,67.0188991505676,55.9303004891422,64.8780237497333,65.2051450845431,65.7785878092621,68.0941745912631,63.5289770664271,67.3828555511788,57.6010197371735,53.9174857904972,64.6082731532797,58.3809597754291,65.4391124501855,63.8952521071193,68.8811637071421,64.4399111543734,67.7630890938642,65.8916668902785,60.029224570983
68.1578248425245,66.7813403537579,56.2980867630458,63.5812820281551,67.2300368340075,61.5663931861656,64.2507879450059,65.6479411681929,64.4514938951833,64.8225938301348,69.4906339169165,53.2876759706101,67.0188991505676,55.9303004891422,64.8780237497333,65.3368342125595,65.7785878092621,68.0941745912631,63.5289770664271,67.3828555511788,57.6010197371735,53.9174857904972,64.6082731532797,58.3809597754291,65.4391124501855,63.8952521071193,68.8811637071421,64.4399111543734,67.8129206409931,65.8916668902785,60.029224570983
68.1853739224184,66.7813403537579,56.2980867630458,63.5812820281551,67.2300368340075,61.5663931861656,64.2507879450059,65.6479411681929,64.4514938951833,64.8225938301348,69.4906339169165,53.2876759706101,67.0188991505676,55.9303004891422,64.8780237497333,65.3368342125595,65.8722970698847,68.2247121034764,63.5289770664271,67.3828555511788,57.6010197371735,53.9174857904972,64.6082731532797,58.3809597754291,65.4391124501855,63.8952521071193,68.8811637071421,64.4399111543734,67.8129206409931,65.8916668902785,60.029224570983
68.1853739224184,66.7813403537579,56.2980867630458,63.5812820281551,67.2300368340075,61.5663931861656,64.2507879450059,65.6479411681929,64.4514938951833,64.8225938301348,69.4906339169165,53.2876759706101,67.0188991505676,55.9303004891422,64.8780237497333,65.3368342125595,65.8722970698847,68.2247121034764,63.5289770664271,67.3828555511788,57.6010197371735,53.9174857904972,64.6082731532797,58.3809597754291,65.4743238068696,63.8952521071193,68.8811637071421,64.4399111543734,67.8129206409931,65.8916668902785,60.029224570983
68.1853739224184,66.7813403537579,56.2980867630458,63.5812820281551,67.2300368340075,61.5663931861656,64.2507879450059,65.6479411681929,64.4514938951833,64.8225938301348,69.4906339169165,53.2876759706101,67.0188991505676,55.9303004891422,64.8780237497333,65.3368342125595,65.8722970698847,68.2247121034764,63.5289770664271,67.3828555511788,57.6010197371735,53.9174857904972,64.631973019537,58.3809597754291,65.4743238068696,63.8952521071193,68.9149081692936,64.4399111543734,67.8129206409931,65.8916668902785,60.029224570983
68.1853739224184,66.7813403537579,56.3024177744913,63.5812820281551,67.4733761268076,61.5663931861656,64.2507879450059,65.6479411681929,64.4514938951833,64.8225938301348,69.4906339169165,53.2876759706101,67.0188991505676,55.9303004891422,64.8780237497333,65.3368342125595,65.8722970698847,68.2247121034764,63.5289770664271,67.3828555511788,57.6010197371735,53.9174857904972,64.631973019537,58.3809597754291,65.4743238068696,63.9307789975339,68.9149081692936,64.4612667418008,67.8129206409931,65.8916668902785,60.029224570983
68.1853739224184,66.7813403537579,56.3024177744913,63.5812820281551,67.4733761268076,61.5663931861656,64.2507879450059,65.6479411681929,64.4514938951833,64.9492005741329,69.4906339169165,53.2876759706101,67.0188991505676,55.9303004891422,64.9831737007694,65.3368342125595,65.8722970698847,68.2247121034764,63.5289770664271,67.3828555511788,57.6010197371735,53.9174857904972,64.631973019537,58.5395224953405,65.4743238068696,63.9726725067686,68.9149081692936,64.4612667418008,67.8129206409931,65.8916668902785,60.029224570983
68.1853739224184,66.8371153539333,56.3024177744913,63.5812820281551,67.4733761268076,61.5663931861656,64.2507879450059,65.6479411681929,64.5035853652354,64.9492005741329,69.4906339169165,53.2876759706101,67.0188991505676,56.132216366862,64.9831737007694,65.3368342125595,65.8722970698847,68.2247121034764,63.5289770664271,67.3828555511788,57.6010197371735,53.9174857904972,64.9449497556191,58.5395224953405,65.4743238068696,63.9726725067686,68.9149081692936,64.4612667418008,67.8129206409931,65.8916668902785,60.029224570983
68.1853739224184,66.8371153539333,56.3024177744913,63.5812820281551,67.4733761268076,61.5663931861656,64.2507879450059,65.6479411681929,64.5035853652354,64.9492005741329,69.4906339169165,53.2876759706101,67.0188991505676,56.132216366862,64.9831737007694,65.3368342125595,65.8731720347332,68.2247121034764,63.5289770664271,67.3828555511788,57.6010197371735,53.9174857904972,64.9449497556191,58.5395224953405,65.536040701286,63.9726725067686,68.9149081692936,64.4612667418008,67.8525401871257,65.8916668902785,60.029224570983
68.1853739224184,66.8371153539333,56.3024177744913,63.5812820281551,67.4733761268076,61.5663931861656,64.2507879450059,65.6479411681929,64.5035853652354,64.9492005741329,69.4906339169165,53.2876759706101,67.0188991505676,56.132216366862,64.9831737007694,65.3368342125595,65.8731720347332,68.2247121034764,63.5289770664271,67.3828555511788,57.6010197371735,54.6099561024673,64.9449497556191,58.5395224953405,65.5388225268975,63.9726725067686,68.9149081692936,64.4612667418008,67.8525401871257,65.8916668902785,60.029224570983
68.4614726734385,66.8371153539333,56.3142153720937,63.5812820281551,67.4733761268076,61.5663931861656,64.2507879450059,65.6479411681929,64.5035853652354,64.9492005741329,69.4906339169165,53.2876759706101,67.0188991505676,56.132216366862,64.9831737007694,65.3368342125595,65.8731720347332,68.2247121034764,63.5289770664271,67.3828555511788,57.6010197371735,54.6099561024673,64.9449497556191,58.5395224953405,65.5388225268975,63.9726725067686,68.9149081692936,64.4612667418008,67.8525401871257,65.919950922318,60.2122297641177
68.4614726734385,66.8371153539333,56.3142153720937,63.5812820281551,67.5832247352708,61.5663931861656,64.2507879450059,65.6479411681929,64.5035853652354,64.9492005741329,69.4906339169165,53.431877265919,67.0188991505676,56.132216366862,64.9831737007694,65.3368342125595,65.8731720347332,68.2247121034764,63.5289770664271,67.3828555511788,57.6010197371735,54.6099561024673,64.9449497556191,58.7028145465545,65.5388225268975,63.9726725067686,68.9149081692936,64.4612667418008,67.8525401871257,65.919950922318,60.2122297641177
68.4614726734385,66.8371153539333,56.3142153720937,63.5812820281551,67.5832247352708,61.5663931861656,64.2507879450059,65.6479411681929,64.5035853652354,64.9492005741329,69.4906339169165,53.431877265919,67.0188991505676,56.132216366862,64.9831737007694,65.3368342125595,65.8731720347332,68.2247121034764,63.5289770664271,67.3828555511788,57.6080652749572,54.6099561024673,64.9449497556191,58.7028145465545,65.5388225268975,64.0429088532432,68.9149081692936,64.4612667418008,67.8525401871257,65.919950922318,60.2122297641177
68.4614726734385,67.014837695981,56.3142153720937,63.5812820281551,67.5832247352708,61.5663931861656,64.5276901542146,65.6479411681929,64.5035853652354,64.9492005741329,69.4906339169165,53.431877265919,67.0188991505676,56.132216366862,64.9831737007694,65.3368342125595,65.8731720347332,68.2247121034764,63.5289770664271,67.4031038602456,57.6080652749572,54.6099561024673,64.9449497556191,58.7028145465545,65.5388225268975,64.0429088532432,68.9149081692936,64.4612667418008,67.8525401871257,65.919950922318,60.2122297641177
68.4614726734385,67.014837695981,56.3142153720937,63.5812820281551,67.5832247352708,61.5663931861656,64.5276901542146,65.6479411681929,64.5035853652354,65.1421239276807,69.5005485447899,53.431877265919,67.0188991505676,56.9224284133458,64.9831737007694,65.3368342125595,65.8731720347332,68.2247121034764,63.5289770664271,67.4134031109409,57.6080652749572,54.6099561024673,64.9449497556191,58.7028145465545,65.5388225268975,64.0429088532432,68.9149081692936,64.4612667418008,67.8525401871257,65.919950922318,60.2122297641177
68.4614726734385,67.014837695981,56.3142153720937,63.5812820281551,67.5832247352708,61.5663931861656,64.5276901542146,65.6479411681929,64.539210437216,65.1421239276807,69.5005485447899,53.431877265919,67.0188991505676,56.9224284133458,64.9831737007694,65.3368342125595,65.8731720347332,68.2247121034764,63.5289770664271,67.4134031109409,57.6080652749572,54.6099561024673,64.9449497556191,58.7028145465545,65.5388225268975,64.0429088532432,68.9149081692936,64.4612667418008,67.8525401871257,65.919950922318,60.2122297641177
68.4614726734385,67.014837695981,56.3142153720937,63.5812820281551,67.5832247352708,61.5663931861656,64.5276901542146,65.6479411681929,64.539210437216,65.1421239276807,69.5005485447899,53.431877265919,67.0188991505676,56.9224284133458,64.9831737007694,65.3368342125595,65.8731720347332,68.2247121034764,63.5289770664271,67.4134031109409,57.6080652749572,54.6099561024673,64.9449497556191,58.7028145465545,65.5388225268975,64.0429088532432,68.9149081692936,64.4612667418008,67.8525401871257,66.0648248156879,60.2122297641177
68.4614726734385,67.014837695981,56.3142153720937,63.5812820281551,67.5832247352708,61.5663931861656,64.5276901542146,65.6479411681929,64.539210437216,65.1421239276807,69.5005485447899,53.431877265919,67.0188991505676,56.9224284133458,64.9831737007694,65.5388858746386,65.8731720347332,68.2247121034764,63.5289770664271,67.4134031109409,57.6112440276621,54.6099561024673,65.4031693526778,58.7028145465545,65.5535276063082,64.0429088532432,68.9149081692936,64.4612667418008,67.8525401871257,66.0831612329354,60.2122297641177
68.4614726734385,67.014837695981,56.3142153720937,63.5812820281551,67.5832247352708,61.5663931861656,64.5276901542146,65.6479411681929,64.539210437216,65.1421239276807,69.5005485447899,53.431877265919,67.0188991505676,56.9224284133458,64.9831737007694,65.5388858746386,65.8731720347332,68.2247121034764,63.5289770664271,67.4134031109409,57.6112440276621,54.6099561024673,65.4031693526778,58.7028145465545,65.5535276063082,64.0429088532432,68.9171834143584,64.4612667418008,67.8525401871257,66.0831612329354,60.2122297641177
68.4725289060289,67.014837695981,56.3142153720937,63.5812820281551,67.5832247352708,61.5663931861656,64.5276901542146,65.6479411681929,64.539210437216,65.1421239276807,69.5029559930005,53.431877265919,67.1585159259636,56.9224284133458,64.9831737007694,65.5388858746386,65.8731720347332,68.2247121034764,63.5289770664271,67.4134031109409,57.6112440276621,54.6099561024673,65.4031693526778,58.7028145465545,65.5535276063082,64.0429088532432,68.9171834143584,64.4612667418008,67.8525401871257,66.0831612329354,60.2122297641177
68.4725289060289,67.014837695981,56.3142153720937,63.5812820281551,67.5832247352708,61.5663931861656,64.5276901542146,65.6479411681929,64.539210437216,65.1421239276807,69.5029559930005,53.431877265919,67.1585159259636,56.9224284133458,64.9831737007694,65.5388858746386,65.8731720347332,68.2247121034764,63.5289770664271,67.4134031109409,57.6112440276621,54.6099561024673,65.4031693526778,58.7028145465545,65.5535276063082,64.0429088532432,68.9171834143584,64.4612667418008,67.8525401871257,66.0831612329354,60.2122297641177
68.4725289060289,67.014837695981,56.3248522846983,63.5812820281551,67.5832247352708,61.5663931861656,64.5276901542146,65.6479411681929,64.539210437216,65.1421239276807,69.5029559930005,53.431877265919,67.1585159259636,57.4681213926661,64.9831737007694,65.5388858746386,65.8731720347332,68.2247121034764,63.5289770664271,67.4134031109409,57.6112440276621,54.6099561024673,65.4031693526778,58.7028145465545,65.5535276063082,64.0429088532432,68.9171834143584,64.4612667418008,67.8525401871257,66.0831612329354,60.2122297641177
68.4725289060289,67.014837695981,56.3248522846983,63.6135463773477,67.5832247352708,61.5663931861656,64.5276901542146,65.6479411681929,64.539210437216,65.1421239276807,69.5029559930005,53.5138692303884,67.1585159259636,57.4681213926661,64.9831737007694,65.5388858746386,65.8731720347332,68.2247121034764,63.5798135728124,67.436873807162,57.6129963092764,54.6099561024673,65.4031693526778,58.7028145465545,65.5535276063082,64.0429088532432,68.9171834143584,64.4612667418008,67.8525401871257,66.0831612329354,60.2122297641177
68.4725289060289,67.202597394769,56.3248522846983,63.6135463773477,67.5832247352708,61.5663931861656,64.5276901542146,65.6479411681929,64.6846175756692,65.1421239276807,69.515028183293,53.5138692303884,67.1585159259636,57.4681213926661,64.9831737007694,65.5388858746386,65.8830219989111,68.2247121034764,63.5798135728124,67.436873807162,57.6129963092764,54.6099561024673,65.4031693526778,58.7028145465545,65.5535276063082,64.0429088532432,68.9171834143584,64.4612667418008,67.8525401871257,66.0831612329354,60.2122297641177
68.4725289060289,67.202597394769,56.3248522846983,63.6135463773477,67.6524558998254,61.5663931861656,64.5276901542146,65.8362457790975,64.6846175756692,65.1421239276807,69.515028183293,53.5138692303884,67.1585159259636,57.4681213926661,64.9831737007694,65.5388858746386,65.8830219989111,68.2247121034764,63.5798135728124,67.436873807162,57.6129963092764,54.6099561024673,65.4031693526778,58.7028145465545,65.5535276063082,64.0429088532432,68.9171834143584,64.4612667418008,67.8525401871257,66.0831612329354,60.2122297641177
68.4725289060289,67.202597394769,56.3248522846983,63.6135463773477,67.6524558998254,61.5663931861656,64.5276901542146,65.8362457790975,64.6846175756692,65.1421239276807,69.515028183293,53.5138692303884,67.1585159259636,57.4681213926661,64.9831737007694,65.5388858746386,65.8830219989111,68.2247121034764,63.5798135728124,67.436873807162,58.4073432392015,54.6099561024673,65.4031693526778,58.7028145465545,65.5535276063082,64.1396963669624,68.9171834143584,64.4612667418008,67.8525401871257,66.0831612329354,60.2122297641177
68.4725289060289,67.202597394769,56.3275897044684,63.6135463773477,67.6524558998254,61.5663931861656,64.5276901542146,65.8362457790975,64.6846175756692,65.1421239276807,69.52523781221,53.5138692303884,67.1585159259636,57.4681213926661,64.9831737007694,65.5388858746386,65.8830219989111,68.2247121034764,63.5798135728124,67.436873807162,58.4073432392015,54.6099561024673,65.4031693526778,58.7028145465545,65.5535276063082,64.1396963669624,68.9509896447552,64.4612667418008,67.8525401871257,66.0831612329354,60.2825315274583
68.4725289060289,67.2361014979773,56.3275897044684,63.6135463773477,67.6524558998254,62.2895753938608,64.5276901542146,65.8362457790975,64.6846175756692,65.1421239276807,69.5497921616662,53.5138692303884,67.1585159259636,57.4681213926661,64.9831737007694,65.5388858746386,65.8830219989111,68.2247121034764,63.5798135728124,67.436873807162,58.4073432392015,54.6099561024673,65.4031693526778,58.7028145465545,65.5535276063082,64.1396963669624,68.9509896447552,64.4612667418008,67.8525401871257,66.0831612329354,60.3087512281333
68.4725289060289,67.2361014979773,56.3275897044684,63.6135463773477,67.6524558998254,62.2895753938608,64.5276901542146,65.8362457790975,64.6846175756692,65.1421239276807,69.5497921616662,53.5138692303884,67.1585159259636,57.4681213926661,64.9831737007694,65.5388858746386,65.8830219989111,68.2247121034764,63.5798135728124,67.436873807162,58.4073432392015,54.6099561024673,65.4031693526778,58.8648068153094,65.5535276063082,64.1396963669624,68.9509896447552,64.4612667418008,67.8525401871257,66.0831612329354,60.3087512281333
68.4725289060289,67.2361014979773,56.3275897044684,63.6135463773477,67.6524558998254,62.2895753938608,64.6930860594381,65.87361653412,64.6846175756692,65.1421239276807,69.5574976539142,53.5138692303884,67.1585159259636,57.4681213926661,64.9831737007694,65.5388858746386,65.8830219989111,68.2247121034764,63.5798135728124,67.436873807162,58.4073432392015,54.6099561024673,65.4031693526778,58.8648068153094,65.5535276063082,64.1396963669624,68.9509896447552,64.4612667418008,67.8525401871257,66.0831612329354,60.3087512281333
68.4725289060289,67.2361014979773,56.3275897044684,63.6135463773477,67.6524558998254,62.2895753938608,64.6930860594381,65.87361653412,64.6846175756692,65.1421239276807,69.5771721900685,53.5138692303884,67.1585159259636,57.4681213926661,65.0139051048426,65.5388858746386,65.8830219989111,68.2247121034764,63.5798135728124,67.436873807162,58.4073432392015,54.6099561024673,65.4031693526778,58.8648068153094,65.5535276063082,64.1396963669624,68.9509896447552,64.4612667418008,67.8525401871257,66.0831612329354,60.3087512281333
68.4725289060289,67.2361014979773,56.3275897044684,63.6135463773477,67.6524558998254,62.2895753938608,64.6930860594381,65.87361653412,64.918102780502,65.1421239276807,69.5771721900685,53.5138692303884,67.1585159259636,57.4681213926661,65.0139051048426,65.5388858746386,65.8830219989111,68.2247121034764,63.5798135728124,67.436873807162,58.4073432392015,55.1552439436815,65.4031693526778,58.8648068153094,65.5535276063082,64.1396963669624,68.9509896447552,64.4612667418008,67.8525401871257,66.0831612329354,60.3087512281333
68.4725289060289,67.2361014979773,56.345202230527,63.6135463773477,67.6524558998254,62.2895753938608,64.6930860594381,65.87361653412,64.918102780502,65.1421239276807,69.5771721900685,53.5138692303884,67.1585159259636,57.4681213926661,65.0139051048426,65.5388858746386,65.8830219989111,68.2247121034764,63.5798135728124,67.436873807162,58.4073432392015,55.1552439436815,65.4031693526778,58.8648068153094,65.5535276063082,64.1396963669624,68.9583450817175,64.4612667418008,67.8525401871257,66.0831612329354,60.3087512281333
68.4725289060289,67.4338463364286,56.345202230527,63.6135463773477,67.6524558998254,62.2895753938608,64.6930860594381,65.891670668868,64.918102780502,65.1421239276807,69.5771721900685,53.5138692303884,67.1585159259636,57.4681213926661,65.0139051048426,65.6118745749215,65.8830219989111,68.2247121034764,63.5798135728124,67.436873807162,58.4073432392015,55.1552439436815,65.4031693526778,58.8648068153094,65.5535276063082,64.1396963669624,68.9583450817175,64.4612667418008,67.8525401871257,66.0831612329354,60.3087512281333
68.4725289060289,67.4338463364286,56.345202230527,63.6135463773477,67.6524558998254,62.2895753938608,64.6930860594381,65.891670668868,64.918102780502,65.3215187679075,69.5771721900685,53.5138692303884,67.1585159259636,57.4681213926661,65.0139051048426,65.6118745749215,65.8830219989111,68.2247121034764,63.5798135728124,67.436873807162,58.4073432392015,55.1552439436815,65.4031693526778,58.8648068153094,65.5535276063082,64.1396963669624,68.9583450817175,64.4612667418008,67.8525401871257,66.0831612329354,60.3087512281333
68.4725289060289,67.4338463364286,56.345202230527,63.6135463773477,67.6524558998254,62.2895753938608,64.6930860594381,65.891670668868,64.918102780502,65.3215187679075,69.5771721900685,53.5138692303884,67.1585159259636,57.4681213926661,65.0139051048426,65.6118745749215,65.8830219989111,68.2247121034764,63.5798135728124,67.436873807162,58.4073432392015,55.1552439436815,65.8751018965419,58.8648068153094,65.6062507986265,64.1396963669624,68.9583450817175,64.4612667418008,67.8525401871257,66.0831612329354,60.3087512281333
68.4725289060289,67.4338463364286,56.345202230527,63.6135463773477,67.6524558998254,62.2895753938608,64.9183094517033,65.891670668868,64.918102780502,65.3215187679075,69.6040899854438,53.5138692303884,67.2023285719963,59.0282874197173,65.0244338945754,65.6118745749215,65.8830219989111,68.2247121034764,63.606967430026,67.436873807162,58.4073432392015,55.1552439436815,65.8751018965419,58.8648068153094,65.6062507986265,64.1396963669624,68.9583450817175,64.4612667418008,67.8525401871257,66.0831612329354,60.3087512281333
68.4725289060289,67.4338463364286,56.3469643030177,63.6135463773477,67.6524558998254,62.2895753938608,64.9183094517033,65.891670668868,64.918102780502,65.3215187679075,69.6040899854438,53.5138692303884,67.2023285719963,59.0282874197173,65.0244338945754,65.6118745749215,65.8830219989111,68.2247121034764,63.606967430026,67.436873807162,58.4073432392015,55.1552439436815,65.8751018965419,58.8648068153094,65.6062507986265,64.1396963669624,68.9583450817175,64.4612667418008,67.8525401871257,66.1089760995756,60.3087512281333
68.4725289060289,67.5025958414534,56.3469643030177,63.6135463773477,67.6546645344676,62.2895753938608,64.9183094517033,65.891670668868,64.918102780502,65.3215187679075,69.6040899854438,53.5138692303884,67.2023285719963,59.0282874197173,65.0244338945754,65.6118745749215,65.9438137217902,68.2247121034764,63.606967430026,67.436873807162,58.4073432392015,55.1552439436815,65.8751018965419,58.9364512504818,65.6062507986265,64.1396963669624,68.9583450817175,64.4612667418008,67.8525401871257,66.1089760995756,60.3087512281333
68.4725289060289,67.5025958414534,56.3469643030177,63.6135463773477,67.6546645344676,62.2895753938608,64.9183094517033,65.891670668868,64.9247300833153,65.3215187679075,69.615046918986,53.5138692303884,67.2023285719963,59.0282874197173,65.0244338945754,65.6118745749215,65.9438137217902,68.2247121034764,63.606967430026,67.436873807162,58.4073432392015,55.1552439436815,65.8751018965419,58.9364512504818,65.6062507986265,64.1396963669624,68.9583450817175,64.4612667418008,67.8525401871257,66.1089760995756,60.3087512281333
68.4725289060289,67.5025958414534,56.3469643030177,63.6135463773477,67.6546645344676,62.2895753938608,64.9183094517033,65.891670668868,64.9247300833153,65.3215187679075,69.6169418554313,53.5138692303884,67.2679292171026,59.0282874197173,65.0244338945754,65.6118745749215,65.9438137217902,68.2247121034764,63.606967430026,67.436873807162,58.4073432392015,55.1552439436815,65.8751018965419,58.9364512504818,65.6062507986265,64.1396963669624,68.9583450817175,64.4612667418008,67.8525401871257,66.1089760995756,60.3087512281333
68.4725289060289,67.5025958414534,56.3469643030177,63.6135463773477,67.6546645344676,62.2895753938608,64.9183094517033,65.891670668868,64.9247300833153,65.3215187679075,69.6169418554313,53.5138692303884,67.2679292171026,59.0282874197173,65.0244338945754,65.6118745749215,65.9438137217902,68.2247121034764,63.606967430026,67.436873807162,58.4073432392015,55.1552439436815,65.8751018965419,58.9364512504818,65.6062507986265,64.1461535342104,68.9583450817175,64.4612667418008,67.861803153149,66.1089760995756,60.3087512281333
68.4725289060289,67.5025958414534,56.3504928472099,63.6135463773477,67.6546645344676,62.2895753938608,64.9183094517033,65.891670668868,64.9247300833153,65.3215187679075,69.6169418554313,53.5138692303884,67.2679292171026,59.0282874197173,65.0244338945754,65.6585372102326,65.9438137217902,68.2247121034764,63.606967430026,67.436873807162,58.4073432392015,55.1552439436815,65.8751018965419,59.0898069965542,65.6062507986265,64.1461535342104,68.9583450817175,64.4746309137506,67.8852943757708,66.1089760995756,60.3087512281333
68.4725289060289,67.5025958414534,56.3504928472099,63.6135463773477,67.6546645344676,62.2895753938608,64.9183094517033,65.891670668868,64.9247300833153,65.3215187679075,69.6286878756689,53.5790565069334,67.2679292171026,59.0282874197173,65.0244338945754,65.6585372102326,65.9438137217902,68.2247121034764,63.6237853595683,67.436873807162,58.4073432392015,55.1552439436815,65.8751018965419,59.0898069965542,65.6346437743889,64.1461535342104,68.9758762902407,64.4746309137506,67.8852943757708,66.1089760995756,60.3087512281333
68.4725289060289,67.5025958414534,56.3504928472099,63.6135463773477,67.6891789799736,62.2895753938608,64.9183094517033,65.891670668868,64.9247300833153,65.5361194061665,69.6286878756689,53.5790565069334,67.3367091175597,59.8008271256255,65.0244338945754,65.6585372102326,65.9438137217902,68.2247121034764,63.6237853595683,67.436873807162,58.4073432392015,55.1552439436815,65.8751018965419,59.0898069965542,65.6346437743889,64.1461535342104,68.9851447694526,64.4746309137506,67.8852943757708,66.1361812581235,60.3087512281333
68.5112892764572,67.5025958414534,56.3504928472099,63.6135463773477,67.6891789799736,62.2895753938608,64.9183094517033,65.891670668868,64.9247300833153,65.5361194061665,69.6286878756689,53.5790565069334,67.3367091175597,59.8008271256255,65.0244338945754,65.6585372102326,65.9455637222284,68.2247121034764,63.6237853595683,67.436873807162,58.4073432392015,55.1552439436815,65.8751018965419,59.0898069965542,65.6346437743889,64.1461535342104,68.9851447694526,64.4746309137506,67.8852943757708,66.1361812581235,60.3087512281333
68.5112892764572,67.5025958414534,56.3504928472099,63.6135463773477,67.6891789799736,62.2895753938608,64.9183094517033,65.891670668868,64.9247300833153,65.5361194061665,69.6286878756689,53.5790565069334,67.3367091175597,59.8008271256255,65.0244338945754,65.6585372102326,65.9886276089519,68.2247121034764,63.6237853595683,67.436873807162,58.4073432392015,55.1552439436815,65.8751018965419,59.0898069965542,65.6346437743889,64.1555805182696,68.9851447694526,64.4746309137506,67.8852943757708,66.1361812581235,60.3087512281333
68.5112892764572,67.5025958414534,56.3504928472099,63.6135463773477,67.6891789799736,62.2895753938608,64.9183094517033,65.891670668868,64.9247300833153,65.5361194061665,69.6286878756689,53.5790565069334,67.3367091175597,59.8008271256255,65.0244338945754,65.6585372102326,65.9886276089519,68.2247121034764,63.6237853595683,67.436873807162,58.4073432392015,55.1552439436815,65.8751018965419,59.098185831469,65.6346437743889,64.1555805182696,68.9851447694526,64.4746309137506,67.8852943757708,66.1361812581235,60.3087512281333
68.5112892764572,67.5025958414534,56.3541888758127,63.6135463773477,67.6891789799736,62.2895753938608,64.9183094517033,65.891670668868,64.9247300833153,65.5361194061665,69.6286878756689,53.5790565069334,67.3367091175597,59.8008271256255,65.0244338945754,65.6585372102326,65.9886276089519,68.2247121034764,63.6237853595683,67.436873807162,58.4073432392015,55.1552439436815,65.8751018965419,59.098185831469,65.6346437743889,64.1555805182696,68.9851447694526,64.4746309137506,67.9779402362626,66.1361812581235,60.3087512281333
68.5112892764572,67.5025958414534,56.3541888758127,63.6135463773477,67.6891789799736,62.2895753938608,64.9183094517033,65.891670668868,64.9247300833153,65.5361194061665,69.6286878756689,53.5790565069334,67.3367091175597,59.8008271256255,65.0244338945754,65.6585372102326,65.9886276089519,68.2247121034764,63.6237853595683,67.436873807162,58.4073432392015,55.1552439436815,65.8751018965419,59.098185831469,65.6346437743889,64.1555805182696,68.9851447694526,64.4746309137506,67.9779402362626,66.1361812581235,60.3087512281333
68.5112892764572,67.5025958414534,56.3541888758127,63.6135463773477,67.7909871083973,62.2895753938608,64.9183094517033,65.891670668868,64.9247300833153,65.5361194061665,69.6379231097815,53.5790565069334,67.3367091175597,59.8008271256255,65.0244338945754,65.6585372102326,65.9886276089519,68.2247121034764,63.6237853595683,67.436873807162,58.4073432392015,55.1552439436815,65.8751018965419,59.098185831469,65.6346437743889,64.1555805182696,68.9851447694526,64.5176467220801,67.9779402362626,66.1361812581235,60.3087512281333
68.5112892764572,67.5025958414534,56.3541888758127,63.6135463773477,67.7909871083973,62.2895753938608,64.9183094517033,65.891670668868,64.9247300833153,65.5361194061665,69.6379231097815,53.5790565069334,67.3367091175597,59.8008271256255,65.0244338945754,65.6585372102326,65.9886276089519,68.2247121034764,63.6237853595683,67.436873807162,58.4073432392015,55.1552439436815,65.8751018965419,59.1665683529322,65.6346437743889,64.1803693603542,68.9851447694526,64.5176467220801,67.9779402362626,66.3279583248425,60.3087512281333
68.5112892764572,67.5025958414534,56.3541888758127,63.6135463773477,67.7909871083973,62.2895753938608,64.9183094517033,65.891670668868,64.9247300833153,65.5361194061665,69.6379231097815,53.5790565069334,67.3367091175597,60.5109733956036,65.0244338945754,65.6585372102326,65.9886276089519,68.2247121034764,63.64346060734,67.436873807162,58.4073432392015,55.1552439436815,65.8751018965419,59.1665683529322,65.6346437743889,64.1803693603542,68.9851447694526,64.5176467220801,67.9779402362626,66.3279583248425,60.3087512281333
68.5112892764572,67.5025958414534,56.3769424648693,63.6135463773477,67.7909871083973,62.2895753938608,64.9183094517033,65.891670668868,64.9247300833153,65.5361194061665,69.6379231097815,53.7868209054943,67.3367091175597,60.5109733956036,65.0244338945754,65.6585372102326,66.0545377352691,68.2247121034764,63.64346060734,67.436873807162,58.4073432392015,55.1552439436815,65.8751018965419,59.1665683529322,65.6346437743889,64.1803693603542,68.9851447694526,64.5176467220801,67.9779402362626,66.3279583248425,60.3087512281333
68.5112892764572,67.5025958414534,56.3769424648693,63.6135463773477,67.7909871083973,62.2895753938608,64.9183094517033,66.1428308497441,64.9247300833153,65.5361194061665,69.6379231097815,53.7868209054943,67.4816887277529,60.5109733956036,65.0264215626299,65.6585372102326,66.0545377352691,68.2247121034764,63.64346060734,67.436873807162,58.4073432392015,55.5526429231624,65.8751018965419,59.1665683529322,65.6346437743889,64.1803693603542,69.0188432209365,64.5176467220801,67.9779402362626,66.3279583248425,60.3087512281333
68.5112892764572,67.5025958414534,56.3769424648693,63.6135463773477,67.7909871083973,62.2895753938608,64.9183094517033,66.1428308497441,64.9247300833153,65.5361194061665,69.6379231097815,53.7868209054943,67.4816887277529,60.5109733956036,65.0264215626299,65.6585372102326,66.0545377352691,68.2247121034764,63.64346060734,67.436873807162,58.4192072211151,55.5526429231624,65.8751018965419,59.1665683529322,65.6346437743889,64.1803693603542,69.0188432209365,64.5176467220801,68.0209419288025,66.3279583248425,60.3585836867054
68.5112892764572,67.5802888580799,56.3769424648693,63.6135463773477,67.7909871083973,62.2895753938608,64.9183094517033,66.1428308497441,65.0438836096446,65.5361194061665,69.6383116334166,53.7868209054943,67.4816887277529,60.5109733956036,65.0264215626299,65.6585372102326,66.0545377352691,68.2247121034764,63.64346060734,67.436873807162,58.4192072211151,55.5526429231624,65.8751018965419,59.1665683529322,65.6346437743889,64.1910026817668,69.0188432209365,64.5176467220801,68.0209419288025,66.3279583248425,60.3585836867054
68.5112892764572,67.5802888580799,56.3769424648693,63.6135463773477,67.8209475912679,62.3239662083629,64.9183094517033,66.15720823802,65.0438836096446,65.5361194061665,69.6383116334166,53.7868209054943,67.4816887277529,60.5109733956036,65.0264215626299,65.8100776724708,66.0545377352691,68.2247121034764,63.64346060734,67.436873807162,58.4192072211151,55.5526429231624,65.8751018965419,59.1665683529322,65.6346437743889,64.1910026817668,69.0188432209365,64.5673790945149,68.0209419288025,66.3279583248425,60.3585836867054
68.5112892764572,67.5802888580799,56.3769424648693,63.6135463773477,67.8209475912679,62.3239662083629,64.9183094517033,66.15720823802,65.0438836096446,65.5361194061665,69.6383116334166,53.7868209054943,67.4816887277529,60.5109733956036,65.0264215626299,65.8100776724708,66.0545377352691,68.2247121034764,63.64346060734,67.479969837098,58.4192072211151,55.5526429231624,65.8751018965419,59.1665683529322,65.6346437743889,64.1910026817668,69.0188432209365,64.5673790945149,68.0209419288025,66.3279583248425,60.3585836867054
68.5112892764572,67.5802888580799,56.3769424648693,63.6135463773477,67.8209475912679,62.3239662083629,64.9183094517033,66.15720823802,65.0438836096446,65.5361194061665,69.6383116334166,53.7868209054943,67.4816887277529,60.5109733956036,65.0264215626299,65.8100776724708,66.1617659857593,68.2247121034764,63.64346060734,67.479969837098,58.4192072211151,55.5526429231624,65.8751018965419,59.1665683529322,65.6346437743889,64.1910026817668,69.0188432209365,64.5673790945149,68.0209419288025,66.3279583248425,60.3585836867054
68.5112892764572,67.5802888580799,56.3769424648693,63.6135463773477,67.8209475912679,62.3239662083629,64.9183094517033,66.15720823802,65.0438836096446,65.5361194061665,69.6383116334166,53.7868209054943,67.4816887277529,60.5109733956036,65.0729911464197,65.8100776724708,66.1617659857593,68.2247121034764,63.64346060734,67.479969837098,58.4192072211151,55.5526429231624,65.8751018965419,59.1665683529322,65.6346437743889,64.1910026817668,69.0188432209365,64.5673790945149,68.0209419288025,66.3279583248425,60.3604291130906
68.5112892764572,67.5802888580799,56.3769424648693,63.6135463773477,67.8209475912679,62.3239662083629,64.9183094517033,66.15720823802,65.0438836096446,65.5361194061665,69.6383116334166,53.7868209054943,67.4816887277529,60.5109733956036,65.0729911464197,65.8100776724708,66.1617659857593,68.2822259039496,63.64346060734,67.479969837098,58.9301048174162,55.5526429231624,65.8751018965419,59.1665683529322,65.6346437743889,64.1910026817668,69.0188432209365,64.5673790945149,68.0209419288025,66.3279583248425,60.3604291130906
68.5112892764572,67.5802888580799,56.3769424648693,63.6135463773477,67.8209475912679,62.3239662083629,64.9183094517033,66.15720823802,65.0438836096446,65.5361194061665,69.6383116334166,53.7868209054943,67.4816887277529,60.5109733956036,65.0729911464197,65.8100776724708,66.1617659857593,68.4103603664906,63.7229670632451,67.479969837098,58.9301048174162,55.5526429231624,65.8751018965419,59.1665683529322,65.6346437743889,64.2058914648759,69.0188432209365,64.5673790945149,68.0209419288025,66.3279583248425,60.3604291130906
68.5112892764572,67.5802888580799,56.3769424648693,63.6135463773477,67.8209475912679,62.3239662083629,64.9183094517033,66.1935822741945,65.0438836096446,65.5709950038956,69.6545137848962,53.9859479950056,67.4816887277529,60.5109733956036,65.0729911464197,65.8100776724708,66.1617659857593,68.4103603664906,63.7229670632451,67.479969837098,58.9301048174162,55.5526429231624,65.8751018965419,59.1665683529322,65.6346437743889,64.2058914648759,69.0188432209365,64.5673790945149,68.0209419288025,66.3279583248425,60.3604291130906
68.5112892764572,67.5802888580799,56.3821920799204,63.6135463773477,67.8591121124556,62.3239662083629,64.9183094517033,66.1935822741945,65.0438836096446,65.5709950038956,69.6545137848962,53.9859479950056,67.4816887277529,60.5109733956036,65.0729911464197,65.8100776724708,66.1617659857593,68.4103603664906,63.7229670632451,67.479969837098,58.9301048174162,55.5526429231624,65.8751018965419,59.1665683529322,65.6346437743889,64.2058914648759,69.0188432209365,64.6841577118559,68.0209419288025,66.3279583248425,60.3604291130906
68.5112892764572,67.598660734991,56.3821920799204,63.6135463773477,67.8591121124556,62.3239662083629,64.9183094517033,66.1935822741945,65.0438836096446,65.5709950038956,69.6545137848962,53.9859479950056,67.4816887277529,60.5109733956036,65.0729911464197,65.8100776724708,66.1617659857593,68.4103603664906,63.7229670632451,67.479969837098,58.9301048174162,55.5526429231624,65.8751018965419,59.1665683529322,65.6346437743889,64.2058914648759,69.0188432209365,64.6841577118559,68.0209419288025,66.3279583248425,60.3604291130906
68.5112892764572,67.598660734991,56.3821920799204,63.6135463773477,67.8591121124556,62.6338215453695,64.9183094517033,66.1935822741945,65.0438836096446,65.5709950038956,69.6706344730596,53.9859479950056,67.4816887277529,60.5109733956036,65.0729911464197,65.8100776724708,66.1617659857593,68.4103603664906,63.7229670632451,67.5110089389368,58.9301048174162,55.5526429231624,65.8751018965419,59.1665683529322,65.6346437743889,64.2058914648759,69.0188432209365,64.6841577118559,68.0209419288025,66.3279583248425,60.3604291130906
68.5682857223897,67.598660734991,56.3821920799204,63.6135463773477,67.8591121124556,62.6338215453695,64.9183094517033,66.1935822741945,65.0438836096446,65.5709950038956,69.6706344730596,53.9859479950056,67.4816887277529,60.5109733956036,65.0729911464197,65.8100776724708,66.1617659857593,68.4103603664906,63.7229670632451,67.5110089389368,58.9301048174162,55.5526429231624,65.8751018965419,59.1665683529322,65.6346437743889,64.2291865590242,69.0188432209365,64.6841577118559,68.0209419288025,66.3279583248425,60.4848423183319
68.5682857223897,67.598660734991,56.3821920799204,63.6223446256553,67.8591121124556,62.6338215453695,64.9521704902978,66.1935822741945,65.0438836096446,65.5709950038956,69.6706344730596,53.9859479950056,67.4816887277529,61.2503860537232,65.0770786737525,65.8100776724708,66.1617659857593,68.4103603664906,63.7229670632451,67.5110089389368,58.9301048174162,55.5526429231624,65.8751018965419,59.1665683529322,65.6346437743889,64.2291865590242,69.0188432209365,64.6841577118559,68.0484944443905,66.3279583248425,60.4848423183319
68.5682857223897,67.6152440979318,56.3825874017996,63.6223446256553,67.8591121124556,62.6338215453695,64.9521704902978,66.1935822741945,65.0438836096446,65.5709950038956,69.6731822646648,53.9859479950056,67.4816887277529,61.8823468902439,65.0770786737525,65.8100776724708,66.1617659857593,68.4103603664906,63.7229670632451,67.5110089389368,58.9301048174162,55.5526429231624,65.8751018965419,59.1665683529322,65.6346437743889,64.2291865590242,69.0188432209365,64.6841577118559,68.0484944443905,66.3279583248425,60.4848423183319
68.5682857223897,67.6152440979318,56.3825874017996,63.6223446256553,68.0021596482952,62.6338215453695,64.9521704902978,66.2325921049037,65.0438836096446,65.5709950038956,69.6731822646648,53.9859479950056,67.4939482742845,61.8823468902439,65.0770786737525,65.8100776724708,66.1617659857593,69.0807077622768,63.7414115541743,67.5110089389368,58.9301048174162,55.5526429231624,65.8751018965419,59.1665683529322,65.6346437743889,64.2291865590242,69.0188432209365,64.6841577118559,68.0484944443905,66.3279583248425,60.4848423183319
68.5682857223897,67.6152440979318,56.3825874017996,63.6223446256553,68.0021596482952,62.6338215453695,64.9521704902978,66.2398397923332,65.0438836096446,65.5790260953777,69.6731822646648,53.9859479950056,67.4939482742845,61.8823468902439,65.0770786737525,65.8100776724708,66.1617659857593,69.0807077622768,63.7496420958109,67.5110089389368,58.9301048174162,55.5526429231624,65.8751018965419,59.1665683529322,65.6346437743889,64.2291865590242,69.0188432209365,64.6841577118559,68.0484944443905,66.3279583248425,60.4848423183319
68.5682857223897,67.6152440979318,56.3825874017996,63.6223446256553,68.0021596482952,62.6338215453695,64.9521704902978,66.2398397923332,65.0438836096446,65.5790260953777,69.6731822646648,54.1396328582132,67.4939482742845,61.8823468902439,65.0770786737525,65.8100776724708,66.1994518168623,69.0807077622768,63.7496420958109,67.5110089389368,58.9301048174162,55.5526429231624,65.8751018965419,59.1665683529322,65.6346437743889,64.2291865590242,69.0188432209365,64.6841577118559,68.0484944443905,66.3754241874397,60.4848423183319
68.5682857223897,67.7927129949101,56.3825874017996,63.6223446256553,68.0021596482952,63.5399184143513,64.9521704902978,66.2398397923332,65.0438836096446,65.5790260953777,69.6747006296184,54.1396328582132,67.4939482742845,61.8823468902439,65.0770786737525,65.8100776724708,66.1994518168623,69.0807077622768,63.7496420958109,67.5110089389368,58.9301048174162,55.5526429231624,65.8751018965419,59.1665683529322,65.6346437743889,64.2571431224594,69.0188432209365,64.6841577118559,68.0484944443905,66.3777385678878,60.4848423183319
68.5682857223897,67.7927129949101,56.3825874017996,63.6223446256553,68.0021596482952,63.5399184143513,64.9521704902978,66.2398397923332,65.0438836096446,65.5790260953777,69.6747006296184,54.1396328582132,67.4939482742845,61.8823468902439,65.0770786737525,66.1563772469197,66.1994518168623,69.0807077622768,63.7496420958109,67.5110089389368,58.9301048174162,55.5526429231624,65.8751018965419,59.1665683529322,65.6346437743889,64.2571431224594,69.0188432209365,64.6841577118559,68.0484944443905,66.3777385678878,60.4848423183319
68.5682857223897,67.7927129949101,56.4051120361444,63.6223446256553,68.0021596482952,63.5399184143513,64.9632788038234,66.2398397923332,65.0438836096446,65.5790260953777,69.6747006296184,54.1396328582132,67.4939482742845,61.8823468902439,65.0770786737525,66.1563772469197,66.1994518168623,69.0807077622768,63.7496420958109,67.5110089389368,58.9301048174162,57.0580332102044,65.8751018965419,59.1665683529322,65.6346437743889,64.2571431224594,69.0188432209365,64.6841577118559,68.0484944443905,66.3777385678878,60.4848423183319
68.5682857223897,67.7927129949101,56.4051120361444,63.6223446256553,68.053106891059,63.5399184143513,64.9632788038234,66.2398397923332,65.0438836096446,65.5790260953777,69.6784085616675,54.1396328582132,67.4939482742845,61.8823468902439,65.0770786737525,66.1563772469197,66.1994518168623,69.0807077622768,63.7496420958109,67.5110089389368,58.9301048174162,57.0580332102044,65.8751018965419,59.1665683529322,65.6346437743889,64.2571431224594,69.0188432209365,64.6841577118559,68.0484944443905,66.3777385678878,60.4848423183319
68.5682857223897,67.7927129949101,56.4051120361444,63.6223446256553,68.053106891059,63.5399184143513,64.9632788038234,66.2398397923332,65.0438836096446,65.5790260953777,69.6784085616675,54.1396328582132,67.4939482742845,61.8823468902439,65.0770786737525,66.1563772469197,66.1994518168623,69.0807077622768,63.7496420958109,67.5110089389368,58.9301048174162,57.0580332102044,66.0665475286152,59.1665683529322,65.6816551915067,64.2571431224594,69.0188432209365,64.6841577118559,68.0484944443905,66.3777385678878,60.4848423183319
68.5682857223897,67.7927129949101,56.4051120361444,63.6223446256553,68.053106891059,63.5399184143513,64.9632788038234,66.3575539387878,65.0438836096446,65.5790260953777,69.6784085616675,54.1396328582132,67.4939482742845,61.8823468902439,65.0770786737525,66.1563772469197,66.2973532748438,69.0807077622768,63.7496420958109,67.5110089389368,58.9301048174162,57.0580332102044,66.0827662129231,59.1665683529322,65.6816551915067,64.2571431224594,69.0197662148995,64.6841577118559,68.0484944443905,66.3777385678878,60.4876764674277
68.5682857223897,67.8151581078445,56.4051120361444,63.7505785697951,68.053106891059,63.5399184143513,64.9632788038234,66.3575539387878,65.0438836096446,65.6155179697672,69.6784085616675,54.1396328582132,67.4939482742845,61.8823468902439,65.0770786737525,66.1563772469197,66.2973532748438,69.0807077622768,63.7496420958109,67.5110089389368,58.9301048174162,57.0580332102044,66.0827662129231,59.1665683529322,65.6816551915067,64.2571431224594,69.0197662148995,64.6841577118559,68.0484944443905,66.4672241691294,60.4876764674277
68.5682857223897,67.8472907609975,56.4051120361444,63.7505785697951,68.053106891059,63.5399184143513,64.9632788038234,66.3575539387878,65.0438836096446,65.6155179697672,69.6784085616675,54.1396328582132,67.4939482742845,61.8823468902439,65.0770786737525,66.1563772469197,66.2973532748438,69.0807077622768,63.7829200642837,67.5110089389368,58.9301048174162,57.0580332102044,66.0827662129231,59.1665683529322,65.6816551915067,64.2571431224594,69.0197662148995,64.6841577118559,68.0484944443905,66.4672241691294,60.4876764674277
68.5682857223897,67.8472907609975,56.4051120361444,63.7505785697951,68.053106891059,63.5399184143513,64.9632788038234,66.3575539387878,65.0438836096446,65.6155179697672,69.6784085616675,54.1396328582132,67.4939482742845,61.8823468902439,65.0770786737525,66.1563772469197,66.2973532748438,69.0807077622768,63.7829200642837,67.5110089389368,58.9301048174162,57.0580332102044,66.0827662129231,59.1665683529322,65.6816551915067,64.2571431224594,69.0197662148995,64.6841577118559,68.0484944443905,66.4672241691294,60.4876764674277
68.5682857223897,67.8472907609975,56.4051120361444,63.7505785697951,68.053106891059,63.5399184143513,64.9632788038234,66.3575539387878,65.0599772855022,65.6155179697672,69.6784085616675,54.1883028644883,67.4939482742845,61.8823468902439,65.0770786737525,66.1563772469197,66.2973532748438,69.0807077622768,63.7829200642837,67.5110089389368,58.9301048174162,57.0580332102044,66.0827662129231,59.1665683529322,65.6816551915067,64.2571431224594,69.0197662148995,64.6841577118559,68.0484944443905,66.4672241691294,60.4876764674277
68.5682857223897,67.8472907609975,56.4051120361444,63.7505785697951,68.053106891059,63.5399184143513,64.9632788038234,66.3575539387878,65.0599772855022,65.6155179697672,69.6898618494077,54.1883028644883,67.4939482742845,61.8823468902439,65.077401164804,66.1563772469197,66.2973532748438,69.0807077622768,63.7829200642837,67.5110089389368,58.9301048174162,57.0886334250995,66.0827662129231,59.1665683529322,65.6816551915067,64.257348239331,69.0197662148995,64.6841577118559,68.0484944443905,66.4672241691294,60.4876764674277
68.5682857223897,67.8472907609975,56.4051120361444,63.7505785697951,68.053106891059,63.5399184143513,64.9632788038234,66.3575539387878,65.0599772855022,65.6155179697672,69.6898618494077,54.1883028644883,67.4939482742845,61.8823468902439,65.077401164804,66.1563772469197,66.2973532748438,69.0807077622768,63.7829200642837,67.5110089389368,58.9301048174162,57.3372123156759,66.0827662129231,59.1665683529322,65.7196360074313,64.2761203458746,69.0197662148995,64.6841577118559,68.0484944443905,66.4672241691294,60.4889668797273
68.5682857223897,67.8472907609975,56.4051120361444,63.7505785697951,68.053106891059,63.5399184143513,64.9632788038234,66.3575539387878,65.0599772855022,65.6155179697672,69.6898618494077,54.1883028644883,67.4939482742845,61.8823468902439,65.077401164804,66.1563772469197,66.2973532748438,69.0807077622768,63.7829200642837,67.5110089389368,58.9301048174162,57.3372123156759,66.0827662129231,59.1665683529322,65.7310182635686,64.2761203458746,69.0296274365949,64.6841577118559,68.0484944443905,66.4672241691294,60.4889668797273
68.5682857223897,67.8472907609975,56.4051120361444,63.7505785697951,68.053106891059,63.5399184143513,64.9632788038234,66.3663249551065,65.0599772855022,65.6155179697672,69.6898618494077,54.1883028644883,67.4939482742845,61.8823468902439,65.077401164804,66.1563772469197,66.2973532748438,69.0807077622768,63.7829200642837,67.5110089389368,58.9301048174162,57.3372123156759,66.0827662129231,59.1665683529322,65.7310182635686,64.2761203458746,69.0296274365949,64.6841577118559,68.0484944443905,66.4925898163874,60.4889668797273
68.5682857223897,67.8472907609975,56.4051120361444,63.7505785697951,68.053106891059,63.5399184143513,64.9632788038234,66.3663249551065,65.0599772855022,65.6155179697672,69.7137644606468,54.1883028644883,67.4939482742845,61.8823468902439,65.077401164804,66.1563772469197,66.2973532748438,69.0807077622768,63.7829200642837,67.5110089389368,58.9301048174162,57.3372123156759,66.0827662129231,59.2377901957468,65.7310182635686,64.2761203458746,69.0296274365949,64.6841577118559,68.0484944443905,66.4925898163874,60.4889668797273
68.5682857223897,67.8472907609975,56.4051120361444,63.7505785697951,68.053106891059,65.3519389222254,64.9632788038234,66.3663249551065,65.0599772855022,65.6155179697672,69.7137644606468,54.1883028644883,67.4939482742845,61.8823468902439,65.077401164804,66.1563772469197,66.2973532748438,69.0807077622768,63.7829200642837,67.5110089389368,58.9721801724442,57.3372123156759,66.0827662129231,59.2377901957468,65.7310182635686,64.3144787566235,69.0296274365949,64.6841577118559,68.0484944443905,66.4925898163874,60.4889668797273
68.6256538454736,67.8472907609975,56.4051120361444,63.7505785697951,68.053106891059,65.3519389222254,64.9632788038234,66.3663249551065,65.0599772855022,65.6155179697672,69.7137644606468,54.1883028644883,67.4939482742845,61.8823468902439,65.077401164804,66.1563772469197,66.2973532748438,69.0807077622768,63.7829200642837,67.5110089389368,58.9721801724442,57.3372123156759,66.0827662129231,59.2377901957468,65.7310182635686,64.3144787566235,69.0296274365949,64.6841577118559,68.0484944443905,66.4925898163874,60.5357705175401
68.6256538454736,67.8472907609975,56.4062587102548,63.82912106698,68.053106891059,65.3519389222254,64.9632788038234,66.3663249551065,65.0599772855022,65.6155179697672,69.7137644606468,54.1883028644883,67.4939482742845,61.8823468902439,65.077401164804,66.1563772469197,66.2973532748438,69.0807077622768,63.8145649898933,67.5110089389368,58.9721801724442,57.3372123156759,66.0827662129231,59.2377901957468,65.7310182635686,64.3144787566235,69.0296274365949,64.6841577118559,68.0484944443905,66.4925898163874,60.5357705175401
68.6256538454736,67.8472907609975,56.4062587102548,63.82912106698,68.053106891059,65.3519389222254,64.9632788038234,66.3663249551065,65.0894059118408,65.927889051464,69.726362367567,54.1883028644883,67.4939482742845,61.8823468902439,65.077401164804,66.1563772469197,66.2973532748438,69.0807077622768,63.8145649898933,67.5110089389368,58.9721801724442,57.3372123156759,66.0827662129231,59.2377901957468,65.7310182635686,64.3144787566235,69.0296274365949,64.6841577118559,68.0484944443905,66.4925898163874,60.5357705175401
68.6256538454736,67.8472907609975,56.4062587102548,63.82912106698,68.053106891059,65.3519389222254,64.9632788038234,66.3663249551065,65.1983977536077,65.927889051464,69.726362367567,54.5330488762642,67.4939482742845,61.8823468902439,65.077401164804,66.1563772469197,66.2973532748438,69.0807077622768,63.8145649898933,67.5110089389368,58.9721801724442,57.3372123156759,66.0827662129231,59.2377901957468,65.7310182635686,64.3144787566235,69.0361078715306,64.6841577118559,68.0484944443905,66.5150533831887,60.5357705175401
68.6256538454736,67.8472907609975,56.4062587102548,63.82912106698,68.053106891059,65.3519389222254,64.9632788038234,66.4269320052784,65.1983977536077,65.927889051464,69.726362367567,54.5330488762642,67.4939482742845,63.2280785634647,65.077401164804,66.1563772469197,66.2973532748438,69.0807077622768,63.8145649898933,67.5434950368291,58.9721801724442,57.7145023669216,66.0827662129231,59.2377901957468,65.7310182635686,64.3144787566235,69.049289133666,64.6841577118559,68.0484944443905,66.535585126201,60.5357705175401
68.6256538454736,67.8472907609975,56.4062587102548,63.82912106698,68.053106891059,65.3519389222254,64.9632788038234,66.4269320052784,65.1983977536077,65.927889051464,69.726362367567,54.5330488762642,67.5061038002102,63.2280785634647,65.077401164804,66.1563772469197,66.2973532748438,69.0807077622768,63.8145649898933,67.5434950368291,58.9721801724442,57.7145023669216,66.7438718486641,59.2377901957468,65.7310182635686,64.338788807998,69.049289133666,64.6841577118559,68.0484944443905,66.535585126201,60.5357705175401
68.6256538454736,67.8472907609975,56.4062587102548,63.82912106698,68.053106891059,65.3519389222254,64.9632788038234,66.4269320052784,65.1983977536077,65.927889051464,69.726362367567,54.5330488762642,67.5061038002102,63.2280785634647,65.077401164804,66.1563772469197,66.2973532748438,69.0807077622768,63.8145649898933,67.5434950368291,59.1982028771929,57.7145023669216,66.7438718486641,59.2377901957468,65.7310182635686,64.338788807998,69.049289133666,64.6841577118559,68.0679391604133,66.535585126201,60.5518751804128
68.6256538454736,67.8472907609975,56.4062587102548,63.82912106698,68.053106891059,65.3519389222254,64.9632788038234,66.4269320052784,65.1983977536077,65.927889051464,69.726362367567,54.5330488762642,67.5061038002102,63.2280785634647,65.077401164804,66.1563772469197,66.2973532748438,69.0807077622768,63.8145649898933,67.5434950368291,59.1982028771929,57.7145023669216,66.7438718486641,59.2377901957468,65.7310182635686,64.338788807998,69.049289133666,64.6841577118559,68.0679391604133,66.535585126201,60.5518751804128
68.6256538454736,67.9275532456503,56.4062587102548,63.82912106698,68.053106891059,65.3519389222254,64.9632788038234,66.4269320052784,65.1983977536077,65.927889051464,69.726362367567,54.5330488762642,67.5061038002102,63.2280785634647,65.077401164804,66.1563772469197,66.2973532748438,69.0807077622768,63.8145649898933,67.5434950368291,59.1982028771929,57.7145023669216,66.7438718486641,59.3349619714334,65.7310182635686,64.338788807998,69.049289133666,64.6841577118559,68.0679391604133,66.535585126201,60.5518751804128
68.6256538454736,67.9275532456503,56.4176259417025,63.82912106698,68.053106891059,65.3519389222254,64.9632788038234,66.4269320052784,65.1983977536077,65.927889051464,69.726362367567,54.5330488762642,67.5061038002102,63.2280785634647,65.077401164804,66.1563772469197,66.2973532748438,69.0807077622768,63.8586736426161,67.5434950368291,59.1982028771929,57.7145023669216,66.7438718486641,59.3349619714334,65.7310182635686,64.338788807998,69.049289133666,64.6841577118559,68.0679391604133,66.535585126201,60.5518751804128
68.6256538454736,67.9275532456503,56.4176259417025,63.82912106698,68.053106891059,65.3519389222254,64.9632788038234,66.4269320052784,65.1983977536077,65.927889051464,69.726362367567,54.5330488762642,67.5061038002102,63.2280785634647,65.077401164804,66.1563772469197,66.2973532748438,69.0807077622768,63.8586736426161,67.544320937128,59.1982028771929,57.7145023669216,66.7438718486641,59.3349619714334,65.7310182635686,64.338788807998,69.0513241096012,64.6841577118559,68.0679391604133,66.6011465264104,60.5518751804128
68.6256538454736,67.9275532456503,56.4176259417025,63.82912106698,68.053106891059,65.3519389222254,64.9632788038234,66.4269320052784,65.1983977536077,65.927889051464,69.726362367567,54.5330488762642,67.5061038002102,63.2280785634647,65.077401164804,66.1563772469197,66.2973532748438,69.0807077622768,63.8586736426161,67.544320937128,59.1982028771929,57.7145023669216,66.7438718486641,59.3349619714334,65.7310182635686,64.338788807998,69.0513241096012,64.6841577118559,68.0679391604133,66.6011465264104,60.5947908301024
68.6256538454736,67.9275532456503,56.4176259417025,63.834410729655,68.053106891059,65.3519389222254,64.9632788038234,66.4269320052784,65.3325281254033,65.927889051464,69.726362367567,54.5330488762642,67.5061038002102,63.2280785634647,65.077401164804,66.1563772469197,66.2973532748438,69.1087462967219,63.8586736426161,67.544320937128,59.2515795250841,57.7145023669216,66.7438718486641,59.3349619714334,65.7310182635686,64.338788807998,69.0513241096012,64.6841577118559,68.0679391604133,66.6011465264104,60.5947908301024
68.6256538454736,67.9275532456503,56.4176259417025,63.834410729655,68.2509032405959,65.3519389222254,64.9632788038234,66.4269320052784,65.3325281254033,65.927889051464,69.726362367567,54.5330488762642,67.5061038002102,63.2280785634647,65.077401164804,66.1563772469197,66.2973532748438,69.1087462967219,63.8586736426161,67.544320937128,59.2515795250841,57.7145023669216,66.7438718486641,59.3349619714334,65.7310182635686,64.338788807998,69.0513241096012,64.6841577118559,68.0679391604133,66.6011465264104,60.5947908301024
68.6256538454736,67.9275532456503,56.4176259417025,63.834410729655,68.2509032405959,65.3519389222254,64.9632788038234,66.4269320052784,65.3325281254033,65.927889051464,69.726362367567,54.5330488762642,67.5061038002102,63.2280785634647,65.077401164804,66.1563772469197,66.2973532748438,69.1087462967219,63.8586736426161,67.544320937128,59.2515795250841,57.7145023669216,66.7438718486641,59.3349619714334,65.7310182635686,64.338788807998,69.0513241096012,64.6841577118559,68.0679391604133,66.6011465264104,60.5947908301024
68.6256538454736,67.9275532456503,56.4176259417025,63.834410729655,68.2509032405959,65.3519389222254,64.9632788038234,66.4269320052784,65.3325281254033,65.927889051464,69.7480239824706,54.5330488762642,67.5061038002102,63.2280785634647,65.077401164804,66.1563772469197,66.2973532748438,69.1087462967219,63.8586736426161,67.544320937128,59.2515795250841,57.7145023669216,66.7438718486641,59.3349619714334,65.7310182635686,64.3514326249005,69.0513241096012,64.6841577118559,68.0679391604133,66.6011465264104,60.5947908301024
68.6331014615403,67.9275532456503,56.4176259417025,63.834410729655,68.2509032405959,65.3519389222254,64.9632788038234,66.4757329970634,65.3325281254033,65.927889051464,69.7480239824706,54.5330488762642,67.5061038002102,63.2280785634647,65.077401164804,66.1563772469197,66.2973532748438,69.1087462967219,63.8586736426161,67.544320937128,59.2515795250841,57.7145023669216,66.7438718486641,59.3349619714334,65.7310182635686,64.3514326249005,69.0513241096012,64.6841577118559,68.0679391604133,66.6011465264104,60.5947908301024
68.6331014615403,67.9744961760002,56.4176259417025,63.834410729655,68.2509032405959,65.3519389222254,64.9632788038234,66.4757329970634,65.3325281254033,65.927889051464,69.7480239824706,54.5330488762642,67.5061038002102,63.2280785634647,65.077401164804,66.1563772469197,66.2973532748438,69.1087462967219,63.8586736426161,67.5662726070714,59.2515795250841,57.7145023669216,66.7438718486641,59.3349619714334,65.7310182635686,64.3514326249005,69.0513241096012,64.6841577118559,68.0679391604133,66.6765000399548,60.6704226431497
68.6331014615403,67.9744961760002,56.4185641370311,63.834410729655,68.2509032405959,65.3519389222254,64.9632788038234,66.4757329970634,65.3325281254033,65.927889051464,69.7480239824706,54.5330488762642,67.5061038002102,63.2280785634647,65.077401164804,66.1563772469197,66.2973532748438,69.1087462967219,63.8586736426161,67.5662726070714,59.6426378217566,57.7145023669216,66.7438718486641,59.3349619714334,65.7310182635686,64.3514326249005,69.0661158428152,64.6841577118559,68.0679391604133,66.6765000399548,60.6704226431497
68.6331014615403,67.9744961760002,56.4185641370311,63.834410729655,68.2509032405959,65.3519389222254,64.9632788038234,66.4757329970634,65.3325281254033,65.927889051464,69.7480239824706,54.5330488762642,67.5463629835953,63.2280785634647,65.077401164804,66.1563772469197,66.2973532748438,69.1087462967219,63.8586736426161,67.5662726070714,59.6426378217566,57.7145023669216,66.7438718486641,59.3349619714334,65.7310182635686,64.3514326249005,69.0661158428152,64.6841577118559,68.0955365808932,66.6765000399548,60.6704226431497
68.6331014615403,67.9744961760002,56.4185641370311,63.834410729655,68.2509032405959,65.3519389222254,64.9632788038234,66.4757329970634,65.3325281254033,65.927889051464,69.7480239824706,54.5330488762642,67.5463629835953,64.1614850624682,65.077401164804,66.1563772469197,66.2973532748438,69.1087462967219,63.8586736426161,67.5662726070714,59.6426378217566,57.7145023669216,66.7438718486641,59.3349619714334,65.7572121625992,64.3534283050902,69.0661158428152,64.6841577118559,68.0955365808932,66.6765000399548,60.6704226431497
68.6331014615403,67.9744961760002,56.4185641370311,63.834410729655,68.2509032405959,65.3519389222254,64.9632788038234,66.4949351631998,65.3325281254033,65.952045307147,69.7480239824706,54.5330488762642,67.5463629835953,64.1614850624682,65.077401164804,66.1563772469197,66.3008539973626,69.1087462967219,63.8586736426161,67.5662726070714,59.6426378217566,57.7145023669216,66.7438718486641,59.3349619714334,65.7572121625992,64.3662560158041,69.0661158428152,64.6841577118559,68.0955365808932,66.6765000399548,60.6704226431497
68.6331014615403,67.9744961760002,56.4185641370311,63.834410729655,68.2509032405959,65.3519389222254,65.0119716501458,66.4952037166875,65.3325281254033,65.952045307147,69.7600749773851,54.5330488762642,67.5463629835953,64.1614850624682,65.077401164804,66.1563772469197,66.3008539973626,69.2592363102898,63.8586736426161,67.5662726070714,59.6426378217566,57.7145023669216,66.7438718486641,59.3349619714334,65.7572121625992,64.3662560158041,69.0661158428152,64.6841577118559,68.0955365808932,66.6765000399548,60.6704226431497
68.6331014615403,67.9744961760002,56.4185641370311,63.8372074813444,68.2509032405959,65.3519389222254,65.0119716501458,66.4952037166875,65.3325281254033,65.952045307147,69.7600749773851,54.5330488762642,67.5463629835953,64.1614850624682,65.077401164804,66.1563772469197,66.3008539973626,69.2592363102898,63.8586736426161,67.5662726070714,59.6426378217566,57.7145023669216,66.7438718486641,59.3349619714334,65.7572121625992,64.3662560158041,69.0661158428152,64.6841577118559,68.0955365808932,66.6765000399548,60.6704226431497
68.6331014615403,67.9744961760002,56.4185641370311,63.8372074813444,68.2509032405959,65.3519389222254,65.0119716501458,66.4952037166875,65.3325281254033,65.952045307147,69.7600749773851,54.5330488762642,67.5463629835953,64.1614850624682,65.077401164804,66.1563772469197,66.3008539973626,69.2592363102898,63.8586736426161,67.5662726070714,59.6426378217566,57.7145023669216,66.7438718486641,59.3349619714334,65.7572121625992,64.3662560158041,69.0661158428152,64.6841577118559,68.0955365808932,66.6765000399548,60.6704226431497
68.6331014615403,67.9744961760002,56.4185641370311,63.8372074813444,68.2509032405959,65.3519389222254,65.0119716501458,66.4952037166875,65.3325281254033,65.952045307147,69.7600749773851,54.5330488762642,67.5962502036532,64.1614850624682,65.077401164804,66.1563772469197,66.3008539973626,69.2592363102898,63.8770067331007,67.5662726070714,59.6426378217566,57.7145023669216,66.7438718486641,59.3349619714334,65.7572121625992,64.3662560158041,69.0803032916722,64.6841577118559,68.0955365808932,66.6765000399548,60.6704226431497
68.7242837151962,67.9744961760002,56.4185641370311,63.8372074813444,68.2509032405959,65.3519389222254,65.0119716501458,66.4952037166875,65.3325281254033,65.952045307147,69.7600749773851,54.5330488762642,67.5962502036532,64.1614850624682,65.077401164804,66.1563772469197,66.3008539973626,69.2592363102898,63.8770067331007,67.5662726070714,59.6426378217566,57.7145023669216,66.7438718486641,59.3349619714334,65.7572121625992,64.3662560158041,69.0803032916722,64.6937111170543,68.1067205341894,66.6765000399548,60.6704226431497
68.7242837151962,67.9744961760002,56.4185641370311,63.8372074813444,68.2509032405959,65.3519389222254,65.0119716501458,66.5836776348901,65.3325281254033,65.952045307147,69.7600749773851,54.5330488762642,67.5962502036532,64.1614850624682,65.0889717758155,66.1563772469197,66.313604025747,69.2592363102898,63.8770067331007,67.5662726070714,59.6426378217566,57.7145023669216,66.7438718486641,59.3349619714334,65.7572121625992,64.3662560158041,69.0803032916722,64.6937111170543,68.1067205341894,66.6765000399548,60.6704226431497
68.7242837151962,67.9744961760002,56.4185641370311,63.8372074813444,68.2509032405959,65.3519389222254,65.0119716501458,66.5836776348901,65.3325281254033,65.952045307147,69.7600749773851,54.5330488762642,67.5962502036532,64.3994350767923,65.0889717758155,66.1563772469197,66.313604025747,69.2592363102898,63.8770067331007,67.5684670188819,59.6426378217566,57.7145023669216,66.7438718486641,59.3349619714334,65.7874066486916,64.3662560158041,69.0803032916722,64.6937111170543,68.1067205341894,66.6765000399548,60.6704226431497
68.7242837151962,67.9744961760002,56.4185641370311,63.8372074813444,68.2509032405959,65.6318774370303,65.0165455669825,66.5836776348901,65.3325281254033,65.952045307147,69.7600749773851,54.5330488762642,67.5962502036532,64.3994350767923,65.0889717758155,66.1563772469197,66.313604025747,69.2592363102898,63.8770067331007,67.5684670188819,59.6426378217566,57.7145023669216,66.7438718486641,59.3349619714334,65.7874066486916,64.3662560158041,69.0803032916722,64.6937111170543,68.1067205341894,66.6765000399548,60.6704226431497
68.7242837151962,67.9744961760002,56.4185641370311,63.8372074813444,68.2875249531674,65.6318774370303,65.0165455669825,66.5836776348901,65.3325281254033,65.952045307147,69.7600749773851,54.5330488762642,67.5962502036532,64.3994350767923,65.0889717758155,66.1563772469197,66.313604025747,69.2592363102898,63.8770067331007,67.5684670188819,59.6426378217566,57.7145023669216,66.7438718486641,59.3349619714334,65.7874066486916,64.3662560158041,69.0803032916722,64.6937111170543,68.1067205341894,66.6765000399548,60.6704226431497
68.7242837151962,67.9744961760002,56.4185641370311,63.8372074813444,68.2875249531674,65.6318774370303,65.0165455669825,66.5836776348901,65.3325281254033,65.952045307147,69.7600749773851,54.5330488762642,67.719470262687,64.3994350767923,65.0889717758155,66.1563772469197,66.313604025747,69.2592363102898,63.8770067331007,67.5684670188819,59.6426378217566,57.7145023669216,66.7438718486641,59.3349619714334,65.7874066486916,64.3662560158041,69.0803032916722,64.6937111170543,68.1067205341894,66.6765000399548,60.6704226431497
68.7242837151962,67.9744961760002,56.4185641370311,63.8372074813444,68.2875249531674,65.6318774370303,65.0165455669825,66.5836776348901,65.3325281254033,65.952045307147,69.7600749773851,54.5330488762642,67.719470262687,64.3994350767923,65.0889717758155,66.1563772469197,66.3330112155068,69.2592363102898,63.8770067331007,67.5684670188819,59.6426378217566,57.7145023669216,66.7438718486641,59.3349619714334,65.7874066486916,64.3662560158041,69.0803032916722,64.6937111170543,68.1067205341894,66.6765000399548,60.6704226431497
68.7242837151962,67.9744961760002,56.4185641370311,63.8372074813444,68.2875249531674,65.6318774370303,65.0165455669825,66.5836776348901,65.3325281254033,65.952045307147,69.7600749773851,54.5855659983862,67.719470262687,64.3994350767923,65.0889717758155,66.2011430452101,66.3330112155068,69.2592363102898,63.8770067331007,67.5684670188819,59.6426378217566,57.7145023669216,66.7438718486641,59.3349619714334,65.7874066486916,64.3662560158041,69.0803032916722,64.6937111170543,68.1250288779455,66.6765000399548,60.6704226431497
68.7242837151962,67.9744961760002,56.4185641370311,63.8372074813444,68.2875249531674,65.6318774370303,65.0165455669825,66.5836776348901,65.3325281254033,65.952045307147,69.7600749773851,54.5855659983862,67.719470262687,64.3994350767923,65.0889717758155,66.2011430452101,66.3330112155068,69.2592363102898,63.8971748728928,67.5684670188819,59.6426378217566,57.7145023669216,66.7438718486641,59.3349619714334,65.7874066486916,64.3662560158041,69.0803032916722,64.6937111170543,68.1250288779455,66.6765000399548,60.6704226431497
68.7242837151962,67.9744961760002,56.4203452402387,63.8372074813444,68.2875249531674,65.6318774370303,65.0165455669825,66.5836776348901,65.3325281254033,65.952045307147,69.7600749773851,54.5855659983862,67.719470262687,64.3994350767923,65.0973953309864,66.2011430452101,66.3330112155068,69.2592363102898,63.8971748728928,67.5684670188819,59.6426378217566,57.7145023669216,66.7438718486641,59.3349619714334,65.7874066486916,64.3662560158041,69.0803032916722,64.6937111170543,68.1250288779455,66.6765000399548,60.6704226431497
68.7242837151962,67.9744961760002,56.4203452402387,63.8372074813444,68.2875249531674,65.6318774370303,65.0945071850018,66.6290582458243,65.3325281254033,65.952045307147,69.7600749773851,54.5855659983862,67.719470262687,64.8627443943423,65.0973953309864,66.2011430452101,66.3330112155068,69.2592363102898,63.8971748728928,67.5684670188819,59.6426378217566,57.7145023669216,66.7438718486641,59.3349619714334,65.7874066486916,64.3662560158041,69.0803032916722,64.6937111170543,68.1250288779455,66.6765000399548,60.6704226431497
68.7242837151962,67.9744961760002,56.4203452402387,63.8372074813444,68.2875249531674,65.6318774370303,65.0945071850018,66.6290582458243,65.3325281254033,65.952045307147,69.7600749773851,54.5855659983862,67.719470262687,64.8627443943423,65.0973953309864,66.2011430452101,66.3330112155068,69.2592363102898,63.8971748728928,67.5684670188819,59.6426378217566,57.7145023669216,66.7438718486641,59.3349619714334,65.7874066486916,64.3662560158041,69.0803032916722,64.6937111170543,68.1250288779455,66.6854199767898,60.6704226431497
68.7242837151962,67.9744961760002,56.4203452402387,63.8372074813444,68.2875249531674,65.6318774370303,65.0945071850018,66.6290582458243,65.3325281254033,65.952045307147,69.7600749773851,54.5855659983862,67.779853967355,64.8627443943423,65.0973953309864,66.2011430452101,66.3835411733238,69.2592363102898,63.8971748728928,67.6424228634149,59.6426378217566,57.7145023669216,66.7438718486641,59.3349619714334,65.7874066486916,64.3662560158041,69.0803032916722,64.6937111170543,68.1250288779455,66.6854199767898,60.6704226431497
68.7242837151962,68.1037118396554,56.4203452402387,63.8372074813444,68.2875249531674,65.6318774370303,65.0945071850018,66.6290582458243,65.3325281254033,66.2460688325496,69.7600749773851,54.5855659983862,67.779853967355,64.8627443943423,65.0973953309864,66.2011430452101,66.3835411733238,69.2592363102898,63.8971748728928,67.6424228634149,59.6966632356832,57.7145023669216,66.7438718486641,59.3349619714334,65.7874066486916,64.3662560158041,69.0803032916722,64.6937111170543,68.1357120738399,66.6854199767898,60.6704226431497
68.7242837151962,68.1037118396554,56.4203452402387,63.8372074813444,68.2875249531674,65.6318774370303,65.0945071850018,66.6290582458243,65.3325281254033,66.2460688325496,69.7600749773851,54.5855659983862,67.779853967355,64.8627443943423,65.0973953309864,66.2011430452101,66.3835411733238,69.2592363102898,63.8971748728928,67.6424228634149,59.6966632356832,57.7145023669216,66.7438718486641,59.3349619714334,65.7874066486916,64.3662560158041,69.0803032916722,64.6937111170543,68.1357120738399,66.6854199767898,60.6704226431497
68.7242837151962,68.1037118396554,56.4203452402387,63.8372074813444,68.2875249531674,65.6318774370303,65.0945071850018,66.6290582458243,65.3325281254033,66.2460688325496,69.7600749773851,54.5855659983862,67.779853967355,64.8627443943423,65.0973953309864,66.2011430452101,66.3835411733238,69.2592363102898,63.8971748728928,67.6424228634149,59.6966632356832,57.7145023669216,66.7438718486641,59.3349619714334,65.7874066486916,64.3662560158041,69.0803032916722,64.6937111170543,68.1357120738399,66.9036097237193,60.6978051490342
68.7242837151962,68.1037118396554,56.4203452402387,63.8372074813444,68.2875249531674,65.6318774370303,65.0945071850018,66.6290582458243,65.3325281254033,66.2460688325496,69.7600749773851,54.5855659983862,67.779853967355,64.8627443943423,65.0973953309864,66.2011430452101,66.3835411733238,69.2592363102898,63.8971748728928,67.6424228634149,59.6966632356832,57.7145023669216,66.7438718486641,59.3349619714334,65.7874066486916,64.3662560158041,69.0803032916722,64.6937111170543,68.1357120738399,66.9036097237193,60.6978051490342
68.7242837151962,68.1037118396554,56.4203452402387,63.8372074813444,68.2875249531674,65.6318774370303,65.0945071850018,66.6418102321991,65.3325281254033,66.2460688325496,69.7600749773851,54.5855659983862,67.779853967355,65.3593440990875,65.0973953309864,66.2011430452101,66.3835411733238,69.2592363102898,63.8971748728928,67.6424228634149,59.6966632356832,57.7145023669216,66.7438718486641,59.3349619714334,65.7874066486916,64.3662560158041,69.0803032916722,64.6937111170543,68.1357120738399,66.9036097237193,60.6978051490342
68.7242837151962,68.1037118396554,56.4203452402387,63.8894398577153,68.2875249531674,65.6318774370303,65.0945071850018,66.6418102321991,65.3325281254033,66.2460688325496,69.7600749773851,54.5855659983862,67.779853967355,65.3593440990875,65.1009160907706,66.2011430452101,66.4194796921639,69.2592363102898,63.8971748728928,67.6424228634149,59.6966632356832,57.7145023669216,66.7438718486641,59.3349619714334,65.7874066486916,64.3662560158041,69.0859068809206,64.6968110053475,68.1357120738399,66.9036097237193,60.6978051490342
68.7242837151962,68.1037118396554,56.4203452402387,63.8894398577153,68.2875249531674,65.6318774370303,65.0945071850018,66.6418102321991,65.3325281254033,66.2460688325496,69.7600749773851,54.5855659983862,67.779853967355,65.3593440990875,65.1009160907706,66.2408130583502,66.4194796921639,69.2592363102898,63.9311972761762,67.6424228634149,59.6966632356832,57.7145023669216,66.7438718486641,59.3349619714334,65.7874066486916,64.3662560158041,69.0859068809206,64.6968110053475,68.1357120738399,66.9036097237193,60.6978051490342
68.7242837151962,68.1037118396554,56.4203452402387,63.8894398577153,68.2875249531674,65.6318774370303,65.0945071850018,66.6418102321991,65.3325281254033,66.2460688325496,69.7600749773851,54.5855659983862,67.779853967355,65.3593440990875,65.1009160907706,66.2408130583502,66.4194796921639,69.2592363102898,63.9319370591325,67.684040765033,59.9264183559346,57.7145023669216,66.7438718486641,59.3349619714334,65.7874066486916,64.3662560158041,69.0859068809206,64.6968110053475,68.1374554610038,66.9036097237193,60.6978051490342
68.7551592212916,68.1037118396554,56.4203452402387,63.8894398577153,68.2875249531674,65.6318774370303,65.0945071850018,66.6421290507301,65.3325281254033,66.2460688325496,69.7600749773851,54.5855659983862,67.779853967355,65.3593440990875,65.1009160907706,66.2408130583502,66.4194796921639,69.2592363102898,63.9319370591325,67.684040765033,59.9264183559346,57.7145023669216,66.7438718486641,59.3349619714334,65.7874066486916,64.3662560158041,69.0859068809206,64.6968110053475,68.1374554610038,66.9036097237193,60.7151196034761
68.7551592212916,68.1198496194546,56.4203452402387,63.8894398577153,68.2875249531674,65.6318774370303,65.0945071850018,66.6421290507301,65.3325281254033,66.2460688325496,69.7600749773851,54.5855659983862,67.779853967355,65.3593440990875,65.1009160907706,66.2408130583502,66.4194796921639,69.2592363102898,63.9319370591325,67.684040765033,59.9264183559346,57.7145023669216,66.7438718486641,59.3349619714334,65.8033312609573,64.3662560158041,69.0859068809206,64.6968110053475,68.1374554610038,67.0277907337583,60.7151196034761
68.7551592212916,68.1198496194546,56.4203452402387,63.8894398577153,68.2875249531674,65.6318774370303,65.0945071850018,66.6421290507301,65.3325281254033,66.2460688325496,69.7632943515133,54.5855659983862,67.779853967355,65.3593440990875,65.1009160907706,66.2408130583502,66.4392713420263,69.2592363102898,63.9319370591325,67.684040765033,59.9264183559346,57.7145023669216,66.7438718486641,59.3349619714334,65.8033312609573,64.3662560158041,69.0859068809206,64.6968110053475,68.1374554610038,67.0277907337583,60.7151196034761
68.7551592212916,68.1198496194546,56.428041389447,63.8894398577153,68.2875249531674,65.6318774370303,65.0945071850018,66.6421290507301,65.3325281254033,66.2460688325496,69.7632943515133,54.5855659983862,67.779853967355,65.8029073334708,65.1009160907706,66.2408130583502,66.4392713420263,69.2592363102898,63.9319370591325,67.684040765033,59.9264183559346,57.7145023669216,66.7438718486641,59.3349619714334,65.8033312609573,64.3662560158041,69.0859068809206,64.6968110053475,68.1374554610038,67.0277907337583,60.7151196034761
68.7551592212916,68.1198496194546,56.428041389447,63.8894398577153,68.2875249531674,65.6318774370303,65.0945071850018,66.6688936549113,65.3325281254033,66.2460688325496,69.7632943515133,54.5855659983862,67.779853967355,65.8029073334708,65.1197978783593,66.2408130583502,66.4392713420263,69.2592363102898,63.9319370591325,67.684040765033,59.9264183559346,57.7145023669216,66.7438718486641,59.3349619714334,65.8033312609573,64.3662560158041,69.0859068809206,64.6968110053475,68.1374554610038,67.0277907337583,60.7151196034761
68.7551592212916,68.1198496194546,56.428041389447,63.8894398577153,68.2875249531674,65.6318774370303,65.0945071850018,66.6688936549113,65.3325281254033,66.2460688325496,69.7632943515133,54.5855659983862,67.779853967355,65.8029073334708,65.1197978783593,66.2408130583502,66.4392713420263,69.2592363102898,63.9319370591325,67.684040765033,59.9264183559346,57.7145023669216,66.7438718486641,59.3349619714334,65.8033312609573,64.3662560158041,69.0859068809206,64.6968110053475,68.1374554610038,67.0277907337583,60.7151196034761
68.7551592212916,68.1496720778175,56.428041389447,63.8894398577153,68.2875249531674,65.85259570423,65.0945071850018,66.6688936549113,65.3465095776537,66.2460688325496,69.7632943515133,54.5855659983862,67.779853967355,65.8029073334708,65.1197978783593,66.2408130583502,66.4392713420263,69.2592363102898,63.9319370591325,67.684040765033,59.9264183559346,57.7145023669216,66.7438718486641,59.3349619714334,65.8033312609573,64.3662560158041,69.0859068809206,64.713974250811,68.1374554610038,67.0277907337583,60.7518432540214
68.7551592212916,68.1496720778175,56.428041389447,63.8894398577153,68.2875249531674,65.85259570423,65.0945071850018,66.6688936549113,65.3465095776537,66.2460688325496,69.7632943515133,54.5855659983862,67.8011310116791,65.8029073334708,65.1197978783593,66.2408130583502,66.4392713420263,69.2592363102898,63.9319370591325,67.684040765033,59.9264183559346,57.7145023669216,67.2647516143346,59.3349619714334,65.8033312609573,64.3662560158041,69.095093044358,64.713974250811,68.1374554610038,67.0277907337583,60.7518432540214
68.7551592212916,68.1496720778175,56.428041389447,63.8894398577153,68.2875249531674,65.85259570423,65.0945071850018,66.6688936549113,65.3465095776537,66.2460688325496,69.7632943515133,54.5855659983862,67.8011310116791,65.8029073334708,65.1197978783593,66.2408130583502,66.4392713420263,69.2592363102898,63.9319370591325,67.684040765033,59.9264183559346,57.7145023669216,67.2647516143346,59.3349619714334,65.8033312609573,64.3662560158041,69.095093044358,64.713974250811,68.1374554610038,67.0277907337583,60.7518432540214
68.7551592212916,68.1496720778175,56.428041389447,63.9181250008996,68.2875249531674,65.85259570423,65.0945071850018,66.6688936549113,65.3465095776537,66.304289598953,69.7632943515133,54.5855659983862,67.8011310116791,65.8029073334708,65.1197978783593,66.2446596524401,66.4392713420263,69.2592363102898,63.9319370591325,67.684040765033,59.9264183559346,57.7145023669216,67.2647516143346,59.3349619714334,65.8033312609573,64.3662560158041,69.095093044358,64.713974250811,68.1374554610038,67.0277907337583,60.7518432540214
68.7551592212916,68.1747418123618,56.428041389447,63.9181250008996,68.2875249531674,65.85259570423,65.0945071850018,66.6688936549113,65.3465095776537,66.304289598953,69.7632943515133,54.5855659983862,67.8011310116791,65.8029073334708,65.1197978783593,66.3344134327593,66.4392713420263,69.2592363102898,63.9319370591325,67.684040765033,59.9264183559346,57.7145023669216,67.2647516143346,59.3349619714334,65.8033312609573,64.3662560158041,69.095093044358,64.713974250811,68.1374554610038,67.0277907337583,60.7518432540214
68.7816790108647,68.1747418123618,56.428041389447,63.9181250008996,68.2875249531674,65.85259570423,65.0945071850018,66.6688936549113,65.3465095776537,66.304289598953,69.7632943515133,54.5855659983862,67.8031809155533,65.8029073334708,65.1197978783593,66.3344134327593,66.4392713420263,69.2592363102898,63.9319370591325,67.684040765033,59.9264183559346,57.7145023669216,67.2647516143346,59.3349619714334,65.8033312609573,64.3662560158041,69.095093044358,64.713974250811,68.1374554610038,67.0277907337583,60.7518432540214
68.7816790108647,68.1747418123618,56.428041389447,63.9181250008996,68.2875249531674,65.85259570423,65.0945071850018,66.6688936549113,65.3465095776537,66.304289598953,69.7632943515133,54.5855659983862,67.8031809155533,65.8029073334708,65.1435583227252,66.3344134327593,66.4392713420263,69.2592363102898,63.9506464492374,67.684040765033,59.9264183559346,57.7145023669216,67.2647516143346,59.3349619714334,65.8033312609573,64.3662560158041,69.095093044358,64.713974250811,68.1374554610038,67.0277907337583,60.7518432540214
68.7816790108647,68.1747418123618,56.428041389447,63.9181250008996,68.2875249531674,66.0315950932713,65.0945071850018,66.6688936549113,65.3465095776537,66.304289598953,69.7689882093039,54.5855659983862,67.8031809155533,65.8029073334708,65.1435583227252,66.3344134327593,66.4392713420263,69.2592363102898,63.9506464492374,67.684040765033,59.9264183559346,57.7145023669216,67.2647516143346,59.3349619714334,65.8033312609573,64.3662560158041,69.1029845037508,64.713974250811,68.1374554610038,67.0368842537021,60.7518432540214
68.7816790108647,68.1747418123618,56.428041389447,63.9181250008996,68.2875249531674,66.3860414269169,65.0945071850018,66.6688936549113,65.3465095776537,66.304289598953,69.7689882093039,54.5855659983862,67.8031809155533,65.8029073334708,65.1435583227252,66.3344134327593,66.4392713420263,69.2592363102898,63.9506464492374,67.684040765033,60.1507200977365,57.7145023669216,67.2647516143346,59.3349619714334,65.8042049832435,64.3662560158041,69.1029845037508,64.713974250811,68.1374554610038,67.0368842537021,60.7518432540214
68.7816790108647,68.1747418123618,56.428041389447,63.9181250008996,68.2875249531674,66.3860414269169,65.0945071850018,66.6688936549113,65.3465095776537,66.304289598953,69.7689882093039,54.5855659983862,67.8031809155533,65.8029073334708,65.1435583227252,66.3344134327593,66.4392713420263,69.2592363102898,63.9506464492374,67.684040765033,60.1507200977365,57.7145023669216,67.2647516143346,59.3349619714334,65.8042049832435,64.3676267961411,69.1029845037508,64.713974250811,68.1374554610038,67.0368842537021,60.7518432540214
68.7816790108647,68.1747418123618,56.4289877731557,63.9181250008996,68.2875249531674,66.3860414269169,65.0966537820749,66.6688936549113,65.3465095776537,66.304289598953,69.7689882093039,54.5855659983862,67.8031809155533,65.8029073334708,65.1435583227252,66.3344134327593,66.4392713420263,69.2592363102898,63.9506464492374,67.6917317435533,60.1507200977365,57.7145023669216,67.2647516143346,59.36396881983,65.8042049832435,64.3676267961411,69.1029845037508,64.713974250811,68.1374554610038,67.0368842537021,60.7518432540214
68.7816790108647,68.1747418123618,56.4289877731557,63.9181250008996,68.2875249531674,66.3860414269169,65.0966537820749,66.6688936549113,65.3465095776537,66.304289598953,69.7689882093039,54.5855659983862,67.8031809155533,65.8029073334708,65.1435583227252,66.3344134327593,66.4392713420263,69.2592363102898,63.9506464492374,67.6917317435533,60.1507200977365,57.7145023669216,67.2647516143346,59.36396881983,65.8042049832435,64.3676267961411,69.1029845037508,64.713974250811,68.1374554610038,67.0368842537021,60.7518432540214
68.7816790108647,68.1747418123618,56.4289877731557,63.9181250008996,68.2875249531674,66.3860414269169,65.0966537820749,66.6688936549113,65.3465095776537,66.304289598953,69.7689882093039,54.5855659983862,67.8743663082939,65.8029073334708,65.1435583227252,66.3344134327593,66.4392713420263,69.2592363102898,63.9506464492374,67.6917317435533,60.1507200977365,57.7145023669216,67.2647516143346,59.36396881983,65.8042049832435,64.3676267961411,69.1029845037508,64.713974250811,68.1374554610038,67.0368842537021,60.7518432540214
68.7816790108647,68.1879479053883,56.4289877731557,63.9267390034391,68.2875249531674,66.3860414269169,65.0966537820749,66.6688936549113,65.3465095776537,66.304289598953,69.7689882093039,54.5855659983862,67.8743663082939,65.8029073334708,65.1435583227252,66.3344134327593,66.4564429901126,69.2592363102898,63.9506464492374,67.6917317435533,60.1507200977365,57.7145023669216,67.2647516143346,59.36396881983,65.8042049832435,64.3676267961411,69.1029845037508,64.713974250811,68.1374554610038,67.0368842537021,60.7518432540214
68.7816790108647,68.1879479053883,56.4289877731557,63.9267390034391,68.2875249531674,66.3860414269169,65.0966537820749,66.6688936549113,65.3465095776537,66.304289598953,69.7689882093039,54.5855659983862,67.8743663082939,65.8029073334708,65.1682247874631,66.3344134327593,66.4564429901126,69.2592363102898,63.9506464492374,67.6917317435533,60.1507200977365,57.7145023669216,67.2647516143346,59.36396881983,65.8042049832435,64.3676267961411,69.1029845037508,64.713974250811,68.1374554610038,67.0368842537021,60.7518432540214
68.8010782377064,68.1879479053883,56.4289877731557,63.9267390034391,68.2875249531674,66.3860414269169,65.0966537820749,66.6688936549113,65.3465095776537,66.304289598953,69.7689882093039,54.5855659983862,67.8743663082939,65.8029073334708,65.1682247874631,66.3344134327593,66.4564429901126,69.2592363102898,63.9506464492374,67.6917317435533,61.0743015443547,57.7145023669216,67.2647516143346,59.36396881983,65.8042049832435,64.3676267961411,69.1029845037508,64.713974250811,68.1374554610038,67.0368842537021,60.7518432540214
68.8010782377064,68.1879479053883,56.4289877731557,63.9267390034391,68.2875249531674,66.4665601105007,65.0966537820749,66.6688936549113,65.3465095776537,66.304289598953,69.7689882093039,54.5855659983862,67.8743663082939,65.8029073334708,65.1682247874631,66.3344134327593,66.4564429901126,69.2592363102898,63.9506464492374,67.6917317435533,61.0743015443547,57.7145023669216,67.2647516143346,59.36396881983,65.8042049832435,64.3676267961411,69.1029845037508,64.713974250811,68.1374554610038,67.0368842537021,60.7518432540214
68.8010782377064,68.1879479053883,56.4289877731557,63.9267390034391,68.2875249531674,66.4665601105007,65.158917525054,66.6688936549113,65.3465095776537,66.304289598953,69.7689882093039,54.5855659983862,67.8743663082939,65.8029073334708,65.1682247874631,66.3344134327593,66.4564429901126,69.2592363102898,63.9506464492374,67.6917317435533,61.0743015443547,58.7431592983621,67.2647516143346,59.36396881983,65.8042049832435,64.3815619948198,69.1029845037508,64.713974250811,68.1374554610038,67.0368842537021,60.7518432540214
68.8010782377064,68.2088195959251,56.4289877731557,63.9267390034391,68.2875249531674,66.4665601105007,65.158917525054,66.6688936549113,65.3465095776537,66.304289598953,69.7735364794973,54.5987343113296,67.8743663082939,65.8029073334708,65.1682247874631,66.3344134327593,66.4564429901126,69.2592363102898,63.9506464492374,67.7095919895195,61.0743015443547,58.7431592983621,67.2647516143346,59.36396881983,65.8042049832435,64.3815619948198,69.1029845037508,64.713974250811,68.1374554610038,67.0368842537021,60.7518432540214
68.8010782377064,68.2088195959251,56.4289877731557,63.9267390034391,68.2875249531674,66.4665601105007,65.158917525054,66.6714425193048,65.3465095776537,66.304289598953,69.7735364794973,54.6266913622707,67.8743663082939,65.8029073334708,65.1682247874631,66.3344134327593,66.4564429901126,69.2592363102898,63.9506464492374,67.7095919895195,61.0743015443547,58.7431592983621,67.2647516143346,59.36396881983,65.8042049832435,64.3815619948198,69.1029845037508,64.713974250811,68.1420233787743,67.0368842537021,60.7518432540214
68.8010782377064,68.2088195959251,56.4289877731557,63.9267390034391,68.2875249531674,66.4665601105007,65.158917525054,66.6714425193048,65.3465095776537,66.304289598953,69.7735364794973,54.6266913622707,67.8743663082939,65.8029073334708,65.1682247874631,66.3344134327593,66.4564429901126,69.2592363102898,63.97387005303,67.7095919895195,61.0743015443547,58.7431592983621,67.2647516143346,59.36396881983,65.8152802278976,64.3815619948198,69.1029845037508,64.713974250811,68.1425740921261,67.0368842537021,60.7518432540214
68.8010782377064,68.2088195959251,56.4289877731557,63.9267390034391,68.2875249531674,66.4665601105007,65.158917525054,66.6714425193048,65.3465095776537,66.304289598953,69.7735364794973,54.6266913622707,67.8743663082939,65.8029073334708,65.1682247874631,66.3344134327593,66.4564429901126,69.2592363102898,63.97387005303,67.7095919895195,61.0743015443547,58.7431592983621,67.2647516143346,59.36396881983,65.8152802278976,64.3815619948198,69.1029845037508,64.713974250811,68.1425740921261,67.0368842537021,60.7518432540214
68.8010782377064,68.2122273187303,56.4289877731557,63.9267390034391,68.2875249531674,66.4665601105007,65.158917525054,66.6714425193048,65.3465095776537,66.304289598953,69.7735364794973,54.6266913622707,67.8743663082939,65.8029073334708,65.2057764531707,66.3344134327593,66.4564429901126,69.2592363102898,63.97387005303,67.7095919895195,61.6591109398185,58.7431592983621,67.2647516143346,59.36396881983,65.8152802278976,64.3815619948198,69.1029845037508,64.713974250811,68.1425740921261,67.0368842537021,60.7518432540214
68.8010782377064,68.2122273187303,56.4289877731557,63.9267390034391,68.2875249531674,66.4665601105007,65.158917525054,66.6743869962226,65.3465095776537,66.304289598953,69.7735364794973,54.6266913622707,67.8743663082939,65.8029073334708,65.2057764531707,66.3344134327593,66.4564429901126,69.2592363102898,63.97387005303,67.7095919895195,61.6591109398185,58.7431592983621,67.2647516143346,59.36396881983,65.8152802278976,64.3815619948198,69.1029845037508,64.713974250811,68.1425740921261,67.0368842537021,60.7518432540214
68.8010782377064,68.2122273187303,56.4325263077038,63.9267390034391,68.2875249531674,66.4665601105007,65.158917525054,66.6743869962226,65.3465095776537,66.304289598953,69.7770733800793,54.6266913622707,67.8743663082939,65.8029073334708,65.2057764531707,66.3344134327593,66.4564429901126,69.2592363102898,63.97387005303,67.7095919895195,61.6591109398185,58.7431592983621,67.3746728656743,59.36396881983,65.8152802278976,64.3815619948198,69.1029845037508,64.713974250811,68.1425740921261,67.0368842537021,60.7518432540214
68.8010782377064,68.2122273187303,56.4325263077038,63.9267390034391,68.2875249531674,66.4665601105007,65.158917525054,66.6743869962226,65.3465095776537,66.304289598953,69.7770733800793,54.6266913622707,67.8743663082939,65.8029073334708,65.2057764531707,66.3344134327593,66.4564429901126,69.2592363102898,63.97387005303,67.7095919895195,61.6591109398185,58.7431592983621,67.3746728656743,59.36396881983,65.8152802278976,64.3815619948198,69.1029845037508,64.713974250811,68.1425740921261,67.0368842537021,60.7518432540214
68.8010782377064,68.2122273187303,56.4325263077038,63.9267390034391,68.2875249531674,66.4665601105007,65.158917525054,66.6743869962226,65.3465095776537,66.304289598953,69.7770733800793,54.6266913622707,67.8743663082939,65.8029073334708,65.2057764531707,66.3344134327593,66.4564429901126,69.2592363102898,63.97387005303,67.712810974856,61.6591109398185,58.7431592983621,67.3746728656743,59.36396881983,65.8152802278976,64.3920137777898,69.1029845037508,64.713974250811,68.1734257127241,67.0368842537021,60.7518432540214
68.8010782377064,68.2122273187303,56.4325263077038,63.9267390034391,68.2875249531674,66.4665601105007,65.158917525054,66.6743869962226,65.3465095776537,66.304289598953,69.7770733800793,54.6266913622707,67.8743663082939,65.8029073334708,65.2057764531707,66.3344134327593,66.4564429901126,69.2592363102898,63.97387005303,67.712810974856,61.6591109398185,58.7431592983621,67.3746728656743,59.36396881983,65.8152802278976,64.3920137777898,69.1029845037508,64.753671102674,68.1734257127241,67.0368842537021,60.7518432540214
68.8010782377064,68.2122273187303,56.4325263077038,63.9267390034391,68.2875249531674,66.4665601105007,65.158917525054,66.6743869962226,65.3465095776537,66.304289598953,69.7770733800793,54.6266913622707,67.8743663082939,65.8029073334708,65.2057764531707,66.3344134327593,66.4564429901126,69.2592363102898,63.97387005303,67.712810974856,61.9200890402347,58.7431592983621,67.3746728656743,59.36396881983,65.8161069333675,64.3920137777898,69.1029845037508,64.753671102674,68.1734257127241,67.0368842537021,60.7518432540214
68.8010782377064,68.3192411405453,56.4419465020473,63.9267390034391,68.2875249531674,66.4665601105007,65.158917525054,66.6743869962226,65.3465095776537,66.304289598953,69.7770733800793,54.6266913622707,67.8743663082939,65.8029073334708,65.2057764531707,66.3344134327593,66.4564429901126,69.2592363102898,63.97387005303,67.712810974856,61.9200890402347,58.7431592983621,67.3746728656743,59.36396881983,65.8161069333675,64.3920137777898,69.1029845037508,64.753671102674,68.1734257127241,67.0368842537021,60.7518432540214
68.8010782377064,68.3192411405453,56.4419465020473,63.9267390034391,68.2875249531674,66.4665601105007,65.158917525054,66.6962574021102,65.3465095776537,66.304289598953,69.7770733800793,54.6266913622707,67.8743663082939,65.8029073334708,65.2057764531707,66.3344134327593,66.4564429901126,69.2592363102898,63.97387005303,67.712810974856,61.9200890402347,58.7431592983621,67.3746728656743,59.36396881983,65.8161069333675,64.3920137777898,69.1029845037508,64.753671102674,68.1734257127241,67.0539283082403,60.7518432540214
68.8010782377064,68.3192411405453,56.4419465020473,63.9267390034391,68.2875249531674,66.4665601105007,65.158917525054,66.6962574021102,65.3465095776537,66.304289598953,69.7772019966131,54.6266913622707,67.8743663082939,65.8029073334708,65.2057764531707,66.3344134327593,66.4564429901126,69.2592363102898,63.97387005303,67.712810974856,61.9200890402347,58.7431592983621,67.3746728656743,59.36396881983,65.8161069333675,64.3920137777898,69.1029845037508,64.753671102674,68.1734257127241,67.0539283082403,60.7518432540214
68.8010782377064,68.3192411405453,56.4419465020473,63.9267390034391,68.356849070149,66.4665601105007,65.158917525054,66.6962574021102,65.3465095776537,66.304289598953,69.7772019966131,54.6266913622707,67.8743663082939,65.8029073334708,65.2057764531707,66.3344134327593,66.4564429901126,69.2592363102898,63.97387005303,67.712810974856,61.9200890402347,58.7431592983621,67.3746728656743,59.36396881983,65.8161069333675,64.3920137777898,69.1029845037508,64.753671102674,68.1734257127241,67.0539283082403,60.7518432540214
68.8010782377064,68.3192411405453,56.4419465020473,63.9267390034391,68.356849070149,66.4665601105007,65.158917525054,66.6962574021102,65.3465095776537,66.304289598953,69.7772019966131,54.6266913622707,67.8743663082939,65.8029073334708,65.2057764531707,66.3344134327593,66.4564429901126,69.2592363102898,63.97387005303,67.7308464558151,61.9200890402347,58.7431592983621,67.3746728656743,59.36396881983,65.8161069333675,64.3920137777898,69.1029845037508,64.753671102674,68.1734257127241,67.0539283082403,60.7518432540214
68.8010782377064,68.3192411405453,56.4419465020473,63.937666156169,68.356849070149,66.4665601105007,65.158917525054,66.6962574021102,65.3465095776537,66.304289598953,69.7772019966131,54.6266913622707,67.8743663082939,65.8029073334708,65.2057764531707,66.3344134327593,66.4564429901126,69.2592363102898,63.97387005303,67.7308464558151,61.9200890402347,58.7431592983621,67.3746728656743,59.36396881983,65.8161069333675,64.3920137777898,69.1029845037508,64.753671102674,68.1734257127241,67.0539283082403,60.7518432540214
68.8010782377064,68.3192411405453,56.4419465020473,63.937666156169,68.356849070149,66.4665601105007,65.158917525054,66.6962574021102,65.3465095776537,66.304289598953,69.7772019966131,54.6266913622707,67.8743663082939,65.8029073334708,65.2057764531707,66.3344134327593,66.4564429901126,69.2592363102898,63.97387005303,67.7308464558151,61.9736425376293,58.7431592983621,67.3746728656743,59.36396881983,65.8161069333675,64.3920137777898,69.1029845037508,64.753671102674,68.1734257127241,67.0539283082403,60.8024056291065
68.8010782377064,68.3192411405453,56.4435793506192,63.937666156169,68.356849070149,66.4665601105007,65.1970509226555,66.6962574021102,65.3465095776537,66.304289598953,69.7772019966131,54.6266913622707,67.8743663082939,65.8029073334708,65.2057764531707,66.3344134327593,66.4759272027225,69.2592363102898,63.97387005303,67.7308464558151,61.9736425376293,58.7431592983621,67.3746728656743,59.36396881983,65.8161069333675,64.3920137777898,69.1029845037508,64.7608497369686,68.1734257127241,67.0539283082403,60.8024056291065
68.8010782377064,68.3192411405453,56.4435793506192,63.937666156169,68.356849070149,66.4665601105007,65.1970509226555,66.6962574021102,65.3465095776537,66.304289598953,69.7772019966131,54.6266913622707,67.8743663082939,65.8029073334708,65.2057764531707,66.3344134327593,66.4759272027225,69.2592363102898,63.97387005303,67.7308464558151,61.9736425376293,58.7431592983621,67.3746728656743,59.36396881983,65.8161069333675,64.3920137777898,69.1029845037508,64.7608497369686,68.1734257127241,67.0539283082403,60.8024056291065
68.8010782377064,68.3192411405453,56.4435793506192,63.937666156169,68.356849070149,66.4665601105007,65.1970509226555,66.6962574021102,65.3465095776537,66.304289598953,69.7772019966131,54.7223026532415,67.8743663082939,65.8029073334708,65.2057764531707,66.3344134327593,66.4759272027225,69.2592363102898,63.97387005303,67.7308464558151,61.9736425376293,58.7431592983621,67.3746728656743,59.36396881983,65.8161069333675,64.3920137777898,69.1029845037508,64.7608497369686,68.1734257127241,67.0539283082403,60.8024056291065
68.8010782377064,68.3192411405453,56.4435793506192,63.937666156169,68.356849070149,66.4665601105007,65.1970509226555,66.6962574021102,65.3465095776537,66.304289598953,69.7772019966131,54.7223026532415,67.8743663082939,65.8029073334708,65.2057764531707,66.3344134327593,66.4759272027225,69.2592363102898,63.97387005303,67.7308464558151,61.9736425376293,58.7431592983621,67.3746728656743,59.36396881983,65.8161069333675,64.3920137777898,69.1029845037508,64.7608497369686,68.1734257127241,67.0539283082403,60.8024056291065
68.8010782377064,68.3192411405453,56.4435793506192,63.937666156169,68.356849070149,66.4665601105007,65.1970509226555,66.6962574021102,65.3465095776537,66.304289598953,69.7772019966131,54.7223026532415,67.8743663082939,65.8029073334708,65.2057764531707,66.3500478494056,66.4759272027225,69.2592363102898,63.97387005303,67.7308464558151,61.9736425376293,58.7431592983621,67.3746728656743,59.36396881983,65.8161069333675,64.3920137777898,69.1029845037508,64.7608497369686,68.1734257127241,67.0539283082403,60.8024056291065
68.8010782377064,68.3192411405453,56.4435793506192,63.937666156169,68.4797582121067,66.4665601105007,65.1970509226555,66.6962574021102,65.3465095776537,66.304289598953,69.7772019966131,54.7223026532415,67.8743663082939,65.8029073334708,65.2057764531707,66.3500478494056,66.4759272027225,69.2592363102898,63.97387005303,67.7308464558151,61.9736425376293,58.7431592983621,67.3746728656743,59.398103001512,65.8161069333675,64.3920137777898,69.1029845037508,64.7608497369686,68.1734257127241,67.0539283082403,60.8024056291065
68.8010782377064,68.3192411405453,56.4477159939999,63.937666156169,68.4797582121067,66.4665601105007,65.1970509226555,66.6962574021102,65.3465095776537,66.304289598953,69.7772019966131,54.7223026532415,67.8743663082939,65.8029073334708,65.2057764531707,66.3500478494056,66.4759272027225,69.2592363102898,63.97387005303,67.7308464558151,61.9736425376293,58.7431592983621,67.3746728656743,59.398103001512,65.8161069333675,64.3920137777898,69.1029845037508,64.7608497369686,68.1734257127241,67.0539283082403,60.8024056291065
68.8010782377064,68.3192411405453,56.4477159939999,63.937666156169,68.4797582121067,66.4665601105007,65.1970509226555,66.6962574021102,65.3465095776537,66.304289598953,69.7772019966131,54.7223026532415,67.8743663082939,65.8029073334708,65.2057764531707,66.3500478494056,66.4759272027225,69.2592363102898,63.97387005303,67.7308464558151,61.9736425376293,58.7431592983621,67.3746728656743,59.398103001512,65.8161069333675,64.3920137777898,69.10447111067,64.7608497369686,68.1941431108157,67.0539283082403,60.8024056291065
68.8010782377064,68.3877245004889,56.4477159939999,63.937666156169,68.4797582121067,66.4665601105007,65.1970509226555,66.6962574021102,65.3465095776537,66.304289598953,69.7772019966131,54.7223026532415,67.8743663082939,65.8029073334708,65.2057764531707,66.3500478494056,66.4759272027225,69.2592363102898,63.97387005303,67.7308464558151,61.9736425376293,58.7431592983621,67.3746728656743,59.398103001512,65.8245223446396,64.3920137777898,69.10447111067,64.7608497369686,68.1941431108157,67.0539283082403,60.8024056291065
68.8010782377064,68.3877245004889,56.4477159939999,63.9754532119951,68.4797582121067,66.4665601105007,65.1970509226555,66.6962574021102,65.3779598268038,66.304289598953,69.7772019966131,54.7223026532415,67.8743663082939,65.8029073334708,65.2057764531707,66.3500478494056,66.4759272027225,69.2592363102898,63.97387005303,67.7308464558151,61.9736425376293,58.7431592983621,67.3746728656743,59.398103001512,65.8245223446396,64.3920137777898,69.10447111067,64.7608497369686,68.1941431108157,67.0539283082403,60.8024056291065
68.8093809246125,68.3877245004889,56.4477159939999,63.9754532119951,68.4797582121067,66.4665601105007,65.1970509226555,66.6962574021102,65.3779598268038,66.304289598953,69.7772019966131,54.7223026532415,67.8743663082939,65.8029073334708,65.2057764531707,66.3500478494056,66.4759272027225,69.2592363102898,63.97387005303,67.7308464558151,61.9736425376293,58.7431592983621,67.4651350531629,59.398103001512,65.8245223446396,64.3920137777898,69.10447111067,64.7608497369686,68.1941431108157,67.0539283082403,60.8024056291065
68.8093809246125,68.3877245004889,56.4477159939999,63.9754532119951,68.4797582121067,66.4665601105007,65.1970509226555,66.6962574021102,65.3779598268038,66.304289598953,69.7772019966131,54.7223026532415,67.8743663082939,66.009562288491,65.2057764531707,66.3500478494056,66.4759272027225,69.2592363102898,63.97387005303,67.7308464558151,62.3241240288262,58.7431592983621,67.4651350531629,59.398103001512,65.8245223446396,64.3920137777898,69.10447111067,64.7608497369686,68.1941431108157,67.0539283082403,60.8024056291065
68.8093809246125,68.3877245004889,56.4477159939999,63.9754532119951,68.4797582121067,66.4665601105007,65.1970509226555,66.6969651227135,65.3779598268038,66.304289598953,69.7772019966131,54.7223026532415,67.8743663082939,66.009562288491,65.2057764531707,66.3500478494056,66.4759272027225,69.2592363102898,63.97387005303,67.7308464558151,62.3241240288262,58.7431592983621,67.4651350531629,59.398103001512,65.8245223446396,64.3920137777898,69.10447111067,64.7608497369686,68.1941431108157,67.0539283082403,60.8024056291065
68.8093809246125,68.3877245004889,56.4477159939999,63.9754532119951,68.4797582121067,66.4665601105007,65.1970509226555,66.6969651227135,65.3779598268038,66.304289598953,69.7772019966131,54.7223026532415,67.8743663082939,66.009562288491,65.2057764531707,66.3774419541163,66.4759272027225,69.2592363102898,63.97387005303,67.7426913154859,62.3241240288262,58.7431592983621,67.4651350531629,59.398103001512,65.8245223446396,64.3920137777898,69.10447111067,64.7608497369686,68.1941431108157,67.0539283082403,60.8185260676821
68.8093809246125,68.3877245004889,56.4477159939999,63.9754532119951,68.4797582121067,66.4665601105007,65.1970509226555,66.6969651227135,65.3779598268038,66.304289598953,69.7772019966131,54.7223026532415,67.8743663082939,66.009562288491,65.2057764531707,66.3774419541163,66.4759272027225,69.2592363102898,63.97387005303,67.7426913154859,62.3241240288262,58.7431592983621,67.4651350531629,59.398103001512,65.8245223446396,64.3920137777898,69.10447111067,64.7608497369686,68.1941431108157,67.0571659764923,60.8185260676821
68.8093809246125,68.3877245004889,56.4477159939999,63.9754532119951,68.4797582121067,66.4665601105007,65.1970509226555,66.6969651227135,65.3779598268038,66.304289598953,69.7772019966131,54.7223026532415,67.8743663082939,66.009562288491,65.2057764531707,66.3774419541163,66.4759272027225,69.3529276084294,63.97387005303,67.7426913154859,62.3241240288262,58.7431592983621,67.4651350531629,59.398103001512,65.8248359526527,64.3920137777898,69.10447111067,64.7608497369686,68.1941431108157,67.0571659764923,60.8185260676821
68.8093809246125,68.3877245004889,56.4477159939999,63.9754532119951,68.4797582121067,66.4665601105007,65.1970509226555,66.6969651227135,65.3779598268038,66.304289598953,69.7772019966131,54.7223026532415,67.8743663082939,66.009562288491,65.2057764531707,66.3774419541163,66.4759272027225,69.3529276084294,63.97387005303,67.7426913154859,62.3241240288262,58.7431592983621,67.4651350531629,59.398103001512,65.8248359526527,64.3920137777898,69.10447111067,64.7608497369686,68.1941431108157,67.0571659764923,60.8185260676821
68.8093809246125,68.3877245004889,56.4477159939999,63.9754532119951,68.4797582121067,66.4665601105007,65.1970509226555,66.6969651227135,65.3779598268038,66.304289598953,69.7772019966131,54.7223026532415,67.8743663082939,66.009562288491,65.2057764531707,66.3774419541163,66.4759272027225,69.3529276084294,63.97387005303,67.7426913154859,62.4006352131388,58.7431592983621,67.4651350531629,59.398103001512,65.8248359526527,64.3920137777898,69.10447111067,64.7608497369686,68.1971884073593,67.0571659764923,60.8185260676821
68.8093809246125,68.3877245004889,56.4477159939999,63.9754532119951,68.4797582121067,66.4775246218393,65.1970509226555,66.6969651227135,65.3779598268038,66.304289598953,69.7772019966131,54.7223026532415,67.8743663082939,66.0354624760637,65.2057764531707,66.3774419541163,66.4759272027225,69.3529276084294,63.97387005303,67.7426913154859,62.4006352131388,58.7431592983621,67.6311361949365,59.398103001512,65.8248359526527,64.3920137777898,69.10447111067,64.7608497369686,68.1971884073593,67.0571659764923,60.8185260676821
68.8093809246125,68.3877245004889,56.4511986510577,63.9754532119951,68.4797582121067,66.4775246218393,65.1970509226555,66.6969651227135,65.3779598268038,66.304289598953,69.7772019966131,54.7223026532415,67.8743663082939,66.0354624760637,65.2057764531707,66.3774419541163,66.4759272027225,69.3529276084294,63.97387005303,67.7426913154859,62.4006352131388,58.7431592983621,67.6311361949365,59.398103001512,65.8248359526527,64.3920137777898,69.10447111067,64.7608497369686,68.1971884073593,67.0571659764923,60.8185260676821
68.8093809246125,68.3877245004889,56.4511986510577,64.0271607179332,68.4797582121067,66.4775246218393,65.1970509226555,66.6969651227135,65.382407359025,66.304289598953,69.7772019966131,54.7223026532415,67.8743663082939,66.0354624760637,65.2057764531707,66.3774419541163,66.4759272027225,69.3529276084294,64.0000966405155,67.7426913154859,62.4006352131388,58.7431592983621,67.6311361949365,59.398103001512,65.8248359526527,64.3988966536013,69.10447111067,64.7608497369686,68.1971884073593,67.0571659764923,60.8185260676821
68.8093809246125,68.3877245004889,56.4511986510577,64.0271607179332,68.4797582121067,66.4775246218393,65.2003938304014,66.6969651227135,65.382407359025,66.304289598953,69.7772019966131,54.7223026532415,67.8743663082939,66.0354624760637,65.2057764531707,66.3774419541163,66.4759272027225,69.3529276084294,64.0321778576296,67.7426913154859,62.4006352131388,58.7431592983621,67.6311361949365,59.398103001512,65.8248359526527,64.3988966536013,69.10447111067,64.7608497369686,68.1971884073593,67.0571659764923,60.8185706275452
68.8093809246125,68.4276507672523,56.4511986510577,64.0271607179332,68.4797582121067,66.4775246218393,65.2003938304014,66.6969651227135,65.382407359025,66.304289598953,69.7772019966131,54.7223026532415,67.8743663082939,66.0354624760637,65.2057764531707,66.3774419541163,66.4759272027225,69.3529276084294,64.0321778576296,67.7426913154859,62.4006352131388,58.7431592983621,67.6311361949365,59.398103001512,65.8270932689496,64.3988966536013,69.10447111067,64.7608497369686,68.1971884073593,67.0571659764923,60.8245917499762
68.8093809246125,68.4276507672523,56.4511986510577,64.0271607179332,68.4797582121067,66.4775246218393,65.2003938304014,66.6969651227135,65.382407359025,66.304289598953,69.7772019966131,54.7223026532415,67.8798165755089,66.0354624760637,65.2057764531707,66.3774419541163,66.4759272027225,69.3529276084294,64.0321778576296,67.7426913154859,62.4006352131388,58.7431592983621,67.6311361949365,59.398103001512,65.8270932689496,64.3988966536013,69.10447111067,64.7608497369686,68.1971884073593,67.0571659764923,60.8245917499762
68.8306556279318,68.4276507672523,56.4511986510577,64.0271607179332,68.4797582121067,66.4775246218393,65.2003938304014,66.6969651227135,65.382407359025,66.304289598953,69.7813923069633,54.7223026532415,67.8798165755089,66.0354624760637,65.2057764531707,66.3774419541163,66.4759272027225,69.3529276084294,64.0321778576296,67.7426913154859,62.442888825346,58.7431592983621,67.6311361949365,59.398103001512,65.8270932689496,64.3988966536013,69.10447111067,64.7608497369686,68.1971884073593,67.0571659764923,60.8245917499762
68.8306556279318,68.4276507672523,56.4511986510577,64.0271607179332,68.4797582121067,66.4775246218393,65.2003938304014,66.6969651227135,65.382407359025,66.304289598953,69.7813923069633,54.7223026532415,67.8798165755089,66.3832187271704,65.2057764531707,66.3774419541163,66.4759272027225,69.3529276084294,64.0321778576296,67.7550845511341,62.442888825346,58.7431592983621,67.6311361949365,59.4098346037923,65.8270932689496,64.3988966536013,69.10447111067,64.7608497369686,68.1971884073593,67.0571659764923,60.8245917499762
68.8306556279318,68.4276507672523,56.4511986510577,64.0271607179332,68.4797582121067,66.4775246218393,65.2003938304014,66.6969651227135,65.382407359025,66.304289598953,69.7813923069633,54.7223026532415,67.8798165755089,66.3832187271704,65.2150331589387,66.3774419541163,66.4824754318821,69.3529276084294,64.0321778576296,67.7550845511341,62.442888825346,58.7431592983621,67.6311361949365,59.4098346037923,65.8270932689496,64.3988966536013,69.1045915019938,64.7608497369686,68.1971884073593,67.0571659764923,60.8245917499762
68.8306556279318,68.4276507672523,56.4511986510577,64.0271607179332,68.4797582121067,66.4775246218393,65.2003938304014,66.6969651227135,65.382407359025,66.304289598953,69.7813923069633,54.7223026532415,67.8798165755089,66.3832187271704,65.2150331589387,66.3774419541163,66.4824754318821,69.3529276084294,64.0321778576296,67.7550845511341,62.442888825346,58.7431592983621,67.6311361949365,59.4098346037923,65.8270932689496,64.3988966536013,69.1045915019938,64.7608497369686,68.2126798123639,67.0571659764923,60.8245917499762
68.8306556279318,68.4537342968228,56.4511986510577,64.0271607179332,68.4797582121067,66.4775246218393,65.2003938304014,66.6969651227135,65.382407359025,66.304289598953,69.7875706640091,54.7223026532415,67.9015879054574,66.3832187271704,65.2150331589387,66.3774419541163,66.4824754318821,69.3529276084294,64.0321778576296,67.7550845511341,62.442888825346,58.7431592983621,67.6311361949365,59.4098346037923,65.8270932689496,64.3988966536013,69.1045915019938,64.7608497369686,68.2126798123639,67.0873251426085,60.8245917499762
68.8306556279318,68.4537342968228,56.4511986510577,64.0271607179332,68.4797582121067,66.4775246218393,65.2003938304014,66.6969651227135,65.382407359025,66.3104981990919,69.7875706640091,54.7223026532415,67.9015879054574,66.3832187271704,65.2150331589387,66.3774419541163,66.4824754318821,69.3529276084294,64.0321778576296,67.7550845511341,62.442888825346,58.7431592983621,67.6311361949365,59.4098346037923,65.8482026478322,64.3988966536013,69.1045915019938,64.7608497369686,68.2126798123639,67.0873251426085,60.8290831458524
68.8306556279318,68.4537342968228,56.4511986510577,64.0271607179332,68.4797582121067,66.4775246218393,65.2003938304014,66.6969651227135,65.382407359025,66.3104981990919,69.7875706640091,54.7223026532415,67.9015879054574,66.3832187271704,65.2150331589387,66.3774419541163,66.4824754318821,69.3529276084294,64.0321778576296,67.7550845511341,62.442888825346,58.7431592983621,67.6311361949365,59.4098346037923,65.8482026478322,64.3988966536013,69.1045915019938,64.7608497369686,68.2126798123639,67.0873251426085,60.8290831458524
68.8306556279318,68.4537342968228,56.4511986510577,64.0271607179332,68.4797582121067,66.4775246218393,65.2003938304014,66.6969651227135,65.4162170326729,66.3104981990919,69.7875706640091,54.7223026532415,67.9015879054574,66.3832187271704,65.2150331589387,66.3774419541163,66.4824754318821,69.3529276084294,64.0321778576296,67.7550845511341,62.442888825346,58.7431592983621,67.6311361949365,59.4098346037923,65.8482026478322,64.3988966536013,69.1045915019938,64.7608497369686,68.2126798123639,67.0873251426085,60.8290831458524
68.8306556279318,68.4537342968228,56.4559097532335,64.0271607179332,68.4797582121067,66.4775246218393,65.2003938304014,66.6969651227135,65.4162170326729,66.3104981990919,69.7875706640091,54.7223026532415,67.9015879054574,66.3832187271704,65.2150331589387,66.3774419541163,66.4824754318821,69.3565306378199,64.0321778576296,67.7550845511341,62.442888825346,58.7431592983621,67.7213350887756,59.4098346037923,65.8482026478322,64.3988966536013,69.1045915019938,64.7608497369686,68.2126798123639,67.0873251426085,60.8290831458524
68.8306556279318,68.4537342968228,56.4559097532335,64.0271607179332,68.4797582121067,66.7387567885774,65.2003938304014,66.7148592921146,65.4162170326729,66.3104981990919,69.7875706640091,54.7223026532415,67.9198811312715,66.3832187271704,65.2150331589387,66.3774419541163,66.4824754318821,69.3565306378199,64.0321778576296,67.7550845511341,62.6661735266952,58.7431592983621,67.7213350887756,59.4098346037923,65.8482026478322,64.3988966536013,69.1045915019938,64.7608497369686,68.2126798123639,67.1048613795303,60.8290831458524
68.8306556279318,68.4537342968228,56.4559097532335,64.0271607179332,68.4797582121067,66.7387567885774,65.2003938304014,66.7148592921146,65.4162170326729,66.3104981990919,69.7875706640091,54.7223026532415,67.9198811312715,66.3832187271704,65.2375957699544,66.3774419541163,66.4824754318821,69.3565306378199,64.0321778576296,67.7550845511341,62.6661735266952,58.7431592983621,67.7213350887756,59.4098346037923,65.8482026478322,64.3988966536013,69.1045915019938,64.7608497369686,68.2126798123639,67.1048613795303,60.8290831458524
68.8306556279318,68.4537342968228,56.4559097532335,64.0271607179332,68.4797582121067,66.7387567885774,65.2003938304014,66.7148592921146,65.4162170326729,66.3104981990919,69.7875706640091,54.7223026532415,67.9198811312715,66.3832187271704,65.2375957699544,66.3774419541163,66.4824754318821,69.3565306378199,64.0321778576296,67.7550845511341,62.6661735266952,58.7431592983621,67.7213350887756,59.4098346037923,65.8487023027711,64.3988966536013,69.1045915019938,64.7608497369686,68.2126798123639,67.1048613795303,60.8290831458524
68.8306556279318,68.4537342968228,56.4559097532335,64.0271607179332,68.4797582121067,66.7387567885774,65.2003938304014,66.7148592921146,65.4162170326729,66.6171353090199,69.7875706640091,54.7223026532415,67.9198811312715,66.3832187271704,65.2375957699544,66.3774419541163,66.4824754318821,69.3565306378199,64.0321778576296,67.7550845511341,62.6661735266952,58.7431592983621,67.7213350887756,59.4098346037923,65.8487023027711,64.3988966536013,69.1082975237142,64.7608497369686,68.2126798123639,67.1048613795303,60.8290831458524
68.8306556279318,68.4537342968228,56.4559097532335,64.0271607179332,68.4797582121067,66.7387567885774,65.2003938304014,66.7148592921146,65.4162170326729,66.6171353090199,69.7875706640091,54.7223026532415,67.9198811312715,66.3832187271704,65.2375957699544,66.3774419541163,66.4824754318821,69.3565306378199,64.0321778576296,67.7550845511341,62.6661735266952,58.7431592983621,67.7213350887756,59.4098346037923,65.8487023027711,64.4070051832483,69.1082975237142,64.7608497369686,68.2126798123639,67.1048613795303,60.8300055430253
68.8306556279318,68.4537342968228,56.4559097532335,64.0271607179332,68.4797582121067,66.7387567885774,65.2003938304014,66.7148592921146,65.4162170326729,66.6171353090199,69.7875706640091,54.7223026532415,67.9198811312715,66.3832187271704,65.2375957699544,66.3774419541163,66.4824754318821,69.3565306378199,64.0321778576296,67.7593710352254,62.6661735266952,58.7431592983621,67.7213350887756,59.4098346037923,65.8487023027711,64.4070051832483,69.1082975237142,64.7608497369686,68.2126798123639,67.1048613795303,60.8300055430253
68.8306556279318,68.4537342968228,56.4559806582412,64.0271607179332,68.4797582121067,66.7387567885774,65.2003938304014,66.7148592921146,65.4162170326729,66.6171353090199,69.7875706640091,54.7223026532415,67.9198811312715,66.3832187271704,65.2375957699544,66.3774419541163,66.4824754318821,69.3618843410899,64.0321778576296,67.7593710352254,62.6661735266952,58.7431592983621,67.7213350887756,59.4098346037923,65.8487023027711,64.4070051832483,69.1082975237142,64.7608497369686,68.2126798123639,67.1048613795303,60.8300055430253
68.8306556279318,68.4537342968228,56.4559806582412,64.0271607179332,68.4797582121067,66.7387567885774,65.2003938304014,66.7148592921146,65.4162170326729,66.6171353090199,69.7875706640091,54.7223026532415,67.9198811312715,66.3832187271704,65.2375957699544,66.3774419541163,66.4824754318821,69.3618843410899,64.0321778576296,67.7593710352254,62.6661735266952,58.7431592983621,67.7454125697502,59.4098346037923,65.8487023027711,64.4070051832483,69.1082975237142,64.7648824403602,68.2126798123639,67.1048613795303,60.8300055430253
68.8306556279318,68.4537342968228,56.4559806582412,64.0397022601975,68.4797582121067,67.0172782954126,65.2003938304014,66.7148592921146,65.4162170326729,66.6171353090199,69.7887894915503,54.7546057007721,67.9198811312715,66.3832187271704,65.2375957699544,66.3774419541163,66.4824754318821,69.3618843410899,64.0321778576296,67.7593710352254,62.6661735266952,58.7431592983621,67.7454125697502,59.4098346037923,65.8487023027711,64.4070051832483,69.1082975237142,64.7648824403602,68.2126798123639,67.1048613795303,60.8300055430253
68.8306556279318,68.4537342968228,56.4559806582412,64.0397022601975,68.5250296592265,67.0172782954126,65.2003938304014,66.7148592921146,65.4318839813166,66.6171353090199,69.7887894915503,54.7546057007721,67.9198811312715,66.3832187271704,65.2375957699544,66.3774419541163,66.4824754318821,69.3618843410899,64.0945395417175,67.7593710352254,62.6661735266952,58.7431592983621,67.7454125697502,59.4098346037923,65.8581338644837,64.4070051832483,69.1082975237142,64.7648824403602,68.2126798123639,67.1048613795303,60.8300055430253
68.8306556279318,68.4537342968228,56.4559806582412,64.0397022601975,68.5250296592265,67.0172782954126,65.2003938304014,66.7148592921146,65.4318839813166,66.6705736319716,69.7887894915503,54.7546057007721,67.9198811312715,66.3832187271704,65.243467781581,66.3774419541163,66.4824754318821,69.3618843410899,64.0945395417175,67.7593710352254,62.6661735266952,58.7431592983621,67.7454125697502,59.4098346037923,65.8581338644837,64.4070051832483,69.1082975237142,64.7648824403602,68.2126798123639,67.1048613795303,60.8300055430253
68.8306556279318,68.4537342968228,56.4559806582412,64.0397022601975,68.5250296592265,67.0172782954126,65.2003938304014,66.7148592921146,65.4318839813166,66.6705736319716,69.7887894915503,54.7546057007721,67.9198811312715,66.3832187271704,65.243467781581,66.3774419541163,66.4903676416227,69.3618843410899,64.0945395417175,67.7593710352254,62.6661735266952,58.7431592983621,67.7454125697502,59.4098346037923,65.8581338644837,64.4070051832483,69.1082975237142,64.7648824403602,68.2126798123639,67.1048613795303,60.8300055430253
68.8306556279318,68.4537342968228,56.4559806582412,64.0397022601975,68.5250296592265,67.0172782954126,65.2003938304014,66.7148592921146,65.4318839813166,66.6705736319716,69.7887894915503,54.7546057007721,67.9198811312715,66.3832187271704,65.243467781581,66.3774419541163,66.4903676416227,69.3618843410899,64.0945395417175,67.7593710352254,62.6661735266952,58.7431592983621,67.7454125697502,59.4098346037923,65.8581338644837,64.413207380942,69.1082975237142,64.7648824403602,68.2126798123639,67.1048613795303,60.858285486422
68.8306556279318,68.4537342968228,56.4559806582412,64.0397022601975,68.5250296592265,67.0172782954126,65.2003938304014,66.7148592921146,65.4318839813166,66.6705736319716,69.7887894915503,54.7546057007721,67.9198811312715,66.3832187271704,65.243467781581,66.3774419541163,66.4903676416227,69.3618843410899,64.0945395417175,67.7593710352254,62.6661735266952,60.3552700764959,67.7454125697502,59.4098346037923,65.8581338644837,64.413207380942,69.1082975237142,64.7648824403602,68.2126798123639,67.1048613795303,60.858285486422
68.8306556279318,68.4537342968228,56.4559806582412,64.0397022601975,68.5250296592265,67.0172782954126,65.2003938304014,66.7148592921146,65.4318839813166,66.6705736319716,69.7887894915503,54.7546057007721,67.9198811312715,66.5514259290099,65.243467781581,66.3774419541163,66.4903676416227,69.3618843410899,64.0945395417175,67.7593710352254,62.6661735266952,60.3552700764959,67.8442477743971,59.4098346037923,65.8581338644837,64.413207380942,69.1082975237142,64.7648824403602,68.2126798123639,67.1048613795303,60.858285486422
68.8306556279318,68.4537342968228,56.4559806582412,64.0397022601975,68.5250296592265,67.0172782954126,65.2003938304014,66.7225997119377,65.4318839813166,66.6705736319716,69.7887894915503,54.7546057007721,67.9198811312715,66.5514259290099,65.243467781581,66.3774419541163,66.4903676416227,69.3618843410899,64.0945395417175,67.770299003746,62.6661735266952,60.3552700764959,67.8442477743971,59.4098346037923,65.858759321822,64.413207380942,69.1082975237142,64.7648824403602,68.2126798123639,67.1048613795303,60.858285486422
68.8306556279318,68.4537342968228,56.4559806582412,64.0397022601975,68.5250296592265,67.0172782954126,65.2003938304014,66.7225997119377,65.4318839813166,66.6705736319716,69.7887894915503,54.7546057007721,67.9198811312715,66.5514259290099,65.243467781581,66.3774419541163,66.4903676416227,69.3618843410899,64.0945395417175,67.770299003746,62.6661735266952,60.3552700764959,67.8442477743971,59.4098346037923,65.858759321822,64.413207380942,69.1082975237142,64.7648824403602,68.2126798123639,67.1048613795303,60.858285486422
68.8306556279318,68.4537342968228,56.4559806582412,64.0397022601975,68.5250296592265,67.0172782954126,65.2003938304014,66.7225997119377,65.4318839813166,66.6705736319716,69.7887894915503,54.7546057007721,67.9198811312715,66.5514259290099,65.243467781581,66.3774419541163,66.4903676416227,69.3618843410899,64.0945395417175,67.770299003746,62.6661735266952,60.3552700764959,67.8442477743971,59.4098346037923,65.858759321822,64.413207380942,69.1082975237142,64.7648824403602,68.2126798123639,67.1176564273178,60.858285486422
68.8306556279318,68.4537342968228,56.4559806582412,64.0397022601975,68.5250296592265,67.0172782954126,65.2003938304014,66.7225997119377,65.4318839813166,66.6705736319716,69.7887894915503,54.7546057007721,67.9198811312715,66.5514259290099,65.243467781581,66.3774419541163,66.4903676416227,69.3618843410899,64.0945395417175,67.770299003746,62.6661735266952,60.3552700764959,67.8442477743971,59.4098346037923,65.858759321822,64.413207380942,69.1082975237142,64.7648824403602,68.2126798123639,67.1176564273178,60.858285486422
68.8306556279318,68.4537342968228,56.4559806582412,64.0397022601975,68.5250296592265,67.0172782954126,65.2093242842337,66.7225997119377,65.4318839813166,66.6705736319716,69.7887894915503,54.7546057007721,67.9198811312715,66.5514259290099,65.243467781581,66.3774419541163,66.4954969207975,69.3618843410899,64.0945395417175,67.770299003746,62.6661735266952,60.3552700764959,67.8442477743971,59.4098346037923,65.858759321822,64.413207380942,69.1082975237142,64.7648824403602,68.2126798123639,67.1176564273178,60.858285486422
68.8306556279318,68.4537342968228,56.4559806582412,64.0397022601975,68.5250296592265,67.0172782954126,65.2093242842337,66.7225997119377,65.4318839813166,66.6705736319716,69.7925154557709,54.7546057007721,67.9198811312715,66.6734485085687,65.243467781581,66.3774419541163,66.4954969207975,69.3618843410899,64.0945395417175,67.770299003746,62.6661735266952,60.3552700764959,67.8442477743971,59.4098346037923,65.858759321822,64.413207380942,69.1082975237142,64.7648824403602,68.2126798123639,67.1176564273178,60.858285486422
68.8306556279318,68.4537342968228,56.4559806582412,64.0397022601975,68.5250296592265,67.0172782954126,65.2093242842337,66.7225997119377,65.4318839813166,66.6705736319716,69.7925154557709,54.7546057007721,67.9295914609525,66.6734485085687,65.243467781581,66.3774419541163,66.4954969207975,69.3618843410899,64.0945395417175,67.770299003746,62.6661735266952,60.3552700764959,67.8442477743971,59.4098346037923,65.8751487293829,64.415678434931,69.1082975237142,64.7648824403602,68.2126798123639,67.1176564273178,60.858285486422
68.8306556279318,68.4537342968228,56.4559806582412,64.0397022601975,68.5250296592265,67.0172782954126,65.2093242842337,66.7225997119377,65.4318839813166,66.6705736319716,69.7925154557709,54.7546057007721,67.9295914609525,66.6734485085687,65.243467781581,66.3774419541163,66.4954969207975,69.3618843410899,64.0945395417175,67.770299003746,62.6661735266952,60.3552700764959,67.8442477743971,59.4098346037923,65.8751487293829,64.415678434931,69.1082975237142,64.7648824403602,68.2126798123639,67.1176564273178,60.858285486422
68.8306556279318,68.4537342968228,56.4559806582412,64.0397022601975,68.5250296592265,67.0172782954126,65.2093242842337,66.7748617266176,65.4318839813166,66.7093280056512,69.7925154557709,54.7546057007721,67.9295914609525,66.6734485085687,65.243467781581,66.3774419541163,66.4954969207975,69.3618843410899,64.0945395417175,67.7762507408365,62.6661735266952,60.3552700764959,67.8442477743971,59.4098346037923,65.8751487293829,64.415678434931,69.1082975237142,64.7648824403602,68.2126798123639,67.1176564273178,60.858285486422
68.8306556279318,68.4537342968228,56.4559806582412,64.0397022601975,68.5250296592265,67.0172782954126,65.2093242842337,66.7748617266176,65.4318839813166,66.7093280056512,69.7925154557709,54.7546057007721,67.9295914609525,66.6734485085687,65.243467781581,66.3774419541163,66.4954969207975,69.3768762009061,64.0945395417175,67.7762507408365,62.6661735266952,60.3552700764959,67.8442477743971,59.4098346037923,65.8751487293829,64.415678434931,69.1082975237142,64.7648824403602,68.2126798123639,67.1176564273178,60.858285486422
68.8335978295334,68.4537342968228,56.4559806582412,64.0397022601975,68.5375447422841,67.0172782954126,65.2093242842337,66.7748617266176,65.4318839813166,66.7093280056512,69.7925154557709,54.7546057007721,67.9295914609525,66.6734485085687,65.243467781581,66.3774419541163,66.4954969207975,69.3768762009061,64.0945395417175,67.7762507408365,62.6661735266952,60.3552700764959,67.8442477743971,59.4098346037923,65.8751487293829,64.415678434931,69.1082975237142,64.7648824403602,68.2126798123639,67.1287025812362,60.858285486422
68.8335978295334,68.4680496553272,56.4559806582412,64.0397022601975,68.5375447422841,67.0172782954126,65.2093242842337,66.7748617266176,65.4318839813166,66.7093280056512,69.7925154557709,54.7546057007721,67.9295914609525,66.6734485085687,65.243467781581,66.3774419541163,66.4954969207975,69.3768762009061,64.0945395417175,67.7762507408365,62.6661735266952,60.3552700764959,67.8442477743971,59.4098346037923,65.8751487293829,64.415678434931,69.1082975237142,64.7648824403602,68.2126798123639,67.1287025812362,60.8612515225947
68.8335978295334,68.4680496553272,56.4559806582412,64.0445760556824,68.5375447422841,67.0172782954126,65.2093242842337,66.7748617266176,65.4318839813166,66.7093280056512,69.7925154557709,54.7849828450578,67.9295914609525,66.6734485085687,65.243467781581,66.3774419541163,66.4954969207975,69.3768762009061,64.0945395417175,67.7762507408365,62.8718940397317,60.3552700764959,67.8442477743971,59.4098346037923,65.8751487293829,64.415678434931,69.1082975237142,64.7648824403602,68.2126798123639,67.1287025812362,60.866634531391
68.8335978295334,68.4680496553272,56.4559806582412,64.0608675074162,68.5375447422841,67.0172782954126,65.2093242842337,66.7748617266176,65.4318839813166,66.7093280056512,69.7925154557709,54.7849828450578,67.9295914609525,66.6734485085687,65.243467781581,66.3774419541163,66.4956663935034,69.3768762009061,64.1136923816078,67.7762507408365,62.8718940397317,60.3552700764959,67.9565571908494,59.4098346037923,65.8751487293829,64.415678434931,69.1082975237142,64.7648824403602,68.2126798123639,67.1287025812362,60.866634531391
68.8335978295334,68.4680496553272,56.4559806582412,64.0608675074162,68.5375447422841,67.0172782954126,65.2093242842337,66.7748617266176,65.451881356164,66.7093280056512,69.7925154557709,54.7849828450578,67.9295914609525,66.6734485085687,65.243467781581,66.3774419541163,66.4956663935034,69.3768762009061,64.1136923816078,67.7762507408365,62.8718940397317,60.3552700764959,67.9565571908494,59.4098346037923,65.8751487293829,64.415678434931,69.1082975237142,64.7648824403602,68.2126798123639,67.1287025812362,60.866634531391
68.8335978295334,68.4680496553272,56.4559806582412,64.0608675074162,68.5375447422841,67.0252320768178,65.2093242842337,66.7748617266176,65.4928353765742,66.7339367127271,69.7925154557709,54.7849828450578,67.9295914609525,66.6734485085687,65.243467781581,66.3774419541163,66.4956663935034,69.3768762009061,64.1136923816078,67.7762507408365,62.8718940397317,60.3552700764959,67.9565571908494,59.4098346037923,65.8751487293829,64.415678434931,69.1082975237142,64.7648824403602,68.2126798123639,67.1287025812362,60.866634531391
68.8335978295334,68.4680496553272,56.4609701009197,64.0608675074162,68.5375447422841,67.0252320768178,65.2093242842337,66.7748617266176,65.4928353765742,66.7339367127271,69.7925154557709,54.7849828450578,67.9295914609525,66.6734485085687,65.243467781581,66.3994860090423,66.4956663935034,69.3768762009061,64.1136923816078,67.7762507408365,62.8718940397317,60.3552700764959,67.9565571908494,59.4098346037923,65.8751487293829,64.415678434931,69.1082975237142,64.7648824403602,68.2126798123639,67.1287025812362,60.866634531391
68.8335978295334,68.4680496553272,56.4609701009197,64.0608675074162,68.5558680058303,67.0252320768178,65.2093242842337,66.7748617266176,65.4928353765742,66.7339367127271,69.7925154557709,54.7849828450578,67.9295914609525,66.6734485085687,65.243467781581,66.3994860090423,66.4956663935034,69.3768762009061,64.1136923816078,67.782529687239,62.8718940397317,60.3552700764959,67.9565571908494,59.4098346037923,65.8751487293829,64.415678434931,69.1082975237142,64.765932091781,68.2126798123639,67.1287025812362,60.866634531391
31.8050435359362,35.8755287600228,50.1201458629306,35.9223417322816,45.5977327012174,17.2880583070895,49.0642452964602,53.8748322733849,24.2374855220428,26.9008231291532,49.3100221566633,24.4812382384065,42.8214971611852,30.8307503502625,62.1591351603267,58.345743452906,40.4545204342501,45.2142710258747,28.9450908642577,41.738754757448,32.301771480011,42.966743972926,34.2017841814097,28.9436635575973,31.2048659720487,18.5832013605556,35.4617060911073,29.406540193598,20.9150347943441,51.6414889065583,36.142186515678
49.5037480950499,35.881148699789,50.1201458629306,36.0819239093921,46.8391019674251,33.5818152807198,63.417676112061,55.6821200037114,50.7792251553048,27.0963055025598,49.3148453960551,39.692851643998,55.8319089160775,30.8795758407263,62.1666206997368,58.4014306554605,56.4595057038824,45.5750758944994,35.6512347214547,48.5840745473212,32.3705856976072,42.993185067498,34.2201236096656,49.4057540884237,61.1897677529435,39.6900466826786,48.1533870192777,29.9155118295039,20.9538864682911,51.7241743104958,60.2693445921675
51.7833916391252,51.5074370854975,50.1201458629306,36.0819239093921,54.7233490284767,54.675941179865,63.417676112061,55.6821200037114,50.7792251553048,51.6919005816596,51.3713984131178,39.692851643998,55.8319089160775,48.1770566898404,62.1666206997368,58.4014306554605,56.4644603374325,52.5880845191082,35.6512347214547,48.611148747175,63.738536755123,42.993185067498,44.3951299601392,49.4057540884237,61.1924312559371,58.7176264266716,48.1533870192777,41.8021565579154,32.455437766501,51.7241743104958,60.3124939734236
51.7833916391252,51.5074370854975,50.1201458629306,56.3795196474377,55.2958249332806,55.5447034407791,63.417676112061,55.6821200037114,50.7792251553048,51.6919005816596,51.3713984131178,39.692851643998,55.8319089160775,54.5547152274093,62.1666206997368,58.4014306554605,57.6691066509861,55.0309131626641,55.3007803597732,48.611148747175,63.738536755123,50.7537503627857,51.7078973427713,49.4057540884237,61.1924312559371,58.7275303963844,48.1533870192777,41.8021565579154,56.9403486329698,51.7241743104958,60.3124939734236
51.7833916391252,51.5074370854975,50.1328602833174,56.3795196474377,55.2958249332806,55.5447034407791,63.417676112061,55.6821200037114,50.7792251553048,51.6919005816596,51.3713984131178,39.692851643998,55.8554283787328,55.0292776288617,62.1666206997368,58.4252782801475,57.6691066509861,55.0309131626641,55.3602033603803,48.611148747175,63.738536755123,50.7537503627857,59.8637175227385,49.4057540884237,61.1924312559371,58.7275303963844,48.1533870192777,41.8021565579154,56.9403486329698,51.7241743104958,60.3124939734236
51.7833916391252,51.5074370854975,50.1969824902701,56.3795196474377,55.2958249332806,55.5447034407791,63.417676112061,55.6890439912637,50.7792251553048,51.6919005816596,51.3713984131178,45.1536519757135,55.8554283787328,55.0292776288617,62.301488345621,58.7143006001874,57.6691066509861,55.0309131626641,55.3602033603803,48.611148747175,63.738536755123,55.1155162705737,59.8637175227385,49.4395022047472,61.1924312559371,58.7275303963844,48.1533870192777,41.8021565579154,56.9403486329698,51.7241743104958,60.3124939734236
51.7833916391252,51.9364961229948,50.1969824902701,56.3795196474377,55.2958249332806,55.5447034407791,63.4401143205051,55.7334964617961,50.7792251553048,51.6919005816596,51.3713984131178,46.4892281236758,55.8554283787328,55.0292776288617,62.301488345621,58.7143006001874,57.6691066509861,55.0309131626641,55.3602033603803,48.611148747175,63.738536755123,55.1155162705737,59.8637175227385,49.4574718011877,61.1924312559371,58.7275303963844,48.1797349377905,41.8404387218034,56.9403486329698,51.7818388379196,60.3246065726514
51.7833916391252,51.9364961229948,50.1969824902701,56.3795196474377,55.2958249332806,55.5447034407791,63.5154124306685,55.7334964617961,50.8741779595444,52.0305978749443,51.5179239639619,46.4892281236758,55.8844359431098,55.0292776288617,62.301488345621,58.7143006001874,57.6691066509861,55.0309131626641,55.3602033603803,48.6469915339147,63.8835979691114,55.1155162705737,59.8637175227385,49.4574718011877,61.2422134530617,58.7356605757174,48.236492410182,41.8736457427693,56.9403486329698,52.0028085363449,60.4082990006695
52.0291018111931,51.9364961229948,50.1969824902701,56.3795196474377,55.8456079950041,55.5447034407791,63.5154124306685,55.7334964617961,51.4655205059406,53.9406940090855,51.5179239639619,46.4892281236758,55.8854658088834,55.0292776288617,62.301488345621,58.7143006001874,57.6691066509861,55.0309131626641,55.3602033603803,48.8443672162187,64.4363312341577,55.1155162705737,59.8637175227385,49.4574718011877,61.2422134530617,58.9482473421274,48.236492410182,41.8736457427693,56.9403486329698,52.0028085363449,60.4082990006695
52.0291018111931,51.9364961229948,50.1969824902701,56.3795196474377,55.8456079950041,55.5447034407791,63.5154124306685,55.7334964617961,51.4655205059406,53.9406940090855,51.5179239639619,46.4892281236758,55.8854658088834,55.0292776288617,62.301488345621,58.7143006001874,57.8323850867897,55.0309131626641,55.3602033603803,48.8443672162187,64.4363312341577,55.1155162705737,59.8637175227385,49.4574718011877,61.2422134530617,58.9482473421274,48.236492410182,41.8736457427693,56.9403486329698,52.0028085363449,60.4082990006695
52.0291018111931,51.9364961229948,50.1969824902701,56.4199238679052,55.8456079950041,56.9788722670501,63.5154124306685,55.7334964617961,51.4655205059406,53.9406940090855,51.5179239639619,46.4892281236758,55.8854658088834,55.5879664248553,62.301488345621,58.7143006001874,57.8323850867897,55.0309131626641,55.3602033603803,48.8443672162187,64.4363312341577,55.1155162705737,60.4547287524035,49.4574718011877,61.2422134530617,58.9482473421274,48.236492410182,41.8736457427693,57.1033435182521,52.0028085363449,60.4082990006695
52.0291018111931,51.9364961229948,50.1969824902701,56.6099758268244,55.8456079950041,56.9788722670501,63.5154124306685,55.7662982312885,51.4655205059406,53.9406940090855,51.5179239639619,46.4892281236758,55.9250834268013,55.5879664248553,62.301488345621,58.7980511415263,57.8323850867897,55.0429622989338,55.6249300301002,48.8443672162187,64.4363312341577,55.1155162705737,60.4547287524035,49.4939323063405,61.2422134530617,58.9482473421274,48.236492410182,41.8736457427693,57.1033435182521,52.0028085363449,60.4082990006695
52.0291018111931,53.0214545910847,50.2302894205766,56.6099758268244,55.8456079950041,56.9788722670501,63.5154124306685,55.852900805888,51.4655205059406,53.9406940090855,51.5179239639619,46.4892281236758,55.9250834268013,55.5879664248553,62.301488345621,58.7980511415263,57.8323850867897,55.0995279908531,55.6249300301002,48.8443672162187,64.4363312341577,55.1155162705737,60.4547287524035,49.4939323063405,61.2422134530617,58.9482473421274,48.236492410182,41.8736457427693,57.1033435182521,52.0028085363449,60.4082990006695
52.0291018111931,53.0214545910847,50.3691670612238,56.6099758268244,55.8456079950041,56.9788722670501,63.5154124306685,55.852900805888,51.4655205059406,53.9406940090855,51.5179239639619,46.4892281236758,55.9250834268013,55.5879664248553,62.3718313026103,58.7980511415263,57.8323850867897,55.0995279908531,55.6249300301002,48.8443672162187,64.4363312341577,55.1155162705737,60.4547287524035,49.4939323063405,61.2422134530617,58.9639041934559,48.236492410182,41.9046468225676,57.1033435182521,52.0028085363449,60.4082990006695
52.0291018111931,53.0214545910847,50.3691670612238,56.6099758268244,56.7201664733836,56.9788722670501,63.5383935170917,55.852900805888,51.4655205059406,56.9027221059358,51.5179239639619,46.4892281236758,56.0478228402227,55.5879664248553,62.4059986776896,58.7980511415263,57.8323850867897,55.0995279908531,55.6249300301002,48.8443672162187,64.4363312341577,55.1155162705737,60.4547287524035,49.4939323063405,61.2422134530617,59.1312667083034,48.4111447356361,42.4464877629032,57.1033435182521,52.0028085363449,60.4564738713546
52.0291018111931,53.0214545910847,50.3691670612238,56.6099758268244,56.7201664733836,56.9788722670501,63.7093625121681,55.852900805888,51.4655205059406,56.9027221059358,51.5179239639619,46.4892281236758,56.8747010664679,55.5879664248553,62.4059986776896,58.7980511415263,57.8323850867897,55.0995279908531,55.6249300301002,48.8443672162187,64.5305027287546,55.1155162705737,60.4547287524035,49.4939323063405,61.2422134530617,59.1312667083034,48.6442453277186,42.4464877629032,57.1033435182521,52.2179990301415,60.7924180444875
52.0291018111931,53.0214545910847,50.3691670612238,56.6099758268244,56.7201664733836,56.9788722670501,63.7093625121681,56.457673770988,51.5397996377334,56.9027221059358,51.5179239639619,46.4892281236758,56.8747010664679,55.5879664248553,62.4059986776896,58.8935291826069,57.8323850867897,55.0995279908531,55.6249300301002,48.9050273990017,64.8406841849377,55.1155162705737,60.4547287524035,49.6038390726008,61.3349869236675,59.1312667083034,48.6442453277186,42.4464877629032,57.1033435182521,54.0379805536086,60.7924180444875
53.6098776418069,53.0214545910847,50.3691670612238,56.6099758268244,56.7201664733836,57.1130205314528,63.7093625121681,56.457673770988,51.9398088596533,56.9027221059358,51.5179239639619,46.4892281236758,56.8747010664679,56.863661433195,62.4059986776896,60.106843457067,57.8323850867897,55.0995279908531,55.6249300301002,48.9050273990017,64.8406841849377,55.1155162705737,60.6583492850257,49.8956824317643,61.3349869236675,59.1312667083034,48.6442453277186,42.4464877629032,57.1033435182521,54.0379805536086,60.7924180444875
53.6098776418069,54.5076908810507,50.3691670612238,56.6099758268244,56.7201664733836,58.4052532985104,63.7093625121681,56.457673770988,51.9398088596533,56.9027221059358,51.5179239639619,46.4892281236758,56.8747010664679,56.863661433195,62.4059986776896,60.106843457067,59.4756306442292,55.0995279908531,55.6955343567823,48.9050273990017,64.8406841849377,55.1155162705737,60.6583492850257,49.8956824317643,61.3349869236675,59.1312667083034,48.6442453277186,42.4464877629032,57.1033435182521,54.0379805536086,60.7924180444875
53.6098776418069,54.5076908810507,50.3691670612238,56.6099758268244,56.7201664733836,58.4052532985104,63.7093625121681,56.457673770988,51.9398088596533,56.9027221059358,52.4560258691739,46.4892281236758,56.8747010664679,56.863661433195,62.4059986776896,60.106843457067,59.4756306442292,55.0995279908531,55.6955343567823,48.9050273990017,64.8406841849377,55.1155162705737,60.6583492850257,49.8956824317643,61.3349869236675,59.1312667083034,48.6442453277186,42.4464877629032,57.1537118448693,54.0379805536086,60.7924180444875
53.6098776418069,54.5076908810507,50.3691670612238,57.0532277387384,56.7201664733836,58.4052532985104,63.7093625121681,56.457673770988,51.9398088596533,56.9027221059358,52.4560258691739,46.4892281236758,57.8707535760632,56.863661433195,62.4059986776896,60.106843457067,59.4756306442292,55.0995279908531,55.6955343567823,48.9050273990017,64.8406841849377,55.1155162705737,60.6583492850257,49.8956824317643,61.3349869236675,59.5064247682039,48.6442453277186,42.4464877629032,57.3989279834258,54.0379805536086,60.7924180444875
53.6098776418069,54.5076908810507,50.3691670612238,57.9251173857451,56.7201664733836,58.4052532985104,63.7093625121681,57.3993412217061,51.9398088596533,57.365324517342,52.4560258691739,46.4892281236758,58.3458309568083,56.863661433195,63.8163741015013,60.106843457067,59.4756306442292,55.0995279908531,55.6955343567823,48.9050273990017,64.8406841849377,55.1155162705737,60.6583492850257,49.8956824317643,61.3349869236675,59.774333369987,48.7459544020409,42.4464877629032,57.3989279834258,54.0379805536086,60.7924180444875
53.6098776418069,54.5076908810507,50.5819447760205,57.9251173857451,56.7201664733836,58.4052532985104,63.7093625121681,57.3993412217061,51.9398088596533,57.365324517342,52.4560258691739,46.4892281236758,58.3458309568083,56.863661433195,63.8163741015013,60.6245258155894,59.4756306442292,55.2672005783477,55.6955343567823,48.9050273990017,64.8406841849377,55.1155162705737,60.6583492850257,49.9273839327197,61.3349869236675,59.774333369987,49.4845891289628,42.8504833932565,57.3989279834258,54.0379805536086,61.2306128676204
53.6098776418069,54.5076908810507,50.5819447760205,58.0306585627218,56.7201664733836,58.4052532985104,63.811189138319,57.3993412217061,51.9398088596533,57.365324517342,52.4560258691739,46.4892281236758,58.3458309568083,56.9201524331565,63.8163741015013,60.6245258155894,59.4756306442292,55.5020534747567,55.6955343567823,48.9050273990017,64.8406841849377,55.1155162705737,60.6583492850257,49.9273839327197,61.3349869236675,59.774333369987,49.4845891289628,42.8660835670126,57.3989279834258,54.0379805536086,62.1134159912224
53.6098776418069,56.9869229865624,50.5819447760205,58.0306585627218,56.7201664733836,58.4052532985104,63.874156312673,57.3993412217061,51.9398088596533,57.365324517342,52.6149921451062,46.4892281236758,58.3458309568083,58.4075121534549,63.8163741015013,60.6245258155894,59.4756306442292,55.5020534747567,55.6955343567823,49.4148609818277,65.1212350088094,55.1155162705737,60.6583492850257,49.9273839327197,61.3349869236675,59.774333369987,49.4845891289628,42.8660835670126,57.3989279834258,54.0379805536086,62.1134159912224
54.2269759899325,56.9869229865624,50.5819447760205,58.0306585627218,56.7201664733836,59.1641186103626,63.874156312673,57.3993412217061,51.9845206278259,57.365324517342,52.6149921451062,46.4892281236758,58.3458309568083,58.4075121534549,63.8163741015013,60.6245258155894,59.4756306442292,55.5020534747567,55.6955343567823,49.6528293113044,65.1212350088094,55.1155162705737,60.6583492850257,49.9273839327197,61.4418766592432,59.774333369987,49.4845891289628,42.8660835670126,57.3989279834258,54.0379805536086,62.1134159912224
54.2269759899325,56.9869229865624,50.5819447760205,58.0306585627218,56.7201664733836,59.3976859837146,63.874156312673,57.3993412217061,54.0153610904913,57.365324517342,52.6149921451062,46.4892281236758,58.3458309568083,58.4075121534549,63.8163741015013,60.6245258155894,59.4855169177276,55.5020534747567,55.8684252692231,49.6528293113044,65.1212350088094,55.1155162705737,60.6583492850257,49.9273839327197,61.5937778771597,60.0259950398993,49.4845891289628,42.8660835670126,57.3989279834258,55.7943696500483,62.1134159912224
54.2269759899325,56.9869229865624,50.5819447760205,58.0306585627218,59.0091128789133,59.3976859837146,63.874156312673,57.8757325545512,54.0153610904913,59.71913417911,52.6149921451062,46.4892281236758,58.3458309568083,58.4075121534549,63.8163741015013,60.6245258155894,59.4855169177276,55.5020534747567,55.8684252692231,49.6528293113044,65.1212350088094,55.1155162705737,60.6583492850257,50.0169113225211,61.5937778771597,63.104808510952,49.4845891289628,42.8660835670126,57.3989279834258,55.7943696500483,62.1134159912224
54.2269759899325,56.9869229865624,50.5819447760205,58.0306585627218,59.0091128789133,59.3976859837146,63.874156312673,57.8757325545512,54.0153610904913,59.71913417911,52.6192769300817,46.4892281236758,58.3458309568083,58.4075121534549,63.8163741015013,60.8065753887009,59.4855169177276,55.5020534747567,55.8684252692231,49.6528293113044,65.1212350088094,57.4093941168979,60.6583492850257,50.4455234315607,61.5937778771597,63.104808510952,49.5560523956056,42.8660835670126,58.0041557885373,55.7943696500483,62.5065270004992
54.2269759899325,56.9869229865624,50.5819447760205,58.0306585627218,59.0091128789133,59.3976859837146,63.874156312673,57.8757325545512,54.0153610904913,59.71913417911,52.6192769300817,46.4892281236758,58.3458309568083,58.4075121534549,64.1055010844852,60.8065753887009,59.4855169177276,55.5020534747567,55.8684252692231,49.6528293113044,65.1212350088094,57.4093941168979,60.6583492850257,50.4455234315607,61.5937778771597,63.104808510952,49.5560523956056,42.8660835670126,58.0041557885373,55.7943696500483,63.6997536396836
54.2269759899325,56.9869229865624,50.5819447760205,59.554226937487,59.0091128789133,59.3976859837146,63.874156312673,57.8757325545512,54.0153610904913,59.71913417911,53.798338307466,46.4892281236758,58.3458309568083,58.4075121534549,64.1055010844852,60.8065753887009,59.4855169177276,55.5020534747567,55.8684252692231,49.6528293113044,65.1212350088094,57.4093941168979,60.6583492850257,50.4455234315607,61.5937778771597,63.104808510952,49.5560523956056,42.8660835670126,58.0041557885373,55.7943696500483,63.6997536396836
54.2269759899325,56.9869229865624,50.8226180961287,59.554226937487,59.0091128789133,59.3976859837146,65.1464343046232,57.8757325545512,54.0153610904913,59.71913417911,53.798338307466,46.4892281236758,58.8396631846474,58.4075121534549,64.1055010844852,60.8065753887009,59.4855169177276,55.5020534747567,55.8684252692231,49.6528293113044,65.1212350088094,57.4093941168979,60.6583492850257,50.4455234315607,61.5937778771597,63.104808510952,49.5560523956056,43.3985158140621,58.0041557885373,55.7943696500483,63.6997536396836
54.2269759899325,56.9869229865624,51.7009008723027,59.554226937487,59.0091128789133,59.3976859837146,65.414273913192,57.8757325545512,54.0153610904913,59.71913417911,53.798338307466,46.4892281236758,58.8396631846474,58.4075121534549,64.1055010844852,60.8065753887009,59.4855169177276,55.5020534747567,55.8684252692231,50.4551378820566,65.4195357499948,57.4093941168979,60.6583492850257,50.4455234315607,61.5937778771597,63.104808510952,49.5560523956056,44.7854186363193,58.0041557885373,55.7943696500483,63.6997536396836
54.814926020524,56.9869229865624,51.7009008723027,59.554226937487,61.5064768813059,59.9787778156214,65.414273913192,57.8757325545512,54.0153610904913,59.71913417911,53.798338307466,46.4892281236758,58.8396631846474,58.4075121534549,64.1055010844852,60.8065753887009,59.4855169177276,56.1327425697227,55.8684252692231,50.4551378820566,65.4195357499948,57.4093941168979,60.6583492850257,51.1195429095931,61.5937778771597,63.104808510952,49.5560523956056,44.7854186363193,58.0041557885373,55.7943696500483,63.6997536396836
56.1275424108255,56.9869229865624,51.7009008723027,59.554226937487,61.5064768813059,59.9787778156214,65.414273913192,57.8757325545512,54.1571842514171,59.71913417911,54.2835794111768,46.4892281236758,58.8396631846474,58.4075121534549,64.1055010844852,61.8765652068611,59.4855169177276,56.1327425697227,55.8684252692231,50.4551378820566,65.4195357499948,57.4093941168979,60.6583492850257,51.1195429095931,61.7560730254356,63.104808510952,49.5560523956056,44.7854186363193,58.0041557885373,56.3037982267504,65.0895380837446
56.1275424108255,56.9869229865624,51.7009008723027,59.554226937487,61.5064768813059,59.9787778156214,65.414273913192,57.8757325545512,54.1571842514171,59.71913417911,54.2835794111768,46.4892281236758,58.8396631846474,58.4075121534549,64.1055010844852,61.8765652068611,59.4855169177276,56.1327425697227,56.4155987080657,50.4551378820566,65.4195357499948,57.4093941168979,60.6583492850257,51.1195429095931,62.4296358746965,63.104808510952,49.6517917729504,44.7854186363193,58.0041557885373,57.2143208866864,65.0895380837446
56.1275424108255,56.9869229865624,51.7009008723027,59.554226937487,61.5064768813059,59.9787778156214,65.414273913192,57.8757325545512,54.1571842514171,59.71913417911,54.2835794111768,46.4892281236758,58.8396631846474,58.4075121534549,64.1055010844852,61.8765652068611,59.4855169177276,56.1327425697227,56.4155987080657,50.4551378820566,65.4195357499948,57.5365003486927,60.6583492850257,51.1195429095931,62.4296358746965,63.104808510952,50.3712806728654,44.7854186363193,58.3228465509526,57.2143208866864,65.0895380837446
56.1275424108255,56.9869229865624,51.7009008723027,59.554226937487,61.5064768813059,59.9787778156214,65.414273913192,57.8757325545512,54.1571842514171,59.71913417911,54.2835794111768,46.4892281236758,58.8396631846474,58.4075121534549,64.2328641766573,61.8765652068611,59.4855169177276,56.1327425697227,56.4155987080657,50.4551378820566,65.4195357499948,57.5365003486927,60.6583492850257,51.1195429095931,62.4296358746965,63.104808510952,50.3712806728654,44.7854186363193,60.2625666964892,57.2143208866864,65.0895380837446
56.1275424108255,56.9869229865624,51.7009008723027,59.554226937487,61.5064768813059,59.9787778156214,65.414273913192,57.8757325545512,54.1571842514171,59.71913417911,54.2835794111768,46.4892281236758,58.8396631846474,58.4075121534549,64.2328641766573,61.8765652068611,59.4855169177276,56.1327425697227,56.4155987080657,50.4551378820566,65.4195357499948,57.5365003486927,60.7901837630255,51.1195429095931,62.4296358746965,63.104808510952,50.3712806728654,44.7854186363193,60.2625666964892,57.2143208866864,65.0895380837446
56.1275424108255,56.9869229865624,51.7009008723027,59.554226937487,61.5064768813059,59.9787778156214,65.5042260676349,58.1130914211347,54.1571842514171,59.71913417911,54.2835794111768,46.4892281236758,58.8396631846474,58.4075121534549,64.2328641766573,61.8765652068611,59.4855169177276,56.1327425697227,56.4155987080657,51.162695258167,65.4195357499948,57.5365003486927,60.7901837630255,52.6464622940563,62.4296358746965,63.104808510952,50.3712806728654,44.7854186363193,60.2625666964892,57.2143208866864,65.9417914613397
56.1275424108255,56.9869229865624,51.7009008723027,62.0768827269906,61.5064768813059,60.5545441434643,65.5042260676349,58.1130914211347,54.1571842514171,59.71913417911,54.2835794111768,46.4892281236758,58.8396631846474,58.4075121534549,64.2328641766573,61.9294406704889,59.4855169177276,56.1327425697227,56.4155987080657,51.162695258167,65.4195357499948,57.5365003486927,60.7901837630255,52.6464622940563,62.4296358746965,63.104808510952,50.3712806728654,45.557092220344,60.2625666964892,57.2143208866864,65.9417914613397
56.2603173226078,56.9869229865624,52.1507065470536,62.0768827269906,61.5064768813059,60.5545441434643,65.5042260676349,58.1130914211347,54.1571842514171,59.71913417911,54.2835794111768,46.4892281236758,58.8396631846474,58.4075121534549,64.2328641766573,61.9294406704889,59.4855169177276,56.1327425697227,56.4155987080657,51.162695258167,65.8907334221928,57.5365003486927,60.7901837630255,52.6464622940563,62.4296358746965,63.104808510952,50.7517154545323,45.557092220344,60.2625666964892,57.2143208866864,65.9417914613397
56.2603173226078,56.9869229865624,52.1507065470536,62.0768827269906,61.5064768813059,60.5545441434643,65.5042260676349,58.1130914211347,54.3157849110879,59.71913417911,54.2835794111768,46.4892281236758,58.8598724624399,58.4075121534549,64.2328641766573,61.9294406704889,59.4855169177276,56.1327425697227,56.5653512539466,51.162695258167,65.8907334221928,57.5365003486927,60.7901837630255,52.6464622940563,62.4296358746965,63.104808510952,50.7517154545323,45.557092220344,60.2625666964892,57.7355397425675,65.9417914613397
56.8871811390954,56.9869229865624,52.1507065470536,62.0768827269906,61.5064768813059,60.5545441434643,65.5042260676349,58.1130914211347,55.0104369579573,59.71913417911,54.2835794111768,46.4892281236758,59.4310503795007,58.4075121534549,64.2328641766573,61.9294406704889,59.4855169177276,56.2915420522085,56.5653512539466,51.162695258167,65.8907334221928,57.5365003486927,60.7901837630255,52.6464622940563,62.4902449194499,63.104808510952,50.7517154545323,45.557092220344,60.2625666964892,57.7355397425675,65.9417914613397
56.8871811390954,56.9869229865624,52.1507065470536,62.0768827269906,61.5064768813059,60.5545441434643,65.5042260676349,58.461891587489,55.0104369579573,59.71913417911,54.2835794111768,46.4892281236758,59.4310503795007,58.4075121534549,64.2328641766573,61.9294406704889,59.4855169177276,56.4214961751765,56.5653512539466,51.162695258167,65.8907334221928,57.6315464323219,60.7901837630255,52.8062942590959,62.4902449194499,63.104808510952,50.7517154545323,45.557092220344,61.7555940900937,57.7355397425675,65.9417914613397
56.8871811390954,56.9869229865624,52.1507065470536,62.0768827269906,61.5064768813059,60.5545441434643,65.5042260676349,58.461891587489,55.0104369579573,59.71913417911,54.3356232227352,46.4892281236758,59.4310503795007,59.153356042695,64.4711677139849,61.9294406704889,59.4855169177276,56.4214961751765,56.5653512539466,51.162695258167,65.8907334221928,57.6315464323219,61.3168243557317,52.8062942590959,62.4902449194499,63.3240402901758,50.7517154545323,45.557092220344,62.48668465302,57.7355397425675,65.9417914613397
56.8871811390954,56.9869229865624,52.1507065470536,62.0768827269906,61.5064768813059,60.5545441434643,65.5042260676349,58.461891587489,55.0104369579573,59.71913417911,54.6547416428093,46.4892281236758,59.4310503795007,59.153356042695,64.4711677139849,61.9294406704889,59.4855169177276,56.4214961751765,56.5653512539466,51.162695258167,65.8907334221928,57.6315464323219,61.3168243557317,52.8062942590959,62.4902449194499,63.3240402901758,50.8073634678453,45.557092220344,62.48668465302,57.7355397425675,65.9417914613397
56.8871811390954,58.2216554767529,52.1507065470536,62.0768827269906,61.5064768813059,60.5545441434643,65.5042260676349,58.461891587489,55.0104369579573,59.7598723899957,54.6547416428093,46.4892281236758,59.4310503795007,59.153356042695,64.4711677139849,61.9294406704889,59.4855169177276,56.4214961751765,56.5653512539466,51.162695258167,65.8907334221928,57.6315464323219,61.3168243557317,52.8062942590959,62.4902449194499,63.3240402901758,51.2774432113526,45.557092220344,62.48668465302,57.7355397425675,65.9417914613397
56.8871811390954,58.2216554767529,52.1507065470536,62.0768827269906,61.5064768813059,60.9930498699532,65.5042260676349,58.461891587489,55.0104369579573,59.7598723899957,54.6547416428093,46.4892281236758,59.4310503795007,59.153356042695,64.4711677139849,61.9294406704889,59.4855169177276,56.4214961751765,56.5653512539466,51.162695258167,65.8907334221928,57.6315464323219,61.3168243557317,52.8062942590959,62.4902449194499,63.3240402901758,51.2774432113526,46.7191101602106,62.48668465302,57.7355397425675,65.9417914613397
56.8871811390954,58.2216554767529,52.1507065470536,62.0768827269906,61.5064768813059,60.9930498699532,65.5042260676349,58.5229189270458,55.0104369579573,59.7598723899957,54.6547416428093,46.4892281236758,59.4310503795007,59.153356042695,64.4711677139849,61.9294406704889,59.4855169177276,56.4214961751765,56.5653512539466,51.162695258167,65.8907334221928,57.6315464323219,61.3168243557317,52.9681116961666,62.4902449194499,63.3240402901758,51.2774432113526,47.0389202901107,62.48668465302,58.5282230010366,65.9417914613397
57.7417654000797,58.2216554767529,52.1507065470536,62.0768827269906,61.5064768813059,60.9930498699532,65.5042260676349,58.6995896575754,55.0104369579573,59.7598723899957,54.6547416428093,46.4892281236758,59.4310503795007,59.153356042695,64.4711677139849,61.9294406704889,60.2392290474746,56.4214961751765,56.5653512539466,51.162695258167,65.8907334221928,57.6315464323219,61.3168243557317,52.9681116961666,62.5768738477076,63.3240402901758,51.2774432113526,47.0389202901107,62.48668465302,59.0697313637762,65.9417914613397
57.7417654000797,58.2216554767529,53.6352148012884,62.0768827269906,61.9042622167273,60.9930498699532,65.5042260676349,58.6995896575754,55.0104369579573,59.7598723899957,54.6547416428093,46.4892281236758,59.4310503795007,59.153356042695,64.4711677139849,61.9294406704889,60.2392290474746,56.8815982087005,56.6350327458817,51.162695258167,65.8907334221928,57.6315464323219,61.3168243557317,52.9681116961666,63.4124317580749,63.47822564485,51.2774432113526,47.0389202901107,62.48668465302,59.0697313637762,66.3510875344244
57.7417654000797,58.2216554767529,53.6352148012884,62.0768827269906,61.9042622167273,60.9930498699532,65.5042260676349,58.6995896575754,55.0104369579573,59.7598723899957,54.6547416428093,46.4892281236758,59.4310503795007,59.153356042695,64.4711677139849,62.3811133249345,60.2392290474746,56.8815982087005,56.6350327458817,51.162695258167,65.8907334221928,57.6315464323219,61.8345633752287,52.9681116961666,64.0364708003787,63.8259286931896,51.5150538307879,47.0389202901107,62.9880246772442,59.0697313637762,66.3510875344244
57.7417654000797,58.2216554767529,53.6352148012884,62.0768827269906,61.9042622167273,60.9930498699532,65.5042260676349,58.6995896575754,55.0104369579573,59.7598723899957,54.6547416428093,46.4892281236758,59.4310503795007,59.153356042695,64.838864174104,63.7467777620965,60.2392290474746,56.8815982087005,56.6350327458817,51.162695258167,65.8907334221928,57.6315464323219,61.8345633752287,52.9681116961666,64.0364708003787,63.8259286931896,51.5150538307879,47.0389202901107,62.9880246772442,59.0697313637762,66.3510875344244
57.7417654000797,58.2216554767529,53.6352148012884,62.0768827269906,61.9042622167273,60.9930498699532,65.5042260676349,59.062476372973,55.0104369579573,60.1893050569474,54.6547416428093,46.4892281236758,59.4310503795007,59.153356042695,64.838864174104,63.7467777620965,60.2392290474746,56.8815982087005,56.6350327458817,51.162695258167,65.8907334221928,57.6315464323219,61.8345633752287,52.9681116961666,64.0364708003787,63.8259286931896,51.5150538307879,47.0389202901107,62.9880246772442,59.0697313637762,66.3510875344244
57.7417654000797,58.2216554767529,53.6352148012884,62.0768827269906,61.9042622167273,61.0970057687411,65.5042260676349,59.062476372973,55.0104369579573,60.1893050569474,54.9837255639257,47.223554800834,59.4310503795007,59.153356042695,64.838864174104,63.7467777620965,60.2392290474746,56.8815982087005,56.6350327458817,51.162695258167,65.8907334221928,57.6315464323219,61.8345633752287,52.9681116961666,64.0364708003787,63.8259286931896,51.5150538307879,47.0389202901107,62.9880246772442,59.0697313637762,66.3510875344244
57.7417654000797,58.2216554767529,53.6352148012884,62.0768827269906,61.9042622167273,61.4414575372111,65.8920364220925,59.062476372973,55.0104369579573,60.1893050569474,54.9837255639257,47.223554800834,59.6798752267242,59.153356042695,64.838864174104,63.7467777620965,60.2392290474746,56.8815982087005,56.6350327458817,51.162695258167,65.8907334221928,57.6315464323219,61.8345633752287,52.9681116961666,64.7996854047328,63.8259286931896,51.5150538307879,47.0389202901107,62.9880246772442,59.0697313637762,66.3510875344244
57.7417654000797,58.2216554767529,53.6352148012884,62.0768827269906,61.9042622167273,61.4414575372111,65.8920364220925,59.3287968286967,55.0104369579573,60.1893050569474,54.9837255639257,47.223554800834,59.6798752267242,59.153356042695,64.838864174104,63.7467777620965,60.6707447864534,56.8815982087005,56.6350327458817,51.162695258167,65.8907334221928,57.6315464323219,61.8345633752287,52.9681116961666,64.7996854047328,63.8259286931896,51.8409020436574,47.0389202901107,62.9880246772442,59.0697313637762,67.3928748422324
57.7417654000797,58.2216554767529,53.6352148012884,62.0768827269906,61.9042622167273,61.4414575372111,65.8920364220925,59.3287968286967,55.0104369579573,60.1893050569474,54.9837255639257,47.223554800834,59.6798752267242,59.153356042695,64.838864174104,63.7467777620965,60.6707447864534,56.8815982087005,56.6350327458817,51.162695258167,65.8907334221928,57.6315464323219,61.8345633752287,52.9681116961666,64.7996854047328,64.0990180861025,52.5946114653425,47.1695190747286,63.1150453038223,59.0697313637762,67.3928748422324
58.6953844525736,58.2216554767529,53.6352148012884,62.968696868043,61.9042622167273,61.4414575372111,65.8920364220925,59.3287968286967,55.0104369579573,60.1893050569474,54.9837255639257,47.223554800834,59.6798752267242,59.8271547093131,64.838864174104,63.7467777620965,60.6707447864534,56.8815982087005,56.8060280300378,51.162695258167,65.8907334221928,57.6315464323219,61.8345633752287,52.9681116961666,64.7996854047328,64.0990180861025,52.5946114653425,47.1695190747286,63.1150453038223,59.0697313637762,67.3928748422324
58.6953844525736,58.2216554767529,53.6352148012884,62.968696868043,61.9042622167273,61.4414575372111,65.8920364220925,59.3287968286967,55.0104369579573,60.1893050569474,54.9837255639257,47.223554800834,59.6798752267242,59.8271547093131,64.838864174104,63.7467777620965,60.6707447864534,57.1524473044935,56.8060280300378,51.162695258167,65.8907334221928,57.6315464323219,61.8345633752287,52.9681116961666,64.7996854047328,64.0990180861025,52.5946114653425,47.1695190747286,63.1150453038223,59.0697313637762,67.3928748422324
58.6953844525736,58.2216554767529,53.6352148012884,62.968696868043,62.3246530321392,61.4414575372111,65.8920364220925,59.9159530347909,55.0104369579573,63.8640656301868,54.9837255639257,47.223554800834,59.6798752267242,59.8271547093131,64.838864174104,63.7467777620965,60.6707447864534,57.1524473044935,56.8060280300378,51.162695258167,65.8907334221928,57.6315464323219,62.6655612017929,52.9681116961666,64.7996854047328,64.0990180861025,52.5946114653425,47.1695190747286,63.1150453038223,59.0697313637762,67.3928748422324
58.6953844525736,58.2216554767529,53.6352148012884,62.968696868043,62.3246530321392,61.4414575372111,65.8920364220925,59.9159530347909,55.0104369579573,63.8640656301868,54.9837255639257,47.223554800834,59.6798752267242,59.8271547093131,64.838864174104,63.7467777620965,60.6707447864534,57.1524473044935,56.8060280300378,51.162695258167,65.8907334221928,57.6315464323219,62.6655612017929,52.9681116961666,64.7996854047328,64.0990180861025,52.5946114653425,47.1695190747286,63.1150453038223,59.0697313637762,67.3928748422324
58.6953844525736,58.2216554767529,53.6352148012884,62.968696868043,62.3246530321392,61.4414575372111,65.8920364220925,59.9159530347909,55.0104369579573,63.8640656301868,55.0708621815893,47.223554800834,59.6798752267242,59.8271547093131,64.838864174104,63.7467777620965,60.6707447864534,57.1524473044935,56.8060280300378,51.162695258167,66.0573412865509,57.6315464323219,62.6655612017929,52.9681116961666,64.7996854047328,64.0990180861025,52.5946114653425,47.1695190747286,63.1150453038223,59.1445171831318,67.3928748422324
58.6953844525736,58.2216554767529,53.6352148012884,62.968696868043,62.3246530321392,61.4414575372111,65.8920364220925,59.9159530347909,55.0104369579573,63.8640656301868,55.0708621815893,47.223554800834,59.6798752267242,59.8271547093131,64.838864174104,64.1463745886304,60.6707447864534,57.1524473044935,56.8060280300378,51.162695258167,66.0573412865509,57.6315464323219,62.6655612017929,52.9681116961666,64.7996854047328,64.2904655492371,52.6712969961677,47.1695190747286,63.1150453038223,59.1445171831318,67.3928748422324
58.6953844525736,58.2216554767529,53.6352148012884,62.968696868043,62.3246530321392,61.4414575372111,65.8920364220925,59.9159530347909,55.0104369579573,63.8640656301868,55.0708621815893,47.4662055473952,59.6798752267242,59.8271547093131,64.838864174104,64.1463745886304,60.6707447864534,57.1524473044935,56.8239164592955,51.162695258167,66.0573412865509,57.6315464323219,62.6655612017929,52.9681116961666,64.7996854047328,64.2904655492371,52.6712969961677,47.1695190747286,63.3271911480587,59.1445171831318,67.3928748422324
58.6953844525736,58.2216554767529,53.6352148012884,62.968696868043,62.3246530321392,61.4414575372111,65.8920364220925,59.9159530347909,55.0104369579573,63.8640656301868,55.0708621815893,47.4662055473952,59.6798752267242,59.8271547093131,64.838864174104,64.1463745886304,60.7222567228003,57.1524473044935,56.8239164592955,51.162695258167,66.0573412865509,57.6315464323219,62.6655612017929,53.1757458222849,64.7996854047328,64.2904655492371,52.6712969961677,47.1695190747286,63.3271911480587,59.1445171831318,67.3928748422324
58.6953844525736,58.2216554767529,53.6352148012884,62.968696868043,62.6649990592093,61.4414575372111,65.8920364220925,59.9159530347909,55.0104369579573,63.8640656301868,55.0708621815893,47.4662055473952,59.6798752267242,59.8271547093131,64.838864174104,64.1463745886304,60.7222567228003,57.1524473044935,56.8239164592955,51.5374877907156,66.0573412865509,57.6315464323219,62.6655612017929,53.1757458222849,64.9827925674404,64.2904655492371,52.6712969961677,47.8191236984961,63.3271911480587,59.1445171831318,67.3928748422324
58.7451791256928,58.2216554767529,53.6352148012884,62.968696868043,62.6649990592093,61.4414575372111,65.8920364220925,60.0275811582473,55.0104369579573,63.8640656301868,55.0708621815893,47.4662055473952,59.6798752267242,59.8271547093131,64.838864174104,64.1463745886304,60.7222567228003,57.2429145776473,56.8239164592955,51.5374877907156,66.0573412865509,57.6315464323219,62.6655612017929,53.1757458222849,64.9827925674404,64.2904655492371,52.6712969961677,47.8191236984961,63.3271911480587,59.1445171831318,67.3956709282617
58.7451791256928,58.2216554767529,53.9809241724365,63.3728612890681,62.6649990592093,61.4414575372111,65.8920364220925,60.0275811582473,55.0104369579573,63.8640656301868,55.0708621815893,47.4662055473952,59.6798752267242,59.8271547093131,64.838864174104,64.1463745886304,60.7222567228003,57.2429145776473,56.8239164592955,51.5374877907156,66.7668206628339,57.6315464323219,62.6655612017929,53.1757458222849,64.9827925674404,64.2904655492371,52.6712969961677,47.8191236984961,63.3271911480587,59.7229069520751,67.3956709282617
58.7451791256928,58.2216554767529,53.9809241724365,63.3728612890681,62.6649990592093,61.4414575372111,65.8920364220925,60.0275811582473,55.9944858795584,63.8640656301868,55.0708621815893,47.4662055473952,59.7019911150797,59.8271547093131,65.1967731433553,64.1463745886304,60.7222567228003,57.2429145776473,56.8239164592955,51.5374877907156,66.7668206628339,57.6315464323219,62.6655612017929,53.1757458222849,64.9827925674404,64.6347404919186,52.6712969961677,47.8191236984961,63.3271911480587,59.7229069520751,67.3956709282617
58.7451791256928,58.2216554767529,53.9809241724365,63.3728612890681,62.6649990592093,61.6329730828265,65.8920364220925,60.0275811582473,55.9944858795584,63.8640656301868,55.0708621815893,47.4662055473952,59.7019911150797,59.8271547093131,65.1967731433553,64.1463745886304,60.7222567228003,57.2429145776473,56.8239164592955,51.5374877907156,66.7668206628339,57.6315464323219,62.6655612017929,53.1757458222849,64.9827925674404,64.6347404919186,52.6712969961677,47.8191236984961,63.3271911480587,59.7229069520751,67.3956709282617
58.7451791256928,58.2216554767529,53.9809241724365,63.3728612890681,62.8576242503557,63.2611483382361,65.8920364220925,60.7020191061696,55.9944858795584,63.8640656301868,55.0708621815893,47.4662055473952,59.7019911150797,59.8271547093131,65.1967731433553,64.1463745886304,60.7222567228003,57.2429145776473,57.0521052513799,51.9298254245446,66.7668206628339,57.6315464323219,62.6655612017929,53.1757458222849,64.9827925674404,64.6347404919186,52.6958108002022,47.8191236984961,63.3271911480587,59.7229069520751,67.3956709282617
58.7451791256928,58.2216554767529,53.9809241724365,63.3728612890681,62.8576242503557,63.2611483382361,65.8920364220925,60.7020191061696,55.9944858795584,63.8640656301868,55.0708621815893,47.4662055473952,59.7019911150797,59.8271547093131,65.1967731433553,64.1463745886304,60.7222567228003,57.2429145776473,57.0521052513799,51.9298254245446,66.7668206628339,57.6315464323219,62.6655612017929,53.1757458222849,64.9827925674404,64.6347404919186,52.6958108002022,47.8191236984961,63.3271911480587,59.7229069520751,67.3956709282617
58.7451791256928,58.2216554767529,53.9809241724365,63.3728612890681,62.8576242503557,63.2611483382361,65.8920364220925,60.7020191061696,55.9944858795584,63.8640656301868,55.0708621815893,47.9090313220111,59.7019911150797,60.0071255562498,65.1967731433553,64.1463745886304,60.7222567228003,57.2429145776473,57.0521052513799,51.9298254245446,66.7668206628339,57.6315464323219,62.6655612017929,53.1757458222849,64.9827925674404,64.6347404919186,52.6958108002022,47.8191236984961,63.3271911480587,59.7229069520751,67.3956709282617
58.7451791256928,58.2216554767529,53.9809241724365,63.3728612890681,62.8576242503557,63.2611483382361,66.2272019204443,60.7020191061696,55.9944858795584,63.8640656301868,55.0708621815893,47.9090313220111,59.7019911150797,60.0071255562498,65.1967731433553,64.1463745886304,60.7222567228003,57.2429145776473,57.0521052513799,51.9298254245446,66.7668206628339,57.6315464323219,62.6655612017929,53.1757458222849,64.9827925674404,64.6347404919186,52.6958108002022,47.8191236984961,63.3271911480587,59.7229069520751,67.3956709282617
61.0798782768572,58.2216554767529,53.9809241724365,63.3728612890681,62.8576242503557,63.2611483382361,66.2272019204443,60.7020191061696,55.9944858795584,63.8640656301868,55.0708621815893,47.9090313220111,59.7019911150797,60.0071255562498,65.1967731433553,64.1463745886304,60.7222567228003,57.2429145776473,57.0521052513799,51.9298254245446,66.7668206628339,57.6315464323219,62.6655612017929,53.1757458222849,64.9827925674404,65.1792370087867,52.6958108002022,47.8191236984961,63.3271911480587,59.7229069520751,67.3956709282617
61.0798782768572,58.2216554767529,53.9809241724365,63.3728612890681,62.8576242503557,63.2611483382361,66.2272019204443,60.7020191061696,55.9944858795584,63.8640656301868,55.0708621815893,47.9090313220111,59.7067726802564,60.0071255562498,65.3653440888755,64.1463745886304,60.7222567228003,57.4587197631857,57.0521052513799,51.9298254245446,66.7668206628339,57.6315464323219,62.6655612017929,53.2053211066933,64.9827925674404,65.1792370087867,52.6958108002022,47.8191236984961,63.3271911480587,60.2132039812158,67.3956709282617
61.0798782768572,58.2216554767529,53.9809241724365,63.3728612890681,63.2323712829021,63.2611483382361,66.2272019204443,60.9249654356227,55.9944858795584,65.2509083426592,55.0708621815893,47.9090313220111,61.1404113664123,60.0071255562498,65.3653440888755,64.1463745886304,61.1450410051239,57.4587197631857,57.0521052513799,52.7074609664825,66.7668206628339,57.6315464323219,62.6655612017929,53.2053211066933,64.9827925674404,65.1792370087867,52.6958108002022,47.8191236984961,63.3271911480587,60.2132039812158,67.3956709282617
61.0798782768572,58.2216554767529,57.2618478611294,63.6390725347751,63.2323712829021,63.5707712974193,66.2272019204443,60.9249654356227,58.3453432742789,65.2509083426592,55.0708621815893,47.9090313220111,61.1404113664123,60.0071255562498,65.3653440888755,64.1463745886304,61.1450410051239,57.4587197631857,57.1433230337606,52.7074609664825,66.7668206628339,57.6315464323219,62.6655612017929,53.2053211066933,64.9827925674404,65.1792370087867,53.1245532867052,47.8191236984961,63.3860370152107,60.2132039812158,67.3956709282617
61.0798782768572,58.2216554767529,57.2618478611294,63.6390725347751,63.2323712829021,63.5707712974193,66.2272019204443,60.9249654356227,58.3453432742789,65.2509083426592,55.7054821389999,47.9090313220111,61.1404113664123,60.0071255562498,65.3653440888755,64.1463745886304,61.1450410051239,57.4587197631857,57.1487594924169,52.7074609664825,66.7668206628339,57.6315464323219,62.6655612017929,53.2053211066933,64.9827925674404,65.1792370087867,53.1245532867052,47.8191236984961,63.3860370152107,60.2132039812158,67.3956709282617
61.0798782768572,58.2216554767529,57.2618478611294,63.6390725347751,63.2323712829021,63.5707712974193,66.2272019204443,60.9249654356227,58.3453432742789,65.2509083426592,55.7054821389999,47.9090313220111,61.1404113664123,60.0071255562498,65.3653440888755,64.1463745886304,61.1450410051239,57.4587197631857,57.1487594924169,52.7074609664825,66.7668206628339,57.6315464323219,62.6655612017929,53.2053211066933,64.9827925674404,65.1792370087867,53.1245532867052,47.8191236984961,63.3860370152107,60.2132039812158,67.3956709282617
61.0798782768572,58.2216554767529,57.2618478611294,63.6390725347751,63.2323712829021,63.5707712974193,66.6797183695226,61.421185385348,58.3453432742789,65.2509083426592,55.7054821389999,47.9090313220111,61.1404113664123,60.0071255562498,65.3653440888755,64.5925264728652,61.1450410051239,57.4587197631857,57.1487594924169,52.7074609664825,67.0800958311717,57.6315464323219,62.6655612017929,53.2053211066933,64.9827925674404,65.1792370087867,53.1245532867052,47.8191236984961,63.3860370152107,60.2132039812158,67.3956709282617
61.0798782768572,58.2216554767529,57.2618478611294,63.6390725347751,63.2786283680904,63.5707712974193,66.6797183695226,61.421185385348,58.3453432742789,65.2509083426592,55.7054821389999,47.9090313220111,61.1404113664123,60.0071255562498,65.3653440888755,64.5925264728652,61.1450410051239,57.4587197631857,57.1487594924169,52.7074609664825,67.0800958311717,57.6315464323219,62.6655612017929,53.2053211066933,64.9827925674404,65.1792370087867,53.1245532867052,47.8191236984961,63.3860370152107,60.2132039812158,67.3956709282617
61.0798782768572,58.2216554767529,57.2618478611294,63.6390725347751,63.2786283680904,63.5707712974193,66.6797183695226,61.421185385348,58.3453432742789,65.2509083426592,55.7054821389999,48.9692491700215,61.1404113664123,60.0071255562498,65.3653440888755,64.5925264728652,61.1450410051239,57.4587197631857,57.1487594924169,52.7074609664825,67.0800958311717,57.6315464323219,62.6655612017929,53.2053211066933,64.9827925674404,65.1792370087867,53.1245532867052,47.8191236984961,63.3860370152107,60.2132039812158,67.3956709282617
61.0798782768572,58.2216554767529,57.2618478611294,63.6390725347751,63.2786283680904,63.5707712974193,66.6797183695226,61.7231796888716,58.3453432742789,65.2509083426592,55.7054821389999,48.9692491700215,61.1404113664123,60.0071255562498,65.3653440888755,64.5925264728652,61.2382676255131,57.4747519071663,57.1487594924169,52.7074609664825,67.0800958311717,57.6315464323219,62.6655612017929,53.4052557438378,65.5230518959477,65.1792370087867,53.1245532867052,47.8191236984961,63.3860370152107,60.2132039812158,67.3956709282617
61.0798782768572,58.2216554767529,57.2618478611294,63.6390725347751,63.2786283680904,64.0752911060952,66.6797183695226,61.7231796888716,58.3453432742789,65.2509083426592,55.7054821389999,48.9692491700215,61.1404113664123,60.0071255562498,65.3653440888755,64.5925264728652,61.2382676255131,57.4747519071663,57.1487594924169,52.7074609664825,67.2599070392864,57.6315464323219,62.6655612017929,53.4052557438378,65.5230518959477,65.1792370087867,53.1245532867052,47.8191236984961,63.3860370152107,62.7562368354418,67.3956709282617
61.0798782768572,58.2216554767529,57.2618478611294,63.6390725347751,63.2786283680904,64.0752911060952,66.6797183695226,61.7231796888716,58.3453432742789,65.2509083426592,55.7054821389999,48.9692491700215,61.1404113664123,60.3064155930794,65.3653440888755,64.5925264728652,61.2382676255131,57.4747519071663,57.4733107016188,52.7074609664825,67.2599070392864,57.6315464323219,62.6655612017929,53.4052557438378,65.5230518959477,65.1792370087867,54.1028680535054,47.8191236984961,63.3860370152107,62.7562368354418,67.3956709282617
61.0798782768572,58.2216554767529,57.2618478611294,64.0210196814081,63.2786283680904,64.0752911060952,66.6797183695226,61.7231796888716,59.8082048040436,65.2509083426592,55.7054821389999,48.9692491700215,61.1404113664123,60.3781728614653,65.3653440888755,65.4715623072535,61.2382676255131,57.4747519071663,57.4733107016188,52.7074609664825,67.2599070392864,57.6315464323219,62.6655612017929,53.4052557438378,65.5230518959477,65.1792370087867,54.1028680535054,47.8191236984961,63.3860370152107,62.7562368354418,67.3956709282617
61.0798782768572,58.2216554767529,57.2618478611294,64.0210196814081,63.6787477661657,64.0752911060952,66.9668644324187,61.9836712200794,59.8082048040436,65.2509083426592,55.7054821389999,48.9692491700215,61.1404113664123,60.3781728614653,65.3653440888755,65.4715623072535,61.2382676255131,57.4747519071663,57.4733107016188,52.7074609664825,67.2599070392864,57.6315464323219,62.6655612017929,53.4052557438378,65.5230518959477,65.5382540753643,54.1028680535054,47.8191236984961,63.3860370152107,62.7562368354418,67.3956709282617
61.0798782768572,58.2216554767529,57.2618478611294,64.0210196814081,63.6787477661657,64.0752911060952,66.9668644324187,61.9836712200794,59.8082048040436,65.2509083426592,55.7054821389999,48.9692491700215,61.1404113664123,60.3781728614653,65.3653440888755,65.4715623072535,61.2382676255131,57.4747519071663,57.4733107016188,52.7594657814398,67.2599070392864,57.6315464323219,62.6655612017929,53.4052557438378,65.5230518959477,65.5382540753643,54.1028680535054,47.8191236984961,63.3860370152107,62.7562368354418,67.3956709282617
61.7527833650031,58.2216554767529,57.2618478611294,64.0210196814081,63.6787477661657,64.0752911060952,66.9668644324187,61.9836712200794,59.8082048040436,65.2509083426592,55.7054821389999,48.9692491700215,61.1404113664123,60.3781728614653,65.3653440888755,65.4715623072535,61.7297955746499,57.4747519071663,57.4733107016188,52.7594657814398,67.2599070392864,57.6315464323219,62.6655612017929,53.4052557438378,65.5351917865537,65.5382540753643,54.1028680535054,47.8191236984961,63.3860370152107,62.7562368354418,67.5073361008417
61.7527833650031,58.2216554767529,57.2618478611294,64.0210196814081,63.6787477661657,64.0752911060952,66.9668644324187,61.9836712200794,59.8082048040436,65.2509083426592,55.7054821389999,48.9692491700215,61.1404113664123,60.3781728614653,65.3653440888755,65.4715623072535,61.7297955746499,58.2439961289701,57.4733107016188,52.7594657814398,67.2599070392864,57.6315464323219,62.6655612017929,53.4052557438378,65.5351917865537,65.5382540753643,54.1028680535054,47.8191236984961,63.4436002959946,62.7562368354418,67.5073361008417
61.7527833650031,58.2216554767529,57.2618478611294,64.0210196814081,63.6787477661657,64.0752911060952,66.9668644324187,62.8800099004425,59.8082048040436,65.2509083426592,55.7054821389999,48.9692491700215,61.1404113664123,60.3781728614653,66.1821962631733,65.4715623072535,61.7297955746499,58.2439961289701,57.4733107016188,52.7594657814398,67.2599070392864,57.6315464323219,62.676228354893,53.4052557438378,65.5351917865537,65.5382540753643,54.1028680535054,47.8191236984961,63.4436002959946,62.7562368354418,67.5073361008417
61.7527833650031,58.2216554767529,57.2618478611294,64.0210196814081,63.6941684020997,64.0752911060952,66.9668644324187,62.8800099004425,59.8082048040436,65.2509083426592,55.7054821389999,49.372062866041,61.1404113664123,60.3781728614653,66.1821962631733,65.9274344529362,61.7297955746499,58.2439961289701,58.3854354413171,52.7594657814398,67.2599070392864,57.6315464323219,62.676228354893,53.4052557438378,65.5351917865537,65.5382540753643,54.1028680535054,48.3253780684989,63.4436002959946,63.7289896432471,67.5073361008417
61.7527833650031,59.8506748580462,57.2618478611294,64.0210196814081,63.6941684020997,64.0752911060952,66.9668644324187,62.8800099004425,59.8082048040436,65.2509083426592,56.1461518352705,49.372062866041,61.1404113664123,61.1330717366918,66.1821962631733,65.9274344529362,61.7297955746499,58.2439961289701,58.3854354413171,52.7594657814398,67.2599070392864,57.6315464323219,62.676228354893,53.4052557438378,65.5351917865537,65.8062025567943,54.1028680535054,48.3253780684989,63.4436002959946,63.7289896432471,67.5073361008417
61.7527833650031,59.8506748580462,57.2618478611294,64.0210196814081,63.6941684020997,64.0752911060952,67.0905917069484,62.8800099004425,59.8082048040436,65.2509083426592,56.1461518352705,49.372062866041,61.1404113664123,61.1330717366918,66.1821962631733,65.9274344529362,61.7297955746499,58.2439961289701,58.3854354413171,52.7594657814398,67.2599070392864,57.6315464323219,62.676228354893,53.4052557438378,66.1784466213232,65.8062025567943,54.1028680535054,48.3253780684989,63.4436002959946,63.7289896432471,67.5122104679493
61.7527833650031,59.8506748580462,57.2618478611294,64.0210196814081,63.6941684020997,64.0752911060952,67.0905917069484,62.8800099004425,61.1857280732418,65.2509083426592,56.1461518352705,49.372062866041,61.1404113664123,61.1330717366918,66.1821962631733,65.9274344529362,61.7297955746499,58.2439961289701,58.3854354413171,52.7594657814398,67.2599070392864,57.6315464323219,62.676228354893,53.4052557438378,66.1784466213232,65.8062025567943,54.1028680535054,48.3253780684989,63.4436002959946,63.7289896432471,67.5907256792486
61.7527833650031,59.8506748580462,57.2618478611294,64.2322916226031,63.6941684020997,64.0752911060952,67.0905917069484,62.8800099004425,61.1857280732418,65.2509083426592,56.1461518352705,49.372062866041,61.1404113664123,61.1330717366918,66.1821962631733,65.9274344529362,61.7297955746499,58.2439961289701,58.3854354413171,52.7594657814398,67.2599070392864,57.6315464323219,62.676228354893,53.4052557438378,66.1784466213232,65.8062025567943,54.1028680535054,48.3253780684989,63.8273354059042,63.7289896432471,67.5907256792486
61.7527833650031,59.8506748580462,57.2618478611294,64.2322916226031,63.6941684020997,64.0752911060952,67.0905917069484,62.8800099004425,61.1857280732418,65.2509083426592,56.1461518352705,49.372062866041,61.1404113664123,61.1330717366918,66.1821962631733,65.9274344529362,61.7297955746499,58.2439961289701,58.3854354413171,52.7594657814398,67.2599070392864,57.6315464323219,62.676228354893,53.4052557438378,66.1784466213232,65.8062025567943,54.1028680535054,48.3253780684989,63.8273354059042,63.7289896432471,67.5907256792486
61.7527833650031,60.4335497014782,57.2618478611294,64.2322916226031,64.2400492262983,64.0752911060952,67.0905917069484,62.8800099004425,61.1857280732418,65.5055421745082,56.4212452534014,49.372062866041,61.1404113664123,61.1330717366918,66.1821962631733,65.9804183843762,61.7297955746499,58.2563032020869,58.3854354413171,52.7594657814398,67.2599070392864,57.6315464323219,62.676228354893,53.4052557438378,66.1784466213232,65.8062025567943,54.1028680535054,48.3253780684989,63.8273354059042,63.7289896432471,67.5907256792486
61.7527833650031,60.4335497014782,57.2618478611294,64.2322916226031,64.2400492262983,64.0752911060952,67.0905917069484,62.8800099004425,61.1857280732418,65.5055421745082,56.4212452534014,49.372062866041,61.1404113664123,61.1330717366918,66.1821962631733,65.9804183843762,61.7297955746499,58.2563032020869,58.3854354413171,52.7874507344545,67.2599070392864,57.6315464323219,62.676228354893,53.4052557438378,66.1784466213232,66.2734378592126,54.1028680535054,48.3253780684989,63.8273354059042,63.7289896432471,67.5907256792486
61.7527833650031,60.4335497014782,57.2618478611294,64.2322916226031,64.2400492262983,64.0752911060952,67.0905917069484,62.8800099004425,61.1857280732418,65.5055421745082,56.4212452534014,49.372062866041,61.1404113664123,61.3396148290966,66.1821962631733,65.9804183843762,61.7297955746499,58.2563032020869,58.3854354413171,52.7874507344545,67.2599070392864,57.6315464323219,62.676228354893,53.4052557438378,66.1784466213232,66.2734378592126,54.5441211286098,48.3253780684989,63.8273354059042,63.7289896432471,67.5907256792486
61.7527833650031,60.4335497014782,57.2618478611294,64.2322916226031,64.2400492262983,64.0752911060952,67.2658016481499,62.8800099004425,61.1857280732418,65.5055421745082,56.4212452534014,49.372062866041,61.1404113664123,61.3396148290966,66.1821962631733,65.9804183843762,61.7297955746499,58.2563032020869,58.3854354413171,52.7874507344545,67.2599070392864,57.6315464323219,62.676228354893,53.4052557438378,66.1784466213232,66.2734378592126,54.5441211286098,48.3253780684989,63.8273354059042,63.7289896432471,67.5907256792486
61.7527833650031,60.4335497014782,57.2618478611294,64.2322916226031,64.2400492262983,64.0752911060952,67.2658016481499,62.8800099004425,61.1857280732418,65.5055421745082,56.4212452534014,49.372062866041,61.1404113664123,61.3396148290966,66.1821962631733,65.9804183843762,61.7297955746499,58.2563032020869,58.3854354413171,52.7874507344545,67.2599070392864,57.6315464323219,62.676228354893,53.4052557438378,66.1784466213232,66.2734378592126,54.5441211286098,48.3253780684989,63.8273354059042,63.7289896432471,67.5907256792486
61.7527833650031,60.4335497014782,57.2618478611294,64.2322916226031,64.2400492262983,64.0752911060952,67.2658016481499,62.8800099004425,61.1857280732418,65.5055421745082,56.4212452534014,49.372062866041,61.1404113664123,61.3396148290966,66.1821962631733,65.9804183843762,62.1545448093197,58.2563032020869,58.3854354413171,52.7874507344545,67.2599070392864,57.6315464323219,62.676228354893,53.4052557438378,66.1784466213232,66.2734378592126,54.5441211286098,48.3253780684989,63.8273354059042,63.7289896432471,67.5907256792486
61.7527833650031,60.4335497014782,57.2618478611294,64.2322916226031,64.2400492262983,64.0752911060952,67.2658016481499,62.8800099004425,61.3250134522737,65.5795922170823,56.4212452534014,49.372062866041,61.1404113664123,61.3396148290966,66.1821962631733,65.9804183843762,62.1545448093197,58.2563032020869,58.3854354413171,52.7874507344545,67.2599070392864,57.6315464323219,62.676228354893,53.4052557438378,66.1784466213232,66.2734378592126,54.5441211286098,48.3253780684989,63.8273354059042,63.7289896432471,67.5907256792486
61.7527833650031,60.4335497014782,57.2618478611294,64.2322916226031,64.2400492262983,64.0752911060952,67.2658016481499,62.8921096150161,61.3250134522737,65.5795922170823,56.4212452534014,49.372062866041,61.1404113664123,61.3396148290966,66.1821962631733,65.9804183843762,62.1545448093197,58.2563032020869,58.3854354413171,52.7874507344545,67.2599070392864,57.6315464323219,62.676228354893,53.4052557438378,66.1784466213232,66.2734378592126,54.5441211286098,48.3253780684989,63.8273354059042,63.7289896432471,67.5907256792486
61.7527833650031,60.4335497014782,57.2618478611294,64.4400318628981,64.2400492262983,64.0752911060952,67.2658016481499,62.8921096150161,61.3250134522737,65.5795922170823,56.4212452534014,49.372062866041,61.1404113664123,61.3396148290966,66.1821962631733,65.9804183843762,62.1545448093197,58.2563032020869,58.3854354413171,52.7874507344545,67.2599070392864,57.6315464323219,62.676228354893,53.4052557438378,66.5169188691083,66.4643020513106,54.5441211286098,48.3253780684989,63.8273354059042,63.7289896432471,67.5907256792486
61.7527833650031,60.4335497014782,57.2618478611294,64.4400318628981,64.2400492262983,64.0752911060952,67.3754115603091,62.8921096150161,61.3250134522737,65.5795922170823,56.4212452534014,49.372062866041,61.1404113664123,61.3396148290966,66.1821962631733,65.9804183843762,62.1545448093197,58.2563032020869,58.3854354413171,52.7874507344545,67.2599070392864,57.6315464323219,62.676228354893,53.4052557438378,66.5169188691083,66.4643020513106,54.5441211286098,48.3253780684989,63.8273354059042,63.7289896432471,67.5907256792486
61.7527833650031,60.4335497014782,57.2618478611294,64.4400318628981,64.2400492262983,64.0752911060952,67.3754115603091,62.9153480449191,61.3250134522737,65.5795922170823,57.1134433442266,49.372062866041,61.1404113664123,61.3396148290966,66.1821962631733,65.9804183843762,62.1545448093197,58.2563032020869,58.6145669820736,52.7874507344545,67.2599070392864,57.6315464323219,62.676228354893,53.4052557438378,66.5169188691083,66.4643020513106,54.5441211286098,48.3253780684989,63.8273354059042,63.7289896432471,67.5907256792486
61.7527833650031,60.4335497014782,57.2618478611294,64.4400318628981,64.2400492262983,64.0752911060952,67.3754115603091,62.9153480449191,61.3250134522737,65.5795922170823,57.1134433442266,49.372062866041,61.1404113664123,61.3396148290966,66.1821962631733,65.9804183843762,62.1545448093197,58.2563032020869,58.6145669820736,52.7874507344545,67.2599070392864,57.6315464323219,62.676228354893,53.4052557438378,66.5169188691083,66.4643020513106,54.5441211286098,48.3253780684989,63.8273354059042,63.7289896432471,67.5907256792486
61.7527833650031,60.4335497014782,57.2618478611294,64.4400318628981,64.2400492262983,64.0752911060952,67.3754115603091,62.9153480449191,61.3250134522737,66.892412351067,57.1134433442266,49.372062866041,61.1404113664123,61.3396148290966,66.1821962631733,66.3261452005249,62.1545448093197,58.2563032020869,58.6145669820736,52.7874507344545,67.2599070392864,57.6315464323219,62.676228354893,53.4052557438378,66.5169188691083,66.4643020513106,55.0287134320163,48.3253780684989,63.9032796495963,64.405907299428,67.5907256792486
61.7527833650031,60.4335497014782,57.2618478611294,64.4400318628981,65.4956751531408,64.0752911060952,67.3754115603091,62.9153480449191,61.3250134522737,66.892412351067,57.1134433442266,49.6364839104899,61.1404113664123,61.3396148290966,66.1821962631733,66.3261452005249,62.3653813799469,58.2563032020869,58.6145669820736,52.7874507344545,67.2599070392864,57.6315464323219,62.676228354893,53.4052557438378,66.5169188691083,66.4643020513106,55.0287134320163,48.3253780684989,63.9032796495963,64.405907299428,67.5907256792486
63.0753967044814,60.4335497014782,57.2618478611294,64.4400318628981,65.4956751531408,64.0752911060952,67.3754115603091,62.9153480449191,61.3250134522737,66.892412351067,57.1134433442266,49.6364839104899,61.1404113664123,61.3396148290966,66.1821962631733,66.3261452005249,62.3653813799469,58.2563032020869,58.6145669820736,52.7874507344545,67.2599070392864,57.6315464323219,62.676228354893,53.4052557438378,66.6931226363654,66.4643020513106,55.0287134320163,48.3253780684989,63.9032796495963,64.405907299428,67.5907256792486
63.0753967044814,61.3535466846694,57.2618478611294,64.4400318628981,65.4956751531408,64.0752911060952,67.3754115603091,62.9153480449191,62.5333243978777,66.892412351067,57.1134433442266,49.6364839104899,61.1404113664123,61.3396148290966,66.1821962631733,66.3261452005249,62.3653813799469,58.2563032020869,58.6145669820736,52.7874507344545,67.2599070392864,57.6315464323219,62.676228354893,53.4052557438378,66.6931226363654,66.504211600935,55.0287134320163,48.3253780684989,63.9032796495963,64.405907299428,67.5907256792486
63.0753967044814,61.3535466846694,57.2618478611294,64.4400318628981,65.4956751531408,64.0752911060952,67.3754115603091,62.9153480449191,62.5333243978777,66.892412351067,57.1134433442266,49.6364839104899,61.1404113664123,61.6319712942706,66.1821962631733,66.3261452005249,62.3653813799469,58.2563032020869,58.6145669820736,52.7874507344545,67.2599070392864,57.6315464323219,62.676228354893,53.4052557438378,66.6931226363654,66.504211600935,55.0287134320163,48.3253780684989,63.9032796495963,64.405907299428,67.5907256792486
63.0753967044814,61.3535466846694,57.2618478611294,64.4400318628981,65.4956751531408,65.7484278893884,67.3754115603091,62.9610959805014,62.5333243978777,66.892412351067,57.1134433442266,49.6364839104899,61.1404113664123,61.6319712942706,66.1821962631733,66.3261452005249,62.3653813799469,58.2563032020869,58.6145669820736,52.7874507344545,67.2599070392864,57.6315464323219,62.676228354893,53.4052557438378,66.6931226363654,66.504211600935,55.0287134320163,48.5137789479504,63.9032796495963,64.405907299428,67.5907256792486
63.0753967044814,61.3535466846694,57.2618478611294,64.4400318628981,65.4956751531408,65.7484278893884,67.3754115603091,62.9610959805014,62.5333243978777,66.892412351067,57.1134433442266,49.6364839104899,61.1404113664123,61.6319712942706,66.3228494565953,66.3261452005249,62.3653813799469,58.2563032020869,58.6145669820736,52.7874507344545,67.4043097563243,57.6315464323219,62.676228354893,53.4052557438378,66.6931226363654,66.504211600935,55.0287134320163,49.1895896276271,63.9032796495963,64.405907299428,67.5907256792486
63.0753967044814,61.3535466846694,57.2618478611294,64.4400318628981,65.4956751531408,65.7484278893884,67.3754115603091,62.9610959805014,62.5333243978777,66.892412351067,57.1134433442266,49.6364839104899,61.2111221449424,61.6319712942706,66.3228494565953,66.3261452005249,62.3653813799469,58.2563032020869,58.6145669820736,53.3950415655896,67.4043097563243,57.6315464323219,62.676228354893,53.4052557438378,66.6931226363654,66.504211600935,55.0287134320163,49.1895896276271,63.9032796495963,64.405907299428,67.5907256792486
63.0753967044814,61.8032381492169,57.2618478611294,64.4400318628981,65.4956751531408,65.7484278893884,67.3754115603091,63.0456206217703,62.5333243978777,66.892412351067,57.1134433442266,49.6364839104899,61.2111221449424,61.6319712942706,66.3228494565953,66.3261452005249,62.3653813799469,58.2563032020869,58.6545887129737,53.3950415655896,67.4043097563243,57.6315464323219,62.676228354893,53.5730689641558,66.8583623161118,66.504211600935,55.0287134320163,49.1895896276271,63.9032796495963,65.8588980947424,67.8496871915202
63.2772835497616,61.8032381492169,57.2618478611294,64.5533536418705,65.4956751531408,65.7484278893884,67.3754115603091,63.0456206217703,62.5333243978777,66.892412351067,57.1134433442266,49.6364839104899,61.2111221449424,61.6319712942706,66.3228494565953,66.3261452005249,62.3653813799469,58.2563032020869,58.6545887129737,53.3950415655896,67.4043097563243,57.6315464323219,62.9764868293038,53.5730689641558,66.8583623161118,66.504211600935,55.0287134320163,49.1895896276271,63.9032796495963,65.8588980947424,67.8496871915202
63.2772835497616,61.8032381492169,57.6223050906937,64.5533536418705,65.4956751531408,65.7484278893884,67.3754115603091,63.0456206217703,62.5333243978777,66.892412351067,57.1134433442266,49.6364839104899,61.2111221449424,61.6319712942706,66.3228494565953,66.3261452005249,62.3653813799469,58.2563032020869,58.6545887129737,53.3950415655896,67.4043097563243,57.6315464323219,62.9764868293038,53.5730689641558,66.8583623161118,66.504211600935,55.0287134320163,49.1895896276271,63.9032796495963,65.8588980947424,67.8496871915202
63.2772835497616,61.8032381492169,57.6223050906937,64.5533536418705,65.4956751531408,65.7484278893884,67.3754115603091,63.0456206217703,62.9920955052693,66.892412351067,57.1134433442266,49.6364839104899,61.2111221449424,61.8607838188831,66.3228494565953,66.3261452005249,62.3653813799469,58.2563032020869,58.6545887129737,53.3950415655896,67.4043097563243,57.6315464323219,62.9764868293038,53.5730689641558,66.8583623161118,66.504211600935,55.1068661362213,49.1895896276271,63.9032796495963,65.8588980947424,67.8496871915202
63.2772835497616,61.8032381492169,57.6223050906937,64.5533536418705,65.4956751531408,65.7484278893884,67.3754115603091,63.0456206217703,62.9920955052693,66.892412351067,57.1134433442266,49.6364839104899,61.3015473803571,61.8607838188831,66.3228494565953,66.3480692865077,62.3653813799469,58.2563032020869,58.6545887129737,53.3950415655896,67.4043097563243,57.6315464323219,62.9764868293038,53.5730689641558,66.8583623161118,66.504211600935,55.1068661362213,49.1895896276271,63.9032796495963,65.8588980947424,67.8496871915202
63.2772835497616,61.8032381492169,57.6223050906937,64.5533536418705,65.4956751531408,65.7484278893884,67.3754115603091,63.0456206217703,62.9920955052693,66.892412351067,57.1134433442266,49.6364839104899,61.3015473803571,61.8607838188831,66.3228494565953,66.3480692865077,62.3653813799469,58.2563032020869,58.6545887129737,53.6980338359556,67.4043097563243,57.6315464323219,62.9764868293038,53.5730689641558,67.1148242555071,66.504211600935,55.1068661362213,49.8487761744094,63.9032796495963,65.8588980947424,67.8496871915202
63.2772835497616,61.8032381492169,57.6223050906937,64.5533536418705,65.4956751531408,65.7484278893884,67.3754115603091,63.0456206217703,62.9920955052693,66.892412351067,57.3490746202344,49.6364839104899,61.3015473803571,61.8607838188831,66.3228494565953,66.3480692865077,62.3653813799469,58.7406670140797,58.6545887129737,53.6980338359556,67.4043097563243,57.6315464323219,62.9764868293038,53.5730689641558,67.1148242555071,66.504211600935,55.1068661362213,49.8487761744094,63.9032796495963,65.8588980947424,67.8496871915202
63.2772835497616,61.8032381492169,57.6223050906937,64.5533536418705,65.4956751531408,65.7484278893884,67.3754115603091,63.0456206217703,62.9920955052693,66.892412351067,57.3490746202344,49.6364839104899,61.3015473803571,61.8607838188831,66.3228494565953,66.3480692865077,62.3653813799469,58.7406670140797,58.6545887129737,53.6980338359556,67.4043097563243,57.6315464323219,62.9764868293038,53.5730689641558,67.1148242555071,66.920799731433,55.1068661362213,49.8487761744094,63.9487010625666,65.8588980947424,67.8496871915202
63.2772835497616,61.8032381492169,57.6223050906937,64.5533536418705,65.4956751531408,65.7484278893884,67.3754115603091,63.0731698297628,62.9920955052693,66.892412351067,57.3490746202344,49.6364839104899,61.3015473803571,61.8607838188831,66.3228494565953,66.3480692865077,62.3653813799469,58.7406670140797,58.6545887129737,53.6980338359556,67.4043097563243,57.6315464323219,62.9764868293038,53.5730689641558,67.1148242555071,66.920799731433,55.1068661362213,49.8487761744094,63.9487010625666,65.8588980947424,67.8496871915202
63.2772835497616,61.8032381492169,57.6223050906937,64.5533536418705,65.4956751531408,65.7484278893884,67.3754115603091,63.0731698297628,62.9920955052693,66.892412351067,57.3490746202344,49.6364839104899,61.3015473803571,61.8607838188831,66.3228494565953,66.3480692865077,62.3653813799469,58.7406670140797,58.6545887129737,53.6980338359556,67.4043097563243,57.6315464323219,62.9764868293038,53.6281486741051,67.1148242555071,66.920799731433,55.1068661362213,49.8487761744094,63.9487010625666,65.8588980947424,68.0530506189269
63.2772835497616,61.8913822454779,58.2976490487877,64.5533536418705,65.4956751531408,65.7484278893884,67.5953434493214,63.0731698297628,62.9920955052693,66.892412351067,57.3490746202344,49.6364839104899,61.3990649792718,62.5991059801517,66.3228494565953,66.3480692865077,62.3653813799469,58.7406670140797,58.6545887129737,53.6980338359556,67.4043097563243,57.6315464323219,62.9764868293038,53.6281486741051,67.1148242555071,66.920799731433,55.1068661362213,49.8487761744094,63.9487010625666,65.8588980947424,68.0530506189269
63.2772835497616,61.8913822454779,58.2976490487877,64.5533536418705,65.4956751531408,65.7484278893884,67.5953434493214,63.2826059791672,62.9920955052693,66.892412351067,57.5479843562265,49.6364839104899,61.3990649792718,62.5991059801517,66.3228494565953,66.3480692865077,62.3653813799469,58.7406670140797,58.6545887129737,53.6980338359556,67.4043097563243,57.6315464323219,63.0555265631074,53.6281486741051,67.2063397164403,66.920799731433,55.1068661362213,49.8487761744094,63.9487010625666,65.8588980947424,68.0530506189269
63.2772835497616,61.8913822454779,58.2976490487877,64.5533536418705,65.4956751531408,65.7484278893884,67.5953434493214,63.2826059791672,62.9920955052693,66.892412351067,57.5479843562265,49.6364839104899,61.3990649792718,62.5991059801517,66.3228494565953,66.3480692865077,62.3653813799469,58.7406670140797,58.6545887129737,53.6980338359556,67.4043097563243,57.6315464323219,63.0555265631074,53.6281486741051,67.2063397164403,66.920799731433,55.1068661362213,49.8487761744094,63.9487010625666,65.8588980947424,68.0530506189269
63.2772835497616,61.8913822454779,58.2976490487877,64.5533536418705,65.4956751531408,65.7484278893884,67.5953434493214,63.2826059791672,62.9920955052693,66.892412351067,57.5479843562265,49.6364839104899,61.3990649792718,62.5991059801517,66.3228494565953,66.3480692865077,62.3653813799469,58.7406670140797,58.6545887129737,53.6980338359556,67.4043097563243,57.6315464323219,63.0555265631074,53.6281486741051,67.2063397164403,66.920799731433,55.1068661362213,50.0815129252941,63.9487010625666,65.8588980947424,68.0530506189269
63.2772835497616,61.8913822454779,58.2976490487877,64.5533536418705,65.4956751531408,65.7484278893884,67.5953434493214,63.4539859395317,62.9920955052693,66.892412351067,57.6562908578205,49.6364839104899,61.3990649792718,62.5991059801517,66.3228494565953,66.3480692865077,62.3653813799469,58.7406670140797,58.6545887129737,53.6980338359556,67.4043097563243,57.6315464323219,63.0555265631074,53.6281486741051,67.2063397164403,66.920799731433,55.1068661362213,50.1033624491518,63.9487010625666,66.20967596992,68.0530506189269
63.2772835497616,61.8913822454779,58.2976490487877,65.3166955227031,65.4956751531408,65.7484278893884,67.5953434493214,63.4539859395317,62.9920955052693,66.892412351067,57.6562908578205,49.6364839104899,61.3990649792718,62.5991059801517,66.3228494565953,66.3480692865077,62.3653813799469,58.7406670140797,58.6545887129737,53.6980338359556,67.4043097563243,57.6315464323219,63.0555265631074,53.6281486741051,67.2063397164403,66.920799731433,55.1068661362213,50.1033624491518,63.9487010625666,66.20967596992,68.0530506189269
63.2772835497616,61.8913822454779,58.2976490487877,65.3166955227031,65.4956751531408,65.7484278893884,67.5953434493214,63.4539859395317,62.9920955052693,66.892412351067,57.6562908578205,49.6364839104899,61.3990649792718,62.5991059801517,66.3228494565953,66.5109079430728,62.3653813799469,58.7406670140797,58.6545887129737,53.6980338359556,67.4465138068288,57.6315464323219,63.0555265631074,53.6281486741051,67.2507741461738,66.920799731433,55.1068661362213,50.1033624491518,64.7757671218507,66.20967596992,68.0530506189269
63.2772835497616,61.8913822454779,58.2976490487877,65.3166955227031,65.4956751531408,65.7484278893884,67.5953434493214,63.4539859395317,62.9920955052693,66.892412351067,57.6562908578205,49.6364839104899,61.3990649792718,62.6135659729219,66.3228494565953,66.5109079430728,62.3653813799469,58.7406670140797,58.6545887129737,53.6980338359556,67.4465138068288,57.6315464323219,63.0555265631074,53.6281486741051,67.2507741461738,66.920799731433,55.1068661362213,50.1033624491518,64.7757671218507,66.20967596992,68.0530506189269
63.2772835497616,61.8913822454779,58.2976490487877,65.3166955227031,65.4956751531408,65.7484278893884,67.5953434493214,63.4539859395317,62.9920955052693,67.4233876938689,57.6562908578205,49.6364839104899,61.3990649792718,62.6135659729219,66.3228494565953,66.5109079430728,62.3653813799469,58.7406670140797,58.6545887129737,53.6980338359556,67.4465138068288,57.6315464323219,63.0555265631074,53.6281486741051,67.2507741461738,66.920799731433,55.1068661362213,50.1033624491518,64.7757671218507,66.20967596992,68.0530506189269
63.2772835497616,61.8913822454779,58.2976490487877,65.3166955227031,65.4956751531408,65.7484278893884,67.5953434493214,63.4539859395317,62.9920955052693,67.4233876938689,57.6562908578205,49.6364839104899,61.3990649792718,62.6135659729219,66.3228494565953,66.5109079430728,62.3653813799469,58.7406670140797,58.6545887129737,53.6980338359556,67.4465138068288,57.6315464323219,63.0555265631074,53.6281486741051,67.2507741461738,66.920799731433,55.1068661362213,50.1033624491518,64.7757671218507,66.20967596992,68.0530506189269
63.2772835497616,61.8913822454779,58.2976490487877,65.3166955227031,65.4956751531408,65.7484278893884,67.5953434493214,63.4539859395317,62.9920955052693,67.4233876938689,57.6562908578205,49.6364839104899,61.4634350745006,62.6135659729219,66.3228494565953,66.5109079430728,62.3653813799469,58.7406670140797,58.6545887129737,53.6980338359556,67.4465138068288,57.6315464323219,63.0555265631074,53.6281486741051,67.2507741461738,67.2791254419847,55.1068661362213,50.1033624491518,64.7757671218507,66.20967596992,68.0530506189269
63.817313457141,61.8913822454779,58.2976490487877,65.3166955227031,65.4956751531408,65.7484278893884,67.5953434493214,63.5123323411735,63.085865896967,67.4233876938689,57.6562908578205,49.6364839104899,61.4634350745006,62.6135659729219,66.3228494565953,66.5109079430728,62.3653813799469,58.7406670140797,58.6545887129737,53.6980338359556,67.4465138068288,57.6315464323219,63.0555265631074,53.6281486741051,67.2507741461738,67.2791254419847,55.1068661362213,50.1033624491518,64.7757671218507,66.20967596992,68.0530506189269
63.817313457141,61.8913822454779,58.2976490487877,65.3166955227031,65.4956751531408,65.7484278893884,67.5953434493214,63.5123323411735,63.085865896967,67.4233876938689,57.6562908578205,49.6364839104899,61.4634350745006,62.6135659729219,66.4831528572093,66.5109079430728,62.3653813799469,58.7406670140797,58.6545887129737,53.8631320426309,67.4465138068288,57.6315464323219,63.0555265631074,53.6281486741051,67.778595042452,67.2791254419847,55.1068661362213,50.1033624491518,64.7757671218507,66.20967596992,68.0530506189269
63.817313457141,61.8913822454779,58.2976490487877,65.3166955227031,65.4956751531408,65.7484278893884,67.5953434493214,63.5123323411735,63.085865896967,67.4233876938689,57.6562908578205,49.6364839104899,61.4634350745006,62.6135659729219,66.4831528572093,66.5109079430728,62.3653813799469,58.7406670140797,58.6545887129737,53.8631320426309,67.5608946874062,57.6315464323219,63.0555265631074,53.6281486741051,67.778595042452,67.2791254419847,55.1068661362213,50.1033624491518,64.7757671218507,66.20967596992,68.0530506189269
63.817313457141,61.9907521700244,59.0656624800495,65.3166955227031,65.4956751531408,65.7484278893884,67.5953434493214,63.5123323411735,63.085865896967,67.4233876938689,57.6562908578205,49.9162870991712,61.4634350745006,62.6135659729219,66.4831528572093,66.5109079430728,62.3653813799469,58.7406670140797,58.6545887129737,53.8631320426309,67.5608946874062,57.6315464323219,63.0555265631074,53.6281486741051,67.778595042452,67.2791254419847,55.1068661362213,50.1033624491518,64.7757671218507,66.20967596992,68.0530506189269
63.817313457141,61.9907521700244,59.0656624800495,65.3166955227031,65.4956751531408,65.7484278893884,67.5953434493214,63.5123323411735,63.085865896967,67.4233876938689,57.6562908578205,49.9162870991712,61.4634350745006,62.6135659729219,66.4831528572093,66.5109079430728,62.3653813799469,58.7406670140797,58.6545887129737,53.8631320426309,67.5608946874062,57.6315464323219,63.0555265631074,53.6281486741051,67.778595042452,67.2791254419847,55.807976369809,50.1033624491518,64.9149187505851,66.20967596992,68.0530506189269
63.817313457141,61.9907521700244,59.0656624800495,65.3166955227031,65.4956751531408,65.7484278893884,67.5953434493214,63.5123323411735,63.085865896967,67.4233876938689,57.9864851961404,49.9162870991712,61.4634350745006,62.6135659729219,66.4831528572093,66.5109079430728,63.9939629790325,58.7406670140797,58.6545887129737,53.8631320426309,67.5608946874062,57.6315464323219,63.0555265631074,53.6281486741051,67.778595042452,67.2791254419847,55.807976369809,50.1033624491518,64.9149187505851,66.20967596992,68.0530506189269
64.5474471570391,61.9907521700244,59.0656624800495,65.3166955227031,65.4956751531408,65.7484278893884,67.5953434493214,63.5123323411735,63.085865896967,67.4233876938689,57.9864851961404,49.9162870991712,61.4634350745006,62.6135659729219,66.4831528572093,66.5109079430728,63.9939629790325,58.7406670140797,58.6545887129737,53.8631320426309,67.5608946874062,57.6315464323219,63.0555265631074,53.6281486741051,67.778595042452,67.2791254419847,55.807976369809,50.1033624491518,64.9149187505851,66.5368673743276,68.0530506189269
65.4296995740684,61.9907521700244,59.0656624800495,65.3166955227031,65.4956751531408,65.7484278893884,67.5953434493214,63.5123323411735,63.085865896967,67.4233876938689,57.9864851961404,49.9162870991712,61.4634350745006,62.6135659729219,66.4831528572093,66.7545669370799,63.9939629790325,58.7406670140797,58.6545887129737,53.9768180567596,67.5608946874062,57.6315464323219,63.0555265631074,53.6281486741051,67.778595042452,67.2791254419847,55.807976369809,50.1033624491518,64.9149187505851,66.9064265584529,68.0530506189269
65.4296995740684,62.0863057767288,59.0656624800495,65.3166955227031,65.4956751531408,65.7484278893884,67.5953434493214,63.5132969889286,63.085865896967,67.4233876938689,57.9864851961404,49.9162870991712,61.4634350745006,62.6135659729219,66.4831528572093,66.7545669370799,63.9939629790325,58.7406670140797,58.6545887129737,53.9768180567596,67.5608946874062,57.6315464323219,63.0555265631074,53.6281486741051,67.778595042452,67.2791254419847,55.807976369809,50.1033624491518,64.9149187505851,66.9064265584529,68.0530506189269
65.4296995740684,62.0863057767288,59.0656624800495,65.3166955227031,65.4956751531408,65.7484278893884,67.5953434493214,63.5132969889286,63.085865896967,67.4233876938689,57.9864851961404,49.9162870991712,61.6631831223545,62.6135659729219,66.4831528572093,66.7545669370799,63.9939629790325,58.7406670140797,58.6545887129737,53.9768180567596,67.5608946874062,57.6315464323219,63.0555265631074,53.6281486741051,67.778595042452,67.2791254419847,55.807976369809,50.1033624491518,64.9149187505851,66.9064265584529,68.0530506189269
65.4296995740684,62.0863057767288,59.0656624800495,65.3166955227031,65.4956751531408,65.7484278893884,67.5953434493214,63.5132969889286,63.085865896967,67.4233876938689,57.9864851961404,49.9162870991712,61.6631831223545,62.6135659729219,66.4831528572093,66.7545669370799,63.9939629790325,58.7406670140797,58.6545887129737,53.9768180567596,67.6889374712116,57.6315464323219,63.0555265631074,53.6281486741051,67.778595042452,67.2791254419847,55.807976369809,50.1033624491518,64.9149187505851,66.9064265584529,68.0530506189269
65.4296995740684,62.0863057767288,59.0656624800495,65.3166955227031,65.4956751531408,65.7484278893884,67.5953434493214,63.6780079330774,63.085865896967,67.4233876938689,57.9864851961404,49.9162870991712,61.6631831223545,62.6135659729219,66.4831528572093,66.7545669370799,63.9939629790325,58.7406670140797,58.6545887129737,53.9768180567596,67.6889374712116,57.6315464323219,63.0555265631074,53.6281486741051,67.778595042452,67.2791254419847,55.807976369809,50.1033624491518,64.9149187505851,66.9064265584529,68.0530506189269
65.4296995740684,62.0863057767288,59.0656624800495,65.3166955227031,65.4956751531408,65.7484278893884,67.5953434493214,63.6780079330774,63.085865896967,67.4233876938689,57.9864851961404,49.9162870991712,61.6631831223545,62.6135659729219,66.4831528572093,66.7545669370799,63.9939629790325,58.7406670140797,58.6545887129737,53.9768180567596,67.6889374712116,57.6315464323219,63.0555265631074,53.6281486741051,68.0688991511468,67.2791254419847,55.807976369809,50.1033624491518,64.9149187505851,66.9064265584529,68.0530506189269
65.4296995740684,62.4046177654048,59.0656624800495,65.3166955227031,65.8920958672226,65.7484278893884,67.5953434493214,63.6780079330774,63.085865896967,67.4233876938689,57.9864851961404,49.9162870991712,61.6631831223545,62.6135659729219,66.4831528572093,66.7545669370799,63.9939629790325,58.7406670140797,58.6545887129737,53.9768180567596,67.6889374712116,57.6315464323219,63.0555265631074,53.6281486741051,68.0688991511468,67.2791254419847,55.807976369809,50.1033624491518,65.4491494818908,66.9064265584529,68.0530506189269
65.4296995740684,62.4046177654048,59.0656624800495,65.3166955227031,65.8920958672226,65.7484278893884,67.5953434493214,63.6780079330774,63.085865896967,67.4233876938689,57.9864851961404,49.9162870991712,61.6631831223545,62.6135659729219,66.4831528572093,67.1997833554262,63.9939629790325,58.7406670140797,58.6545887129737,53.9768180567596,67.6889374712116,57.6315464323219,63.0555265631074,53.6913772918962,68.0688991511468,67.2791254419847,55.807976369809,50.1033624491518,65.4491494818908,66.9064265584529,68.0530506189269
65.4296995740684,62.4046177654048,59.0656624800495,65.3166955227031,65.8920958672226,65.7484278893884,67.5953434493214,63.6780079330774,63.085865896967,67.4233876938689,57.9864851961404,49.9162870991712,61.6631831223545,62.6135659729219,66.4831528572093,67.1997833554262,63.9939629790325,58.7406670140797,58.6545887129737,53.9768180567596,67.9214358368509,57.6315464323219,63.0555265631074,53.6913772918962,68.0688991511468,67.2791254419847,55.9526335755151,50.1033624491518,65.4491494818908,66.9064265584529,68.0530506189269
65.4296995740684,62.4046177654048,59.0656624800495,65.3166955227031,65.8920958672226,65.7484278893884,67.5953434493214,63.6780079330774,63.085865896967,67.4233876938689,57.9864851961404,49.9162870991712,61.6631831223545,62.6135659729219,66.4831528572093,67.1997833554262,63.9939629790325,58.7406670140797,58.6545887129737,53.9768180567596,67.9214358368509,57.6315464323219,63.0555265631074,53.6913772918962,68.0688991511468,67.2791254419847,55.9526335755151,50.1336637410177,65.4491494818908,66.9064265584529,68.0530506189269
65.4296995740684,62.4046177654048,59.0656624800495,65.3166955227031,65.8920958672226,65.7484278893884,67.5953434493214,63.6780079330774,63.085865896967,67.4233876938689,57.9864851961404,49.9162870991712,61.6631831223545,63.2584789437314,66.4831528572093,67.1997833554262,63.9939629790325,58.7406670140797,58.6545887129737,53.9768180567596,67.9214358368509,57.6315464323219,63.0904018155308,53.6913772918962,68.0688991511468,67.366450454669,55.9526335755151,50.1336637410177,65.4491494818908,66.9064265584529,68.0530506189269
65.4296995740684,62.4773726380154,59.2538441082439,65.3166955227031,65.8920958672226,65.7484278893884,67.5953434493214,63.7390592482885,63.6131703020734,67.4233876938689,57.9864851961404,49.9162870991712,61.6631831223545,63.2584789437314,66.4831528572093,67.1997833554262,63.9939629790325,58.7406670140797,58.8403060389571,54.004949078756,67.9214358368509,57.6315464323219,63.1913854671882,53.6913772918962,68.0688991511468,67.366450454669,55.9526335755151,50.1336637410177,65.4491494818908,66.9064265584529,68.0530506189269
66.272931291594,62.4773726380154,59.2538441082439,65.3166955227031,65.8920958672226,65.7484278893884,67.5953434493214,63.8735210107149,63.6131703020734,67.4233876938689,57.9864851961404,49.9162870991712,61.6631831223545,63.2584789437314,66.4831528572093,67.1997833554262,63.9939629790325,58.7406670140797,58.8403060389571,54.099502383935,67.9214358368509,57.6315464323219,63.1913854671882,53.6913772918962,68.0688991511468,67.366450454669,55.9526335755151,50.1336637410177,65.4491494818908,66.9064265584529,68.0530506189269
66.272931291594,62.4773726380154,59.2538441082439,65.3166955227031,65.9616589160245,65.7484278893884,67.5953434493214,63.8735210107149,63.6131703020734,67.4233876938689,57.9864851961404,49.9162870991712,61.6631831223545,63.2584789437314,66.4831528572093,67.1997833554262,63.9939629790325,58.7406670140797,58.8403060389571,54.099502383935,67.9214358368509,57.6315464323219,63.1913854671882,53.6913772918962,68.0688991511468,67.366450454669,55.9526335755151,50.1336637410177,65.4491494818908,66.9064265584529,68.0530506189269
66.272931291594,62.4773726380154,59.2538441082439,65.3166955227031,65.9616589160245,65.7484278893884,67.5953434493214,64.1474994416733,63.6131703020734,67.4233876938689,57.9864851961404,49.9162870991712,61.6631831223545,63.2584789437314,66.4831528572093,67.1997833554262,63.9939629790325,58.7406670140797,58.8403060389571,54.099502383935,67.9214358368509,57.6315464323219,63.1913854671882,53.6913772918962,68.0688991511468,67.366450454669,55.9526335755151,50.1336637410177,65.640209307131,66.9064265584529,68.0530506189269
66.272931291594,62.4773726380154,59.2538441082439,65.3166955227031,65.9616589160245,65.7484278893884,67.5953434493214,64.4189820752792,63.6131703020734,67.4233876938689,57.9864851961404,49.9162870991712,61.6631831223545,63.2584789437314,66.4831528572093,67.1997833554262,63.9939629790325,58.7406670140797,58.8403060389571,54.099502383935,67.9214358368509,57.6315464323219,63.1913854671882,53.6913772918962,68.0688991511468,67.366450454669,55.9526335755151,50.1336637410177,65.640209307131,66.9064265584529,68.0530506189269
66.272931291594,62.4773726380154,59.2538441082439,65.3166955227031,65.9616589160245,66.1587410767662,67.5953434493214,64.4189820752792,63.6131703020734,67.4233876938689,58.1477911721787,49.9162870991712,61.6631831223545,63.2584789437314,66.4831528572093,67.1997833554262,63.9939629790325,58.7406670140797,58.8403060389571,54.099502383935,67.9702511069229,57.6315464323219,63.1913854671882,53.6913772918962,68.0688991511468,67.366450454669,55.9526335755151,50.1841970317048,65.640209307131,66.9064265584529,68.0530506189269
66.272931291594,62.4773726380154,59.2538441082439,65.3166955227031,65.9616589160245,66.1587410767662,67.5953434493214,64.4189820752792,63.6131703020734,67.4233876938689,58.1477911721787,49.9162870991712,61.6631831223545,63.2584789437314,66.4831528572093,67.1997833554262,63.9939629790325,58.7406670140797,58.8403060389571,54.1424460557631,67.9702511069229,57.6315464323219,63.1913854671882,53.6913772918962,68.0688991511468,67.4168346634974,55.9526335755151,50.1841970317048,65.640209307131,67.3952953765356,68.0530506189269
66.272931291594,62.4773726380154,59.2538441082439,65.3166955227031,65.9616589160245,66.1587410767662,67.5953434493214,64.4189820752792,63.6131703020734,67.4233876938689,58.1477911721787,49.9162870991712,61.6631831223545,63.2584789437314,66.4831528572093,67.1997833554262,63.9939629790325,58.7406670140797,58.8403060389571,54.1424460557631,67.9702511069229,57.6315464323219,63.1913854671882,53.6913772918962,68.0688991511468,67.4168346634974,56.2084797712044,50.1841970317048,65.640209307131,67.3952953765356,68.0530506189269
67.1355077255344,62.4773726380154,59.2538441082439,65.3166955227031,65.9616589160245,66.1587410767662,67.5953434493214,64.4189820752792,63.6131703020734,67.4233876938689,58.1477911721787,49.9162870991712,61.6631831223545,63.2584789437314,66.4831528572093,67.1997833554262,63.9939629790325,58.7406670140797,58.8403060389571,54.1424460557631,67.9702511069229,57.6315464323219,63.1913854671882,53.6913772918962,68.0688991511468,67.4168346634974,56.2084797712044,50.1841970317048,65.640209307131,67.3952953765356,68.0530506189269
67.1355077255344,62.4773726380154,59.2538441082439,65.3166955227031,65.9616589160245,66.1587410767662,67.5953434493214,64.4189820752792,63.6131703020734,67.4233876938689,58.1477911721787,49.9162870991712,61.6631831223545,63.2584789437314,66.4831528572093,67.1997833554262,63.9939629790325,58.7414645299168,58.8403060389571,54.1424460557631,67.9702511069229,57.6315464323219,63.5187867051989,53.6913772918962,68.0688991511468,67.4168346634974,56.2084797712044,50.1841970317048,65.640209307131,67.3952953765356,68.0530506189269
67.1355077255344,62.4773726380154,59.2538441082439,65.3166955227031,65.9616589160245,66.1587410767662,67.5953434493214,64.4189820752792,63.6131703020734,67.4233876938689,58.1477911721787,49.9162870991712,61.6631831223545,63.5389866334808,66.4831528572093,67.1997833554262,63.9939629790325,58.7414645299168,58.8403060389571,54.1424460557631,67.9702511069229,57.6315464323219,63.5187867051989,53.6913772918962,68.0688991511468,67.4168346634974,56.2084797712044,50.1841970317048,65.640209307131,67.3952953765356,68.0530506189269
67.1355077255344,62.4773726380154,59.2538441082439,65.3166955227031,65.9616589160245,66.1587410767662,67.5953434493214,64.4189820752792,63.6131703020734,67.4233876938689,58.1477911721787,49.9162870991712,61.6631831223545,63.5389866334808,66.4831528572093,67.1997833554262,63.9939629790325,58.7414645299168,58.8403060389571,54.1424460557631,67.9702511069229,57.6315464323219,63.5187867051989,53.6913772918962,68.0688991511468,67.4168346634974,56.2084797712044,50.1841970317048,65.640209307131,67.3952953765356,68.1387563708443
67.1355077255344,62.4773726380154,59.2538441082439,65.3166955227031,65.9616589160245,66.1587410767662,67.5953434493214,64.4189820752792,63.6131703020734,67.4233876938689,58.1477911721787,49.9162870991712,61.6631831223545,63.5389866334808,66.4831528572093,67.1997833554262,63.9939629790325,58.7414645299168,58.8403060389571,54.3676765419557,67.9702511069229,57.6315464323219,63.5187867051989,53.7411902573741,68.1798327104567,67.641896940527,56.2084797712044,50.2623422622872,65.640209307131,67.4579755740835,68.1387563708443
67.1355077255344,62.4773726380154,59.2538441082439,65.3166955227031,65.9616589160245,66.1587410767662,67.5953434493214,64.4189820752792,63.6131703020734,67.4233876938689,58.350356602159,50.0581005376265,61.7259512877348,63.5389866334808,66.4831528572093,67.5086321449036,63.9939629790325,58.7414645299168,58.8403060389571,54.3676765419557,68.1995446068782,57.6315464323219,63.5187867051989,53.7411902573741,68.1798327104567,67.641896940527,56.3545723179599,50.2623422622872,65.640209307131,67.4579755740835,68.1387563708443
67.1355077255344,62.4773726380154,59.2538441082439,65.3166955227031,65.9616589160245,66.1587410767662,67.5953434493214,64.4189820752792,63.6131703020734,67.4233876938689,58.350356602159,50.0581005376265,61.7259512877348,63.5389866334808,66.4831528572093,67.5086321449036,63.9939629790325,58.7414645299168,58.8403060389571,54.3676765419557,68.1995446068782,57.6315464323219,63.5187867051989,53.7411902573741,68.1798327104567,67.641896940527,56.3545723179599,50.2623422622872,65.640209307131,67.4579755740835,68.1387563708443
67.9235413227246,62.4861320662399,59.2538441082439,65.3166955227031,66.0855932990792,66.1587410767662,67.5953434493214,64.4189820752792,63.6131703020734,67.4233876938689,58.350356602159,50.0581005376265,61.7259512877348,63.5389866334808,66.4831528572093,67.5086321449036,63.9939629790325,58.7414645299168,58.8403060389571,54.3676765419557,68.1995446068782,57.6315464323219,63.5187867051989,53.7411902573741,68.1798327104567,67.641896940527,56.3545723179599,50.2623422622872,65.640209307131,67.4579755740835,68.1387563708443
67.9235413227246,62.4861320662399,59.2538441082439,65.3166955227031,66.0855932990792,66.1587410767662,67.5953434493214,64.4189820752792,63.6131703020734,67.4556580745351,58.350356602159,50.0581005376265,61.7259512877348,63.5389866334808,66.4831528572093,67.5086321449036,63.9939629790325,58.7414645299168,58.8906067937282,54.3676765419557,68.1995446068782,57.6315464323219,63.5187867051989,53.7411902573741,68.1798327104567,67.641896940527,56.3545723179599,50.2623422622872,65.640209307131,67.4579755740835,68.1387563708443
67.9235413227246,62.4861320662399,59.2538441082439,65.3166955227031,66.0855932990792,66.1587410767662,67.5953434493214,64.4189820752792,63.6131703020734,67.4604463925624,58.350356602159,50.0581005376265,61.8110257855905,63.5389866334808,66.4831528572093,67.5086321449036,63.9939629790325,58.7414645299168,58.8906067937282,54.3676765419557,68.1995446068782,57.6315464323219,63.5187867051989,53.7411902573741,68.1798327104567,67.641896940527,56.3545723179599,50.2623422622872,65.640209307131,67.4579755740835,68.1387563708443
67.9235413227246,62.4861320662399,59.2538441082439,65.3262875194756,66.0855932990792,66.1587410767662,67.5953434493214,64.4189820752792,63.6131703020734,67.4604463925624,58.350356602159,50.0581005376265,61.8110257855905,63.5389866334808,66.4831528572093,67.5086321449036,64.4609829008306,58.7414645299168,58.8906067937282,54.3916927711575,68.1995446068782,57.6315464323219,63.6186619823185,53.7411902573741,68.1798327104567,67.7134436386714,56.3545723179599,50.2623422622872,65.640209307131,67.4579755740835,68.1723852818821
67.9235413227246,62.6783128117663,59.2538441082439,65.3262875194756,66.0855932990792,66.1587410767662,67.5953434493214,64.4189820752792,63.6131703020734,67.4604463925624,58.350356602159,50.0581005376265,61.8110257855905,63.5389866334808,66.4831528572093,67.5086321449036,64.4609829008306,58.7414645299168,58.8906067937282,54.3916927711575,68.1995446068782,57.6315464323219,63.6186619823185,54.1889870367875,68.1798327104567,67.7134436386714,56.3545723179599,50.2623422622872,65.640209307131,67.4579755740835,68.1723852818821
67.9235413227246,62.7605941841137,59.2538441082439,65.3262875194756,66.0855932990792,66.1587410767662,67.5953434493214,64.4189820752792,63.6131703020734,67.4604463925624,58.350356602159,50.0581005376265,61.8110257855905,63.5389866334808,66.4831528572093,67.5086321449036,64.4609829008306,58.7414645299168,58.8906067937282,54.3916927711575,68.1995446068782,57.6315464323219,63.6186619823185,54.1889870367875,68.1798327104567,67.7134436386714,56.3545723179599,50.2623422622872,65.640209307131,67.4579755740835,68.1723852818821
67.9235413227246,62.7605941841137,59.2538441082439,65.3262875194756,66.0855932990792,66.1587410767662,67.5953434493214,64.4189820752792,63.6131703020734,67.4604463925624,58.350356602159,50.0581005376265,61.8110257855905,63.6050177457022,66.4831528572093,67.5086321449036,64.4609829008306,58.7414645299168,58.8906067937282,54.3916927711575,68.1995446068782,57.6315464323219,63.6186619823185,54.1889870367875,68.1798327104567,67.7134436386714,56.3545723179599,50.2623422622872,65.640209307131,67.4579755740835,68.1723852818821
67.9235413227246,62.7605941841137,59.2538441082439,65.3262875194756,66.5986073613887,66.1587410767662,67.5953434493214,64.4189820752792,63.6131703020734,67.4604463925624,58.350356602159,50.0581005376265,61.8110257855905,63.6050177457022,66.4831528572093,67.5086321449036,64.4609829008306,58.7414645299168,58.8906067937282,54.3916927711575,68.1995446068782,57.6315464323219,63.6186619823185,54.1889870367875,68.2651849600222,67.7134436386714,56.3545723179599,50.2623422622872,65.640209307131,67.4579755740835,68.1723852818821
67.9235413227246,62.7605941841137,59.2538441082439,65.3262875194756,66.5986073613887,66.1587410767662,67.5953434493214,64.4189820752792,63.6131703020734,67.4604463925624,58.350356602159,50.6635003438569,61.8110257855905,63.6050177457022,66.4831528572093,67.5086321449036,64.4609829008306,58.7414645299168,58.8906067937282,54.3916927711575,68.1995446068782,57.6315464323219,63.6186619823185,54.1889870367875,68.2651849600222,67.7134436386714,56.3545723179599,50.2623422622872,65.640209307131,67.5833703461584,68.1723852818821
67.9235413227246,62.8746240367305,59.2538441082439,65.3262875194756,66.5986073613887,66.1587410767662,67.5953434493214,64.4189820752792,63.6131703020734,67.4604463925624,58.350356602159,50.6635003438569,61.8110257855905,63.6050177457022,66.4831528572093,67.5086321449036,64.4609829008306,58.7414645299168,58.8906067937282,54.6550284856262,68.1995446068782,57.6315464323219,63.6186619823185,54.1889870367875,68.2651849600222,67.7134436386714,56.5769973824819,50.2623422622872,65.640209307131,67.5833703461584,68.1723852818821
67.9235413227246,62.8746240367305,59.2538441082439,65.3262875194756,66.5986073613887,66.1587410767662,67.5953434493214,64.4189820752792,63.6131703020734,67.4904059682322,58.350356602159,50.6635003438569,61.8120035226296,63.6050177457022,66.4831528572093,67.5243893321901,64.4609829008306,58.7414645299168,58.8906067937282,54.6550284856262,68.1995446068782,57.6315464323219,63.6186619823185,54.1889870367875,68.2651849600222,67.7134436386714,56.5769973824819,50.4204064506431,65.640209307131,67.5833703461584,68.176418839962
67.9235413227246,62.8746240367305,59.2538441082439,65.3262875194756,66.5986073613887,66.1587410767662,67.5953434493214,64.4189820752792,63.6131703020734,67.4904059682322,58.350356602159,50.6635003438569,61.8120035226296,63.6050177457022,66.4831528572093,67.5243893321901,64.4609829008306,58.7414645299168,58.9369892516501,54.6550284856262,68.1995446068782,57.6315464323219,63.6186619823185,54.1889870367875,68.2651849600222,67.7134436386714,56.5769973824819,50.4204064506431,65.659955798719,67.5833703461584,68.176418839962
67.9235413227246,62.8746240367305,59.2538441082439,65.3262875194756,66.5986073613887,66.1587410767662,67.5953434493214,64.4189820752792,64.303948539108,67.4904059682322,58.350356602159,50.6635003438569,61.8120035226296,63.6050177457022,66.4831528572093,67.5243893321901,64.4609829008306,58.7414645299168,59.2173748634051,54.6550284856262,68.277049072466,57.6315464323219,64.1836169077794,54.1889870367875,68.2651849600222,67.7134436386714,56.5769973824819,50.4204064506431,65.659955798719,67.5833703461584,68.176418839962
67.9235413227246,62.8746240367305,59.2538441082439,65.3262875194756,66.5986073613887,66.1587410767662,67.5953434493214,64.4189820752792,64.303948539108,67.4904059682322,58.350356602159,50.6635003438569,61.8120035226296,63.6050177457022,66.4831528572093,67.5243893321901,64.4609829008306,58.7414645299168,59.2173748634051,54.6550284856262,68.277049072466,57.6315464323219,64.1836169077794,54.1943010429373,68.2651849600222,67.7134436386714,56.5769973824819,50.4204064506431,65.659955798719,67.5833703461584,68.176418839962
67.9235413227246,63.2425171129627,59.2707316016107,65.3262875194756,66.5986073613887,66.1587410767662,67.5953434493214,64.4189820752792,64.303948539108,67.4904059682322,58.350356602159,50.6635003438569,61.8120035226296,63.6050177457022,66.4831528572093,67.5243893321901,64.4609829008306,58.7414645299168,59.2173748634051,54.6550284856262,68.277049072466,57.6315464323219,64.1836169077794,54.1943010429373,68.2651849600222,67.7134436386714,56.6229388724048,50.4204064506431,65.659955798719,67.5833703461584,68.176418839962
67.9235413227246,63.2425171129627,59.2707316016107,65.3262875194756,66.5986073613887,66.1587410767662,67.5953434493214,64.4189820752792,64.303948539108,67.4904059682322,58.350356602159,50.6635003438569,61.8120035226296,63.6050177457022,66.4831528572093,67.5243893321901,64.4609829008306,58.7414645299168,59.2173748634051,54.8759317922781,68.277049072466,57.6315464323219,64.1836169077794,54.1943010429373,68.2651849600222,67.7134436386714,56.6229388724048,50.4204064506431,65.659955798719,67.5833703461584,68.176418839962
67.9235413227246,63.2425171129627,59.2707316016107,65.3262875194756,66.5986073613887,66.1587410767662,67.5953434493214,64.4189820752792,64.303948539108,67.4904059682322,58.350356602159,50.6635003438569,61.8120035226296,63.6050177457022,66.4831528572093,67.6212779436671,64.4609829008306,58.7930986450174,59.2173748634051,54.8759317922781,68.277049072466,57.6315464323219,64.1836169077794,54.1943010429373,68.2651849600222,67.7134436386714,56.6229388724048,50.4204064506431,65.659955798719,67.5833703461584,68.176418839962
67.9235413227246,63.2425171129627,59.2707316016107,65.399117894838,66.5986073613887,66.1587410767662,67.5953434493214,64.4189820752792,64.303948539108,67.4904059682322,58.350356602159,50.6635003438569,61.8120035226296,63.6656885866356,66.4831528572093,67.6212779436671,64.4609829008306,58.7930986450174,59.2173748634051,54.8759317922781,68.277049072466,57.6315464323219,64.1836169077794,54.1943010429373,68.2651849600222,67.890110792904,56.6229388724048,50.6926982421501,65.659955798719,67.5833703461584,68.176418839962
67.9235413227246,63.2425171129627,59.2707316016107,65.399117894838,66.5986073613887,66.1587410767662,67.5953434493214,64.4189820752792,64.303948539108,67.4904059682322,58.350356602159,50.6635003438569,61.8120035226296,63.6656885866356,66.4831528572093,67.6212779436671,64.4609829008306,58.7930986450174,59.2173748634051,54.8759317922781,68.277049072466,57.6315464323219,64.1836169077794,54.1943010429373,68.2651849600222,67.890110792904,56.6229388724048,50.6926982421501,65.659955798719,67.5833703461584,68.176418839962
67.9235413227246,63.478977051771,59.2707316016107,65.399117894838,66.5986073613887,66.1587410767662,67.5953434493214,64.4189820752792,64.303948539108,67.7974235342343,58.350356602159,50.6635003438569,61.8685684307314,63.6656885866356,66.4831528572093,67.6212779436671,64.4609829008306,58.7930986450174,59.2173748634051,54.8759317922781,68.277049072466,57.6315464323219,64.1836169077794,54.1943010429373,68.2651849600222,67.890110792904,56.6229388724048,50.6926982421501,65.659955798719,67.5833703461584,68.176418839962
67.9235413227246,63.478977051771,59.2707316016107,65.399117894838,66.5986073613887,66.1587410767662,67.5953434493214,64.4189820752792,64.303948539108,67.7974235342343,58.4895141550637,50.6635003438569,61.8685684307314,63.6656885866356,66.4831528572093,67.6212779436671,64.4609829008306,58.7930986450174,59.2173748634051,55.4478642995454,68.277049072466,57.6315464323219,64.1836169077794,54.1943010429373,68.2651849600222,67.890110792904,56.6229388724048,50.6926982421501,65.659955798719,67.5833703461584,68.176418839962
67.9235413227246,63.478977051771,59.2707316016107,65.399117894838,66.5986073613887,66.1587410767662,67.5953434493214,64.4189820752792,64.303948539108,67.7974235342343,58.4895141550637,50.6635003438569,61.8685684307314,63.6656885866356,66.4831528572093,67.6212779436671,64.4609829008306,58.7930986450174,59.2173748634051,55.4478642995454,68.277049072466,57.6315464323219,64.1836169077794,54.1943010429373,68.2651849600222,67.890110792904,56.6229388724048,50.6926982421501,65.659955798719,67.5833703461584,68.176418839962
67.9235413227246,63.478977051771,59.4093631144267,65.399117894838,66.5986073613887,66.1587410767662,67.5953434493214,64.4391639887126,64.303948539108,67.7974235342343,58.4895141550637,50.6635003438569,61.8685684307314,63.6656885866356,66.4831528572093,67.6919205981794,64.4609829008306,58.7930986450174,59.2173748634051,55.4478642995454,68.277049072466,57.6315464323219,64.1836169077794,54.1943010429373,68.2651849600222,67.890110792904,56.6229388724048,50.6926982421501,65.659955798719,67.5833703461584,68.176418839962
67.9235413227246,63.478977051771,59.4093631144267,65.399117894838,66.5986073613887,66.1587410767662,67.5953434493214,64.4391639887126,64.303948539108,67.7974235342343,58.4895141550637,50.6635003438569,61.8685684307314,63.6656885866356,66.4831528572093,67.6919205981794,64.4609829008306,58.7930986450174,59.2173748634051,55.4478642995454,68.277049072466,57.6315464323219,64.1836169077794,54.1943010429373,68.2651849600222,67.890110792904,56.6229388724048,50.6926982421501,65.659955798719,67.5833703461584,68.176418839962
67.9235413227246,63.6508275953926,59.4093631144267,65.399117894838,66.5986073613887,66.1587410767662,67.5953434493214,64.4391639887126,64.303948539108,67.7974235342343,58.4895141550637,50.6635003438569,61.8685684307314,63.6656885866356,66.4831528572093,67.6919205981794,64.4609829008306,58.7930986450174,59.2173748634051,55.4478642995454,68.277049072466,57.6315464323219,64.1836169077794,54.5555852321158,68.2651849600222,67.890110792904,56.8557927797792,50.6926982421501,65.659955798719,67.5833703461584,68.176418839962
67.9235413227246,63.6508275953926,59.4093631144267,65.399117894838,66.5986073613887,66.1587410767662,67.5953434493214,64.4391639887126,64.303948539108,67.7974235342343,58.4895141550637,50.6635003438569,61.9087197027005,63.6656885866356,66.4831528572093,67.6919205981794,64.4609829008306,58.7930986450174,59.2173748634051,55.4478642995454,68.277049072466,57.6315464323219,64.1836169077794,54.5555852321158,68.2651849600222,67.890110792904,56.8557927797792,50.6926982421501,65.8669005309543,67.8881892590774,68.176418839962
67.9235413227246,63.6508275953926,59.4093631144267,65.399117894838,66.5986073613887,66.1587410767662,67.5953434493214,64.4391639887126,64.303948539108,67.7974235342343,58.4895141550637,50.6635003438569,61.9087197027005,63.6656885866356,66.4831528572093,67.6919205981794,64.4609829008306,58.8887713784773,59.2173748634051,55.4478642995454,68.277049072466,57.6315464323219,64.1836169077794,54.5555852321158,68.2651849600222,67.890110792904,56.8557927797792,50.6926982421501,65.8669005309543,67.8881892590774,68.176418839962
67.9235413227246,63.6508275953926,59.4093631144267,65.399117894838,66.5986073613887,66.1587410767662,67.5953434493214,64.4391639887126,64.303948539108,67.7974235342343,58.4895141550637,50.6635003438569,61.9087197027005,63.6656885866356,66.4831528572093,67.6919205981794,64.4609829008306,58.8887713784773,59.2173748634051,55.4478642995454,68.41869118081,57.6315464323219,64.1836169077794,54.5555852321158,68.3493701605857,67.890110792904,56.8557927797792,50.6926982421501,65.8669005309543,67.8881892590774,68.176418839962
67.9235413227246,63.6508275953926,59.4093631144267,65.399117894838,66.5986073613887,66.2405493975554,67.5953434493214,64.4391639887126,64.303948539108,67.9332660879658,58.4895141550637,50.6635003438569,61.9087197027005,63.7800318009053,66.4831528572093,67.6919205981794,64.4609829008306,58.8887713784773,59.2173748634051,55.4478642995454,68.41869118081,57.6315464323219,64.1836169077794,54.5555852321158,68.3493701605857,67.890110792904,56.8557927797792,50.6926982421501,65.8669005309543,67.8881892590774,68.176418839962
67.9235413227246,63.7349757364409,59.4093631144267,65.399117894838,66.5986073613887,66.9132009587787,67.5953434493214,64.4391639887126,64.303948539108,67.9332660879658,58.4895141550637,50.6635003438569,61.9087197027005,63.7800318009053,66.4831528572093,67.6919205981794,64.4609829008306,58.8887713784773,59.2173748634051,55.4478642995454,68.41869118081,57.6315464323219,64.1836169077794,54.5555852321158,68.3493701605857,67.890110792904,56.8557927797792,50.6926982421501,65.8669005309543,67.8881892590774,68.176418839962
67.9235413227246,63.7349757364409,59.4093631144267,65.399117894838,66.5986073613887,66.9132009587787,67.5953434493214,64.4755724021744,64.303948539108,67.9332660879658,58.4895141550637,50.6635003438569,61.9087197027005,63.7800318009053,66.4831528572093,67.6919205981794,64.4609829008306,58.8887713784773,59.2173748634051,55.4478642995454,68.41869118081,57.6315464323219,64.1836169077794,54.5555852321158,68.3493701605857,67.890110792904,56.8557927797792,51.1434637795052,65.8669005309543,67.8881892590774,68.176418839962
67.9235413227246,63.7349757364409,59.4093631144267,65.399117894838,66.5986073613887,66.9132009587787,67.5953434493214,64.4755724021744,64.303948539108,67.9332660879658,58.4895141550637,50.6635003438569,61.9087197027005,63.7800318009053,66.4831528572093,67.6919205981794,64.4609829008306,58.8887713784773,59.2173748634051,55.4478642995454,68.41869118081,57.6315464323219,64.1836169077794,54.5555852321158,68.3493701605857,67.890110792904,56.8557927797792,51.1434637795052,65.8669005309543,67.8881892590774,68.2128085754969
67.9235413227246,63.7349757364409,59.4093631144267,65.399117894838,66.5986073613887,66.9132009587787,67.5953434493214,64.4755724021744,64.303948539108,67.9332660879658,58.4895141550637,50.6635003438569,61.9087197027005,63.7800318009053,66.5317030372294,67.6919205981794,64.9016926349533,58.8887713784773,59.2173748634051,55.4478642995454,68.41869118081,57.6315464323219,64.1836169077794,55.6602244379747,68.3493701605857,67.890110792904,56.8557927797792,51.1434637795052,65.8820775979135,67.8881892590774,68.2428822620318
67.9235413227246,63.7349757364409,59.4093631144267,65.399117894838,66.5986073613887,66.9132009587787,67.5953434493214,64.4755724021744,64.303948539108,67.9332660879658,58.4895141550637,50.6635003438569,61.9087197027005,63.7800318009053,66.5317030372294,67.6919205981794,64.9016926349533,58.8887713784773,59.4279170588287,55.4478642995454,68.41869118081,57.6315464323219,64.1836169077794,55.6602244379747,68.3493701605857,67.890110792904,56.8557927797792,51.1434637795052,65.8820775979135,67.8881892590774,68.2428822620318
67.9235413227246,63.7349757364409,59.4093631144267,65.399117894838,66.5986073613887,66.9132009587787,67.5953434493214,64.5188045212799,64.303948539108,67.9332660879658,58.4895141550637,50.6635003438569,61.9087197027005,63.7800318009053,66.5317030372294,67.6919205981794,64.9016926349533,58.8887713784773,59.4279170588287,55.4478642995454,68.5396596655501,57.6315464323219,64.1836169077794,55.6602244379747,68.3493701605857,67.890110792904,56.8557927797792,51.1434637795052,65.8820775979135,67.8881892590774,68.2428822620318
67.9235413227246,63.7349757364409,59.4093631144267,65.399117894838,66.5986073613887,66.9132009587787,67.6253728948397,64.5437542831365,64.303948539108,67.9332660879658,58.4895141550637,50.6635003438569,61.9087197027005,63.7800318009053,66.5317030372294,67.7241607319161,64.9016926349533,58.8887713784773,59.4279170588287,55.4478642995454,68.5396596655501,57.6315464323219,64.1836169077794,55.6602244379747,68.3493701605857,67.890110792904,56.8557927797792,51.1434637795052,65.8820775979135,67.8881892590774,68.2428822620318
67.9235413227246,63.7349757364409,59.4093631144267,65.399117894838,66.5986073613887,67.3318043175102,67.6253728948397,64.5437542831365,64.303948539108,67.9332660879658,58.4895141550637,50.6635003438569,61.9087197027005,63.7800318009053,66.5317030372294,67.7241607319161,64.9016926349533,59.028224794921,59.4279170588287,55.4478642995454,68.5396596655501,57.6315464323219,64.1836169077794,55.6602244379747,68.3493701605857,67.890110792904,56.8557927797792,51.1434637795052,65.8820775979135,68.0129158275949,68.2428822620318
67.9235413227246,63.7349757364409,59.8802586303573,65.399117894838,66.5986073613887,67.3318043175102,67.6253728948397,64.5437542831365,64.303948539108,67.9332660879658,58.4895141550637,50.6635003438569,61.9087197027005,63.7800318009053,66.5317030372294,67.7241607319161,64.9016926349533,59.028224794921,59.4279170588287,55.4478642995454,68.5396596655501,57.6315464323219,64.1836169077794,55.6602244379747,68.3493701605857,67.890110792904,56.8557927797792,51.1789921709888,65.8820775979135,68.0129158275949,68.2428822620318
67.9235413227246,63.7349757364409,59.8802586303573,65.399117894838,66.5986073613887,67.3318043175102,67.6253728948397,64.5437542831365,64.303948539108,67.9332660879658,58.4895141550637,50.6635003438569,61.9087197027005,63.7800318009053,66.5317030372294,67.7241607319161,64.9016926349533,59.028224794921,59.4279170588287,55.4478642995454,68.5396596655501,57.6315464323219,64.1920644455517,55.6602244379747,68.3493701605857,67.890110792904,56.8557927797792,51.1789921709888,65.8820775979135,68.0129158275949,68.2492942580166
67.9235413227246,63.8713120255077,59.8802586303573,65.399117894838,66.5986073613887,67.3318043175102,67.6253728948397,64.5437542831365,64.303948539108,67.9332660879658,58.4895141550637,50.6635003438569,61.9087197027005,64.0298906163602,66.5317030372294,67.7241607319161,64.9016926349533,59.028224794921,59.4279170588287,55.4478642995454,68.5396596655501,57.6315464323219,64.1920644455517,55.6602244379747,68.3493701605857,67.890110792904,56.8557927797792,51.1789921709888,65.8820775979135,68.0129158275949,68.2703705982956
67.9235413227246,63.8713120255077,59.8802586303573,65.399117894838,66.5986073613887,67.3318043175102,67.6253728948397,64.5437542831365,64.303948539108,67.9332660879658,58.4895141550637,50.6635003438569,61.9087197027005,64.0298906163602,66.5317030372294,67.7241607319161,64.9016926349533,59.028224794921,59.4279170588287,55.4478642995454,68.5396596655501,57.6315464323219,64.1920644455517,56.0012636114521,68.3493701605857,67.9076697468816,56.8557927797792,51.1789921709888,65.8820775979135,68.0129158275949,68.2703705982956
67.9235413227246,63.8713120255077,59.8802586303573,65.399117894838,66.5986073613887,67.3318043175102,67.6253728948397,64.5437542831365,64.303948539108,67.9332660879658,58.4895141550637,50.6635003438569,61.9087197027005,64.0298906163602,66.5317030372294,67.7241607319161,64.9016926349533,59.028224794921,59.4279170588287,55.4478642995454,68.5396596655501,57.6315464323219,64.1920644455517,56.0012636114521,68.3493701605857,67.9076697468816,56.8557927797792,51.1789921709888,65.8820775979135,68.0129158275949,68.2703705982956
67.9235413227246,63.8713120255077,59.8802586303573,65.399117894838,66.5986073613887,67.3318043175102,67.6253728948397,64.5437542831365,64.303948539108,67.9332660879658,58.6830244975337,50.6635003438569,61.9087197027005,64.0298906163602,66.5317030372294,67.7241607319161,64.9016926349533,59.028224794921,59.4279170588287,55.4478642995454,68.6155301641663,57.6315464323219,64.1920644455517,56.0012636114521,68.3493701605857,67.9076697468816,56.8557927797792,51.1789921709888,65.8820775979135,68.1583249603003,68.2703705982956
67.9235413227246,63.8713120255077,59.8802586303573,65.5827550471763,66.5986073613887,67.3318043175102,67.6253728948397,64.5437542831365,64.303948539108,67.9332660879658,58.6830244975337,50.6635003438569,61.9087197027005,64.0298906163602,66.5317030372294,67.7241607319161,64.9016926349533,59.028224794921,59.4279170588287,55.4478642995454,68.6155301641663,57.6315464323219,64.1920644455517,56.0012636114521,68.3493701605857,67.9076697468816,56.8557927797792,51.1789921709888,65.8820775979135,68.1583249603003,68.2703705982956
67.9799697158585,63.8713120255077,59.8802586303573,65.5827550471763,66.5986073613887,67.3318043175102,67.8520905884947,64.5437542831365,64.303948539108,67.9332660879658,58.6830244975337,50.6635003438569,61.9087197027005,64.0298906163602,66.5317030372294,67.7241607319161,64.9016926349533,59.028224794921,59.4279170588287,55.4478642995454,68.6155301641663,57.6315464323219,64.1920644455517,56.0012636114521,68.3493701605857,67.9076697468816,56.8557927797792,51.2434056722486,65.8820775979135,68.1583249603003,68.2703705982956
67.9799697158585,63.8713120255077,59.8802586303573,65.5827550471763,66.5986073613887,67.3318043175102,67.8520905884947,64.5437542831365,64.303948539108,67.9332660879658,58.6830244975337,50.6635003438569,61.9087197027005,64.0298906163602,66.5317030372294,67.7241607319161,64.9016926349533,59.7465563149423,59.4279170588287,55.4478642995454,68.6155301641663,57.6315464323219,64.1920644455517,56.0012636114521,68.3887826749522,67.9076697468816,56.8557927797792,51.2434056722486,66.2345846395904,68.1583249603003,68.2703705982956
67.9799697158585,63.8713120255077,59.8802586303573,65.5827550471763,66.5986073613887,67.3318043175102,67.8520905884947,64.5437542831365,64.303948539108,67.9332660879658,58.6830244975337,50.6635003438569,61.9087197027005,64.0298906163602,66.5317030372294,68.1438704997759,64.9016926349533,59.7465563149423,59.4279170588287,55.4478642995454,68.6155301641663,57.6315464323219,64.3153283655855,56.0012636114521,68.3887826749522,67.9076697468816,56.8557927797792,51.2434056722486,66.2345846395904,68.1583249603003,68.2825630071628
67.9799697158585,63.8713120255077,59.8802586303573,65.5827550471763,66.5986073613887,67.3318043175102,67.8520905884947,64.6115144186912,64.303948539108,67.9332660879658,58.6830244975337,50.9166047745014,61.9087197027005,64.0298906163602,66.5317030372294,68.1438704997759,64.9016926349533,59.7465563149423,59.4279170588287,55.4478642995454,68.6155301641663,57.6315464323219,64.3153283655855,56.0012636114521,68.3887826749522,67.9091999066283,56.8557927797792,51.2434056722486,66.2345846395904,68.2530223836981,68.2825630071628
67.9799697158585,63.8713120255077,59.8802586303573,65.5827550471763,66.5986073613887,67.3318043175102,67.8520905884947,64.6115144186912,64.303948539108,67.9332660879658,58.6830244975337,50.9166047745014,61.9087197027005,64.0298906163602,66.5317030372294,68.1438704997759,64.9016926349533,59.7465563149423,59.4279170588287,55.4478642995454,68.6155301641663,57.6315464323219,64.3153283655855,56.0012636114521,68.3887826749522,67.9091999066283,56.8557927797792,51.2434056722486,66.2345846395904,68.2530223836981,68.2825630071628
67.9799697158585,63.8713120255077,59.8802586303573,65.5827550471763,66.5986073613887,67.3318043175102,67.8520905884947,64.6115144186912,64.303948539108,67.9332660879658,58.6830244975337,50.9166047745014,61.9087197027005,64.4067001118234,66.5317030372294,68.1438704997759,64.9016926349533,59.7465563149423,59.4279170588287,55.4478642995454,68.6155301641663,57.6315464323219,64.3153283655855,56.0012636114521,68.3887826749522,67.9091999066283,56.8557927797792,51.2434056722486,66.2345846395904,68.2530223836981,68.2825630071628
67.9799697158585,63.8713120255077,59.8802586303573,65.5827550471763,66.5986073613887,67.3318043175102,67.8520905884947,64.6115144186912,64.303948539108,67.9332660879658,58.6830244975337,50.9166047745014,61.9087197027005,64.4067001118234,66.5317030372294,68.1438704997759,64.9016926349533,59.7465563149423,59.4279170588287,55.4478642995454,68.6155301641663,57.6315464323219,64.3153283655855,56.0012636114521,68.3887826749522,67.9091999066283,56.8557927797792,51.2434056722486,66.2345846395904,68.2530223836981,68.2825630071628
67.9799697158585,63.8713120255077,59.9180354515826,65.5827550471763,66.5986073613887,67.5869302389013,67.8520905884947,64.6115144186912,64.303948539108,67.9332660879658,58.6830244975337,50.9166047745014,61.9087197027005,64.4067001118234,66.5317030372294,68.1438704997759,64.9016926349533,59.7465563149423,59.4279170588287,55.4478642995454,68.6155301641663,57.6315464323219,64.3153283655855,56.0012636114521,68.3887826749522,67.9091999066283,56.8557927797792,51.2434056722486,66.2345846395904,68.2530223836981,68.2825630071628
67.9799697158585,63.9575157552646,59.9180354515826,65.5827550471763,66.5986073613887,67.5869302389013,67.8520905884947,64.6115144186912,64.303948539108,67.9332660879658,58.76027510339,50.9166047745014,61.9087197027005,64.4067001118234,66.5317030372294,68.2221139187466,64.9016926349533,59.7465563149423,59.4279170588287,55.4478642995454,68.6155301641663,57.6315464323219,64.3153283655855,56.0012636114521,68.3887826749522,67.9091999066283,56.8557927797792,51.2434056722486,66.4004699408056,68.2530223836981,68.402938529939
68.021894110923,63.9575157552646,59.9180354515826,65.5827550471763,66.5986073613887,67.5869302389013,67.9160117187274,64.6115144186912,64.303948539108,67.9332660879658,58.76027510339,50.9166047745014,61.9087197027005,64.4067001118234,66.5317030372294,68.2221139187466,64.9016926349533,59.7465563149423,59.4279170588287,55.4478642995454,68.6155301641663,57.6315464323219,64.3153283655855,56.0012636114521,68.3887826749522,67.9091999066283,56.8557927797792,51.2434056722486,66.4004699408056,68.2530223836981,68.402938529939
68.021894110923,63.9575157552646,59.9180354515826,65.5827550471763,66.5986073613887,67.5869302389013,67.9160117187274,64.6115144186912,64.303948539108,67.9332660879658,58.76027510339,50.9166047745014,61.9087197027005,64.4067001118234,66.5317030372294,68.2221139187466,64.9016926349533,60.1627547315682,59.4279170588287,55.4478642995454,68.6155301641663,57.6315464323219,64.3153283655855,56.0012636114521,68.3887826749522,67.9091999066283,56.8557927797792,51.2434056722486,66.4004699408056,68.2530223836981,68.402938529939
68.021894110923,63.9575157552646,59.9180354515826,65.5827550471763,66.5986073613887,67.5869302389013,67.9160117187274,64.6115144186912,64.303948539108,67.9499128630905,58.76027510339,50.9166047745014,61.9087197027005,64.4067001118234,66.5317030372294,68.2221139187466,65.2982211971105,60.1627547315682,59.4279170588287,55.4478642995454,68.6155301641663,57.6315464323219,64.3631880016359,56.0012636114521,68.3887826749522,67.9152036199568,56.8557927797792,51.2434056722486,66.4004699408056,68.2530223836981,68.402938529939
68.021894110923,63.9575157552646,59.9180354515826,65.5827550471763,66.5986073613887,67.5869302389013,67.9160117187274,64.6115144186912,64.303948539108,67.9499128630905,58.76027510339,50.9166047745014,61.9087197027005,64.4067001118234,66.5317030372294,68.2221139187466,65.2982211971105,60.1627547315682,59.4279170588287,55.4478642995454,68.6155301641663,57.6315464323219,64.3631880016359,56.0012636114521,68.3887826749522,68.0489748616679,56.8557927797792,51.2434056722486,66.4004699408056,68.2530223836981,68.402938529939
68.021894110923,63.9575157552646,59.9180354515826,65.7253607196025,66.5986073613887,67.5869302389013,67.9160117187274,64.6115144186912,64.3616025950092,67.9499128630905,58.76027510339,50.9166047745014,61.9087197027005,64.4067001118234,66.5367906047998,68.2221139187466,65.2982211971105,60.1627547315682,59.4279170588287,55.4478642995454,68.6155301641663,57.6315464323219,64.3631880016359,56.0012636114521,68.3887826749522,68.0489748616679,56.8557927797792,51.2434056722486,66.4004699408056,68.2530223836981,68.402938529939
68.021894110923,63.9575157552646,59.9180354515826,65.7253607196025,66.5986073613887,67.5869302389013,67.9160117187274,64.6115144186912,64.3616025950092,67.9499128630905,58.76027510339,50.9166047745014,61.9087197027005,64.4067001118234,66.5367906047998,68.6236366486447,65.2982211971105,60.1627547315682,59.4279170588287,55.4478642995454,68.6155301641663,57.6315464323219,64.3631880016359,56.0012636114521,68.3887826749522,68.0489748616679,56.858111068588,51.2434056722486,66.4004699408056,68.288408139269,68.402938529939
68.021894110923,63.9575157552646,59.9202199605493,65.7253607196025,66.5986073613887,68.0062929144202,67.9160117187274,64.6115144186912,64.3616025950092,67.9499128630905,58.76027510339,50.9166047745014,61.9087197027005,64.4067001118234,66.5367906047998,68.6236366486447,65.2982211971105,60.1627547315682,59.4279170588287,55.4478642995454,68.6155301641663,57.6315464323219,64.3631880016359,56.0433404548272,68.4630613758276,68.0489748616679,56.858111068588,51.2434056722486,66.4004699408056,68.288408139269,68.402938529939
68.021894110923,63.9575157552646,59.9202199605493,65.7253607196025,66.5986073613887,68.0062929144202,67.9160117187274,64.6115144186912,64.3616025950092,67.9499128630905,58.76027510339,50.9166047745014,61.9087197027005,64.4067001118234,66.5367906047998,68.6236366486447,65.2982211971105,60.1627547315682,59.5207385740982,55.4478642995454,68.6155301641663,57.6315464323219,64.3631880016359,56.0433404548272,68.4630613758276,68.0489748616679,56.858111068588,51.2434056722486,66.4004699408056,68.288408139269,68.402938529939
68.021894110923,63.9575157552646,59.9202199605493,65.7253607196025,66.5986073613887,68.0062929144202,67.9160117187274,64.6115144186912,64.3616025950092,67.9499128630905,58.76027510339,50.9166047745014,61.9087197027005,64.4067001118234,66.5367906047998,68.6236366486447,65.2982211971105,60.1627547315682,59.5207385740982,55.4478642995454,68.6155301641663,57.6315464323219,64.3631880016359,56.0433404548272,68.4630613758276,68.0489748616679,56.858111068588,51.2434056722486,66.4004699408056,68.288408139269,68.402938529939
68.021894110923,63.9575157552646,59.9202199605493,65.7253607196025,66.74276962933,68.0062929144202,68.0278890526569,64.6115144186912,64.3616025950092,67.9499128630905,58.76027510339,50.9166047745014,61.9087197027005,64.4067001118234,66.5367906047998,68.6236366486447,65.2982211971105,60.1627547315682,59.5207385740982,55.4478642995454,68.6155301641663,57.6315464323219,64.4596454360729,56.0433404548272,68.4630613758276,68.1274124890007,56.858111068588,51.2434056722486,66.4004699408056,68.288408139269,68.402938529939
68.021894110923,63.9575157552646,59.9202199605493,65.7253607196025,66.74276962933,68.0062929144202,68.0278890526569,64.6115144186912,64.3616025950092,67.9499128630905,58.76027510339,50.9166047745014,61.9087197027005,64.4067001118234,66.5367906047998,68.6236366486447,65.2982211971105,60.1627547315682,59.5207385740982,55.4478642995454,68.6155301641663,57.6315464323219,64.4596454360729,56.0433404548272,68.4630613758276,68.1274124890007,56.858111068588,51.2434056722486,66.4004699408056,68.288408139269,68.402938529939
68.021894110923,63.9575157552646,59.9202199605493,65.7253607196025,66.74276962933,68.0062929144202,68.0278890526569,64.6115144186912,64.3616025950092,67.9499128630905,58.76027510339,50.9166047745014,61.9087197027005,64.4067001118234,66.5367906047998,68.6236366486447,65.2982211971105,60.1627547315682,59.5207385740982,55.4478642995454,68.6155301641663,57.6315464323219,64.4596454360729,56.0433404548272,68.4630613758276,68.1274124890007,56.858111068588,51.365458891984,66.4004699408056,68.3068522970037,68.402938529939
68.021894110923,63.9575157552646,59.9202199605493,65.7253607196025,66.74276962933,68.0062929144202,68.0278890526569,64.6115144186912,64.3616025950092,67.9499128630905,58.76027510339,50.9166047745014,61.9087197027005,64.4067001118234,66.5367906047998,68.6236366486447,65.2982211971105,60.1627547315682,59.5207385740982,55.4478642995454,68.6155301641663,57.6315464323219,64.4596454360729,56.0433404548272,68.4630613758276,68.1274124890007,56.858111068588,51.4254402977876,66.4004699408056,68.3068522970037,68.402938529939
68.021894110923,63.9575157552646,60.0708614696914,65.7253607196025,66.74276962933,68.0062929144202,68.0278890526569,64.6115144186912,64.3616025950092,67.9499128630905,58.76027510339,50.9166047745014,61.9323309864576,64.4067001118234,66.5367906047998,68.6236366486447,65.2982211971105,60.1627547315682,59.5207385740982,55.4478642995454,68.6155301641663,57.6315464323219,64.4596454360729,56.0433404548272,68.4630613758276,68.1274124890007,56.858111068588,51.4254402977876,66.4004699408056,68.3068522970037,68.4630959869397
68.021894110923,63.9575157552646,60.0708614696914,65.7253607196025,66.74276962933,68.3140520235556,68.0278890526569,64.6115144186912,64.5996759678573,67.9499128630905,58.76027510339,50.9166047745014,61.9323309864576,64.4067001118234,66.5367906047998,68.6236366486447,65.2982211971105,60.1627547315682,59.5207385740982,55.4478642995454,68.6155301641663,57.6315464323219,64.4596454360729,56.0433404548272,68.5777281374805,68.1274124890007,56.9875761592035,51.4254402977876,66.4004699408056,68.3068522970037,68.4630959869397
68.021894110923,63.9575157552646,60.0708614696914,65.7253607196025,66.74276962933,68.3140520235556,68.0278890526569,64.6115144186912,64.5996759678573,67.9499128630905,58.76027510339,50.9166047745014,61.9323309864576,64.4067001118234,66.5367906047998,68.6236366486447,65.2982211971105,60.1627547315682,59.5207385740982,55.4478642995454,68.6155301641663,57.6315464323219,64.4596454360729,56.0433404548272,68.5777281374805,68.1274124890007,56.9875761592035,51.4254402977876,66.4004699408056,68.3068522970037,68.4630959869397
68.021894110923,64.0145157855971,60.0708614696914,65.7253607196025,66.74276962933,68.3140520235556,68.0278890526569,64.6115144186912,64.5996759678573,67.9499128630905,58.8349249846891,50.9166047745014,61.9323309864576,64.4067001118234,66.5367906047998,68.6236366486447,65.2982211971105,60.1627547315682,59.5207385740982,55.4478642995454,68.6155301641663,57.6315464323219,64.4596454360729,57.0958677408799,68.5777281374805,68.1274124890007,56.9875761592035,51.4254402977876,66.4004699408056,68.3068522970037,68.4630959869397
68.3242821123228,64.0145157855971,60.0708614696914,65.9744093142798,66.74276962933,68.3140520235556,68.0278890526569,64.6115144186912,64.5996759678573,67.9499128630905,58.8349249846891,50.9166047745014,61.9323309864576,64.4067001118234,66.5367906047998,68.6236366486447,65.2982211971105,60.1627547315682,59.5207385740982,55.4478642995454,68.6710742221988,57.6315464323219,64.4596454360729,57.0958677408799,68.5777281374805,68.1274124890007,56.9875761592035,51.4254402977876,66.4004699408056,68.3068522970037,68.4630959869397
68.3242821123228,64.0145157855971,60.0708614696914,65.9744093142798,66.74276962933,68.3140520235556,68.0278890526569,64.6115144186912,64.5996759678573,67.9499128630905,58.8349249846891,50.9166047745014,61.9323309864576,64.4067001118234,66.5367906047998,68.6236366486447,65.2982211971105,60.1627547315682,59.5207385740982,55.4478642995454,68.6710742221988,57.6315464323219,64.544261694808,57.0958677408799,68.5777281374805,68.1274124890007,56.9875761592035,51.4727687009462,66.4004699408056,68.4921405301802,68.4630959869397
68.3242821123228,64.0145157855971,60.0708614696914,65.9744093142798,66.74276962933,68.3140520235556,68.0278890526569,64.6115144186912,64.5996759678573,67.9499128630905,58.8349249846891,50.9166047745014,61.9323309864576,64.4067001118234,66.5367906047998,68.6236366486447,65.2982211971105,60.1627547315682,59.5207385740982,55.4478642995454,68.6710742221988,57.6315464323219,64.544261694808,57.0958677408799,68.5777281374805,68.1274124890007,56.9875761592035,51.4727687009462,66.4004699408056,68.4921405301802,68.5120528574956
68.3242821123228,64.0145157855971,60.0708614696914,65.9744093142798,66.9123075283363,68.3140520235556,68.0278890526569,64.6775239386059,64.5996759678573,67.9499128630905,58.8349249846891,50.9166047745014,61.9323309864576,64.4067001118234,66.5367906047998,68.6236366486447,65.2982211971105,60.1627547315682,59.5207385740982,55.4478642995454,68.6710742221988,57.6315464323219,64.544261694808,57.0958677408799,68.5777281374805,68.1274124890007,56.9875761592035,51.4727687009462,66.4292509959887,68.4921405301802,68.5120528574956
68.3242821123228,64.0145157855971,60.0708614696914,65.9744093142798,66.9123075283363,68.3140520235556,68.0278890526569,64.6775239386059,64.5996759678573,67.9499128630905,58.8349249846891,50.9166047745014,61.9472529403138,64.4067001118234,66.5367906047998,68.6236366486447,65.2982211971105,60.1627547315682,59.5207385740982,55.4478642995454,68.6710742221988,57.6315464323219,64.544261694808,57.0958677408799,68.5777281374805,68.1274124890007,57.1066228462486,51.4727687009462,66.4292509959887,68.4921405301802,68.5120528574956
68.3242821123228,64.0145157855971,60.0708614696914,65.9744093142798,66.9123075283363,68.3140520235556,68.0278890526569,64.6775239386059,64.6963868024956,67.9499128630905,58.8349249846891,50.9166047745014,61.9472529403138,64.4067001118234,66.5367906047998,68.6236366486447,65.2982211971105,60.1627547315682,59.5207385740982,55.4478642995454,68.6710742221988,57.6315464323219,64.544261694808,57.0958677408799,68.5777281374805,68.1274124890007,57.1066228462486,51.4727687009462,66.4292509959887,68.4921405301802,68.5120528574956
68.3242821123228,64.0145157855971,60.0708614696914,65.9744093142798,66.9123075283363,68.3140520235556,68.0278890526569,64.6775239386059,64.6963868024956,67.9499128630905,58.8349249846891,50.9166047745014,61.9472529403138,64.4067001118234,66.5367906047998,68.6332130025025,65.2982211971105,60.1627547315682,59.5207385740982,55.4478642995454,68.6710742221988,57.6315464323219,64.544261694808,57.0958677408799,68.6665211059717,68.1274124890007,57.1066228462486,51.4727687009462,66.4292509959887,68.4921405301802,68.5120528574956
68.3242821123228,64.0145157855971,60.0708614696914,65.9744093142798,66.9123075283363,68.3140520235556,68.0278890526569,64.6775239386059,64.6963868024956,67.9499128630905,58.8349249846891,52.0987966544475,61.9472529403138,64.4067001118234,66.5367906047998,68.6332130025025,65.2982211971105,60.1627547315682,59.5207385740982,55.4478642995454,68.6710742221988,57.6315464323219,64.544261694808,57.0958677408799,68.6665211059717,68.2024417392525,57.1066228462486,51.4727687009462,66.4292509959887,68.4921405301802,68.5120528574956
68.3242821123228,64.0145157855971,60.0708614696914,65.9744093142798,66.9123075283363,68.3140520235556,68.0278890526569,64.6775239386059,64.6963868024956,67.9499128630905,58.8349249846891,52.0987966544475,61.9472529403138,64.7147308136611,66.5367906047998,68.6332130025025,65.2982211971105,60.1627547315682,59.5207385740982,55.4478642995454,68.6710742221988,57.6315464323219,64.6043453279382,57.0958677408799,68.6665211059717,68.2024417392525,57.1066228462486,51.5429876787788,66.4292509959887,68.4921405301802,68.5120528574956
68.3591117023717,64.0145157855971,60.0708614696914,65.9744093142798,66.9123075283363,68.3140520235556,68.0278890526569,64.6924325805744,64.6963868024956,68.0448803343518,58.8349249846891,52.0987966544475,61.9472529403138,64.7147308136611,66.5367906047998,68.6332130025025,65.2982211971105,60.1627547315682,59.5207385740982,55.4478642995454,68.6882499511166,57.6315464323219,64.6043453279382,58.5470590192071,68.6665211059717,68.2024417392525,57.1066228462486,51.5429876787788,66.4292509959887,68.4921405301802,68.5120528574956
68.3591117023717,64.0145157855971,60.0708614696914,65.9744093142798,66.9123075283363,68.3140520235556,68.0278890526569,64.6924325805744,64.6963868024956,68.0448803343518,58.8349249846891,52.0987966544475,61.9472529403138,64.7147308136611,66.5367906047998,68.6332130025025,65.2982211971105,60.1627547315682,59.5207385740982,55.4478642995454,68.6882499511166,57.6315464323219,64.6043453279382,58.5470590192071,68.6665211059717,68.2024417392525,57.1066228462486,51.5429876787788,66.4292509959887,68.6007361681714,68.5120528574956
68.3591117023717,64.0145157855971,60.0708614696914,65.9744093142798,66.9123075283363,68.3140520235556,68.0278890526569,64.6924325805744,64.6963868024956,68.0448803343518,58.8349249846891,52.0987966544475,61.9472529403138,64.7147308136611,66.9017478022512,68.6332130025025,65.2982211971105,60.1627547315682,59.5207385740982,55.4478642995454,68.6882499511166,57.6315464323219,64.6043453279382,58.5470590192071,68.6665211059717,68.2024417392525,57.1066228462486,51.5429876787788,66.4292509959887,68.6007361681714,68.5120528574956
68.3591117023717,64.0145157855971,60.0708614696914,65.9744093142798,67.1033772684091,68.3140520235556,68.0278890526569,64.6924325805744,64.6963868024956,68.0448803343518,58.8349249846891,52.0987966544475,61.9472529403138,64.7147308136611,66.9017478022512,68.8168559072198,65.2982211971105,60.1627547315682,59.5207385740982,55.4478642995454,68.6882499511166,57.6315464323219,64.6043453279382,58.5470590192071,68.6665211059717,68.2024417392525,57.1066228462486,51.5429876787788,66.4292509959887,68.6007361681714,68.5120528574956
68.3591117023717,64.0145157855971,60.0708614696914,65.9744093142798,67.1033772684091,68.3140520235556,68.0278890526569,64.6924325805744,64.6963868024956,68.0448803343518,58.8349249846891,52.0987966544475,61.9970509463178,64.7147308136611,66.9017478022512,68.8168559072198,65.2982211971105,60.1627547315682,59.5207385740982,55.4478642995454,68.6882499511166,57.6315464323219,64.6043453279382,58.5470590192071,68.6665211059717,68.2024417392525,57.1066228462486,51.5429876787788,66.4292509959887,68.6007361681714,68.5120528574956
68.3591117023717,64.0145157855971,60.0708614696914,65.9744093142798,67.1033772684091,68.3140520235556,68.0278890526569,64.6924325805744,64.7504876234304,68.0448803343518,58.8349249846891,52.0987966544475,61.9970509463178,64.7147308136611,66.9017478022512,68.8168559072198,65.2982211971105,60.1627547315682,59.5207385740982,55.4478642995454,68.6882499511166,57.6315464323219,64.6043453279382,58.5470590192071,68.6665211059717,68.2024417392525,57.1066228462486,51.5429876787788,66.4292509959887,68.6007361681714,68.5120528574956
68.3591117023717,64.0145157855971,60.0708614696914,65.9744093142798,67.1033772684091,68.3140520235556,68.0278890526569,64.6986423624842,64.7504876234304,68.0448803343518,58.8349249846891,52.0987966544475,61.9970509463178,64.7147308136611,66.9017478022512,68.8168559072198,65.2982211971105,60.1627547315682,59.5207385740982,55.4478642995454,68.6882499511166,57.6315464323219,64.6043453279382,58.5470590192071,68.6665211059717,68.2024417392525,57.1066228462486,51.5429876787788,66.4292509959887,68.6007361681714,68.5120528574956
68.3591117023717,64.0145157855971,60.0708614696914,65.9744093142798,67.1033772684091,68.3140520235556,68.0278890526569,64.6986423624842,64.7504876234304,68.0820561768281,58.8349249846891,52.0987966544475,61.9970509463178,64.7147308136611,66.9017478022512,68.8168559072198,65.2982211971105,60.2797280155784,59.5207385740982,55.5288710137467,68.6882499511166,57.6315464323219,64.6043453279382,58.5470590192071,68.749526910318,68.2024417392525,57.1066228462486,51.5429876787788,66.4292509959887,68.6007361681714,68.5120528574956
68.3591117023717,64.0145157855971,60.0708614696914,65.9744093142798,67.1033772684091,68.3140520235556,68.0278890526569,64.6986423624842,64.7504876234304,68.0820561768281,58.8349249846891,52.2673766299221,61.9970509463178,64.7147308136611,66.9017478022512,68.8168559072198,65.2982211971105,60.4211243525091,59.5207385740982,55.5288710137467,68.6882499511166,57.6315464323219,64.6043453279382,58.5470590192071,68.749526910318,68.2024417392525,57.1066228462486,51.5429876787788,66.4292509959887,68.6007361681714,68.7604417488452
68.3591117023717,64.0145157855971,60.0708614696914,65.9744093142798,67.1033772684091,68.3140520235556,68.0278890526569,64.6986423624842,64.7504876234304,68.0820561768281,58.8349249846891,52.2673766299221,61.9970509463178,64.7147308136611,66.9017478022512,68.8168559072198,65.3052114893506,60.4211243525091,59.5774965383341,55.5288710137467,68.6882499511166,57.6315464323219,64.6043453279382,58.5470590192071,68.749526910318,68.2024417392525,57.1066228462486,51.5429876787788,66.4292509959887,68.6007361681714,68.7604417488452
68.3591117023717,64.0145157855971,60.0708614696914,65.9744093142798,67.1033772684091,68.3140520235556,68.0278890526569,64.6986423624842,64.7504876234304,68.0820561768281,58.8349249846891,52.2673766299221,61.9970509463178,64.7147308136611,66.9573704631814,68.8168559072198,65.3052114893506,60.4211243525091,59.5774965383341,55.5288710137467,68.6882499511166,57.6315464323219,64.6043453279382,58.5470590192071,68.749526910318,68.2024417392525,57.1066228462486,51.5429876787788,66.4292509959887,68.6007361681714,68.7604417488452
68.3591117023717,64.0145157855971,60.0708614696914,65.9744093142798,67.1033772684091,68.3140520235556,68.0278890526569,64.7552105133934,64.7504876234304,68.0820561768281,58.8349249846891,52.2673766299221,61.9970509463178,64.7147308136611,66.9573704631814,68.8168559072198,65.3052114893506,60.4211243525091,59.5774965383341,55.5288710137467,68.6882499511166,57.7048473328175,64.6043453279382,58.5470590192071,68.749526910318,68.2024417392525,57.4524796942689,51.5429876787788,66.4292509959887,68.6007361681714,68.7604417488452
68.3591117023717,64.0145157855971,60.0708614696914,65.9744093142798,67.1233789854485,68.3140520235556,68.0278890526569,64.7552105133934,64.7504876234304,68.0820561768281,58.8349249846891,52.2673766299221,62.0163355002753,64.7147308136611,66.9573704631814,68.8168559072198,65.3052114893506,60.4211243525091,59.5774965383341,55.5288710137467,68.6882499511166,57.7048473328175,64.6043453279382,58.5470590192071,68.749526910318,68.2024417392525,57.4524796942689,51.5429876787788,66.4292509959887,68.6007361681714,68.7604417488452
68.3591117023717,64.0785654355342,60.0708614696914,65.9744093142798,67.1233789854485,68.3140520235556,68.0278890526569,64.7552105133934,64.7504876234304,68.0820561768281,58.8349249846891,52.2673766299221,62.0163355002753,64.7147308136611,66.9573704631814,68.8168559072198,65.3052114893506,60.4211243525091,59.5774965383341,55.5288710137467,68.6882499511166,57.7048473328175,64.6043453279382,58.5470590192071,68.749526910318,68.2025143198464,57.4524796942689,51.6452283801197,66.4292509959887,68.6007361681714,68.7604417488452
68.3591117023717,64.0785654355342,60.0708614696914,65.9744093142798,67.1233789854485,68.3140520235556,68.0278890526569,64.7552105133934,65.3145905195633,68.0820561768281,58.8349249846891,52.2673766299221,62.0163355002753,64.7147308136611,66.9573704631814,68.8168559072198,65.3052114893506,60.4211243525091,59.5774965383341,55.5288710137467,68.6882499511166,57.7048473328175,64.6043453279382,58.5470590192071,68.749526910318,68.2025143198464,57.4524796942689,51.6452283801197,66.5167225947692,68.6007361681714,68.9567458676468
68.3591117023717,64.0785654355342,60.0708614696914,65.9744093142798,67.1233789854485,68.3140520235556,68.0278890526569,64.7552105133934,65.3145905195633,68.0820561768281,58.8349249846891,52.2673766299221,62.0163355002753,64.7147308136611,66.9573704631814,68.8168559072198,65.3052114893506,60.4211243525091,59.5774965383341,55.5288710137467,68.6882499511166,57.7048473328175,64.6043453279382,58.5470590192071,68.749526910318,68.2025143198464,57.4524796942689,51.6452283801197,66.5167225947692,68.6007361681714,69.0007642092656
68.3591117023717,64.0785654355342,60.0708614696914,65.9744093142798,67.1233789854485,68.3140520235556,68.0278890526569,64.7552105133934,65.3145905195633,68.0820561768281,58.8349249846891,52.2673766299221,62.0163355002753,64.7147308136611,66.9573704631814,68.8168559072198,65.3917272924941,60.4211243525091,59.5774965383341,55.5288710137467,68.6882499511166,57.7048473328175,64.6866812590504,58.5470590192071,68.749526910318,68.2025143198464,57.4524796942689,51.6452283801197,66.5167225947692,68.6007361681714,69.0007642092656
68.3591117023717,64.0785654355342,60.0708614696914,65.9744093142798,67.1233789854485,68.3140520235556,68.0278890526569,64.7552105133934,65.3145905195633,68.0820561768281,58.8349249846891,52.2673766299221,62.0163355002753,64.7147308136611,66.9573704631814,68.8168559072198,65.3917272924941,60.4211243525091,59.6924313526445,55.5288710137467,68.6882499511166,57.7048473328175,64.6866812590504,58.5470590192071,68.749526910318,68.2025143198464,57.4524796942689,51.6452283801197,66.5167225947692,68.6007361681714,69.0007642092656
68.3591117023717,64.0785654355342,60.0708614696914,65.9744093142798,67.1233789854485,68.4545654919247,68.0278890526569,64.7552105133934,65.3145905195633,68.0820561768281,58.8349249846891,52.2673766299221,62.0163355002753,64.7147308136611,66.9573704631814,68.8168559072198,65.3917272924941,60.4211243525091,59.6924313526445,55.5288710137467,68.6882499511166,57.7048473328175,64.6866812590504,58.5470590192071,68.749526910318,68.2025143198464,57.4524796942689,51.6452283801197,66.5167225947692,68.6007361681714,69.0007642092656
68.3591117023717,64.0785654355342,60.0708614696914,65.9744093142798,67.1233789854485,68.4545654919247,68.0278890526569,64.7552105133934,65.3145905195633,68.0820561768281,58.8349249846891,52.2673766299221,62.0163355002753,64.7147308136611,66.9573704631814,68.8168559072198,65.3917272924941,60.4211243525091,59.6924313526445,55.5288710137467,68.7036470597433,57.7048473328175,64.6866812590504,58.5470590192071,68.749526910318,68.2025143198464,57.4620805494997,51.6452283801197,66.5167225947692,68.6007361681714,69.0007642092656
68.3591117023717,64.0785654355342,60.0708614696914,65.9744093142798,67.1233789854485,68.4545654919247,68.0278890526569,64.7552105133934,65.3145905195633,68.0820561768281,58.8349249846891,52.2673766299221,62.0163355002753,64.7147308136611,66.9573704631814,68.8168559072198,65.3917272924941,60.4211243525091,59.6924313526445,55.5288710137467,68.7834314507266,57.7048473328175,64.6866812590504,59.3419155883271,68.749526910318,68.2025143198464,57.4620805494997,51.6452283801197,66.5167225947692,68.6007361681714,69.0007642092656
68.3591117023717,64.0785654355342,60.0708614696914,65.9744093142798,67.1233789854485,68.4545654919247,68.0278890526569,64.7552105133934,65.3145905195633,68.0820561768281,58.8349249846891,52.2673766299221,62.0163355002753,64.7147308136611,66.9573704631814,68.8623126758114,65.3917272924941,60.4211243525091,59.6924313526445,55.5288710137467,68.7834314507266,57.7048473328175,64.6866812590504,59.3419155883271,68.749526910318,68.2025143198464,57.4620805494997,51.8260412944287,66.5167225947692,68.6007361681714,69.0584556731514
68.3591117023717,64.0785654355342,60.0708614696914,65.9744093142798,67.1233789854485,68.4545654919247,68.0278890526569,64.7552105133934,65.3145905195633,68.0820561768281,58.8349249846891,52.2673766299221,62.0163355002753,64.7147308136611,66.9573704631814,68.8623126758114,65.3917272924941,60.4211243525091,59.6924313526445,55.5288710137467,68.7834314507266,57.7048473328175,64.6866812590504,59.3419155883271,68.749526910318,68.2025143198464,57.4620805494997,51.8260412944287,66.5167225947692,68.6007361681714,69.0584556731514
68.3591117023717,64.0785654355342,60.0708614696914,65.9744093142798,67.1233789854485,68.4545654919247,68.0278890526569,64.7552105133934,65.3145905195633,68.1060544925806,58.8349249846891,52.2673766299221,62.0163355002753,64.7147308136611,66.9573704631814,68.8623126758114,65.3917272924941,60.4211243525091,59.6924313526445,55.5288710137467,68.7834314507266,57.7048473328175,64.8532248046017,59.3419155883271,68.749526910318,68.2025143198464,57.4620805494997,51.8260412944287,66.5167225947692,68.6007361681714,69.0584556731514
68.3591117023717,64.0785654355342,60.0708614696914,65.9744093142798,67.1233789854485,68.4545654919247,68.0278890526569,64.7552105133934,65.3145905195633,68.1060544925806,58.8349249846891,52.2673766299221,62.0163355002753,64.7147308136611,66.9573704631814,68.8623126758114,65.3917272924941,60.4211243525091,59.6924313526445,55.5288710137467,68.7834314507266,57.7048473328175,64.8532248046017,59.3419155883271,68.749526910318,68.2025143198464,57.4620805494997,51.8260412944287,66.5167225947692,68.6007361681714,69.0584556731514
68.3759580325148,64.0785654355342,60.0708614696914,65.9744093142798,67.1233789854485,68.4545654919247,68.0278890526569,64.820522124071,65.3145905195633,68.1060544925806,58.8349249846891,52.2673766299221,62.0163355002753,64.7147308136611,66.9573704631814,68.8623126758114,65.3917272924941,60.4211243525091,59.7585574793368,55.5288710137467,68.7834314507266,57.7048473328175,64.8532248046017,59.3419155883271,68.749526910318,68.2025143198464,57.4620805494997,51.8260412944287,66.5167225947692,68.6007361681714,69.0584556731514
68.3759580325148,64.0785654355342,60.0708614696914,65.9744093142798,67.1551187032342,68.4545654919247,68.0278890526569,64.820522124071,65.3145905195633,68.1060544925806,58.8349249846891,52.2673766299221,62.0163355002753,64.7147308136611,66.9573704631814,68.8623126758114,65.3917272924941,60.4211243525091,60.6668025274426,55.5288710137467,68.7834314507266,57.7048473328175,64.8532248046017,59.3419155883271,68.749526910318,68.2025143198464,57.4620805494997,51.8260412944287,66.5167225947692,68.6007361681714,69.0584556731514
68.3759580325148,64.0785654355342,60.343021103629,65.9744093142798,67.1551187032342,68.4545654919247,68.0278890526569,64.820522124071,65.3145905195633,68.1060544925806,58.8349249846891,52.2673766299221,62.0163355002753,64.7147308136611,66.9573704631814,68.9354391294237,65.3917272924941,60.4211243525091,60.6668025274426,55.5288710137467,68.7834314507266,57.7048473328175,64.8532248046017,59.3419155883271,68.749526910318,68.2025143198464,57.4620805494997,51.8260412944287,66.5167225947692,68.6007361681714,69.1270463802536
68.3759580325148,64.0785654355342,60.343021103629,65.9744093142798,67.1551187032342,68.4545654919247,68.0278890526569,64.820522124071,65.3145905195633,68.1060544925806,58.8349249846891,52.3916587018485,62.0163355002753,64.7147308136611,66.9573704631814,68.9354391294237,65.3917272924941,60.4211243525091,60.6668025274426,55.5288710137467,68.7834314507266,57.7048473328175,64.8532248046017,59.3419155883271,68.749526910318,68.2025143198464,57.4620805494997,51.8260412944287,66.5167225947692,68.6007361681714,69.1270463802536
68.3759580325148,64.0785654355342,60.343021103629,65.9744093142798,67.1551187032342,68.4545654919247,68.0278890526569,64.820522124071,65.3145905195633,68.1060544925806,58.8349249846891,52.3916587018485,62.0500559273969,64.7147308136611,66.9573704631814,68.9354391294237,65.4613698170251,60.4211243525091,60.6668025274426,55.5288710137467,68.8261686188444,57.7048473328175,64.8532248046017,59.3419155883271,68.749526910318,68.2025143198464,57.4620805494997,51.8260412944287,66.5167225947692,68.6007361681714,69.1270463802536
68.3759580325148,64.0785654355342,60.343021103629,65.9744093142798,67.1551187032342,68.4545654919247,68.0278890526569,64.820522124071,65.3145905195633,68.1060544925806,58.8349249846891,52.3916587018485,62.0500559273969,64.7147308136611,66.9573704631814,68.9354391294237,65.4613698170251,60.4211243525091,60.6668025274426,55.5288710137467,68.8261686188444,57.7048473328175,64.8532248046017,59.3419155883271,68.749526910318,68.2025143198464,57.4620805494997,51.8260412944287,66.5167225947692,68.6007361681714,69.1270463802536
68.3759580325148,64.0785654355342,60.343021103629,65.9744093142798,67.1551187032342,68.4545654919247,68.0278890526569,64.820522124071,65.3145905195633,68.1983293292992,58.8349249846891,52.3916587018485,62.0500559273969,64.7147308136611,66.9573704631814,68.9354391294237,65.4613698170251,60.4211243525091,60.6668025274426,56.1124689435676,68.8261686188444,57.7048473328175,64.8532248046017,59.3419155883271,68.749526910318,68.2370615665677,57.4620805494997,51.8260412944287,66.5167225947692,68.6007361681714,69.1270463802536
68.3759580325148,64.0785654355342,60.343021103629,65.9744093142798,67.1551187032342,68.4545654919247,68.0278890526569,64.820522124071,65.3145905195633,68.1983293292992,58.8349249846891,52.3916587018485,62.0500559273969,64.7147308136611,66.9573704631814,68.9354391294237,65.4613698170251,60.4211243525091,60.6668025274426,56.1124689435676,68.8261686188444,57.7048473328175,64.8532248046017,59.3419155883271,68.749526910318,68.2370615665677,57.4620805494997,51.9457297818611,66.5167225947692,68.6007361681714,69.1270463802536
68.3759580325148,64.0785654355342,60.343021103629,65.9744093142798,67.1551187032342,68.4545654919247,68.0278890526569,64.820522124071,65.3145905195633,68.1983293292992,58.8349249846891,52.3916587018485,62.0500559273969,64.7147308136611,66.9573704631814,68.9354391294237,65.4613698170251,60.4211243525091,60.6668025274426,56.1124689435676,68.8261686188444,57.7048473328175,64.8532248046017,59.3419155883271,68.749526910318,68.2370615665677,57.4620805494997,51.9457297818611,66.5167225947692,68.6007361681714,69.1270463802536
68.5238138541163,64.0785654355342,60.343021103629,65.9744093142798,67.1551187032342,68.4545654919247,68.0278890526569,64.820522124071,65.3145905195633,68.1983293292992,58.8349249846891,52.3916587018485,62.0500559273969,64.7147308136611,66.9573704631814,68.9354391294237,65.4613698170251,60.4211243525091,60.9868200719406,56.1124689435676,68.8261686188444,57.7048473328175,64.8532248046017,59.3419155883271,68.749526910318,68.2370615665677,57.6003411020999,51.9457297818611,66.5167225947692,68.6007361681714,69.1773988569376
68.5238138541163,64.0785654355342,60.343021103629,65.9744093142798,67.1551187032342,68.4545654919247,68.0278890526569,64.820522124071,65.3145905195633,68.1983293292992,58.8349249846891,52.3916587018485,62.0500559273969,64.7147308136611,66.9573704631814,68.9354391294237,65.6457581452531,60.4211243525091,60.9868200719406,56.1124689435676,68.8261686188444,57.7048473328175,64.8532248046017,59.3419155883271,68.749526910318,68.2370615665677,57.6499762397636,51.9457297818611,66.5167225947692,68.6007361681714,69.1773988569376
68.5238138541163,64.0785654355342,60.343021103629,65.9744093142798,67.1971099659828,68.4545654919247,68.0278890526569,64.820522124071,65.3145905195633,68.1983293292992,58.8349249846891,52.3916587018485,62.0500559273969,64.7147308136611,66.9573704631814,68.9354391294237,65.6457581452531,60.4211243525091,60.9868200719406,56.1124689435676,68.8531323405376,57.7048473328175,64.8532248046017,59.3419155883271,68.749526910318,68.2370615665677,57.6499762397636,51.9457297818611,66.5167225947692,68.6007361681714,69.1773988569376
68.5238138541163,64.0785654355342,60.343021103629,65.9744093142798,67.1971099659828,68.4545654919247,68.0858270850079,64.820522124071,65.3145905195633,68.1983293292992,58.8996595752319,52.3916587018485,62.0500559273969,64.7147308136611,66.9573704631814,68.9354391294237,65.6457581452531,60.4431138072545,60.9868200719406,56.1124689435676,68.8531323405376,57.9643951098217,64.8532248046017,59.3419155883271,68.749526910318,68.2370615665677,57.6499762397636,51.9457297818611,66.5167225947692,68.6007361681714,69.1773988569376
68.5238138541163,64.0785654355342,60.343021103629,65.9744093142798,67.1971099659828,68.4545654919247,68.0858270850079,64.8650721331681,65.3145905195633,68.1983293292992,58.8996595752319,52.3916587018485,62.0582785075016,64.7147308136611,66.9573704631814,68.9354391294237,65.6457581452531,60.4431138072545,60.9868200719406,56.1124689435676,68.8531323405376,57.9643951098217,64.8532248046017,59.3419155883271,68.749526910318,68.2370615665677,57.6499762397636,51.9457297818611,66.5167225947692,68.6007361681714,69.1773988569376
68.5238138541163,64.0785654355342,60.343021103629,65.9744093142798,67.1971099659828,68.4545654919247,68.0858270850079,64.8650721331681,65.3145905195633,68.1983293292992,58.8996595752319,52.3916587018485,62.0582785075016,64.7147308136611,66.9573704631814,68.9354391294237,65.6457581452531,60.4431138072545,60.9868200719406,56.1124689435676,68.8531323405376,57.9643951098217,64.8532248046017,59.3419155883271,68.749526910318,68.2370615665677,57.6499762397636,51.9457297818611,66.5167225947692,68.6007361681714,69.1773988569376
68.5238138541163,64.0785654355342,60.343021103629,65.9744093142798,67.1971099659828,68.4545654919247,68.0858270850079,64.8650721331681,65.3145905195633,68.1983293292992,58.8996595752319,52.3916587018485,62.0582785075016,64.7147308136611,66.9573704631814,68.9354391294237,65.6457581452531,60.4431138072545,60.9868200719406,56.2447984088738,68.8531323405376,57.9643951098217,64.8532248046017,59.3419155883271,68.9322827260788,68.2370615665677,57.6499762397636,51.9457297818611,66.5167225947692,68.6007361681714,69.1773988569376
68.5238138541163,64.0785654355342,60.343021103629,65.9744093142798,67.1971099659828,68.4545654919247,68.0858270850079,64.8650721331681,65.3145905195633,68.1983293292992,58.8996595752319,52.3916587018485,62.0582785075016,64.7147308136611,66.9573704631814,68.9354391294237,65.6457581452531,60.4431138072545,60.9868200719406,56.2447984088738,68.8531323405376,57.9643951098217,64.8532248046017,59.3419155883271,68.9322827260788,68.2370615665677,57.6499762397636,51.9457297818611,66.7155889779892,68.6007361681714,69.1773988569376
68.5238138541163,64.0785654355342,60.343021103629,65.9744093142798,67.1971099659828,68.4545654919247,68.0858270850079,64.8650721331681,65.3145905195633,68.1983293292992,58.8996595752319,52.3916587018485,62.0582785075016,64.7147308136611,66.9573704631814,68.9354391294237,65.6457581452531,60.4431138072545,60.9868200719406,56.2447984088738,68.8531323405376,57.9643951098217,64.8532248046017,59.3419155883271,68.9322827260788,68.2370615665677,57.6499762397636,51.9457297818611,66.7155889779892,68.6007361681714,69.1773988569376
68.5296184659877,64.0785654355342,60.343021103629,65.9744093142798,67.1971099659828,68.4545654919247,68.0858270850079,64.8650721331681,65.3145905195633,68.1983293292992,58.8996595752319,52.3916587018485,62.0582785075016,64.7147308136611,66.9573704631814,68.9354391294237,65.6457581452531,60.4431138072545,62.5952682265426,56.2447984088738,68.8531323405376,57.9643951098217,64.8532248046017,59.3419155883271,68.9322827260788,68.2370615665677,57.6499762397636,51.9457297818611,66.7155889779892,68.6007361681714,69.1773988569376
68.5296184659877,64.0785654355342,60.343021103629,66.1079813259548,67.1971099659828,68.4545654919247,68.0858270850079,64.8650721331681,65.3145905195633,68.1983293292992,58.8996595752319,52.3916587018485,62.0582785075016,64.7147308136611,66.9573704631814,68.9354391294237,65.6457581452531,60.4431138072545,62.5952682265426,56.2447984088738,68.8531323405376,57.9643951098217,64.8532248046017,59.3419155883271,68.9322827260788,68.2370615665677,57.6499762397636,51.9457297818611,66.7155889779892,68.6007361681714,69.1773988569376
68.5296184659877,64.0785654355342,60.343021103629,66.8835092555438,67.1971099659828,68.4545654919247,68.0858270850079,64.8650721331681,65.3145905195633,68.1983293292992,58.8996595752319,52.3916587018485,62.0582785075016,64.7147308136611,66.9573704631814,68.9354391294237,65.6457581452531,60.4431138072545,62.5952682265426,56.2447984088738,68.8531323405376,57.9643951098217,64.8532248046017,59.3419155883271,68.9322827260788,68.2370615665677,57.6499762397636,51.9457297818611,66.7155889779892,68.6007361681714,69.1773988569376
68.5296184659877,64.0785654355342,60.343021103629,66.8835092555438,67.1971099659828,68.4545654919247,68.1229233382426,64.8897455458046,65.3145905195633,68.1983293292992,58.8996595752319,52.3916587018485,62.0582785075016,64.7147308136611,66.9573704631814,68.9354391294237,65.6457581452531,60.4431138072545,62.5952682265426,56.2447984088738,68.8531323405376,57.9643951098217,64.8532248046017,59.3419155883271,68.9322827260788,68.2370615665677,57.6499762397636,51.9457297818611,66.7155889779892,68.6007361681714,69.1773988569376
68.5296184659877,64.1383200775331,60.343021103629,66.8835092555438,67.1971099659828,68.4545654919247,68.1229233382426,64.8897455458046,65.3145905195633,68.1983293292992,58.8996595752319,52.3916587018485,62.0623379136037,64.7147308136611,66.9573704631814,68.9354391294237,65.6457581452531,60.4431138072545,62.5952682265426,56.2447984088738,68.8531323405376,57.9643951098217,64.8532248046017,59.3419155883271,68.9322827260788,68.2370615665677,57.6499762397636,51.9457297818611,66.7155889779892,68.6007361681714,69.1773988569376
68.5296184659877,64.1383200775331,60.343021103629,66.8835092555438,67.1971099659828,68.4545654919247,68.1229233382426,64.8897455458046,65.3145905195633,68.1983293292992,58.8996595752319,52.3916587018485,62.0623379136037,64.7147308136611,66.9573704631814,68.9354391294237,65.6457581452531,60.4431138072545,62.5952682265426,56.5194172507025,68.8531323405376,57.9643951098217,64.8532248046017,59.3419155883271,68.9322827260788,68.2370615665677,57.6499762397636,51.9457297818611,66.7155889779892,68.6007361681714,69.1773988569376
68.5296184659877,64.1383200775331,60.343021103629,66.8835092555438,67.1971099659828,68.4545654919247,68.1229233382426,64.8897455458046,65.3145905195633,68.1983293292992,58.8996595752319,52.3916587018485,62.0623379136037,64.7147308136611,66.9573704631814,68.9354391294237,65.6460894354008,60.4431138072545,62.5952682265426,56.5194172507025,68.8531323405376,57.9643951098217,64.8532248046017,59.3419155883271,69.0047771300461,68.2370615665677,57.6499762397636,51.9457297818611,66.7155889779892,68.6007361681714,69.1773988569376
68.5296184659877,64.1383200775331,60.343021103629,66.8835092555438,67.1971099659828,68.4545654919247,68.1229233382426,64.8897455458046,65.3297750401559,68.1983293292992,58.8996595752319,52.3916587018485,62.0623379136037,64.7147308136611,66.9573704631814,68.9354391294237,65.6460894354008,60.4431138072545,62.5952682265426,56.5194172507025,68.8531323405376,57.9643951098217,64.8532248046017,59.3419155883271,69.0047771300461,68.2370615665677,57.6499762397636,51.9457297818611,66.7155889779892,68.6007361681714,69.1773988569376
68.5296184659877,64.1383200775331,60.343021103629,66.8835092555438,67.1971099659828,68.4545654919247,68.1229233382426,64.8897455458046,65.3297750401559,68.1983293292992,58.8996595752319,52.3916587018485,62.0623379136037,64.7147308136611,67.0879306485633,68.9674368706907,65.6460894354008,60.4431138072545,62.5952682265426,56.5194172507025,68.8531323405376,57.9643951098217,64.8532248046017,59.3419155883271,69.0047771300461,68.2370615665677,57.6499762397636,51.9457297818611,66.7155889779892,68.6007361681714,69.1773988569376
68.5296184659877,64.1383200775331,60.343021103629,66.8835092555438,67.1971099659828,68.4545654919247,68.1229233382426,64.901596721811,65.3297750401559,68.1983293292992,58.8996595752319,52.3916587018485,62.0623379136037,64.7147308136611,67.0879306485633,68.9674368706907,65.6460894354008,60.4431138072545,62.5952682265426,56.5194172507025,68.8531323405376,57.9643951098217,64.8532248046017,59.3419155883271,69.0047771300461,68.2370615665677,57.6499762397636,51.9457297818611,66.7155889779892,68.6007361681714,69.1773988569376
68.5296184659877,64.1383200775331,60.343021103629,66.8835092555438,67.1971099659828,68.4545654919247,68.1229233382426,64.901596721811,65.3297750401559,68.1983293292992,58.8996595752319,52.3916587018485,62.0623379136037,64.7147308136611,67.0879306485633,68.9674368706907,65.6460894354008,60.4431138072545,62.5952682265426,56.5194172507025,68.8531323405376,57.9643951098217,64.8532248046017,59.3419155883271,69.0047771300461,68.2370615665677,57.6499762397636,51.9457297818611,66.7155889779892,68.6007361681714,69.1773988569376
68.5296184659877,64.1383200775331,60.343021103629,66.8835092555438,67.1971099659828,68.4545654919247,68.1229233382426,64.901596721811,65.3297750401559,68.1983293292992,58.903004733741,52.3916587018485,62.0623379136037,64.7147308136611,67.0879306485633,68.9674368706907,65.6460894354008,60.4431138072545,63.0780373039398,56.5194172507025,68.8531323405376,57.9643951098217,64.8532248046017,59.3419155883271,69.0047771300461,68.2370615665677,57.6499762397636,51.9457297818611,66.7155889779892,68.6007361681714,69.1773988569376
68.5296184659877,64.1383200775331,60.343021103629,66.8835092555438,67.1971099659828,68.4545654919247,68.1405939668034,64.901596721811,65.3297750401559,68.1983293292992,58.903004733741,52.3916587018485,62.0623379136037,64.7147308136611,67.0879306485633,68.9674368706907,65.7275053210755,60.4431138072545,63.0780373039398,56.5194172507025,68.8531323405376,57.9643951098217,64.8532248046017,59.3419155883271,69.0047771300461,68.2370615665677,57.6499762397636,51.9457297818611,66.7155889779892,68.6007361681714,69.1773988569376
68.5296184659877,64.1383200775331,60.3542431481314,66.8835092555438,67.1971099659828,68.4545654919247,68.245594098937,64.901596721811,65.3297750401559,68.1983293292992,58.903004733741,52.3916587018485,62.0623379136037,64.7976169198463,67.0879306485633,68.9674368706907,65.7275053210755,60.4431138072545,63.0780373039398,56.5194172507025,68.8531323405376,57.9643951098217,64.8532248046017,59.3419155883271,69.0047771300461,68.2370615665677,57.6499762397636,51.9457297818611,66.7155889779892,68.604225065832,69.1773988569376
68.5296184659877,64.1383200775331,60.3542431481314,66.8835092555438,67.1971099659828,68.5039228736745,68.245594098937,64.901596721811,65.3297750401559,68.1983293292992,58.903004733741,52.3916587018485,62.0623379136037,64.7976169198463,67.0879306485633,68.9826505645052,65.7275053210755,60.4431138072545,63.0780373039398,56.5194172507025,68.8531323405376,57.9643951098217,64.8532248046017,59.3419155883271,69.0047771300461,68.2370615665677,57.6499762397636,51.9457297818611,66.7155889779892,68.604225065832,69.1773988569376
68.5296184659877,64.1383200775331,60.3542431481314,67.7679845531454,67.1971099659828,68.5039228736745,68.245594098937,64.901596721811,65.3297750401559,68.1983293292992,58.903004733741,52.3916587018485,62.0623379136037,64.7976169198463,67.0879306485633,68.9826505645052,65.7275053210755,60.4431138072545,63.0780373039398,56.5194172507025,68.857984587188,57.9643951098217,64.8532248046017,59.3419155883271,69.0047771300461,68.2370615665677,57.7842478072335,51.9457297818611,66.7155889779892,68.604225065832,69.1773988569376
68.5296184659877,64.1383200775331,60.3542431481314,67.7679845531454,67.1971099659828,68.5039228736745,68.245594098937,64.901596721811,65.3297750401559,68.1983293292992,58.903004733741,52.3916587018485,62.0623379136037,64.7976169198463,67.0879306485633,68.9826505645052,65.7275053210755,60.4431138072545,63.0780373039398,56.5194172507025,68.857984587188,57.9643951098217,64.8532248046017,59.3419155883271,69.0047771300461,68.2370615665677,57.7842478072335,51.9457297818611,66.7155889779892,68.604225065832,69.1773988569376
68.5296184659877,64.2309345273147,60.3542431481314,67.7679845531454,67.1971099659828,68.5039228736745,68.245594098937,64.901596721811,65.3297750401559,68.1983293292992,58.903004733741,52.3916587018485,62.082064383908,64.7976169198463,67.0879306485633,68.9826505645052,65.7275053210755,60.4431138072545,63.0780373039398,56.5194172507025,68.857984587188,57.9643951098217,64.8532248046017,59.3419155883271,69.0047771300461,68.2370615665677,57.7842478072335,51.9457297818611,66.7155889779892,68.604225065832,69.1773988569376
68.7580347804101,64.2309345273147,60.3542431481314,67.7679845531454,67.1971099659828,68.5039228736745,68.245594098937,64.901596721811,65.3297750401559,68.1983293292992,58.903004733741,52.3916587018485,62.082064383908,64.7976169198463,67.0879306485633,68.9826505645052,65.7275053210755,60.4431138072545,63.0780373039398,56.5194172507025,68.857984587188,57.9643951098217,64.8532248046017,59.3419155883271,69.0047771300461,68.2370615665677,57.7842478072335,52.0320426381674,66.7155889779892,68.604225065832,69.1773988569376
68.7580347804101,64.2309345273147,60.3542431481314,67.7679845531454,67.1971099659828,68.5039228736745,68.245594098937,64.901596721811,65.3297750401559,68.1983293292992,58.903004733741,52.3916587018485,62.082064383908,64.7976169198463,67.0879306485633,68.9826505645052,65.7275053210755,60.4431138072545,63.0780373039398,56.5194172507025,68.857984587188,57.9643951098217,64.8532248046017,59.3419155883271,69.0047771300461,68.2370615665677,57.7842478072335,52.0320426381674,66.7155889779892,68.6888866667786,69.1773988569376
68.7580347804101,64.2309345273147,60.3542431481314,67.7679845531454,67.1971099659828,68.5039228736745,68.245594098937,64.901596721811,65.3297750401559,68.1983293292992,58.9824246426695,52.3916587018485,62.082064383908,64.7976169198463,67.0879306485633,68.9826505645052,65.7275053210755,60.4431138072545,63.0780373039398,56.5194172507025,68.857984587188,57.9643951098217,64.8532248046017,59.3419155883271,69.0047771300461,68.2370615665677,57.7842478072335,52.0320426381674,66.8251746698087,68.6888866667786,69.1773988569376
68.7580347804101,64.2309345273147,60.3542431481314,67.7679845531454,67.1971099659828,68.5039228736745,68.2888077374768,64.901596721811,65.3297750401559,68.1983293292992,58.9824246426695,52.3916587018485,62.1001882132533,64.7976169198463,67.0879306485633,68.9826505645052,65.7275053210755,60.4431138072545,63.0780373039398,56.5194172507025,68.857984587188,57.9643951098217,64.8532248046017,59.3419155883271,69.0047771300461,68.2370615665677,57.7842478072335,52.0320426381674,66.8251746698087,68.6888866667786,69.1773988569376
68.7580347804101,64.2309345273147,60.3542431481314,67.7679845531454,67.1971099659828,68.5178883739212,68.2888077374768,64.9708823760132,65.3297750401559,68.1983293292992,58.9824246426695,52.3916587018485,62.1001882132533,64.7976169198463,67.0879306485633,68.9826505645052,65.7275053210755,60.4431138072545,63.0780373039398,56.5194172507025,68.857984587188,57.9643951098217,64.8532248046017,59.3419155883271,69.0047771300461,68.2808769028259,57.7842478072335,52.0320426381674,66.8251746698087,68.6888866667786,69.1773988569376
68.7580347804101,64.2309345273147,60.3673856035172,67.7679845531454,67.1971099659828,68.5178883739212,68.2888077374768,64.9708823760132,65.3297750401559,68.1983293292992,58.9824246426695,52.3916587018485,62.1001882132533,64.7976169198463,67.1250112630184,68.9826505645052,65.7275053210755,60.5587421923107,63.0780373039398,56.5194172507025,68.9310409086836,57.9643951098217,64.8532248046017,59.3419155883271,69.0047771300461,68.2808769028259,57.7842478072335,52.0320426381674,66.8251746698087,68.6888866667786,69.1773988569376
68.7580347804101,64.2309345273147,60.3673856035172,67.7679845531454,67.3515746196528,68.5178883739212,68.2888077374768,64.9708823760132,65.3297750401559,68.214132695779,58.9824246426695,52.3916587018485,62.1001882132533,64.7976169198463,67.1250112630184,68.9826505645052,65.7275053210755,60.5587421923107,63.0780373039398,56.5194172507025,68.9310409086836,57.9643951098217,64.8532248046017,59.8505601989878,69.0047771300461,68.2808769028259,57.8350626675992,52.0320426381674,66.8251746698087,68.7159030946072,69.1773988569376
68.7580347804101,64.2309345273147,60.3673856035172,67.7679845531454,67.3515746196528,68.5178883739212,68.2888077374768,64.9708823760132,65.3297750401559,68.214132695779,58.9824246426695,52.3916587018485,62.1001882132533,64.7976169198463,67.1250112630184,68.9826505645052,65.7275053210755,60.5587421923107,63.0780373039398,56.5194172507025,68.9310409086836,57.9643951098217,64.8532248046017,59.8505601989878,69.0047771300461,68.2808769028259,57.8350626675992,52.0320426381674,66.8251746698087,68.7159030946072,69.1773988569376
68.7580347804101,64.2309345273147,60.3673856035172,67.7679845531454,67.3515746196528,68.5178883739212,68.2888077374768,64.9708823760132,65.3297750401559,68.214132695779,58.9824246426695,52.3916587018485,62.1075617856905,64.7976169198463,67.1250112630184,69.0664068227525,65.7275053210755,60.5587421923107,63.0780373039398,56.5194172507025,68.9310409086836,57.9643951098217,64.8532248046017,59.8505601989878,69.0047771300461,68.2808769028259,57.8350626675992,52.0320426381674,66.8251746698087,68.7159030946072,69.1773988569376
68.7580347804101,64.2309345273147,60.3673856035172,67.7679845531454,67.3515746196528,68.5178883739212,68.2888077374768,64.9708823760132,65.3297750401559,68.214132695779,58.9824246426695,52.3916587018485,62.1075617856905,64.7976169198463,67.1250112630184,69.0664068227525,65.7275053210755,60.5587421923107,63.0780373039398,56.5194172507025,68.9310409086836,57.9643951098217,64.9659166555231,59.8505601989878,69.0047771300461,68.2808769028259,57.8350626675992,52.0320426381674,66.8251746698087,68.7159030946072,69.1773988569376
68.7580347804101,64.2309345273147,60.3673856035172,67.7679845531454,67.3515746196528,68.5178883739212,68.3897647534932,64.9708823760132,65.3297750401559,68.214132695779,58.9824246426695,52.3916587018485,62.1075617856905,64.7976169198463,67.1250112630184,69.0664068227525,65.7275053210755,60.5587421923107,63.0780373039398,56.5194172507025,68.9310409086836,57.9643951098217,64.9659166555231,59.8505601989878,69.0047771300461,68.2808769028259,57.8350626675992,52.0320426381674,66.8251746698087,68.7159030946072,69.1773988569376
68.7580347804101,64.2309345273147,60.3673856035172,67.7679845531454,67.3515746196528,68.5178883739212,68.3897647534932,64.9708823760132,65.3297750401559,68.214132695779,59.0020701320586,52.3916587018485,62.1075617856905,64.7976169198463,67.1250112630184,69.0664068227525,65.7477633061364,60.5587421923107,63.0780373039398,56.5194172507025,68.9310409086836,57.9643951098217,64.9659166555231,59.8505601989878,69.0047771300461,68.2808769028259,57.8350626675992,52.110102011189,66.8251746698087,68.7159030946072,69.1773988569376
68.7580347804101,64.2309345273147,60.3673856035172,67.7679845531454,67.3515746196528,68.5178883739212,68.3897647534932,64.9708823760132,65.3297750401559,68.214132695779,59.0020701320586,52.3916587018485,62.1075617856905,64.7976169198463,67.1250112630184,69.0664068227525,65.7477633061364,60.5587421923107,63.0780373039398,56.5194172507025,68.9310409086836,57.9643951098217,64.9659166555231,59.8505601989878,69.0047771300461,68.2808769028259,57.8350626675992,52.110102011189,66.8251746698087,68.7602060432124,69.1773988569376
68.7580347804101,64.2309345273147,60.3673856035172,67.7679845531454,67.3515746196528,68.5178883739212,68.3897647534932,64.9708823760132,65.3297750401559,68.214132695779,59.0020701320586,52.3916587018485,62.1075617856905,64.7976169198463,67.1250112630184,69.0664068227525,65.7477633061364,60.5587421923107,63.0780373039398,56.5194172507025,68.9310409086836,57.9643951098217,64.9659166555231,59.8505601989878,69.0047771300461,68.2808769028259,57.8350626675992,52.110102011189,66.8251746698087,68.7602060432124,69.1773988569376
68.7580347804101,64.2309345273147,60.4054988029578,67.7679845531454,67.3515746196528,68.5178883739212,68.3897647534932,64.9708823760132,65.3297750401559,68.214132695779,59.0020701320586,52.3916587018485,62.1075617856905,64.7976169198463,67.1250112630184,69.0802990693787,65.7477633061364,60.5587421923107,63.0780373039398,56.5194172507025,68.9310409086836,57.9643951098217,64.9659166555231,59.8505601989878,69.0047771300461,68.2808769028259,57.9199473186124,52.110102011189,66.8251746698087,68.7602060432124,69.1773988569376
68.7580347804101,64.2309345273147,60.4480175241753,67.7679845531454,67.3515746196528,68.5178883739212,68.3897647534932,64.9708823760132,65.3297750401559,68.2475558997725,59.0020701320586,52.5223658888016,62.1075617856905,64.7976169198463,67.1250112630184,69.0802990693787,65.7477633061364,60.608453079827,63.0780373039398,56.5194172507025,68.9310409086836,57.9643951098217,64.9659166555231,59.8505601989878,69.0047771300461,68.2808769028259,57.9199473186124,52.110102011189,66.8251746698087,68.7602060432124,69.1773988569376
68.7580347804101,64.2309345273147,60.4480175241753,67.7679845531454,67.3515746196528,68.5178883739212,68.3897647534932,64.9708823760132,65.3297750401559,68.2475558997725,59.0020701320586,52.5223658888016,62.1075617856905,64.7976169198463,67.1250112630184,69.0802990693787,65.7477633061364,60.608453079827,64.2185463721424,56.5194172507025,68.9310409086836,57.9643951098217,64.9659166555231,59.8505601989878,69.0047771300461,68.2808769028259,57.9199473186124,52.110102011189,66.8251746698087,68.7602060432124,69.1773988569376
68.7580347804101,64.2309345273147,60.4480175241753,67.7679845531454,67.3515746196528,68.5178883739212,68.3897647534932,64.9708823760132,65.3297750401559,68.2475558997725,59.0020701320586,52.5223658888016,62.1075617856905,64.7976169198463,67.1250112630184,69.0802990693787,65.7477633061364,60.608453079827,64.2185463721424,56.5194172507025,68.9310409086836,57.9643951098217,64.9659166555231,59.8505601989878,69.0047771300461,68.2808769028259,57.9199473186124,52.110102011189,66.8898837141216,68.7602060432124,69.1773988569376
68.7580347804101,64.2309345273147,60.4480175241753,67.7679845531454,67.3515746196528,68.5178883739212,68.4890998235419,64.9708823760132,65.3297750401559,68.2475558997725,59.0020701320586,52.5223658888016,62.1075617856905,64.7976169198463,67.1250112630184,69.0802990693787,65.7477633061364,60.608453079827,64.2185463721424,56.5194172507025,68.9310409086836,57.9643951098217,65.0428118582922,60.0608069600728,69.0047771300461,68.2808769028259,57.9199473186124,52.110102011189,66.9144781777652,68.7602060432124,69.1773988569376
68.7580347804101,64.2309345273147,60.4480175241753,67.7679845531454,67.3515746196528,68.5258220696561,68.4890998235419,64.9708823760132,65.3297750401559,68.2475558997725,59.0391472463729,52.5223658888016,62.1075617856905,64.7976169198463,67.1250112630184,69.0802990693787,65.7477633061364,60.608453079827,64.2185463721424,56.5194172507025,68.9310409086836,57.9643951098217,65.0428118582922,60.0608069600728,69.0047771300461,68.2808769028259,57.9199473186124,52.1899092552922,66.9144781777652,68.7602060432124,69.1773988569376
68.7580347804101,64.2309345273147,60.4480175241753,67.7679845531454,67.3515746196528,68.5258220696561,68.4890998235419,64.9708823760132,65.3297750401559,68.2475558997725,59.0391472463729,52.5223658888016,62.1075617856905,64.8675801840306,67.1250112630184,69.1145019032855,65.7477633061364,60.608453079827,64.2185463721424,56.5194172507025,68.9310409086836,57.9643951098217,65.0428118582922,60.0608069600728,69.0047771300461,68.2808769028259,57.9199473186124,52.1899092552922,66.9144781777652,68.7602060432124,69.1773988569376
68.7580347804101,64.2309345273147,60.4480175241753,67.7679845531454,67.3515746196528,68.5258220696561,68.4890998235419,64.9708823760132,65.5336080507032,68.2475558997725,59.0391472463729,52.5223658888016,62.1075617856905,64.8675801840306,67.1250112630184,69.1145019032855,65.7477633061364,60.608453079827,64.2185463721424,56.5194172507025,68.9310409086836,57.9643951098217,65.0428118582922,60.0608069600728,69.0047771300461,68.2808769028259,57.9199473186124,52.1899092552922,66.9144781777652,68.7602060432124,69.2164075561485
68.7580347804101,64.2480337858566,60.4480175241753,67.7679845531454,67.3515746196528,68.5258220696561,68.4890998235419,64.9708823760132,65.5336080507032,68.2475558997725,59.0391472463729,52.5223658888016,62.1075617856905,64.8675801840306,67.1250112630184,69.1145019032855,65.7477633061364,60.608453079827,64.2185463721424,56.5194172507025,68.9310409086836,57.9643951098217,65.0428118582922,60.0608069600728,69.0047771300461,68.2808769028259,57.9199473186124,52.1899092552922,66.9144781777652,68.7602060432124,69.2164075561485
68.7580347804101,64.2480337858566,60.4480175241753,67.7679845531454,67.3515746196528,68.5258220696561,68.4890998235419,64.9708823760132,65.5336080507032,68.2475558997725,59.0391472463729,52.5223658888016,62.1075617856905,64.8675801840306,67.1250112630184,69.1145019032855,65.7477633061364,60.608453079827,64.2185463721424,56.5194172507025,68.9310409086836,57.9643951098217,65.0428118582922,60.0608069600728,69.0047771300461,68.2808769028259,57.9199473186124,52.1899092552922,66.9144781777652,68.7602060432124,69.2164075561485
68.7580347804101,64.2480337858566,60.561022305861,67.7679845531454,67.3515746196528,68.5258220696561,68.4890998235419,65.0277155536996,65.5336080507032,68.2702691178453,59.0391472463729,52.5223658888016,62.1075617856905,64.8675801840306,67.1250112630184,69.1145019032855,65.7477633061364,60.7069538278125,64.2185463721424,56.5194172507025,68.9310409086836,57.9643951098217,65.0428118582922,60.0608069600728,69.0047771300461,68.2808769028259,57.9199473186124,52.1899092552922,67.0561005691671,68.7602060432124,69.2164075561485
68.7580347804101,64.2480337858566,60.561022305861,67.7679845531454,67.3515746196528,68.5258220696561,68.4890998235419,65.0277155536996,65.5336080507032,68.2702691178453,59.0458959565898,52.5223658888016,62.1075617856905,64.8675801840306,67.1250112630184,69.1145019032855,65.7477633061364,60.7069538278125,64.2185463721424,56.5194172507025,68.9310409086836,57.9643951098217,65.4624338132352,60.0608069600728,69.0047771300461,68.2808769028259,57.9199473186124,52.1899092552922,67.0561005691671,68.7602060432124,69.2164075561485
68.7748550265582,64.2480337858566,60.561022305861,67.7679845531454,67.3515746196528,68.5258220696561,68.4890998235419,65.0277155536996,65.5336080507032,68.2702691178453,59.0458959565898,52.5223658888016,62.1075617856905,64.8675801840306,67.1250112630184,69.1642453684321,65.7477633061364,60.7069538278125,64.2185463721424,56.5194172507025,68.9693879084049,57.9643951098217,65.4624338132352,60.0608069600728,69.0047771300461,68.2856499390142,57.9199473186124,52.1899092552922,67.0561005691671,68.7602060432124,69.2164075561485
68.7748550265582,64.2480337858566,60.561022305861,67.7679845531454,67.3515746196528,68.5481346891101,68.4890998235419,65.0277155536996,65.5336080507032,68.2702691178453,59.0458959565898,52.5223658888016,62.1075617856905,64.8785370540423,67.1250112630184,69.1642453684321,65.7477633061364,60.7069538278125,64.2185463721424,56.5194172507025,68.9693879084049,57.9643951098217,65.4624338132352,60.0608069600728,69.0047771300461,68.2856499390142,57.9199473186124,52.1899092552922,67.0561005691671,68.7602060432124,69.2164075561485
68.7748550265582,64.2724475746638,60.561022305861,67.7679845531454,67.3515746196528,68.5481346891101,68.4890998235419,65.0277155536996,65.5336080507032,68.2702691178453,59.0458959565898,52.5223658888016,62.1075617856905,64.8785370540423,67.1250112630184,69.1642453684321,65.7477633061364,60.7069538278125,64.2185463721424,56.5194172507025,68.9693879084049,57.9643951098217,65.4624338132352,60.0608069600728,69.0047771300461,68.2856499390142,57.9199473186124,52.1899092552922,67.0561005691671,68.7602060432124,69.2164075561485
68.7748550265582,64.2724475746638,60.561022305861,67.7679845531454,67.3515746196528,68.5481346891101,68.4890998235419,65.0277155536996,65.5336080507032,68.2702691178453,59.0458959565898,52.5223658888016,62.1075617856905,64.8785370540423,67.1723086777033,69.1642453684321,65.7477633061364,60.7069538278125,64.2185463721424,56.5194172507025,68.9693879084049,57.9643951098217,65.4624338132352,60.6607356624868,69.0047771300461,68.2856499390142,57.9199473186124,52.2311350846478,67.0561005691671,68.7636275246537,69.2310479578626
68.7748550265582,64.2724475746638,60.561022305861,67.7679845531454,67.3515746196528,68.5481346891101,68.4890998235419,65.0277155536996,65.5336080507032,68.2702691178453,59.0458959565898,52.5223658888016,62.1075617856905,64.8785370540423,67.1926103292194,69.1642453684321,65.7477633061364,60.7069538278125,64.2185463721424,56.5194172507025,68.9693879084049,57.9643951098217,65.4624338132352,60.6607356624868,69.0047771300461,68.2856499390142,57.9199473186124,52.2311350846478,67.0561005691671,68.7636275246537,69.2310479578626
68.7748550265582,64.2724475746638,60.561022305861,67.7679845531454,67.3515746196528,68.5481346891101,68.4890998235419,65.0277155536996,65.5336080507032,68.2702691178453,59.0458959565898,52.5223658888016,62.1075617856905,64.8785370540423,67.1926103292194,69.1642453684321,65.7477633061364,60.7069538278125,64.2185463721424,56.5194172507025,68.9693879084049,57.9643951098217,65.4624338132352,60.6607356624868,69.0047771300461,68.2856499390142,57.9199473186124,52.2311350846478,67.0561005691671,68.7636275246537,69.2310479578626
68.7748550265582,64.2724475746638,60.561022305861,67.7679845531454,67.3515746196528,68.5481346891101,68.4890998235419,65.0277155536996,65.5336080507032,68.2702691178453,59.0458959565898,52.5223658888016,62.1075617856905,64.8785370540423,67.1926103292194,69.18570605836,65.7477633061364,60.7069538278125,64.2185463721424,56.5194172507025,68.9693879084049,57.9643951098217,65.4624338132352,60.6607356624868,69.0047771300461,68.2856499390142,57.9885739161765,52.2311350846478,67.0561005691671,68.7636275246537,69.2310479578626
68.7748550265582,64.2724475746638,60.561022305861,67.7679845531454,67.3515746196528,68.5481346891101,68.4890998235419,65.0277155536996,65.5336080507032,68.3474378607898,59.0458959565898,52.5223658888016,62.1075617856905,64.8785370540423,67.1926103292194,69.18570605836,65.7477633061364,60.7069538278125,64.2185463721424,56.5194172507025,68.9693879084049,57.9643951098217,65.497154523344,60.6607356624868,69.0047771300461,68.3437415130469,57.9885739161765,52.2311350846478,67.0561005691671,68.7636275246537,69.2310479578626
68.7748550265582,64.2786723740592,60.561022305861,67.7679845531454,67.3515746196528,68.6273871203279,68.5920585700858,65.0277155536996,65.5336080507032,68.3474378607898,59.0458959565898,52.5223658888016,62.1075617856905,64.8785370540423,67.1926103292194,69.18570605836,65.7477633061364,60.7069538278125,64.2185463721424,56.5194172507025,68.9693879084049,57.9643951098217,65.497154523344,60.6607356624868,69.0047771300461,68.3437415130469,57.9885739161765,52.2311350846478,67.0561005691671,68.7636275246537,69.2310479578626
68.7748550265582,64.2786723740592,60.561022305861,67.7679845531454,67.3515746196528,68.6273871203279,68.5920585700858,65.0277155536996,65.5336080507032,68.3474378607898,59.0458959565898,52.5223658888016,62.1075617856905,64.8942897933766,67.1926103292194,69.18570605836,65.7477633061364,60.7069538278125,64.2185463721424,56.5194172507025,68.9693879084049,57.9643951098217,65.497154523344,60.6607356624868,69.0047771300461,68.3437415130469,57.9885739161765,52.2311350846478,67.0561005691671,68.7636275246537,69.2310479578626
68.7748550265582,64.2786723740592,60.561022305861,67.998748952131,67.3515746196528,68.6273871203279,68.5920585700858,65.0277155536996,65.5336080507032,68.3474378607898,59.0458959565898,52.5223658888016,62.1080838893244,65.139787857014,67.1926103292194,69.18570605836,65.7477633061364,60.7069538278125,64.2185463721424,56.5194172507025,68.9693879084049,57.9643951098217,65.497154523344,60.6607356624868,69.0047771300461,68.3437415130469,57.9885739161765,52.2311350846478,67.0561005691671,68.7867915336662,69.2478493287149
68.7748550265582,64.2786723740592,60.561022305861,67.998748952131,67.3515746196528,68.6273871203279,68.5920585700858,65.0277155536996,65.5336080507032,68.3474378607898,59.0458959565898,52.5223658888016,62.1080838893244,65.139787857014,67.2554213625232,69.18570605836,65.7477633061364,60.7069538278125,64.2185463721424,56.5194172507025,68.9693879084049,57.9852798506907,65.497154523344,60.6607356624868,69.0047771300461,68.3437415130469,57.9885739161765,52.3027603130418,67.0561005691671,68.8047002248289,69.2569827069075
68.7748550265582,64.2786723740592,60.561022305861,67.998748952131,67.3515746196528,68.6273871203279,68.5920585700858,65.0277155536996,65.5336080507032,68.3474378607898,59.0588754465034,52.5223658888016,62.1080838893244,65.139787857014,67.3805933065795,69.18570605836,65.7477633061364,60.7069538278125,64.2185463721424,56.5194172507025,68.9693879084049,57.9852798506907,65.497154523344,60.6607356624868,69.0047771300461,68.3437415130469,57.9885739161765,52.3027603130418,67.0561005691671,68.8047002248289,69.2569827069075
68.7748550265582,64.2786723740592,60.561022305861,67.998748952131,67.3515746196528,68.6273871203279,68.5920585700858,65.0277155536996,65.5336080507032,68.3474378607898,59.0588754465034,52.8617717432749,62.1080838893244,65.139787857014,67.3805933065795,69.18570605836,65.7477633061364,60.7069538278125,64.2185463721424,56.5194172507025,68.9693879084049,57.9852798506907,65.497154523344,60.6607356624868,69.0047771300461,68.3437415130469,57.9885739161765,52.3027603130418,67.0561005691671,68.8047002248289,69.2569827069075
68.7748550265582,64.2918048696736,60.561022305861,67.998748952131,67.3515746196528,68.6273871203279,68.5920585700858,65.0277155536996,65.5336080507032,68.3474378607898,59.0588754465034,52.8617717432749,62.1080838893244,65.139787857014,67.3805933065795,69.18570605836,65.7477633061364,60.7069538278125,64.2185463721424,56.5194172507025,68.9693879084049,57.9852798506907,65.497154523344,60.6607356624868,69.0047771300461,68.3437415130469,58.0243219536546,52.3027603130418,67.1540333603913,68.8047002248289,69.2569827069075
68.7748550265582,64.2918048696736,60.5709246285069,67.998748952131,67.3515746196528,68.6273871203279,68.5920585700858,65.0277155536996,65.5336080507032,68.3474378607898,59.0588754465034,52.8617717432749,62.1080838893244,65.139787857014,67.3805933065795,69.18570605836,65.7477633061364,60.7069538278125,64.2185463721424,56.7624218859881,68.9693879084049,57.9852798506907,65.497154523344,60.6607356624868,69.0047771300461,68.3437415130469,58.0243219536546,52.3027603130418,67.1540333603913,68.8047002248289,69.2569827069075
68.7748550265582,64.2918048696736,60.5709246285069,67.998748952131,67.3515746196528,68.6273871203279,68.5920585700858,65.0277155536996,65.5336080507032,68.3474378607898,59.0588754465034,52.8617717432749,62.1080838893244,65.139787857014,67.3805933065795,69.18570605836,65.7477633061364,60.7069538278125,64.2185463721424,56.7624218859881,68.9693879084049,57.9852798506907,65.497154523344,60.6607356624868,69.0047771300461,68.3437415130469,58.0243219536546,52.3027603130418,67.1540333603913,68.8047002248289,69.2569827069075
68.7748550265582,64.2918048696736,60.5709246285069,67.998748952131,67.3515746196528,68.6273871203279,68.5920585700858,65.0277155536996,65.5336080507032,68.3474378607898,59.0588754465034,52.8617717432749,62.1500798347047,65.139787857014,67.3805933065795,69.18570605836,65.7477633061364,60.8526718119807,64.2185463721424,56.7624218859881,68.9693879084049,57.9852798506907,65.497154523344,60.6607356624868,69.0047771300461,68.3437415130469,58.0243219536546,52.3027603130418,67.1540333603913,68.8047002248289,69.2569827069075
68.7748550265582,64.2918048696736,60.5709246285069,67.998748952131,67.3515746196528,68.6273871203279,68.5920585700858,65.0277155536996,65.5336080507032,68.3474378607898,59.0694501091287,52.8617717432749,62.1500798347047,65.139787857014,67.3805933065795,69.18570605836,65.7477633061364,60.8526718119807,64.2185463721424,56.7624218859881,68.9693879084049,57.9852798506907,65.497154523344,60.6607356624868,69.0047771300461,68.3437415130469,58.0243219536546,52.3027603130418,67.1540333603913,68.8047002248289,69.2569827069075
68.7748550265582,64.2918048696736,60.5709246285069,67.998748952131,67.3515746196528,68.6273871203279,68.5920585700858,65.0277155536996,65.5336080507032,68.3474378607898,59.0694501091287,52.8617717432749,62.1500798347047,65.139787857014,67.3805933065795,69.18570605836,65.7477633061364,60.8526718119807,64.2185463721424,56.7624218859881,68.9693879084049,57.9852798506907,65.497154523344,60.6607356624868,69.0070478132119,68.3437415130469,58.0243219536546,52.3027603130418,67.1540333603913,68.8680028339041,69.3365976175897
68.7748550265582,64.2918048696736,60.5709246285069,67.998748952131,67.3515746196528,68.6273871203279,68.5920585700858,65.0277155536996,65.5336080507032,68.3474378607898,59.0694501091287,52.8617717432749,62.1500798347047,65.139787857014,67.4559494147572,69.18570605836,65.7477633061364,60.8526718119807,64.2185463721424,56.7624218859881,68.9693879084049,57.9852798506907,65.497154523344,60.6607356624868,69.0070478132119,68.3437415130469,58.0243219536546,52.3027603130418,67.1540333603913,68.8680028339041,69.3365976175897
68.7748550265582,64.2918048696736,60.5709246285069,67.998748952131,67.3515746196528,68.6273871203279,68.5920585700858,65.0347912443708,65.5336080507032,68.3474378607898,59.0694501091287,52.8617717432749,62.1500798347047,65.139787857014,67.4559494147572,69.18570605836,65.7477633061364,60.8526718119807,64.2185463721424,56.7624218859881,68.9693879084049,57.9852798506907,65.497154523344,60.6607356624868,69.0070478132119,68.3437415130469,58.0243219536546,52.3027603130418,67.1540333603913,68.8680028339041,69.3365976175897
68.7748550265582,64.2918048696736,60.5709246285069,67.998748952131,67.3515746196528,68.6273871203279,68.5920585700858,65.0347912443708,65.5336080507032,68.3474378607898,59.0694501091287,52.8617717432749,62.1500798347047,65.139787857014,67.4559494147572,69.18570605836,65.7477633061364,60.8526718119807,64.2185463721424,56.7624218859881,68.9693879084049,58.0991739309732,65.497154523344,60.6607356624868,69.0070478132119,68.3492680318639,58.0453648963551,52.3027603130418,67.1540333603913,68.8680028339041,69.3365976175897
68.7748550265582,64.2918048696736,60.6053907357526,67.998748952131,67.3515746196528,68.6273871203279,68.5920585700858,65.0347912443708,65.5336080507032,68.3474378607898,59.0694501091287,52.8617717432749,62.1500798347047,65.139787857014,67.4559494147572,69.18570605836,66.0173192912021,60.8526718119807,64.3065987953609,56.7624218859881,68.9693879084049,58.1283637735112,65.497154523344,60.6607356624868,69.0070478132119,68.3492680318639,58.0453648963551,52.3027603130418,67.1540333603913,68.8680028339041,69.3365976175897
68.7748550265582,64.2918048696736,60.7349864937663,67.998748952131,67.3515746196528,68.6679914734397,68.5920585700858,65.0347912443708,65.5336080507032,68.3474378607898,59.0694501091287,52.8617717432749,62.1500798347047,65.139787857014,67.4559494147572,69.18570605836,66.0173192912021,60.8526718119807,64.3065987953609,56.7624218859881,68.9693879084049,58.1283637735112,65.6286546416025,60.6607356624868,69.0070478132119,68.3492680318639,58.0453648963551,52.3027603130418,67.1540333603913,68.8680028339041,69.3365976175897
68.7917018594347,64.2918048696736,60.7349864937663,67.998748952131,67.3515746196528,68.6679914734397,68.7442463056233,65.0347912443708,65.5336080507032,68.3474378607898,59.0694501091287,52.91083723351,62.1500798347047,65.139787857014,67.4559494147572,69.18570605836,66.0173192912021,60.8526718119807,64.3065987953609,56.7624218859881,68.9693879084049,58.1283637735112,65.6286546416025,60.6607356624868,69.0070478132119,68.3492680318639,58.0453648963551,52.3027603130418,67.1913334271423,68.8680028339041,69.3365976175897
68.7917018594347,64.3190730953585,60.7349864937663,67.998748952131,67.3515746196528,68.6679914734397,68.7442463056233,65.0347912443708,65.5336080507032,68.3474378607898,59.0694501091287,52.9953054111032,62.1500798347047,65.3053163089754,67.4559494147572,69.18570605836,66.0173192912021,60.8526718119807,64.3065987953609,56.7624218859881,68.9693879084049,58.1283637735112,65.6286546416025,60.6607356624868,69.0070478132119,68.3492680318639,58.0453648963551,52.3027603130418,67.1913334271423,68.8680028339041,69.3365976175897
68.7917018594347,64.3190730953585,60.7349864937663,67.998748952131,67.3515746196528,68.6679914734397,68.7442463056233,65.0347912443708,65.5336080507032,68.3474378607898,59.0694501091287,52.9953054111032,62.1500798347047,65.3053163089754,67.4559494147572,69.18570605836,66.0173192912021,60.8526718119807,64.3065987953609,56.7624218859881,68.9693879084049,58.1283637735112,65.6286546416025,60.6607356624868,69.0424582332218,68.3492680318639,58.0453648963551,52.3027603130418,67.1913334271423,68.8680028339041,69.3365976175897
68.7917018594347,64.3190730953585,60.7349864937663,67.998748952131,67.3632299971477,68.6679914734397,68.7442463056233,65.0347912443708,65.5336080507032,68.3656576544074,59.074772943031,52.9953054111032,62.1500798347047,65.3053163089754,67.4559494147572,69.18570605836,66.0173192912021,60.8526718119807,64.3065987953609,56.7624218859881,68.9693879084049,58.1283637735112,65.6286546416025,60.6607356624868,69.0424582332218,68.3492680318639,58.0453648963551,52.3027603130418,67.1913334271423,68.8922178215216,69.3365976175897
68.7917018594347,64.3190730953585,60.7349864937663,67.998748952131,67.3632299971477,68.6679914734397,68.7442463056233,65.0347912443708,65.5336080507032,68.3656576544074,59.074772943031,52.9953054111032,62.1500798347047,65.3053163089754,67.4559494147572,69.18570605836,66.0173192912021,60.8526718119807,64.3065987953609,56.7624218859881,68.9693879084049,58.1283637735112,65.6286546416025,60.6607356624868,69.0424582332218,68.3492680318639,58.1686673707714,52.3027603130418,67.1913334271423,68.8922178215216,69.3365976175897
68.7917018594347,64.3190730953585,60.7349864937663,67.998748952131,67.3632299971477,68.6679914734397,68.7442463056233,65.0347912443708,65.5336080507032,68.3656576544074,59.074772943031,52.9953054111032,62.1500798347047,65.3053163089754,67.4559494147572,69.2264164927103,66.0173192912021,60.8526718119807,64.3065987953609,56.7705068668918,68.9693879084049,58.1283637735112,65.6286546416025,60.6607356624868,69.0424582332218,68.3492680318639,58.1686673707714,52.3027603130418,67.1913334271423,68.8922178215216,69.3365976175897
68.7917018594347,64.3190730953585,60.7349864937663,67.998748952131,67.3632299971477,68.7245211367661,68.7442463056233,65.0347912443708,65.5336080507032,68.3656576544074,59.074772943031,52.9953054111032,62.1500798347047,65.3053163089754,67.4559494147572,69.2264164927103,66.0173192912021,60.8526718119807,64.5104460716952,56.7705068668918,68.9693879084049,58.1283637735112,65.6286546416025,60.6607356624868,69.0424582332218,68.3492680318639,58.1686673707714,52.3027603130418,67.1913334271423,68.8922178215216,69.3365976175897
68.7917018594347,64.346189244535,60.9998060075632,67.998748952131,67.3632299971477,68.7245211367661,68.7442463056233,65.0347912443708,65.5336080507032,68.3656576544074,59.0764169566313,52.9953054111032,62.1500798347047,65.3053163089754,67.4559494147572,69.2264164927103,66.0173192912021,60.8526718119807,64.5104460716952,56.7705068668918,68.9693879084049,58.1283637735112,66.3399078494443,60.6607356624868,69.0424582332218,68.3492680318639,58.1686673707714,52.3027603130418,67.1913334271423,68.8922178215216,69.3365976175897
68.8154442045921,64.346189244535,60.9998060075632,67.998748952131,67.3632299971477,68.7245211367661,68.7442463056233,65.0347912443708,65.5336080507032,68.3656576544074,59.0764169566313,52.9953054111032,62.1500798347047,65.3053163089754,67.4559494147572,69.2264164927103,66.0173192912021,60.8526718119807,64.5104460716952,56.7705068668918,68.9693879084049,58.2275474354166,66.3399078494443,60.6607356624868,69.0424582332218,68.3492680318639,58.1686673707714,52.3027603130418,67.1913334271423,68.8922178215216,69.3365976175897
68.8594828832371,64.346189244535,60.9998060075632,67.998748952131,67.3632299971477,68.7245211367661,68.7442463056233,65.0347912443708,65.5336080507032,68.3656576544074,59.0764169566313,52.9953054111032,62.1500798347047,65.3466626347987,67.4559494147572,69.2264164927103,66.0645998110678,60.8526718119807,64.5104460716952,56.7705068668918,68.9693879084049,58.2275474354166,66.3399078494443,60.6607356624868,69.0424582332218,68.3492680318639,58.1686673707714,52.3027603130418,67.1913334271423,68.8922178215216,69.3365976175897
68.8594828832371,64.346189244535,60.9998060075632,67.998748952131,67.3632299971477,68.7245211367661,68.7442463056233,65.0542151840517,65.5336080507032,68.4014768698197,59.0764169566313,52.9953054111032,62.1500798347047,65.3466626347987,67.4559494147572,69.2264164927103,66.0645998110678,60.8526718119807,64.5104460716952,56.7705068668918,68.9693879084049,58.2275474354166,66.3399078494443,60.6607356624868,69.0768050486571,68.3492680318639,58.1686673707714,52.3027603130418,67.1913334271423,68.8922178215216,69.3365976175897
68.8594828832371,64.346189244535,60.9998060075632,67.998748952131,67.3632299971477,68.7245211367661,68.7442463056233,65.0542151840517,65.5336080507032,68.4014768698197,59.0764169566313,52.9953054111032,62.1500798347047,65.3466626347987,67.4783407439577,69.2271432945077,66.0645998110678,60.8526718119807,64.5104460716952,56.7705068668918,68.9693879084049,58.2275474354166,66.3399078494443,60.6607356624868,69.0768050486571,68.3543095615123,58.1686673707714,52.3027603130418,67.1913334271423,68.9144628311255,69.3575464499695
68.8594828832371,64.346189244535,60.9998060075632,67.998748952131,67.3632299971477,68.7245211367661,68.7442463056233,65.0542151840517,65.5336080507032,68.4014768698197,59.078652306484,52.9953054111032,62.1549693502475,65.3466626347987,67.4783407439577,69.2271432945077,66.0645998110678,60.8526718119807,64.5104460716952,56.7769213795889,68.9693879084049,58.2275474354166,66.3399078494443,60.6607356624868,69.0768050486571,68.3543095615123,58.1686673707714,52.3027603130418,67.1913334271423,68.9144628311255,69.3575464499695
68.8594828832371,64.346189244535,60.9998060075632,67.998748952131,67.3632299971477,68.7245211367661,68.7442463056233,65.0542151840517,65.5336080507032,68.4014768698197,59.078652306484,53.0376805685027,62.1549693502475,65.3466626347987,67.4783407439577,69.2271432945077,66.0645998110678,60.8526718119807,64.5104460716952,56.7769213795889,68.9693879084049,58.2275474354166,66.3399078494443,60.6607356624868,69.0768050486571,68.3543095615123,58.1686673707714,52.3027603130418,67.1913334271423,68.9144628311255,69.3575464499695
68.8594828832371,64.346189244535,60.9998060075632,67.998748952131,67.3632299971477,68.7245211367661,68.7442463056233,65.0542151840517,65.5336080507032,68.4014768698197,59.078652306484,53.0376805685027,62.1549693502475,65.3466626347987,67.4783407439577,69.2271432945077,66.0645998110678,60.8526718119807,64.5104460716952,56.7769213795889,68.9693879084049,58.2275474354166,66.3399078494443,60.6607356624868,69.0768050486571,68.3543095615123,58.1686673707714,52.3027603130418,67.1913334271423,68.9144628311255,69.3575464499695
68.8594828832371,64.346189244535,60.9998060075632,67.998748952131,67.3632299971477,68.7245211367661,68.7442463056233,65.0542151840517,65.5336080507032,68.4014768698197,59.078652306484,53.0376805685027,62.1549693502475,65.3466626347987,67.4783407439577,69.2271432945077,66.0645998110678,60.8526718119807,64.5104460716952,56.7769213795889,68.9693879084049,58.2275474354166,66.3399078494443,60.6607356624868,69.0768050486571,68.3543095615123,58.1686673707714,52.3027603130418,67.1913334271423,68.9144628311255,69.3575464499695
68.8594828832371,64.346189244535,61.1224467783271,67.998748952131,67.3632299971477,68.7245211367661,68.8321088446781,65.0542151840517,65.5336080507032,68.4014768698197,59.078652306484,53.0376805685027,62.1549693502475,65.3466626347987,67.4783407439577,69.2271432945077,66.0645998110678,60.8526718119807,64.5104460716952,56.7769213795889,68.9693879084049,58.2275474354166,66.3399078494443,60.6607356624868,69.0768050486571,68.3543095615123,58.1686673707714,52.3027603130418,67.1913334271423,68.9144628311255,69.3575464499695
68.8983157025662,64.346189244535,61.1224467783271,67.998748952131,67.394012897416,68.7245211367661,68.8321088446781,65.0542151840517,65.5336080507032,68.4119281612659,59.078652306484,53.0376805685027,62.1687946829581,65.3742350389362,67.4783407439577,69.2748571641835,66.0645998110678,60.8526718119807,64.5104460716952,56.7769213795889,68.9693879084049,58.2275474354166,66.3399078494443,60.6607356624868,69.0768050486571,68.3543095615123,58.1686673707714,52.3027603130418,67.1913334271423,68.9144628311255,69.3575464499695
68.8983157025662,64.346189244535,61.1224467783271,67.998748952131,67.394012897416,68.7245211367661,68.8321088446781,65.0542151840517,65.5336080507032,68.4119281612659,59.078652306484,53.0376805685027,62.2102670679625,65.3742350389362,67.4783407439577,69.2748571641835,66.0645998110678,60.8526718119807,64.5104460716952,56.7769213795889,68.9693879084049,58.2275474354166,66.3399078494443,60.6607356624868,69.0825317262998,68.3543095615123,58.1686673707714,52.3027603130418,67.1913334271423,68.9144628311255,69.3575464499695
68.8983157025662,64.346189244535,61.1224467783271,67.998748952131,67.394012897416,68.7245211367661,68.8321088446781,65.0542151840517,65.6075375944675,68.4119281612659,59.078652306484,53.0376805685027,62.2102670679625,65.3742350389362,67.4783407439577,69.2748571641835,66.0645998110678,60.8526718119807,64.5104460716952,56.9194308699346,68.9693879084049,58.2275474354166,66.3399078494443,60.6607356624868,69.0825317262998,68.3957118519245,58.1686673707714,52.3027603130418,67.1913334271423,68.9144628311255,69.3575464499695
68.8983157025662,64.346189244535,61.1224467783271,67.998748952131,67.394012897416,68.7245211367661,68.8321088446781,65.0542151840517,65.6075375944675,68.4119281612659,59.0820528506684,53.0376805685027,62.2102670679625,65.3742350389362,67.4783407439577,69.2748571641835,66.0645998110678,60.8526718119807,64.5104460716952,56.9194308699346,68.9693879084049,58.2275474354166,66.3399078494443,60.6607356624868,69.0825317262998,68.3957118519245,58.1686673707714,52.3027603130418,67.1913334271423,68.9144628311255,69.3575464499695
68.8983157025662,64.346189244535,61.1224467783271,67.998748952131,67.394012897416,68.7245211367661,68.8321088446781,65.0542151840517,65.6075375944675,68.4119281612659,59.0820528506684,53.0376805685027,62.2102670679625,65.3742350389362,67.4783407439577,69.2748571641835,66.0645998110678,60.8526718119807,64.5104460716952,56.9194308699346,68.9693879084049,58.2275474354166,66.3399078494443,60.7893119397514,69.0825317262998,68.3957118519245,58.1686673707714,52.3027603130418,67.2341332498657,68.9144628311255,69.3575464499695
68.8983157025662,64.346189244535,61.1224467783271,67.998748952131,67.394012897416,68.7579982737401,68.8321088446781,65.0542151840517,65.6075375944675,68.4119281612659,59.0820528506684,53.0376805685027,62.217182581952,65.3742350389362,67.4783407439577,69.2748571641835,66.0645998110678,60.8526718119807,64.5104460716952,56.9194308699346,68.9693879084049,58.2275474354166,66.3399078494443,61.1724277971947,69.0825317262998,68.3957118519245,58.1686673707714,52.3027603130418,67.2341332498657,68.9144628311255,69.3575464499695
68.8983157025662,64.346189244535,61.1224467783271,67.998748952131,67.4256303590151,68.7579982737401,68.8321088446781,65.0542151840517,65.6075375944675,68.4119281612659,59.0820528506684,53.0376805685027,62.217182581952,65.3742350389362,67.4783407439577,69.3136825610896,66.0645998110678,60.8688652386719,64.846646921748,56.9194308699346,68.9693879084049,58.2275474354166,66.3399078494443,61.1724277971947,69.0825317262998,68.3957118519245,58.1686673707714,52.3027603130418,67.2341332498657,68.9144628311255,69.3575464499695
68.8983157025662,64.346189244535,61.1224467783271,67.998748952131,67.4256303590151,68.7579982737401,68.8321088446781,65.0542151840517,65.6075375944675,68.4119281612659,59.0820528506684,53.1336168065914,62.217182581952,65.3742350389362,67.4783407439577,69.3136825610896,66.0645998110678,60.8688652386719,64.846646921748,56.9194308699346,68.9693879084049,58.2275474354166,66.3399078494443,61.1724277971947,69.0825317262998,68.3957118519245,58.1686673707714,52.3027603130418,67.2341332498657,68.9144628311255,69.3575464499695
68.8983157025662,64.346189244535,61.1224467783271,67.998748952131,67.4256303590151,68.7579982737401,68.8321088446781,65.0542151840517,65.6075375944675,68.4119281612659,59.1068310745856,53.1336168065914,62.217182581952,65.3742350389362,67.4783407439577,69.3136825610896,66.0645998110678,60.8688652386719,64.846646921748,56.9194308699346,68.9693879084049,58.2275474354166,66.3399078494443,61.1724277971947,69.0825317262998,68.3957118519245,58.1686673707714,52.3027603130418,67.2341332498657,68.9144628311255,69.3575464499695
69.0109678626953,64.346189244535,61.1224467783271,67.998748952131,67.4256303590151,68.7579982737401,68.8321088446781,65.0542151840517,65.6075375944675,68.4119281612659,59.1068310745856,53.1336168065914,62.217182581952,65.3742350389362,67.4783407439577,69.3136825610896,66.0645998110678,60.8688652386719,64.846646921748,56.9194308699346,68.9693879084049,58.2275474354166,66.3399078494443,61.1724277971947,69.0825317262998,68.3957118519245,58.1686673707714,52.3472992819127,67.2341332498657,68.9144628311255,69.3575464499695
69.0109678626953,64.346189244535,61.1224467783271,67.998748952131,67.4256303590151,68.7579982737401,68.8321088446781,65.0542151840517,65.6075375944675,68.4119281612659,59.1068310745856,53.1336168065914,62.217182581952,65.4099887225848,67.5744955608542,69.3136825610896,66.0645998110678,60.8688652386719,64.846646921748,56.9194308699346,69.0311995781858,58.534872950715,66.3399078494443,61.1724277971947,69.0825317262998,68.3957118519245,58.1686673707714,52.3472992819127,67.2341332498657,68.9144628311255,69.3575464499695
69.0109678626953,64.346189244535,61.1224467783271,67.998748952131,67.4256303590151,68.7579982737401,68.8321088446781,65.0542151840517,65.6075375944675,68.4119281612659,59.1068310745856,53.1336168065914,62.217182581952,65.5188798845023,67.5744955608542,69.3136825610896,66.0645998110678,60.8688652386719,64.846646921748,56.9194308699346,69.0311995781858,58.534872950715,66.3399078494443,61.1724277971947,69.0825317262998,68.3957118519245,58.1686673707714,52.3472992819127,67.2341332498657,68.9144628311255,69.3575464499695
69.0109678626953,64.346189244535,61.1224467783271,67.998748952131,67.4256303590151,68.7579982737401,68.8321088446781,65.0542151840517,65.6075375944675,68.4119281612659,59.1334051381991,53.1336168065914,62.217182581952,65.5188798845023,67.5744955608542,69.3136825610896,66.0645998110678,60.8688652386719,64.846646921748,56.9194308699346,69.0311995781858,58.534872950715,66.3399078494443,61.1724277971947,69.0825317262998,68.3957118519245,58.1686673707714,52.3472992819127,67.2341332498657,68.9235626202596,69.3575464499695
69.0109678626953,64.346189244535,61.1224467783271,67.998748952131,67.4256303590151,68.7579982737401,68.8321088446781,65.0542151840517,65.6075375944675,68.4119281612659,59.1334051381991,53.1336168065914,62.217182581952,65.5188798845023,67.5744955608542,69.3136825610896,66.0645998110678,60.8688652386719,64.846646921748,56.9194308699346,69.0311995781858,58.534872950715,66.3399078494443,61.1724277971947,69.0825317262998,68.3957118519245,58.1686673707714,52.3472992819127,67.2341332498657,68.9235626202596,69.3575464499695
69.0109678626953,64.346189244535,61.1224467783271,67.998748952131,67.4256303590151,68.7579982737401,68.8321088446781,65.0542151840517,65.6075375944675,68.4119281612659,59.1334051381991,53.1336168065914,62.217182581952,65.5188798845023,67.5744955608542,69.3136825610896,66.0645998110678,60.8688652386719,64.846646921748,56.9194308699346,69.0311995781858,58.534872950715,66.3399078494443,61.1724277971947,69.0825317262998,68.3957118519245,58.1686673707714,52.3472992819127,67.2341332498657,68.9235626202596,69.3575464499695
69.0109678626953,64.3483336828361,61.1224467783271,67.998748952131,67.4256303590151,68.7579982737401,68.8321088446781,65.0542151840517,65.6075375944675,68.4119281612659,59.1334051381991,53.1336168065914,62.217182581952,65.5188798845023,67.5744955608542,69.3136825610896,66.0645998110678,60.8688652386719,64.846646921748,56.9194308699346,69.0311995781858,58.534872950715,66.3399078494443,61.1724277971947,69.0825317262998,68.3957118519245,58.1686673707714,52.3472992819127,67.2341332498657,68.9235626202596,69.3575464499695
69.0109678626953,64.3483336828361,61.1224467783271,67.998748952131,67.4256303590151,68.7579982737401,68.8321088446781,65.0542151840517,65.6075375944675,68.4119281612659,59.1381514359689,53.1336168065914,62.217182581952,65.5188798845023,67.5744955608542,69.3136825610896,66.0645998110678,60.8688652386719,64.846646921748,56.9194308699346,69.0311995781858,58.534872950715,66.3399078494443,61.1724277971947,69.1154026826438,68.3957118519245,58.1686673707714,52.3472992819127,67.2341332498657,68.9235626202596,69.3575464499695
69.0109678626953,64.3483336828361,61.1224467783271,67.998748952131,67.4256303590151,68.7579982737401,68.8321088446781,65.0542151840517,65.6075375944675,68.4119281612659,59.1381514359689,53.1336168065914,62.217182581952,65.5188798845023,67.5744955608542,69.3136825610896,66.0645998110678,60.8688652386719,64.846646921748,56.9194308699346,69.0311995781858,58.534872950715,66.3399078494443,61.1724277971947,69.1154026826438,68.3957118519245,58.2479499069191,52.3472992819127,67.2341332498657,68.9235626202596,69.3575464499695
69.033695951216,64.3483336828361,61.1224467783271,67.998748952131,67.4256303590151,68.7579982737401,68.8321088446781,65.0542151840517,65.6075375944675,68.4119281612659,59.1381514359689,53.1336168065914,62.217182581952,65.5188798845023,67.5775405655951,69.3136825610896,66.0645998110678,60.89092794034,64.846646921748,56.9194308699346,69.0311995781858,58.534872950715,66.3399078494443,61.1724277971947,69.1154026826438,68.3957118519245,58.2479499069191,52.3472992819127,67.2341332498657,68.9235626202596,69.3575464499695
69.033695951216,64.3483336828361,61.1224467783271,67.998748952131,67.4479966837338,68.7579982737401,68.8321088446781,65.0542151840517,65.6075375944675,68.4119281612659,59.1381514359689,53.1336168065914,62.217182581952,65.5188798845023,67.5775405655951,69.3136825610896,66.0645998110678,60.89092794034,64.846646921748,56.9194308699346,69.0311995781858,58.534872950715,66.3399078494443,61.1724277971947,69.1154026826438,68.3957118519245,58.2479499069191,52.3472992819127,67.2341332498657,68.9235626202596,69.3575464499695
69.033695951216,64.3483336828361,61.1224467783271,67.998748952131,67.4479966837338,68.7687456784549,68.8321088446781,65.0654882218327,65.6075375944675,68.4119281612659,59.1381514359689,53.1336168065914,62.217182581952,65.5188798845023,67.5775405655951,69.3136825610896,66.0645998110678,60.89092794034,64.846646921748,56.9194308699346,69.0311995781858,58.6315533315933,66.3399078494443,61.1724277971947,69.1154026826438,68.3957118519245,58.2479499069191,52.3472992819127,67.2341332498657,68.9250551874362,69.3575464499695
69.033695951216,64.3752352452555,61.1224467783271,67.998748952131,67.4479966837338,68.8343327946403,68.8321088446781,65.0654882218327,65.6075375944675,68.4119281612659,59.1381514359689,53.1336168065914,62.217182581952,65.5188798845023,67.5775405655951,69.3136825610896,66.0645998110678,60.89092794034,64.846646921748,56.9194308699346,69.0311995781858,58.6315533315933,66.3399078494443,61.1724277971947,69.1154026826438,68.3957118519245,58.2479499069191,52.3472992819127,67.2341332498657,68.9250551874362,69.3575464499695
69.033695951216,64.3752352452555,61.1224467783271,67.998748952131,67.4479966837338,68.8343327946403,68.8321088446781,65.0654882218327,65.6075375944675,68.4119281612659,59.1381514359689,53.1336168065914,62.217182581952,65.5188798845023,67.5775405655951,69.3136825610896,66.0645998110678,60.89092794034,64.846646921748,56.9194308699346,69.0311995781858,58.6315533315933,66.3399078494443,61.1724277971947,69.1154026826438,68.3957118519245,58.2479499069191,52.3472992819127,67.2341332498657,68.9250551874362,69.3575464499695
69.033695951216,64.3752352452555,61.1224467783271,67.998748952131,67.4479966837338,68.8343327946403,68.8321088446781,65.0654882218327,65.6075375944675,68.4119281612659,59.1381514359689,53.1336168065914,62.217182581952,65.5188798845023,67.5775405655951,69.3136825610896,66.0645998110678,60.89092794034,64.846646921748,56.9194308699346,69.0311995781858,58.6315533315933,66.3399078494443,61.1724277971947,69.1154026826438,68.4077840727574,58.2479499069191,52.3472992819127,67.2341332498657,68.9250551874362,69.3575464499695
69.033695951216,64.3752352452555,61.1224467783271,67.998748952131,67.4479966837338,68.8343327946403,68.8321088446781,65.0654882218327,65.6075375944675,68.4119281612659,59.1381514359689,53.1336168065914,62.2257644211842,65.5188798845023,67.5775405655951,69.3434442264677,66.0645998110678,60.89092794034,65.1293516026125,56.9194308699346,69.0311995781858,58.6315533315933,66.3399078494443,61.1724277971947,69.1154026826438,68.4077840727574,58.2479499069191,52.3472992819127,67.2341332498657,68.9250551874362,69.3575464499695
69.033695951216,64.3752352452555,61.1224467783271,67.998748952131,67.4479966837338,68.8343327946403,68.8321088446781,65.0654882218327,65.6075375944675,68.4119281612659,59.1381514359689,53.1336168065914,62.2257644211842,65.5188798845023,67.5775405655951,69.3434442264677,66.0645998110678,60.89092794034,65.1293516026125,56.9194308699346,69.0311995781858,58.6315533315933,66.3399078494443,61.1724277971947,69.1154026826438,68.4077840727574,58.2479499069191,52.3472992819127,67.2341332498657,68.9250551874362,69.3786424446779
69.0758537858481,64.4124548093962,61.1224467783271,67.998748952131,67.6434508952761,68.8343327946403,68.8321088446781,65.0654882218327,65.6262984950744,68.4119281612659,59.1381514359689,53.1336168065914,62.2257644211842,65.5188798845023,67.5775405655951,69.3434442264677,66.0645998110678,60.89092794034,65.1293516026125,56.9194308699346,69.0311995781858,58.6315533315933,66.3399078494443,61.1724277971947,69.1154026826438,68.4077840727574,58.2479499069191,52.3472992819127,67.2341332498657,68.9250551874362,69.3786424446779
69.0758537858481,64.4124548093962,61.1224467783271,67.998748952131,67.6434508952761,68.8343327946403,68.8321088446781,65.0705858463459,65.6262984950744,68.4478821266563,59.1381514359689,53.1336168065914,62.2257644211842,65.5188798845023,67.5775405655951,69.3434442264677,66.0645998110678,60.89092794034,65.1293516026125,56.9194308699346,69.0311995781858,58.6315533315933,66.3399078494443,61.1724277971947,69.1154026826438,68.4077840727574,58.2900976851787,52.3472992819127,67.2341332498657,68.9250551874362,69.3786424446779
69.0758537858481,64.4124548093962,61.1224467783271,67.998748952131,67.6434508952761,68.8747125682039,68.8321088446781,65.0705858463459,65.6262984950744,68.4478821266563,59.1381514359689,53.1336168065914,62.2257644211842,65.5188798845023,67.5775405655951,69.3434442264677,66.0950377926024,60.9243530529352,65.1293516026125,56.9194308699346,69.0311995781858,58.6315533315933,66.3399078494443,61.1724277971947,69.1154026826438,68.4077840727574,58.2900976851787,52.3472992819127,67.2341332498657,68.9350054881715,69.3786424446779
69.0758537858481,64.4124548093962,61.1224467783271,67.998748952131,67.6434508952761,68.8747125682039,68.8321088446781,65.0705858463459,65.6262984950744,68.4478821266563,59.1381514359689,53.1937665304597,62.2257644211842,65.5188798845023,67.5775405655951,69.3434442264677,66.0950377926024,60.9243530529352,65.1293516026125,56.9466273338172,69.0311995781858,58.6315533315933,66.3399078494443,61.1724277971947,69.1154026826438,68.4077840727574,58.2900976851787,52.3472992819127,67.2341332498657,68.9350054881715,69.3786424446779
69.0758537858481,64.4124548093962,61.1224467783271,68.0471022875276,67.6434508952761,68.8747125682039,68.8321088446781,65.0705858463459,65.6262984950744,68.4478821266563,59.1418274300852,53.1937665304597,62.2257644211842,65.5188798845023,67.5775405655951,69.3613867764482,66.0950377926024,60.9243530529352,65.1293516026125,56.9466273338172,69.0311995781858,58.6315533315933,66.3399078494443,61.1724277971947,69.1154026826438,68.4077840727574,58.2900976851787,52.3472992819127,67.2341332498657,68.9350054881715,69.3786424446779
69.0758537858481,64.4124548093962,61.1224467783271,68.0471022875276,67.6434508952761,68.8747125682039,68.8321088446781,65.0705858463459,65.6262984950744,68.4478821266563,59.1418274300852,53.1937665304597,62.2257644211842,65.5188798845023,67.5775405655951,69.3613867764482,66.0950377926024,60.9243530529352,65.1293516026125,56.9466273338172,69.0311995781858,58.6315533315933,66.3399078494443,61.1724277971947,69.1192454809874,68.4083976469033,58.2900976851787,52.3472992819127,67.2341332498657,68.9350054881715,69.3786424446779
69.0758537858481,64.4433149792238,61.1224467783271,68.0471022875276,67.6434508952761,68.8747125682039,68.8825589763147,65.0705858463459,65.6262984950744,68.4478821266563,59.1418274300852,53.1937665304597,62.2257644211842,65.5188798845023,67.5775405655951,69.3613867764482,66.0950377926024,60.9243530529352,65.1293516026125,56.9466273338172,69.0447398749282,58.6315533315933,66.3399078494443,61.1724277971947,69.1974788910205,68.4083976469033,58.2900976851787,52.3472992819127,67.2341332498657,68.9350054881715,69.3786424446779
69.0758537858481,64.4433149792238,61.18560484921,68.0471022875276,67.6434508952761,68.8747125682039,68.8825589763147,65.0705858463459,65.6262984950744,68.4478821266563,59.1418274300852,53.1937665304597,62.2257644211842,65.5188798845023,67.5775405655951,69.3613867764482,66.0950377926024,60.9243530529352,65.1293516026125,56.9466273338172,69.0447398749282,58.6315533315933,66.3399078494443,61.1724277971947,69.1974788910205,68.4083976469033,58.2900976851787,52.3472992819127,67.2341332498657,68.9350054881715,69.3786424446779
69.0758537858481,64.4433149792238,61.18560484921,68.0471022875276,67.6434508952761,68.8747125682039,68.8825589763147,65.086274992164,65.6262984950744,68.4478821266563,59.1676755827906,53.1937665304597,62.2257644211842,65.5188798845023,67.6059674045117,69.3613867764482,66.0950377926024,60.9243530529352,65.1293516026125,56.9466273338172,69.0447398749282,58.6315533315933,66.3399078494443,61.1724277971947,69.1974788910205,68.4083976469033,58.2900976851787,52.3472992819127,67.2341332498657,68.9350054881715,69.3786424446779
69.1033553876232,64.4433149792238,61.18560484921,68.0471022875276,67.6434508952761,68.8747125682039,68.8825589763147,65.086274992164,65.6262984950744,68.4478821266563,59.1676755827906,53.1937665304597,62.2257644211842,65.5188798845023,67.6059674045117,69.3613867764482,66.0950377926024,60.9243530529352,65.235386868674,56.9466273338172,69.0447398749282,58.6315533315933,66.3399078494443,61.1724277971947,69.1974788910205,68.4083976469033,58.2900976851787,52.3472992819127,67.2341332498657,68.9350054881715,69.3976311517119
69.1033553876232,64.4433149792238,61.18560484921,68.0471022875276,67.6434508952761,68.909644501544,68.8825589763147,65.086274992164,65.6456043049776,68.4478821266563,59.1676755827906,53.1937665304597,62.2257644211842,65.5188798845023,67.6059674045117,69.3872545576967,66.0950377926024,60.9243530529352,65.7918702569326,56.9833912514379,69.0447398749282,58.6315533315933,66.3399078494443,61.1724277971947,69.1974788910205,68.4083976469033,58.3141785082801,52.3472992819127,67.2341332498657,68.9350054881715,69.3976311517119
69.1033553876232,64.4433149792238,61.18560484921,68.0471022875276,67.6434508952761,68.909644501544,68.8825589763147,65.086274992164,65.6456043049776,68.4478821266563,59.1676755827906,53.1937665304597,62.2257644211842,65.5523360458422,67.6059674045117,69.3872545576967,66.0950377926024,60.9243530529352,65.7918702569326,56.9833912514379,69.0447398749282,58.6315533315933,66.3399078494443,61.1724277971947,69.1974788910205,68.4083976469033,58.3141785082801,52.3472992819127,67.2341332498657,68.9350054881715,69.3976311517119
69.1033553876232,64.4752007240659,61.18560484921,68.0471022875276,67.6434508952761,68.909644501544,68.8825589763147,65.086274992164,65.6456043049776,68.4478821266563,59.1921908575744,53.1937665304597,62.2257644211842,65.5523360458422,67.6059674045117,69.3872545576967,66.0950377926024,60.9243530529352,65.7918702569326,56.9833912514379,69.0447398749282,59.2608952524779,66.405353010801,61.1724277971947,69.1974788910205,68.4083976469033,58.3141785082801,52.3472992819127,67.2341332498657,68.9437322043966,69.3976311517119
69.1033553876232,64.4752007240659,61.18560484921,68.0471022875276,67.6434508952761,68.909644501544,68.9563525863667,65.086274992164,65.6456043049776,68.4478821266563,59.1974430819745,53.1937665304597,62.2257644211842,65.5523360458422,67.6059674045117,69.3872545576967,66.0950377926024,60.9243530529352,65.7918702569326,56.9833912514379,69.0447398749282,59.2608952524779,66.405353010801,61.1724277971947,69.1974788910205,68.4083976469033,58.3141785082801,52.3472992819127,67.2341332498657,69.0691784775267,69.3976311517119
69.1033553876232,64.4752007240659,61.18560484921,68.0471022875276,67.6434508952761,68.909644501544,68.9563525863667,65.086274992164,65.6456043049776,68.4478821266563,59.1974430819745,53.2235062520371,62.2257644211842,65.5523360458422,67.6059674045117,69.3872545576967,66.1005404285552,60.9243530529352,65.7918702569326,56.9833912514379,69.0447398749282,59.2608952524779,66.405353010801,61.1724277971947,69.1974788910205,68.4162244520624,58.3141785082801,52.3472992819127,67.2341332498657,69.0691784775267,69.3976311517119
69.1033553876232,64.4752007240659,61.18560484921,68.0471022875276,67.6434508952761,68.909644501544,68.9563525863667,65.086274992164,65.6456043049776,68.4478821266563,59.1974430819745,53.2603139607614,62.2257644211842,65.5523360458422,67.6059674045117,69.3872545576967,66.1005404285552,60.9243530529352,65.7918702569326,56.9833912514379,69.0447398749282,59.2608952524779,66.405353010801,61.1724277971947,69.1974788910205,68.4162244520624,58.3141785082801,52.3472992819127,67.2341332498657,69.0691784775267,69.3976311517119
69.1033553876232,64.4752007240659,61.18560484921,68.2354373305423,67.6434508952761,68.909644501544,68.9563525863667,65.086274992164,65.6456043049776,68.4478821266563,59.1974430819745,53.2603139607614,62.2257644211842,65.5523360458422,67.6059674045117,69.3872545576967,66.1005404285552,60.9243530529352,65.7918702569326,56.9833912514379,69.0447398749282,59.2608952524779,66.405353010801,61.1724277971947,69.1974788910205,68.4162244520624,58.3141785082801,52.3574190321273,67.2341332498657,69.0691784775267,69.3976311517119
69.1033553876232,64.4752007240659,61.18560484921,68.2354373305423,67.6434508952761,68.9345020433821,68.9563525863667,65.086274992164,65.6456043049776,68.4478821266563,59.1991760405227,53.2603139607614,62.2269495611487,65.5523360458422,67.6059674045117,69.3872545576967,66.1005404285552,60.9243530529352,65.7918702569326,57.0652645814189,69.0447398749282,59.2608952524779,66.405353010801,61.1724277971947,69.1974788910205,68.4162244520624,58.3141785082801,52.3574190321273,67.2341332498657,69.0691784775267,69.3976311517119
69.1913537009178,64.4752007240659,61.18560484921,68.2354373305423,67.6434508952761,68.9371556480095,68.9563525863667,65.086274992164,65.6456043049776,68.4478821266563,59.1991760405227,53.2603139607614,62.2269495611487,65.5523360458422,67.6059674045117,69.3872545576967,66.1005404285552,60.9243530529352,65.7918702569326,57.0652645814189,69.0447398749282,59.2608952524779,66.405353010801,61.1724277971947,69.1974788910205,68.4162244520624,58.3141785082801,52.3574190321273,67.2341332498657,69.0691784775267,69.3976311517119
69.1913537009178,64.4800793705461,61.18560484921,68.2354373305423,67.6434508952761,68.9371556480095,68.9563525863667,65.086274992164,65.6456043049776,68.4478821266563,59.1991760405227,53.2603139607614,62.2269495611487,65.5523360458422,67.6059674045117,69.3872545576967,66.1005404285552,60.9243530529352,65.7918702569326,57.0652645814189,69.0447398749282,59.2608952524779,66.405353010801,61.1724277971947,69.1974788910205,68.4162244520624,58.3141785082801,52.3574190321273,67.2341332498657,69.0691784775267,69.3976311517119
69.1913537009178,64.4800793705461,61.18560484921,68.2354373305423,67.6434508952761,68.9371556480095,68.9563525863667,65.086274992164,65.6456043049776,68.4478821266563,59.1991760405227,53.2603139607614,62.2269495611487,65.5523360458422,67.6059674045117,69.3872545576967,66.1005404285552,60.9243530529352,65.7918702569326,57.0652645814189,69.0447398749282,59.2608952524779,66.405353010801,61.1724277971947,69.1974788910205,68.4162244520624,58.3141785082801,52.3574190321273,67.2341332498657,69.0691784775267,69.3976311517119
69.1913537009178,64.4800793705461,61.18560484921,68.2354373305423,67.6434508952761,68.9371556480095,68.9563525863667,65.086274992164,65.6456043049776,68.463261830597,59.1991760405227,53.2603139607614,62.2269495611487,65.5523360458422,67.6059674045117,69.3872545576967,66.1005404285552,61.0028937425394,65.9046537564717,57.0652645814189,69.0447398749282,59.2608952524779,66.405353010801,61.1724277971947,69.1974788910205,68.4162244520624,58.3141785082801,52.3574190321273,67.2341332498657,69.0691784775267,69.3976311517119
69.1913537009178,64.4800793705461,61.18560484921,68.2354373305423,67.6434508952761,68.9371556480095,68.9563525863667,65.086274992164,65.6456043049776,68.463261830597,59.1991760405227,53.2603139607614,62.2269495611487,65.5523360458422,67.6059674045117,69.3872545576967,66.1005404285552,61.0028937425394,65.9046537564717,57.0652645814189,69.0447398749282,59.2608952524779,66.405353010801,61.1724277971947,69.1974788910205,68.4162244520624,58.3141785082801,52.3574190321273,67.2341332498657,69.0691784775267,69.3976311517119
69.1913537009178,64.4800793705461,61.18560484921,68.2354373305423,67.6434508952761,68.9371556480095,68.9563525863667,65.086274992164,65.6456043049776,68.463261830597,59.1991760405227,53.2603139607614,62.2269495611487,65.7392630733387,67.6059674045117,69.3872545576967,66.1005404285552,61.0028937425394,65.9046537564717,57.0652645814189,69.0447398749282,59.2608952524779,66.405353010801,61.1724277971947,69.1974788910205,68.4206975027509,58.3141785082801,52.3574190321273,67.2341332498657,69.0691784775267,69.3976311517119
69.1913537009178,64.5590817955996,61.18560484921,68.2354373305423,67.6434508952761,68.9371556480095,68.9563525863667,65.086274992164,65.6456043049776,68.463261830597,59.1991760405227,53.2603139607614,62.2269495611487,65.7392630733387,67.6059674045117,69.3872545576967,66.1005404285552,61.0028937425394,65.9046537564717,57.0652645814189,69.0447398749282,59.2608952524779,66.405353010801,61.1724277971947,69.1974788910205,68.4206975027509,58.3141785082801,52.3574190321273,67.2341332498657,69.0691784775267,69.3976311517119
69.1913537009178,64.5590817955996,61.18560484921,68.2354373305423,67.6434508952761,68.9441310435097,68.9563525863667,65.086274992164,65.6456043049776,68.463261830597,59.1991760405227,53.2603139607614,62.2269495611487,65.7392630733387,67.6456302976296,69.3872545576967,66.1005404285552,61.0028937425394,65.9046537564717,57.0652645814189,69.0447398749282,59.2608952524779,66.405353010801,61.1724277971947,69.1974788910205,68.4206975027509,58.3141785082801,52.3574190321273,67.2341332498657,69.0691784775267,69.3976311517119
69.2170815094355,64.5590817955996,61.18560484921,68.2354373305423,67.6434508952761,68.9441310435097,68.9563525863667,65.086274992164,65.6456043049776,68.463261830597,59.1991760405227,53.4250835509792,62.2269495611487,65.7392630733387,67.6456302976296,69.3872545576967,66.1005404285552,61.0028937425394,65.9046537564717,57.0652645814189,69.0447398749282,59.2608952524779,66.405353010801,61.1724277971947,69.1974788910205,68.4206975027509,58.3141785082801,52.3574190321273,67.2645184224504,69.0691784775267,69.3976311517119
69.2170815094355,64.5590817955996,61.2045079334937,68.2354373305423,67.6434508952761,68.9441310435097,68.9563525863667,65.086274992164,65.6456043049776,68.463261830597,59.2249053877481,53.4250835509792,62.2358497490988,65.7392630733387,67.6456302976296,69.3872545576967,66.1005404285552,61.0028937425394,65.9046537564717,57.0652645814189,69.0447398749282,59.2608952524779,66.405353010801,61.1724277971947,69.1974788910205,68.4206975027509,58.3141785082801,52.3574190321273,67.2645184224504,69.0691784775267,69.3976311517119
69.2170815094355,64.5590817955996,61.2045079334937,68.3459396899064,67.6434508952761,68.9441310435097,68.9563525863667,65.086274992164,65.6456043049776,68.4854759926673,59.2249053877481,53.4250835509792,62.2358497490988,65.7392630733387,67.6456302976296,69.3978259988326,66.1005404285552,61.0028937425394,65.9046537564717,57.0652645814189,69.0447398749282,59.2608952524779,66.405353010801,61.1724277971947,69.1974788910205,68.4206975027509,58.3141785082801,52.3574190321273,67.2645184224504,69.0691784775267,69.3976311517119
69.2170815094355,64.5590817955996,61.2045079334937,68.3459396899064,67.6434508952761,68.9441310435097,68.9563525863667,65.086274992164,65.6456043049776,68.4854759926673,59.2249053877481,53.4250835509792,62.2358497490988,65.7392630733387,67.6456302976296,69.3978259988326,66.1005404285552,61.0028937425394,65.9046537564717,57.0652645814189,69.0447398749282,59.2608952524779,66.405353010801,61.1724277971947,69.1974788910205,68.4206975027509,58.3141785082801,52.3574190321273,67.2645184224504,69.0691784775267,69.3976311517119
69.2170815094355,64.5590817955996,61.2045079334937,68.3459396899064,67.6434508952761,68.9441310435097,69.0069875099424,65.086274992164,65.6456043049776,68.4854759926673,59.2249053877481,53.4250835509792,62.2358497490988,65.7392630733387,67.6456302976296,69.3978259988326,66.1005404285552,61.0450826090957,65.9046537564717,57.0652645814189,69.0447398749282,59.2635864372312,66.405353010801,61.1724277971947,69.1974788910205,68.421427349481,58.3141785082801,52.3574190321273,67.2645184224504,69.0691784775267,69.4017844265494
69.2170815094355,64.5590817955996,61.2045079334937,68.3459396899064,67.6434508952761,68.9441310435097,69.0069875099424,65.086274992164,65.6456043049776,68.4854759926673,59.2249053877481,53.4250835509792,62.2358497490988,65.7392630733387,67.6456302976296,69.3978259988326,66.1005404285552,61.0450826090957,65.9046537564717,57.0652645814189,69.0447398749282,59.2635864372312,66.405353010801,61.1724277971947,69.2254266739761,68.421427349481,58.3141785082801,52.3741173682542,67.2645184224504,69.0691784775267,69.4017844265494
69.2170815094355,64.5590817955996,61.2045079334937,68.3459396899064,67.6624915737493,68.9441310435097,69.0069875099424,65.086274992164,65.6456043049776,68.4854759926673,59.2249053877481,53.4250835509792,62.2358497490988,65.7392630733387,67.6456302976296,69.3978259988326,66.1005404285552,61.0450826090957,65.9046537564717,57.0652645814189,69.0447398749282,59.2635864372312,66.405353010801,61.1724277971947,69.2346045577576,68.421427349481,58.3141785082801,52.3741173682542,67.2645184224504,69.0691784775267,69.4017844265494
69.2170815094355,64.5590817955996,61.2045079334937,68.3459396899064,67.6624915737493,68.9441310435097,69.0069875099424,65.086274992164,65.6456043049776,68.4854759926673,59.2249053877481,53.4250835509792,62.2358497490988,65.7392630733387,67.6456302976296,69.3978259988326,66.1005404285552,61.0450826090957,65.9046537564717,57.0652645814189,69.0447398749282,59.2635864372312,66.405353010801,61.1724277971947,69.2346045577576,68.421427349481,58.3141785082801,52.3741173682542,67.2645184224504,69.0691784775267,69.4017844265494
69.2170815094355,64.5590817955996,61.2045079334937,68.3459396899064,67.6624915737493,68.9441310435097,69.0069875099424,65.086274992164,65.6456043049776,68.4854759926673,59.2472577028087,53.4250835509792,62.2358497490988,65.7392630733387,67.6456302976296,69.4056564963571,66.1005404285552,61.0450826090957,65.9046537564717,57.0652645814189,69.0447398749282,59.2635864372312,66.405353010801,61.1871778492783,69.2346045577576,68.421427349481,58.3141785082801,52.3741173682542,67.2645184224504,69.0691784775267,69.4017844265494
69.2170815094355,64.5590817955996,61.2045079334937,68.3459396899064,67.6624915737493,68.9441310435097,69.0069875099424,65.086274992164,65.6456043049776,68.4854759926673,59.2472577028087,53.4250835509792,62.2358497490988,65.7392630733387,67.6456302976296,69.4056564963571,66.1005404285552,61.0450826090957,65.9046537564717,57.0652645814189,69.0465292410462,59.2635864372312,66.4768392803209,61.1871778492783,69.2346045577576,68.421427349481,58.3141785082801,52.3741173682542,67.2645184224504,69.0691784775267,69.4017844265494
69.2170815094355,64.5634855048292,61.2972533430207,68.3459396899064,67.6624915737493,68.9441310435097,69.0069875099424,65.086274992164,65.6456043049776,68.4854759926673,59.2472577028087,53.4250835509792,62.2358497490988,65.7392630733387,67.6456302976296,69.4056564963571,66.1005404285552,61.0450826090957,65.9046537564717,57.0652645814189,69.0465292410462,59.2635864372312,66.5766769141758,61.1871778492783,69.2346045577576,68.421427349481,58.3309592955612,52.3741173682542,67.2645184224504,69.0691784775267,69.4017844265494
69.2170815094355,64.5634855048292,61.2972533430207,68.3459396899064,67.6624915737493,68.9441310435097,69.0069875099424,65.086274992164,65.6456043049776,68.4854759926673,59.2472577028087,53.4250835509792,62.2418326019724,65.7392630733387,67.6456302976296,69.4056564963571,66.1005404285552,61.0450826090957,65.9046537564717,57.147672346389,69.0465292410462,59.2635864372312,66.5766769141758,61.1871778492783,69.2346045577576,68.421427349481,58.3309592955612,52.3741173682542,67.2645184224504,69.0691784775267,69.4017844265494
69.2170815094355,64.5634855048292,61.2972533430207,68.3459396899064,67.6624915737493,68.9441310435097,69.015523172742,65.086274992164,65.6456043049776,68.4854759926673,59.2472577028087,53.4250835509792,62.2418326019724,65.7392630733387,67.6456302976296,69.4056564963571,66.1005404285552,61.0450826090957,65.9046537564717,57.147672346389,69.0465292410462,59.2635864372312,66.5766769141758,61.1871778492783,69.2407093529558,68.421427349481,58.3309592955612,52.3741173682542,67.2645184224504,69.0691784775267,69.4017844265494
69.2170815094355,64.5634855048292,61.2972533430207,68.3459396899064,67.6624915737493,68.9441310435097,69.015523172742,65.086274992164,65.6456043049776,68.4854759926673,59.2472577028087,53.4250835509792,62.2418326019724,65.7392630733387,67.6456302976296,69.4056564963571,66.1005404285552,61.0450826090957,65.9046537564717,57.147672346389,69.0465292410462,59.3884117252371,66.5766769141758,61.1871778492783,69.2407093529558,68.4242621068096,58.3309592955612,52.385035081387,67.2645184224504,69.0691784775267,69.4017844265494
69.2170815094355,64.5634855048292,61.2972533430207,68.3459396899064,67.6624915737493,68.9617568682456,69.015523172742,65.086274992164,65.6456043049776,68.4854759926673,59.2472577028087,53.4250835509792,62.2418326019724,65.7392630733387,67.6456302976296,69.415365029786,66.1005404285552,61.0450826090957,65.9046537564717,57.147672346389,69.0465292410462,59.3884117252371,66.5766769141758,61.1871778492783,69.2407093529558,68.4242621068096,58.3309592955612,52.385035081387,67.2645184224504,69.0691784775267,69.4017844265494
69.2170815094355,64.5634855048292,61.2972533430207,68.3459396899064,67.6624915737493,68.9617568682456,69.015523172742,65.086274992164,65.6456043049776,68.4854759926673,59.2472577028087,53.4250835509792,62.2418326019724,65.7392630733387,67.6456302976296,69.415365029786,66.1005404285552,61.0450826090957,65.9046537564717,57.147672346389,69.0465292410462,59.3884117252371,66.5766769141758,61.1871778492783,69.2407093529558,68.4242621068096,58.3309592955612,52.385035081387,67.2645184224504,69.0691784775267,69.4017844265494
69.2170815094355,64.5634855048292,61.2972533430207,68.3459396899064,67.6624915737493,68.9617568682456,69.015523172742,65.086274992164,65.6456043049776,68.4854759926673,59.2472577028087,53.4250835509792,62.2418326019724,65.7392630733387,67.6456302976296,69.415365029786,66.1005404285552,61.0450826090957,65.9046537564717,57.147672346389,69.0465292410462,59.3884117252371,66.5766769141758,61.1871778492783,69.2407093529558,68.4242621068096,58.3309592955612,52.385035081387,67.2645184224504,69.076141481405,69.4017844265494
69.2170815094355,64.5634855048292,61.2972533430207,68.3459396899064,67.6624915737493,68.9617568682456,69.015523172742,65.086274992164,65.6456043049776,68.4854759926673,59.2472577028087,53.4250835509792,62.2418326019724,65.7392630733387,67.6456302976296,69.415365029786,66.1005404285552,61.0450826090957,66.2901174996783,57.147672346389,69.0465292410462,59.3884117252371,66.5766769141758,61.2309393312825,69.2407093529558,68.4242621068096,58.3454942601534,52.385035081387,67.2645184224504,69.076141481405,69.4017844265494
69.2170815094355,64.5634855048292,61.2972533430207,68.3459396899064,67.6624915737493,68.9617568682456,69.015523172742,65.086274992164,65.6456043049776,68.4854759926673,59.2472577028087,53.4250835509792,62.2418326019724,65.7392630733387,67.6456302976296,69.415365029786,66.1005404285552,61.0450826090957,66.2901174996783,57.147672346389,69.0465292410462,59.3884117252371,66.5766769141758,61.2309393312825,69.2407093529558,68.4242621068096,58.3502861596735,52.385035081387,67.3165350975408,69.076141481405,69.4017844265494
69.2170815094355,64.5634855048292,61.2972533430207,68.3459396899064,67.6624915737493,68.9617568682456,69.015523172742,65.086274992164,65.6456043049776,68.4854759926673,59.2472577028087,53.4250835509792,62.2439243159691,65.7392630733387,67.6456302976296,69.415365029786,66.1005404285552,61.0450826090957,66.2901174996783,57.147672346389,69.0465292410462,59.3884117252371,66.5766769141758,61.2309393312825,69.2779125303039,68.4242621068096,58.3502861596735,52.385035081387,67.3165350975408,69.076141481405,69.4017844265494
69.2170815094355,64.5634855048292,61.2972533430207,68.3459396899064,67.6624915737493,68.9617568682456,69.0540229087929,65.086274992164,65.6456043049776,68.5206918547278,59.2472577028087,53.4250835509792,62.2439243159691,65.7392630733387,67.6456302976296,69.4298733808651,66.1005404285552,61.0450826090957,66.2901174996783,57.147672346389,69.0465292410462,59.3884117252371,66.6193956663411,61.2309393312825,69.2779125303039,68.4242621068096,58.3502861596735,52.385035081387,67.3165350975408,69.076141481405,69.4017844265494
69.2170815094355,64.5634855048292,61.2972533430207,68.3459396899064,67.6624915737493,68.9617568682456,69.0540229087929,65.0864939984836,65.6456043049776,68.5206918547278,59.2472577028087,53.4250835509792,62.2439243159691,65.7392630733387,67.6456302976296,69.4298733808651,66.1005404285552,61.0450826090957,66.2901174996783,57.147672346389,69.0465292410462,59.3884117252371,66.6193956663411,61.2309393312825,69.2779125303039,68.4242621068096,58.3502861596735,52.4643199026643,67.3165350975408,69.076141481405,69.4017844265494
69.2170815094355,64.5634855048292,61.2972533430207,68.3459396899064,67.6624915737493,69.0514994870925,69.0540229087929,65.0864939984836,65.6456043049776,68.5206918547278,59.2555054049582,53.4250835509792,62.2439243159691,65.7392630733387,67.6456302976296,69.4298733808651,66.1005404285552,61.0450826090957,66.2901174996783,57.147672346389,69.0465292410462,59.6111985477376,66.6193956663411,61.2309393312825,69.2779125303039,68.4242621068096,58.3502861596735,52.4643199026643,67.3165350975408,69.076141481405,69.4017844265494
69.2170815094355,64.5634855048292,61.2972533430207,68.3459396899064,67.6624915737493,69.0514994870925,69.0540229087929,65.0864939984836,65.6456043049776,68.5206918547278,59.2555054049582,53.4250835509792,62.2439243159691,65.7392630733387,67.6456302976296,69.4298733808651,66.3161008526816,61.0450826090957,66.2901174996783,57.147672346389,69.0465292410462,59.6111985477376,66.6193956663411,61.2309393312825,69.2779125303039,68.4242621068096,58.3502861596735,52.4643199026643,67.3165350975408,69.076141481405,69.4017844265494
69.2170815094355,64.5634855048292,61.2972533430207,68.3459396899064,67.6624915737493,69.0514994870925,69.0540229087929,65.0864939984836,65.6456043049776,68.5206918547278,59.2555054049582,53.4250835509792,62.2439243159691,65.7392630733387,67.6456302976296,69.4298733808651,66.3161008526816,61.0450826090957,66.2901174996783,57.147672346389,69.0465292410462,59.6111985477376,66.6193956663411,61.2309393312825,69.2779125303039,68.4242621068096,58.3502861596735,52.4643199026643,67.3165350975408,69.076141481405,69.4017844265494
69.2170815094355,64.5634855048292,61.2972533430207,68.3459396899064,67.6624915737493,69.0514994870925,69.0540229087929,65.0939114779673,65.6456043049776,68.5206918547278,59.2555054049582,53.5271189686215,62.2439243159691,65.7392630733387,67.6456302976296,69.4298733808651,66.3161008526816,61.0450826090957,66.2901174996783,57.147672346389,69.0465292410462,59.6111985477376,66.6193956663411,61.2309393312825,69.2779125303039,68.4242621068096,58.4137378746174,52.4643199026643,67.3165350975408,69.076141481405,69.4017844265494
69.2170815094355,64.5634855048292,61.2972533430207,68.3459396899064,67.6624915737493,69.0514994870925,69.0540229087929,65.0939114779673,65.6734921342117,68.5206918547278,59.2600026872908,53.5271189686215,62.2439243159691,65.7392630733387,67.6456302976296,69.4424141930868,66.3161008526816,61.0450826090957,66.2901174996783,57.147672346389,69.0465292410462,59.6111985477376,66.6193956663411,61.2813874132403,69.2779125303039,68.4242621068096,58.4137378746174,52.4643199026643,67.3165350975408,69.076141481405,69.4017844265494
69.2170815094355,64.5634855048292,61.2972533430207,68.3459396899064,67.6624915737493,69.0514994870925,69.0540229087929,65.0939114779673,65.6734921342117,68.5206918547278,59.2600026872908,53.5271189686215,62.2439243159691,65.7392630733387,67.6456302976296,69.4424141930868,66.3161008526816,61.0450826090957,66.4890661538145,57.147672346389,69.0465292410462,59.6111985477376,66.6193956663411,61.2813874132403,69.2779125303039,68.4242621068096,58.4137378746174,52.4643199026643,67.3165350975408,69.076141481405,69.4017844265494
69.2170815094355,64.5839285209486,61.2972533430207,68.3459396899064,67.6624915737493,69.0514994870925,69.0540229087929,65.0939114779673,65.6734921342117,68.5459546003562,59.2600026872908,53.5271189686215,62.2439243159691,65.7392630733387,67.6456302976296,69.4424141930868,66.3161008526816,61.0450826090957,66.4890661538145,57.147672346389,69.0465292410462,59.6111985477376,66.6193956663411,61.2813874132403,69.2779125303039,68.4242621068096,58.4137378746174,52.5845286159609,67.3165350975408,69.076141481405,69.4017844265494
69.2170815094355,64.5839285209486,61.2972533430207,68.3459396899064,67.6624915737493,69.0514994870925,69.0540229087929,65.0939114779673,65.6734921342117,68.5459546003562,59.2600026872908,53.5271189686215,62.2439243159691,65.7392630733387,67.6456302976296,69.4424141930868,66.3161008526816,61.0450826090957,66.4890661538145,57.147672346389,69.0465292410462,59.6111985477376,66.6193956663411,61.2813874132403,69.2779125303039,68.4242621068096,58.4137378746174,52.5845286159609,67.3165350975408,69.076141481405,69.4017844265494
69.2170815094355,64.5839285209486,61.2972533430207,68.3459396899064,67.6624915737493,69.0514994870925,69.0540229087929,65.0939114779673,65.6734921342117,68.5459546003562,59.2600026872908,53.5271189686215,62.2439243159691,65.7392630733387,67.6456302976296,69.4424141930868,66.3161008526816,61.0450826090957,66.4890661538145,57.147672346389,69.0465292410462,59.6111985477376,66.6193956663411,61.2813874132403,69.2779125303039,68.4242621068096,58.4137378746174,52.5845286159609,67.3165350975408,69.076141481405,69.4017844265494
69.2170815094355,64.5839285209486,61.2972533430207,68.3459396899064,67.6624915737493,69.0514994870925,69.0540229087929,65.0939114779673,65.6734921342117,68.5459546003562,59.2600026872908,53.5271189686215,62.2439243159691,65.7392630733387,67.6456302976296,69.4424141930868,66.3161008526816,61.0450826090957,66.4890661538145,57.147672346389,69.0675419181766,59.6111985477376,66.6193956663411,61.2813874132403,69.2779125303039,68.4242621068096,58.4137378746174,52.5845286159609,67.3165350975408,69.076141481405,69.4017844265494
69.2170815094355,64.5839285209486,61.2972533430207,68.3459396899064,67.6624915737493,69.0514994870925,69.0540229087929,65.0939114779673,65.6734921342117,68.5459546003562,59.2638808065386,53.5271189686215,62.2500385806423,65.7392630733387,67.6456302976296,69.4485910758635,66.3161008526816,61.0450826090957,66.4890661538145,57.147672346389,69.0675419181766,59.6111985477376,66.6193956663411,61.2813874132403,69.2779125303039,68.4242621068096,58.4328063995521,52.5845286159609,67.3165350975408,69.076141481405,69.4017844265494
69.2170815094355,64.5839285209486,61.2972533430207,68.3459396899064,67.6624915737493,69.0514994870925,69.0540229087929,65.0939114779673,65.6734921342117,68.5459546003562,59.2638808065386,53.5271189686215,62.2500385806423,65.7392630733387,67.6456302976296,69.4485910758635,66.3161008526816,61.0450826090957,66.4890661538145,57.147672346389,69.0675419181766,59.6111985477376,66.6193956663411,61.3394128566317,69.2779125303039,68.4242621068096,58.4328063995521,52.5845286159609,67.3165350975408,69.076141481405,69.4017844265494
69.2170815094355,64.5839285209486,61.2972533430207,68.3459396899064,67.6624915737493,69.0514994870925,69.0540229087929,65.0939114779673,65.6734921342117,68.5459546003562,59.2638808065386,53.5271189686215,62.2500385806423,65.7392630733387,67.6456302976296,69.4485910758635,66.3161008526816,61.0450826090957,66.4890661538145,57.147672346389,69.0675419181766,59.6111985477376,66.6193956663411,61.3394128566317,69.2779125303039,68.4242621068096,58.4328063995521,52.5845286159609,67.3165350975408,69.076141481405,69.4017844265494
69.2180297893056,64.5839285209486,61.2972533430207,68.3459396899064,67.6790004839906,69.0514994870925,69.0540229087929,65.0939114779673,65.6734921342117,68.5459546003562,59.2638808065386,53.5271189686215,62.2500385806423,65.7392630733387,67.6456302976296,69.4485910758635,66.3161008526816,61.0450826090957,66.4890661538145,57.147672346389,69.0675419181766,59.6111985477376,66.6193956663411,61.3394128566317,69.2779125303039,68.4242621068096,58.4328063995521,52.5845286159609,67.3165350975408,69.076141481405,69.4017844265494
69.2180297893056,64.5839285209486,61.2972533430207,68.3459396899064,67.6790004839906,69.0514994870925,69.0540229087929,65.0939114779673,65.6734921342117,68.5459546003562,59.2638808065386,53.5271189686215,62.2500385806423,65.7392630733387,67.6456302976296,69.4485910758635,66.3161008526816,61.0450826090957,66.4890661538145,57.147672346389,69.0675419181766,59.6111985477376,66.6193956663411,61.3394128566317,69.2779125303039,68.4242621068096,58.4328063995521,52.5845286159609,67.3165350975408,69.076141481405,69.4017844265494
69.2180297893056,64.5839285209486,61.2972533430207,68.3459396899064,67.6790004839906,69.0514994870925,69.0540229087929,65.0939114779673,65.6734921342117,68.5459546003562,59.2638808065386,53.5271189686215,62.2500385806423,65.7392630733387,67.6456302976296,69.4485910758635,66.3161008526816,61.0450826090957,66.7188008429995,57.147672346389,69.0675419181766,59.6111985477376,66.6193956663411,61.3394128566317,69.2779125303039,68.4242621068096,58.4328063995521,52.5845286159609,67.3165350975408,69.076141481405,69.4017844265494
69.2180297893056,64.5839285209486,61.2972533430207,68.3459396899064,67.6790004839906,69.0514994870925,69.0540229087929,65.0974800291919,65.6734921342117,68.58861997053,59.2638808065386,53.5271189686215,62.2500385806423,65.7392630733387,67.6456302976296,69.4485910758635,66.3161008526816,61.0450826090957,66.7188008429995,57.164992073627,69.0675419181766,59.6111985477376,66.6193956663411,61.3394128566317,69.2861461024086,68.4242621068096,58.4328063995521,52.5845286159609,67.3165350975408,69.076141481405,69.4017844265494
69.2180297893056,64.5839285209486,61.4401662499784,68.3784715570032,67.6790004839906,69.0514994870925,69.0540229087929,65.0974800291919,65.6734921342117,68.58861997053,59.2638808065386,53.5271189686215,62.2500385806423,65.7392630733387,67.6572496081976,69.4485910758635,66.3161008526816,61.0450826090957,66.7188008429995,57.164992073627,69.0755819369835,59.6111985477376,66.6193956663411,61.3394128566317,69.2861461024086,68.4251803348009,58.4328063995521,52.5845286159609,67.3165350975408,69.076141481405,69.4017844265494
69.2180297893056,64.5839285209486,61.4401662499784,68.3784715570032,67.6790004839906,69.0514994870925,69.0540229087929,65.0974800291919,65.6734921342117,68.58861997053,59.2794807301804,53.5271189686215,62.2543996689011,65.7392630733387,67.6572496081976,69.4485910758635,66.3161008526816,61.0450826090957,66.7188008429995,57.164992073627,69.0755819369835,59.6111985477376,66.6193956663411,61.3394128566317,69.2861461024086,68.4251803348009,58.4400188828147,52.5845286159609,67.3165350975408,69.076141481405,69.4017844265494
69.2180297893056,64.5839285209486,61.4401662499784,68.3784715570032,67.6790004839906,69.0514994870925,69.0540229087929,65.0974800291919,65.6734921342117,68.58861997053,59.2794807301804,53.5271189686215,62.2543996689011,65.7392630733387,67.6572496081976,69.4485910758635,66.3161008526816,61.0450826090957,66.7188008429995,57.164992073627,69.0755819369835,59.7371125757034,66.6193956663411,61.6134389886822,69.2861461024086,68.4251803348009,58.4400188828147,52.5845286159609,67.3165350975408,69.076141481405,69.4017844265494
69.2180297893056,64.5839285209486,61.4401662499784,68.3784715570032,67.6790004839906,69.0514994870925,69.0540229087929,65.0974800291919,65.6734921342117,68.58861997053,59.2794807301804,53.5271189686215,62.2543996689011,65.7392630733387,67.6572496081976,69.4485910758635,66.3161008526816,61.0450826090957,66.7188008429995,57.164992073627,69.0755819369835,59.7371125757034,66.6193956663411,61.6134389886822,69.2861461024086,68.4251803348009,58.4400188828147,52.5845286159609,67.3165350975408,69.0860388143302,69.4017844265494
69.2180297893056,64.5839285209486,61.4401662499784,68.3784715570032,67.6790004839906,69.0514994870925,69.0540229087929,65.0974800291919,65.6734921342117,68.58861997053,59.2794807301804,53.5271189686215,62.2543996689011,65.7392630733387,67.6572496081976,69.4485910758635,66.3161008526816,61.0450826090957,66.7188008429995,57.164992073627,69.0755819369835,59.7371125757034,66.6193956663411,61.6134389886822,69.2861461024086,68.4251803348009,58.4400188828147,52.5845286159609,67.3254508626482,69.0860388143302,69.4085493225382
69.2180297893056,64.5839285209486,61.4401662499784,68.3784715570032,67.7544383839126,69.0514994870925,69.0540229087929,65.0974800291919,65.6734921342117,68.58861997053,59.2794807301804,53.5271189686215,62.2543996689011,65.7739710804032,67.6572496081976,69.4485910758635,66.3161008526816,61.0450826090957,66.7188008429995,57.164992073627,69.0755819369835,59.7371125757034,66.6193956663411,61.6134389886822,69.2861461024086,68.4251803348009,58.4400188828147,52.5845286159609,67.3254508626482,69.0860388143302,69.4193959545691
69.2180297893056,64.5839285209486,61.4401662499784,68.3784715570032,67.7544383839126,69.0613336710548,69.0540229087929,65.0974800291919,65.6734921342117,68.58861997053,59.2794807301804,53.5271189686215,62.2543996689011,65.7739710804032,67.6572496081976,69.4485910758635,66.3161008526816,61.0450826090957,66.7188008429995,57.164992073627,69.0755819369835,59.7371125757034,66.6193956663411,61.6134389886822,69.2861461024086,68.4251803348009,58.4400188828147,52.5845286159609,67.3254508626482,69.0860388143302,69.4193959545691
69.2180297893056,64.5839285209486,61.4401662499784,68.3784715570032,67.7544383839126,69.0613336710548,69.0540229087929,65.0974800291919,65.6734921342117,68.58861997053,59.2794807301804,53.5271189686215,62.2543996689011,65.7739710804032,67.6572496081976,69.4485910758635,66.3161008526816,61.0450826090957,66.7716203877391,57.164992073627,69.0755819369835,59.7371125757034,66.6193956663411,61.6134389886822,69.2861461024086,68.4251803348009,58.4400188828147,52.5845286159609,67.3254508626482,69.0860388143302,69.4193959545691
69.2180297893056,64.5839285209486,61.4401662499784,68.3784715570032,67.7544383839126,69.0613336710548,69.0540229087929,65.0974800291919,65.6734921342117,68.58861997053,59.2794807301804,53.5271189686215,62.26012613215,65.7739710804032,67.6572496081976,69.4485910758635,66.3161008526816,61.0450826090957,66.7716203877391,57.164992073627,69.0755819369835,59.7371125757034,66.6193956663411,61.6134389886822,69.2861461024086,68.4254059918278,58.4400188828147,52.5845286159609,67.3254508626482,69.0860388143302,69.4193959545691
69.2180297893056,64.5839285209486,61.4401662499784,68.3784715570032,67.7544383839126,69.0613336710548,69.0540229087929,65.0974800291919,65.6734921342117,68.58861997053,59.2794807301804,53.5271189686215,62.26012613215,65.7739710804032,67.6572496081976,69.4485910758635,66.3161008526816,61.0450826090957,66.7716203877391,57.164992073627,69.0755819369835,59.7371125757034,66.6193956663411,61.6134389886822,69.2912970897052,68.4254059918278,58.4400188828147,52.5845286159609,67.3254508626482,69.0860388143302,69.4193959545691
69.2180297893056,64.5839285209486,61.4401662499784,68.3784715570032,67.7544383839126,69.0613336710548,69.0540229087929,65.0974800291919,65.6734921342117,68.58861997053,59.2946880174843,53.5271189686215,62.26012613215,65.7739710804032,67.6572496081976,69.4485910758635,66.3161008526816,61.048070608843,66.7716203877391,57.164992073627,69.0755819369835,59.7371125757034,66.6193956663411,61.6134389886822,69.2912970897052,68.4254059918278,58.4400188828147,52.5845286159609,67.3254508626482,69.0860388143302,69.4193959545691
69.2180297893056,64.5839285209486,61.4401662499784,68.3784715570032,67.7544383839126,69.0613336710548,69.0540229087929,65.0974800291919,65.6734921342117,68.58861997053,59.2946880174843,53.5271189686215,62.26012613215,65.7739710804032,67.6572496081976,69.4485910758635,66.3161008526816,61.048070608843,66.7716203877391,57.164992073627,69.0755819369835,59.7371125757034,66.6193956663411,61.6134389886822,69.2912970897052,68.4254059918278,58.45709731185,52.5845286159609,67.3254508626482,69.0860388143302,69.4193959545691
69.2180297893056,64.5839285209486,61.4401662499784,68.3784715570032,67.7544383839126,69.0613336710548,69.0540229087929,65.0974800291919,65.8189253959362,68.58861997053,59.2946880174843,53.5271189686215,62.26012613215,65.7739710804032,67.6572496081976,69.4485910758635,66.3161008526816,61.048070608843,66.7716203877391,57.164992073627,69.0755819369835,59.9055491420223,66.6193956663411,61.6134389886822,69.2912970897052,68.4254059918278,58.45709731185,52.5845286159609,67.3254508626482,69.0883864905517,69.4193959545691
69.2506350953457,64.5839285209486,61.4401662499784,68.4642225257302,67.7544383839126,69.0613336710548,69.0540229087929,65.101317636578,65.8189253959362,68.58861997053,59.2946880174843,53.5271189686215,62.26012613215,65.7739710804032,67.6572496081976,69.4485910758635,66.3161008526816,61.048070608843,66.7716203877391,57.164992073627,69.0755819369835,59.9055491420223,66.6193956663411,61.6134389886822,69.2912970897052,68.4254059918278,58.45709731185,52.6383823835932,67.3254508626482,69.0883864905517,69.4193959545691
69.3167164020346,64.5839285209486,61.4401662499784,68.4642225257302,67.7544383839126,69.0946820916018,69.0540229087929,65.101317636578,65.8189253959362,68.58861997053,59.2946880174843,53.5271189686215,62.26012613215,65.7739710804032,67.6572496081976,69.4485910758635,66.3161008526816,61.048070608843,66.7716203877391,57.164992073627,69.0755819369835,59.9055491420223,66.6193956663411,61.6134389886822,69.2912970897052,68.4254059918278,58.45709731185,52.6383823835932,67.3254508626482,69.0883864905517,69.4193959545691
69.3167164020346,64.5839285209486,61.4401662499784,68.4642225257302,67.7544383839126,69.0946820916018,69.0540229087929,65.101317636578,65.8189253959362,68.58861997053,59.2946880174843,53.5271189686215,62.26012613215,65.7739710804032,67.6572496081976,69.4485910758635,66.3161008526816,61.048070608843,66.7716203877391,57.164992073627,69.0755819369835,59.9055491420223,66.6193956663411,61.6134389886822,69.2912970897052,68.4254059918278,58.45709731185,52.6383823835932,67.3254508626482,69.0883864905517,69.4193959545691
69.3167164020346,64.5839285209486,61.4401662499784,68.4642225257302,67.7544383839126,69.0946820916018,69.0540229087929,65.101317636578,65.8189253959362,68.58861997053,59.2946880174843,53.5271189686215,62.2618402749551,65.7739710804032,67.6572496081976,69.4485910758635,66.3161008526816,61.048070608843,66.7716203877391,57.164992073627,69.0755819369835,59.9055491420223,66.6193956663411,61.6134389886822,69.2912970897052,68.4255638583536,58.45709731185,52.6383823835932,67.3254508626482,69.0883864905517,69.4193959545691
69.3167164020346,64.5839285209486,61.4401662499784,68.4642225257302,67.7544383839126,69.0946820916018,69.0540229087929,65.1014157106905,65.8189253959362,68.58861997053,59.2946880174843,53.5271189686215,62.2618402749551,65.7739710804032,67.6572496081976,69.4485910758635,66.3161008526816,61.048070608843,66.7716203877391,57.164992073627,69.0755819369835,59.9055491420223,66.6193956663411,61.6134389886822,69.2912970897052,68.4255638583536,58.45709731185,52.6383823835932,67.3254508626482,69.0883864905517,69.4193959545691
69.3167164020346,64.5839285209486,61.4401662499784,68.4642225257302,67.7544383839126,69.0946820916018,69.0540229087929,65.1046625344457,65.8189253959362,68.58861997053,59.2946880174843,53.5271189686215,62.2618402749551,65.7739710804032,67.6572496081976,69.4485910758635,66.3161008526816,61.048070608843,66.7716203877391,57.164992073627,69.0755819369835,59.9055491420223,66.7001521602977,61.6134389886822,69.2912970897052,68.4255638583536,58.45709731185,52.6383823835932,67.3254508626482,69.0883864905517,69.4193959545691
69.3167164020346,64.5839285209486,61.4401662499784,68.4642225257302,67.7544383839126,69.0946820916018,69.0540229087929,65.1046625344457,65.8189253959362,68.58861997053,59.2965733394057,53.5271189686215,62.2618402749551,65.7739710804032,67.6572496081976,69.4485910758635,66.3161008526816,61.0699378235202,66.7716203877391,57.164992073627,69.0755819369835,59.9055491420223,66.7001521602977,61.6134389886822,69.3111724959416,68.4255638583536,58.45709731185,52.6383823835932,67.3635802745317,69.0883864905517,69.4193959545691
69.3167164020346,64.5839285209486,61.5972292752727,68.4642225257302,67.7544383839126,69.0946820916018,69.0540229087929,65.1046625344457,65.8189253959362,68.58861997053,59.2965733394057,53.5271189686215,62.2618402749551,65.7739710804032,67.6572496081976,69.4485910758635,66.3161008526816,61.0699378235202,66.7716203877391,57.164992073627,69.0755819369835,59.9055491420223,66.7001521602977,61.6134389886822,69.3111724959416,68.4255638583536,58.45709731185,52.6383823835932,67.3635802745317,69.0883864905517,69.4193959545691
69.3167164020346,64.5839285209486,61.5972292752727,68.4642225257302,67.7544383839126,69.1175757002639,69.0540229087929,65.1046625344457,65.8189253959362,68.58861997053,59.2965733394057,53.6037187335359,62.2618402749551,65.7739710804032,67.6572496081976,69.4485910758635,66.3161008526816,61.0699378235202,66.7716203877391,57.2025933668216,69.0755819369835,59.9055491420223,66.7001521602977,61.6134389886822,69.3111724959416,68.4255638583536,58.45709731185,52.6383823835932,67.3635802745317,69.0883864905517,69.4193959545691
69.3167164020346,64.5839285209486,61.5972292752727,68.4642225257302,67.7544383839126,69.1175757002639,69.0540229087929,65.109550525981,65.8189253959362,68.58861997053,59.2965733394057,53.6037187335359,62.2618402749551,65.7968945874419,67.6572496081976,69.4485910758635,66.3161008526816,61.0699378235202,66.7716203877391,57.2025933668216,69.0825099853059,59.9055491420223,66.7001521602977,61.6134389886822,69.3111724959416,68.4255638583536,58.45709731185,52.6383823835932,67.3635802745317,69.0883864905517,69.4193959545691
69.3167164020346,64.5839285209486,61.5972292752727,68.4642225257302,67.7544383839126,69.1175757002639,69.0540229087929,65.109550525981,65.8189253959362,68.58861997053,59.2965733394057,53.6037187335359,62.2618402749551,65.7968945874419,67.6572496081976,69.4485910758635,66.3161008526816,61.0699378235202,66.7716203877391,57.2025933668216,69.084966639494,59.9055491420223,66.7001521602977,61.6134389886822,69.3111724959416,68.4255638583536,58.45709731185,52.6383823835932,67.3635802745317,69.0883864905517,69.4193959545691
69.3167164020346,64.5839285209486,61.5972292752727,68.4642225257302,67.7544383839126,69.1175757002639,69.0540229087929,65.109550525981,65.8189253959362,68.58861997053,59.2965733394057,53.6037187335359,62.2618402749551,65.7968945874419,67.6608711431583,69.4485910758635,66.3161008526816,61.0699378235202,66.7716203877391,57.2025933668216,69.084966639494,59.9055491420223,66.7001521602977,61.6249623741326,69.3111724959416,68.4255638583536,58.45709731185,52.6383823835932,67.3635802745317,69.0883864905517,69.4193959545691
69.3167164020346,64.5839285209486,61.5972292752727,68.5269415518989,67.7544383839126,69.1175757002639,69.0540229087929,65.109550525981,65.8189253959362,68.58861997053,59.2965733394057,53.6037187335359,62.2618402749551,65.7968945874419,67.6608711431583,69.4485910758635,66.3161008526816,61.0699378235202,66.7716203877391,57.2025933668216,69.084966639494,59.9055491420223,66.7001521602977,61.6249623741326,69.3111724959416,68.4255638583536,58.45709731185,52.6383823835932,67.3635802745317,69.0883864905517,69.4193959545691
69.3167164020346,64.5839285209486,61.5972292752727,68.5269415518989,67.7544383839126,69.1175757002639,69.0540229087929,65.1171880965384,65.8189253959362,68.58861997053,59.2965733394057,53.6037187335359,62.2618402749551,65.7968945874419,67.6608711431583,69.4485910758635,66.3161008526816,61.0699378235202,66.9768653186783,57.2025933668216,69.084966639494,59.9055491420223,66.7202359899817,61.6249623741326,69.3111724959416,68.4255638583536,58.45709731185,52.6383823835932,67.3635802745317,69.0883864905517,69.4193959545691
69.3167164020346,64.5839285209486,61.5972292752727,68.5269415518989,67.7544383839126,69.1175757002639,69.0540229087929,65.1171880965384,65.8189253959362,68.58861997053,59.2965733394057,53.6037187335359,62.2618402749551,65.7968945874419,67.6608711431583,69.4485910758635,66.3161008526816,61.0699378235202,66.9768653186783,57.2025933668216,69.084966639494,59.9055491420223,66.7202359899817,61.6249623741326,69.3111724959416,68.4255638583536,58.45709731185,52.6383823835932,67.3635802745317,69.0883864905517,69.4193959545691
